Date,F,M,S,V
1987-07-24,,,,
1987-07-31,,,,
1987-08-07,,,,
1987-08-14,,,,
1987-08-21,,,,
1987-08-28,,,,
1987-09-04,,,,
1987-09-11,,,,
1987-09-18,,,,
1987-09-25,,,,
1987-10-02,,,,
1987-10-09,,,,
1987-10-16,,,,
1987-10-23,,,,
1987-10-30,,,,
1987-11-06,,,,
1987-11-13,,,,
1987-11-20,,,,
1987-11-27,,,,
1987-12-04,,,,
1987-12-11,,,,
1987-12-18,,,,
1987-12-24,,,,
1987-12-31,,,,
1988-01-08,,,,
1988-01-15,,,,
1988-01-22,,,,
1988-01-29,,,,
1988-02-05,,,,
1988-02-12,,,,
1988-02-19,,,,
1988-02-26,,,,
1988-03-04,,,,
1988-03-11,,,,
1988-03-18,,,,
1988-03-25,,,,
1988-04-01,,,,
1988-04-08,,,,
1988-04-15,,,,
1988-04-22,,,,
1988-04-29,,,,
1988-05-06,,,,
1988-05-13,,,,
1988-05-20,,,,
1988-05-27,,,,
1988-06-03,,,,
1988-06-10,,,,
1988-06-17,,,,
1988-06-24,,,,
1988-07-01,,,,
1988-07-08,,,,
1988-07-15,,,,
1988-07-22,,,,
1988-07-29,,,,
1988-08-05,,,,
1988-08-12,,,,
1988-08-19,,,,
1988-08-26,,,,
1988-09-02,,,,
1988-09-09,,,,
1988-09-16,,,,
1988-09-23,,,,
1988-09-30,,,,
1988-10-07,,,,
1988-10-14,,,,
1988-10-21,,,,
1988-10-28,,,,
1988-11-04,,,,
1988-11-11,,,,
1988-11-18,,,,
1988-11-25,,,,
1988-12-02,,,,
1988-12-09,,,,
1988-12-16,,,,
1988-12-23,,,,
1988-12-30,,,,
1989-01-06,,,,
1989-01-13,,,,
1989-01-20,,,,
1989-01-27,,,,
1989-02-03,,,,
1989-02-10,,,,
1989-02-17,,,,
1989-02-24,,,,
1989-03-03,,,,
1989-03-10,,,,
1989-03-17,,,,
1989-03-23,,,,
1989-03-31,,,,
1989-04-07,,,,
1989-04-14,,,,
1989-04-21,,,,
1989-04-28,,,,
1989-05-05,,,,
1989-05-12,,,,
1989-05-19,,,,
1989-05-26,,,,
1989-06-02,,,,
1989-06-09,,,,
1989-06-16,,,,
1989-06-23,,,,
1989-06-30,,,,
1989-07-07,,,,
1989-07-14,,,,
1989-07-21,,,,
1989-07-28,,,,
1989-08-04,,,,
1989-08-11,,,,
1989-08-18,,,,
1989-08-25,,,,
1989-09-01,,,,
1989-09-08,,,,
1989-09-15,,,,
1989-09-22,,,,
1989-09-29,,,,
1989-10-06,,,,
1989-10-13,,,,
1989-10-20,,,,
1989-10-27,,,,
1989-11-03,,,,
1989-11-10,,,,
1989-11-17,,,,
1989-11-22,,,,
1989-12-01,,,,
1989-12-08,,,-0.2577704781669498,
1989-12-15,,,-1.0965872741923148,
1989-12-22,,,-0.3033695781647669,
1989-12-29,,,-0.06372858722218096,
1990-01-05,,,-0.7802891419532483,
1990-01-12,,,-2.103829216551635,
1990-01-19,,,-0.7565073068644939,
1990-01-26,,,1.1750714409367649,
1990-02-02,,,2.4040842749568476,
1990-02-09,,,2.1360088491770117,
1990-02-16,,,0.6693650445216194,
1990-02-23,,,0.8516502136600049,
1990-03-02,,,1.2806477048727694,
1990-03-09,,,0.77813549541138,
1990-03-16,,,0.8219854798688168,
1990-03-23,,,-1.0793734827362176,
1990-03-30,,,-0.3870953361907568,
1990-04-06,,,-1.0600178852545399,
1990-04-12,,,-0.8363106953125551,
1990-04-20,,,-0.8901149872695926,
1990-04-27,,,0.5082988967601432,
1990-05-04,,,1.5626524482704203,
1990-05-11,,,0.23779558725693797,
1990-05-18,,,-0.8020334304858254,
1990-05-25,,,-0.858134069831005,
1990-06-01,,,-0.28807077718879237,
1990-06-08,,,-0.49797278018448615,
1990-06-15,,,-1.398704009346899,
1990-06-22,,,-0.10383032842858893,
1990-06-29,,,0.39788358310587246,
1990-07-06,,,0.6052241362882658,
1990-07-13,,,-0.8577584534094647,
1990-07-20,,,-0.8442785010114419,
1990-07-27,,,-2.072687950237519,
1990-08-03,,,1.3407677856224096,
1990-08-10,,,1.8702579733003029,
1990-08-17,,,2.45900405322953,
1990-08-24,,,1.4281165761863683,
1990-08-31,,,2.0400469598089286,
1990-09-07,,,0.6867195314742837,
1990-09-14,,,1.741758967654895,
1990-09-21,,,2.0550297761476526,
1990-09-28,,,1.1654277287143289,
1990-10-05,,,1.919948413949908,
1990-10-12,,,1.1774592785030928,
1990-10-19,,,2.1912288775924895,
1990-10-26,,,1.1948633906846244,
1990-11-02,,,0.6355972559307839,
1990-11-09,,,0.8077147256619448,
1990-11-16,,,1.4671254484785634,
1990-11-21,,,0.8616515653492142,
1990-11-30,,,0.46612463585249375,
1990-12-07,,,0.0775638233214861,
1990-12-14,,,-0.3089112506582158,
1990-12-21,,,0.9764479063258391,
1990-12-28,,,-0.18963775266098823,
1991-01-04,,,-0.7211582283977641,
1991-01-11,,,0.5945525207529541,
1991-01-18,,,0.7214231395075829,
1991-01-25,,,0.510053824423088,
1991-02-01,,,-0.0863095475838455,
1991-02-08,,,-0.7284174831706781,
1991-02-15,,,-1.7752853447121055,
1991-02-22,,,-2.249795108713546,
1991-03-01,,,-1.450813317915377,
1991-03-08,,,-1.5501850405104756,
1991-03-15,,,-1.9806246702727712,
1991-03-22,,,-1.1826631432197003,
1991-03-29,,,-1.4638114990583562,
1991-04-05,,,-2.0847296465823204,
1991-04-12,,,-1.1871105825526933,
1991-04-19,,,-1.1231617959547762,
1991-04-26,,,-1.9517544480146407,
1991-05-03,,,-0.7973444829713046,
1991-05-10,,,-0.745955723175553,
1991-05-17,,,-0.9870620161159251,
1991-05-24,,,-0.9304586418431597,
1991-05-31,,,-1.082838028599356,
1991-06-07,,,-1.4706770095964379,
1991-06-14,,,-1.2724402532832744,
1991-06-21,,,-1.3645301005208816,
1991-06-28,,,0.09661734311401886,
1991-07-03,,,0.011445562472442508,
1991-07-12,,,-1.0747882615321689,
1991-07-19,,,-0.39213706496903433,
1991-07-26,,,-0.6839242096158785,
1991-08-02,,,-0.2520330013226515,
1991-08-09,,,-0.0354283978822618,
1991-08-16,,,-0.46888955515565267,
1991-08-23,,,-0.15950230630948617,
1991-08-30,,,-1.1168687355921443,
1991-09-06,,,-0.27202386174870824,
1991-09-13,,,-1.230011096801771,
1991-09-20,,,-0.6442329913467434,
1991-09-27,,,-0.1067592934691058,
1991-10-04,,,-0.10631812060726432,
1991-10-11,,,-0.7792647372643261,
1991-10-18,,,0.31344450367847454,
1991-10-25,,,-0.009018074470068383,
1991-11-01,,,-0.8330712768674983,
1991-11-08,,,-0.08832150901857887,
1991-11-15,,,-0.505862838756565,
1991-11-22,,,-1.3700194680330846,
1991-11-27,,,0.26670661533905915,
1991-12-06,,,0.9563924022590714,
1991-12-13,,,-0.17381273350991674,
1991-12-20,,,-0.17275276396630035,
1991-12-27,,,-0.40887263568147786,
1992-01-03,,,-0.926145862690062,
1992-01-10,,,-1.1462951875338354,
1992-01-17,,,-1.1256087813083864,
1992-01-24,,,-0.8262872430261471,
1992-01-31,,,-0.9561122746664631,
1992-02-07,,,-0.517258180322524,
1992-02-14,,,-0.939437727346464,
1992-02-21,,,-0.8783785391933917,
1992-02-28,,,-1.007571518996629,
1992-03-06,,,-0.8499648327193685,
1992-03-13,,,-0.45629602509265255,
1992-03-20,,,-1.1208990639387213,
1992-03-27,,,-0.9117751149618875,
1992-04-03,,,-0.46732282934597935,
1992-04-10,,,-0.5113047595068813,
1992-04-17,,,-0.4573991880946164,
1992-04-24,,,-1.694207752329211,
1992-05-01,,,0.4534887838260663,
1992-05-08,,,-0.6703796918974417,
1992-05-15,,,-0.6625081156038491,
1992-05-22,,,-0.8003660527446668,
1992-05-29,,,-1.030925213350263,
1992-06-05,,,-0.8691030572667698,
1992-06-12,,,-0.17183217247508747,
1992-06-19,,,-0.12064163181999471,
1992-06-26,,,-0.3693328830869642,
1992-07-02,,,0.9373050110152852,
1992-07-09,,,0.8251490856564818,
1992-07-17,,,0.31332589824697615,
1992-07-24,,,-0.19784615632071126,
1992-07-31,,,0.6731169838229325,
1992-08-05,,,0.46146739712465035,
1992-08-14,,,0.7654453631304922,
1992-08-21,,,1.3133186510720485,
1992-08-28,,,0.32203543791996825,
1992-09-04,,,1.5871271508707154,
1992-09-11,,,1.0023791820700736,
1992-09-18,,,0.9368491794003426,
1992-09-25,,,0.9233408914500666,
1992-10-02,,,0.35098821584170464,
1992-10-09,,,1.2622706442878229,
1992-10-16,,,1.8663861159172157,
1992-10-23,,,1.3289491317808182,
1992-10-30,,,-0.23020687514663327,
1992-11-06,,,-1.2216823785814706,
1992-11-13,,,-0.8573088311627397,
1992-11-20,,,-1.6215724089101733,
1992-11-25,,,-1.0554804686393924,
1992-12-04,,,-0.5514709994818824,
1992-12-11,,,-1.277633028161633,
1992-12-18,,,-2.391265632942987,
1992-12-24,,,-1.7134209844129578,
1993-01-01,,,-1.9635967345470866,
1993-01-08,,,0.6948267350235725,
1993-01-15,,,-1.6098187619414401,
1993-01-22,,,-0.6923674268741337,
1993-01-29,,,-0.549849227507461,
1993-02-05,,,-0.7690484559598648,
1993-02-12,,,-0.8936873924057828,
1993-02-19,,,-0.6113286678392337,
1993-02-26,,,0.2628578119243832,
1993-03-05,,,0.7194676648024291,
1993-03-12,,,-0.8068205632010322,
1993-03-19,,,-0.38340633380558276,
1993-03-26,,,-0.6573267900466555,
1993-04-02,,,-0.18488925697008207,
1993-04-09,,,0.14606885383019874,
1993-04-16,,,0.4291509647366129,
1993-04-23,,,0.37836362612596663,
1993-04-30,,,1.1797583548534032,
1993-05-07,,,0.8799844876858561,
1993-05-14,,,1.1504445893535833,
1993-05-21,,,1.3627571181304394,
1993-05-28,,,0.9206388210330199,
1993-06-04,,,-0.035506053135916794,
1993-06-11,,,1.0562008839923036,
1993-06-18,,,1.18001133352748,
1993-06-25,,,0.45710673754886877,
1993-07-02,,,1.1137599717611342,
1993-07-09,,,0.7683776871973337,
1993-07-16,,,0.7124631060894016,
1993-07-23,,,0.5620928480996831,
1993-07-30,,,0.364817154391872,
1993-08-06,,,0.4102742439382994,
1993-08-13,,,0.552550735819538,
1993-08-20,,,0.1563656027165965,
1993-08-27,,,0.6468430996231794,
1993-09-03,,,-0.3484537229856624,
1993-09-10,,,0.5994642451590976,
1993-09-17,,,0.19471454507952543,
1993-09-24,,,0.2938843272114084,
1993-10-01,,,0.7950445902165262,
1993-10-08,,,0.33188637070391636,
1993-10-15,,,0.07391207312420635,
1993-10-22,,,-0.6454913974299267,
1993-10-29,,,-0.8947612501259066,
1993-11-04,,,0.09434567182734954,
1993-11-11,,,0.09361553529787306,
1993-11-18,,,0.14531446267377446,
1993-11-24,,,-0.9584884576086351,
1993-12-02,,,0.20988476371157602,
1993-12-09,,,-0.5877064557866253,
1993-12-16,,,-0.10322023637955495,
1993-12-23,,,-0.04883027539339363,
1993-12-30,,,-0.749363096901672,
1994-01-06,,,-0.5802629345109936,
1994-01-13,,,-0.2491610410492548,
1994-01-20,,,-1.0625250931449761,
1994-01-27,,,-0.23303487971020326,
1994-02-03,,,-0.12113410567216497,
1994-02-10,,,-1.2187612297116175,
1994-02-17,,,-0.7100584595376082,
1994-02-24,,,-0.4824171149813211,
1994-03-03,,,-0.03267181623306493,
1994-03-10,,,0.6401310776927793,
1994-03-17,,,0.8018114602151415,
1994-03-24,,,0.456644351331545,
1994-03-31,,,1.3469090800832113,
1994-04-07,,,0.8811470136858875,
1994-04-14,,,1.2033183210038396,
1994-04-21,,,0.5170204077078363,
1994-04-28,,,0.7376999320539506,
1994-05-05,,,0.33431332903268723,
1994-05-12,,,-0.35430965091030736,
1994-05-19,,,1.2462621088489156,
1994-05-26,,,0.6057938042240537,
1994-06-02,,,-0.7200369791157706,
1994-06-09,,,-0.08009095733606968,
1994-06-16,,,-0.2539917840093264,
1994-06-23,,,-0.07694195939139827,
1994-06-30,,,0.041221450592907376,
1994-07-07,,,0.8077412558162596,
1994-07-14,,,0.6814452165856107,
1994-07-21,,,-0.276551017160238,
1994-07-28,,,0.3244852244076851,
1994-08-04,,,0.3220166249683329,
1994-08-11,,,-0.22604688859192681,
1994-08-18,,,0.08045266469011446,
1994-08-25,,,-0.10447250006292855,
1994-09-01,,,-1.145909787135046,
1994-09-08,,,-1.5479237785314977,
1994-09-15,,,-0.8003521232658732,
1994-09-22,,,-0.4877157223181611,
1994-09-29,,,-0.3609999966712885,
1994-10-06,,,-0.1725999415033759,
1994-10-13,,,-0.4208050564303372,
1994-10-20,,,-0.5427234974628237,
1994-10-27,,,-1.3440376761007229,
1994-11-03,,,-0.7678562257920821,
1994-11-10,,,-0.13358691969465622,
1994-11-17,,,0.18390385943588808,
1994-11-23,,,-0.4539423047609683,
1994-11-30,,,-0.9580690366900413,
1994-12-08,,,0.5215925321574965,
1994-12-15,,,0.13184359049553493,
1994-12-22,,,-0.3871293370051483,
1994-12-29,,,-1.2840268622622275,
1995-01-05,,,-1.0097738369151517,
1995-01-12,,,-0.6766903524403461,
1995-01-19,,,-0.6057598387007067,
1995-01-26,,,-0.6004651477680528,
1995-02-02,,,-0.595224539386299,
1995-02-09,,,-0.45878261720202856,
1995-02-16,,,-1.2394887519107929,
1995-02-23,,,-1.6022690703932698,
1995-03-02,,,-1.754129912273157,
1995-03-09,,,-1.587881383885447,
1995-03-16,,,-0.8689768759218736,
1995-03-23,,,-1.1732019128878135,
1995-03-30,,,-1.341518476797895,
1995-04-06,,,-0.18747489888064864,
1995-04-13,,,0.19799059467395277,
1995-04-20,,,0.3256782806703586,
1995-04-27,,,-1.715767214834948,
1995-05-04,,,-0.2969866351530166,
1995-05-11,,,-0.4868989066569418,
1995-05-18,,,-0.03114157241641975,
1995-05-25,,,-0.48490892544601244,
1995-06-01,,,-0.3505100340081285,
1995-06-08,,,-0.4130568622967054,
1995-06-15,,,0.24978320808839027,
1995-06-22,,,-0.6786412701811877,
1995-06-29,,,0.5903617589119307,
1995-07-06,,,0.1856250327156077,
1995-07-13,,,0.050205872944409216,
1995-07-20,,,-0.6251931403985261,
1995-07-27,,,-0.07722086373887088,
1995-08-03,,,-0.21302197802688838,
1995-08-10,,,-0.21122091454338357,
1995-08-17,,,-0.5541182124784109,
1995-08-24,,,0.6292725584139066,
1995-08-31,,,-0.7661032405965645,
1995-09-07,,,-0.2015610836989361,
1995-09-14,,,-1.1738187864349232,
1995-09-21,,,-0.6728841986689651,
1995-09-28,,,-0.24590923555176425,
1995-10-05,,,-0.5258808183255586,
1995-10-12,,,-0.3087033328883215,
1995-10-19,,,-1.2925431550631659,
1995-10-26,,,-1.20146479140853,
1995-11-02,,,-1.388830483701105,
1995-11-09,,,-1.7004814898179785,
1995-11-16,,,-0.9856169730134196,
1995-11-22,,,-0.3513167209750209,
1995-11-30,,,-1.5830668088992044,
1995-12-07,,,-1.0102954401471362,
1995-12-14,,,-1.0641516047568294,
1995-12-21,,,-0.9807830651282972,
1995-12-28,,,-1.1028550283174214,
1996-01-04,,,-1.220640436516986,
1996-01-11,,,-1.2000211733422603,
1996-01-18,,,-0.162897761090051,
1996-01-25,,,-0.09214748783803722,
1996-02-01,,,-1.9168869012275056,
1996-02-08,,,-1.7322283312408056,
1996-02-15,,,-1.1702533772686419,
1996-02-22,,,-0.5565831741859297,
1996-02-29,,,-0.41675871887709526,
1996-03-07,,,-0.27771287767096314,
1996-03-14,,,0.33639519570933457,
1996-03-21,,,-0.8894640423952391,
1996-03-28,,,-0.6073989028796994,
1996-04-04,,,-0.7363932018899855,
1996-04-11,,,-0.6595160261286301,
1996-04-18,,,0.17219327080774022,
1996-04-25,,,1.1356739693249966,
1996-05-02,,,-1.0106115301637726,
1996-05-09,,,-1.198286487083207,
1996-05-16,,,-0.08637528546730833,
1996-05-23,,,-1.6488460327603258,
1996-05-30,,,-2.4927525421446672,
1996-06-06,,,-0.5511212439314843,
1996-06-13,,,-0.8080368493205806,
1996-06-20,,,-0.13584523264237797,
1996-06-27,,,-0.7328615886320032,
1996-07-03,,,0.4127013521576289,
1996-07-11,,,-0.06082211071347641,
1996-07-18,,,0.7525392719560887,
1996-07-25,,,1.4823943699282462,
1996-08-01,,,1.1956386091896216,
1996-08-08,,,1.181821661731933,
1996-08-15,,,-0.6480859809249472,
1996-08-22,,,0.7789129398918518,
1996-08-29,,,0.9751234057641711,
1996-09-05,,,1.3671119564750542,
1996-09-12,,,1.0153226400967514,
1996-09-19,,,1.0724708229880662,
1996-09-26,,,0.38597705141338196,
1996-10-03,,,0.11072946813506813,
1996-10-10,,,0.04203024026438219,
1996-10-17,,,-0.09577672962168339,
1996-10-24,,,-0.30273639126448515,
1996-10-31,,,0.6778192266885615,
1996-11-07,,,1.0900473354152242,
1996-11-14,,,0.3113853609987055,
1996-11-21,,,-0.25448718569654677,
1996-11-27,,,-1.3016789750069437,
1996-12-05,,,0.3317254050854907,
1996-12-12,,,0.3303413811845739,
1996-12-19,,,1.3185781104123147,
1996-12-26,,,0.38486027678218987,
1997-01-02,,,-0.47514762156956764,
1997-01-09,,,0.10382758930121873,
1997-01-16,,,-0.2574036919479599,
1997-01-23,,,-0.18219712769263596,
1997-01-30,,,-1.614451552489926,
1997-02-06,,,-0.7322517704153119,
1997-02-13,,,-1.0093531531994702,
1997-02-20,,,-0.7811210467559581,
1997-02-27,,,-2.424920787964293,
1997-03-06,,,-0.645968850629136,
1997-03-13,,,0.6991808489106098,
1997-03-20,,,-0.013004338249669784,
1997-03-27,,,1.4012034270213007,
1997-04-03,,,1.103565691747903,
1997-04-10,,,1.7134318262520654,
1997-04-17,,,0.7160981345979075,
1997-04-24,,,1.1997744441592566,
1997-05-01,,,1.0470001818641568,
1997-05-08,,,0.6163339086774757,
1997-05-15,,,-0.37989588030060745,
1997-05-22,,,-0.16279641581806945,
1997-05-29,,,-0.5182296564669104,
1997-06-05,,,-1.7053783579479207,
1997-06-12,,,-1.391457043930093,
1997-06-19,,,-2.099343843346981,
1997-06-26,,,-1.0394645193301728,
1997-07-03,,,-0.4096559100138847,
1997-07-10,,,-1.1580379906779026,
1997-07-17,,,-1.605798096594456,
1997-07-24,,,-1.1057151886770402,
1997-07-31,,,-0.4822771201291637,
1997-08-07,,,-0.7487023118422064,
1997-08-14,,,-0.8747942278909225,
1997-08-21,,,-0.7953689604825751,
1997-08-28,,,-0.8528891262841719,
1997-09-04,,,0.25327028815154484,
1997-09-11,,,-0.29979681534217706,
1997-09-18,,,-0.5727209815893519,
1997-09-25,,,-0.2890465384812504,
1997-10-02,,,-0.21594840828039874,
1997-10-09,,,-0.9106009693545418,
1997-10-16,,,-0.41069550844065933,
1997-10-23,,,-0.6863648453211041,
1997-10-30,,,-0.11492469521177709,
1997-11-06,,,0.24237625389010858,
1997-11-13,,,-0.8257277504206503,
1997-11-20,,,-0.10378872951350122,
1997-11-26,,,-0.24551754019925393,
1997-12-04,,,-1.0293278129070373,
1997-12-11,,,-0.8717724456965875,
1997-12-18,,,-0.28719844676980344,
1997-12-24,,,-0.06660547167933542,
1997-12-31,,,1.0242382862247932,
1998-01-08,,,-0.5121840201796264,
1998-01-16,,,-0.28760823027809035,
1998-01-23,,,1.1801355079802387,
1998-01-30,,,-0.07623641509861498,
1998-02-05,,,0.8839070529416615,
1998-02-12,,,-0.673988016904093,
1998-02-19,,,-0.7392432857859216,
1998-02-26,,,-1.598269082066448,
1998-03-05,,,-1.6308938415688623,
1998-03-12,,,-0.452844975948661,
1998-03-19,,,-0.010124281867263276,
1998-03-26,,,-0.521557437318639,
1998-04-02,,,-0.4420937418418695,
1998-04-09,,,0.005994795231491426,
1998-04-16,,,-1.4587433200204452,
1998-04-23,,,0.028032887704335957,
1998-04-30,,,-0.04497665450919276,
1998-05-07,,,-0.117824319870875,
1998-05-14,,,0.8566376861887726,
1998-05-21,,,0.25098356373128866,
1998-05-28,,,0.7780774334555077,
1998-06-04,,,1.8103087905721897,
1998-06-11,,,1.1185703727067473,
1998-06-18,,,1.6206070138103297,
1998-06-25,,,1.303859102954096,
1998-07-02,,,0.25318459741414107,
1998-07-09,,,0.10282381512248112,
1998-07-16,,,0.25394023061057336,
1998-07-23,,,0.3291083750122973,
1998-07-30,,,-0.5081210234118747,
1998-08-06,,,1.0204676216998474,
1998-08-13,,,1.9027847568870897,
1998-08-20,,,1.8632182232978478,
1998-08-27,,,2.793786821297973,
1998-09-03,,,2.353059203094643,
1998-09-10,,,1.8835176943940148,
1998-09-17,,,0.8896274180400857,
1998-09-24,,,0.6733521361176441,
1998-10-01,,,1.1567693303473146,
1998-10-08,,,1.5560916016040702,
1998-10-15,,,2.130686243933875,
1998-10-22,,,1.0807671421679372,
1998-10-29,,,-0.5074118128442923,
1998-11-05,,,-0.22708932313778457,
1998-11-12,,,-1.4549644837657048,
1998-11-19,,,-0.47926085784495154,
1998-11-25,,,-1.0894491777387356,
1998-12-03,,,-0.8700008696149777,
1998-12-10,,,-0.17283106318096345,
1998-12-17,,,-0.0320939290307528,
1998-12-23,,,0.9432653138298782,
1998-12-31,,,-0.2507517544110962,
1999-01-07,,,0.03272207093725089,
1999-01-14,,,-1.0195950377083502,
1999-01-21,,,-1.4174683557984267,
1999-01-28,,,-0.7732055489303049,
1999-02-04,,,-1.2460849866817814,
1999-02-11,,,-1.0201107251629546,
1999-02-18,,,0.24432513009847767,
1999-02-25,,,0.24363322225155187,
1999-03-04,,,-0.03944355451788983,
1999-03-11,,,0.03263478507207959,
1999-03-18,,,-0.7485677014224563,
1999-03-25,,,0.543366819358284,
1999-04-01,,,0.10996513790845473,
1999-04-08,,,0.47091333968431653,
1999-04-15,,,0.2511600703822006,
1999-04-22,,,0.6144640068815876,
1999-04-29,,,0.17202274794558928,
1999-05-06,,,-1.7113512217837774,
1999-05-13,,,-0.02596780965755165,
1999-05-20,,,-0.0249310429251952,
1999-05-27,,,-0.09743192911317868,
1999-06-03,,,1.2277303266384147,
1999-06-10,,,0.9225942601504201,
1999-06-17,,,0.39948388597738727,
1999-06-24,,,1.2817901189423382,
1999-07-01,,,0.6057658580381287,
1999-07-08,,,-0.4402072430959051,
1999-07-15,,,-1.4647643164463475,
1999-07-22,,,-1.2199722061121179,
1999-07-29,,,-0.3964169640293239,
1999-08-05,,,0.7948975224525915,
1999-08-12,,,1.2307363303085348,
1999-08-19,,,0.627277363302009,
1999-08-26,,,0.4743695015268195,
1999-09-02,,,-0.7272292771060146,
1999-09-09,,,0.3321187669174702,
1999-09-16,,,0.10382926050302865,
1999-09-23,,,0.635904884002703,
1999-09-30,,,0.32712962008351504,
1999-10-07,,,0.7850414851858404,
1999-10-14,,,-0.5273593094737604,
1999-10-21,,,0.24969812080263395,
1999-10-28,,,0.171244755414618,
1999-11-04,,,-0.37550967862304435,
1999-11-11,,,-0.45010311943925996,
1999-11-18,,,-0.6024460044724361,
1999-11-24,,,-1.6757849469438253,
1999-12-02,,,-2.438041062877736,
1999-12-09,,,-2.4812679178406816,
1999-12-16,,,-1.1990791668601062,
1999-12-23,,,-1.2510151816208737,
1999-12-30,,,-1.9289351783921647,
1999-12-31,,,,
2000-01-03,,,,
2000-01-04,,,,
2000-01-05,,,,
2000-01-06,,,-2.9134273840437537,
2000-01-07,,,,
2000-01-10,,,,
2000-01-11,,,,
2000-01-12,,,,
2000-01-13,,,-1.4750585351651226,
2000-01-14,,,,
2000-01-17,,,,
2000-01-18,,,,
2000-01-19,,,,
2000-01-20,,,-1.3477671225670143,
2000-01-21,,,,
2000-01-24,,,,
2000-01-25,,,,
2000-01-26,,,,
2000-01-27,,,-0.9282001917865225,
2000-01-28,,,,
2000-01-31,,,,
2000-02-01,,,,
2000-02-02,,,,
2000-02-03,,,-0.4685700761677374,
2000-02-04,,,,
2000-02-07,,,,
2000-02-08,,,,
2000-02-09,,,,
2000-02-10,,,0.40060835323380756,
2000-02-11,,,,
2000-02-14,,,,
2000-02-15,,,,
2000-02-16,,,,
2000-02-17,,,1.1400260381297505,
2000-02-18,,,,
2000-02-21,,,,
2000-02-22,,,,
2000-02-23,,,,
2000-02-24,,,0.6327556861146046,
2000-02-25,,,,
2000-02-28,,,,
2000-02-29,,,,
2000-03-01,,,,
2000-03-02,,,0.42441710858737236,
2000-03-03,,,,
2000-03-06,,,,
2000-03-07,,,,
2000-03-08,,,-1.5068415123122907,
2000-03-09,,,,
2000-03-10,,,,
2000-03-13,,,,
2000-03-14,,,,
2000-03-15,,,,
2000-03-16,,,-0.24301993136533448,
2000-03-17,,,,
2000-03-20,,,,
2000-03-21,,,,
2000-03-22,,,,
2000-03-23,,,-1.7417190376020244,
2000-03-24,,,,
2000-03-27,,,,
2000-03-28,,,,
2000-03-29,,,,
2000-03-30,,,2.079591274823622,
2000-03-31,,,,
2000-04-03,,,,
2000-04-04,,,,
2000-04-05,,,,
2000-04-06,,,-0.34165678763038965,
2000-04-07,,,,
2000-04-10,,,,
2000-04-11,,,,
2000-04-12,,,,
2000-04-13,,,-0.1520375226335993,
2000-04-14,,,,
2000-04-17,,,,
2000-04-18,,,,
2000-04-19,,,,
2000-04-20,,,-1.4070921903595988,
2000-04-21,,,,
2000-04-24,,,,
2000-04-25,,,,
2000-04-26,,,,
2000-04-27,,,-1.7350820713259725,
2000-04-28,,,,
2000-04-30,,,,
2000-05-01,,,,
2000-05-02,,,,
2000-05-03,,,,
2000-05-04,,,1.3515429080296526,
2000-05-05,,,,
2000-05-08,,,,
2000-05-09,,,,
2000-05-10,,,,
2000-05-11,,,1.0341420253699034,
2000-05-12,,,,
2000-05-15,,,,
2000-05-16,,,,
2000-05-17,,,,
2000-05-18,,,1.7012804702101072,
2000-05-19,,,,
2000-05-22,,,,
2000-05-23,,,,
2000-05-24,,,,
2000-05-25,,,1.3994510480003581,
2000-05-26,,,,
2000-05-29,,,,
2000-05-30,,,,
2000-05-31,,,,
2000-06-01,,,1.0128788918446525,
2000-06-02,,,,
2000-06-05,,,,
2000-06-06,,,,
2000-06-07,,,,
2000-06-08,,,-1.213811376392125,
2000-06-09,,,,
2000-06-12,,,,
2000-06-13,,,,
2000-06-14,,,,
2000-06-15,,,-0.3314327519367689,
2000-06-16,,,,
2000-06-19,,,,
2000-06-20,,,,
2000-06-21,,,,
2000-06-22,,,2.1244676941282035,
2000-06-23,,,,
2000-06-26,,,,
2000-06-27,,,,
2000-06-28,,,,
2000-06-29,,,,
2000-06-30,,,,
2000-07-03,,,,
2000-07-04,,,,
2000-07-05,,,,
2000-07-06,,,-1.3053243679550937,
2000-07-07,,,,
2000-07-10,,,,
2000-07-11,,,,
2000-07-12,,,,
2000-07-13,,,-1.5716951793452882,
2000-07-14,,,,
2000-07-17,,,,
2000-07-18,,,,
2000-07-19,,,,
2000-07-20,,0.1410526879873232,-2.10720924268521,
2000-07-21,,0.1303860824385442,,
2000-07-24,,0.025319576101168303,,
2000-07-25,,0.1131757702341343,,
2000-07-26,,0.5827268240799581,,
2000-07-27,,0.2691988260878332,-0.13196972961215953,
2000-07-28,,0.1570603542165444,,
2000-07-31,,0.24448127589025484,,
2000-08-01,,0.3301794930044887,,
2000-08-02,,0.21359741629393028,,
2000-08-03,,0.09897445697316179,0.2086866787411166,
2000-08-04,,0.08875922906773931,,
2000-08-07,,0.28595091521894467,,
2000-08-08,,0.1665474850167239,,
2000-08-09,,0.04892624559550975,,
2000-08-10,,-0.1743767889034847,-1.3447833208868512,
2000-08-11,,-0.07084572552804765,,
2000-08-14,,-0.07762329809547647,,
2000-08-15,,-0.30540851293078203,,
2000-08-16,,-0.30768661920973356,,
2000-08-17,,-0.5354686138651653,-1.1988688903529516,
2000-08-18,,-0.5331319268170852,,
2000-08-21,,-0.8735253377221731,,
2000-08-22,,-1.0900659723350101,,
2000-08-23,,-1.0716148728771067,-0.814660808027733,
2000-08-24,,-1.6138034767662668,,
2000-08-25,,-1.1238229905802082,,
2000-08-28,,-1.2166145459009636,,
2000-08-29,,-0.738832243202932,,
2000-08-30,,-0.961516920557367,,
2000-08-31,,-0.3668899218428514,-1.0225861268709469,
2000-09-01,,-0.4849217237618685,,
2000-09-04,,-0.4828993071936492,,
2000-09-05,,-0.600917958307712,,
2000-09-06,,-0.5967063254781824,,
2000-09-07,,-0.47051607154189473,-1.9431981310859348,
2000-09-08,,-0.4687518361705045,,
2000-09-11,,-0.5913752404025275,,
2000-09-12,,-0.5874207915252689,,
2000-09-13,,-0.5835518610695724,,
2000-09-14,,-0.7069618809231826,0.27262591434514377,
2000-09-15,,-0.5725424688071903,,
2000-09-18,,-0.43938456152293914,,
2000-09-19,,0.08613543364197665,,
2000-09-20,,0.3432293116527693,,
2000-09-21,,0.4642550121605268,-0.17332744353657079,
2000-09-22,,0.45039248460267967,,
2000-09-25,,0.43682093219062923,,
2000-09-26,,0.4235278550468673,,
2000-09-27,,0.5456416837795766,,
2000-09-28,,0.7993398590676587,-1.4665909286350598,
2000-09-29,,0.2323464746525389,,
2000-09-30,,0.22298164431280396,,
2000-10-02,,0.3525799132732623,,
2000-10-03,,0.20109360812488983,,
2000-10-04,,-0.09051666885764484,,
2000-10-05,,-0.6652375389360572,0.38619321849967087,
2000-10-06,,-0.517635875213679,,
2000-10-09,,-0.6602030345096884,,
2000-10-10,,-0.8008132918922465,,
2000-10-11,,-0.9387932197467693,,
2000-10-12,,-1.6435362253788697,0.7703302721923745,
2000-10-13,,-1.8799632596576386,,
2000-10-16,,-1.959138315410205,,
2000-10-17,,-2.2873340363636503,,
2000-10-18,,-2.5635942831520513,,
2000-10-19,,-2.555451548854654,-0.12760074765640333,
2000-10-20,,-2.5432113654369903,,
2000-10-23,,-2.7391865026764846,,
2000-10-24,,-2.3813110052768596,,
2000-10-25,,-2.3764537178126175,,
2000-10-26,,-2.7475145926317692,-1.430124723841991,
2000-10-27,,-2.93837524204561,,
2000-10-30,,-2.9063229237395833,,
2000-10-31,,-3.0,,
2000-11-01,,-2.7131126176101628,,
2000-11-02,,-2.333996005089189,-0.381209773982391,
2000-11-03,,-1.8655956301333685,,
2000-11-06,,-1.8000285070358952,,
2000-11-07,,-1.59885948837634,,
2000-11-08,,-1.483050906439463,,
2000-11-09,,-1.374630398264188,-1.867684018143817,
2000-11-10,,-0.9884236889000786,,
2000-11-13,,-0.9009087619079214,,
2000-11-14,,-0.7430815979536458,,
2000-11-15,,-0.6608623987003979,,
2000-11-16,,-0.505927483124749,-0.35128328655897706,
2000-11-17,,-0.5009636617469875,,
2000-11-20,,-0.4960665118442439,,
2000-11-21,,-0.3401302822957546,,
2000-11-22,,-0.6413290321464132,,
2000-11-23,,-0.7101912277279726,1.3913702811555644,
2000-11-24,,-0.3949929063234899,,
2000-11-27,,-0.3138480807359418,,
2000-11-28,,-0.1545240717079794,,
2000-11-29,,-0.07434863236131467,,
2000-11-30,,-0.2334690359309351,-1.2188890381067334,
2000-12-01,,-0.3119815578100823,,
2000-12-04,,-0.7922245989996674,,
2000-12-05,,-0.9418673009098832,,
2000-12-06,,-1.0073925014226122,,
2000-12-07,,-1.0706046773355014,0.8082034864000686,
2000-12-08,,-1.209931910214755,,
2000-12-11,,-1.107534527331583,,
2000-12-12,,-1.0088480940972817,,
2000-12-13,,-1.1495291668805772,,
2000-12-14,,-0.8125990310586044,-0.2172017678681142,
2000-12-15,,-0.6417217247615191,,
2000-12-18,,-0.6341805949478707,,
2000-12-19,,-0.464575099066079,,
2000-12-20,,-0.37794636097912654,,
2000-12-21,,-0.2916999364966802,2.5220317026315584,
2000-12-22,,-0.2889755236518709,,
2000-12-25,,-0.28627534353689343,,
2000-12-26,,-0.11442777836864901,,
2000-12-27,,-0.11333457979122802,,
2000-12-28,,0.05982923722103131,0.8700867929750408,
2000-12-29,,0.1462389972230248,,
2000-12-31,,0.5810189895187858,,
2001-01-01,,0.9224209290890801,,
2001-01-02,,0.7361504752114331,,
2001-01-03,,0.988408501565262,,
2001-01-04,,1.0600907396987742,0.24993707009426344,
2001-01-05,,1.2148043374690576,,
2001-01-08,,1.3617812348720673,,
2001-01-09,,1.7462833048125923,,
2001-01-10,,1.9321350529757415,,
2001-01-11,,1.7073039939532455,1.7366535551998703,
2001-01-12,,1.733141322977045,,
2001-01-15,,1.75496993381841,,
2001-01-16,,1.772948212769683,,
2001-01-17,,1.9313544550162,,
2001-01-18,,1.9978361687065225,0.5978440539168627,
2001-01-19,,2.118683949073075,,
2001-01-22,,2.088316176995445,,
2001-01-23,,2.4840566261968373,,
2001-01-24,,2.162357197122906,,
2001-01-25,,2.1689078545777467,-0.041874693006269594,
2001-01-26,,2.1135529987098347,,
2001-01-29,,1.7935131625910408,,
2001-01-30,,1.8272340632738335,,
2001-01-31,,1.954621378945088,,
2001-02-01,,1.8133422642417316,-0.49162502958356247,
2001-02-02,,1.7350344917215446,,
2001-02-05,,1.6631828691272403,,
2001-02-06,,1.5030135568310654,,
2001-02-07,,1.2145729556666236,,
2001-02-08,,1.0857119626536522,-1.0878292546829555,
2001-02-09,,0.9159189190263715,,
2001-02-12,,0.7526678609324583,,
2001-02-13,,0.7378918078594736,,
2001-02-14,,0.6277065491548313,,
2001-02-15,,0.4233221753027976,0.8263969743525145,
2001-02-16,,0.3677434330930107,,
2001-02-19,,0.21476552311507993,,
2001-02-20,,0.16162197639122963,,
2001-02-21,,-0.19018310978226236,,
2001-02-22,,-0.08948889920690437,2.02158716434227,
2001-02-23,,-0.1912017241778816,,
2001-02-26,,-0.24184017129834157,,
2001-02-27,,-0.29239469823104025,,
2001-02-28,,-0.49749068727260015,,
2001-03-01,,-0.3387949070851025,0.5876066168038603,
2001-03-02,,-0.44169724364224106,,
2001-03-05,,-0.38661990855120393,,
2001-03-06,,-0.4375159633246652,,
2001-03-07,,-0.4350263140642221,,
2001-03-08,,-0.37898626481329983,1.286910384318761,
2001-03-09,,-0.37704936242345827,,
2001-03-12,,-0.26649118321795795,,
2001-03-13,,-0.21081934285142995,,
2001-03-14,,-0.32048170227300343,,
2001-03-15,,-0.263622031781053,1.5802740777698765,
2001-03-16,,-0.2626845902172377,,
2001-03-19,,-0.1493264701558552,,
2001-03-20,,-0.20591619054558838,,
2001-03-21,,-0.26243008187416517,,
2001-03-22,,-0.31885311492129853,2.3206055349733408,
2001-03-23,,-0.25972470300201606,,
2001-03-26,,-0.20068500859778368,,
2001-03-27,,-0.14172095774687024,,
2001-03-28,,-0.37739793238421643,,
2001-03-29,,-0.19764655585763444,0.6501042901006656,
2001-03-30,,-0.31662086459273114,,
2001-03-31,,-0.07487828520808153,,
2001-04-02,,-0.1964321869317016,,
2001-04-03,,-0.62162705092392,,
2001-04-04,,-1.0411595293567328,,
2001-04-05,,-2.1369880472780003,1.3971142699148364,
2001-04-06,,-0.6248381541983181,,
2001-04-09,,-0.6800134530227437,,
2001-04-10,,-0.6746571811915015,,
2001-04-11,,-0.6090233821429623,,
2001-04-12,,-0.604587571281977,1.761153742884432,
2001-04-13,,-0.6001998300318061,,
2001-04-16,,-0.6571382170872043,,
2001-04-17,,-0.6520575390087466,,
2001-04-18,,-0.7088108660682365,,
2001-04-19,,-0.2672114034283184,0.4548286935166913,
2001-04-20,,-0.203204113683452,,
2001-04-23,,-0.32903743769311006,,
2001-04-24,,-0.39098796443174266,,
2001-04-25,,-0.707853981844676,,
2001-04-26,,-1.0198755584015988,0.2826075282263641,
2001-04-27,,-1.322345614939995,,
2001-04-30,,1.2347511201217087,,
2001-05-01,,1.3307877438649687,,
2001-05-02,,1.8341897305601746,,
2001-05-03,,2.1073175438448697,-1.1989949873772825,
2001-05-04,,2.3294899977062844,,
2001-05-07,,1.5612190839815607,,
2001-05-08,,1.5666987558249643,,
2001-05-09,,1.5185691461659805,,
2001-05-10,,1.4731222667686756,-0.8284917062905108,
2001-05-11,,1.4807438656019225,,
2001-05-14,,1.436751781462541,,
2001-05-15,,1.4444094926444575,,
2001-05-16,,1.4988454370444868,,
2001-05-17,,1.5946261775739734,-0.6725337474427945,
2001-05-18,,1.2581967042377984,,
2001-05-21,,1.3190039615241458,,
2001-05-22,,1.4206732051620834,,
2001-05-23,,1.3316586444374385,,
2001-05-24,,1.7367920605332712,-1.34388699993364,
2001-05-25,,1.879508885895849,,
2001-05-28,,1.8995025900367972,,
2001-05-29,,0.06136291104417975,,
2001-05-30,,0.05911749855827142,,
2001-05-31,,0.012716195116529428,0.037189547925154116,
2001-06-01,,0.05535630352668362,,
2001-06-04,,0.05315384871823813,,
2001-06-05,,0.05096693735391983,,
2001-06-06,,0.09392626162943983,,
2001-06-07,,0.13664967221035876,0.24987136716888436,
2001-06-08,,0.1335632044662611,,
2001-06-11,,0.08469982663689678,,
2001-06-12,,0.08215105908919178,,
2001-06-13,,-0.013041986403002253,,
2001-06-14,,-0.014654416750531302,0.7321430318343349,
2001-06-15,,-0.11005488030193068,,
2001-06-18,,-0.11082232097204324,,
2001-06-19,,-0.301494208952203,,
2001-06-20,,-0.4439019111476527,,
2001-06-21,,-0.3938729060290419,0.6411920827819455,
2001-06-22,,-0.4887923027570621,,
2001-06-25,,-0.5348118196135829,,
2001-06-26,,-0.5318915176066757,,
2001-06-27,,-0.4800007426416432,,
2001-06-28,,-0.5268740470647987,1.3433406715920742,
2001-06-29,,-0.5735162252770352,,
2001-06-30,,-0.6695492730244698,,
2001-07-02,,-0.6651082943630687,,
2001-07-03,,-0.56044008898335,,
2001-07-04,,-0.6076387294915829,,
2001-07-05,,-0.8564556447446228,-0.07322449793665466,
2001-07-06,,-0.8997934017279471,,
2001-07-09,,-0.6890434137532334,,
2001-07-10,,-0.7353406635703508,,
2001-07-11,,-0.6787578661192599,,
2001-07-12,,-0.7770013050677542,1.801411052376283,
2001-07-13,,-0.6678051816444384,,
2001-07-16,,-0.6633053030387455,,
2001-07-17,,-0.5544695998081516,,
2001-07-18,,-0.49870610689500716,,
2001-07-19,,-0.49601396723851615,-0.7961266819151014,
2001-07-20,,-0.38706580319130235,,
2001-07-23,,-0.33187267514292706,,
2001-07-24,,-0.27679165885230556,,
2001-07-25,,-0.38419880815505697,,
2001-07-26,,-0.3825086463724768,1.6458793749306382,
2001-07-27,,-0.3260942750011367,,
2001-07-30,,-0.1596089428658695,,
2001-07-31,,-0.27046292246758724,,
2001-08-01,,-0.3253927350764143,,
2001-08-02,,-0.3241684469204497,1.1480338763022946,
2001-08-03,,-0.09735706497541949,,
2001-08-06,,-0.04107908641017767,,
2001-08-07,,-0.270241052806336,,
2001-08-08,,-0.21203297159134568,,
2001-08-09,,-0.2694073028094827,0.7342656824517358,
2001-08-10,,-0.21052144764799086,,
2001-08-13,,-0.38541135453723846,,
2001-08-14,,-0.3837143802774869,,
2001-08-15,,-0.3820288180721349,,
2001-08-16,,-0.3803545524460042,1.246905674861239,
2001-08-17,,-0.43839006441697437,,
2001-08-20,,-0.4962246829710702,,
2001-08-21,,-0.6741327318083102,,
2001-08-22,,-0.669558758306557,,
2001-08-23,,-0.6650326978712058,0.9259256555887693,
2001-08-24,,-0.6605536512234766,,
2001-08-27,,-0.6561207432547185,,
2001-08-28,,-0.7131076109184692,,
2001-08-29,,-0.5846929086971654,,
2001-08-30,,-0.6430771090488132,0.631744783096813,
2001-08-31,,-0.7631164654293338,,
2001-09-03,,-0.7573143717046862,,
2001-09-04,,-0.751582527049811,,
2001-09-05,,-0.8086189889158069,,
2001-09-06,,-0.8649198681712146,1.2943587480428786,
2001-09-07,,-0.983128319354272,,
2001-09-10,,-1.161316008080817,,
2001-09-11,,-1.0225758576386812,,
2001-09-12,,-1.0120965655239669,,
2001-09-13,,-1.0018092000577086,1.640411154478488,
2001-09-14,,-2.271134962892546,,
2001-09-17,,-2.2549479423182195,,
2001-09-18,,-2.458624532826631,,
2001-09-19,,-1.9853074751599038,,
2001-09-20,,-2.0937098223154376,1.799268598089023,
2001-09-21,,-2.188621304156141,,
2001-09-24,,-2.878351673496143,,
2001-09-25,,-2.088519923095695,,
2001-09-26,,-2.0230055094493453,,
2001-09-27,,-2.194717942248084,-0.5555186572248699,
2001-09-28,,-2.027066544204996,,
2001-09-30,,-1.7379674244491565,,
2001-10-01,,-1.739609784428882,,
2001-10-02,,-1.6957075613365835,,
2001-10-03,,-1.5661943284691542,,
2001-10-04,,-1.4878875045658424,-0.16638515396387418,
2001-10-05,,-1.3262240741729832,,
2001-10-08,,-1.1714184175724662,,
2001-10-09,,-1.197061748224464,,
2001-10-10,,-1.1780020811410332,,
2001-10-11,,-1.1160855753768606,-0.017004937141084246,
2001-10-12,,-0.08599192441262835,,
2001-10-15,,0.048844306038710414,,
2001-10-16,,0.27361190874873126,,
2001-10-17,,0.13613494969463938,,
2001-10-18,,0.22637665594942152,-1.1346492630309082,
2001-10-19,,0.36216543175284505,,
2001-10-22,,1.0428830571008085,,
2001-10-23,,0.3466310333572853,,
2001-10-24,,0.2519985077376172,,
2001-10-25,,0.4358267183424059,-1.0516337448183821,
2001-10-26,,0.19964847181025916,,
2001-10-29,,0.05753108824710212,,
2001-10-30,,-0.08457755924772867,,
2001-10-31,,-0.32153482807322004,,
2001-11-01,,-0.3670737622298337,0.9906699174085464,
2001-11-02,,-0.41243829322865044,,
2001-11-05,,-0.4575833789060773,,
2001-11-06,,-0.4058897443817404,,
2001-11-07,,-0.5000421968488323,,
2001-11-08,,-0.39871743543478694,1.4925060319083938,
2001-11-09,,-0.34683524740433536,,
2001-11-12,,-0.39373154615882383,,
2001-11-13,,-0.3413811626633092,,
2001-11-14,,-0.18944637343424134,,
2001-11-15,,-0.08782060620062768,0.3842866122536278,
2001-11-16,,0.0643074181978236,,
2001-11-19,,0.06397619349550156,,
2001-11-20,,0.16586877645609346,,
2001-11-21,,0.3703119235212638,,
2001-11-22,,0.4193926397474065,-0.7968281594405391,
2001-11-23,,0.6747069910894122,,
2001-11-26,,0.7720168654717501,,
2001-11-27,,0.9704435951565166,,
2001-11-28,,1.11239598769382,,
2001-11-29,,1.3501356864533627,-1.6542024390271832,
2001-11-30,,1.3266144716769062,,
2001-12-03,,1.3038437930911666,,
2001-12-04,,1.2817819669721058,,
2001-12-05,,1.309698857882698,,
2001-12-06,,1.6748681948202209,-0.8315151325854708,
2001-12-07,,1.5867513405174587,,
2001-12-10,,1.313630522968277,,
2001-12-11,,1.0512741406694688,,
2001-12-12,,0.9404614909242273,,
2001-12-13,,0.8321360602494302,-1.5015919130102047,
2001-12-14,,0.6771761353955861,,
2001-12-17,,1.0097569937279802,,
2001-12-18,,0.5107559332549044,,
2001-12-19,,0.5063230891099317,,
2001-12-20,,0.3539851840095237,-0.3360622323195612,
2001-12-21,,0.4503233179387282,,
2001-12-24,,0.19731467955885995,,
2001-12-25,,0.19574913317721102,,
2001-12-26,,0.04267897865220866,,
2001-12-27,,0.19451988762125583,-0.5809111608988224,
2001-12-28,,0.14190713413469289,,
2001-12-31,,0.5504948497842918,,
2002-01-01,,0.5966970819387116,,
2002-01-02,,0.744728216630273,,
2002-01-03,,0.7367272999380943,-0.3504874461295653,
2002-01-04,,0.5745744384107746,,
2002-01-07,,0.41381841526133,,
2002-01-08,,0.5663474832833915,,
2002-01-09,,0.8206444434114004,,
2002-01-10,,0.7073179341945127,-0.6877199588892581,
2002-01-11,,0.5432824617155952,,
2002-01-14,,0.5381847080442695,,
2002-01-15,,0.004425270959553529,,
2002-01-16,,0.4827522741167997,,
2002-01-17,,0.4783671327372256,1.1317670827838011,
2002-01-18,,0.3670465727519165,,
2002-01-21,,0.25620708405513953,,
2002-01-22,,0.30811084444648323,,
2002-01-23,,0.2510599648200455,,
2002-01-24,,0.35816175020209695,0.8969810724738512,
2002-01-25,,0.30014781972953,,
2002-01-28,,0.4077840304381387,,
2002-01-29,,-0.15070819302615665,,
2002-01-30,,-0.5407997583405089,,
2002-01-31,,-0.7605979885114025,-0.14151579907707296,
2002-02-01,,-0.8661041352651245,,
2002-02-04,,-1.3014334472563125,,
2002-02-05,,-1.8232605829769346,,
2002-02-06,,-1.9386202641000427,,
2002-02-07,,-1.8894206335103225,0.3142273652861038,
2002-02-08,,-1.5871495385056258,,
2002-02-11,,-1.6079853834586408,,
2002-02-12,,-1.5764764516560723,,
2002-02-13,,-1.495889138233893,,
2002-02-14,,-1.2676609264298366,-0.4959979689578943,
2002-02-15,,-1.4999929418434825,,
2002-02-18,,-1.423038458317924,,
2002-02-19,,-1.4971403601945943,,
2002-02-20,,-1.6151403228775967,,
2002-02-21,,-1.533527302210647,0.5258453579851537,
2002-02-22,,-1.6462028141905292,,
2002-02-25,,-1.4691324028553903,,
2002-02-26,,-1.3946426313627511,,
2002-02-27,,-1.2291849681986233,,
2002-02-28,,-0.8793525529555503,-0.21952535278663537,
2002-03-01,,-0.582697145428574,,
2002-03-04,,-0.5780704785073595,,
2002-03-05,,-0.23348215001437092,,
2002-03-06,,0.4533276493789427,,
2002-03-07,,0.7922126179133657,-0.9881038667775842,
2002-03-08,,0.9305590793394164,,
2002-03-11,,0.7742953750748114,,
2002-03-12,,0.8645898498627662,,
2002-03-13,,0.708879783210579,,
2002-03-14,,0.751649524111082,-1.2040248979144192,
2002-03-15,,0.6461057136134895,,
2002-03-18,,0.8379935851528202,,
2002-03-19,,0.7800747512245659,,
2002-03-20,,0.9696381781587076,,
2002-03-21,,1.1051265610073995,-1.1845117131174072,
2002-03-22,,1.1873926305142184,,
2002-03-25,,1.1212784226309969,,
2002-03-26,,0.8622498181138802,,
2002-03-27,,0.607290883150303,,
2002-03-28,,0.5030774712771314,-0.3871104580084648,
2002-03-29,,0.4990887407684129,,
2002-03-31,,0.29500434623547017,,
2002-04-01,,0.3432588849714583,,
2002-04-02,,0.23956462888965424,,
2002-04-03,,0.1869609984415224,,
2002-04-04,,-0.12179158096235115,0.048031813271910494,
2002-04-05,,-0.32728748828922843,,
2002-04-08,,-0.32543856781945535,,
2002-04-09,,-0.3235993001050478,,
2002-04-10,,-0.21717440841485217,,
2002-04-11,,-0.5835744525601899,1.4724113064192095,
2002-04-12,,-0.6319307908022676,,
2002-04-15,,-0.5216828472699521,,
2002-04-16,,-0.5181391084612826,,
2002-04-17,,-0.35464313818221516,,
2002-04-18,,-0.1914476668256941,0.21442628891707952,
2002-04-19,,-0.35245418588155003,,
2002-04-22,,-0.8900355456100699,,
2002-04-23,,-1.1485350897319972,,
2002-04-24,,-1.0806456470867614,,
2002-04-25,,-1.2266955822489594,0.42295713260196494,
2002-04-26,,-1.1567506448148919,,
2002-04-29,,-1.7138337516978441,,
2002-04-30,,-1.6249362789869863,,
2002-05-01,,-1.9894629715875995,,
2002-05-02,,-1.981187989048086,1.5244594288096531,
2002-05-03,,-1.6852346191808338,,
2002-05-06,,-1.7422064417217247,,
2002-05-07,,-1.7938294038713756,,
2002-05-08,,-1.422465765349425,,
2002-05-09,,-1.3960853177528334,1.731211760627858,
2002-05-10,,-1.1840374930156352,,
2002-05-13,,-1.1662450400590432,,
2002-05-14,,-1.2418851950019936,,
2002-05-15,,-1.0362601033855698,,
2002-05-16,,-1.3459289933933882,0.6531765954571073,
2002-05-17,,-1.457978681189187,,
2002-05-20,,-1.3836918631632895,,
2002-05-21,,-0.8135289629629464,,
2002-05-22,,-0.5281546305789688,,
2002-05-23,,-0.291122287401025,1.8996201984406078,
2002-05-24,,-0.007669932811316986,,
2002-05-27,,-0.054496849800786146,,
2002-05-28,,0.6563743975263328,,
2002-05-29,,0.5569075139572434,1.734218808887713,
2002-05-30,,0.932192344365776,,
2002-05-31,,2.7305751150759088,,
2002-06-03,,2.506149382749882,,
2002-06-04,,2.560830052910115,,
2002-06-05,,2.4935348066748126,,
2002-06-06,,2.193529905156931,1.4135813548641192,
2002-06-07,,1.9690123720517625,,
2002-06-10,,1.9830962577385456,,
2002-06-11,,1.8146891617273206,,
2002-06-12,,1.6943567990535382,,
2002-06-13,,1.5463111559875793,1.1400261918104981,
2002-06-14,,1.477283954357715,,
2002-06-17,,1.4816115899420488,,
2002-06-18,,1.4158450446672661,,
2002-06-19,,1.2494543705593175,,
2002-06-20,,1.1243194613518932,-0.06084221133429145,
2002-06-21,,0.9336972517923373,,
2002-06-24,,0.6771328976217651,,
2002-06-25,,0.7409651587401779,,
2002-06-26,,-0.08289824818595716,,
2002-06-27,,-0.04676248147971539,1.8382066041361371,
2002-06-28,,-0.15475067710508683,,
2002-06-30,,-1.4391880801629178,,
2002-07-01,,-1.3782226917651763,,
2002-07-02,,-1.761812158150454,,
2002-07-03,,-1.8159555478272005,2.068665243860737,
2002-07-04,,-1.7346428499066062,,
2002-07-05,,-1.4647520950052169,,
2002-07-08,,-1.4354504042331508,,
2002-07-09,,-1.2142556777988731,,
2002-07-10,,-1.0981881904187005,,
2002-07-11,,-1.3073862752692884,1.3454001449940056,
2002-07-12,,-1.1888453136240864,,
2002-07-15,,-1.3909797226167444,,
2002-07-16,,-1.42584989133646,,
2002-07-17,,-1.3041344422667134,,
2002-07-18,,-1.218641722070643,2.3473872753157163,
2002-07-19,,-1.4114276771859238,,
2002-07-22,,-1.471966173975759,,
2002-07-23,,-1.7896797954874906,,
2002-07-24,,-1.7643352254731064,,
2002-07-25,,-1.8225694056856612,1.953405621577849,
2002-07-26,,-1.8890906634185973,,
2002-07-29,,-1.8552232705689953,,
2002-07-30,,-1.8228652613009129,,
2002-07-31,,-1.109228613913535,,
2002-08-01,,-0.9323295040287606,0.7365584582598635,
2002-08-02,,-1.1537960811524843,,
2002-08-05,,-1.5900951427626377,,
2002-08-06,,-1.5940594883296866,,
2002-08-07,,-1.572063846722275,,
2002-08-08,,-1.5267374523412682,0.9475658996925838,
2002-08-09,,-1.483838239644195,,
2002-08-12,,-1.443152422808976,,
2002-08-13,,-1.2893315360965145,,
2002-08-14,,-1.0977084657712477,,
2002-08-15,,-0.9373009293237413,1.0300679680601597,
2002-08-16,,-0.8750193106027091,,
2002-08-19,,-0.5582777555848067,,
2002-08-20,,-0.15068452116136336,,
2002-08-21,,0.18457838989278952,,
2002-08-22,,0.7812666909066966,0.632517188161766,
2002-08-23,,0.8464216993886645,,
2002-08-26,,1.1230985653024381,,
2002-08-27,,1.2266337948820798,,
2002-08-28,,1.1165474095592083,,
2002-08-29,,0.6557742138172212,-0.2356052557278014,
2002-08-30,,0.5559371350606293,,
2002-08-31,,0.8149284316752834,,
2002-09-02,,1.18627361445557,,
2002-09-03,,0.9825961166030533,,
2002-09-04,,0.8540858110770879,,
2002-09-05,,0.8463340965557229,1.7790129586429475,
2002-09-06,,1.0279750476576905,,
2002-09-09,,1.0163467087906257,,
2002-09-10,,1.0754290992858233,,
2002-09-11,,0.9920157587530177,,
2002-09-12,,0.9340474579326172,0.7504464315511151,
2002-09-13,,0.9008272628575447,,
2002-09-16,,0.8682345349877332,,
2002-09-17,,0.6940955623164482,,
2002-09-18,,0.5932891348500713,,
2002-09-19,,0.3490625659975123,1.2904324784479917,
2002-09-20,,0.2504312495780195,,
2002-09-23,,0.05451872581040593,,
2002-09-24,,-0.23903628310360303,,
2002-09-25,,-0.1389745836692404,,
2002-09-26,,-0.039030010688508,1.913107816966664,
2002-09-27,,-0.06338675801330577,,
2002-09-30,,-0.41176254254890077,,
2002-10-01,,-0.35837371617452385,,
2002-10-02,,-0.07898442249843901,,
2002-10-03,,-0.07823228081023478,1.3915517376569686,
2002-10-04,,-0.33156118669207163,,
2002-10-07,,-0.608195987642562,,
2002-10-08,,-1.0047452014049318,,
2002-10-09,,-1.4803579422211812,,
2002-10-10,,-1.563141966114307,2.0025737031373763,
2002-10-11,,-1.33300435307023,,
2002-10-14,,-1.3038259514897041,,
2002-10-15,,-1.0881639050596617,,
2002-10-16,,-1.2092682080029376,,
2002-10-17,,-1.161906725973656,0.7135111717092749,
2002-10-18,,-1.0239663975740771,,
2002-10-21,,-0.8675536904548977,,
2002-10-22,,-0.6684560918894143,,
2002-10-23,,-0.44898833906059776,,
2002-10-24,,-0.3734757445356481,0.17481504339139542,
2002-10-25,,-0.3935608685091347,,
2002-10-28,,-0.2704018731252826,,
2002-10-29,,0.04456653555679167,,
2002-10-30,,-0.027730051911618783,,
2002-10-31,,0.2404482612928469,-0.453798298313634,
2002-11-01,,0.36167640857546934,,
2002-11-04,,0.8000935794498591,,
2002-11-05,,1.1571355858824335,,
2002-11-06,,1.687143003132994,,
2002-11-07,,2.124964264590522,-0.45791264159599376,
2002-11-08,,2.0991461447009696,,
2002-11-11,,1.7741649468843008,,
2002-11-12,,1.6659793661983577,,
2002-11-13,,1.4145977169857928,,
2002-11-14,,1.6855777565906467,-0.08244698589633367,
2002-11-15,,1.8100092992470789,,
2002-11-18,,1.9208293633354965,,
2002-11-19,,1.8821109910080742,,
2002-11-20,,1.8831682806521417,,
2002-11-21,,1.933939654174019,-0.7318009794690881,
2002-11-22,,1.8373725614131198,,
2002-11-25,,1.7461270351061406,,
2002-11-26,,1.5550231768374578,,
2002-11-27,,1.5880078873892174,,
2002-11-28,,1.5481768909656795,-0.2210591483325105,
2002-11-29,,1.2518843126228074,,
2002-11-30,,1.280834483229684,,
2002-12-02,,1.2736041785163055,,
2002-12-03,,1.0790463473722989,,
2002-12-04,,0.8910856698387323,,
2002-12-05,,0.8283437658739052,-1.0291982834627176,
2002-12-06,,0.8358811443237949,,
2002-12-09,,0.7743188541071389,,
2002-12-10,,0.8001807409397954,,
2002-12-11,,0.825368026845945,,
2002-12-12,,0.6776540980208353,-0.11110547629100839,
2002-12-13,,0.5320703235448936,,
2002-12-16,,0.45769632412218225,,
2002-12-17,,0.506555066831568,,
2002-12-18,,0.41440105636118574,,
2002-12-19,,0.251999569233282,0.11223422835844254,
2002-12-20,,0.21464495500760566,,
2002-12-23,,0.21316474579256034,,
2002-12-24,,0.2835813759628161,,
2002-12-25,,0.19127126177340817,,
2002-12-26,,0.18994231674894063,0.359881957353794,
2002-12-27,,0.2068680990243167,,
2002-12-30,,0.11368511752913807,,
2002-12-31,,0.002103786578285563,,
2003-01-01,,0.09472880531872303,,
2003-01-02,,0.20588413018809498,1.0405739324995946,
2003-01-03,,0.2605966970581977,,
2003-01-06,,0.33389454620374,,
2003-01-07,,0.44443408953316543,,
2003-01-08,,0.4785572629742712,,
2003-01-09,,0.49343806452237454,0.9964731803606652,
2003-01-10,,0.5460855062817235,,
2003-01-13,,0.560115616458529,,
2003-01-14,,0.45960815799216703,,
2003-01-15,,0.32145267270330047,,
2003-01-16,,0.26108564487567315,0.7447736166862381,
2003-01-17,,0.23972292959972735,,
2003-01-20,,0.23792393612477544,,
2003-01-21,,0.23613311941759987,,
2003-01-22,,0.17528187115141297,,
2003-01-23,,0.23330553976682544,1.6510010956994792,
2003-01-24,,0.21165700109298805,,
2003-01-27,,0.19006494926975057,,
2003-01-28,,0.2488242296207877,,
2003-01-29,,0.16623712937441004,,
2003-01-30,,0.20548760197346916,1.8195660525552844,
2003-01-31,,0.1631504384424462,,
2003-02-03,,0.16186081900091265,,
2003-02-04,,0.07820198247478134,,
2003-02-05,,0.07745786360298844,,
2003-02-06,,0.014250172248608023,0.8271719352400085,
2003-02-07,,-0.04893340586996718,,
2003-02-10,,-0.13315674249297102,,
2003-02-11,,-0.15385214497924854,,
2003-02-12,,-0.1532610304814966,,
2003-02-13,,-0.21685192220721067,1.4764223162227814,
2003-02-14,,-0.1513678788363789,,
2003-02-17,,-0.08590559502331298,,
2003-02-18,,-0.06395037152253807,,
2003-02-19,,-0.042000599220037224,,
2003-02-20,,0.04588250478164528,2.415111651598743,
2003-02-21,,0.0011442642272499126,,
2003-02-24,,0.045289278600114696,,
2003-02-25,,0.02241114126471733,,
2003-02-26,,-0.00045635844541749913,,
2003-02-27,,0.02183920013194046,1.6143938374349025,
2003-02-28,,-0.0012699708118217388,,
2003-03-03,,0.06690664184427929,,
2003-03-04,,-0.09436925078766265,,
2003-03-05,,-0.16332818373376876,,
2003-03-06,,-0.255429311377336,0.8774281440528453,
2003-03-07,,-0.30082658086220104,,
2003-03-10,,-0.36954012656592833,,
2003-03-11,,-0.4380511483058167,,
2003-03-12,,-0.5062699456278977,,
2003-03-13,,-0.3373085319749065,1.389553087526531,
2003-03-14,,-0.21631339028609292,,
2003-03-17,,-0.19135406384453926,,
2003-03-18,,-0.14229103366016146,,
2003-03-19,,-0.14174909175332256,,
2003-03-20,,-0.16559097005847356,0.33467097043832783,
2003-03-21,,-0.042338767651334014,,
2003-03-24,,-0.09165501809951558,,
2003-03-25,,-0.11617970636524402,,
2003-03-26,,0.05863023633133916,,
2003-03-27,,0.05803860611606328,0.23811871705636045,
2003-03-28,,0.0826252393595475,,
2003-03-31,,0.056577947571810075,,
2003-04-01,,0.005093731812681943,,
2003-04-02,,0.20940864951006136,,
2003-04-03,,0.38742464915554686,0.8426475070462262,
2003-04-04,,0.35868948504412723,,
2003-04-07,,0.5880642086801697,,
2003-04-08,,0.5569533764965862,,
2003-04-09,,0.6037927773573389,,
2003-04-10,,0.624149664338262,0.18141330144744075,
2003-04-11,,0.48817882139580565,,
2003-04-14,,0.43171064250965796,,
2003-04-15,,0.5855683092004843,,
2003-04-16,,0.6064251929706985,,
2003-04-17,,0.6533027088323136,-0.1661208462091163,
2003-04-18,,0.6468752666172435,,
2003-04-21,,0.5612630438008882,,
2003-04-22,,0.6884817819651348,,
2003-04-23,,0.7871553223813896,,
2003-04-24,,0.725396354693842,-1.5680090551436228,
2003-04-25,,0.664576224322298,,
2003-04-28,,0.657782453789282,,
2003-04-29,,0.7043224862767905,,
2003-04-30,,0.6434606950543953,,
2003-05-01,,0.5833671319271252,-0.5349809055905228,
2003-05-02,,0.6045184844272892,,
2003-05-05,,0.7059567335267215,,
2003-05-06,,0.6175882742669881,,
2003-05-07,,0.6921898068590843,,
2003-05-08,,0.6576982184642735,-1.085242584797513,
2003-05-09,,0.6777668573884262,,
2003-05-12,,0.6162432251259251,,
2003-05-13,,0.5554662568149429,,
2003-05-14,,0.30369554769006196,,
2003-05-15,,0.16312580477462846,-1.640024265133446,
2003-05-16,,0.07830021202819017,,
2003-05-19,,0.04935656558539065,,
2003-05-20,,-0.09170564159713633,,
2003-05-21,,-0.23267285148961483,,
2003-05-22,,-0.31683009686852226,0.4629081182725386,
2003-05-23,,-0.3154794557385415,,
2003-05-26,,-0.31413584935618305,,
2003-05-27,,-0.2840477747063501,,
2003-05-28,,-0.31180415141968487,,
2003-05-29,,-0.2814337751879794,-1.7114224594038865,
2003-05-30,,-0.33868827447856437,,
2003-05-31,,-0.45444116691294034,,
2003-06-02,,-0.4520812224826701,,
2003-06-03,,-0.5383882955336335,,
2003-06-04,,-0.5649561374910504,,
2003-06-05,,-0.47226408761575783,-0.9457989423802193,
2003-06-06,,-0.4098405619490001,,
2003-06-09,,-0.3475756431442149,,
2003-06-10,,-0.2551330233827434,,
2003-06-11,,-0.16277325956705724,,
2003-06-12,,-0.13171001190166984,-0.37024149130912004,
2003-06-13,,-0.1314498145117355,,
2003-06-16,,-0.00739074420000744,,
2003-06-17,,0.17872836640274706,,
2003-06-18,,0.23952219598449856,,
2003-06-19,,0.1746924844593558,-0.3525431492015259,
2003-06-20,,0.07843226454592797,,
2003-06-23,,0.04571371108803588,,
2003-06-24,,-0.050765877881714924,,
2003-06-25,,-0.01892960911186709,,
2003-06-26,,-0.05158217461132247,-2.3078312173309734,
2003-06-27,,-0.01940278353363717,,
2003-06-30,,-0.019819721964988418,,
2003-07-01,,-0.15124512412703034,,
2003-07-02,,-0.11797357958092047,,
2003-07-03,,-0.018517050171655156,0.36816933145078107,
2003-07-04,,-0.05221817929353375,,
2003-07-07,,-0.08590276383652806,,
2003-07-08,,-0.08593947196899768,,
2003-07-09,,-0.052165463955430195,,
2003-07-10,,-0.08639012281344917,0.07171858393495151,
2003-07-11,,-0.15476997585874974,,
2003-07-14,,-0.05135251543228209,,
2003-07-15,,-0.08612843763209546,,
2003-07-16,,-0.19032269162939852,,
2003-07-17,,-0.22465115432194227,-0.4253952985338675,
2003-07-18,,-0.1186370199837882,,
2003-07-21,,-0.04794563637158673,,
2003-07-22,,0.05815655239807471,,
2003-07-23,,0.05726798067608263,,
2003-07-24,,0.05638190096344066,-0.3581271105763401,
2003-07-25,,0.05549829795328919,,
2003-07-28,,0.018421416915924207,,
2003-07-29,,0.017760087324429998,,
2003-07-30,,-0.019481871050558135,,
2003-07-31,,-0.16704080248102582,-1.019266712043769,
2003-08-01,,-0.2405614293657027,,
2003-08-04,,-0.276857847916952,,
2003-08-05,,-0.3131087488373721,,
2003-08-06,,-0.4617504226898461,,
2003-08-07,,-0.5345866228972835,0.053217637245366926,
2003-08-08,,-0.4560275281867148,,
2003-08-11,,-0.37770843703506507,,
2003-08-12,,-0.5666429236246896,,
2003-08-13,,-0.6397790419631694,,
2003-08-14,,-0.6740580621256423,-0.614522826894699,
2003-08-15,,-0.6311597962434211,,
2003-08-18,,-0.7043777818591821,,
2003-08-19,,-0.6608685916346584,,
2003-08-20,,-0.6954088947048724,,
2003-08-21,,-0.5346097452101963,-1.4315335777486622,
2003-08-22,,-0.6099671814225387,,
2003-08-25,,-0.606171395840116,,
2003-08-26,,-0.5628996973008086,,
2003-08-27,,-0.5595499478298191,,
2003-08-28,,-0.43658705868959086,-0.9217616288266648,
2003-08-29,,-0.19346698953955055,,
2003-08-31,,-0.23317912307270405,,
2003-09-01,,-0.23227442633060177,,
2003-09-02,,-0.06813776233924614,,
2003-09-03,,0.05491191230877497,,
2003-09-04,,0.012922502060756598,-1.4630285465400303,
2003-09-05,,-0.07052244287373372,,
2003-09-08,,-0.1122512851752556,,
2003-09-09,,0.013691715142831316,,
2003-09-10,,0.013179991477612302,,
2003-09-11,,0.05502761588795085,-1.197158179076731,
2003-09-12,,0.0542748267583523,,
2003-09-15,,0.0535240173338766,,
2003-09-16,,0.009740945600198834,,
2003-09-17,,0.052504571807871166,,
2003-09-18,,0.008264869390368164,-1.2910870987922933,
2003-09-19,,0.05149352776306955,,
2003-09-22,,0.006792241572141859,,
2003-09-23,,-0.08208866378777648,,
2003-09-24,,-0.08208176379923662,,
2003-09-25,,-0.03740627946313722,-0.8949841794345806,
2003-09-26,,-0.17236912888529943,,
2003-09-29,,-0.12671112650923647,,
2003-09-30,,-0.12645458576479887,,
2003-10-01,,-0.30863500314551945,,
2003-10-02,,-0.26146056705994697,-0.25595489601015115,
2003-10-03,,-0.1682543313563853,,
2003-10-06,,-0.16775663171915256,,
2003-10-07,,-0.07410224061561774,,
2003-10-08,,-0.12096863876268259,,
2003-10-09,,0.020501340459752163,-0.8584460538435467,
2003-10-10,,-0.027397080053350446,,
2003-10-13,,-0.02769680849874631,,
2003-10-14,,-0.027996216635988794,,
2003-10-15,,0.06788839269960834,,
2003-10-16,,0.067043133653585,-1.4096866834718451,
2003-10-17,,0.06620014439410181,,
2003-10-20,,0.06535941097838008,,
2003-10-21,,-0.03371057481959159,,
2003-10-22,,-0.13275160629742025,,
2003-10-23,,-0.13247531985680958,-0.9079124468185863,
2003-10-24,,-0.18210171624043495,,
2003-10-27,,-0.13137805131083347,,
2003-10-28,,-0.08067288220683007,,
2003-10-29,,-0.0806900022271,,
2003-10-30,,0.02124904967912296,-1.0328863618816566,
2003-10-31,,-0.0818404432547849,,
2003-11-03,,-0.08185461506907128,,
2003-11-04,,-0.13366681359222662,,
2003-11-05,,-0.28955387835907637,,
2003-11-06,,-0.28834608264631284,-1.1038519380717484,
2003-11-07,,-0.33969728078515293,,
2003-11-10,,-0.33815688664408894,,
2003-11-11,,-0.38967706024160925,,
2003-11-12,,-0.12105608832824732,,
2003-11-13,,-0.22814702659275038,-0.9962523509664141,
2003-11-14,,-0.3351151029950874,,
2003-11-17,,-0.3877348064990257,,
2003-11-18,,-0.440219011778412,,
2003-11-19,,-0.2739939627408017,,
2003-11-20,,-0.16290337429817928,-0.6795422085648503,
2003-11-21,,-0.1624371393910423,,
2003-11-24,,-0.10639184556027974,,
2003-11-25,,-0.050361686643765065,,
2003-11-26,,-0.05052735939981329,,
2003-11-27,,-0.05069318275380239,-1.0115148173411512,
2003-11-28,,-0.1644250113914457,,
2003-11-30,,-0.16395330294821228,,
2003-12-01,,-0.048714260001090755,,
2003-12-02,,0.0664948440692279,,
2003-12-03,,0.2975020513348659,,
2003-12-04,,0.35339305148907973,-1.686181908686034,
2003-12-05,,0.17527918296248218,,
2003-12-08,,0.2325969318541844,,
2003-12-09,,0.28981207515222956,,
2003-12-10,,-0.009414185650717846,,
2003-12-11,,-0.24878474794799021,-0.7202410806660954,
2003-12-12,,-0.1878130142788137,,
2003-12-15,,-0.1268744966835267,,
2003-12-16,,-0.24798786899003647,,
2003-12-17,,-0.18607105138050833,,
2003-12-18,,-0.06286569426051317,-1.0117982399843788,
2003-12-19,,0.06030801806567841,,
2003-12-22,,-0.002479927270507707,,
2003-12-23,,-0.0029437399422055947,,
2003-12-24,,-0.12868817448732944,,
2003-12-25,,-0.12845276180704726,,
2003-12-26,,-0.0649122702532655,-1.3319131871161416,
2003-12-29,,0.062257331670520055,,
2003-12-30,,-0.13052217826159407,,
2003-12-31,,-0.06595888727347382,,
2004-01-01,,-0.19539884052077727,-1.3364002561708004,
2004-01-02,,-0.19478581270768242,,
2004-01-05,,0.00185041609070226,,
2004-01-06,,-0.06434104243864704,,
2004-01-07,,-0.13051566686113755,,
2004-01-08,,-0.06388244981491202,-1.3258824214284501,
2004-01-09,,0.0694840030175389,,
2004-01-12,,-0.06560194748549614,,
2004-01-13,,-0.13319150560926504,,
2004-01-14,,-0.06512423382907695,,
2004-01-15,,-0.06525656281992781,-1.6004100066096414,
2004-01-16,,-0.06538924491382053,,
2004-01-19,,-0.2033330917717403,,
2004-01-20,,-0.20268438469858965,,
2004-01-21,,-0.2716383521390185,,
2004-01-22,,-0.1306435806349421,-1.5595234215411304,
2004-01-23,,-0.06005084072019408,,
2004-01-26,,-0.13094785783151283,,
2004-01-27,,-0.2728890908416114,,
2004-01-28,,-0.12891869997649186,,
2004-01-29,,-0.41587959183494877,-0.9182480770522129,
2004-01-30,,-0.4858620020841177,,
2004-01-31,,-0.6277661104589585,,
2004-02-02,,-0.7685903517017396,,
2004-02-03,,-0.8355232224364237,,
2004-02-04,,-0.8291321362312899,,
2004-02-05,,-0.8955111857458427,-0.3498566055154619,
2004-02-06,,-0.8153740862503074,,
2004-02-09,,-0.6628076353089943,,
2004-02-10,,-0.7320215228950822,,
2004-02-11,,-0.7269176987369285,,
2004-02-12,,-0.7218660868382695,-0.887814993920564,
2004-02-13,,-0.8650457202405037,,
2004-02-16,,-0.7839449908957798,,
2004-02-17,,-0.7781581969390785,,
2004-02-18,,-0.7724361833410878,,
2004-02-19,,-0.8416429976136851,-0.6157732897502932,
2004-02-20,,-0.9847733781394098,,
2004-02-23,,-0.9010015967973588,,
2004-02-24,,-0.9685598839219426,,
2004-02-25,,-1.1098642470482287,,
2004-02-26,,-0.8733825331935665,0.46781336459121886,
2004-02-27,,-0.7907479148944176,,
2004-02-29,,-0.7847633330740122,,
2004-03-01,,-0.702793369044426,,
2004-03-02,,-0.621456941261309,,
2004-03-03,,-0.6941152330915925,,
2004-03-04,,-0.6123089648071837,-0.5864997533578323,
2004-03-05,,-0.6856030248458234,,
2004-03-08,,-0.7582723716820087,,
2004-03-09,,-0.8301844897319172,,
2004-03-10,,-0.8235888758561164,,
2004-03-11,,-0.9725526958154017,0.6205816145954142,
2004-03-12,,-0.8859240541673936,,
2004-03-15,,-0.956424070778501,,
2004-03-16,,-1.0257482341872455,,
2004-03-17,,-0.937891616380024,,
2004-03-18,,-0.9295666097361586,0.4144715112033799,
2004-03-19,,-0.7643587488903136,,
2004-03-22,,-0.9160033942129865,,
2004-03-23,,-0.7502247210124772,,
2004-03-24,,-0.7445549952553899,,
2004-03-25,,-0.8183800564799515,1.4476744873140497,
2004-03-26,,-0.7321487227975797,,
2004-03-29,,-0.4863163614222996,,
2004-03-30,,-0.5638946887368361,,
2004-03-31,,-0.6410086045794192,,
2004-04-01,,-0.5554477917319801,-0.517078489141422,
2004-04-02,,-0.470301392922951,,
2004-04-05,,-0.30340875664796746,,
2004-04-06,,-0.2192343013561251,,
2004-04-07,,-0.052124000893775925,,
2004-04-08,,0.11497545968200121,-0.767188567918681,
2004-04-09,,0.19814752697198432,,
2004-04-12,,0.19698271306972187,,
2004-04-13,,0.28052043257674597,,
2004-04-14,,0.36391508529507627,,
2004-04-15,,0.5324023771563516,-1.2618902081179604,
2004-04-16,,0.528799275533408,,
2004-04-19,,0.008058731591043344,,
2004-04-20,,0.09468749791518041,,
2004-04-21,,0.2684582137036877,,
2004-04-22,,0.44187346545228073,-0.25136444602685143,
2004-04-23,,0.9637868544166509,,
2004-04-26,,0.6048184156150991,,
2004-04-27,,0.4241045114108367,,
2004-04-28,,0.3326313316548317,,
2004-04-29,,0.33055325768320243,-0.3067064498618981,
2004-04-30,,0.23881070080316957,,
2004-05-03,,0.056928678591610854,,
2004-05-04,,-0.12493852810985671,,
2004-05-05,,-0.39774233854062846,,
2004-05-06,,-0.6693640742589395,0.45632201358298785,
2004-05-07,,-0.6646647020426257,,
2004-05-10,,-0.9345305779296555,,
2004-05-11,,-0.9262327157586786,,
2004-05-12,,-1.1917621936794018,,
2004-05-13,,-1.178384157756527,1.450457981543298,
2004-05-14,,-1.4365125020608214,,
2004-05-17,,-1.5060064201974266,,
2004-05-18,,-0.9442441496462064,,
2004-05-19,,-0.8447841854863352,,
2004-05-20,,-1.1103741295945138,1.1129934172850826,
2004-05-21,,-1.1890904193921124,,
2004-05-24,,-1.6235012539807254,,
2004-05-25,,-1.4193851071879862,,
2004-05-26,,-1.3995871563783766,,
2004-05-27,,-1.291712948363258,1.137958848821294,
2004-05-28,,-1.0084521527094452,,
2004-05-31,,-0.9985391741123547,,
2004-06-01,,-1.078244838201105,,
2004-06-02,,-0.9774351147491999,,
2004-06-03,,-0.7881721591311538,0.6241017335768126,
2004-06-04,,-0.6006602146805148,,
2004-06-07,,-0.5963495485917508,,
2004-06-08,,-0.22584814048181717,,
2004-06-09,,-0.22444235866775314,,
2004-06-10,,-0.03765020884443636,-0.8286483385021977,
2004-06-11,,-0.03730242032749662,,
2004-06-14,,-0.03695553377242528,,
2004-06-15,,0.15182010841089244,,
2004-06-16,,0.05643487470104545,,
2004-06-17,,-0.038946398805402044,0.35488519686442666,
2004-06-18,,0.057145578845208045,,
2004-06-21,,0.05698674201698084,,
2004-06-22,,0.05682870743304702,,
2004-06-23,,0.1539418296117744,,
2004-06-24,,0.05546741356327759,-0.5517107908725915,
2004-06-25,,0.055316329427589274,,
2004-06-28,,-0.1425129458272565,,
2004-06-29,,-0.04223384803310159,,
2004-06-30,,-0.14174409839535757,,
2004-07-01,,-0.1408201043245783,-0.8995653773543281,
2004-07-02,,-0.2408022497689797,,
2004-07-05,,-0.13787354540987146,,
2004-07-06,,-0.23891713439153098,,
2004-07-07,,-0.33982044021513863,,
2004-07-08,,-0.44046771587846767,-0.5505633468816441,
2004-07-09,,-0.43755629178338584,,
2004-07-12,,-0.33091815844888756,,
2004-07-13,,-0.22445473368341087,,
2004-07-14,,-0.3278958192863863,,
2004-07-15,,-0.22039650887648587,-0.09324639001318984,
2004-07-16,,-0.11297188539163458,,
2004-07-19,,-0.005566426091589057,,
2004-07-20,,-0.005341769851931776,,
2004-07-21,,-0.112862407292355,,
2004-07-22,,-0.11205292214954064,0.44614998143330264,
2004-07-23,,-0.0023560625107657772,,
2004-07-26,,-0.002142999781651567,,
2004-07-27,,0.1081335320473255,,
2004-07-28,,-0.0028978518268932443,,
2004-07-29,,0.33091644533470066,1.0764335981638058,
2004-07-30,,0.3292038300440773,,
2004-07-31,,0.3274996866789119,,
2004-08-02,,-0.1256371777760408,,
2004-08-03,,-0.011276752204813955,,
2004-08-04,,-0.12511205540428164,,
2004-08-05,,-0.009540452189214961,1.1018120233669888,
2004-08-06,,-0.12459964965097214,,
2004-08-09,,-0.23959542916453433,,
2004-08-10,,-0.3544246260229806,,
2004-08-11,,-0.3521193580057292,,
2004-08-12,,-0.4672023479549139,1.0278156560126674,
2004-08-13,,-0.5817609749694037,,
2004-08-16,,-0.6955422046131956,,
2004-08-17,,-0.5717515615922361,,
2004-08-18,,-0.5676296600449596,,
2004-08-19,,-0.4440117215785498,0.952988130376196,
2004-08-20,,-0.4409892397556207,,
2004-08-23,,-0.43798440362916424,,
2004-08-24,,-0.43499699548641346,,
2004-08-25,,-0.3101538376183174,,
2004-08-26,,-0.3080787735876265,0.20851549910992964,
2004-08-27,,-0.18281213392130183,,
2004-08-30,,-0.057602858450577867,,
2004-08-31,,0.44107833310325345,,
2004-09-01,,0.18862112673321813,,
2004-09-02,,0.4392142124069122,0.34146982907042256,
2004-09-03,,0.5628277521052389,,
2004-09-06,,0.6856952618439403,,
2004-09-07,,0.8074869527234498,,
2004-09-08,,0.801315915424951,,
2004-09-09,,0.6680317254340323,-0.287167120774868,
2004-09-10,,0.7911512839683754,,
2004-09-13,,0.9128511354985495,,
2004-09-14,,1.0327035852994186,,
2004-09-15,,0.8952357671207244,,
2004-09-16,,0.7593972416667717,0.3255177868942126,
2004-09-17,,0.7537697312525057,,
2004-09-20,,0.7482024442525713,,
2004-09-21,,0.8722523856606667,,
2004-09-22,,0.6050472481168547,,
2004-09-23,,0.601086207659564,-0.18001974342425853,
2004-09-24,,0.4657084701102363,,
2004-09-27,,0.33072637630844426,,
2004-09-28,,0.3289640859567692,,
2004-09-29,,0.19351818969382084,,
2004-09-30,,0.32698739376918806,0.8827023939440714,
2004-10-01,,0.3252421988782199,,
2004-10-04,,0.323505476290706,,
2004-10-05,,0.3217771556364954,,
2004-10-06,,0.18299470676452975,,
2004-10-07,,0.1821220400154399,-0.7881956063054404,
2004-10-08,,0.31975140367145455,,
2004-10-11,,0.1788548772700367,,
2004-10-12,,0.03800237916610581,,
2004-10-13,,-0.1028429158732886,,
2004-10-14,,-0.10216699970213126,0.1954835893610269,
2004-10-15,,0.04076862049859754,,
2004-10-18,,-0.1023476512532017,,
2004-10-19,,-0.24539835421607634,,
2004-10-20,,-0.8196886394300035,,
2004-10-21,,-0.5247982894242827,0.32512056675447976,
2004-10-22,,-0.5212460857334669,,
2004-10-25,,-0.6631604756461048,,
2004-10-26,,-0.5122836702653268,,
2004-10-27,,-0.21489890985195517,,
2004-10-28,,-0.2135420756030634,0.4729975145178918,
2004-10-29,,-0.06348952887154193,,
2004-10-31,,-0.36184421275537026,,
2004-11-01,,-0.5094191668676137,,
2004-11-02,,-0.5059603637428868,,
2004-11-03,,-0.351353195218438,,
2004-11-04,,-0.19699176393861872,-0.6614406808105575,
2004-11-05,,0.11034627123569941,,
2004-11-08,,0.10994746428703454,,
2004-11-09,,0.10955040146898541,,
2004-11-10,,0.2645847207119538,,
2004-11-11,,0.26329348668200775,-0.9685957693335819,
2004-11-12,,0.41886249125511044,,
2004-11-15,,0.41652402851613485,,
2004-11-16,,0.5722629530503287,,
2004-11-17,,1.0422346080610865,,
2004-11-18,,0.8747795218224598,-0.9913568500668773,
2004-11-19,,1.0254674820002188,,
2004-11-22,,1.173249444631486,,
2004-11-23,,1.0031961485862784,,
2004-11-24,,0.8356251695687665,-0.07685927174194682,
2004-11-25,,1.1456833867156495,,
2004-11-26,,0.6575820926870448,,
2004-11-29,,0.9721136435314994,,
2004-11-30,,0.6437048234666964,,
2004-12-01,,0.6392718112998923,,
2004-12-02,,0.63487726052626,-0.49192847263704953,
2004-12-03,,0.46825674053544625,,
2004-12-06,,0.30210516663642817,,
2004-12-07,,0.3004377753133219,,
2004-12-08,,0.29877801092859535,,
2004-12-09,,-0.034878731068844836,-0.23599599089700984,
2004-12-10,,-0.03464644651163251,,
2004-12-13,,-0.20221639867813318,,
2004-12-14,,-0.20105628679660978,,
2004-12-15,,-0.03035497330341792,,
2004-12-16,,-0.030141020166983667,-0.5825998679402065,
2004-12-17,,-0.02992768192405169,,
2004-12-20,,0.14258703827938518,,
2004-12-21,,0.14186863247670617,,
2004-12-22,,-0.03296952494168293,,
2004-12-23,,-0.03274271547314424,-0.9950183534897483,
2004-12-24,,-0.38428003478155665,,
2004-12-27,,-0.028512720558294107,,
2004-12-28,,-0.20604580529203909,,
2004-12-29,,0.33105415312356995,,
2004-12-30,,0.32920226620073817,-0.890597371218941,
2004-12-31,,-0.3940535477773118,,
2005-01-03,,-0.391648749590069,,
2005-01-04,,-0.5708812243351107,,
2005-01-05,,-0.7489029472411616,,
2005-01-06,,-0.9249647435069387,0.8872201763611811,
2005-01-07,,-0.7345443640804324,,
2005-01-10,,-0.7289210456105887,,
2005-01-11,,-0.7233552496651827,,
2005-01-12,,-0.901807010925395,,
2005-01-13,,-1.0774849526198584,1.331723401415774,
2005-01-14,,-1.2493568087223053,,
2005-01-17,,-1.0519575312303986,,
2005-01-18,,-1.5868448356563603,,
2005-01-19,,-1.7407172870288028,,
2005-01-20,,-2.2339013497487237,1.0347360703773312,
2005-01-21,,-2.346630139919234,,
2005-01-24,,-1.7777339717496972,,
2005-01-25,,-1.5753593498326195,,
2005-01-26,,-1.380413799012575,,
2005-01-27,,-1.3619806767538263,1.49776031230909,
2005-01-28,,-1.5137158252657086,,
2005-01-31,,-0.9811354924967801,,
2005-02-01,,-0.9716381191318613,,
2005-02-02,,-0.7901645959410083,,
2005-02-03,,-0.6103253035326457,0.20470892871445462,
2005-02-04,,-0.25676260438913917,,
2005-02-07,,-0.0792165511982725,,
2005-02-08,,-0.0784366456715882,,
2005-02-09,,-0.4326811748099439,,
2005-02-10,,-0.25143988920933663,0.002500579593614678,
2005-02-11,,-0.07033332315152194,,
2005-02-14,,0.11075303460450141,,
2005-02-15,,-0.0707699392832681,,
2005-02-16,,0.29441006891820337,,
2005-02-17,,0.4759572566019337,0.6998096004906166,
2005-02-18,,1.3828398570994025,,
2005-02-21,,1.3653357549263343,,
2005-02-22,,0.9882854579828457,,
2005-02-23,,0.7979524744149019,,
2005-02-24,,0.7920002594403682,1.008704479794357,
2005-02-25,,0.602863266561792,,
2005-02-28,,0.5990852237787971,,
2005-03-01,,0.9640715005808952,,
2005-03-02,,0.9556565111385434,,
2005-03-03,,0.7626907651290812,0.399718151445402,
2005-03-04,,0.7571314634146888,,
2005-03-07,,0.5651708216709016,,
2005-03-08,,0.3739888034540547,,
2005-03-09,,0.37203986746799966,,
2005-03-10,,0.7486358439841475,-0.21475726379627091,
2005-03-11,,0.7432187329979134,,
2005-03-14,,0.35694446372834454,,
2005-03-15,,0.1631474206692283,,
2005-03-16,,-0.9920354361892446,,
2005-03-17,,-1.737564142392247,1.0073800998407023,
2005-03-18,,-1.7068767815359303,,
2005-03-21,,-2.7500130355305634,,
2005-03-22,,-2.821688571734627,,
2005-03-23,,-3.0,,
2005-03-24,,-2.7580830912950933,1.8908167948982417,
2005-03-25,,-2.8131980830369416,,
2005-03-28,,-2.7092524718589557,,
2005-03-29,,-2.760262356307411,,
2005-03-30,,-3.0,,
2005-03-31,,-3.0,2.0237612240715337,
2005-04-01,,-3.0,,
2005-04-04,,-3.0,,
2005-04-05,,-3.0,,
2005-04-06,,-3.0,,
2005-04-07,,-2.8502764912286174,1.6807473795567112,
2005-04-08,,-2.839640042807065,,
2005-04-11,,-3.0,,
2005-04-12,,-3.0,,
2005-04-13,,-3.0,,
2005-04-14,,-2.75408824842521,2.058177290461134,
2005-04-15,,-2.814735597000275,,
2005-04-18,,-3.0,,
2005-04-19,,-2.405695315042404,,
2005-04-20,,-1.9247478897906867,,
2005-04-21,,-1.4722649834650485,0.6845296817119324,
2005-04-22,,-1.2830912720279495,,
2005-04-25,,-1.427209767336235,,
2005-04-26,,-1.484075173484661,,
2005-04-27,,-1.2966460457750673,,
2005-04-28,,-1.2767638789781124,1.090732737516537,
2005-04-29,,-1.1768810814004538,,
2005-04-30,,-1.0796903215755345,,
2005-05-02,,-0.8226352044958033,,
2005-05-03,,-0.8949219096019441,,
2005-05-04,,-0.8032518626684108,,
2005-05-05,,-1.28052527275494,1.593983060631573,
2005-05-06,,-1.579005444802991,,
2005-05-09,,-0.8314755000884922,,
2005-05-10,,-0.8221093648479447,,
2005-05-11,,-0.8128709281759288,,
2005-05-12,,-0.6416005163945633,1.0933751326449088,
2005-05-13,,-0.4718878568247927,,
2005-05-16,,-0.22090760765325473,,
2005-05-17,,-0.46597351456743447,,
2005-05-18,,-0.7911282134644202,,
2005-05-19,,-0.9464849366737856,0.3427189757479098,
2005-05-20,,-1.0165827195442267,,
2005-05-23,,-0.6748621407426164,,
2005-05-24,,-0.7502378470149262,,
2005-05-25,,-0.49331216017428764,,
2005-05-26,,0.013253005743622617,-0.14434553439017755,
2005-05-27,,0.5189332302673901,,
2005-05-30,,0.6008146700597773,,
2005-05-31,,2.167773507252663,,
2005-06-01,,2.1946455356228665,,
2005-06-02,,2.2951062929070543,-0.5367530395062785,
2005-06-03,,2.6810642871021044,,
2005-06-06,,2.9420248436186243,,
2005-06-07,,2.6854663756992716,,
2005-06-08,,2.523580589635464,,
2005-06-09,,2.509005601795422,-0.405123254109422,
2005-06-10,,2.557631779550225,,
2005-06-13,,2.721112162555674,,
2005-06-14,,2.7391819185560284,,
2005-06-15,,2.8075752865075247,,
2005-06-16,,2.638618072644394,-0.5323306552780978,
2005-06-17,,2.4318790651959263,,
2005-06-20,,2.2445182171508007,,
2005-06-21,,2.072542959722843,,
2005-06-22,,1.9665187446849501,,
2005-06-23,,1.7608350014599852,-0.4900079032094458,
2005-06-24,,1.459262875224358,,
2005-06-27,,1.1684686426624642,,
2005-06-28,,1.2624355549507538,,
2005-06-29,,0.21381985081966004,,
2005-06-30,,0.1577230296325851,0.08018098314097367,
2005-07-01,,0.046234636205676284,,
2005-07-04,,-0.009537266852838455,,
2005-07-05,,0.04670117555643402,,
2005-07-06,,-0.06596224147644193,,
2005-07-07,,-0.008825042134289501,-0.21247412802194449,
2005-07-08,,0.1052029353129795,,
2005-07-11,,0.21918910479781895,,
2005-07-12,,0.2181649984606012,,
2005-07-13,,0.15937970171477334,,
2005-07-14,,0.21676455295378447,-1.2176271206699378,
2005-07-15,,0.2740972086733954,,
2005-07-18,,0.33134615944251933,,
2005-07-19,,0.32960637527896813,,
2005-07-20,,0.32787516745575185,,
2005-07-21,,0.5636501729223404,0.22589721442180108,
2005-07-22,,0.6194878257749943,,
2005-07-25,,0.6748927181170287,,
2005-07-26,,0.7297846980776677,,
2005-07-27,,0.664338799094633,,
2005-07-28,,0.7196952909974889,-1.0211767468457138,
2005-07-29,,0.8345788274466248,,
2005-07-31,,0.5860848353682402,,
2005-08-01,,0.642848282254162,,
2005-08-02,,0.5773942081998534,,
2005-08-03,,0.6346613020128303,,
2005-08-04,,0.6301806981958029,-0.14708996109481945,
2005-08-05,,0.5641868871281485,,
2005-08-08,,0.374705512368013,,
2005-08-09,,0.31025873096030093,,
2005-08-10,,0.3085491394640967,,
2005-08-11,,0.18094250172562285,0.3760238592657834,
2005-08-12,,0.11671037920058676,,
2005-08-15,,0.11615112130115557,,
2005-08-16,,0.11559394157449536,,
2005-08-17,,0.1150388299621488,,
2005-08-18,,0.049811767818668,1.4233510889214551,
2005-08-19,,0.049610279344055916,,
2005-08-22,,0.04940958526922386,,
2005-08-23,,-0.016507835310024515,,
2005-08-24,,-0.08242115831479425,,
2005-08-25,,-0.14831693915716254,0.6487847219094596,
2005-08-26,,-0.21417021485941953,,
2005-08-29,,-0.011657485347043962,,
2005-08-30,,-0.21384974096992324,,
2005-08-31,,-0.07703432433385417,,
2005-09-01,,-0.07654915888101511,1.1541363545279864,
2005-09-02,,-0.1445720979194391,,
2005-09-05,,-0.1437102729266863,,
2005-09-06,,-0.0736286364961149,,
2005-09-07,,-0.07315595326761545,,
2005-09-08,,-0.07268472362668404,0.40043153734698195,
2005-09-09,,-0.07221494010432673,,
2005-09-12,,0.0696811071517298,,
2005-09-13,,-0.001698896811470824,,
2005-09-14,,-0.00160800685072032,,
2005-09-15,,-0.0015172614560745785,-0.24236068005206404,
2005-09-16,,-0.07365757274110867,,
2005-09-19,,-0.1457800794455234,,
2005-09-20,,-0.14490161757861658,,
2005-09-21,,-0.21736072707436493,,
2005-09-22,,-0.28972936499212865,0.5296600296423226,
2005-09-23,,-0.2879651975224101,,
2005-09-26,,-0.2118142631231117,,
2005-09-27,,-0.2853082124244107,,
2005-09-28,,-0.13324602430657456,,
2005-09-29,,-0.2835197915185773,1.2144050090117093,
2005-09-30,,-0.20587634918329945,,
2005-10-03,,-0.05194179467638861,,
2005-10-04,,-0.05155231629768736,,
2005-10-05,,-0.05116393135318074,,
2005-10-06,,-0.12834982184605204,-0.2455109623572936,
2005-10-07,,-0.2054921837224337,,
2005-10-10,,-0.20423109315842594,,
2005-10-11,,-0.2816875079961873,,
2005-10-12,,-0.5168681676208557,,
2005-10-13,,-0.6714133421336665,1.295677843047468,
2005-10-14,,-0.6661818935889331,,
2005-10-17,,-0.26249843946145046,,
2005-10-18,,-0.10019778101103556,,
2005-10-19,,-0.18027215607274152,,
2005-10-20,,-0.09794113170904825,0.49435606859838543,
2005-10-21,,0.06600955957403194,,
2005-10-24,,0.0658123544118162,,
2005-10-25,,-0.016889930337090884,,
2005-10-26,,-0.18249738499538096,,
2005-10-27,,-0.2646321032832351,1.5160718844118843,
2005-10-28,,-0.2629564244291469,,
2005-10-31,,-0.42936287707790866,,
2005-11-01,,-0.5107709988910398,,
2005-11-02,,-0.5071853459536927,,
2005-11-03,,-0.41865879383254706,0.07311054554160164,
2005-11-04,,-0.33041633834212053,,
2005-11-07,,-0.24235144313994123,,
2005-11-08,,-0.327120009732407,,
2005-11-09,,-0.32498051999561556,,
2005-11-10,,-0.14846386763921254,-0.9123786252198894,
2005-11-11,,0.027994166786159184,,
2005-11-14,,-0.060141895124190624,,
2005-11-15,,-0.4138759166807208,,
2005-11-16,,-0.8535889765803982,,
2005-11-17,,-0.9339170474745275,-0.7192947161519475,
2005-11-18,,-0.8364161013894409,,
2005-11-21,,-0.8287937503741942,,
2005-11-22,,-0.9099118009588298,,
2005-11-23,,-0.9010434930950081,,
2005-11-24,,-0.7143174632383409,-1.1704094287789135,
2005-11-25,,-0.6188360251279172,,
2005-11-28,,-0.613986368950976,,
2005-11-29,,-0.24745023967040944,,
2005-11-30,,-0.5185292442037279,,
2005-12-01,,-0.5146818325130117,-0.5602052956758334,
2005-12-02,,-0.6022937031812974,,
2005-12-05,,-0.6891818838978531,,
2005-12-06,,-0.7751521412841724,,
2005-12-07,,-0.768248617407217,,
2005-12-08,,-0.7614240124043616,-0.6292717805454704,
2005-12-09,,-0.47704395034208114,,
2005-12-12,,-0.4734927093255146,,
2005-12-13,,-0.37637898587705587,,
2005-12-14,,-0.46765761914403964,,
2005-12-15,,-0.1806866594327766,-0.3060879959390911,
2005-12-16,,0.010978135981755614,,
2005-12-19,,-0.08433514079547517,,
2005-12-20,,-0.2756489920594007,,
2005-12-21,,-0.17709758935347367,,
2005-12-22,,-0.1756934334252418,0.2498237118305172,
2005-12-23,,-0.1742939288243576,,
2005-12-26,,-0.1728990420874148,,
2005-12-27,,-0.17150874003890043,,
2005-12-28,,-0.36805239839268356,,
2005-12-29,,-0.26596285220883187,0.8434564867725131,
2005-12-30,,-0.1640276740117442,,
2005-12-31,,1.7252131453053117,,
2006-01-02,,1.7908574065155856,,
2006-01-03,,1.8523405803261943,,
2006-01-04,,1.9095632757970873,,
2006-01-05,,1.8703676203916257,1.404961386439506,
2006-01-06,,1.649125789549345,,
2006-01-09,,1.7131752098066735,,
2006-01-10,,1.6828462508397266,,
2006-01-11,,1.7437341184821749,,
2006-01-12,,1.711831110585025,-1.1067909860303946,
2006-01-13,,1.5924261522694756,,
2006-01-16,,1.65489218389669,,
2006-01-17,,1.3621458196919511,,
2006-01-18,,1.6948191449030046,,
2006-01-19,,1.6644897375208005,-0.32398629690918906,
2006-01-20,,1.7210409793493324,,
2006-01-23,,1.6892942096041343,,
2006-01-24,,1.6588049995218324,,
2006-01-25,,1.7131197993024818,,
2006-01-26,,1.9282934097369158,0.9999545428824788,
2006-01-27,,1.8044109094164453,,
2006-01-30,,0.19257922718702916,,
2006-01-31,,0.27621036679500816,,
2006-02-01,,0.2746350081691996,,
2006-02-02,,0.3585477463451452,0.3029469402212616,
2006-02-03,,0.2705254524001118,,
2006-02-06,,0.35528854113205827,,
2006-02-07,,0.1796660582809002,,
2006-02-08,,0.17865794669814186,,
2006-02-09,,0.26533257946250843,0.5880021855020688,
2006-02-10,,0.2638038349974041,,
2006-02-13,,0.4391989952321583,,
2006-02-14,,0.34761720615671143,,
2006-02-15,,0.7017900240428127,,
2006-02-16,,0.33904447445752833,0.6408653563288397,
2006-02-17,,0.42693347660218556,,
2006-02-20,,0.3339023972476294,,
2006-02-21,,0.331886135872569,,
2006-02-22,,0.3298794833442261,,
2006-02-23,,0.3278823520005036,0.11793183472785139,
2006-02-24,,0.23373445469017393,,
2006-02-27,,0.23235189362847067,,
2006-02-28,,-0.23491843635649254,,
2006-03-01,,0.04727520614790068,,
2006-03-02,,0.04694399791289821,0.2689806152997946,
2006-03-03,,-0.04805827431611489,,
2006-03-06,,0.04729158152956454,,
2006-03-07,,-0.04872149861457713,,
2006-03-08,,-0.048543912718719516,,
2006-03-09,,-0.04836707601528555,0.3371217587369199,
2006-03-10,,-0.1453944009238399,,
2006-03-13,,-0.14469120416398656,,
2006-03-14,,-0.2421785360022565,,
2006-03-15,,-0.14222598306788875,,
2006-03-16,,-0.24073884991321054,0.16450777425146096,
2006-03-17,,-0.1397706319886399,,
2006-03-20,,-0.2393200041826169,,
2006-03-21,,-0.23806368641335696,,
2006-03-22,,-0.23681260425396505,,
2006-03-23,,-0.23556672255658254,0.037594411261450925,
2006-03-24,,-0.43866656940171384,,
2006-03-27,,-0.4360347927752194,,
2006-03-28,,-0.33037584861468916,,
2006-03-29,,0.08629736345573345,,
2006-03-30,,-0.3312211831841368,0.6346803851289566,
2006-03-31,,-0.5384126707243045,,
2006-04-03,,-0.5349202921106962,,
2006-04-04,,-0.531452838290979,,
2006-04-05,,-0.5280099609569053,,
2006-04-06,,-0.4184113494574988,-0.39082347303327286,
2006-04-07,,-0.3091019213015299,,
2006-04-10,,-0.30735324773569384,,
2006-04-11,,-0.4134559747649928,,
2006-04-12,,-0.302628070892966,,
2006-04-13,,-0.40977999178760993,-0.03036504678147932,
2006-04-14,,-0.2979389884882724,,
2006-04-17,,-0.40615206223204914,,
2006-04-18,,-0.5139794934106331,,
2006-04-19,,-0.39990421241211555,,
2006-04-20,,-0.39748661800359886,1.2467226445543003,
2006-04-21,,-0.3950821398644439,,
2006-04-24,,-0.167757498587324,,
2006-04-25,,-0.05366497703888092,,
2006-04-26,,-0.16711256111288061,,
2006-04-27,,-0.05182934416442729,0.5488044099445285,
2006-04-28,,-0.05152593438767226,,
2006-04-30,,0.17992611110567192,,
2006-05-01,,0.2950746248946871,,
2006-05-02,,0.4099924224836406,,
2006-05-03,,0.40754253097959875,,
2006-05-04,,0.40510622417179015,0.2226004643032244,
2006-05-05,,0.2844989386268594,,
2006-05-08,,0.2829009477050038,,
2006-05-09,,0.40067301860129045,,
2006-05-10,,0.2783565882859354,,
2006-05-11,,0.2767867862999663,-0.5724653542472609,
2006-05-12,,0.2752237942628209,,
2006-05-15,,0.27366755964554135,,
2006-05-16,,0.2721180304723167,,
2006-05-17,,0.024418834646369028,,
2006-05-18,,-0.09949748761038703,1.0969976515802062,
2006-05-19,,-0.09897952639499903,,
2006-05-22,,-0.34845671876322915,,
2006-05-23,,-0.4718431603733097,,
2006-05-24,,-0.5946495132726688,,
2006-05-25,,-0.5905861611848662,1.5081332796291034,
2006-05-26,,-0.5865550453343175,,
2006-05-29,,-0.5825556594520522,,
2006-05-30,,-0.7060334360422276,,
2006-05-31,,-1.2085599452889138,,
2006-06-01,,-1.3201808982906078,1.8199648894835116,
2006-06-02,,-1.303170166278428,,
2006-06-05,,-1.2865846015059577,,
2006-06-06,,-1.518816858974121,,
2006-06-07,,-1.495447639295137,,
2006-06-08,,-1.5951161723532847,1.7607998425678015,
2006-06-09,,-1.5688142904435736,,
2006-06-12,,-1.543419883560193,,
2006-06-13,,-1.6387802629926433,,
2006-06-14,,-1.6105115819516136,,
2006-06-15,,-1.3456094191701404,2.1891792154420378,
2006-06-16,,-1.20796112764677,,
2006-06-19,,-1.1933278960516398,,
2006-06-20,,-1.1790146877850463,,
2006-06-21,,-1.1650086673748659,,
2006-06-22,,-1.1512977119736778,1.1008950498554069,
2006-06-23,,-1.1378703610880503,,
2006-06-26,,-1.2436039056492252,,
2006-06-27,,-1.227822339287984,,
2006-06-28,,-1.212404522694384,,
2006-06-29,,-0.840843208795762,0.7910029951205093,
2006-06-30,,-0.7133490708264508,,
2006-07-03,,-0.7074063842905002,,
2006-07-04,,-0.7015236169099539,,
2006-07-05,,-0.3315398139015765,,
2006-07-06,,-0.32918956505524066,0.9695526898802892,
2006-07-07,,-0.20395945932308496,,
2006-07-10,,-0.20243433754310963,,
2006-07-11,,-0.2009145385011657,,
2006-07-12,,-0.07453956811908002,,
2006-07-13,,-0.07375065761397925,0.8606919752906464,
2006-07-14,,-0.3252143964882145,,
2006-07-17,,-0.3228804515904768,,
2006-07-18,,-0.1932785025673259,,
2006-07-19,,-0.19179052659240742,,
2006-07-20,,-0.06163706572523945,2.3377931961003955,
2006-07-21,,0.06848934142713466,,
2006-07-24,,0.06852576632304003,,
2006-07-25,,0.19929997421134843,,
2006-07-26,,0.19860985222419622,,
2006-07-27,,0.3299341767353143,1.0573288702888073,
2006-07-28,,0.1957823262945341,,
2006-07-31,,0.1951091648761252,,
2006-08-01,,0.19443929670837876,,
2006-08-02,,0.193772706120019,,
2006-08-03,,0.0576097817851774,1.4060474275161312,
2006-08-04,,0.05770059070279824,,
2006-08-07,,0.05779184471417091,,
2006-08-08,,-0.07979078377570875,,
2006-08-09,,-0.07895090823264256,,
2006-08-10,,-0.0781131577613361,0.8676525029419278,
2006-08-11,,0.06257261105948402,,
2006-08-14,,0.3436940682216287,,
2006-08-15,,0.3421143242142996,,
2006-08-16,,0.19869717120444208,,
2006-08-17,,0.3405888027071627,0.8779147821345292,
2006-08-18,,0.19575382693822993,,
2006-08-21,,0.1950821400102449,,
2006-08-22,,0.194413743401722,,
2006-08-23,,0.19374862147431055,,
2006-08-24,,0.19308675869797812,0.522684379409488,
2006-08-25,,0.04532351548162286,,
2006-08-28,,0.19336319119586579,,
2006-08-29,,0.192703497935346,,
2006-08-30,,0.192047038988313,,
2006-08-31,,0.04120648887016778,-0.1536948989246706,
2006-09-01,,0.041385144780639496,,
2006-09-04,,0.04156395779646155,,
2006-09-05,,0.1943256647197191,,
2006-09-06,,0.1936621277615802,,
2006-09-07,,0.3470599561326985,-0.02290430603941429,
2006-09-08,,0.3454492323035293,,
2006-09-11,,0.34384702255396027,,
2006-09-12,,0.18594273197814687,,
2006-09-13,,0.1853192089763707,,
2006-09-14,,0.18469875093759527,0.14929850119146398,
2006-09-15,,0.342832538562784,,
2006-09-18,,0.34124182547740545,,
2006-09-19,,0.17936180906177035,,
2006-09-20,,0.1787697301509335,,
2006-09-21,,0.01610857505788482,-0.046450228908646723,
2006-09-22,,0.016409257254224378,,
2006-09-25,,0.01670967508670166,,
2006-09-26,,0.017009832014813576,,
2006-09-27,,0.01730973148992726,,
2006-09-28,,0.017609376955328708,-0.29093549406650293,
2006-09-29,,0.18519672108751045,,
2006-09-30,,0.016424210934908957,,
2006-10-02,,0.016730772077123344,,
2006-10-03,,-0.1529005606275003,,
2006-10-04,,-0.15166099506720443,,
2006-10-05,,-0.15042521845166626,1.07227793716705,
2006-10-06,,0.023394928381653,,
2006-10-09,,0.02367652983038536,,
2006-10-10,,0.02395796748608422,,
2006-10-11,,0.024239244462512997,,
2006-10-12,,0.20078789777514258,0.06002950950740036,
2006-10-13,,0.02292089687621389,,
2006-10-16,,0.023209779837285373,,
2006-10-17,,0.20255507346929222,,
2006-10-18,,0.3816837069020024,,
2006-10-19,,0.5602273048433617,-0.6038616473519355,
2006-10-20,,0.7376285022194554,,
2006-10-23,,0.7325184735914048,,
2006-10-24,,0.7274610068006083,,
2006-10-25,,0.7224550992415273,,
2006-10-26,,0.7174997753509968,-0.46434601609109727,
2006-10-27,,0.7125940856699255,,
2006-10-30,,0.8913332883966031,,
2006-10-31,,0.7001337227648143,,
2006-11-01,,0.6954002219457639,,
2006-11-02,,1.060444513275513,0.2918965857274453,
2006-11-03,,1.2341008215762854,,
2006-11-06,,1.0366862208370449,,
2006-11-07,,1.0270082320744023,,
2006-11-08,,1.017491726348098,,
2006-11-09,,1.1923860097530457,-0.5860637367133548,
2006-11-10,,0.9952854491905078,,
2006-11-13,,0.9862843544918362,,
2006-11-14,,0.9774245273667556,,
2006-11-15,,1.1537080122373249,,
2006-11-16,,0.9565786568349889,-0.170808606840099,
2006-11-17,,0.7620206306842425,,
2006-11-20,,0.7563980939374794,,
2006-11-21,,0.7508359128526628,,
2006-11-22,,0.5568143474462541,,
2006-11-23,,0.5533523047629821,0.6524249743387901,
2006-11-24,,0.5499158341173906,,
2006-11-27,,0.5465045768198065,,
2006-11-28,,0.5431181813188702,,
2006-11-29,,0.7321743529031053,,
2006-11-30,,0.5338317405720914,1.0175991997714047,
2006-12-01,,0.1415535386384911,,
2006-12-04,,-0.05486317066201514,,
2006-12-05,,-0.05442541429421495,,
2006-12-06,,0.14389255597778708,,
2006-12-07,,0.34204522793660175,0.7713010309217913,
2006-12-08,,0.14047644731368777,,
2006-12-11,,0.1398647639904984,,
2006-12-12,,-0.06272269341655445,,
2006-12-13,,0.140800633615148,,
2006-12-14,,-0.2679611481154419,0.4577218621067102,
2006-12-15,,-0.266312136855473,,
2006-12-18,,-0.058584756543178,,
2006-12-19,,-0.2653001355817091,,
2006-12-20,,-0.2636595085811826,,
2006-12-21,,-0.0527673896731609,0.8036466396732485,
2006-12-22,,0.15810248707008615,,
2006-12-25,,0.15740705014343967,,
2006-12-26,,0.1567144374219039,,
2006-12-27,,0.15602463470254024,,
2006-12-28,,0.370021409009747,0.10069783009217381,
2006-12-29,,0.5832935520918618,,
2006-12-31,,0.3634194154911429,,
2007-01-01,,0.14385407990102114,,
2007-01-02,,0.1432211863229324,,
2007-01-03,,-0.07745179502475442,,
2007-01-04,,-0.07689937177699456,-0.4128334500388184,
2007-01-05,,-0.07634854740499701,,
2007-01-08,,-0.07579931317867913,,
2007-01-09,,0.14947877378375357,,
2007-01-10,,-0.07708667511208275,,
2007-01-11,,0.3774764073333033,0.09541111963142734,
2007-01-12,,0.3754058947944285,,
2007-01-15,,0.6019301509055597,,
2007-01-16,,0.5979983420852483,,
2007-01-17,,0.8236692209972171,,
2007-01-18,,0.817167095039249,-0.972356284567309,
2007-01-19,,0.5799664673176876,,
2007-01-22,,0.5762127825237124,,
2007-01-23,,0.8051042810038939,,
2007-01-24,,1.0309778256727462,,
2007-01-25,,1.0211531153740347,0.315951733103979,
2007-01-26,,1.0114913509721313,,
2007-01-29,,1.4635240419756281,,
2007-01-30,,1.4431190180442255,,
2007-01-31,,0.9645505916739819,,
2007-02-01,,1.1863469468273786,-0.19514293516874398,
2007-02-02,,0.9427707442291111,,
2007-02-05,,1.1652391230976853,,
2007-02-06,,1.1525821438232784,,
2007-02-07,,1.140180001359023,,
2007-02-08,,1.3574096537404399,-0.21331474100034764,
2007-02-09,,1.1110001167135284,,
2007-02-12,,1.099407911895385,,
2007-02-13,,0.8574163510683939,,
2007-02-14,,0.850175605021265,,
2007-02-15,,0.8430265179945386,-0.23093820787428193,
2007-02-16,,0.8359668531681753,,
2007-02-19,,0.8289944495868826,,
2007-02-20,,1.0555616226586912,,
2007-02-21,,0.8113155180470867,,
2007-02-22,,0.5692511980073698,-1.0336016853171759,
2007-02-23,,0.32817147949205766,,
2007-02-26,,0.32612419119904373,,
2007-02-27,,-0.39571912082987004,,
2007-02-28,,-0.6339295293112593,,
2007-03-01,,-0.1465746053681454,0.8258614225966815,
2007-03-02,,-0.6315882759260182,,
2007-03-05,,-1.1111363172918238,,
2007-03-06,,-1.3395887172644612,,
2007-03-07,,-1.3229173046458909,,
2007-03-08,,-1.0677136721196372,1.1427400438301551,
2007-03-09,,-1.0572243736672788,,
2007-03-12,,-1.2862914647188786,,
2007-03-13,,-1.7432828376738267,,
2007-03-14,,-1.712745348608333,,
2007-03-15,,-1.6834083159991045,1.3004136443067231,
2007-03-16,,-1.8838504836088492,,
2007-03-19,,-1.8468549214409022,,
2007-03-20,,-1.8115237925651384,,
2007-03-21,,-2.2174305951274915,,
2007-03-22,,-1.9458840918819138,0.05244688896971737,
2007-03-23,,-1.9054880600267678,,
2007-03-26,,-1.8670191416417077,,
2007-03-27,,-1.8303214074370702,,
2007-03-28,,-1.3715360557933844,,
2007-03-29,,-1.1394225804582487,-0.28611119790473843,
2007-03-30,,-0.9117091830697726,,
2007-03-31,,-1.119180566228321,,
2007-04-02,,-0.6745897059572974,,
2007-04-03,,-0.6694929482475932,,
2007-04-04,,-0.8827472656467751,,
2007-04-05,,-1.0925979797811418,1.0400377704048493,
2007-04-06,,-1.2975048048622861,,
2007-04-09,,-0.8476216867865195,,
2007-04-10,,-0.18129437848179863,,
2007-04-11,,-0.18004776828023725,,
2007-04-12,,-0.17880536332497202,0.4743010824847116,
2007-04-13,,0.04634545146068344,,
2007-04-16,,0.04636046850212382,,
2007-04-17,,0.04637594291363006,,
2007-04-18,,0.2738352911528224,,
2007-04-19,,0.04398098784802359,-0.3174518211061564,
2007-04-20,,0.04400826740963491,,
2007-04-23,,0.044035963151796684,,
2007-04-24,,0.0440640748006835,,
2007-04-25,,0.2775598950545033,,
2007-04-26,,0.27626742194498294,0.5607805940965757,
2007-04-27,,0.03916829733685427,,
2007-04-30,,0.5129661559083633,,
2007-05-01,,0.5099698692442562,,
2007-05-02,,0.5069940483304344,,
2007-05-03,,0.7430566953366072,1.9907926845569939,
2007-05-04,,0.7377186952993569,,
2007-05-07,,0.9718957387890953,,
2007-05-08,,0.7234453553931502,,
2007-05-09,,0.4766548561378689,,
2007-05-10,,0.4739099742805339,0.5932973125080399,
2007-05-11,,0.47118257167537136,,
2007-05-14,,0.46847244325802645,,
2007-05-15,,0.7117415859689716,,
2007-05-16,,0.7067150861846784,,
2007-05-17,,0.7017379195108323,0.4929853637524966,
2007-05-18,,0.6968091628959098,,
2007-05-21,,0.691927917566408,,
2007-05-22,,0.9361213653336665,,
2007-05-23,,0.9280041469691872,,
2007-05-24,,0.9200032132763662,0.6501338958178234,
2007-05-25,,0.9121154526190206,,
2007-05-28,,0.9043378694609328,,
2007-05-29,,0.896667578824319,,
2007-05-30,,0.637134725385411,,
2007-05-31,,-0.13035613844613578,1.1946565189723293,
2007-06-01,,0.12649816475875225,,
2007-06-04,,0.12591715627963343,,
2007-06-05,,-0.13341470332185063,,
2007-06-06,,-0.3924791035069349,,
2007-06-07,,-0.6504670182361015,0.6717691941622308,
2007-06-08,,-0.9060104881485506,,
2007-06-11,,-0.8980182522924027,,
2007-06-12,,-1.1498895793076047,,
2007-06-13,,-1.3952051081345236,,
2007-06-14,,-1.1193056147134897,0.9012462724404187,
2007-06-15,,-1.1074056091499658,,
2007-06-18,,-1.0957310855816889,,
2007-06-19,,-1.0842741427718812,,
2007-06-20,,-1.3307250970406272,,
2007-06-21,,-1.568749120604322,0.03442404757112385,
2007-06-22,,-1.7956971409314804,,
2007-06-25,,-2.0089693039460292,,
2007-06-26,,-1.964948259688248,,
2007-06-27,,-2.1622308497764644,,
2007-06-28,,-1.8730225236144387,0.3746198312915586,
2007-06-29,,-1.359365630209258,,
2007-06-30,,-1.816531358332433,,
2007-07-02,,-1.7816171928075546,,
2007-07-03,,-1.7481910359751611,,
2007-07-04,,-1.4846812826335816,,
2007-07-05,,-1.2297933581095062,-0.05145647209864081,
2007-07-06,,-0.7449369142110044,,
2007-07-09,,-0.738709776553908,,
2007-07-10,,-1.2052628284471205,,
2007-07-11,,-1.4246317521076388,,
2007-07-12,,-1.635341530018053,-0.19947747780247518,
2007-07-13,,-1.6075873535991556,,
2007-07-16,,-1.5808265036732638,,
2007-07-17,,-1.5549967673451275,,
2007-07-18,,-1.976809655604412,,
2007-07-19,,-1.9330866937315527,0.2779164011593718,
2007-07-20,,-2.3201141773042897,,
2007-07-23,,-2.2547852352681823,,
2007-07-24,,-2.599695544183062,,
2007-07-25,,-2.899011401699254,,
2007-07-26,,-3.0,0.14720716987198867,
2007-07-27,,-3.0,,
2007-07-30,,-3.0,,
2007-07-31,,-3.0,,
2007-08-01,,-3.0,,
2007-08-02,,-3.0,0.22971028648179187,
2007-08-03,,-3.0,,
2007-08-06,,-3.0,,
2007-08-07,,-3.0,,
2007-08-08,,-2.7548635620606774,,
2007-08-09,,-2.450552540635391,0.17743894676477853,
2007-08-10,,-2.532672822239519,,
2007-08-13,,-2.4292950519877254,,
2007-08-14,,-2.417930297371683,,
2007-08-15,,-2.58122198682267,,
2007-08-16,,-2.505605112946475,0.7473537161336008,
2007-08-17,,-2.4357372107801045,,
2007-08-20,,-2.3709136206305823,,
2007-08-21,,-2.310545265664857,,
2007-08-22,,-2.2541353468995844,,
2007-08-23,,-1.8027438469234456,0.6560783069147861,
2007-08-24,,-0.6400791260658141,,
2007-08-27,,-0.3469830508730975,,
2007-08-28,,-0.5577245087909469,,
2007-08-29,,-0.551002064461974,,
2007-08-30,,-0.6160226864233421,0.8833504884051864,
2007-08-31,,-0.17598960972468783,,
2007-09-03,,-0.10084961416573841,,
2007-09-04,,-0.244833253650232,,
2007-09-05,,-0.3148439501027974,,
2007-09-06,,-0.5306706980104458,0.7654739266167201,
2007-09-07,,-0.8885257011092687,,
2007-09-10,,-0.8752114817832314,,
2007-09-11,,-0.93439283188905,,
2007-09-12,,-0.8476197797403905,,
2007-09-13,,-0.47212957460326926,0.26110354473047753,
2007-09-14,,0.121144363722106,,
2007-09-17,,0.26953469227670096,,
2007-09-18,,0.2690151060924128,,
2007-09-19,,0.5668561908561222,,
2007-09-20,,0.7880047637440325,0.09410148080644909,
2007-09-21,,0.7080147137126922,,
2007-09-24,,0.70375085669684,,
2007-09-25,,0.69952891189795,,
2007-09-26,,0.9967922723555784,,
2007-09-27,,1.0635503472700858,-0.3450444940454171,
2007-09-28,,1.1289607795717314,,
2007-09-30,,0.5141069038520996,,
2007-10-01,,0.5116816357273563,,
2007-10-02,,0.6622233086606076,,
2007-10-03,,0.811516898159301,,
2007-10-04,,0.9589666751876151,-0.995194254247065,
2007-10-05,,1.3315028129477426,,
2007-10-08,,1.5407254317492403,,
2007-10-09,,1.6661564492323875,,
2007-10-10,,1.7845301101496753,,
2007-10-11,,1.8950757871465744,-1.1202628051457146,
2007-10-12,,1.997137999023576,,
2007-10-15,,1.9519085766589912,,
2007-10-16,,1.9090050998216836,,
2007-10-17,,1.5252752734018167,,
2007-10-18,,1.1552424785864872,0.19676260267666285,
2007-10-19,,0.8626517420974029,,
2007-10-22,,0.7146910859426547,,
2007-10-23,,0.7809356609775985,,
2007-10-24,,0.5617167710409519,,
2007-10-25,,0.4869006815352571,1.5272050479603316,
2007-10-26,,0.48441231490664993,,
2007-10-29,,0.6264995764957595,,
2007-10-30,,0.5502266278856722,,
2007-10-31,,0.255315790226753,,
2007-11-01,,-0.039318894310896135,0.06163858445055381,
2007-11-02,,-0.4067987593271278,,
2007-11-05,,-0.5504093438622771,,
2007-11-06,,-0.6187361420811203,,
2007-11-07,,-0.9064820828702287,,
2007-11-08,,-1.3302662149606987,1.4094969815288534,
2007-11-09,,-1.6599897707882079,,
2007-11-12,,-1.7580716999565356,,
2007-11-13,,-1.9812793298587383,,
2007-11-14,,-1.9192270461522045,,
2007-11-15,,-1.925489420088609,1.4562627713216127,
2007-11-16,,-1.9921844609928296,,
2007-11-19,,-2.110707122653248,,
2007-11-20,,-2.094207554440621,,
2007-11-21,,-2.0615586987130006,,
2007-11-22,,-2.0196148648874477,2.01073127533307,
2007-11-23,,-1.9222667197749852,,
2007-11-26,,-1.9442050955568997,,
2007-11-27,,-1.9080953606830104,,
2007-11-28,,-1.8736607252129591,,
2007-11-29,,-1.8407722865136695,1.9773514779189982,
2007-11-30,,-1.736583279895635,,
2007-12-03,,-1.5335762686250254,,
2007-12-04,,-1.58916007507278,,
2007-12-05,,-1.686720627254223,,
2007-12-06,,-1.6335553698694556,0.39279090434868974,
2007-12-07,,-1.350062275414893,,
2007-12-10,,-1.175737887908172,,
2007-12-11,,-1.2425868148385513,,
2007-12-12,,-1.0280651574326083,,
2007-12-13,,-0.9608450175042683,-0.22791395561086128,
2007-12-14,,-0.8030462212483093,,
2007-12-17,,-0.5558802326118105,,
2007-12-18,,-0.31240425925280524,,
2007-12-19,,-0.2130251681084031,,
2007-12-20,,-0.01917376552850888,1.0659752810015481,
2007-12-21,,0.030422947254410117,,
2007-12-24,,0.03179515875158465,,
2007-12-25,,0.2262519229936631,,
2007-12-26,,0.3716661679071118,,
2007-12-27,,0.46789286140788633,1.5235794855309048,
2007-12-28,,0.5637040682260033,,
2007-12-31,,0.4136944137242829,,
2008-01-01,,0.46150737471443554,,
2008-01-02,,0.5091331720245107,,
2008-01-03,,0.5565442153115497,1.9953350690992993,
2008-01-04,,0.5538326173496182,,
2008-01-07,,0.3003980490514623,,
2008-01-08,,0.1988712742383169,,
2008-01-09,,-0.003649981666188554,,
2008-01-10,,0.04875585624885187,2.4262031754495967,
2008-01-11,,0.30542359465962526,,
2008-01-14,,0.25336941266758645,,
2008-01-15,,0.14985888718659598,,
2008-01-16,,0.09844377179398606,,
2008-01-17,,-0.10883986035077041,1.888161061243404,
2008-01-18,,-0.15853492522787158,,
2008-01-21,,-0.20791961497900732,,
2008-01-22,,-0.7265264689706323,,
2008-01-23,,-0.9213952520739764,,
2008-01-24,,-0.801828711943112,2.0199966198673036,
2008-01-25,,-0.6851701143745909,,
2008-01-28,,-0.674216880646548,,
2008-01-29,,-0.508208734335694,,
2008-01-30,,-0.5005131952632264,,
2008-01-31,,-0.49290591008028767,1.2248509889581047,
2008-02-01,,-0.43324342953921247,,
2008-02-04,,-0.2695053850342282,,
2008-02-05,,-0.10698733950560618,,
2008-02-06,,-0.051252194225916974,,
2008-02-07,,0.16397393593371334,0.9218311703304636,
2008-02-08,,0.004042889540999622,,
2008-02-11,,-0.42252650659107194,,
2008-02-12,,-0.41599768326470066,,
2008-02-13,,-0.4095327337498948,,
2008-02-14,,-0.40313038825452874,0.6816999898943255,
2008-02-15,,-0.2350352979002272,,
2008-02-18,,-0.12237225379166854,,
2008-02-19,,-0.11931214844539123,,
2008-02-20,,0.32182036808910686,,
2008-02-21,,0.4313061887831798,0.8255341564827544,
2008-02-22,,0.208812537056311,,
2008-02-25,,0.09806999341993858,,
2008-02-26,,0.09922659342523624,,
2008-02-27,,0.04437943030883466,,
2008-02-28,,-0.29086382679703926,0.7875539940267827,
2008-02-29,,-0.4542498064657813,,
2008-03-03,,-0.5591766504631547,,
2008-03-04,,-0.8292317054110172,,
2008-03-05,,-0.9251318623855058,,
2008-03-06,,-1.235919667124759,1.7057598044118865,
2008-03-07,,-1.2610725597891521,,
2008-03-10,,-1.3906976603108523,,
2008-03-11,,-1.354314410781115,,
2008-03-12,,-1.423289410043297,,
2008-03-13,,-1.588524592215225,2.092465319136917,
2008-03-14,,-1.589972387152826,,
2008-03-17,,-1.7859939848345863,,
2008-03-18,,-1.7568217907490127,,
2008-03-19,,-1.7288177669106661,,
2008-03-20,,-1.6904471306523499,1.576223780057013,
2008-03-21,,-1.5415228828879641,,
2008-03-24,,-1.2665386757556285,,
2008-03-25,,-1.1418632740570058,,
2008-03-26,,-1.0679443527407204,,
2008-03-27,,-1.0419287838921767,-0.24235630361068325,
2008-03-28,,-0.7472500654262254,,
2008-03-31,,-0.4598150402750966,,
2008-04-01,,-0.22232608039050358,,
2008-04-02,,0.2892616996211569,,
2008-04-03,,0.47456750677416143,0.2811273502253289,
2008-04-04,,0.890016946421923,,
2008-04-07,,1.2980830259962248,,
2008-04-08,,1.5113711067610072,,
2008-04-09,,1.5360130062006376,,
2008-04-10,,1.6488336301865314,-0.26951087026363724,
2008-04-11,,1.7998127496535907,,
2008-04-14,,1.854647418308826,,
2008-04-15,,2.117997994997039,,
2008-04-16,,2.1508713756379376,,
2008-04-17,,2.2604816268101664,1.0497724157204065,
2008-04-18,,2.3963909400706878,,
2008-04-21,,2.400144866587077,,
2008-04-22,,2.36348912729863,,
2008-04-23,,2.255136590892205,,
2008-04-24,,2.2988548055598184,-0.8077575193389076,
2008-04-25,,2.2656105032035314,,
2008-04-28,,2.369282533287531,,
2008-04-29,,2.292828099442946,,
2008-04-30,,2.286593753284032,,
2008-05-01,,2.1200482286976996,-1.1830498903884017,
2008-05-02,,2.1857640296493654,,
2008-05-05,,2.0598984397389506,,
2008-05-06,,1.792108615668386,,
2008-05-07,,1.7534064763666517,,
2008-05-08,,1.7164890154614805,-1.224252375619722,
2008-05-09,,1.6812183383943102,,
2008-05-12,,1.6766473459167708,,
2008-05-13,,1.7003478106795742,,
2008-05-14,,1.721486377542042,,
2008-05-15,,1.628152914541426,-0.5942275640245962,
2008-05-16,,1.5956513837450814,,
2008-05-19,,1.4260842492873822,,
2008-05-20,,1.3194934949693324,,
2008-05-21,,1.18918585497703,,
2008-05-22,,1.1461934171585444,-0.4205938941727538,
2008-05-23,,0.9933605030516602,,
2008-05-26,,0.9552842165603066,,
2008-05-27,,0.8062354736886529,,
2008-05-28,,0.827566795234093,,
2008-05-29,,0.7643523059462725,0.8930807665618018,
2008-05-30,,0.6737192382731246,,
2008-05-31,,0.7254489347005639,,
2008-06-02,,0.6915751476036212,,
2008-06-03,,0.686482790428537,,
2008-06-04,,0.6244121996977378,,
2008-06-05,,0.7344647379969127,-0.10080482163870538,
2008-06-06,,0.7001029219880281,,
2008-06-09,,0.7521680972041442,,
2008-06-10,,0.6886485168977169,,
2008-06-11,,0.5969045638200114,,
2008-06-12,,0.6218430472675316,1.2747913767183154,
2008-06-13,,0.5593489147984719,,
2008-06-16,,0.5848880137575361,,
2008-06-17,,0.6102169497671797,,
2008-06-18,,0.5472328533457292,,
2008-06-19,,0.5436759958339503,0.7868266014182891,
2008-06-20,,0.5401458135251753,,
2008-06-23,,0.506921414036505,,
2008-06-24,,0.44401833055595813,,
2008-06-25,,0.351330720879505,,
2008-06-26,,0.07746668581540528,1.1817402495616354,
2008-06-27,,-0.013969003348631845,,
2008-06-30,,-0.41024264369894065,,
2008-07-01,,-0.46815548613646596,,
2008-07-02,,-0.4338205261484666,,
2008-07-03,,-0.46115696897352876,1.507844465643046,
2008-07-04,,-0.5190368778341662,,
2008-07-07,,-0.5146523117416875,,
2008-07-08,,-0.664687505913207,,
2008-07-09,,-0.7198066678796026,,
2008-07-10,,-0.7122734878928687,1.7006603885970433,
2008-07-11,,-0.7664945298553176,,
2008-07-14,,-0.7887715382760687,,
2008-07-15,,-0.9332064598627381,,
2008-07-16,,-0.9512296128186452,,
2008-07-17,,-0.9076794441977181,1.6650087342297768,
2008-07-18,,-0.8651970196983959,,
2008-07-21,,-0.7626177151020282,,
2008-07-22,,-0.784366873973129,,
2008-07-23,,-0.6832611416013089,,
2008-07-24,,-0.706538858232417,0.45802222648334173,
2008-07-25,,-0.5141197020972611,,
2008-07-28,,-0.4783678302327425,,
2008-07-29,,-0.2562296003364409,,
2008-07-30,,-0.19147228589347787,,
2008-07-31,,-0.2213207944241397,0.11633364197635766,
2008-08-01,,-0.18785684294997657,,
2008-08-04,,-0.18625074940146538,,
2008-08-05,,-0.18465098493238633,,
2008-08-06,,-0.08683701766049473,,
2008-08-07,,-0.08590765272306601,0.3864528877622406,
2008-08-08,,-0.05257149781973713,,
2008-08-11,,-0.019271690569532728,,
2008-08-12,,-0.018750342814885888,,
2008-08-13,,0.14638068886826283,,
2008-08-14,,0.14595737333810213,-0.1362878529886163,
2008-08-15,,0.14553625226463768,,
2008-08-18,,0.07823854041734775,,
2008-08-19,,0.010978345820896485,,
2008-08-20,,-0.022453299296336562,,
2008-08-21,,-0.055852775001707274,0.015038273869331518,
2008-08-22,,-0.020991080945935308,,
2008-08-25,,-0.05473884580957417,,
2008-08-26,,-0.019533592206507862,,
2008-08-27,,-0.05363323322249433,,
2008-08-28,,-0.05288988811395749,0.7737545751337395,
2008-08-29,,-0.05214854884460317,,
2008-08-31,,0.018916895033924415,,
2008-09-01,,0.019236040557646484,,
2008-09-02,,-0.015973661485147957,,
2008-09-03,,-0.051150608881033614,,
2008-09-04,,-0.05041014895809302,0.34590239973446624,
2008-09-05,,-0.08572775423039306,,
2008-09-08,,-0.08476662612405927,,
2008-09-09,,-0.15660696650352648,,
2008-09-10,,-0.3012856588518941,,
2008-09-11,,-0.4451108475982581,1.2854238624057275,
2008-09-12,,-0.47774886024645435,,
2008-09-15,,-0.9479849653252665,,
2008-09-16,,-1.2936791985775722,,
2008-09-17,,-1.5841346184431573,,
2008-09-18,,-1.782946533254844,1.3380152376617476,
2008-09-19,,-1.4281592246027994,,
2008-09-22,,-1.3288950508409096,,
2008-09-23,,-1.368239110230075,,
2008-09-24,,-1.6012971924027977,,
2008-09-25,,-1.8287913968207061,0.5727121581249158,
2008-09-26,,-1.7978440120718955,,
2008-09-29,,-1.7681876535278471,,
2008-09-30,,-1.7397324921147501,,
2008-10-01,,-1.7123972590228966,,
2008-10-02,,-1.6861082230521864,1.045848595747036,
2008-10-03,,-1.6607983135237425,,
2008-10-06,,-1.6364063648784053,,
2008-10-07,,-1.6128764634925947,,
2008-10-08,,-1.5901573807508786,,
2008-10-09,,-1.5682020792234297,1.3936679766927513,
2008-10-10,,-1.5469672810579287,,
2008-10-13,,-1.5264130895259838,,
2008-10-14,,-1.5065026561535004,,
2008-10-15,,-1.4872018870822439,,
2008-10-16,,-1.4684791833102333,-0.0900247284247473,
2008-10-17,,-1.4503052102841065,,
2008-10-20,,-1.4326526930006778,,
2008-10-21,,-1.4154962333441268,,
2008-10-22,,-1.3988121468607388,,
2008-10-23,,-1.3825783165718197,-0.03352200373915467,
2008-10-24,,-1.3667740617608772,,
2008-10-27,,-1.3513800199544677,,
2008-10-28,,-1.3363780405560994,,
2008-10-29,,-1.32175108879657,,
2008-10-30,,-1.3074831588380058,0.13305145605479568,
2008-10-31,,-1.2935591950175538,,
2008-11-03,,-1.279965020344184,,
2008-11-04,,-1.2666872714716635,,
2008-11-05,,-1.1125976141966547,,
2008-11-06,,-0.949649808097254,-0.5996251709769932,
2008-11-07,,-0.771181633800376,,
2008-11-10,,-0.24874428850512217,,
2008-11-11,,-0.23251863810698475,,
2008-11-12,,-0.18226585130840822,,
2008-11-13,,-0.12104454176462237,0.1739467786011632,
2008-11-14,,0.11234471765200738,,
2008-11-17,,0.321664381831601,,
2008-11-18,,0.274402497237354,,
2008-11-19,,0.29739594764689975,,
2008-11-20,,0.13259652772021566,1.5587884492865325,
2008-11-21,,0.015655565403445107,,
2008-11-24,,0.08836085947659514,,
2008-11-25,,0.14887422896402439,,
2008-11-26,,0.22108100824330465,,
2008-11-27,,0.2930368999764024,0.6107153762820654,
2008-11-28,,0.2684637604781083,,
2008-11-30,,0.1714504372800682,,
2008-12-01,,0.13550035395258234,,
2008-12-02,,0.026617883184883638,,
2008-12-03,,-0.15480440752180075,,
2008-12-04,,-0.20006952711866718,0.9648459180727408,
2008-12-05,,-0.2693219944039006,,
2008-12-08,,-0.27641946543839674,,
2008-12-09,,-0.3079731435768934,,
2008-12-10,,-0.31448734119273186,,
2008-12-11,,-0.2592556968824813,0.03968069052796449,
2008-12-12,,-0.2664907402049077,,
2008-12-15,,-0.21163994732116187,,
2008-12-16,,-0.10750768462032666,,
2008-12-17,,0.05849179070362554,,
2008-12-18,,0.3370676407484532,-0.2785495788942026,
2008-12-19,,0.5891674215176653,,
2008-12-22,,0.7382376189784119,,
2008-12-23,,0.8225090454976605,,
2008-12-24,,0.8677490940538672,,
2008-12-25,,0.8615783333078789,0.6593709875701304,
2008-12-26,,0.8937153614920519,,
2008-12-29,,0.9764028532399223,,
2008-12-30,,1.1212262586246724,,
2008-12-31,,1.034288797267683,,
2009-01-01,,1.1143926128037802,1.4138395520277363,
2009-01-02,,1.1546103748072738,,
2009-01-05,,1.3074835245784509,,
2009-01-06,,1.529756451692589,,
2009-01-07,,1.6916445819107433,,
2009-01-08,,1.7708861490836658,-0.7697434561282334,
2009-01-09,,1.8323800231555678,,
2009-01-12,,1.876988144722463,,
2009-01-13,,1.85967235244629,,
2009-01-14,,1.8881333532290356,,
2009-01-15,,1.7674514977144407,0.871969043625669,
2009-01-16,,1.720833749927376,,
2009-01-19,,1.6210002599006736,,
2009-01-20,,1.5923006666496458,,
2009-01-21,,1.564673780457465,,
2009-01-22,,1.5163277131082409,0.8296592050592998,
2009-01-23,,1.5131618420155692,,
2009-01-26,,1.541811206305507,,
2009-01-27,,1.5789904818542007,,
2009-01-28,,1.5507337281569449,,
2009-01-29,,1.7607084075773434,0.9575216470272502,
2009-01-30,,1.7826466074223308,,
2009-01-31,,1.6425020446409586,,
2009-02-02,,1.5301785339806613,,
2009-02-03,,1.3238190243551369,,
2009-02-04,,1.2249308053504253,,
2009-02-05,,1.1591297236726585,0.8189540666366899,
2009-02-06,,1.1151417395309335,,
2009-02-09,,1.092210648966288,,
2009-02-10,,1.0896853808172002,,
2009-02-11,,1.0573865368250064,,
2009-02-12,,1.0159313757728525,0.1705158120660778,
2009-02-13,,0.9456073867494703,,
2009-02-16,,0.9462932448067007,,
2009-02-17,,0.8872494834902122,,
2009-02-18,,0.8092605322203477,,
2009-02-19,,0.7924518841253804,1.5599656602941037,
2009-02-20,,0.7257077111489252,,
2009-02-23,,0.6496325967318008,,
2009-02-24,,0.49311506501513275,,
2009-02-25,,0.4086519988089563,,
2009-02-26,,0.27313158839041957,1.3244805906001071,
2009-02-27,,0.15837275249949606,,
2009-02-28,,0.3029438019198736,,
2009-03-02,,0.2181316495195714,,
2009-03-03,,0.16480535066426605,,
2009-03-04,,0.07990170991792096,,
2009-03-05,,0.005612513525894489,2.232285854496647,
2009-03-06,,-0.07926979708089305,,
2009-03-09,,-0.18539820187725392,,
2009-03-10,,-0.23760678064467916,,
2009-03-11,,-0.26809653745027917,,
2009-03-12,,-0.25521677950835475,1.0498856597700734,
2009-03-13,,-0.2532480713101587,,
2009-03-16,,-0.24037690431288924,,
2009-03-17,,-0.20562157474934248,,
2009-03-18,,-0.20401396715012446,,
2009-03-19,,-0.22454471805872636,-0.5395498869094543,
2009-03-20,,-0.18943380926548042,,
2009-03-23,,-0.17675555007462193,,
2009-03-24,,-0.06301792376656133,,
2009-03-25,,-0.05103747185905916,,
2009-03-26,,0.029057708915278844,-0.06229490205529452,
2009-03-27,,0.10912278076580781,,
2009-03-30,,0.028509333790691184,,
2009-03-31,,0.028669686320254344,,
2009-04-01,,0.06361343753734743,,
2009-04-02,,0.15682190731294143,-0.4834959729555964,
2009-04-03,,0.23826407374608666,,
2009-04-06,,0.34313539013943,,
2009-04-07,,0.43592936643469876,,
2009-04-08,,0.5283310144512243,,
2009-04-09,,0.6320025539102809,0.19461799288872259,
2009-04-10,,0.6634189401637736,,
2009-04-13,,0.7302553682903661,,
2009-04-14,,0.7605066179320534,,
2009-04-15,,0.8261394541101126,,
2009-04-16,,0.9620864591340371,-0.6148084098587954,
2009-04-17,,1.1065651156342549,,
2009-04-20,,1.1523902629432066,,
2009-04-21,,1.1731534896286744,,
2009-04-22,,1.193070558187446,,
2009-04-23,,1.165593970041625,0.1140740096191208,
2009-04-24,,1.1736991491530218,,
2009-04-27,,1.1582406036386863,,
2009-04-28,,1.2237698801642092,,
2009-04-29,,1.400284680421674,,
2009-04-30,,1.4774110880541567,0.14593346165283466,
2009-05-01,,1.5163446475386295,,
2009-05-04,,1.4975591785219997,,
2009-05-05,,1.5226765085822938,,
2009-05-06,,1.5562639424694222,,
2009-05-07,,1.6184805791805448,-0.7420605263182604,
2009-05-08,,1.6026736604279153,,
2009-05-11,,1.556238000130417,,
2009-05-12,,1.4916623246761116,,
2009-05-13,,1.3999238530379183,,
2009-05-14,,1.2923496811477508,-0.6311732040151418,
2009-05-15,,1.209487731356272,,
2009-05-18,,1.0894194739883731,,
2009-05-19,,1.1040358523563247,,
2009-05-20,,1.1378934614659808,,
2009-05-21,,1.120522890364315,0.35813849321134583,
2009-05-22,,1.1530582324430494,,
2009-05-25,,1.0954749939981894,,
2009-05-26,,1.1183357186984606,,
2009-05-27,,1.1303180709852296,,
2009-05-28,,1.1027543335092238,0.18880684896593072,
2009-05-29,,1.105037791968508,,
2009-05-31,,1.0298912591919203,,
2009-06-01,,1.0245191048771827,,
2009-06-02,,1.067068773721709,,
2009-06-03,,1.041106649894271,,
2009-06-04,,0.9396215044681853,-0.7589520435084998,
2009-06-05,,0.9077077475287672,,
2009-06-08,,0.9526974679456965,,
2009-06-09,,0.9393000869443131,,
2009-06-10,,1.0205806561994173,,
2009-06-11,,1.0799155931801225,-0.2132006306220795,
2009-06-12,,1.0714945350651954,,
2009-06-15,,1.072434748143514,,
2009-06-16,,1.0084726583474548,,
2009-06-17,,0.9188082422693855,,
2009-06-18,,0.8870986178923586,0.4364539463829567,
2009-06-19,,0.8561766071128056,,
2009-06-22,,0.8259862723873087,,
2009-06-23,,0.7687957069717001,,
2009-06-24,,0.6665445866174756,,
2009-06-25,,0.5752733450732463,0.8113190055221824,
2009-06-26,,0.45719877443964796,,
2009-06-29,,0.4152263415368352,,
2009-06-30,,0.4112312758172652,,
2009-07-01,,0.2655977536293636,,
2009-07-02,,0.18713273597651153,0.10510567866409977,
2009-07-03,,0.13757878028905146,,
2009-07-06,,0.049729790747233354,,
2009-07-07,,0.010287144709800774,,
2009-07-08,,-0.019403017303936388,,
2009-07-09,,-0.10760466502709937,1.0932184241851575,
2009-07-10,,-0.1761310380572104,,
2009-07-13,,-0.19532192389312716,,
2009-07-14,,-0.1847779065120969,,
2009-07-15,,-0.1443674914044591,,
2009-07-16,,-0.10398597288006256,0.6651551185227296,
2009-07-17,,-0.09381771553111315,,
2009-07-20,,-0.10388351559365192,,
2009-07-21,,-0.05295536445369013,,
2009-07-22,,-0.02250263954001165,,
2009-07-23,,0.048972546838185936,-0.01850254551539013,
2009-07-24,,0.0997042978308179,,
2009-07-27,,0.17102095062471578,,
2009-07-28,,0.2213085505963567,,
2009-07-29,,0.2505218692921406,,
2009-07-30,,0.3528270920201111,-1.0727572056379444,
2009-07-31,,0.3914556925103884,,
2009-08-03,,0.44026380505303725,,
2009-08-04,,0.5096217184601302,,
2009-08-05,,0.5465056814963952,,
2009-08-06,,0.6144915055104238,-0.991982718357843,
2009-08-07,,0.6602589608534839,,
2009-08-10,,0.6840933316879868,,
2009-08-11,,0.6547280039037209,,
2009-08-12,,0.594106518633964,,
2009-08-13,,0.5343254157500115,-1.1403449580103386,
2009-08-14,,0.48590450743469277,,
2009-08-17,,0.4059325493973756,,
2009-08-18,,0.3588182792992824,,
2009-08-19,,0.30126144802693705,,
2009-08-20,,0.26569771569112394,0.06850661261015849,
2009-08-21,,0.20856372506506424,,
2009-08-24,,0.17352340844697062,,
2009-08-25,,0.13860905922875197,,
2009-08-26,,0.0927656834530228,,
2009-08-27,,0.024846394581788063,0.5013317150567108,
2009-08-28,,-0.06526430432164287,,
2009-08-31,,-0.11042850392336669,,
2009-09-01,,-0.17807892565451267,,
2009-09-02,,-0.25697709822631776,,
2009-09-03,,-0.3130118201803331,-0.24024984614161465,
2009-09-04,,-0.3689464316917714,,
2009-09-07,,-0.42474957386044887,,
2009-09-08,,-0.4227635881712856,,
2009-09-09,,-0.3976265111035144,,
2009-09-10,,-0.33763285630355594,0.09954582282997101,
2009-09-11,,-0.31285169013130515,,
2009-09-14,,-0.27635418755456215,,
2009-09-15,,-0.18080012284921873,,
2009-09-16,,-0.10910543936653132,,
2009-09-17,,-0.06136848676724765,-0.35258184239589513,
2009-09-18,,-0.02568796271847249,,
2009-09-21,,-0.026231239365061366,,
2009-09-22,,-0.026773451253763715,,
2009-09-23,,-0.03949507532161145,,
2009-09-24,,-0.05220145648159232,0.038978781364835194,
2009-09-25,,-0.07719784926005796,,
2009-09-28,,-0.11453612068123635,,
2009-09-29,,-0.11454920847051439,,
2009-09-30,,-0.114563197491161,,
2009-10-01,,-0.1396906216251886,-0.6600912640367812,
2009-10-02,,-0.16479541318028945,,
2009-10-05,,-0.16451031996660304,,
2009-10-06,,-0.1259828761777643,,
2009-10-07,,-0.13874404984701774,,
2009-10-08,,-0.1386167721306982,0.07917341524314571,
2009-10-09,,-0.1514340360238422,,
2009-10-12,,-0.19025746355682005,,
2009-10-13,,-0.21596966454864927,,
2009-10-14,,-0.2679299157248683,,
2009-10-15,,-0.2934194367822956,-0.9431328245801862,
2009-10-16,,-0.3056092568973103,,
2009-10-19,,-0.3444372292018421,,
2009-10-20,,-0.35641457205196503,,
2009-10-21,,-0.34146625132464536,,
2009-10-22,,-0.3265508088344214,-0.48176970238537326,
2009-10-23,,-0.2980776307963276,,
2009-10-26,,-0.26965001422601237,,
2009-10-27,,-0.254988957485685,,
2009-10-28,,-0.26793959720604194,,
2009-10-29,,-0.23928574747528686,0.22332687972926266,
2009-10-30,,-0.21066616159345308,,
2009-10-31,,-0.16806926748553488,,
2009-11-02,,-0.1959056847253391,,
2009-11-03,,-0.23786522213645128,,
2009-11-04,,-0.2371245295944838,,
2009-11-05,,-0.2506777808577221,1.495475625141812,
2009-11-06,,-0.29293617281691847,,
2009-11-09,,-0.2774203576410298,,
2009-11-10,,-0.2474254943098427,,
2009-11-11,,-0.2611983207597685,,
2009-11-12,,-0.3042497980036,-0.2526579436323545,
2009-11-13,,-0.30308755339678944,,
2009-11-16,,-0.3019315240394648,,
2009-11-17,,-0.2859185034084993,,
2009-11-18,,-0.3296759791078976,,
2009-11-19,,-0.3433481605284859,-0.8218904908927374,
2009-11-20,,-0.35699860683360274,,
2009-11-23,,-0.38577019685627584,,
2009-11-24,,-0.39926342208998045,,
2009-11-25,,-0.3821591660631968,,
2009-11-26,,-0.3958167842230636,-0.24486516939698175,
2009-11-27,,-0.40944533889270635,,
2009-11-30,,-0.48500401785104774,,
2009-12-01,,-0.4669684436441275,,
2009-12-02,,-0.43337256612541347,,
2009-12-03,,-0.41558401436507963,-0.6615990961349796,
2009-12-04,,-0.3662861512528787,,
2009-12-07,,-0.3329543441078839,,
2009-12-08,,-0.3315680373601845,,
2009-12-09,,-0.3462064189479707,,
2009-12-10,,-0.29643885640921286,-0.6255724974323885,
2009-12-11,,-0.2467405660120509,,
2009-12-14,,-0.18082553927711234,,
2009-12-15,,-0.14766482958297275,,
2009-12-16,,-0.13096449581175545,,
2009-12-17,,-0.09775278013857079,-0.9589634613538766,
2009-12-18,,-0.08116946757930135,,
2009-12-21,,-0.0812902914572799,,
2009-12-22,,-0.06463169194922365,,
2009-12-23,,-0.031117655220153324,,
2009-12-24,,0.0023732532014542227,-0.22504880114387663,
2009-12-25,,0.001764025887583809,,
2009-12-28,,0.05252568832444953,,
2009-12-29,,0.1548316967072726,,
2009-12-30,,0.17054754708535386,,
2009-12-31,,0.1515104765170617,-1.611230950013805,
2010-01-01,,0.11505795666347363,,
2010-01-04,,0.09619903647741432,,
2010-01-05,,0.13024623547441122,,
2010-01-06,,0.18194032935439175,,
2010-01-07,,0.23351341331927522,-1.0016364400215565,
2010-01-08,,0.231363309142126,,
2010-01-11,,0.22922191927338229,,
2010-01-12,,0.136919902643951,,
2010-01-13,,0.09915867361975565,,
2010-01-14,,0.07967347682200451,-1.282157489624342,
2010-01-15,,0.023576062617019194,,
2010-01-18,,-0.01405786763218389,,
2010-01-19,,-0.051663602732158316,,
2010-01-20,,-0.07063843943027927,,
2010-01-21,,-0.10830282073439644,-0.46424275308459406,
2010-01-22,,-0.18353547793763358,,
2010-01-25,,-0.2209242126317892,,
2010-01-26,,-0.25827615522521846,,
2010-01-27,,-0.29558292324866886,,
2010-01-28,,-0.3136711819717119,-0.09248747236677432,
2010-01-29,,-0.3317332676057472,,
2010-01-31,,-0.23364327978588476,,
2010-02-01,,-0.31076300860220174,,
2010-02-02,,-0.36820645954816805,,
2010-02-03,,-0.42551505821697166,,
2010-02-04,,-0.5613919144839717,0.5587478029296862,
2010-02-05,,-0.676725739088089,,
2010-02-08,,-0.7515730359346611,,
2010-02-09,,-0.7662727091767785,,
2010-02-10,,-0.7808316218481051,,
2010-02-11,,-0.7753335664497025,0.08533138739493133,
2010-02-12,,-0.7499202679885992,,
2010-02-15,,-0.7247470455123637,,
2010-02-16,,-0.7199123442436389,,
2010-02-17,,-0.6949459127810131,,
2010-02-18,,-0.6093731704764511,-0.22741788786440875,
2010-02-19,,-0.5446569896836188,,
2010-02-22,,-0.45975524004975615,,
2010-02-23,,-0.41628440390430355,,
2010-02-24,,-0.41429508108885005,,
2010-02-25,,-0.4330887857936586,-0.4836280235339881,
2010-02-26,,-0.4309691000610317,,
2010-02-28,,-0.5754477074438159,,
2010-03-01,,-0.5721307476340665,,
2010-03-02,,-0.5055495352884121,,
2010-03-03,,-0.5240329693942768,,
2010-03-04,,-0.4359979856159507,-0.7145652326687695,
2010-03-05,,-0.3053605646819346,,
2010-03-08,,-0.19641677271504138,,
2010-03-09,,-0.15250611085715052,,
2010-03-10,,-0.1086174126931281,,
2010-03-11,,-0.1085133044996094,-1.269719098643492,
2010-03-12,,-0.08641290292671994,,
2010-03-15,,-0.08643365664371601,,
2010-03-16,,-0.06422715621214974,,
2010-03-17,,-0.042028635255370386,,
2010-03-18,,-0.08722011281762623,-0.469881974898297,
2010-03-19,,-0.08724091310169317,,
2010-03-22,,-0.10995787624784543,,
2010-03-23,,-0.13266687128660792,,
2010-03-24,,-0.08657310902104877,,
2010-03-25,,-0.01744373931648359,-0.04205630684514049,
2010-03-26,,0.005316372732636801,,
2010-03-29,,0.051357274349667005,,
2010-03-30,,0.12077401941193928,,
2010-03-31,,0.07251552748924403,,
2010-04-01,,0.09523144737879619,-0.7260905188263307,
2010-04-02,,0.07039857318643203,,
2010-04-05,,0.04558256608102752,,
2010-04-06,,-0.0032374351841430123,,
2010-04-07,,-0.02789420243534857,,
2010-04-08,,-0.052542087730619906,-0.851134771292065,
2010-04-09,,-0.05278451779777522,,
2010-04-12,,-0.07755158935128836,,
2010-04-13,,-0.10231035962932206,,
2010-04-14,,-0.05271889503255358,,
2010-04-15,,-0.052965286600245444,-1.1887914653038587,
2010-04-16,,-0.07825218708296088,,
2010-04-19,,-0.07835994394265394,,
2010-04-20,,-0.07846828698486245,,
2010-04-21,,-0.07857721650063017,,
2010-04-22,,-0.10425353644815184,-0.35607029774277904,
2010-04-23,,-0.12992057861821799,,
2010-04-26,,-0.15557703686539417,,
2010-04-27,,-0.233139359390461,,
2010-04-28,,-0.2584556450136348,,
2010-04-29,,-0.33615901714417984,-0.8456104812270816,
2010-04-30,,-0.4137007416722446,,
2010-05-03,,-0.43816976160842086,,
2010-05-04,,-0.5421411151562322,,
2010-05-05,,-0.6986789514942838,,
2010-05-06,,-0.9863045559600867,-0.7196421091920465,
2010-05-07,,-1.2417485967540105,,
2010-05-10,,-1.1224817416580093,,
2010-05-11,,-1.163879103205243,,
2010-05-12,,-1.0989858093545315,,
2010-05-13,,-1.0881348720068553,-0.12477477173118967,
2010-05-14,,-1.2091214339858134,,
2010-05-17,,-1.1957835055462531,,
2010-05-18,,-1.261345647659968,,
2010-05-19,,-1.454966285432864,,
2010-05-20,,-1.6917071535286707,-0.5522282158912807,
2010-05-21,,-1.7891172548728822,,
2010-05-24,,-1.8304962913378047,,
2010-05-25,,-1.9671702750527744,,
2010-05-26,,-1.826878389601485,,
2010-05-27,,-1.7425662309568761,1.0612525613120722,
2010-05-28,,-1.6864020808552738,,
2010-05-31,,-1.6327046333477098,,
2010-06-01,,-1.6288655654738973,,
2010-06-02,,-1.6248975614633605,,
2010-06-03,,-1.4087465015798588,0.07864440767447649,
2010-06-04,,-1.199520003208775,,
2010-06-07,,-1.0189879103551158,,
2010-06-08,,-1.223136846268745,,
2010-06-09,,-1.1611085856314076,,
2010-06-10,,-1.1953372793605532,0.3522928884056213,
2010-06-11,,-1.2521591737465874,,
2010-06-14,,-1.1186738108112118,,
2010-06-15,,-1.1063884116504061,,
2010-06-16,,-1.0233857069045074,,
2010-06-17,,-0.8230308190160297,-0.8105914855464392,
2010-06-18,,-0.5529019526706906,,
2010-06-21,,-0.3563124905367018,,
2010-06-22,,-0.3299748636565747,,
2010-06-23,,-0.18172803495875473,,
2010-06-24,,-0.229796099789943,-0.24959683754310116,
2010-06-25,,-0.3024459234246874,,
2010-06-28,,-0.325468959233173,,
2010-06-29,,-0.323585626014495,,
2010-06-30,,-0.3466936242853387,,
2010-07-01,,-0.2944486809117256,0.8555916489545238,
2010-07-02,,-0.368431455090651,,
2010-07-05,,-0.29020689779071573,,
2010-07-06,,-0.21209052541886195,,
2010-07-07,,-0.10839971090883187,,
2010-07-08,,-0.08203018078939746,1.8871442517488919,
2010-07-09,,-0.02976001447004631,,
2010-07-12,,0.04855172712653335,,
2010-07-13,,0.07450022655161662,,
2010-07-14,,0.10044670642536077,,
2010-07-15,,0.07348102596518118,-0.254252930193999,
2010-07-16,,0.04651852337517269,,
2010-07-19,,0.01955744209234934,,
2010-07-20,,-0.08804030018337956,,
2010-07-21,,-0.006486584358428278,,
2010-07-22,,0.047901341667530725,0.5643469309425094,
2010-07-23,,0.156890793949767,,
2010-07-26,,0.2658028712703293,,
2010-07-27,,0.40205941866539435,,
2010-07-28,,0.45494611327275536,,
2010-07-29,,0.5630659714981043,-0.5516151944720555,
2010-07-30,,0.5314632821339927,,
2010-07-31,,0.5279742656100929,,
2010-08-02,,0.5525607354419583,,
2010-08-03,,0.5206996265873652,,
2010-08-04,,0.5738265285174962,,
2010-08-05,,0.5415344928260292,0.2802964199743291,
2010-08-06,,0.4809088859239711,,
2010-08-09,,0.44917963515607123,,
2010-08-10,,0.30237207078664696,,
2010-08-11,,0.2137049050750306,,
2010-08-12,,0.1542311311776139,-0.7249640671490432,
2010-08-13,,0.18263135855201554,,
2010-08-16,,0.1521572558598358,,
2010-08-17,,0.1808687561230128,,
2010-08-18,,0.15009548319196486,,
2010-08-19,,0.11933664713849018,0.5437940040787955,
2010-08-20,,0.0585310740669234,,
2010-08-23,,-0.06270543070105945,,
2010-08-24,,-0.21427749439495958,,
2010-08-25,,-0.30467632795250355,,
2010-08-26,,-0.3948952714610613,1.4643998734205943,
2010-08-27,,-0.3002699487428319,,
2010-08-30,,-0.3295475767123547,,
2010-08-31,,-0.4519363939359156,,
2010-09-01,,-0.4180032434184823,,
2010-09-02,,-0.4155108129958696,0.46116008624364696,
2010-09-03,,-0.35006738504716967,,
2010-09-06,,-0.3480571982215788,,
2010-09-07,,-0.3778460753542581,,
2010-09-08,,-0.2797909493533666,,
2010-09-09,,-0.1497055103501198,-0.9009197622942895,
2010-09-10,,-0.01965037924013594,,
2010-09-13,,0.012931322538845248,,
2010-09-14,,0.04551278982166731,,
2010-09-15,,0.04525846206757072,,
2010-09-16,,0.045004953618839535,-1.703364125731376,
2010-09-17,,0.04475226062221017,,
2010-09-20,,0.011140024252350968,,
2010-09-21,,0.044603125691589356,,
2010-09-22,,0.044351327783091386,,
2010-09-23,,0.11188216877532976,-1.2822198009545487,
2010-09-24,,0.21344505890122092,,
2010-09-27,,0.1780270138459068,,
2010-09-28,,0.1770398725864933,,
2010-09-29,,0.27978168337924586,,
2010-09-30,,0.20869375004024293,-0.7803900495260555,
2010-10-01,,0.1725903430791146,,
2010-10-04,,0.06625844624085883,,
2010-10-05,,0.10118683248708234,,
2010-10-06,,0.13610843944784165,,
2010-10-07,,0.13534358565198562,-1.359706231085825,
2010-10-08,,0.09871589165615964,,
2010-10-11,,0.026035193812319637,,
2010-10-12,,-0.01039233193022352,,
2010-10-13,,0.026069010906135195,,
2010-10-14,,0.025892934527564613,-1.2868927666170618,
2010-10-15,,-0.011114523645407635,,
2010-10-18,,-0.04812165604092261,,
2010-10-19,,-0.04790569835173847,,
2010-10-20,,-0.08510912392473895,,
2010-10-21,,0.028156827712628476,-1.5015858484344553,
2010-10-22,,0.06578645619977602,,
2010-10-25,,0.10341262161096873,,
2010-10-26,,0.1410309204187428,,
2010-10-27,,0.25541846593421136,,
2010-10-28,,0.2153711105851991,-1.7640359231669,
2010-10-29,,0.2529192707291358,,
2010-10-31,,0.17350965051532796,,
2010-11-01,,0.1333289874863524,,
2010-11-02,,0.17195471256780115,,
2010-11-03,,0.1313705940848052,,
2010-11-04,,0.1306095505920914,-1.1207743126441982,
2010-11-05,,0.1698639205099201,,
2010-11-08,,0.168884080841394,,
2010-11-09,,0.1679077397422313,,
2010-11-10,,0.08565399590605106,,
2010-11-11,,0.04427161403725663,-1.6903002228717587,
2010-11-12,,0.0028911410614235267,,
2010-11-15,,0.04410698173882851,,
2010-11-16,,0.04380621548270741,,
2010-11-17,,0.04350631655193783,,
2010-11-18,,0.04320728051156682,-0.47999875539146974,
2010-11-19,,0.042909102943468155,,
2010-11-22,,-0.08459529488809596,,
2010-11-23,,-0.2546580750125924,,
2010-11-24,,-0.25331346405768096,,
2010-11-25,,-0.2089462652549059,-1.319392000065015,
2010-11-26,,-0.2078690798577396,,
2010-11-29,,-0.29372553382871924,,
2010-11-30,,-0.24845492631512572,,
2010-12-01,,-0.2910305084075943,,
2010-12-02,,-0.2012092875384129,-1.342904246096698,
2010-12-03,,-0.24451576575023173,,
2010-12-06,,-0.28777640509337665,,
2010-12-07,,-0.1518172080549215,,
2010-12-08,,-0.060944652206771636,,
2010-12-09,,0.07521823301305919,-1.7050616330498694,
2010-12-10,,0.16582549407356822,,
2010-12-13,,0.16488326132341066,,
2010-12-14,,0.3018670731813509,,
2010-12-15,,0.34627240946247667,,
2010-12-16,,0.34420875678219925,-1.2784111985116022,
2010-12-17,,0.24890938032163118,,
2010-12-20,,0.2005847496539064,,
2010-12-21,,0.19942519891860216,,
2010-12-22,,0.38762443187269796,,
2010-12-23,,0.3852540954816424,-2.504054809539512,
2010-12-24,,0.3828961832689725,,
2010-12-27,,0.33257229884400424,,
2010-12-28,,0.571365204224367,,
2010-12-29,,0.519165023340383,,
2010-12-30,,0.5642153678176414,-1.6486143596908918,
2010-12-31,,0.36544484087994306,,
2011-01-03,,0.3631944604915948,,
2011-01-04,,0.36095532382174017,,
2011-01-05,,0.3587273189836339,,
2011-01-06,,0.25704051505394954,-1.9271973962546338,
2011-01-07,,0.15544858164641806,,
2011-01-10,,-0.04672389828323192,,
2011-01-11,,0.0545446724757299,,
2011-01-12,,-0.047549708116152375,,
2011-01-13,,-0.09853004823979648,-1.443795148814807,
2011-01-14,,0.00462440642618017,,
2011-01-17,,0.004474939482377926,,
2011-01-18,,0.056250251851748215,,
2011-01-19,,0.10802019350417903,,
2011-01-20,,0.10731496985613322,-1.0517540472429394,
2011-01-21,,0.05386759332565362,,
2011-01-24,,0.10647433853032441,,
2011-01-25,,0.10577313956407244,,
2011-01-26,,-0.002093448575208486,,
2011-01-27,,0.15937626971434574,-0.32027334144312314,
2011-01-28,,-0.004053832952106789,,
2011-01-31,,-0.004169922677395236,,
2011-02-01,,0.050439490651852846,,
2011-02-02,,0.10504371100429608,,
2011-02-03,,0.04904259937986993,-1.1974891023893868,
2011-02-04,,0.1598165834478559,,
2011-02-07,,0.27050957716786406,,
2011-02-08,,0.49306153512327144,,
2011-02-09,,0.43354080487344293,,
2011-02-10,,0.4307380400167556,-1.069722998748063,
2011-02-11,,0.42795124789533745,,
2011-02-14,,0.36813254090308967,,
2011-02-15,,0.4231123757106558,,
2011-02-16,,0.3627898084578076,,
2011-02-17,,0.36047947749035736,-0.9806725346277668,
2011-02-18,,0.3581805138158744,,
2011-02-21,,0.2974589898522662,,
2011-02-22,,0.11927091662018528,,
2011-02-23,,0.11843449956078053,,
2011-02-24,,-0.0012326735145851099,0.10014303878512035,
2011-02-25,,-0.0014259869067032582,,
2011-02-28,,-0.0016190566646458186,,
2011-03-01,,0.11892116342273319,,
2011-03-02,,0.11808023461430572,,
2011-03-03,,0.1782275249927539,-0.0663665921401155,
2011-03-04,,0.05443750668759862,,
2011-03-07,,-0.1309810445067399,,
2011-03-08,,-0.19243611798462457,,
2011-03-09,,-0.31607265210244434,,
2011-03-10,,-0.5018683875295551,-0.06734349479507111,
2011-03-11,,-0.5615551398633271,,
2011-03-14,,-0.6209161598639915,,
2011-03-15,,-0.8685003631674052,,
2011-03-16,,-1.0497383682958485,,
2011-03-17,,-1.0396971835325053,0.7448625633057917,
2011-03-18,,-0.9041507336009432,,
2011-03-21,,-0.8334331526378281,,
2011-03-22,,-0.7634829994323821,,
2011-03-23,,-0.6304830259236629,,
2011-03-24,,-0.4341402467059622,-0.03132085943777884,
2011-03-25,,-0.17371132239484272,,
2011-03-28,,-0.1728935954341752,,
2011-03-29,,-0.10686423986749576,-0.429305605931288,
2011-03-30,,-0.17197119944743575,-0.44822627724169234,
2011-03-31,,-0.17115991282189727,-0.5065651627201112,
2011-04-01,,-0.30276979285183053,-0.69074855858913,
2011-04-04,,-0.3676633296045626,-0.5329323153086697,
2011-04-05,,-0.16511935716333592,-0.8116481184027717,
2011-04-06,,-0.1643376458434735,-0.8020005198872612,
2011-04-07,,-0.1635590026911062,-0.734624927726346,
2011-04-08,,0.10897817820872988,-0.5392867456793652,
2011-04-11,,0.1765747656483998,-0.8279314690809205,
2011-04-12,,0.10687187147094664,-0.5018975509743325,
2011-04-13,,0.3820250523853779,-0.6655169889354936,
2011-04-14,,0.5179807154669372,-0.8307377892386928,
2011-04-15,,0.44511904893606163,-1.367118384219204,
2011-04-18,,0.23276974386309404,-0.749183271308038,
2011-04-19,,0.09082064480054207,-1.0929782761349949,
2011-04-20,,0.09020740738845648,-1.5366987870324582,
2011-04-21,,0.16061704066586122,-1.127082786888278,
2011-04-22,,0.016825105927640326,-1.5692452230217657,
2011-04-25,,-0.12695740917175055,-1.0856137093431404,
2011-04-26,,-0.19854939777176026,-1.0098954101648803,
2011-04-27,,-0.19760241399074688,-1.0980410271771952,
2011-04-28,,-0.19665929794164244,-0.9022706553801614,
2011-04-29,,-0.19572002733863023,-1.1931440632154495,
2011-04-30,,-0.34196673613406886,-1.1612133929191413,
2011-05-02,,-0.34012628128169414,-0.6458519235315163,
2011-05-03,,-0.560840917348833,-0.50458112111301,
2011-05-04,,-0.6316303032254513,-0.26187890498099703,
2011-05-05,,-0.7019243497614668,0.16927348859105792,
2011-05-06,,-0.8461920892685934,0.288629920457952,
2011-05-09,,-0.9140218369767332,-0.18302882262427228,
2011-05-10,,-0.6814777039671654,-0.7794858965295747,
2011-05-11,,-0.7519569609234836,-0.33386141059767077,
2011-05-12,,-0.746339667017777,-0.27650739461322527,
2011-05-13,,-0.6650411865187235,-0.19808576925561824,
2011-05-16,,-0.5842919784404165,0.1451550834929864,
2011-05-17,,-0.6568537562923192,0.0002937575813847162,
2011-05-18,,-0.6522812466780422,-0.5292009908758528,
2011-05-19,,-0.7246084760548083,-0.3857564715585198,
2011-05-20,,-0.7192696651555839,-0.3831507866077006,
2011-05-23,,-0.7912341395436228,0.18015897787449695,
2011-05-24,,-0.785060673566918,0.04444088785347415,
2011-05-25,,-0.9339696913199378,-0.22170359761812958,
2011-05-26,,-1.0031759481839282,-0.041691624092490304,
2011-05-27,,-1.1484084962525232,-0.6715756256661898,
2011-05-30,,-0.9815277022939489,-0.6497364620715179,
2011-05-31,,-1.049988883407628,-0.7223492378784564,
2011-06-01,,-1.1171339287777482,0.7552813446027904,
2011-06-02,,-1.2599431377005705,0.5876431774947075,
2011-06-03,,-1.2451057270426285,0.6574801345564798,
2011-06-06,,-1.1536089318999283,0.9268014717654829,
2011-06-07,,-1.1411677418375983,0.7386463386369219,
2011-06-08,,-1.3594788728573723,0.9765166545986099,
2011-06-09,,-1.2654655864235638,0.9025663051187108,
2011-06-10,,-1.250386597798656,0.7682502135094913,
2011-06-13,,-1.312022813079135,1.12350972889569,
2011-06-14,,-1.1430185175011904,0.2491936206311299,
2011-06-15,,-1.2834033845006028,1.5987071461365907,
2011-06-16,,-1.495179174718086,1.953732044777243,
2011-06-17,,-1.4734584960804404,1.8166354520326558,
2011-06-20,,-1.4523972221694927,1.3158861080300297,
2011-06-21,,-1.3570752111758073,0.8739813618031169,
2011-06-22,,-1.3393954748014252,0.8214585968825453,
2011-06-23,-0.05779750657135091,-1.3967882173665631,0.8474411925602661,0.7885465144473328
2011-06-24,0.007420391367265312,-1.377926043644553,1.8061070321150647,1.2355432785658544
2011-06-27,0.07033941674202111,-1.359575929810854,1.3509803603987596,0.8477245317972203
2011-06-28,0.10123135955340548,-1.193270170271423,0.5912777296758982,0.035377399368021374
2011-06-29,0.139241128395974,-0.8808871898546147,-0.42605787622696767,-0.5326966765466308
2011-06-30,0.34366588282644644,-0.4961082686232948,-0.418121770317612,-0.8527711326040716
2011-07-01,0.4921106559163199,-0.11229031454910461,-0.6591287028113727,-1.3762319298047425
2011-07-04,0.5362524365112658,-0.034793088513983016,-0.6489724981746603,-1.5119644005822466
2011-07-05,0.603303201994165,-0.11123991820413058,-0.5430198674783302,-0.8838102666825981
2011-07-06,0.6281880341405546,-0.18765711877672736,-0.4607061502861049,-0.5481348176506861
2011-07-07,0.7299810599164981,0.12476606997170761,-0.7135454130540145,-1.8522165966147688
2011-07-08,0.5616647978018767,-0.03191724658872124,-0.4433054221843066,-0.6257480776040114
2011-07-11,0.6300736565562064,-0.1885626513988553,0.4706647352401021,0.5643955307914621
2011-07-12,0.5504238478260957,-0.18718529504197953,1.1908268554726946,0.525510774347463
2011-07-13,0.5902162782588586,-0.34446639132390067,0.9966683869700477,0.19840404697762856
2011-07-14,0.6372316861531196,-0.0231548179454239,0.7521438874999528,0.4032848978383013
2011-07-15,0.6348835369099911,-0.022676562470703807,0.6476227631820621,0.4976824526443044
2011-07-18,0.6796200443825525,-0.102822412385804,1.3370547506139767,1.153917654535497
2011-07-19,0.706580441030409,-0.10191159012354159,0.5677971916832916,-0.16164491230519576
2011-07-20,0.697779771265894,-0.019532008741683565,0.6196042816447893,-1.491882417364652
2011-07-21,0.7469582562650028,0.06284240312454226,-0.19154521623922147,-3.0
2011-07-22,0.8062170256503601,0.3920031343502796,-0.032115635144447326,-2.132384993853265
2011-07-25,0.8669047629683508,0.5550621937108041,0.6994818218930416,-1.2979815278554596
2011-07-26,0.9324827278620103,0.6345196992903057,0.9314738348314333,-1.1321154257047956
2011-07-27,0.9068582514761009,0.4643790002675097,1.9073511792973168,0.12410107842506203
2011-07-28,0.9610037947769483,0.37831698559634896,1.4948871486521165,0.49959457074779257
2011-07-29,0.8868323847432087,-0.04400562448216597,2.5966976754041537,1.0592772356128746
2011-07-31,-1.4655998193821895,-0.3814883528744203,2.4256007742011976,
2011-08-01,-0.6280766423115752,-0.37887358637777474,1.987493130640081,1.3142912479475934
2011-08-02,-0.5017124541992053,-0.4614461797771722,2.437731221469975,1.508638952036993
2011-08-03,-0.38479625203532,-0.3726646866395281,1.9617969106633075,1.5218414285679958
2011-08-04,-0.2703054397834986,-1.054472907194295,2.2884005074826708,1.6272849813360095
2011-08-05,-0.056903185467641,-0.9585390032075934,2.3811970263859306,1.5787987561232917
2011-08-08,0.048804136508484586,-2.1204207717120522,2.255680425872572,1.9369167013474955
2011-08-09,0.1277179461048439,-2.5474492574001597,2.085574295209488,1.5736462615983615
2011-08-10,0.17418234108153915,-2.8477381847925693,2.216124193594044,1.6860036349429597
2011-08-11,0.13253795831838328,-3.0,1.6864682940347826,1.289779030858069
2011-08-12,0.1863997431473356,-3.0,2.08859274292138,1.3686777560802887
2011-08-15,0.22638046786405572,-2.7528258107841967,1.6929630336633288,0.8136259160308643
2011-08-16,0.34622019589072145,-2.7202103561353503,1.70410566799718,0.9438558806814212
2011-08-17,0.38765777930091155,-2.688612017651967,1.4091791678844714,0.6883403214561622
2011-08-18,0.32676968203265416,-2.9677269002072184,1.3468379494123388,0.9239834713338646
2011-08-19,0.3502472784063068,-3.0,1.8082722703800718,0.8594311344130016
2011-08-22,0.42973722246315316,-3.0,1.9105082603046581,1.0288920203838816
2011-08-23,0.49503608677965577,-3.0,1.5099655788194992,0.9402823243454712
2011-08-24,0.6030772984033279,-3.0,1.409668133975881,0.4812520755419696
2011-08-25,0.6685232140238223,-3.0,1.2849562079883612,0.5532526766896501
2011-08-26,0.7134956670925078,-3.0,1.2776759143273033,0.5390612999872274
2011-08-29,0.9124595308698709,-2.925865898787958,0.9160718346443105,-0.01249963091934319
2011-08-30,0.8702273625424203,-2.7576981542111962,1.0353404987963624,0.1618306469529177
2011-08-31,0.8595672014730289,-2.4715097249168845,0.8688554041241281,-0.07126012994968929
2011-09-01,0.9539913276350118,-2.346430809680261,0.4905432600014323,0.21699884521985577
2011-09-02,0.8458597609077555,-2.0093065747372334,1.0891102363965555,0.9031407952867998
2011-09-05,0.8794296135085372,-1.9162957331143502,1.0523938734374745,0.8731215134727667
2011-09-06,0.936634572400234,-1.339446647182486,1.2254579273173039,1.2573187610262142
2011-09-07,0.9628637259490879,-0.9589550504099007,0.9301591743707955,0.2675577187063055
2011-09-08,1.170018520236132,-0.720837906997623,0.7760662798449794,0.5576787191542555
2011-09-09,1.1964503204969101,-0.5307338230957576,1.3707841033399388,1.1789640071138996
2011-09-12,1.2355394963378936,-0.755936230946569,1.3146980034963631,1.0908480729011507
2011-09-13,1.2464450826832583,-0.8862928802179532,1.1099927438526986,0.8341094668675829
2011-09-14,1.2267078734180246,-0.8768840239076396,0.9632750144691884,0.26881932989656043
2011-09-15,1.1956502284245605,-0.8676076549610006,0.47193549789397266,-0.4946082181817774
2011-09-16,1.2030155666697597,-0.6276746987414065,0.40329536539751537,-0.5299821116406939
2011-09-19,1.2710281454244645,-0.66827923914366,0.625217471156967,0.4078382966775589
2011-09-20,1.2665820532152532,-0.6154520559377368,0.6250604864031202,0.38547284166308293
2011-09-21,1.1826865612448774,-0.4695060873985988,0.9706264553926206,1.5940110035362987
2011-09-22,1.2046846225883823,-1.0262471394567472,1.118778526473582,1.8855344361332982
2011-09-23,1.2022089385495875,-1.1992785182801142,1.2543769877466224,1.6435281581011825
2011-09-26,1.2273458018906507,-1.1368283105974706,0.9693494206674332,0.879083479249195
2011-09-27,1.2035032946799247,-1.029615094046598,0.8511874043815657,0.7003687382998487
2011-09-28,1.1796756353093036,-1.0634507545379934,1.126699069406582,1.1600794125817866
2011-09-29,1.2349379125400493,-1.1886151979253874,0.7145359912401558,0.32245063664832235
2011-09-30,1.2546561202360134,-1.4012287232667398,1.3080287723647623,0.699363594472857
2011-10-03,1.28731314077531,-1.6496000419422998,1.5062345363825638,1.0767219977627613
2011-10-04,1.2940666102158365,-2.058453315416455,1.0759170469250823,0.613859777622949
2011-10-05,1.3389505009112743,-1.8318186124588705,0.8825229441452974,0.37760508879261584
2011-10-06,1.3530726755706954,-1.6612179307625592,0.5001515107541225,-0.2514845745109706
2011-10-07,1.392173995684303,-1.4987017591253264,0.6315375024170007,0.11202560000842456
2011-10-10,1.4257997819541042,-1.2993028084043565,0.37946093287079313,-1.4330058716178082
2011-10-11,1.4552329962742023,-0.8877818647471308,0.27177820749170434,-1.0869114089873022
2011-10-12,1.4538884701078185,-0.4815224904220702,0.0637206790814736,-1.824072788023238
2011-10-13,1.4444999757047652,-0.34368692242468224,-0.17663927453152387,-1.2394435756935127
2011-10-14,1.4614755749643284,-0.11697301079323043,-0.18096589462676327,-1.7041426255524468
2011-10-17,1.4634468498514344,-0.07020471265101305,0.09563524117589453,-0.9050808120333849
2011-10-18,1.4675327819905069,0.15708735557435885,-0.1516230231118026,-2.2625533498546178
2011-10-19,1.3869219238424828,0.3840454816662958,0.21054304937870516,-2.5014335641722414
2011-10-20,1.4325882210221361,0.5647339157583716,-0.0049817320084524904,-2.566686129247881
2011-10-21,1.404797234630646,1.3764281477838305,-0.193725933132151,-2.4894353985757163
2011-10-24,1.3950073033797927,1.7145811693848878,-0.2699023969573676,-2.4278150593141237
2011-10-25,1.3115936950255374,1.8173625480668685,0.02367883363009964,-2.125644649213664
2011-10-26,1.3250875236577,1.8279493902504007,-0.16901696409755068,-2.362335165184438
2011-10-27,1.3148253590847645,2.3013470370008817,-0.7689528682188281,-3.0
2011-10-28,1.3455558084461403,2.3231466477652014,-0.5370400622426568,-2.875188122256055
2011-10-31,0.8699867526373609,2.2211412290273143,-0.07232018789052484,-1.7267597327388382
2011-11-01,0.8809539684634136,2.086298705518596,0.09396118591738241,-1.2798096391811664
2011-11-02,0.9242693779187622,2.4683172788255026,0.019702811264706233,-1.4415783296920928
2011-11-03,0.9687528617158827,2.3949565631773977,-0.40745132330465716,-1.55034096363848
2011-11-04,1.0197879910955463,2.2148881997184864,-0.16782239900636026,-1.4577924795610167
2011-11-07,1.0804197554782586,2.0106901002418462,-0.24043031774929888,-1.5873988238497592
2011-11-08,1.1111728306642328,1.9671317004453346,-0.4201372230759432,-1.644385021257294
2011-11-09,1.0987526251312807,1.4826082599920658,0.31698969937892674,-1.0925619371981854
2011-11-10,1.1920367957281712,1.162885668436163,-0.42956878951098676,-1.2423767657805418
2011-11-11,1.2297453410412118,1.0756381760635083,-0.2122631952891372,-1.524031397647085
2011-11-14,1.2484722018213472,0.8008325323177159,-0.12982453600390859,-1.1902625211799747
2011-11-15,1.330163646874241,0.6427582359276081,-0.12481303954016082,-1.0669202973828993
2011-11-16,1.392569762268692,0.5239156190569715,0.1288727620152354,-0.7465362180056324
2011-11-17,1.402656234955904,0.17407240090874468,-0.10604859039145925,-0.6488609708183731
2011-11-18,1.3936612244158821,0.09602292876910326,0.11252405724169842,-0.7684099362407314
2011-11-21,1.3587651265269054,-0.2159746131687123,0.3657392773073433,-0.40441101768612064
2011-11-22,1.2702131247026653,-0.48794292112273235,0.3029795914061899,-0.1042840807729854
2011-11-23,1.2683518393902877,-0.6796782124411115,0.4022049212739609,0.4370281010392892
2011-11-24,1.267567973229277,-0.7519026205794923,0.21900653480421256,0.3981816634482037
2011-11-25,1.2611769633047847,-1.2510032679191816,0.47708689992892345,0.3710077925470579
2011-11-28,1.2540559680068386,-1.272070711113184,0.14827712954426236,-0.353423333570768
2011-11-29,1.3512289550120624,-1.0999471720698897,0.10019223963069443,-0.6332449884318864
2011-11-30,1.7376450922522846,-0.8151604412750365,-0.15379972453025287,-1.5285592273123414
2011-12-01,1.7044786003404817,-0.8070155852586619,-0.2024394430629805,-1.2414268249797253
2011-12-02,1.8679651459114035,-0.6817590993738626,-0.17303797428470355,-1.4188780244296306
2011-12-05,1.7636742270307493,-0.5576639380537157,-0.15433162436611525,-1.7788653099149279
2011-12-06,1.7068739463363003,-0.47388470588054205,-0.11624659073914174,-1.827407255609218
2011-12-07,1.701806080077379,-0.5095447064278963,-0.0983112528838632,-1.8865802277704902
2011-12-08,1.5021801676160869,-0.30600193789566343,-0.14652621551677913,-1.0810735195794123
2011-12-09,1.5427473824980915,-0.3033989634967053,-0.33379928314158996,-1.6215059408443315
2011-12-12,1.5125960248705685,-0.34105393562331615,-0.4985997661132055,-0.9703071495980689
2011-12-13,1.4392583169444666,-0.25729913507135505,-0.4808206288188939,-0.9742627483792229
2011-12-14,1.354866818269931,-0.17371333214701104,-0.4503441722251253,-0.9870416508923768
2011-12-15,1.3039994440602554,-0.0902331154350916,-0.6734319919582363,-1.1093170618575563
2011-12-16,1.3262154124003265,0.0753951803491317,-0.5270081608228164,-1.2003149200123877
2011-12-19,1.4233755850463858,0.0756681952140517,-0.3727071799312932,-0.3174804847442296
2011-12-20,1.4157898444252928,0.2835611895086287,-0.6940069025529244,-0.9014693396147869
2011-12-21,1.3727948325934058,0.49099944784208066,-0.6492381755671108,-1.2177878197705945
2011-12-22,1.3582206839515947,0.6556499357593515,-0.7274273275903974,-1.6202528269730665
2011-12-23,1.355234078227599,0.6935575541044358,-0.7887537343496961,-1.79502284485451
2011-12-26,0.9425010140971827,0.7311654373215057,-0.7841939007169779,-1.7234963296789712
2011-12-27,1.3244449519567745,0.7263735839216332,-0.6600040466720511,-1.5258646862581462
2011-12-28,1.3010264547120038,0.7638339813053872,-0.4943763769896104,-1.0671589617329522
2011-12-29,1.2930370332808525,0.8431902584898476,-0.7157124832254429,-1.475694916058842
2011-12-30,1.2693556859341055,0.7945820088556458,-0.49520833040012996,-1.2758534651297604
2011-12-31,1.8531611814327131,0.319722788278614,-0.49505659164156685,
2012-01-02,0.8942392169712173,0.1464671246521117,-0.4957488056912257,-1.2361065292703588
2012-01-03,1.5103786513448352,0.27598071813750497,-0.586610547189405,-1.8415334054775068
2012-01-04,1.4801556219428513,0.3618724459835063,-0.681011016303393,-1.7936493630132246
2012-01-05,1.4979504302656,0.4911234738387252,-1.1830303236872384,-1.9940316309826704
2012-01-06,1.615962567478002,0.5760902020960526,-0.8402230426016061,-1.8057340410584604
2012-01-09,1.5341650762168966,0.6167281737283715,-0.8287607691638417,-1.9884024607485653
2012-01-10,1.4002511808841058,0.7010757310156974,-0.868085542704567,-2.2444289608181034
2012-01-11,1.3511146425918703,0.6965728116356033,-0.8706894737481073,-2.351878271801118
2012-01-12,1.2977534610772936,0.7805308314395434,-1.3168986658613497,-2.30308701257497
2012-01-13,1.25883605747696,0.7750679707488125,-0.9381512330767752,-1.9241104482644071
2012-01-16,1.2132157836168562,0.7696656327318333,-0.9311942768528344,-1.8747793142889058
2012-01-17,1.1171569770488632,0.8088622569326406,-0.9520641216566553,-1.7194354173829345
2012-01-18,1.107745930971263,0.8476263843798277,-1.2625282542148346,-1.920174437863782
2012-01-19,0.8958406862828457,0.9305566456619411,-1.4334653404247715,-2.506589987735163
2012-01-20,0.822575228787283,1.0122090830494141,-1.4337275030309677,-2.501458845593102
2012-01-23,0.8151732846772295,1.136879419186322,-1.2582018150405212,-2.412703935283163
2012-01-24,0.8597556231410689,1.2142482355854463,-1.28292956700433,-2.4611144588581304
2012-01-25,0.8582680921301633,1.2010072888469887,-1.2403928106213102,-2.2652235162134153
2012-01-26,0.8300258215092916,1.2765542844817332,-1.3584346343699623,-2.0609467429757915
2012-01-27,0.736597051230164,1.3498580414384826,-1.057679291937839,-2.1097407505516568
2012-01-30,0.7222092713402688,1.6385719749411176,-0.987111066367244,-1.82443120330441
2012-01-31,1.8355362337763417,1.6120930425199982,-0.9736255891383805,-2.166309912425014
2012-02-01,1.7274314359532177,1.5005638924102287,-1.0394181752734681,-2.1661940005166467
2012-02-02,1.6397143093655118,1.5218149466897823,-1.1814692988561206,-2.069066992858392
2012-02-03,1.8378921905492753,1.6270473289548453,-1.2094574755320677,-2.0902924070692364
2012-02-06,1.765805697006339,1.6428825704771248,-1.192745693827833,-2.046241398282073
2012-02-07,1.6949120013699466,1.6994647173958033,-1.1844352830706393,-2.0020118713210033
2012-02-08,1.6431713250290043,1.670039518021453,-1.1989301816036615,-1.9555868079422263
2012-02-09,3.0,1.8059316063889135,-1.4305526825361532,-2.4135889441232923
2012-02-10,2.9963524348874424,1.649505068027925,-1.1157989025740385,-2.279546274084654
2012-02-13,2.812338615446009,1.6623475160804448,-1.2069387145776167,-2.2052419681739392
2012-02-14,2.6976913303110557,1.674248658630133,-1.2179692298115439,-2.1064183527022085
2012-02-15,2.5399542490950253,1.605398530857068,-1.0172456518857087,-0.2429246500743275
2012-02-16,2.4591212892386074,1.499482984025364,-1.184122412435717,-0.43988582151142935
2012-02-17,2.459323196353456,1.4372764928853161,-1.314912399783035,-0.4889631452696035
2012-02-20,2.379633382021958,1.2975707438780324,-1.2969568111354142,-0.48420679467125516
2012-02-21,2.282056137741835,1.24147111084791,-1.2127006232434587,-0.45617630819052185
2012-02-22,2.161698198053139,1.1868145439418551,-1.1678195696567022,-0.3314247080494356
2012-02-23,2.0778495416836584,1.2130617185314665,-1.2028411765838554,-0.36160257909370247
2012-02-24,2.0180665780182867,1.1591141503493514,-1.2517814832896557,-0.3049653096208758
2012-02-27,1.9318365692908814,1.0665781537056929,-1.0978805006236612,-0.37967361825908086
2012-02-28,1.874662400583688,1.1749580682297047,-1.0712301977820224,-0.37510264419252776
2012-02-29,1.4777007647822005,1.3198461509243862,-0.9806737458006453,-0.274125804512908
2012-03-01,1.3975148266473227,1.3026157175119817,-1.1432674556272604,-0.42072451717649023
2012-03-02,1.389216690398584,1.2465027068414731,-1.0787436550712592,-0.3582261291280356
2012-03-05,1.3667278415919915,1.1130886272091267,-1.0393265796317495,-0.28692570865293865
2012-03-06,1.342169616224681,0.8635360588620626,-0.7594147069699443,-0.023162665380086284
2012-03-07,1.3201990180045455,0.7764098954554465,-0.9078454647587793,-0.13320332044862335
2012-03-08,1.3991537884945444,0.7701491344704571,-0.916441504351247,-0.32006554588166913
2012-03-09,0.6933115171640856,0.6837850720525318,-1.046176171685841,-0.38554497744487054
2012-03-12,0.6929673415395532,0.759096288249745,-1.5447374047974556,-0.3480364609859855
2012-03-13,0.6971010688757266,0.7932982987486705,-1.1758137822354264,-0.6617421675961699
2012-03-14,0.7095400645821478,0.9478519060473267,-0.9958731972856417,-0.5732073404063095
2012-03-15,0.698857340812201,1.5951084966857738,-1.3961073641656025,-0.7254997367110875
2012-03-16,0.6539579634616335,1.537669416960768,-1.6139594020973664,-0.7309278664608041
2012-03-19,0.6511987236527074,1.5692574315136307,-1.301516706333186,-0.710606902095922
2012-03-20,0.6431482235531978,1.4201888170954706,-1.2089772083908212,-0.6896601018168786
2012-03-21,0.6286367542284931,1.300972835162632,-1.1092745522485172,-0.6645847902803282
2012-03-22,0.6242747816230847,1.0713797159362506,-0.8718840149837271,-0.47266396913479464
2012-03-23,0.6131396405090278,1.0846202276090853,-1.0512897448084282,-0.5608551486276161
2012-03-26,0.6001279874055994,1.2190440499396316,-0.9440133099412954,-0.7141001633059356
2012-03-27,0.5982823645193364,1.1676674980686772,-0.9132298220751169,-0.5841215646178356
2012-03-28,0.578264867798411,1.1217735845324643,-0.9317884820084129,-0.5087264662496911
2012-03-29,0.5728152871827449,1.0307097234052947,-0.8732108290053341,-0.3904052024056841
2012-03-30,0.5924188718299847,1.063770920032871,-1.006063415187124,-0.45978393848879795
2012-03-31,0.5009149120880385,0.13945433116740483,-0.9950822798241157,
2012-04-02,0.5370581895196876,1.0314147193987586,-0.9191847615584992,-0.5083774489693331
2012-04-03,0.5333501989113084,0.9008584904957768,-0.9548949371537685,-0.31697442743471016
2012-04-04,0.5099722870229318,0.7264735971380128,-0.7602744785273486,-0.12839291676261638
2012-04-05,0.5061418302278899,0.6340524835382008,-0.6235503833573645,0.00047911711525641155
2012-04-06,0.6747578388192884,0.5529886236059677,-0.6840102774807231,-0.0018051362458188403
2012-04-09,0.4843257178248926,0.3684587769469091,-0.44949272449109307,0.20149925425556356
2012-04-10,0.5002811680505942,0.1497169369927803,-0.29036178012678815,0.4535724974152441
2012-04-11,0.4988740542809919,0.3664125603828951,-0.30230262936665264,0.29979043960647767
2012-04-12,0.5531178658653902,0.41769709460100174,-0.19161497380038156,0.0006477796524237973
2012-04-13,0.5638946303549475,0.2578252180029356,-0.33074953179338806,0.3182136982548528
2012-04-16,0.5579512828344995,0.1942025635989231,-0.27209905073166574,0.20727731477940828
2012-04-17,0.5597506374507044,0.2974415340523527,-0.5584651480804053,0.0371386183423935
2012-04-18,0.5604246600176339,0.24245749130744687,-0.4552434590496317,0.19738990398817408
2012-04-19,0.5351570097967063,0.2084919922843803,-0.2039300906024216,0.15704557193157556
2012-04-20,0.5182351492542264,0.224306643649002,-0.5106624544500472,0.16654088659302088
2012-04-23,0.5157826405421626,0.24206543550653956,-0.3298892293498702,0.3103419066449266
2012-04-24,0.5400569657128316,0.39093972254025733,-0.4618411606799702,0.060173685096964184
2012-04-25,0.5335395444084288,0.4060522289069139,-0.7364667491978568,0.03864062894534369
2012-04-26,0.5113666418986214,0.3845455332355395,-0.3113858948806952,-0.13406656497991026
2012-04-27,0.4752333654812317,0.4707948733760578,-0.6890443550550015,-0.09672837004715845
2012-04-30,0.6933148189177664,0.39102190544568943,-0.5866973711136416,-0.03749783018131136
2012-05-01,0.7167636270363934,0.6218768565779242,-0.6676251851194611,-0.07449600628630988
2012-05-02,0.6492625933197625,0.451033842068432,-0.6229183383177126,0.06620386761164189
2012-05-03,0.6123512046453788,0.307025818839823,-0.34033414130486783,0.23670206954308426
2012-05-04,0.6081500859584782,0.04956470881443379,-0.22788214409195415,0.44241104938167874
2012-05-07,0.592062126704733,0.013478906449286517,-0.2765473561756166,0.34272763392845135
2012-05-08,0.4035062118767418,-0.01943555481643581,-0.3023347465973585,0.4394963879931341
2012-05-09,0.4046735511847354,-0.06071586103692341,-0.11051543897287007,0.5130683801571994
2012-05-10,0.36748924610602696,0.07778977018099738,0.1558829247551201,0.3997582364595173
2012-05-11,0.3523665461812562,0.08697920570266224,-0.11787385516451879,0.4840370826574571
2012-05-14,0.32871291307883005,-0.21575389450647792,-0.051621007474828846,0.6064254638505948
2012-05-15,0.3234489827986903,-0.35476474116019796,-0.07731624358491311,0.7237365549214779
2012-05-16,0.33934570384084567,-0.36807298566994273,0.02299722542517651,0.7821789875647664
2012-05-17,0.30004782969841653,-0.6885151788552284,0.6155390587282926,0.8133039009512923
2012-05-18,0.29922742302876365,-0.5754956053789481,0.30388459576242005,0.8183261851498902
2012-05-21,0.29464076302858555,-0.4126992722572919,-0.008649232925193635,0.8754497422285165
2012-05-22,0.2804542943857794,-0.3468965953450296,0.0449975703260403,0.8030816405679382
2012-05-23,0.2528646796780785,-0.21450860338747268,0.026679021687594198,0.8298013485331118
2012-05-24,0.24385251392833188,-0.13856378013032608,0.12657953255037793,0.7742293160758236
2012-05-25,0.23560560065085695,-0.49167420355138286,-0.07379381157587508,0.7721083251318787
2012-05-28,0.22609351849112283,-0.5490328470756353,-0.3691479003429598,0.7641599531771897
2012-05-29,0.20655246073114095,-0.28989121613078606,-0.4619925257629202,0.6280955003684955
2012-05-30,0.18777427249486117,-0.5714294578614968,-0.015671298998369214,0.8682247450567219
2012-05-31,-0.20807222343826617,-0.6998363110409196,0.23324782082975715,0.7863601405327868
2012-06-01,-0.30945875515734894,-0.8281413814171492,0.2795884554910814,0.9595398022828859
2012-06-04,-0.3090669415401612,-0.9933973815933156,0.21236718411135957,1.025814353420364
2012-06-05,-0.30269944123926446,-0.8763726377300392,0.15166553350440085,0.9206002068157074
2012-06-06,-0.2140675720952822,-0.599940806551206,-0.11712593675242174,1.0907516915647542
2012-06-07,-0.21897012495108042,-0.6825134154309076,0.26256763144145756,1.0492995559144795
2012-06-08,-0.35559494961382687,-0.5763126750043736,-0.14756234009756516,0.9227028863782795
2012-06-11,-0.34583001851904543,-0.6544361293276778,0.09077760000766967,1.093453665318434
2012-06-12,-0.36263476241306,-0.4506323156446015,-0.05644684722630955,0.8708974545438125
2012-06-13,-0.3852419715209686,-0.6310219861067353,0.20880625799003089,0.9467655569553832
2012-06-14,-0.39824837478309044,-0.4621461546938738,0.24195310121296495,0.7440919440389924
2012-06-15,-0.459351333937268,-0.35538113505229096,-0.11694658109665083,0.6799471340320423
2012-06-18,-0.4832837560320757,-0.40390331200801954,-0.22353987042325277,0.8388689521238842
2012-06-19,-0.489175880264468,-0.2540150291113035,-0.30546521709528196,0.6446684378959245
2012-06-20,-0.48400973889523824,-0.2419218371270073,-0.36594313385850397,0.5969820974830496
2012-06-21,-0.4743433571727497,-0.46127265214156543,0.12346289077937093,0.8067829923116224
2012-06-22,-0.4632914599301681,-0.3099182625954372,-0.018207571207618133,0.7244893181443831
2012-06-25,-0.4274536200400169,-0.5815269302024733,0.16232059049850292,0.9345495393642577
2012-06-26,-0.43060394741633645,-0.47203500350519184,0.14969903106337026,0.837064967776776
2012-06-27,-0.41749530087029973,-0.16213138592154605,0.11609206675649053,0.6872956807030318
2012-06-28,-0.3359510329925902,-0.17816957450084822,0.37050061982642735,0.6490260911966715
2012-06-29,-0.37145968482817,0.21956796887266317,-0.08233764147411307,0.2928626755520632
2012-06-30,-2.064001347731101,0.8805872751526894,-0.04548651573766189,1.5255817982580164
2012-07-02,-1.459269103874352,0.35405903308065667,-0.0478767548330092,0.2880613752530791
2012-07-03,-1.4457437578547903,0.41249605533018147,-0.07092341424397677,0.14518199198358245
2012-07-04,-1.3940012405450901,0.47843753977045,-0.09708938343087023,0.14458753093675683
2012-07-05,-1.3367756774288915,0.39332675117240373,0.09078205606751386,0.4140269451621202
2012-07-06,-1.3073212020328437,0.23326918583712597,-0.11697412567178508,0.5056461415732318
2012-07-09,-1.3514000199666518,0.09523587289112746,-0.07966399776439385,0.5719359980757023
2012-07-10,-1.3427205369927657,-0.04543826930091038,0.019689214143668594,0.6944075454946114
2012-07-11,-1.356067365397936,0.18129712815585722,0.0037063321321524375,0.5280524734188685
2012-07-12,-1.2951837505546568,-0.029826628732131672,0.13090481094255854,0.6730408498046548
2012-07-13,-1.2376354248865165,0.38895350793462985,-0.21018575023941022,0.3163158106250028
2012-07-16,-1.2078960999541442,0.5199641095055096,-0.07188434215658318,0.4190457655065248
2012-07-17,-1.1425790920070429,0.6255708399209825,-0.22677512043150339,0.19589986774527607
2012-07-18,-1.2203914778795593,0.8244935567696537,-0.22580280231980518,0.596390794097784
2012-07-19,-1.227460094590144,1.0982771028195746,0.23099945407285774,0.684539719256394
2012-07-20,-1.206203687358783,0.6154280729056186,-0.32631549948185695,0.7710333329261643
2012-07-23,-1.1355783383190037,0.967928692022946,-0.26189624757314794,0.8942465234972282
2012-07-24,-1.0967435020159324,0.587547993882267,-0.12126107191803687,1.0507976999018747
2012-07-25,-1.0600086699865234,0.9691595213336018,-0.2284049851207199,0.99329747154482
2012-07-26,-1.0319433393481021,1.2086687898976787,0.10476538364198254,0.6775902444384857
2012-07-27,-1.0497365778079593,1.4711378610313215,-0.2557888121258712,0.25696343387828424
2012-07-30,-0.9307972668885275,1.4535020079451315,-0.11082604467933639,0.30525463540678666
2012-07-31,-1.2856572551357834,1.330680936957785,-0.009910632054622566,0.35491927191514105
2012-08-01,-1.2370132067070054,1.1516246377042063,0.010307213883018503,0.3943454449571579
2012-08-02,-1.1781140062410067,1.0023887944080903,0.016753408612300538,0.6683194016057297
2012-08-03,-1.484530997557813,1.2974393344848487,-0.4733787742213483,0.28022179566360367
2012-08-06,-1.4173882096211712,1.6317354646786508,-0.22659686884634436,0.28775951760863205
2012-08-07,-1.4326026072622473,1.7307883930555146,-0.2041525645864805,0.23722777273173695
2012-08-08,-1.3021666712837516,1.756262914128168,-0.23314266828839111,0.1618791977499403
2012-08-09,-1.0849473289196905,1.580379274955734,-0.3971628591368808,0.12541046162553515
2012-08-10,-1.0430016754067204,1.4945805654280993,-0.3253938746706949,0.11812096624424476
2012-08-13,-1.0013757930184644,1.581460409422253,-0.5810993254858043,0.16759911194531388
2012-08-14,-0.928860068284236,1.508492246626614,-0.46947689925146624,0.19513658492880437
2012-08-15,-0.9515805283616107,1.2633280780857594,-0.5593434657666142,0.11527768050895658
2012-08-16,-0.8745220922524137,1.2955981398650056,-0.5765879510543486,-0.020695149283566083
2012-08-17,-0.8228116504238855,1.2320434198295716,-0.7575048629068836,-0.019355439742347453
2012-08-20,-0.7686883084341953,1.2976840959960223,-0.7353760698604237,-0.019488879092233194
2012-08-21,-0.823423400026303,1.396902576848218,-0.7668672945524075,0.006253411670025566
2012-08-22,-0.8106135336505458,1.3372094849239182,-0.5314665647498227,0.026417770813445294
2012-08-23,-0.7172825348694769,1.1539800002148004,-0.5117702556622858,0.21616616167691194
2012-08-24,-0.6405117363692803,1.0609050958873785,-0.5888032625049341,0.12523368225556217
2012-08-27,-0.5878760729043179,1.0859683844357833,-0.3724776324211023,0.20799192082542525
2012-08-28,-0.6435288266327599,1.1740677509723094,-0.292285189292453,0.2579766170919833
2012-08-29,-0.5944688609853193,1.234830976563295,-0.18673518635969255,0.18263746064182834
2012-08-30,-0.5662915773390182,0.9306722852790303,-0.06668526813834186,0.29767461850117116
2012-08-31,-0.8990996843938662,0.8944325334860036,-0.17014099781701472,0.23641162047718445
2012-09-03,-0.8398027874150579,0.6896742604898507,-0.29885144206673586,0.23627758208876515
2012-09-04,-0.824404821834446,0.6205993334650781,-0.2521083093743037,0.2706201677401492
2012-09-05,-0.7404719231429446,0.697086134572843,-0.2786155235826559,0.2529772743431611
2012-09-06,-0.6759316346731573,1.102658271127062,-0.23595327194825083,-0.24965342577979682
2012-09-07,-0.668333396625828,1.3275084931376222,-0.5531124845570949,-0.3154351459111321
2012-09-10,-0.45309672400715023,1.3192817071905794,-0.43487541992187617,-0.2501078641591706
2012-09-11,-0.41132103378654034,1.2804894462609424,-0.43457186087713473,-0.35164353464436093
2012-09-12,-0.4601262633831906,1.1478433980833826,-0.5036863703106639,-0.3708303338335972
2012-09-13,-0.4739093204498943,1.2890260296835818,-0.19869245842154115,-0.4865199184975972
2012-09-14,-0.541277556838233,1.4741036311631583,-0.36442364786372705,-0.4802566111369379
2012-09-17,-0.49833047197900454,1.2605545139227834,-0.5835448032871393,-0.30130994818862167
2012-09-18,-0.46093424163547125,1.333825786842458,-0.8868391941839718,-0.23833582346477927
2012-09-19,-0.37713942832124625,1.4636624214370892,-0.6690816882789614,-0.26333950201392414
2012-09-20,-0.35016474018453403,1.174382943981619,-0.6650454971824595,-0.2505546191725303
2012-09-21,-0.3816978848345344,1.035386936163394,-1.0170309651319447,-0.22724187678619717
2012-09-24,-0.2947150978107213,0.8587716752165032,-0.9754854347068133,-0.19918357835555037
2012-09-25,-0.23050927029467957,0.5730850395229412,-0.8749878023773874,-0.016630331596761742
2012-09-26,-0.20887063246899332,0.254922654174057,-0.647765483435767,0.0799993395392299
2012-09-27,-0.36330051670025704,0.4272495731530041,-0.697947030312852,-0.026254738193409805
2012-09-28,-0.37802637406921746,0.30916178168406944,-0.8452347084144898,-0.027281152007893272
2012-09-30,0.3501417580083739,0.1723253937642705,-0.8638587351793701,1.5584689012952404
2012-10-01,0.2023685919024485,0.4344634358215863,-0.8922321416774849,-0.04783422409263831
2012-10-02,0.19722983787859796,0.43336347202320064,-0.900898153031391,-0.03525596027313797
2012-10-03,0.23532878975355054,0.5982863987142141,-0.8551588555636597,-0.47354981520968104
2012-10-04,0.20290365775068486,0.5757958449492312,-0.4968843596616946,-0.5743415326786213
2012-10-05,0.36773457837802814,0.685797232861409,-1.0009313257052912,-0.6079177136503212
2012-10-08,0.44643145163235565,0.6225265612780723,-0.7782197801006693,-0.5968055766392709
2012-10-09,0.45111287170399034,0.3252035693269176,-0.7149869081735378,-0.538047841992927
2012-10-10,0.468472366024286,0.08433732548233445,-0.7347856730850608,-0.44582838326537044
2012-10-11,0.5495781981922565,0.18169548156561033,-0.4039006067152239,-0.523971958701466
2012-10-12,0.5810782318562439,-0.07583073158582802,-0.8725348359230162,-0.3418624822047826
2012-10-15,0.6404410574351324,-0.04930610910896253,-1.0165925712819157,-0.42843986122183336
2012-10-16,0.6152131644645816,0.21392054404481206,-0.88839295442875,-0.49665736689149287
2012-10-17,0.6172129843433508,0.5750410959175936,-0.940341763256651,-0.7115710280246268
2012-10-18,0.5749599265879194,0.9171874795381858,-0.2577928993454976,-0.7935281448549052
2012-10-19,0.5638090198901752,0.5557718807275778,-0.7567908100181353,-0.6834382415551817
2012-10-22,0.5383726515744333,0.44179908915206495,-0.7745994602992078,-0.6236434931847855
2012-10-23,0.4957407157475175,0.14711256840973272,-0.4102606778463872,-0.38277785224074434
2012-10-24,0.49008668804235855,0.0175492229349721,-0.5118052692275032,-0.3683910613254529
2012-10-25,0.5226817342220621,-0.02478522882445954,-0.012495571573785445,-0.4288347331525018
2012-10-26,0.534677394327843,0.11030076553108827,-0.5408563784148345,-0.1936271558623179
2012-10-29,0.5159253521934257,0.03230709875238285,-0.5778294883869831,-0.16165781540998378
2012-10-30,0.4998076150719181,-0.0998781216489301,-0.6471322854158917,-0.15451764037375895
2012-10-31,0.40450533135384037,-0.11318391684877693,-0.2937692710865497,-0.20869224199369804
2012-11-01,0.43021027359275515,0.10929478733331542,-0.19546118893998798,-0.3803553106643346
2012-11-02,0.49304230120773235,-0.01630067932407293,-0.46650963349016344,-0.29162343928977147
2012-11-05,0.46741440701709724,0.027653284627774912,-0.33124564294578607,-0.25676224705742134
2012-11-06,0.42520822934700425,0.14450950254137201,-0.4467855346534269,-0.43506103067649204
2012-11-07,0.464412419676162,-0.24344029057509914,-0.29559385762229,0.16204761440567117
2012-11-08,0.6342362527111172,-0.4108398037760633,-0.16996428924302825,0.34662384647796307
2012-11-09,0.631418927025807,-0.45752801188268916,-0.4236115771232045,0.3130612364188031
2012-11-12,0.6177543237574568,-0.5430515190400357,-0.6626308412427537,0.33228149455102673
2012-11-13,0.6110602460433376,-0.7106627965846923,-0.7141471928629237,0.44285682222567535
2012-11-14,0.5750970882639628,-1.0885982946970911,-0.619811285713209,0.6796675672314587
2012-11-15,0.5361374204605287,-1.2947387722616726,0.04329447288900026,0.706716794126877
2012-11-16,0.5318224915630879,-1.3896704812778014,-0.9067919161880336,0.6487843140704788
2012-11-19,0.5371776122299593,-0.893334616379417,-0.6983016083917776,0.2944118296996592
2012-11-20,0.5160489194764583,-0.8403241665488511,-0.8054251532127854,0.14476962507543029
2012-11-21,0.5033035690148259,-0.7926643832185848,-0.7225074503447523,0.08174100659191075
2012-11-22,0.5014047601881845,-0.7699457774978857,-0.24241716047431305,0.0795589820458848
2012-11-23,0.5001111218020698,-0.6152180422765235,-0.6955402036446781,-0.11744102968747164
2012-11-26,0.5205142107036128,-0.5592453534815841,-0.5945930829704116,-0.006866913545209789
2012-11-27,0.5365237680516355,-0.6957089379390453,-0.5070905044991643,0.106532653950583
2012-11-28,0.5304917808078791,-0.5180972001668521,-0.35032900298581965,-0.042335160292649436
2012-11-29,0.5132663444741656,-0.38960377356359166,-0.5931297728159972,-0.10590762473976607
2012-11-30,-0.2519152288007737,-0.3301306875829171,-0.5130323993500857,-0.14260620564121537
2012-12-03,-0.31876812823017603,-0.5383485879835872,-0.4568312721341019,-0.06379833612888554
2012-12-04,-0.3097386976173772,-0.6965814468601836,-0.4815051879951369,0.013300681806944154
2012-12-05,-0.2904803393263253,-0.43021717673416465,-0.41177689227629843,-0.3728892480540195
2012-12-06,-0.2857096189469417,-0.4571286263678202,-0.25856336853596684,-0.3409741756522247
2012-12-07,-0.16810763044590507,-0.39743383415143674,-0.3771727990640465,-0.5032792261912609
2012-12-10,-0.06488751755985407,-0.3821028612264194,-0.31524942888182633,-0.5440679412211051
2012-12-11,-0.0580522260269992,-0.40601167256423154,-0.41479037525477797,-0.5685215533874337
2012-12-12,-0.049278068476530316,-0.2966745078319043,-0.39703799225587527,-0.662523389077936
2012-12-13,-0.014290974516049278,-0.39906184650056953,-0.3348649415680218,-0.6617741935924089
2012-12-14,-0.008039961316253758,-0.29681698034489884,-0.32119759595501246,-0.7100189536179297
2012-12-17,-0.03176885332134375,0.0620199900939159,-0.2778325938588986,-0.9237279450217589
2012-12-18,-0.04138180082973018,0.2222113032065247,-0.42662606159349403,-1.01021317549777
2012-12-19,-0.01415128327299814,0.09069744311139465,-0.3347371974760279,-0.9114309921285964
2012-12-20,0.06792981061493321,0.1687319074826806,-0.573156337620731,-1.0129115581165897
2012-12-21,0.04287779646644759,-0.08973340490980701,-0.5648790641383502,-0.8422352737160512
2012-12-24,0.12069168824729178,-0.20597774652795897,-0.47414966428514765,0.7787646270631369
2012-12-25,-0.033989146874381176,-0.20088214425346898,-0.4594435308335972,0.7749830965103439
2012-12-26,0.13161507528804425,-0.3123488109144837,-0.144494330916081,0.843863242149127
2012-12-27,0.08395380750083013,-0.39096379504422396,-0.1897366762500753,0.8973569132897321
2012-12-28,0.08015673351332783,-0.7634586379977958,0.14333682568187617,1.0923069722049743
2012-12-31,0.8174291498921703,-0.43078190118395815,-0.3983883705937548,0.7999448513140528
2013-01-01,0.06960338093064453,-0.4354188976684447,-0.4090409807150909,0.7995120297412889
2013-01-02,0.7621230745940901,0.21741456833121908,-0.6265713894151121,0.41233934942249306
2013-01-03,0.7758991035272369,0.1999855007343004,-0.33312687737654423,0.3254276021121991
2013-01-04,0.7501553243326969,0.30814368065914166,-0.5608021982312374,0.164708485673323
2013-01-07,0.6948528836920815,0.29710762295198,-0.5811883004797082,0.2827802282863489
2013-01-08,0.697070501702936,0.11388438361103724,-0.7484451948488376,0.40072907312619443
2013-01-09,0.8022808614463824,0.08607075572759063,-0.7647436943180884,0.4068110068659178
2013-01-10,0.8150072065013958,0.16118442215303608,-0.8559597326076457,0.26588631248774264
2013-01-11,0.6709133140923836,-0.010414931238206223,-0.9538568521062099,0.32614157143688527
2013-01-14,0.6573360574110461,-0.12691869834397285,-0.9340938609742813,0.25589705833281023
2013-01-15,0.6621085040621787,-0.09314057266885398,-1.1072242571939042,0.12423853280651424
2013-01-16,0.7402935079242815,-0.040884598398783875,-1.0393785301694314,0.46818720540293396
2013-01-17,0.8445136409660491,0.07868540714123567,-0.89825910618363,-0.02286157781005603
2013-01-18,0.8321673400231786,0.18592440148356795,-1.2565647740110142,-0.08512642504457008
2013-01-21,0.809882303687211,0.26796193006946945,-1.103749844788305,-0.08029864100944735
2013-01-22,0.6802097192651863,0.2762118259586023,-1.1551238090973066,-0.2111935887011553
2013-01-23,0.6535943288611058,0.2724584461041936,-1.1237570528205483,-0.12264991226345195
2013-01-24,0.6521656450535358,0.3806514729066223,-1.1396189554929141,-0.2966840614433902
2013-01-25,0.6437723749459482,0.5037191314635018,-0.8085294818847393,-0.3739177862698104
2013-01-28,0.6352273779649924,0.5144232816097742,-0.4806203240089118,-0.36308944707690527
2013-01-29,0.38503814006715004,0.41006771625728283,-0.8826701717582125,-0.3335438357609722
2013-01-30,0.15518058623755135,0.14479838603969086,-0.700169803672628,-0.2617413516931312
2013-01-31,1.0230344748950688,-0.11017687465152323,-0.9672160257112616,-0.22106493007855194
2013-02-01,0.8411484250466021,0.04791726201552418,-1.0172620698185468,-0.0826399395096372
2013-02-04,0.8024265147105005,-0.2680143491463043,-0.7673028389685945,-0.03515345575286359
2013-02-05,0.8007811988878705,-0.015053950488540267,-0.8048646131799208,-0.02894497026615838
2013-02-06,0.7951078173751855,-0.012230849397963987,-0.7844498223778021,0.00031597689079131515
2013-02-07,0.7832430342470854,-0.022053315457982225,-0.7645306584688151,0.010839497331142551
2013-02-08,1.0385885613215526,0.10561622255485074,-1.0366501610391716,0.01253455044073968
2013-02-11,1.0520865696430675,0.21589898626233245,-0.9080381459672616,0.017915700721199378
2013-02-12,1.0342173336138345,0.4747512804385086,-0.8572368953802851,-0.09079046074071327
2013-02-13,0.9971383946394348,0.49918685280274433,-0.8582417328667944,-0.16749680233130643
2013-02-14,0.9376777095424063,0.2765222146013159,-0.8974136828461319,1.9321668590885803
2013-02-15,0.8771357426052186,0.13968597621722986,-1.3666324747592185,1.9182930513120495
2013-02-18,0.8219482463866937,0.07221218196024642,-1.3667223710781788,1.8909757823594011
2013-02-19,0.7830061564590608,0.2816895882118326,-1.3108191627505361,1.7095123572004525
2013-02-20,0.7826141057725533,-0.1700935764155806,-0.7890547245091724,1.9693549805486936
2013-02-21,3.0,-0.1604483674485696,-0.43889161585069525,2.071469873640779
2013-02-22,2.8608468260397037,0.12787694539029895,-0.7986136584760014,1.7845511294474794
2013-02-25,2.705927105753593,-0.5568379640619777,-0.020015955073372317,2.2182751785507144
2013-02-26,2.7015442076854237,-0.5333620805135584,-0.4112076202778023,2.071135700124361
2013-02-27,2.630593799466237,-0.19341397458306314,-0.7793536586705098,1.6255074674649777
2013-02-28,2.721163399412382,-0.23892571814092453,-0.027543626970438943,1.5986124008036258
2013-03-01,2.6295204286446485,-0.08453375242027894,-0.633776112164812,1.549785238026654
2013-03-04,2.5152990999372427,-0.11657480303371014,-0.9276079741151386,1.4280345318810679
2013-03-05,2.4197955335560457,0.16438116862242474,-0.8135589277420077,1.3237104121232937
2013-03-06,2.341714217976318,0.13270950307166055,-0.7793774158784216,1.2025603659035762
2013-03-07,2.2622742568678227,0.26413852221286344,-0.2027499646957549,1.115250893066525
2013-03-08,2.3883033953182253,0.40807576331949275,-0.8759416498462321,0.9681018195048163
2013-03-11,2.2777323993477427,0.5747368003608029,-0.9939846972574552,0.9162899059724804
2013-03-12,2.1878867244168028,0.5043476316953737,-1.0170703497511464,0.9051569994656622
2013-03-13,2.149113868086801,0.4524272524850142,-0.9664364696435477,0.8403063811276875
2013-03-14,2.093936014012392,0.41462431227281715,-0.9403240219028127,0.7311909761796768
2013-03-15,2.0097639314804177,0.26891448840772525,-1.24679542038058,0.7441126834302474
2013-03-18,1.9514823751584864,0.0729379917236248,-0.7448216196063997,0.9418616939458062
2013-03-19,1.9310705456201949,-0.18672352479350596,-0.6519906646303405,-1.0886427709870332
2013-03-20,1.8735470620343009,-0.33669521261800056,-0.629212743933107,-1.1420442289145796
2013-03-21,1.8343337027739697,-0.5054940189539684,-0.08034790640196199,-1.0396362437227415
2013-03-22,1.0656998738157322,-0.2480838236459312,-0.31480492595200865,-1.0626866369029637
2013-03-25,1.0507930399209784,-0.30387915524057196,-0.3233215471530742,-1.009810524137472
2013-03-26,0.9965469481639317,-0.11001573401751698,-0.3372993574426366,-1.0532111043178274
2013-03-27,0.9839073314717188,0.047627703381361686,-0.37221871583603516,-1.0002740991517216
2013-03-28,0.9152535525017926,0.08846797588132879,-0.508226352163996,-1.0194430641841221
2013-03-29,0.3473513514021075,0.05443064266718125,-0.730989218915637,-1.0023811161639171
2013-03-31,0.13849082921830302,-1.978838723971054,-1.0082258052644675,0.5426835151021472
2013-04-01,0.31508824591971013,-0.5397881424199835,-0.7476379593798835,-0.9736554771911271
2013-04-02,0.3117728492387838,-0.27022604023717045,-0.9832121162758108,-0.9848685416120754
2013-04-03,0.2830890185521473,-0.7023449681192777,-0.6457742421986853,-0.7733459324890174
2013-04-04,0.25593028276961277,-0.5985528135842162,-0.37873175495570577,-0.8435263994496567
2013-04-05,0.2514399692029145,-0.566256820470029,-0.5241109984960339,-0.8388946308443171
2013-04-08,0.33983705146984255,-0.36047315061784097,-0.680663336026737,-0.9228930870270009
2013-04-09,0.35251259789724276,-0.2196050470261065,-0.6361340832076772,-1.0198457739800881
2013-04-10,0.36953282727960085,0.21590980827638356,-0.6059239338262175,-1.076208497610983
2013-04-11,0.3691895913944429,0.21990297626242286,0.8135229442733545,-1.0386921854768951
2013-04-12,0.30876167904886176,0.02448190315868722,-0.5666875648904744,-0.9472895563247421
2013-04-15,0.2906853909998594,-0.6265952110243148,0.021109084488564044,-0.5763984857414804
2013-04-16,0.19782435672068321,-0.22354667536040018,-0.5608884486016033,-0.7190357735390998
2013-04-17,0.21265224408094374,-0.38468138028669224,-0.09171296831913912,-0.5173534258427098
2013-04-18,0.24545261157121911,-0.5271420369096544,0.9510850848980013,-0.5325105604974616
2013-04-19,0.2041590605902225,-0.34523561391481594,-0.4426554953623228,-0.592327807912951
2013-04-22,0.1913519015475794,-0.1012878817528988,-0.3126410828748838,-0.5718353229168498
2013-04-23,0.17433647825813922,0.20297378108125919,-0.5381459803233586,-0.7161841333961516
2013-04-24,0.0909748343881246,0.41964295944661484,-0.15846564260040344,-0.6436694306833977
2013-04-25,0.10170509857006546,0.5348707879844521,0.5610956794016935,-0.6091429304015732
2013-04-26,0.06772581275865466,0.6782032205861025,0.1051016328325713,-0.5366112361181435
2013-04-29,0.13099729511491054,0.9107105158312093,0.2338652849264112,-0.6025779107379865
2013-04-30,-0.25246241976740147,0.9227828763363831,0.21634747452810585,-0.6376933446510492
2013-05-01,-0.2473343451146049,0.6273823589969034,0.39751271569697744,-0.4713229368287463
2013-05-02,-0.1837867164930337,1.074559266327661,0.7965606844230229,-0.47920926052778046
2013-05-03,-0.2264677396040293,1.3906643656722573,0.30072437060660445,-0.62273438127301
2013-05-06,-0.24887125481526826,1.5386111666248048,0.4717443626056466,-0.604238241640014
2013-05-07,-0.26438180101422004,1.725149740641414,0.3150213410550173,-0.5879590432752875
2013-05-08,-0.34691554121446516,1.5986724329282374,0.36313851140265435,-0.6348345963523728
2013-05-09,-0.3455386514808563,1.2123971314373405,0.06876967424837244,-0.5398339234357135
2013-05-10,-0.35232234167849674,1.1353396568530374,-0.07132890665126593,-0.5649475260495921
2013-05-13,-0.3466367196313083,1.0036342909928115,-0.22074043961934223,-0.5565192360811856
2013-05-14,-0.34679658967022114,1.2239386251375686,0.1448830282687614,-0.7062223208053168
2013-05-15,-0.36115120988840754,1.3164710742803056,-0.09316092282834945,-0.7592662243521089
2013-05-16,-0.4523828553672017,1.0872226690867142,0.006481822444583913,-0.7221146990714459
2013-05-17,-0.4098006098553679,1.4637998979846927,-0.47842228963699435,-0.8918646881930594
2013-05-20,-0.41346953856181684,1.4857980694906427,0.2322093044116831,-0.9339210506106316
2013-05-21,-0.5894055497060003,1.62564859630646,0.2555779013894575,-0.8978629670282201
2013-05-22,-0.5763664768332677,1.3988628116437865,0.21263733432053272,-0.8892758810417127
2013-05-23,-0.5143427325243488,1.185114365528967,-0.3135462731534156,-0.8582258997793089
2013-05-24,-0.5044493081686147,0.7317020117598378,-0.2180021350087371,-0.8026630184794691
2013-05-27,-0.5354528429791685,0.6356960907561094,-0.20706982106689217,-0.7926363368648619
2013-05-28,-0.5049028320480478,0.6318706880881773,0.03388068821130893,-0.9341509373773248
2013-05-29,-0.4858909078110368,0.36761169135378413,-0.2604930746682904,-0.9826864535419219
2013-05-30,-0.48021791515258483,0.3553220476272866,-0.03864419762323738,-1.0185633540313008
2013-05-31,-0.40726161502336783,-0.31581733411635554,-0.38996945383692533,-0.8718262456242901
2013-06-03,-0.47687488135586176,-0.43905447629953387,-0.45668207237184577,-0.8874694867549058
2013-06-04,-0.47693525854697366,-0.9457232817332816,-0.6534419652847037,-0.8563631747504931
2013-06-05,-0.5197045894559885,-1.597235994787391,-0.651932295276489,-0.7476729730478725
2013-06-06,-0.523420176161078,-1.3623561228626186,0.18739408150200734,-0.8309507710373307
2013-06-07,-0.5140764870481738,-0.9508383970440012,-0.7382507052805006,-0.9746246281348929
2013-06-10,-0.49880030721084323,-0.9340597716687995,-0.9501514220613504,-1.0545911841455948
2013-06-11,-0.4655000954238271,-1.3686030694585312,-0.6354462575453467,-0.9341742392006488
2013-06-12,-0.4416666174587026,-1.3837430509526039,-0.23126523603560642,-0.9330349535290647
2013-06-13,-0.43314653356911165,-0.8051089503420831,0.15016830869143796,-1.0375325182530524
2013-06-14,-0.4335422475524668,-0.8594415576729821,-0.29638838257162736,-0.8753257897080733
2013-06-17,-0.2734223414584749,-0.5818578652221236,-0.25408468724796374,-1.0049358135121114
2013-06-18,-0.3047144553167089,-0.6634033969985539,-0.43604988138869794,-1.0529042019214148
2013-06-19,-0.2926644686120709,-1.2339198900400958,-0.8598279219459481,-0.9870178017637592
2013-06-20,-0.2416682309028412,-2.10872982902418,-0.011673489561358134,-0.8817706493348484
2013-06-21,-0.19634537569344404,-1.9618293061833718,-0.23127309950536365,-1.0247977565908697
2013-06-24,-0.10967256803944221,-2.361288423756743,0.0906274320931366,-0.8039236658875236
2013-06-25,-0.04391984762055734,-1.7939477488743403,0.07924608915424476,-1.0022997697802323
2013-06-26,-0.13127568757951244,-1.3914819341204963,-0.022789497910387195,-1.0291065660899255
2013-06-27,-0.15042569939436956,-0.9714213291345241,0.6239303625618033,-1.0558077657376004
2013-06-28,-0.1843452625883121,-1.1484174391643607,-0.15670833171416254,-1.0254158418279504
2013-06-30,-0.636400564121255,-2.7130323873998687,-0.013607280390226859,-1.6194832661793006
2013-07-01,-0.4060971285498803,-0.6563097450428141,0.23394845024175828,-0.9891294222649727
2013-07-02,-0.3893009394353499,-0.7776596251858433,0.19073211409712887,-0.8946415808169661
2013-07-03,-0.4997641714025372,-0.5819449573385675,0.2927784882011768,-0.8780723341580283
2013-07-04,-0.4892472907489706,-0.7408309639369822,-0.03530118314200113,-0.8662965184458044
2013-07-05,-0.5153069209146046,-0.7537622429734013,-0.6138296995297382,-1.1237946051167964
2013-07-08,-0.5069924698603732,-0.4068072506523181,-0.20832866449393247,-1.1736237102134364
2013-07-09,-0.49987405516706285,0.03833389640820155,-0.031386894846049555,-1.2646496169371328
2013-07-10,-0.4832192884806773,0.19636500601786133,-0.04770047389224715,-1.243659506484695
2013-07-11,-0.49651048636702266,0.4660050084026128,-0.5945664308603527,-1.1746393541222393
2013-07-12,-0.5091014435947921,0.5802348321418783,0.2511766045559106,-1.1516209310507208
2013-07-15,-0.5330096910473298,0.5836928266122631,0.22061372611302973,-1.0976122021048733
2013-07-16,-0.44689993998171507,0.40608599217547053,0.17687906828578034,-0.9540103545738142
2013-07-17,-0.5128707870408283,0.6042512162709149,0.4064215913469421,-0.9104295078671175
2013-07-18,-0.4946576223093256,1.173303540586421,-0.029263278312756262,-1.085709815591351
2013-07-19,-0.5158744885575599,1.2120445563199322,0.5079870760622116,-1.0474119955394063
2013-07-22,-0.5040521558949163,1.570181996221416,0.4849692793450727,-1.0528252605040969
2013-07-23,-0.5030132807585344,1.0734084456662416,0.18641265218188607,-1.1109051229906652
2013-07-24,-0.462062157104555,0.6484664065559742,-0.44791970085263216,-1.0078116780330137
2013-07-25,-0.40757844440005353,0.4728908506692868,-0.7047141315758378,-0.9777372593134283
2013-07-26,-0.38247340118758905,0.5937932601619732,-0.30648211481628873,-0.9018161991952278
2013-07-29,-0.3682884790608318,0.3357381543112978,-0.45273394043372184,-0.8747066762952158
2013-07-30,-0.3885722037299454,0.14436917095415713,-0.6713754109087819,-0.8204042926089833
2013-07-31,1.0574215120686319,0.12366873262154615,-0.5078454325583499,-0.8139184641561691
2013-08-01,1.1211647900160369,0.4197859880854792,-0.319751014407504,-0.9698271679583658
2013-08-02,1.065589595838836,0.407832828167985,-0.6723678931178089,-0.8921701809405599
2013-08-05,1.1028941740089748,0.3450265852123324,-0.6078614169826413,-0.8210547176909196
2013-08-06,1.270915040973071,0.0031668006616553464,-0.8006431546009846,-0.4148729757291263
2013-08-07,1.2562588610394418,-0.24030476105203563,-0.8064118706679184,-0.36080580390577494
2013-08-08,1.2339688524656867,-0.09385918129860756,-0.6188342390653204,-0.4066210116976572
2013-08-09,1.217849755078309,-0.34210386481596794,-1.1295154153837041,-0.37231185959556784
2013-08-12,1.2102212804533308,-0.4364150394114077,-0.8053599344873232,-0.320896424596231
2013-08-13,1.2039228821840384,-0.41900461116781007,-1.0737883565925892,-0.39225881555959174
2013-08-14,1.2016304501731307,-0.6261328473920377,-1.0624416286371337,-0.34456582621346205
2013-08-15,1.2239488497009356,-1.1953326330780913,-0.3258216140162654,-0.31164576903637403
2013-08-16,0.780839863755948,-1.3918798670633992,-0.9624041161121023,-0.2984910323007782
2013-08-19,0.7908773006883761,-1.583157792269061,-1.0173921685123402,-0.16158272604978563
2013-08-20,0.7687515339126216,-1.3691352796927665,-0.7161050193647721,-0.19424041866529604
2013-08-21,0.7712660218077521,-1.5563583973301807,-0.44537127999017073,-0.11640809730439558
2013-08-22,0.7681093771773781,-1.1093157233594129,0.5249607381476323,-0.25081536246715064
2013-08-23,0.6703744200440814,-0.8408007373048547,-0.6327425424703434,-0.24096769673809781
2013-08-26,0.6087656478863293,-1.1439888501527427,-0.37101820532860735,-0.07029240950588642
2013-08-27,0.617771138180594,-1.5907504992221404,0.034576780023865286,0.14984729398531996
2013-08-28,0.6022225783936247,-1.3947016751453207,0.0919337721657501,0.06757530811237923
2013-08-29,0.6727716100087315,-1.268475028668764,0.6640825399363162,0.05134083320543896
2013-08-30,0.669941822454592,-1.2886409852190084,0.4891390902850786,0.05069164944421012
2013-08-31,1.7059751102820142,-2.6540652701212895,0.272858667936746,-0.9249417292825779
2013-09-02,0.8540087561250357,-1.334475286457887,0.2357776042224274,0.06825114649475565
2013-09-03,0.888292658202304,-1.1995447430037849,0.4745632170297979,-0.028501834169806627
2013-09-04,0.8689238733383171,-0.8969407412715134,0.43598832761649736,-0.10371981446173476
2013-09-05,1.046170927007927,-0.8198365076186684,0.5134018751206764,-0.23985978476941253
2013-09-06,1.0511180576617123,-0.8253777777909423,0.05225020891289458,-0.16643657036397627
2013-09-09,0.947307091631105,-0.39660256589484977,0.27461975977180125,-0.24617046999019954
2013-09-10,0.8936551039832811,-0.3403064427713975,-0.10657988437164029,-0.4194955988889855
2013-09-11,0.8852959986367553,-0.17594858722012036,-0.20188824598924618,-0.43801995070869965
2013-09-12,0.8967496904210838,-0.058514959698708326,-0.01562326103300461,-0.34822250396122423
2013-09-13,0.8126430815623755,0.20922199790333942,0.5625672290773845,-0.3795959215119666
2013-09-16,0.7540023150884265,0.5613534002796263,0.9443266322762076,-0.5031929566141358
2013-09-17,0.6739081064467825,0.8915097821280351,0.8814458304749291,-0.48777157991584136
2013-09-18,0.6057300349904943,1.031628844311392,1.3237276425378377,-0.32464903358703207
2013-09-19,0.6618682232559557,0.8932098517591183,0.45711116694112225,-0.2520799201528121
2013-09-20,0.6538665946059408,-0.04880392012248146,0.3867953444413124,-0.09315763134502013
2013-09-23,0.7317079046722521,-0.27312082146528227,0.5586480627301963,0.08066009528034172
2013-09-24,0.7524510533635886,-0.208122730294435,0.6389525661922235,0.12186386682379596
2013-09-25,0.7600801043789527,-0.33848696116875265,0.5382325470971308,0.10674296548392144
2013-09-26,0.7624776727353882,-0.22238111549078465,0.502771752273525,0.13355367737648016
2013-09-27,0.7467237813234064,-0.39115090543888104,-0.0841959838675457,0.24297715069903894
2013-09-30,0.5869594382212535,-0.6526247957153449,0.3004177481055632,0.29872253591128595
2013-10-01,0.6010831580857561,-0.2856407478346494,0.14586776298325735,0.28719875158518965
2013-10-02,0.5598948006460799,-0.5195317551510797,0.2782023815294117,0.29513175075673226
2013-10-03,0.4915643734517162,-0.9351714977021607,0.6030904604860782,0.35723947752908053
2013-10-04,0.4732080661871797,-0.731859116882788,0.25971747016561253,0.25797831776460095
2013-10-07,0.46429489775526356,-1.2063628529571542,0.6008131910897173,0.3253459175673728
2013-10-08,0.32557445450534855,-1.4499970873280763,0.7316922132046281,0.3672543368214103
2013-10-09,0.29594231979049596,-1.3741102716411782,0.36511444686440403,0.22614114328760745
2013-10-10,0.187839614068656,-0.5379221907644535,0.2153885171700214,-0.05049866766516594
2013-10-11,0.19773656595997163,-0.32172965767917727,-0.9921380750493025,-0.1473337357721433
2013-10-14,0.15756721853418296,-0.38340636496913727,-0.7768713065237188,-0.1863072251092839
2013-10-15,0.12260750985751985,-0.6501270927025102,-0.4262444156842695,-0.13499414181354882
2013-10-16,0.07209718783965906,-0.2826643530227032,-0.7525306603310354,-0.3285880734708992
2013-10-17,0.06323623834585733,0.05626030620292838,-1.03981226509104,-0.3067196998898737
2013-10-18,0.027286193912877038,0.0600437749017501,-1.2850976842307156,-0.3317294463443812
2013-10-21,-0.017644082226625953,0.22995767905492798,-1.2553304343260605,-0.3617468317275667
2013-10-22,-0.05063760267475503,0.4640715152263185,-0.9510093371717215,-0.33801350115301376
2013-10-23,-0.048621449542506114,0.19936429764982147,-1.3492567830997653,-0.24287484320929328
2013-10-24,-0.06458093271946316,0.21650450512690086,-1.7647437101641483,-0.2001683129233711
2013-10-25,-0.0715865879263834,0.46898857212508,-1.4002997032979183,-0.1625049887180736
2013-10-28,-0.14132970625978122,0.6103088182838887,-0.9418601981741486,-0.17316186598152986
2013-10-29,-0.1929034719472014,0.697661934651472,-0.5376354687165021,-0.27660905900330884
2013-10-30,-0.29867394781694,0.3272077110525114,-0.7384607565096168,-0.2703591407151538
2013-10-31,-0.14489451462987457,0.34999210893876437,-1.1168157231060136,-0.21498832079296432
2013-11-01,-0.11291120993795242,0.6196558912493173,-0.8429834316818383,-0.33176659562902394
2013-11-04,-0.21223223577439407,0.6007702833778222,-0.6677881574963799,-0.39632534713857
2013-11-05,-0.22106910628141332,0.3958657380842922,-0.3956108652184031,-0.38649478971384726
2013-11-06,-0.20547194659758639,0.5257897134616314,0.027406252574898607,-0.41399336476019005
2013-11-07,-0.03188897545582749,0.09139276975935369,-0.5099847345755583,-0.3308776409508206
2013-11-08,0.10701303523903925,0.36362274146219886,-0.7017717135315854,-0.5847742840764595
2013-11-11,0.10073387270832487,0.4935556093890381,-0.6510856374160339,-0.6066345402553041
2013-11-12,0.09217628946867418,0.31068995003637545,-0.9517578743030215,-0.4793555040405354
2013-11-13,0.07730107329603388,0.5718912179608524,-0.7988688826041282,-0.4588551286594039
2013-11-14,-0.016824315905173175,0.6725345441931753,-0.9046547393844757,-0.3803528114967385
2013-11-15,-0.06738336801888085,0.7692434783764015,-1.2749631332107298,-0.3947245775058837
2013-11-18,-0.08338056257280989,0.507312589543045,-1.4045364727202354,-0.39021708395910815
2013-11-19,-0.0633102030653713,0.28411808458594495,-1.2946988322595487,-0.30621370298616646
2013-11-20,-0.024881632091691825,0.16961404919516032,-1.3475976383096635,-0.3820966446437972
2013-11-21,-0.041306501073167405,0.6967769810917411,-0.008644943310536389,-0.4221383335614528
2013-11-22,-0.05103628149952207,1.0128742732136429,-1.1602439677405392,-0.40294760465823326
2013-11-25,-0.05963676186521887,0.8974301749626915,-1.0026086545663782,-0.3445183330442473
2013-11-26,-0.06584345756159962,0.7950450803246863,-0.8860732913028218,-0.23988610198466487
2013-11-27,-0.0012117941831508378,0.8149176974467767,-0.8564726585368131,-0.24951587890057556
2013-11-28,-0.006765812583464883,0.8460604294114293,-0.7442758196227065,-0.24620356190740675
2013-11-29,-0.01627571310971436,0.594128043522561,-0.46353798346781805,-0.15593291278941623
2013-11-30,0.4794331497971631,0.17664893591980588,-0.4577345169999591,-2.0780139666022963
2013-12-02,0.019074616758153563,0.5850356446091285,-0.33680462190209287,-0.08511384359303113
2013-12-03,-0.013949200054928718,0.406419976361194,-0.3454846070048649,-0.045078589229029985
2013-12-04,0.009266396710868543,0.10526217919611996,-0.5541499294540349,-0.0903928376734659
2013-12-05,0.15454326555183504,-0.3038556132951116,-0.23959259598881635,0.08328064322256487
2013-12-06,0.38580904149335526,0.13857888106925956,-0.9096568163569902,-0.05357567668404911
2013-12-09,0.4833629610485078,0.4019176119848851,-0.30709804836458043,-0.08274407440544948
2013-12-10,0.4807379892267966,0.43721025622231047,-0.21711353150322,0.0009911005175800857
2013-12-11,0.4846130956624418,-0.17534467020369013,-0.17690313025283924,0.17823066195298604
2013-12-12,0.4542659594450353,-0.2979602250714459,-0.13368557907889092,0.1211700068944712
2013-12-13,0.4514971051282367,-0.43962233258969624,-0.25798487270641235,0.15102399452061546
2013-12-16,0.5158323508922271,-0.2141757952333902,-0.12531633154438687,0.16411061863648885
2013-12-17,0.6828614353574922,0.19936082240416175,-0.06125335260371545,0.37876248899150394
2013-12-18,0.6540940362361592,0.7599647098017588,-1.0014639763380127,0.13900277002794634
2013-12-19,0.5448490929181683,0.8136241046863466,-1.1428309584697143,0.10503433408384069
2013-12-20,0.6524464009056468,0.84422288689766,-1.0393171703352233,0.1098865953586926
2013-12-23,0.6060378091551647,1.0879702492703232,-1.1220090872233626,1.6537274422039245
2013-12-24,0.6365278461882374,1.2140793277250936,-0.8292297420151884,1.486893293213701
2013-12-25,-0.6206790962670845,1.2809325357827854,-0.7962220273668584,1.4419955949874284
2013-12-26,0.6574904081642592,1.3827587796943324,-1.4646926723752307,1.3420448542605237
2013-12-27,0.6496389253494244,1.2676909525161504,-0.8595961580188245,1.2167451655235006
2013-12-30,0.6589328936405484,1.206466101535642,-0.3587935661135712,1.2466474547249178
2013-12-31,1.3780865063278525,1.273787868938539,-0.2738660960842828,1.1414592866754358
2014-01-01,-0.7410857574677264,1.3695657319065706,-0.05749010103152929,1.111183781993371
2014-01-02,1.3618791987596979,1.006588493460487,0.1535504339586813,1.2536403971393422
2014-01-03,1.3279610238000528,1.1359472266164825,-0.08702844599524148,1.1336329603129616
2014-01-06,1.2270051771606953,0.7272480352238339,-0.25440625395481214,1.1039437642318903
2014-01-07,1.3425314039557883,0.42240698650011965,-0.5345748526577808,1.1071337954805078
2014-01-08,1.3254869470724795,0.26317429964910316,-0.6168526865422407,1.145698993994508
2014-01-09,1.2163797785909178,0.23847052573739747,-0.5842327071389087,1.1133829657033438
2014-01-10,1.2408100523698924,0.22904903339980506,-0.5215490538272548,1.1678881260392802
2014-01-13,1.237614475309856,-0.6061668237318861,-0.7622534354992648,1.2533448134055032
2014-01-14,1.2750071452503182,-0.35145406508905447,-1.3114333133094827,1.2233591417741947
2014-01-15,1.368661783640298,-0.08018095994573722,-1.0217727135775885,1.4441322014430513
2014-01-16,1.0567731336151551,-0.45506265737266427,-1.2007896202139354,1.4300564602769494
2014-01-17,0.9486348635559619,-0.6619393482622792,-1.6271617246791836,1.4100913880526396
2014-01-20,0.9058812578559777,-0.6947159855654811,-1.6361836016719251,1.370013289425573
2014-01-21,0.8687167288014342,-0.8358167812866518,-1.6064421993215714,1.378955350745316
2014-01-22,0.7940628111121003,-0.8613131572317196,-1.6045169665483754,1.378014364683332
2014-01-23,0.8048755478790356,-1.5049893933387646,-0.9213844529139202,1.4265965178481832
2014-01-24,0.8072475379099515,-2.3007289507817443,-0.1345851141586364,1.6058696722692478
2014-01-27,0.7617419565925208,-2.216176641729419,-0.0411903067903137,1.4634978168892911
2014-01-28,0.5686364500689287,-1.7312850160098034,-0.1746066180785448,1.516152460733584
2014-01-29,0.5294049273538687,-2.145744585951741,0.002569625362221363,1.6263648905276846
2014-01-30,0.32650983449156235,-1.8408009574599493,0.7934856087460059,1.729224556404803
2014-01-31,-0.4604015172486072,-2.05976920933545,0.40321701883350863,1.8564275366769487
2014-02-03,-0.7279617635436085,-2.620399397922362,1.2715640399049017,2.0436778599792107
2014-02-04,-0.7693693339276023,-2.3591520696655492,0.5130534996080174,1.9332248130069765
2014-02-05,-0.8734721235171636,-2.311502914586703,0.7445569264337164,1.9152235663584907
2014-02-06,-0.9699579859498825,-1.7553267630217881,1.4259191670569442,1.643877612027016
2014-02-07,-0.9980803087404582,-1.2840921956830695,-0.2769239056714526,1.6184089491899967
2014-02-10,-1.2840500454569603,-1.2989695217863582,-0.098794425929675,1.6366677779118362
2014-02-11,-1.2533045438817112,-1.0102636764129946,-0.22245302148243418,1.3827381693596206
2014-02-12,-1.2285674182400144,-0.8429006243769819,-0.3084902963045961,1.3183290467359199
2014-02-13,-1.3159253785825167,-0.7414056918760022,-0.12670041764743195,1.2980260239846537
2014-02-14,-1.1668790784719778,-0.6204809537298948,-0.3819134391968892,1.129685744423723
2014-02-17,-1.150838440061335,-0.6364331255760204,-0.4685110056709926,1.0947365646665965
2014-02-18,-1.1436969095360852,-0.7834508092699048,-0.15307875142730143,1.7048817488538113
2014-02-19,-1.4366131424076365,-1.1720386045692734,-0.23619458316213346,1.7315791764984547
2014-02-20,1.1795594067233077,-0.9490891131396488,-0.6376671812964816,1.3650295377951283
2014-02-21,1.1375909360510117,-0.8897551065389362,-0.8647751132489765,1.3975947374998416
2014-02-24,1.044450198270646,-0.4666564861546328,-0.3702029007204594,1.34084639598302
2014-02-25,0.9350771974577484,-0.5373344456514623,0.24643736486040435,1.3437334770919682
2014-02-26,0.9588566275831316,-0.6609649171119713,-0.2989245507866767,-0.34621455534923523
2014-02-27,0.894927223650353,-0.3615680170724278,-0.3857452219000266,-0.360368702319652
2014-02-28,1.1328477797650263,-0.1774681109672607,-0.3911059654468568,-0.4499128917582467
2014-03-03,1.079389592594018,-0.6178630225608809,0.5744204952835501,-0.22227097126478482
2014-03-04,1.0162044154537806,0.17894348807986132,0.2175162961819047,-0.49182513751305595
2014-03-05,0.8710590494844676,0.0008726761563025656,0.08622241102640356,-0.5156468332656362
2014-03-06,0.8370120497682337,-0.1195774196701953,-0.05267688031040778,-0.5985975015392195
2014-03-07,0.7624668315472314,-0.2052595746143082,-0.2869863383327043,-0.6918655134156063
2014-03-10,0.8099703672793357,-0.08156902734383376,-0.2866902814699493,-0.6794534938735818
2014-03-11,0.7805396800133434,-0.3996657695747827,-0.013186132581861102,-0.5693025516423593
2014-03-12,0.7756315623400633,-0.6336510472016041,-0.47431284432769333,-0.565194605519979
2014-03-13,0.8302363306529776,-1.2892712944747002,0.17892398823117653,-0.4375271264245147
2014-03-14,0.7542448859899529,-1.3157973639727965,0.7027115330268756,-0.3924103029869383
2014-03-17,0.6818670567644866,-1.1330812673340855,-0.3741613976959198,-0.5534990306991484
2014-03-18,0.6721507183427782,-0.9064797630464392,-0.44672066363501894,-0.5729433481309767
2014-03-19,0.640859175827164,-1.0815884661474846,-0.7220115069345319,-0.6501223615882318
2014-03-20,0.676157196204793,-1.5070150413302095,-0.33069814877369164,-0.8355329583213734
2014-03-21,-0.7354137754384621,-1.4480801276397814,-0.6292477687404624,-0.8723804218108601
2014-03-24,-0.6494622119274729,-1.5723576033940365,-0.5889677645785973,-0.7368843908196093
2014-03-25,-0.6039037268493302,-1.476063172195527,-0.3032007278058055,-0.8466810487210663
2014-03-26,-0.5403905471507631,-1.62745585438147,0.28706180902571216,-0.7671803488632403
2014-03-27,-0.5382463471714383,-1.4651940092025624,0.6111097257474838,-0.8087506480478681
2014-03-28,-0.5054885624628865,-1.3759190827375911,-0.7239078008386056,-0.9368831187897855
2014-03-31,0.6273473633674542,-1.2303329659536753,-0.6373795093628402,-0.9852352452098154
2014-04-01,0.5881432803544738,-0.7056365601202276,-0.8755648819287589,-0.9597387421553772
2014-04-02,0.5849491311941423,-0.590092417312198,-0.9425745362561284,-1.0159295457639628
2014-04-03,0.6006415453438516,-0.5968764122857855,-0.3549579008764701,-0.968373249668678
2014-04-04,0.5739147833893344,-0.7060891537699904,-0.6505527686036534,-0.9579499290519372
2014-04-07,0.5354728903845055,-0.9092123953357217,0.020160756105812798,-0.8497204680673227
2014-04-08,0.6636198724300996,-0.8120206178739814,-0.22588693008330088,-0.9004273334915027
2014-04-09,0.6374387175799431,-0.5296637205996894,-0.8639654832650349,-0.8639867602470233
2014-04-10,0.6681955487467005,-0.8434231624292462,1.1710130485656938,-0.7256400470221152
2014-04-11,0.6689233344141424,-1.1699341843741677,0.5613762936477197,-0.6313582985973899
2014-04-14,0.6859202850386877,-0.9559328706839849,0.21160113506528241,-0.7845101233123366
2014-04-15,0.7698727346705287,-0.854299532543047,-0.42877496468205295,-0.8598993891116986
2014-04-16,0.7489694479538475,-0.728552723130235,-0.6202538835686943,-0.9279341665313873
2014-04-17,0.709995603096989,-0.6866926315822974,0.3783149562388349,-1.0297627911742295
2014-04-18,0.7513557248376814,-0.32021500223617405,-1.0715859852306,-1.0097149642828585
2014-04-21,0.6976943866797091,-0.253586457369757,-0.4282047945767821,-0.979093126775368
2014-04-22,0.6442157357947416,-0.015060326303510249,-0.6983068218925843,-0.9593778632851749
2014-04-23,0.6215707617478802,0.31306033110663645,-0.35835090357310284,-1.0887549863542896
2014-04-24,0.601096935436141,0.2285125196676043,0.18557750298519712,-1.0682911139468234
2014-04-25,0.6423004476271946,-0.29660942512800376,0.032161450894081636,-1.0264268767947082
2014-04-28,0.6979827328845749,0.003177705849631405,0.14409344104987826,-1.0711078013254975
2014-04-29,0.5484789095633001,0.029822570111133994,-0.11433508522106173,-1.4215004686578236
2014-04-30,0.855447763068407,0.14816455457119482,-0.2818968264332012,-1.3919482081612182
2014-05-01,0.9458477521224348,0.25296295320502893,0.6824252569344228,-1.042085014986912
2014-05-02,0.9532368875635824,0.005166540178883046,-0.3781519048710321,-0.9658369428367987
2014-05-05,1.0732752946472883,-0.013233994179758212,-0.20399943135927032,-0.7874341589898943
2014-05-06,1.0738282611389653,-0.6614830942530722,0.026285598970140576,-0.7010555838807337
2014-05-07,1.0428098851275405,-0.4749073063371509,-0.26002880099522335,-0.8872920141594199
2014-05-08,1.3032521950114866,-0.4996243824781402,0.5126977958761553,-0.8893823687701464
2014-05-09,1.2771244930812722,-0.5241376830637479,-0.6526378590575852,-0.8375139514282244
2014-05-12,1.2863072224960037,-0.11807209657040582,-0.6930443511566038,-0.9199631364202503
2014-05-13,1.156183321984419,-0.14059480592928839,-0.6572446595809387,-0.914003331246745
2014-05-14,1.095133836937857,-0.45640349289777643,-0.6142877898065235,-0.7810735003221234
2014-05-15,1.112873716723993,-0.9333428238585829,-0.12610056758062932,-0.5501719379391131
2014-05-16,1.177998889353257,-0.8635544209522664,-1.117469585647206,-0.5664946626808646
2014-05-19,1.2423510850206145,-0.6720723154945301,-1.0723440055422675,-0.5722316215332448
2014-05-20,0.8814908930375249,-1.0401126576807236,-1.0259913942959173,-0.4290548986751968
2014-05-21,0.8272316386426142,-0.8103983625869242,-1.0571781015658315,-0.5218720451728409
2014-05-22,0.6598442111805798,-0.6465931229166404,0.43619054454886846,-0.5437191465801113
2014-05-23,0.6643173729949117,-0.34930323983316647,-0.5420455810896219,-0.5229526710287408
2014-05-26,-0.8675005259238576,-0.3843416539601891,-0.44382490896042726,-0.5180398960584714
2014-05-27,0.6458104080841487,-0.34454669515898967,-0.3128678006789056,-0.5408276197201574
2014-05-28,0.7231001835806423,-0.4759665182673128,-0.22550561275798978,-0.49849378275370776
2014-05-29,0.614538752244387,-0.06547334577958966,0.028764330690796442,-0.5284205559005585
2014-05-30,0.5151084572597167,-0.18022442807340597,-0.18584437179023314,-0.6096855442825435
2014-05-31,0.3061682734158372,-0.49519932755912055,-0.19290748196455393,-2.303252430993081
2014-06-02,0.06740658476090831,-0.3140843408005471,0.059638710621840514,-0.6479939864804595
2014-06-03,0.041887080801840205,-0.18570403055830734,0.34775225738391974,-0.7664421629977947
2014-06-04,-0.1430248425177152,-0.30511576426990966,0.34853890703288254,-0.786059795243965
2014-06-05,-0.16959793438168014,-0.022867450832729837,0.30695198758191405,-0.7987542082952614
2014-06-06,-0.16276212312222585,0.6822088736215378,0.2844835183503483,-0.8304224144816152
2014-06-09,0.00487240943998934,1.0002694079392294,0.4179501952343268,-0.8827217192488411
2014-06-10,-0.012898817904914374,1.0286256325573757,0.282911952202494,-0.9009713981214984
2014-06-11,-0.032021858574342636,0.705919482140482,0.06220346671957732,-0.8106254252801702
2014-06-12,-0.11310232324196341,0.06627391919048257,-0.13714593751776563,-0.7489278652036483
2014-06-13,-0.1178384788129342,0.1815090840109208,0.2004706194139383,-0.8212705611498022
2014-06-16,-0.05381306036758917,0.4537494394174912,0.18378638135887848,-0.8214578214002708
2014-06-17,-0.02694195224100653,0.6266938185384531,-0.21591244527771575,-0.8721046412859543
2014-06-18,-0.05695165270058761,1.0620626305208491,-0.32852397962561936,-0.8699739385126877
2014-06-19,-0.10048724441979198,1.1131119629579134,-0.7343558454423039,-0.9115774273237278
2014-06-20,-0.13070927130923157,1.0689889230443164,-1.5433551328800497,-0.890337770650379
2014-06-23,-0.23099779367400833,1.2052985209951563,-0.9396547715072341,-0.8786376654991089
2014-06-24,-0.13764695390235418,0.6495250245173002,-0.2753056420154982,-0.7783631509639263
2014-06-25,-0.4505668109055339,0.5700738940063993,-0.3828356738570359,-0.6801173289074445
2014-06-26,-0.514671335893575,0.1368023401318219,-0.4559662336214476,-0.6184979782156734
2014-06-27,-0.5389991485289727,0.09968378601314622,-1.0673951317415968,-0.5991425744647676
2014-06-30,-0.5981351598421243,-0.21687401488618666,-1.3838865315121227,-0.5783219019585548
2014-07-01,-0.6139043282992056,0.11711773101720084,-1.2521421661854684,-0.5990279333247522
2014-07-02,-0.5577235941340819,0.19036944091729238,-1.337590051071851,-0.6278076785260083
2014-07-03,-0.419777891193369,0.6461637845101674,-1.019023125064093,-0.6397196980068887
2014-07-04,-0.43039082665556033,0.37819000638712963,-1.642122093458897,-0.6299318102654522
2014-07-07,-0.45062006875507393,-0.18280515766559507,-0.901409252134106,-0.5986306343788935
2014-07-08,-0.33901218254915527,-0.40996110658812107,-0.3544216842070545,-0.5502608334218179
2014-07-09,-0.35527803223616167,-0.2454062989955519,-0.5875697174241906,-0.5402779263644221
2014-07-10,-0.364566753064165,-0.45990439291763535,0.4077888759914408,-0.4836110481566921
2014-07-11,-0.31723601820375297,-0.44308710693844455,-0.7096588373650954,-0.4208288667873701
2014-07-14,-0.3591634411408212,-0.300855589025436,-0.7336884377910085,-0.4271595693168941
2014-07-15,-0.3117663888637281,-0.2899553196433449,-0.514678572487615,-0.5138728002604084
2014-07-16,-0.22650975253504047,-0.054037979009940736,-0.7632483165655595,-0.614381219458297
2014-07-17,-0.25879746038598966,-1.1539366622586653,0.9276972921056073,-0.3958653780112703
2014-07-18,-0.28932924489346634,-0.7616686082263774,-1.369072902059307,-0.3954179911153527
2014-07-21,-0.271046744025721,-1.0140555458751968,-1.0603282431873466,-0.3682697278848688
2014-07-22,-0.286199712685735,-0.8214228764190298,-0.7975544589158613,-0.41182774733936084
2014-07-23,-0.2636668469526607,-0.8568631387502865,-0.8410087474125975,-0.3780336467963081
2014-07-24,-0.3045342440865042,-0.7244633120596813,0.3294930864121994,-0.4684203105094419
2014-07-25,-0.21473773111395714,-1.013494156723005,-0.7976425735340753,-0.35855969022495937
2014-07-28,-0.1347843020065824,-1.0249299837649457,-0.8572209063325149,-0.4164807002307549
2014-07-29,-0.09333114097618952,-1.1488046939889351,-0.281462490832519,-0.31938649856728224
2014-07-30,0.12546558461028356,-1.184874800816858,-0.29915417687511664,-0.3304374322353075
2014-07-31,0.10111099726768603,-2.1076396057540636,1.650929980519618,-0.014062780330580529
2014-08-01,0.10116090574699059,-2.5250611766418065,0.3093241649308587,0.022252723541124186
2014-08-04,0.1398605375690288,-1.9322736960153464,0.3403949273096603,-0.06974928101317113
2014-08-05,0.15856703027418417,-2.2922373754192873,0.9726579517679116,0.0010611403156962113
2014-08-06,0.12881930376128375,-2.157762361096606,0.7505832429899649,-0.03991621352814014
2014-08-07,0.2856730170478989,-2.525519963932124,1.8894299914635428,0.16109240693781848
2014-08-08,0.3067757287631421,-1.6944723425236312,1.152473114919729,-0.13054622459500842
2014-08-11,0.31365470085783115,-1.3949249536442234,0.6398862857249625,-0.11899130637523585
2014-08-12,0.298293427618022,-1.42664822744184,0.5664914975379077,-0.1494727363708563
2014-08-13,0.16995671661526257,-0.9740198655859589,0.19941968789747908,-0.1696556409728904
2014-08-14,0.11929613887736452,-0.5386021326635096,0.11699402828282082,-0.0631183942065224
2014-08-15,-0.7181584046466105,-0.46285000198395293,-0.021278211459105835,0.06240992247883088
2014-08-18,-0.6298519951074234,-0.17509421131993066,-0.9603719838776653,-0.06580321558465316
2014-08-19,-0.6171071497575751,-0.02792930234143584,-0.9207328956424461,-0.14034179292080892
2014-08-20,-0.5965016392117658,-0.04096378729812131,-0.9774726496848674,-0.20172395928185732
2014-08-21,-0.46075644878176875,0.19478507384745036,-0.909043558874958,-0.24708156610443413
2014-08-22,-0.41903029437613243,-0.1760431790988127,-0.9894672712033705,-0.10411788696576742
2014-08-25,-0.3880294068660768,0.09324305452100977,-0.666624049151403,-0.12466512066872451
2014-08-26,0.07230049819544623,0.08451440899706267,-0.6228412685109784,-0.1506319804329062
2014-08-27,0.07618812449954052,0.0365703790559858,-0.6485195991122719,-0.17180165588592805
2014-08-28,0.206393304270757,-0.16979104734284137,-1.4805699765977662,-0.15535496573714974
2014-08-29,0.25348698758991356,-0.01800716472903096,0.2827631187331172,-0.2136615322740388
2014-08-31,3.0,0.7653471820690745,0.5273994220981796,-1.8486018047891717
2014-09-01,1.49719597515454,0.019466244545386712,0.047930486864047335,-0.18834486330488368
2014-09-02,1.5440303294491613,-0.1539026375690966,-0.16499394389205543,-0.14231024751117363
2014-09-03,1.4912952186820123,-0.16495239991988386,-0.1191066119026561,-0.22700245646285674
2014-09-04,1.5765408039413211,-0.14172153918411473,-0.1372280413109479,-0.19670366645854673
2014-09-05,1.3697248285539787,-0.11428578385446372,-0.8709985144367937,-0.24979947295412833
2014-09-08,1.3764630778776625,-0.24141594575260375,-0.43427967192421235,-0.18646022377206667
2014-09-09,1.358011840954155,-0.7375170329653506,-0.8862206359507688,-0.12831142246353827
2014-09-10,1.3238157237440116,-0.7280145909691912,-0.6193430762777234,-0.0967357620857543
2014-09-11,1.2120073983614423,-0.7795056125838868,-0.5326044159329874,-0.13366264010380413
2014-09-12,1.1860323277814653,-1.276495363969395,-0.696135564015349,-0.0860305665203508
2014-09-15,1.0655765489442113,-1.6265780302617994,-0.8419446616141524,-0.21714906457855843
2014-09-16,1.0147506179187145,-1.2155204559198742,-1.291361255758695,-0.29260474164124217
2014-09-17,0.8668212713408274,-0.9825577785709093,-1.8880384612320165,-0.37765408580064835
2014-09-18,0.8607852089340999,-0.8097217361272113,-1.7937527252317005,-0.40191329191392994
2014-09-19,0.8370449465615448,-0.5405885125566704,-2.1415285255950964,-0.34767453479158206
2014-09-22,0.9178660979009301,-1.1057824121882815,-1.2945011133057769,-0.13100857367914248
2014-09-23,0.8539171389689514,-1.5442053973179166,-0.5947706389512178,0.11384301591910609
2014-09-24,0.923034932164176,-1.0691812537059056,-0.7085079025787269,0.049763574343706166
2014-09-25,0.8545227144376816,-1.7442685410154715,-0.09416289360736828,0.14628026299569186
2014-09-26,0.8636133583127953,-1.8178658843684874,-0.7199455142376939,0.22341579398347208
2014-09-29,0.8233398753269288,-2.529744320570432,-0.7569840714321836,0.3224651523138785
2014-09-30,-0.11583048133697521,-2.3993490332236393,0.20256053544358743,0.06613865833717374
2014-10-01,-0.2210906566267426,-2.6938446005531733,0.9370069983419862,0.3225612290671626
2014-10-02,-0.16053757857120202,-2.2376698955954897,1.5356672686555963,0.5184959562824139
2014-10-03,-0.010940130505084161,-1.6038369666401113,1.0737171625517956,0.2957583245804118
2014-10-06,-0.05246999431416335,-2.5057746869999065,0.9900036131037678,0.20621675204772197
2014-10-07,-0.04765121759595006,-2.8291241079927736,2.027470209794562,0.6012903800336314
2014-10-08,-0.08980989902937944,-2.2175047679766493,1.0618828803193863,0.33645607200838845
2014-10-09,-0.035055732756316293,-2.7761130676706394,2.1429029337012486,0.9484331774199665
2014-10-10,-0.025829055462522937,-2.8604756264065347,2.222899428015762,1.027943845070679
2014-10-13,-0.052192608173839944,-2.797993699832577,3.0,1.1838148947165223
2014-10-14,0.020348852165422624,-2.772949935735254,2.8454346730454225,1.211811251361711
2014-10-15,-0.09429029063579666,-2.9733666073780807,3.0,1.5079040578407716
2014-10-16,-0.01753703664010273,-2.9261611728517876,3.0,1.505616329640428
2014-10-17,-0.02088874655219424,-2.404860219034229,2.3445022653442313,1.2811840319008505
2014-10-20,0.008737566072740436,-2.164198700165544,2.1002308569393557,1.1819053527918761
2014-10-21,-0.13722609823349957,-1.640857907265401,1.2380524375703474,0.611694376782682
2014-10-22,-0.10888743308070328,-1.7365249256457809,1.7993584026213005,0.7765744790899543
2014-10-23,-0.061107426936976086,-1.4083258254255644,0.7281864809958318,0.5815560040226351
2014-10-24,-0.09331408150021493,-1.175048783581226,1.8374811327827083,0.4470957468354798
2014-10-27,-0.14512219604489088,-0.8752440793549864,2.0905683808374644,0.7801830214419638
2014-10-28,-0.18072246853154458,-0.4283953079685699,1.6845423869255047,0.590739087353394
2014-10-29,-0.06544414892105699,-0.6378005528410103,1.4276795043412127,0.5982702744024689
2014-10-30,0.08607427379125451,-0.47442109218626477,0.6851373406087236,0.5790421500529908
2014-10-31,-0.595064060449735,-0.26041776581192516,1.2727118319491413,0.32663817277934143
2014-11-03,-0.4821476355071379,-0.42161351345941467,1.4164669370254785,0.3745899714992911
2014-11-04,-0.5619407013718737,-0.3792876372314538,1.2497412502612186,0.4226321288341816
2014-11-05,-0.589683236426578,-0.3551290660552933,1.0670509086009798,0.22521818218914139
2014-11-06,-0.5996674877415539,-0.25449748904216324,-0.25634484254587436,0.18141299902291905
2014-11-07,-0.6417643574690571,-0.35800757110439324,0.7496568561931707,0.18533387130863666
2014-11-10,-0.6193728757711685,-0.29985300698640965,0.6249784763423921,0.07965854599365049
2014-11-11,-0.5978287135668933,-0.3768155704214486,0.9542416438395798,0.12978281993870397
2014-11-12,-0.5782770334251063,-0.4721489301429464,1.0256067648433693,0.17695298547704216
2014-11-13,-0.521933580432978,-0.39459159627818496,-0.14314959031674904,0.2022644887280825
2014-11-14,-0.49450485321187915,-0.4983015259348323,0.7697553574805199,0.23616135705578933
2014-11-17,-0.6466668713992212,-0.7853735340119922,0.8299704420054685,0.2015363410695361
2014-11-18,-0.6081351907898087,-0.7600319459964425,0.18370294396714992,0.2444657124760976
2014-11-19,-0.5200809334658031,-0.8335686306958331,0.3512086940811146,0.16691426718338787
2014-11-20,-0.2646916909862072,-0.7553774494014954,-0.550881635318231,0.19148326864898713
2014-11-21,-0.37758967530794246,-0.4861903375662006,-0.43577349915867136,0.16538967158174323
2014-11-24,-0.5277420944718647,-0.26001943235958386,-0.3915131610788113,0.26871563367170387
2014-11-25,-0.5013795186132424,-0.3735375241437981,-0.39297127062592013,0.3499631435522965
2014-11-26,-0.7283137558596386,-0.3389803715057311,-0.435927110363767,0.34322713637563457
2014-11-27,-0.7452023020530449,-0.3014285213008511,-0.865465076920235,0.3451563410210547
2014-11-28,-0.7447846445250109,-0.39425787218774466,0.6159179014566416,0.6856977642508283
2014-11-30,2.3643651505974272,-0.6593497312830441,0.5408674622749913,-2.181527503807314
2014-12-01,0.8134626665699153,-0.7296199003006355,0.8101473237087488,0.5160208359072584
2014-12-02,0.775424101331633,-0.45570516157293645,0.7638684015901807,0.29531000246684974
2014-12-03,0.8328445030617755,-0.4337596512854975,0.06976594351998235,0.25775278292116216
2014-12-04,0.7802047108988692,-0.33192714649268196,0.27550913954937734,0.3307305310916724
2014-12-05,0.8080944539469567,-0.34579939030550055,-0.1998085763230545,0.17521778350324646
2014-12-08,0.7884049919336784,-0.8139214967652021,-0.08469375078271445,0.25020264212737653
2014-12-09,0.8138527182411656,-0.9613957387223344,0.3442666233108756,0.40139999573220764
2014-12-10,0.8201581587290663,-1.4854981600374522,1.7102818944588807,0.6250049568166548
2014-12-11,0.9683498128352085,-1.521370268153297,1.2087340898099876,0.531211285403153
2014-12-12,1.0336660944826042,-2.0970152012919923,1.8401165208964547,0.9520491853346694
2014-12-15,1.141708580757119,-2.3457197818556326,1.2087712696149104,1.0280437640165594
2014-12-16,1.0826588858123913,-2.637086802988292,2.391509175036929,1.1071709615003138
2014-12-17,1.0315680673452654,-1.620960011507641,2.4141422765434046,0.5163517648401438
2014-12-18,0.8499351635474108,-0.7060823476876817,1.1412765098885427,-0.07282662676673585
2014-12-19,0.831430245239794,-0.6716442928573321,1.1299275089044403,-0.04214503436817403
2014-12-22,1.0352969565847219,-0.5475475820918227,0.7715530361817897,2.541716454946208
2014-12-23,1.1153339149240882,-0.24411855160779372,0.6690053075657971,2.072396442470314
2014-12-24,1.1206161460708688,-0.200990027151982,0.7591559031370031,2.0415196529121196
2014-12-25,-1.347695882827904,-0.2806371152457342,-0.2451900031848153,1.9873802372047848
2014-12-26,1.129238134440213,-0.16267304042515046,0.652135152358954,1.9816241368629164
2014-12-29,1.1869245924239928,-0.19959061290835373,1.0852157669557434,1.9105057200444822
2014-12-30,1.1119650553946228,-0.3671148696722652,0.5844105178385071,1.8627350627060137
2014-12-31,0.1948712318300011,-0.24494022655350997,1.8409373214132185,2.0374804381558174
2015-01-01,-1.1514848045335535,-0.16317671706503933,0.7857607102403872,1.9831239536913985
2015-01-02,0.010570880888485484,-0.22331697360175756,1.6903682975550742,1.884153805930062
2015-01-05,0.018482881143353568,-0.8061062444428161,2.4182358104200694,2.4427061843020805
2015-01-06,-0.04866080077819679,-0.8594910388632084,2.945057437195798,2.6347334985779303
2015-01-07,0.09289330211626932,-0.39319850006628837,2.5261241397823033,2.4657718055877225
2015-01-08,0.12392761510435725,0.38254349187135384,1.8878720108036757,2.1186916743638182
2015-01-09,0.1673309851106484,0.22324781770238883,2.67150654392742,2.6147430127879425
2015-01-12,0.18088363172320343,0.27147917535240773,3.0,2.728077503600329
2015-01-13,0.17891864820393213,0.295628874277651,2.9954656844826486,2.7573776822247873
2015-01-14,-0.08745130302362962,0.2624499916087272,2.625698013586132,2.9852138795772096
2015-01-15,-0.35306119811865416,-0.5222758794578833,1.6638621455863192,2.9014644639096847
2015-01-16,-0.3757443027670989,-0.4132324170291406,2.1069900277915203,2.4984876974598142
2015-01-19,-0.3987811789032613,-0.5065504340407025,1.6399959494644964,2.4143131257984023
2015-01-20,-0.5823410003316861,-0.6001330677165798,1.6197574642238817,2.3098808946570886
2015-01-21,-0.6226498463511084,-0.17766726461683005,1.0449354020965869,2.0898384242080805
2015-01-22,-0.6983483318356347,0.1995967696059175,0.5550033823676856,1.789987377269221
2015-01-23,-0.9165284979801137,0.07000557776185584,0.895111811237989,2.01535278224472
2015-01-26,-1.0242626861390833,0.2708257938874688,0.6143197768761889,1.8382634521774317
2015-01-27,-1.2352627570917134,-0.19658874921370023,1.077878145407761,1.7049364759212613
2015-01-28,-1.2693534612274682,-0.751549156022712,1.9978100997941832,2.2201058066278665
2015-01-29,-1.561089174799225,-0.5712247808824484,0.8397526056376222,2.1432733817643745
2015-01-30,-1.7075326422208628,-1.0453609773883112,2.0294198584307748,2.3710301750671916
2015-01-31,-2.9609327016791402,-1.0890138600350954,1.9675558835690523,-0.40630908141981653
2015-02-02,-3.0,-0.44311521558070643,1.6660584973758363,1.9901932721296183
2015-02-03,-3.0,0.21709397250203002,1.3813186003074853,1.4758271166748587
2015-02-04,-3.0,-0.19000938411286414,1.525540517246726,1.6984882365514622
2015-02-05,-3.0,0.09768002143702856,1.2321796035142938,1.4986500141629833
2015-02-06,-3.0,0.46690660586231986,1.3678445956401661,1.3187277536752815
2015-02-09,-3.0,0.39641388563877883,1.4442839355395314,1.3180904476102582
2015-02-10,-3.0,0.6878017516533835,1.4280064413538691,1.2026620545432671
2015-02-11,-2.9469076250588624,0.6724201034711625,1.3316153571637988,1.232237615968212
2015-02-12,-3.0,1.0100513898103003,0.6255989527198663,0.48401009954894086
2015-02-13,-2.8990207852515555,1.0227078904768039,0.9044289885284451,0.4548607359903514
2015-02-16,-2.8360417126736386,0.9157539729907948,0.7828781822213536,0.4442913063486327
2015-02-17,-2.9066416135219644,0.8726075267167485,0.8288017315248367,0.30773987102706507
2015-02-18,-2.8669443575541336,0.7903009566181924,0.3306157166649929,0.4478870085613781
2015-02-19,-1.922722536689814,0.4937987728454254,-0.3447972011812181,0.4789904939167214
2015-02-20,-1.8747631958943005,0.7208617956839428,0.6860701495342185,0.4551052794540182
2015-02-23,-1.7725879990647866,0.407218917101989,0.21743480189419914,0.5420470935493248
2015-02-24,-1.7596178609926405,0.7242295411599303,0.13826542313325335,0.4960827376234875
2015-02-25,-1.6872535439218848,0.9473732837614868,0.4456223311536941,-1.2171193652467331
2015-02-26,-1.5806841623751118,0.8502822453773037,0.23687637495575187,-1.1347837665328397
2015-02-27,-1.5257147109977875,0.9563691845635104,0.7324502266614912,-1.1005783518094934
2015-02-28,-1.9346205180754883,3.0,0.7987111245046684,-1.291227471704499
2015-03-02,-1.3408305533504628,1.3349863620589204,0.7325666434486935,-1.0934419326186788
2015-03-03,-1.3625391501405375,1.1302458582439472,1.0009498010547584,-1.0920707805850471
2015-03-04,-1.3235062592462055,1.0487564485386753,0.967375238177605,-1.0169116071661355
2015-03-05,-1.3267786002670703,1.16595644877778,1.0632976464854136,-1.0225061664775472
2015-03-06,-1.2143891614001774,0.8197125298050937,1.7812859252528137,-1.0425713038760116
2015-03-09,-1.1384378761713074,0.9257026886602027,1.7268572806760458,-1.0477535173099652
2015-03-10,-1.1261352897580075,0.4427499901837222,2.072436471342429,-0.9546679711269657
2015-03-11,-1.1155247057657145,0.6443375868173695,2.0774729686463904,-0.9731826884447726
2015-03-12,-1.1695331066857815,0.6460743719035583,1.2873550027701577,-0.9980212601147174
2015-03-13,-1.1599930247092534,0.13990483937869427,1.5429417088859618,-0.966165376296833
2015-03-16,-1.2029128525700097,0.24860540774255238,1.0507024229434354,-0.9981069479433284
2015-03-17,-1.290484495391946,-0.17416002127140312,1.01869531931304,-0.9038441102026081
2015-03-18,-1.2762486513719824,0.04604118569328082,0.7750791302420905,-0.8678777795270973
2015-03-19,-1.2436190189606344,-0.2956249096716471,1.0168037211900307,-0.7044545089255576
2015-03-20,-1.7414796370730212,-0.21966941874638174,0.24091507362215356,-0.7678323623810832
2015-03-23,-1.558347583609226,-0.11350529544044947,0.536404996022532,-0.7453250264604961
2015-03-24,-1.3637575655896983,-0.22745577428758973,0.5727240494193367,-0.6275505218858084
2015-03-25,-1.395212951473665,-0.4156786940244939,1.0995444405030177,-0.6736703753268533
2015-03-26,-1.3482125197111172,-0.5170023168377073,0.882428917430198,-0.7051866531238784
2015-03-27,-1.3540932981659641,-0.5908916918339504,0.5844493149018619,-0.6525858830550837
2015-03-30,-1.3542713814672795,-0.42065714443822055,0.5621658532024391,-0.900803383384145
2015-03-31,-1.4292848731689438,-0.26933324932063774,1.050544860506132,-0.8384710661265953
2015-04-01,-1.4734654602014894,-0.27067088810938544,1.2300574241192788,-0.7493816991101746
2015-04-02,-1.2672858855651992,-0.05214526812933276,1.0386618990560235,-0.8115863013587485
2015-04-03,-1.3698681819345866,-0.2201121414117213,0.6792317863791808,-0.7992654172771361
2015-04-06,-1.3586591098084768,0.020429377908533865,0.9567765055901837,-0.8276639526845422
2015-04-07,-1.345997191684385,0.16338171226643752,1.0645113108475184,-0.7702199486648926
2015-04-08,-1.2468927316978822,0.3728123519546588,0.8456119564338878,-0.7577013763672693
2015-04-09,-1.1782340374476448,0.5945373885257222,0.6413689598306866,-0.8530770303122978
2015-04-10,-1.1347361873308632,0.8244043712590639,0.4124393939472931,-0.913556008410321
2015-04-13,-1.0632021662212179,0.7343976161778526,1.0570580347011886,-0.8734825856540092
2015-04-14,-1.0709380917572513,0.9516091834069021,0.7143203180302219,-0.8966894059426046
2015-04-15,-1.0791921649164722,1.1187588951365575,0.7581980178501148,-0.9180884114265082
2015-04-16,-1.160675797048703,0.848265173628407,0.2846167841092408,-0.8426318335704277
2015-04-17,-1.1358985394732226,0.24213536180625062,0.4058193429903751,-0.7268880927320664
2015-04-20,-1.1609329617436277,0.4840396028990961,0.18744984934982833,-0.7938981354254901
2015-04-21,-1.2269738853318604,0.15528527154769328,0.1701677987853994,-0.7278756783324719
2015-04-22,-1.2221776506267488,0.46222541788130095,0.045684558060342335,-0.802176118577772
2015-04-23,-1.31445525620476,0.7356939051275085,0.2366535091092372,-0.8196165566648518
2015-04-24,-1.2992173642857232,0.6354323138925604,0.24294851877265355,-0.678478379298394
2015-04-27,-1.206667039805575,0.8318753149198809,0.6516838286920323,-0.6800929077839576
2015-04-28,-1.1297488239196223,0.8929189398191295,0.2835608484317483,-0.8227412295573077
2015-04-29,-1.2130728495666288,0.482620429154168,0.32718389637974626,-0.8894964249744005
2015-04-30,-1.5706229427686047,-0.1960827489041867,0.6905514456508245,-0.8424612879877085
2015-05-01,-1.504121308527237,0.07121833673287012,0.15882147441984432,-0.8611621236543129
2015-05-04,-1.3213930033645758,0.2293253646897595,0.10264496759749064,-0.8518826586360094
2015-05-05,-1.386421083016826,-0.3155381529472268,0.22104769606127495,-0.8321609141625225
2015-05-06,-1.3742155037960846,-0.6204114642632111,0.39140140315782534,-0.8475648180961877
2015-05-07,-1.3170780906741504,-0.6483343795095539,0.5904279579593708,-0.7836458981453975
2015-05-08,-1.254785173008366,-0.19263743617465123,-0.11232412446932968,-0.762144072421721
2015-05-11,-1.1919590258552955,-0.4489939563917963,0.14775477417225177,-0.7965738461932029
2015-05-12,-1.1316019644969502,-0.7116880748017688,-0.14860779767680465,-0.7582207495485705
2015-05-13,-1.1748681898761921,-0.7060632764437071,-0.3639352345120789,-0.7618990242321362
2015-05-14,-1.1249018666788875,-0.38026416951715253,-0.03144203685648823,-0.6792751478386287
2015-05-15,-1.1802143721035656,-0.29146894565861875,-0.3879999595101062,-0.6359700135843162
2015-05-18,-1.1554194849200992,-0.1641975274290263,-0.29134125854588055,-0.6735862251728366
2015-05-19,-1.139732246630218,-0.33540632328226677,-0.5961020184733472,-0.7035803598792251
2015-05-20,-1.1355733453655492,-0.47106597369793785,-0.4785981254688513,-0.6748765032304681
2015-05-21,-1.1048647360794985,-0.4659172210614646,0.029368994763094215,-0.6595465241805464
2015-05-22,-1.0305800834851127,-0.6435978007750851,-0.6565936361056035,-0.590999684514626
2015-05-25,0.3281392840703975,-0.7062217674084713,-0.6873082858968794,-0.5803283407582853
2015-05-26,-0.9367608357776374,-1.134458641073934,-0.040576710313804366,-0.46857114418204054
2015-05-27,-0.8870362253157271,-0.7825567687217546,-0.2061865700987197,-0.4750745701140569
2015-05-28,-0.8651446226998293,-0.909324068284878,0.060488897517708626,-0.47674623164557284
2015-05-29,-0.8282628188293802,-0.8544226058195054,0.07636026509552209,-0.427773121841682
2015-05-31,-1.2428247122526532,-0.4026283280976803,0.056883104940023674,-0.897055433317143
2015-06-01,-0.8215184996053682,-0.9654528669903543,-0.1767531451224852,-0.4237260850534799
2015-06-02,-0.883815751729657,-0.7886628339780634,0.09747176555019292,-0.47763776028408567
2015-06-03,-0.8561732169028597,-0.6055904628304126,-0.2154365695907414,-0.5772464116519155
2015-06-04,-0.8201856544298879,-0.875373803499384,0.5171263489702222,-0.40554236535041244
2015-06-05,-0.7985572142986673,-0.9700871872483482,-0.10168736025261292,-0.45261379519422673
2015-06-08,-0.6835180398230698,-1.2834985486984885,0.2998368633789848,-0.4165228725206932
2015-06-09,-0.6591139841673506,-1.1480719974406712,0.06839096379750702,-0.475865547428423
2015-06-10,-0.6363628494963697,-0.6540590654273547,-0.27965610742692854,-0.6726220534371261
2015-06-11,-0.5672763472049156,-0.7414911573264229,0.3778588712788291,-0.6239159611199536
2015-06-12,-0.49465817258166633,-1.233382046066064,-0.521811737725459,-0.5168494818247523
2015-06-15,-0.47491096574020736,-1.7102567341814545,-0.10477078810097494,-0.3932472236276269
2015-06-16,-0.5513589260836467,-1.3466649799681318,-0.2031261945595756,-0.4153860021713951
2015-06-17,-0.547400033757945,-1.5084246379174557,-0.43043173250974304,-0.384768933035673
2015-06-18,-0.6000120654206786,-1.1236954171092046,0.1424110514620493,-0.45517679431955976
2015-06-19,-0.5757045862013456,-1.1473906972659185,-0.32843165845909705,-0.3100825827446862
2015-06-22,-0.5790364063349831,-0.621427745886429,-0.5658817650220691,-0.36436607748799865
2015-06-23,-0.5685391568068496,-0.41456678387768137,-0.03065436809242129,-0.41743521638808423
2015-06-24,-0.5513364819160628,-1.0165531483711183,0.16690182088308927,-0.24683194208330111
2015-06-25,-0.49872432919899257,-1.101152311026132,0.02799114774471102,-0.1472136525448593
2015-06-26,-0.4885879737478221,-0.9689986246170127,0.052163575772364947,-0.25207351551696855
2015-06-29,-0.4525380202764783,-1.8901237687616983,1.0590243044936445,0.02674753270233653
2015-06-30,-1.0710893865069664,-1.6705920416019244,1.0797312763957547,0.0326419323427195
2015-07-01,-1.0018831367320464,-1.3923243908145295,0.6246231835048361,-0.05892183377662021
2015-07-02,-0.9867186000251068,-1.3912616581856403,1.5359209478706561,0.015624021526263854
2015-07-03,-0.9739817558217605,-1.3387676192242524,0.8924238843517066,0.018227563301886168
2015-07-06,-0.9587751968135249,-1.7768282420016772,0.895397951179554,0.18225783353620556
2015-07-07,-0.9264554797682686,-1.6126772516471422,0.8205588595547706,0.13390258745915332
2015-07-08,-0.833617883383008,-2.149263573280573,1.7211058579918606,0.3082829727673186
2015-07-09,-0.8448412214310654,-1.9446433371312177,1.6603479939684749,0.20212490330796112
2015-07-10,-0.7986757452493309,-1.3644228864764945,0.9448324955726618,0.05292104695584913
2015-07-13,-0.7223814813495864,-0.9728408770042507,0.20056530778062734,-0.026634758372785953
2015-07-14,-0.7602326462287403,-0.541555209915534,0.19567655493085448,-0.07686383635255221
2015-07-15,-0.7352669115374776,-0.5860752607468539,-0.05442395265361046,0.02673550346703866
2015-07-16,-0.691508864116558,-0.1592598020611437,-0.06762202893594506,-0.007576285327813871
2015-07-17,-0.6487107586840118,-0.3603066194862339,-0.5758411570680793,0.2176443800418079
2015-07-20,-0.5763310160732122,-0.3206137537758897,-0.34192615211030253,0.26062757103562145
2015-07-21,-0.5179353218088902,-0.8472328143420417,-0.6606947955392298,0.41235576061567153
2015-07-22,-0.45045545187434904,-1.0719476646551551,-1.5371804766886132,0.3407313300010744
2015-07-23,-0.3484407603274113,-1.1150510230707102,-0.4976786474048006,0.5385529879391878
2015-07-24,-0.2723938296862655,-1.656478666612701,-0.7378791631275732,0.6987032571411849
2015-07-27,-0.1720409457720637,-1.8835476733556005,-0.17886247737529626,0.7859198377539215
2015-07-28,-0.20662856051804593,-1.1655519778816563,-0.2540337917438032,0.650153878516383
2015-07-29,-0.2330800058433614,-0.9899097584124231,-0.343101192911209,0.45038487760716484
2015-07-30,-0.2430797456248675,-1.197949695334683,0.668270851297273,0.46860102590232133
2015-07-31,1.1199038394347707,-1.19404473295483,-0.5115611005010421,0.5835840670532086
2015-08-03,1.115367591354827,-1.4051175075596565,-0.11574502362238118,0.6184360781922231
2015-08-04,1.0983665398463838,-1.386363459395333,-0.19329286947684923,0.6058587547146498
2015-08-05,1.13976273729815,-1.2383273500948044,-0.16111467207502386,0.5112974431050765
2015-08-06,1.1435154444746254,-1.4461862265255594,0.5414232410687442,0.46138063274326613
2015-08-07,1.1625705388741943,-1.6038417859509784,0.07356273863917316,0.5986262867123356
2015-08-10,1.3738007600114135,-1.466993388947936,-0.8717296908452784,0.2908073427627717
2015-08-11,1.371441257369332,-2.0249568765037846,-0.8949283325514362,0.5232657844203128
2015-08-12,1.3834273899807021,-2.0642646016652386,-0.6289954294486303,0.506995632738241
2015-08-13,1.3589309799840703,-2.0790479931441364,0.09980677013544154,0.5078610677841336
2015-08-14,1.072521591979548,-1.995329277419723,-0.9292609645479443,0.371624747887166
2015-08-17,1.036047471302442,-1.8754223887239498,-0.9583695967211889,0.3515377075478734
2015-08-18,1.0357825093178707,-2.0324027576944452,-1.021860006240499,0.3246669246601879
2015-08-19,0.9261472452629074,-2.2950181443570035,-0.3241406193231091,0.6116503271863403
2015-08-20,0.8936268113683634,-2.5425205163221785,1.64149619745271,0.7511454725896826
2015-08-21,0.8731820598666615,-2.88872967893164,3.0,1.0246002674669288
2015-08-24,0.8282803380506631,-3.0,3.0,2.1119692980042464
2015-08-25,0.8386430025928902,-2.986956933214498,3.0,2.3960695246533996
2015-08-26,0.8889975160296768,-2.4106780156582848,3.0,1.5936323980013103
2015-08-27,0.9652668480365367,-1.7420378672998937,2.5717613041960767,0.9939497302243379
2015-08-28,0.8769457074269245,-1.7160022162877664,2.311770394160791,0.9658578089656916
2015-08-31,-0.5107084263600861,-1.7841205166850735,2.722491209776464,0.9456665748598906
2015-09-01,-0.48746083216488134,-2.0692148024462114,3.0,1.7177686346826782
2015-09-02,-0.5088489076362048,-1.6991178274062684,2.1542773364747125,1.3905822614333878
2015-09-03,-0.40490154707823406,-1.5267557528334683,1.5789741898454341,1.213631880046801
2015-09-04,-0.39449638926749275,-1.6588804904871457,1.8082882263699835,1.707687881557741
2015-09-07,-0.39249386532485253,-1.7082971100392592,1.7596791470248738,1.6820961998621267
2015-09-08,-0.4004889180154229,-1.144328345138713,1.7786872965111749,0.9859582926385387
2015-09-09,-0.4018398330738592,-1.1385689595792774,1.9187965164616145,1.33031351174387
2015-09-10,-0.38008263309545065,-0.8081591125304577,1.7219463243877486,1.2523615568089794
2015-09-11,-0.4561352466132906,-0.8501772006211802,2.099416520222528,1.1647934397027462
2015-09-14,-0.4069400264508657,-0.7754910104602382,1.4605946997389552,1.24816209549852
2015-09-15,-0.5166991889699678,-0.6648485884593206,1.2097045764253649,0.8422766397228346
2015-09-16,-0.5195850934771812,-0.3291466071522231,0.8613898091486895,0.5682512163889514
2015-09-17,-0.5854844048131017,-0.35953333256053777,0.9282981883831322,0.8240781804904932
2015-09-18,-0.5609268638271667,-0.5743386149535764,1.6563646198057487,1.369133942866886
2015-09-21,-0.4492795073970629,-0.5147435462157195,0.8479530524601523,1.1567888381962175
2015-09-22,-0.4035582893182263,-0.6535153414350886,1.2055727714928486,1.4882602258184598
2015-09-23,-0.38910679728142455,-0.8319030847664762,1.0330144965650896,1.5449442895754826
2015-09-24,-0.35078815276282244,-0.815422471888589,1.07661850906377,1.5765945984597687
2015-09-25,-0.30242770280304804,-1.2026800294930116,0.9284261491975144,1.2652719985164056
2015-09-28,-0.2673332400272675,-1.7950467961221364,1.205520829319865,1.8097702975014083
2015-09-29,-0.22779766286519904,-1.779545959553375,0.9675323062189666,1.7045257259173203
2015-09-30,-1.40889630098432,-1.4750860321566184,1.2667596129376655,1.295536272831553
2015-10-01,-1.3957241437602201,-1.4519595305423734,0.859161634682986,1.4051127417294027
2015-10-02,-1.490578251246047,-1.2165276380081385,0.4571479686217796,1.1577438883071727
2015-10-05,-1.4498057233090567,-0.511823418450326,-0.19099754792175083,0.5370156931131778
2015-10-06,-1.4108120590285254,-0.5629307624853813,-0.1477615475661933,0.5007413057760639
2015-10-07,-1.3669982224281239,-0.4381020755697157,-0.42634100429001154,0.3565879172945748
2015-10-08,-1.3098124256890158,-0.3792286907580917,-0.5774394403862948,0.20951261371308985
2015-10-09,-1.2527244104222754,-0.3570096964710889,-0.6971872506687684,0.2496201699748041
2015-10-12,-1.1932052835651026,-0.35825281213900306,-0.9574264396710446,0.273668464510073
2015-10-13,-1.1305790842604744,-0.6994903656965757,-0.6963870608525682,0.36447637424651413
2015-10-14,-1.1147365574453139,-0.8941476782480099,-0.6812879258980408,0.45886650264110723
2015-10-15,-0.9834653484161108,-0.585957198709566,-0.9671228179202008,0.22284036311168748
2015-10-16,-0.8957297511638354,-0.3731141637201327,-0.9890384193443235,0.16412732005668615
2015-10-19,-0.8433738303819508,-0.26969414372028216,-0.89421479879615,0.22194526127895223
2015-10-20,-0.8632572648726498,-0.21795566086627008,-0.8475846668839068,0.1303090712003249
2015-10-21,-0.8228817832808286,-0.13046465501283838,-0.3127954972344125,0.21500303621393405
2015-10-22,-0.7964684131612008,0.3838067997117939,-0.23563798581052867,0.029510935324566705
2015-10-23,-0.7055324979453343,0.6695249841540455,-0.6106468274405618,0.1251769614119042
2015-10-26,-0.7792798894539313,0.6148226795229846,-0.3861889382561165,0.23433422390200823
2015-10-27,-0.7893376095031692,0.8007295361376571,0.30736266101110565,0.34743589978981193
2015-10-28,-0.746544151398818,1.1544160722247878,0.048579581354674585,-0.05557058160504212
2015-10-29,-0.7348664928076076,1.1621511638791813,-0.35605252441271706,0.03663067599402555
2015-10-30,-0.7293367587242761,1.1423624800112118,0.423477802391877,0.15916311071425093
2015-10-31,-0.7429167427749761,3.0,0.3697979571075156,-1.8650642403689706
2015-11-02,-0.49997765481445317,1.2300853728017285,-0.25439492916619494,0.05237330420602122
2015-11-03,-0.5204936021482551,1.3336297731036588,-0.06364710387714961,-0.09362774298453953
2015-11-04,-0.41952445622547935,0.9843372486418424,-0.03456776356745597,0.04843506097164061
2015-11-05,-0.4336629239349446,0.8898962160140356,-0.5234749955472116,0.009865884495680264
2015-11-06,-0.41970761140305596,0.8786974826427439,-0.5944397417102162,-0.10068114017721798
2015-11-09,-0.30944385437257343,0.6458891123785666,-0.06973813219955016,0.14903478185211047
2015-11-10,-0.3309020562549886,0.7156098130588038,-0.2446773555010204,-0.04263377711003148
2015-11-11,-0.2914099225823138,0.730381664309902,-0.0021903324937904856,0.02391723853328251
2015-11-12,-0.28667260883497714,0.2729711233532747,-0.05288391124890511,0.2743317809198282
2015-11-13,-0.18921265845672292,0.013226310518034525,0.271468633116275,0.3629776249849561
2015-11-16,-0.1525006237900458,0.39408837820958403,0.2975366746353312,0.12874016287137027
2015-11-17,-0.1733968523055385,0.5302803066746399,0.37216310178823697,0.26476718371866637
2015-11-18,-0.2312491937489367,1.1062544230701286,0.21856441391137546,0.14233022201981743
2015-11-19,-0.2470145599295255,0.9703654113376183,0.1589724703095598,0.2425998053723863
2015-11-20,-0.26703340480213494,0.7778932551187036,-0.2681413806637138,0.36092567309967083
2015-11-23,-0.31593555659504363,0.46188590021957926,-0.8104973734919653,0.4437950052634684
2015-11-24,-0.38376163544034503,0.42089199629078633,-0.639908706691373,0.313132137164169
2015-11-25,-0.36234345683181907,0.4574120181866595,-0.7707996411738706,0.35946178278796753
2015-11-26,-0.3432811802628303,0.5972330068389199,-0.4382470688586802,0.3589800582573182
2015-11-27,-0.32594001267063893,0.7809074291480679,-0.5567395416531314,0.3364969371742915
2015-11-30,-0.46789220694837486,0.6764000708384409,0.07870603234810543,0.3694945160264384
2015-12-01,-0.6259156527718028,1.038003816049909,-0.31380586697016954,0.19566250997950355
2015-12-02,-0.5598187667900928,0.7168719933024383,0.03438477946357639,0.5113960611771633
2015-12-03,-0.6127676634706495,0.3960830005940478,0.13540978520923086,0.5068767000889762
2015-12-04,-0.6164900596656276,0.5865932586421706,-0.5207083528676679,0.30480451554388943
2015-12-07,-0.5546785618397428,0.2734237088622262,-0.35052647204303056,0.5412899706498436
2015-12-08,-0.6674217159526336,-0.12460760366842233,0.14453930336294535,0.8287434518646275
2015-12-09,-0.6122243423575694,-0.15509484382431088,0.5366599363714335,0.7316876230803745
2015-12-10,-0.6231022001667722,-0.29193938111985474,0.5051012098995028,0.6237621083499121
2015-12-11,-0.5480107114657192,-1.167001693866932,0.600359693201481,1.0030733375033463
2015-12-14,-0.5394514202336669,-0.9325578275220209,0.6382073442973505,0.7896401246721495
2015-12-15,-0.5826392750559555,-0.560034062536485,0.3884747617113647,0.38601208413471966
2015-12-16,-0.5886178792519128,-0.12851168046363193,0.020532347651303986,0.14817118180070213
2015-12-17,-0.6608112159440956,-0.5942127526517749,0.8426323161848998,0.5779794703450236
2015-12-18,-0.6027759988769145,-0.6517232548231543,0.36262811087485936,0.903982324541567
2015-12-21,-0.42658189356246023,-0.5034057934068282,0.5762108723179625,2.5025560239559375
2015-12-22,-0.3876853264398593,-0.10441185353722186,-0.049305450159763536,2.0108292971807176
2015-12-23,-0.43528716922166755,0.5103078879266143,0.6397843400201224,1.5114447024257103
2015-12-24,-0.40499307339213253,0.6736962685571456,1.135428979837219,1.5644964275374205
2015-12-25,1.5313327824451102,0.6357258519413931,0.9144572709589089,1.5350790961397167
2015-12-28,-0.37691783482944313,0.3830026728411343,0.7402629375254888,1.6655336963758458
2015-12-29,-0.31834601135385077,0.5737049455158516,0.4618992910041495,1.414388242866965
2015-12-30,-0.2732462038775979,0.23615772191213674,0.35653429469934284,1.5786583174949802
2015-12-31,-0.8831906146992451,0.14233806384130254,1.2876248006047322,1.7630419431680966
2016-01-01,-0.8498258520026029,0.034032883205435814,1.307393300185782,1.7066960222397574
2016-01-04,-0.8647604787814187,-0.38934290156276496,0.9885248708459347,1.9556396158365317
2016-01-05,-0.8354090236491747,-0.3429098374855794,0.8894918822070128,1.8404008137135053
2016-01-06,-0.7070461439038164,-0.5244930427221229,1.3598244322494646,2.3666554385943384
2016-01-07,-0.6652694163071604,-0.9496636790085512,2.2671443287017183,2.8717055591516947
2016-01-08,-0.3193726758876236,-1.1209560240640277,2.3398856792461533,3.0
2016-01-11,-0.3261077524667903,-0.864760236064498,1.7719922462776754,2.8935300734202283
2016-01-12,-0.33016052509930915,-0.9515532113496068,1.4142952108272704,2.766050054255012
2016-01-13,-0.33695601989997737,-1.681222512486618,1.2691420777600981,2.996974176338388
2016-01-14,-0.2983587018983587,-1.4256158951962925,1.981043577292621,2.590897540565222
2016-01-15,-0.2995927560232458,-1.8975473907519609,1.6628719461105206,2.9204958681177984
2016-01-18,-0.33153178216303547,-1.857038581274892,1.610138841039905,2.794383898259932
2016-01-19,-0.51570385058361,-1.8985092638801735,1.4697923098890056,2.746889644486363
2016-01-20,-0.6269105929388283,-2.3013296543546717,1.8560687656431343,2.95024815981223
2016-01-21,-0.5925993916036192,-2.2028072750124426,2.1799562218482804,2.6686723016539693
2016-01-22,-0.7527257291153955,-1.6503758769531103,0.8512561641651096,2.379779430254024
2016-01-25,-0.6381624593851869,-1.9852004678544792,1.186997287992448,2.6886009775077566
2016-01-26,-0.7452618243503631,-1.6649886887631935,1.0649437940088058,2.1769967294530232
2016-01-27,-0.8408775018150306,-1.725653038374478,1.126151635057705,2.113342095542951
2016-01-28,-1.4184698280830992,-1.7750163968975226,1.2248788100977772,2.139223239872162
2016-01-29,-1.4098425281164069,-1.5017859504289217,0.9087483813817305,1.6787695939161482
2016-01-31,-1.9658080261247575,-2.086363264356667,0.9540055718337581,-0.33183327450018807
2016-02-01,-1.9479993680974477,-1.4040028697733913,0.8121172582162769,1.7515149001867376
2016-02-02,-1.939448216239359,-1.875497512977311,1.1615396233591007,2.210321318986251
2016-02-03,-1.9244825909657215,-1.6050896922985918,1.3380166699067395,2.008714538619825
2016-02-04,-1.9250416042496485,-1.4880502425346855,1.4457337068669056,1.7978713171414977
2016-02-05,-1.8170180748034237,-1.6812808557510857,1.6592594789396904,1.774227610381532
2016-02-08,-2.021944520225621,-1.9654607609721508,2.046940428933005,1.8725670088808313
2016-02-09,-1.9330876161845907,-1.8411338294019857,2.1127192851243994,1.9174098789773024
2016-02-10,-1.8930904691239947,-1.7537676156008803,2.035507348599809,2.0343289154545157
2016-02-11,-1.732374663318926,-2.0327073454091082,2.4952388828813326,2.2902103956831112
2016-02-12,-1.7134438769251992,-1.4214731317453126,1.9253225591264977,1.7804914488171346
2016-02-15,-1.6180078582825534,-1.3766675683508989,1.9490334349751808,1.7425464627246392
2016-02-16,-1.625289607100945,-1.106225946432122,1.510506418889378,1.4868967036990342
2016-02-17,0.3857851966047301,-0.543219935011001,1.3385534331547104,1.255794638447026
2016-02-18,0.4245402574705835,-0.5379356382753397,1.18233370895514,1.2543203544970936
2016-02-19,0.5245243533748798,-0.7212723322557573,0.7215182182290789,1.3146365184874131
2016-02-22,0.5901552808522629,-0.2869276394608155,0.8899360342608708,1.0820225682293756
2016-02-23,0.5269713469078524,-0.46500281556693046,0.936999527819977,0.20108363075483893
2016-02-24,0.464438225192605,-0.36132401500699146,0.9079280998413933,0.08738916752713895
2016-02-25,0.6634905248553941,-0.1923170626363813,0.385972842910168,-0.011558768838695246
2016-02-26,0.880552670466708,-0.007633915650906687,0.6641626995503169,-0.023996531130336344
2016-02-29,1.1911595679742717,0.21276089807501466,1.026537864112634,0.13316320174816815
2016-03-01,1.2703476978628097,0.8687184565651447,0.6563213281668996,-0.28389551894846976
2016-03-02,1.3265243059644776,1.1161900312406898,0.6994567768687765,-0.44369538652515467
2016-03-03,1.2661184722282177,1.433338481536602,0.5211539597129874,-0.5252594432665952
2016-03-04,1.2610385891968796,1.6844128649399932,0.9789913589948471,-0.6639849597525348
2016-03-07,1.2870676304123545,1.9427471777140772,1.1857559465656413,-0.8469628321541957
2016-03-08,1.1197215512080883,1.8850284320447608,1.6439530138665601,-0.5456798553961264
2016-03-09,1.101959382723217,2.0495266729329242,1.5733776860509792,-0.6392871056002177
2016-03-10,1.1658547774779038,2.155013445324093,0.707234484579951,-0.7184585224588645
2016-03-11,1.1000782261352935,2.427391931315144,0.9325805700115469,-0.898594365596105
2016-03-14,1.1377789578493724,2.341331285962919,0.8838167942552735,-0.8588204633547604
2016-03-15,1.1176406522763491,2.245616189602573,0.8738079339612691,-0.8319581233910163
2016-03-16,1.1079905869683315,2.302569746767752,0.774412793652658,-0.7422005682366007
2016-03-17,0.12245125992035782,2.307370346242491,0.44986004048158457,-0.8537849572103746
2016-03-18,0.12449291245466043,2.2157186898999424,0.5161258466228773,-0.8746708162657123
2016-03-21,0.17023703476411312,2.194457366289554,0.350839204395296,-0.75657829847504
2016-03-22,0.1918195656529136,2.0852789523853623,0.19960687112016634,-0.7365320382124657
2016-03-23,0.21904889344535958,1.9289941345702104,0.3687622853170626,-0.6126869324473242
2016-03-24,0.14113434889867096,1.8534438260581538,0.18532694123200982,-0.6528259362775629
2016-03-25,0.15584190228603867,1.7931225802654782,0.4784368091587549,-0.6452358587322536
2016-03-28,0.284894816021707,1.7192401086198128,0.19964956573924436,-0.645381656494366
2016-03-29,0.2973530539047358,1.606572426990952,-0.14690859685029395,-0.48196196690610077
2016-03-30,0.2946310254977699,1.6265867490266899,-0.03160012981061582,-0.542689187509934
2016-03-31,1.4323001625431955,1.6115910524030235,0.25023776572272804,-0.5013577092201713
2016-04-01,1.4351970682472845,1.6249936605262016,0.047260276206655676,-0.5177175101798295
2016-04-04,1.3757185406602432,1.557927221574093,0.1808332166303527,-0.4429417892324391
2016-04-05,1.353112967875355,1.4071666358032922,0.5299790193026935,-0.26186090142965474
2016-04-06,1.3250106818625451,1.5641516957453592,0.2968993774652509,-0.43504771707835327
2016-04-07,1.3522209132450047,1.301967816059036,0.1313410158576423,-0.15311743761462704
2016-04-08,1.2376421425966586,1.2674631790222428,0.7607087836331787,-0.27354991781596166
2016-04-11,1.2525797857097927,1.21094989764158,0.6363997595887309,-0.35271488765986114
2016-04-12,1.222805674679188,1.330962103652856,0.3341031922059732,-0.6607697456300726
2016-04-13,1.2034325129426342,1.505412008928891,0.14433061043131784,-0.8677697485518078
2016-04-14,1.128534539903062,1.5151013361119505,0.011026206854476774,-0.9215357873313135
2016-04-15,1.0456878180161655,1.4187613691623095,0.0716221678484875,-0.8157625086899056
2016-04-18,1.0718320550031413,1.5217544192658135,0.13810845561907703,-0.945355866041656
2016-04-19,0.8012977122946313,1.4531656399900217,-0.1971724232161906,-1.100047842045619
2016-04-20,0.774580751512294,1.5083854836254331,-0.0612263070162467,-1.2066332716062032
2016-04-21,0.6853831292005208,1.4648585067294984,-0.26626136093921515,-1.05764406788051
2016-04-22,0.6241807375039309,1.5199160570086157,-0.013301099869824468,-1.201445073176336
2016-04-25,0.6160771790663486,1.4268619840469339,-0.11922144178178848,-1.1529803384882662
2016-04-26,0.4926431909859698,1.4198936057014706,-0.18268639491919594,-1.2248586614575423
2016-04-27,0.43965048057671124,1.4071102892419511,-0.10836367055710616,-1.16172429498193
2016-04-28,0.46889918919804663,1.2486386197412536,0.17976875001721632,-0.9294623307290887
2016-04-29,0.49675913035290103,1.1940740176276974,0.24283085406401547,-0.8236506503173555
2016-04-30,0.9878307051896513,1.7894631178913134,0.16430971841684375,0.3152326583082685
2016-05-02,0.8654731076128885,1.1304111484986434,-0.048351245459507364,-1.0527783241229245
2016-05-03,0.8408433819805963,1.0230438246788316,0.25627576733729623,-0.802584607706952
2016-05-04,0.9160114298568074,0.9365258661465424,0.3803135262908261,-0.6188382953930396
2016-05-05,0.8564341943089337,0.9677829058355503,0.5705249927695628,-0.8358293622470787
2016-05-06,0.7451084031918167,0.9789267659672919,0.17192900819499055,-0.9481422010922705
2016-05-09,0.44010418791912576,0.9675068519094651,0.11555978744476436,-0.8310792213424377
2016-05-10,0.47834490532112056,1.1127555662182218,-0.14689947735186953,-1.0330655556248447
2016-05-11,0.49696829334758225,0.9234423038344692,0.10930931515270534,-0.864248148336823
2016-05-12,0.40358091318925654,0.9096270773133531,0.3275449324501685,-0.9001763794470675
2016-05-13,0.5686103824932925,0.6927965882544621,0.01971273776884358,-0.6377511741970855
2016-05-16,0.09453186387447708,0.7378929784401382,-0.15285385210900648,-0.8166357052709069
2016-05-17,0.18532276524224792,0.6404614389194982,-0.04294013868796479,-0.7123185455142758
2016-05-18,0.1935505659096098,0.5497289862643009,-0.12825034682060157,-0.9242034855596378
2016-05-19,0.25942928721632097,0.42973437485530974,0.42512790876245565,-0.9422627315969112
2016-05-20,0.33442987541286767,0.4853981361445825,-0.40555678212473667,-0.9889629398807825
2016-05-23,0.3480322003200435,0.4789282065676817,-0.18909630193363705,-0.9610210318444767
2016-05-24,0.5423772942832561,0.5786797601141737,-0.420636676832829,-1.1748143535996556
2016-05-25,0.544459449596568,0.683049285659456,-0.6230084436566037,-1.3095627559682472
2016-05-26,0.6286785652156573,0.642062290620855,-0.2787111280670176,-1.1809216896637789
2016-05-27,0.578843418946416,0.6083203117530016,-1.0018056245736486,-1.2810824198127224
2016-05-30,0.4432330552655546,0.5631413010141197,-1.05310797012062,-1.264189004677327
2016-05-31,0.6964718058660605,0.524453708566453,-0.7670189267479284,-1.286633644158941
2016-06-01,0.7144392414195595,0.5577578485538339,-0.8796084701856296,-1.3160010667088322
2016-06-02,0.7215582765645793,0.6219926158503842,-0.7072982603233532,-1.262610653242866
2016-06-03,0.5840049313136846,0.6040102490580571,-0.530886827172764,-1.0729846594612156
2016-06-06,0.58683036033562,0.6537356072302851,-0.4244368313076127,-1.1592388140523981
2016-06-07,0.5572116228981998,0.6474512071044753,-0.5620808921087319,-1.1142630551336625
2016-06-08,0.2366455631254445,0.6403153621205928,-0.5811401455677757,-1.0764322272686973
2016-06-09,0.26598711983366974,0.5862546745967219,-0.29695219292555375,-1.0276769573451607
2016-06-10,0.30197908001898816,0.398362619263053,-0.23324123377173495,-0.9106492227912447
2016-06-13,0.29252588236300536,0.24362222183624016,0.51174977156767,-0.8210885559542392
2016-06-14,0.21800322716138262,0.10272106000525837,0.28571067597153393,-0.7600663647935146
2016-06-15,0.191157615702106,0.03079264341836064,0.08501373665352673,-0.6649859846260524
2016-06-16,0.1797028708271636,0.09538975374922727,0.4008101299025952,-0.7704900212677881
2016-06-17,0.19514763521869577,0.1636463591065874,0.17862465413231773,-0.9127380724439567
2016-06-20,0.3781980407351516,0.337426201186607,0.0286160139346391,-1.0759390878961708
2016-06-21,0.40439614532831847,0.42533324630400055,0.13114919685092521,-1.1988687150004063
2016-06-22,0.38818386076266265,0.3824433439396263,0.7362770081650613,-1.0982821055741177
2016-06-23,0.30444125182871684,0.5535812677318178,-0.05458260410458841,-1.2621974060840824
2016-06-24,0.2582007551970051,-0.08910478999238622,1.3578736188858902,-0.4085895974971775
2016-06-27,0.3140832966881698,-0.3722094552653544,0.9430555510723351,0.050007674837664565
2016-06-28,0.35303438000960663,-0.15811804266613738,-0.6679416721605379,-0.22823717614414646
2016-06-29,0.3203457644906979,0.018277988140405405,-0.4249358963805498,-0.6399634973169817
2016-06-30,1.2685996479386772,0.22689315637538307,-0.3091740598876011,-0.9003271661477829
2016-07-01,1.3257229118294434,0.2591833003993821,-0.5033705851640917,-0.7753420133128199
2016-07-04,1.329231746217392,0.2687551717981514,-0.41358410731724493,-0.7708948304745766
2016-07-05,1.3380793072755368,0.17584369778768716,-0.22061321021745997,-0.47343436552098467
2016-07-06,1.410493397291379,0.24244324056015723,-0.2941678329946197,-0.5086919084409223
2016-07-07,1.4754251493762236,0.22119567617957833,-0.4983490153847169,-0.5122902563227077
2016-07-08,1.513811778635643,0.4337003982398421,-0.7784943447921495,-0.6260605255240453
2016-07-11,1.49272376629044,0.524526066983833,-0.5305797907093268,-0.7976480305688672
2016-07-12,1.495136365578284,0.7630134493362775,-0.37420413084277765,-1.0092449634577019
2016-07-13,1.543040318406564,0.8124119810675663,-0.5857419996360155,-0.937450658812092
2016-07-14,1.5483834894060329,0.8401066826484357,-0.9771100954257304,-1.0790121756328825
2016-07-15,1.6730281389249584,0.7517973621088947,-0.9451292791003404,-1.1118980325416132
2016-07-18,1.753949253366415,0.7857662606886655,-0.7580222998532136,-1.0896705725562945
2016-07-19,1.7119274078358582,0.7254357987448563,-1.1811309664566403,-1.0708315969822968
2016-07-20,1.7472522810263311,0.7354134297746163,-1.155650747211559,-1.0639745410641515
2016-07-21,1.8700636216608844,0.6665047621196931,-0.93497190496026,-0.8161402897672779
2016-07-22,2.0150663010393015,0.6518485057941721,-1.168208779906422,-0.8905178142396604
2016-07-25,2.0356425654445967,0.7591131123832681,-0.7768989987814717,-0.8531241338020042
2016-07-26,2.0997332657512944,0.8719284683043451,-0.6574705987847267,-0.8604607010494982
2016-07-27,2.0443753411824965,0.734447880913864,-0.546357861180845,-0.7309679054100163
2016-07-28,1.9991375329922438,0.6523256079123356,-0.6823998396811322,-0.672446799942454
2016-07-29,1.597921440659137,0.7110269006367766,-0.9002082340201242,-0.6752004711160586
2016-07-31,2.015332750165955,1.0485252872026498,-0.8447794193384172,-0.5705852996184411
2016-08-01,1.5504415824066657,0.6075555507816137,-0.8480513444280849,-0.744019293082774
2016-08-02,1.5594744694948397,0.4958802811320076,-0.695258791018161,-0.7987142101574345
2016-08-03,1.5247027042646204,0.5256969739257691,-0.7890603376955505,-0.8348605766046818
2016-08-04,1.504278048618796,0.52124441757792,-0.6030543854112671,-0.7797097198454155
2016-08-05,1.4980059174985276,0.6594239463124784,-1.1960839834568096,-1.0271164011350034
2016-08-08,1.5934627172257596,0.7142028719073452,-1.2882358853480742,-1.0390080116035403
2016-08-09,1.4485180607505892,0.7536475867297888,-1.3055857146738656,-1.0472416824064676
2016-08-10,1.416257899951697,0.8342318394818691,-1.138003203512849,-0.9718875070685984
2016-08-11,0.7235064829334685,0.9329281893634405,-0.8835166401081584,-1.133286467405669
2016-08-12,0.6420440353334601,0.8407238069636424,-1.0565773881442775,-1.0582815344277823
2016-08-15,0.5902515005294533,0.8232624857766078,-1.016549088458715,-1.1497329164825385
2016-08-16,0.5973443457864933,0.7474429518836424,-0.7828274266018512,-1.1632985876786446
2016-08-17,0.566447773533742,0.7664368241894947,-1.1023756753902603,-1.126956867555839
2016-08-18,0.5883706028583845,0.9094633458343083,-1.1482934293064073,-1.1119659736524785
2016-08-19,0.5976035775555006,0.7369195044606989,-1.4464654235608143,-1.1356959630102768
2016-08-22,0.5778241467190123,0.6561547073093273,-1.0891225151220898,-1.0506189463902063
2016-08-23,0.7261079843742352,0.7743051667659613,-0.8047650811694347,-1.02893622455558
2016-08-24,0.7426646141027855,0.6909928465166538,-0.5332588750122433,-0.9921437055127476
2016-08-25,0.7314714797588403,0.6200357677249118,-0.248028246687223,-0.9910247915283035
2016-08-26,0.713830712473792,0.6489320579455491,-0.6870851260622557,-1.0699756087910677
2016-08-29,0.7680696428343307,0.7578768110413356,-0.7201846199268657,-1.0802684028173335
2016-08-30,0.8374235808088839,0.7692413932179288,-0.8073527058252323,-1.0694491378874664
2016-08-31,-1.170513536422911,0.676877513396844,-0.5257972190530663,-1.0167819205076272
2016-09-01,-1.2981962979407389,0.5451625146855367,-0.2835160924323781,-0.9805324800649499
2016-09-02,-1.3271220142614082,0.570146476781932,-0.9791974290613075,-1.0724009547678952
2016-09-05,-1.287575379525423,0.5524347216767855,-0.9815181815757905,-1.0593133257265333
2016-09-06,-1.4411814073305118,0.6921935804332322,-0.8596449303862077,-0.9446879258277763
2016-09-07,-1.243288162320502,0.7043852888667422,-0.9000606428891461,-0.8451787514019606
2016-09-08,-1.3239102783041916,0.8308403045717793,-0.4424684609137605,-1.0099930162873463
2016-09-09,-1.2924917977312849,0.37675508726666507,0.6686929373823792,-0.8435507169905395
2016-09-12,-1.26031667165413,0.5914916874829523,-0.2717301796956984,-1.001069944000917
2016-09-13,-1.2733347366012813,0.26519692962718117,0.36152023226533697,-0.8805073559133415
2016-09-14,-1.2247669971768715,0.25911722935003717,0.6078428226491064,-0.7167032340192471
2016-09-15,-1.2746288408181703,0.3318394647653418,0.4789073906811331,-0.8467507624955817
2016-09-16,-1.1456281378695197,0.19840943035004008,-0.015376406233265395,-0.6804067520373852
2016-09-19,-0.9298332809608133,0.18632730250920138,-0.01504473115785189,-0.718375820998629
2016-09-20,-0.9937382588166445,0.07228378266935047,0.2401145779738473,-0.6838847184933572
2016-09-21,-0.9918217706825073,0.35544740068073477,0.15789914943618608,-0.7410992058962141
2016-09-22,-1.0072538684221723,0.49017230688133206,0.3801920990126891,-0.6380382274822552
2016-09-23,-0.9606418197491823,0.2663623835312184,-0.46725911565785583,-0.4888548317320536
2016-09-26,-0.9481864008254023,-0.06426633483105153,0.23666300015788017,-0.358563185046647
2016-09-27,-0.9154634255817106,-0.02821844319293223,-0.5437013509152043,-0.4021481854712388
2016-09-28,-0.9265655168924319,0.08731706271813744,-0.7738308837446704,-0.46262882649682724
2016-09-29,-0.8575447588066629,0.004552293177958388,0.4975900818973604,-0.34805246660276545
2016-09-30,0.17557555017169263,0.21101926717748384,-0.33196195353998625,-0.43834562697932783
2016-10-03,0.1760995742453321,0.10760673246461952,-0.28472537795675446,-0.3867108730908401
2016-10-04,0.17578761850839977,-0.001501974902315065,-0.3607413191945668,-0.4475259658685803
2016-10-05,0.3551875626634717,0.07540800693238028,-0.6781857840469984,-0.6263146253818673
2016-10-06,0.33059172539330717,0.09800845291800202,-0.4639729416293436,-0.6290176270676421
2016-10-07,0.34875789136667745,0.0345392511915085,-0.4582070665474245,-0.5526919891275681
2016-10-10,0.36603048141837774,0.08264102585372801,-0.5239371783098528,-0.5995175474455317
2016-10-11,0.30932850186617306,-0.10130969815948157,0.1060122760981455,-0.45692552149059446
2016-10-12,0.2806335135187951,-0.04927092918470673,0.3111292434442958,-0.49266215717195655
2016-10-13,0.3227942439982024,-0.08873079082605347,0.854776029115219,-0.34011604567543985
2016-10-14,0.3469219093504177,-0.12148157906674917,0.3480227857549854,-0.3464472433270822
2016-10-17,0.3219613836079773,-0.1609655050081309,0.3163316029389862,-0.16271065841538046
2016-10-18,0.17113481587932158,-0.04227575660868648,0.02459162723553926,-0.22514359924163577
2016-10-19,0.08577198772622302,0.09462996211449012,-0.07557578893129617,-0.27372611415853204
2016-10-20,0.09848456583867067,0.09736935557641532,0.2705444735650221,-0.21891037230828314
2016-10-21,0.10972795438614062,-0.04381277991102473,-0.682979874225239,-0.08551513285029957
2016-10-24,0.2703956499972481,0.04345942593698633,-0.7735848173143592,-0.201084176331196
2016-10-25,0.30240307003856876,-0.01682630159313023,-0.6033482270146797,-0.08076732093208973
2016-10-26,0.40236190335304595,-0.0008066301447830303,-0.3909552403881107,-0.1540584943848481
2016-10-27,0.414018799140058,0.0030870871368673426,0.4443196808118427,-0.27198022138922184
2016-10-28,0.49202248132557336,-0.044816543968931935,0.04235106860520723,-0.20191677861727797
2016-10-31,0.40975072224298986,-0.11248096391074898,0.13282988442198942,-0.16361024032644134
2016-11-01,0.3852215043199955,-0.27989524194169635,0.5136589566446963,-0.07044254087697363
2016-11-02,0.3424705641576264,-0.5464642505754659,0.6082776067167371,0.037576350759810084
2016-11-03,0.28797925907867433,-0.6348666372570264,1.001361743302174,0.10644934413551974
2016-11-04,0.3238463989304738,-0.7909438772675907,1.15088061408894,0.22546084979279093
2016-11-07,0.3138595518181509,-0.22444576372602001,0.09012454644352358,-0.11431640616112314
2016-11-08,0.3334742256531996,-0.19676800283152598,0.03202150570504574,-0.24911521885369
2016-11-09,0.31051339925646393,0.048536709640092816,-1.338480652450169,-0.8958796676987599
2016-11-10,0.3243858373287616,0.09154077337715569,-1.1490414954224195,-1.227715877306516
2016-11-11,0.3449215524242438,0.0931111865938365,-0.9781924174179828,-1.1681410247102066
2016-11-14,0.3747925266571429,0.034835338209358795,-1.2291643564845998,-1.6535842859086116
2016-11-15,0.4436310246020618,0.20648209904783,-1.0698042012947138,-1.7260762733694306
2016-11-16,0.37461767999983436,0.06649329632804364,-1.1620277093501197,-1.50365358881567
2016-11-17,0.5972634710720985,0.055847870572773066,-1.5590695870498512,-1.564577606223313
2016-11-18,0.595117055267466,-0.009378825831180432,-1.5949606018454203,-1.5716665039232982
2016-11-21,0.5407298380890436,0.18919253573664946,-1.4202037416304316,-1.5750920951952245
2016-11-22,0.5093103869504061,0.15085984669462016,-1.4519033343268808,-1.5637636414488525
2016-11-23,0.5549849589340172,0.28389981226304695,-1.2609800952307715,-1.6513801554790963
2016-11-24,0.5327867193200317,0.3185639330648145,-1.8704178529359916,-1.6098936732528992
2016-11-25,0.5212575791529513,0.39993488233979896,-1.1660408537619538,-1.678912353297495
2016-11-28,0.5634673930076038,0.3123944698706434,-0.7047194225594419,-1.568687756267069
2016-11-29,0.6830788222889256,0.48041503341262515,-0.8241440530927485,-1.4496209414080856
2016-11-30,1.7989685184938569,0.59777435915383,-0.4979544650467789,-1.5212937622434954
2016-12-01,1.786713356047303,0.5885515027431181,-0.8743418430621434,-1.704497704218934
2016-12-02,1.869797321797781,0.520438939344941,-0.33992170623072054,-1.6641652331572265
2016-12-05,1.8458308834375767,0.7385161400166604,-0.8553490995535725,-1.5883012089873172
2016-12-06,1.8492643282005514,0.8647954502101596,-1.1794611414104519,-1.5946793804999422
2016-12-07,1.826555212251703,1.1563239961187162,-0.40085336808671596,-1.6650981397557938
2016-12-08,1.8607167385532717,0.9759523407138085,-0.6800973421334894,-1.6442310064235732
2016-12-09,1.8069836052468595,1.1702702166011627,-0.24121134337363787,-1.5862104807332555
2016-12-12,1.7670011471050695,1.1364538289425445,-0.1441129142615839,-1.5791561431819368
2016-12-13,1.7302194868877228,1.2116921585796652,0.09285233550338783,-1.5275075622177614
2016-12-14,1.6042600531973812,0.9593888931817287,-0.42324195871957604,-1.4476719636569815
2016-12-15,1.7423021097977551,1.000897621852259,-0.7714355772305286,-1.4489853156054575
2016-12-16,1.4643022356114126,1.0989071706467146,-0.8328209634482648,-1.4277857755253682
2016-12-19,1.6160815934418054,1.1019275386347296,-0.8782070844752328,-1.0195412872927714
2016-12-20,1.5533825655279239,1.1365800808199527,-0.6658296250981327,-1.0209290947033176
2016-12-21,1.5305708356772858,1.1835459354893387,-0.8679236288969666,-1.0154369584168954
2016-12-22,1.4517452666112034,1.220018475071121,-1.1608087560264904,-1.008642193215581
2016-12-23,1.511719453439943,1.2400082987796388,-0.4586882420582144,-1.0044120514881687
2016-12-26,0.014330118115099075,1.2552132731433971,-0.5795627773918455,-0.9991835897198206
2016-12-27,1.4884349413972389,1.3961125258782647,-0.5236297411722655,-0.9782328301069885
2016-12-28,1.4511511000941673,1.0705854012139695,-0.22721122796259818,-0.9363046228050841
2016-12-29,1.4169326983197787,1.0046591620311154,-0.6892448745958697,-0.9156743643815896
2016-12-30,1.3687716643643486,1.074790850852385,0.05344024121529917,-0.9109051364508275
2016-12-31,2.1295962831201694,0.4904590575324881,-0.011996519862049002,-3.0
2017-01-02,-0.05076593071553406,0.835902527164676,-0.08233833686516069,-0.8266672597153863
2017-01-03,1.619549471002401,1.1646875738750924,-0.37189755055331114,-0.8661308737820892
2017-01-04,1.5928244004835876,1.322768430272997,-0.6883264593943188,-0.9029047635368992
2017-01-05,1.619078023555407,1.2229903058969012,-1.3302625362362681,-0.733497775418948
2017-01-06,1.5711596278157665,1.3076564068075078,-0.9602491950309308,-0.7822252734938379
2017-01-09,1.5518750583875203,1.1393066674135721,-0.7458860310720049,-0.6061173113353354
2017-01-10,1.5979871917241408,0.9964320509489322,-0.8807887906063924,-0.6091582410326942
2017-01-11,1.5766760446415682,1.1145395041334634,-0.9709823298227903,-0.5723885313019135
2017-01-12,1.5504243568096532,0.9115522258968629,-1.361856039462049,-0.5051509628141325
2017-01-13,1.5794295200752948,0.9590006401266893,-1.6255279429146003,-0.4934394602862614
2017-01-16,1.572654021875972,0.8972859506587202,-1.6329148132078468,-0.4807780444913756
2017-01-17,1.4272855912659397,0.6284329030463707,-1.390598521193825,-0.2885015897712915
2017-01-18,1.4515990348331,0.7095564267332628,-1.7402805430097392,-0.3601169431469731
2017-01-19,1.4844657450518963,0.6827272607842786,-1.0996794074389853,-0.2957518009805011
2017-01-20,1.4169858870264989,0.7364020608270502,-2.000543204880985,-0.34806718573843753
2017-01-23,1.3345083889679592,0.6200544031672227,-1.394812289033704,-0.19943693176742888
2017-01-24,1.1945211978549797,0.8908230596598657,-1.5337544231732558,-0.3270318037405064
2017-01-25,1.0537814990020338,1.1837734309111558,-1.032904088793073,-0.619921568507827
2017-01-26,0.5701863316627198,1.1246262586916937,-0.5494106767579854,-0.4003723451405696
2017-01-27,0.44971032154797713,1.10378404589067,-1.1610128048948667,-0.2963608565686448
2017-01-30,0.42897744545603606,1.1091671465247959,-0.9540546553628975,-0.2587964251717024
2017-01-31,1.0021328355025327,0.949666427611642,-1.156794940645111,-0.20201093542828516
2017-02-01,0.7007283382011297,0.7989214163350994,-1.2046934291439138,-0.36090874594971034
2017-02-02,0.4103880460382282,0.5861658187474631,-0.743488431899148,-0.300038894280222
2017-02-03,0.5199728195802132,0.7522550402383826,-1.1226110066143886,-0.43966289497037386
2017-02-06,0.487852935005543,0.5613585789126073,-0.8148225025274399,-0.30541302354286876
2017-02-07,0.45270481859201983,0.47242258639638746,-0.8265974818878775,-0.2037956626686201
2017-02-08,0.05045387473281448,0.3890307889481941,-0.8416822374103808,-0.2637732203876474
2017-02-09,3.0,0.5976824396880533,-0.7762373327294351,-1.592392195590377
2017-02-10,2.9715976888592546,0.6512505320398034,-0.9129787760341942,-1.5778469599112224
2017-02-13,2.798254249651219,0.7311515256489878,-0.8235107225433925,-1.6359970065263063
2017-02-14,2.6731734152519455,0.8683222471368135,-1.0922869234358716,0.4211835106620313
2017-02-15,2.6549385886381036,0.9537642117279499,-0.9439074281947326,0.3637284790924111
2017-02-16,2.6632685578435082,0.7233463762325799,-0.8430381526438949,0.4303751753206434
2017-02-17,2.5648951058041343,0.6472863630431904,-1.4001711393145917,0.45524959228631434
2017-02-20,2.4535889723573745,0.6258368940122592,-1.3961558501118005,0.4583803720321388
2017-02-21,2.3296546488029075,0.699822517845592,-1.1617801419576423,0.32136361584676204
2017-02-22,2.2528965761271325,0.579385293123098,-1.1384588369391584,0.409712958358548
2017-02-23,2.1683518906572075,0.6709095860382525,-0.8901701577201944,0.3876069235284212
2017-02-24,2.1044966352394767,0.5991715440203536,-1.3233839404764465,0.4767644276630154
2017-02-27,1.9479228603234537,0.6571316737100732,-0.9033083848377627,0.39519323746526475
2017-02-28,2.1270035336190105,0.4707996227603498,-0.7174992473834871,0.4177248941489639
2017-03-01,2.0222457690425757,0.843514913879893,-0.7382373921611822,0.07795739689641296
2017-03-02,1.968588473861337,0.6475645211569369,-0.7640029782581466,0.06745910113483569
2017-03-03,1.908907930184114,0.6058016961623991,-1.7379184405596184,0.13057881224528883
2017-03-06,1.8579497741384674,0.34397857642105767,-2.1409219842708462,0.15976816314799913
2017-03-07,1.7946963762106167,0.1361903219082064,-2.1610560118050777,0.21810127531135268
2017-03-08,1.814996460716897,0.009977599006410893,-2.020269931089454,0.23649102442874395
2017-03-09,1.7469668830614296,0.018550124643129114,-0.5644520946997684,0.15577200651245945
2017-03-10,1.0141604829608493,0.050189223336277046,-2.034295868503741,0.13874117861002916
2017-03-13,0.9857355513702543,0.04903991626885566,-2.4148834186113652,0.15579339737272485
2017-03-14,0.9516264350187568,-0.14956914919909478,-2.193056099960247,0.21127080047402796
2017-03-15,1.0165407151805856,0.053405672995241724,-2.0053439843903087,0.2443259061139261
2017-03-16,0.9781870173392953,-0.02847768205049646,-1.232254948764185,0.26653157661118315
2017-03-17,0.9350184128546587,-0.09552369035582849,-2.0984818359698347,0.38870162813411496
2017-03-20,0.9470768412787831,-0.4045347489330055,-2.070964080339284,0.66624825598157
2017-03-21,0.9247085225716403,-0.6818207218864655,-1.4579748518187408,1.0485813547965928
2017-03-22,0.8943635708633364,-0.6531656664911841,-1.150082044185591,1.1027879294425498
2017-03-23,0.8886443096549015,-0.5803893529542019,-0.5771049545876598,1.045527495379359
2017-03-24,0.8607448918961581,-0.6127992128421125,-0.9695688263392099,1.1873393675647848
2017-03-27,0.8263225842069783,-0.5353006258338684,-1.3028183228385297,1.2588632225614182
2017-03-28,0.8103882225524612,-0.3731367986214549,-1.4786128264710179,1.0093066671873172
2017-03-29,0.7878145474479363,-0.37396186994286207,-1.3089482223604183,1.0786250591243984
2017-03-30,0.7676306460531093,-0.34132966443426543,-0.6776487295605026,0.8616611649080348
2017-03-31,0.6057869437398009,-0.6552032542194197,-1.3125970682948078,1.0138145073827678
2017-04-03,0.5600129675116795,-0.8244001604323793,-1.192576194528678,1.1609557223054756
2017-04-04,0.5535677931658733,-0.7570123761847544,-1.208815025585087,1.097859952069682
2017-04-05,0.5513763953875214,-0.7910048258635434,-0.7967322244075853,1.2336374144591788
2017-04-06,0.5609195021903055,-0.6269604412712579,0.01207995369647178,1.1187950386778995
2017-04-07,0.4773294340800456,-0.557066805824242,-0.7756349131113677,1.0774516808684624
2017-04-10,0.3427417923842344,-0.48012133383809646,-0.4561419406983008,1.042138995645366
2017-04-11,0.34540783726309987,-0.5688660334877041,-0.288902890672922,1.0981994724667539
2017-04-12,0.3247863413561262,-0.6586449128253802,0.09396154870955932,1.2163300844348064
2017-04-13,0.33339812159675564,-0.9011443024799608,0.5181058158936389,1.4981986000891239
2017-04-14,-0.17386360536599377,-0.9183652943704841,-0.04431464275779306,1.4856902062085875
2017-04-17,0.07367448453619518,-0.7109415214264286,-0.6893746495122917,1.2205278156568276
2017-04-18,0.019747338863380842,-0.6357166847059859,-0.6169967285614831,1.394265692291137
2017-04-19,0.00464615545571466,-0.746141454738688,-0.5903834708597823,1.379593192562151
2017-04-20,-0.012191050775445267,-0.40065997937646985,-0.010979922634349316,1.150357741306755
2017-04-21,-0.05348884004981429,-0.5112503143912538,-0.9340739697800824,1.25108661500747
2017-04-24,-0.09508584561150496,-0.2315076174554065,-1.8486128206838859,0.935747147419803
2017-04-25,-0.027259950994551915,-0.06631134878618128,-1.4374838988941347,0.7737448994662183
2017-04-26,-0.030802703303587167,-0.07593074435021269,-1.5625206227896205,0.7689304246945426
2017-04-27,-0.07104463047076763,-0.10552541208945673,-1.1978821841011198,0.8888094870178189
2017-04-28,-0.15361097396504494,-0.21708184142592296,-1.6738969194352484,1.0838845873894376
2017-04-30,-0.29839135218085566,-0.3998396572896987,-1.6522826182234245,-2.1650960048278134
2017-05-01,-0.3317806490390891,-0.1279537534949778,-1.1398418050386796,1.091089484738315
2017-05-02,-0.3162488342336261,-0.07186013644926657,-1.181976711491489,1.1100576134563205
2017-05-03,-0.311036399297316,-0.10766785048658205,-1.2371027388942,1.2840481844403624
2017-05-04,-0.30129341356749867,-0.05786482359794808,-1.0768714573371307,1.2686110808679105
2017-05-05,-0.3737107453612208,0.10464783439582794,-1.3668225120392792,0.7394341486119002
2017-05-08,-0.27735069200658463,0.015327001699820058,-1.5656117323765384,0.8910465186499246
2017-05-09,-0.46304804610790784,-0.07319213430286449,-1.4883245608444886,0.9407238904139729
2017-05-10,-0.4832615403018827,0.029937785995313607,-1.332810743578028,0.9026119777517937
2017-05-11,-0.4882886241694844,-0.10779359439378548,-0.7029195330732982,1.0164067516161823
2017-05-12,-0.5802018325964337,-0.3065363786092265,-1.2902194285176287,1.1396400637319357
2017-05-15,-0.6059152545134264,-0.08720909636265019,-1.2344683204809568,0.9634914078452942
2017-05-16,-0.6620639948597321,-0.09692973469565883,-1.1769011565929333,1.0471776372319646
2017-05-17,-0.6566300873260793,-0.6412190116318972,-0.027592177724689693,1.5409757241312414
2017-05-18,-0.6191710983763117,-0.6909162126336537,0.28801012322392633,1.5377387045269988
2017-05-19,-0.6220070317132279,-0.481602818091336,-0.9555803489572405,1.3646984853410973
2017-05-22,-0.5840656819885025,-0.49818806814460803,-1.186121830994408,1.24919623436287
2017-05-23,-0.6785637491310298,-0.39937006496753436,-1.1624304423853815,1.0954078734172343
2017-05-24,-0.6763598607075985,-0.46635040782719206,-1.2950937869570203,1.1024325026034973
2017-05-25,-0.6641569893045128,-0.4535751061723583,-0.8017773512009692,1.0709995420716263
2017-05-26,-0.64178931091688,-0.47747961913225456,-1.5144483865672942,1.0731954287225194
2017-05-29,-0.8050493023923183,-0.5461911788331975,-1.4823496979787536,1.0678928085976909
2017-05-30,-0.6584221022556366,-0.5708790787555817,-1.2975673367617429,1.1841371295706649
2017-05-31,-0.49998648904428855,-0.6598525991559299,-1.2630389696969728,1.2027013132276292
2017-06-01,-0.4903643082626203,-0.28478381010461873,-0.4768875423625909,0.944965037609924
2017-06-02,-0.5406957157219311,-0.22117859420117353,-1.1249244979719966,1.018373929702872
2017-06-05,-0.5231818516789578,-0.26589990359820437,-1.0763091699231386,1.0097883586776428
2017-06-06,-0.5190647864634753,-0.4079409839020788,-0.9723774424976772,1.0852204615064636
2017-06-07,-0.5267603124032441,-0.46213613410286475,-1.0392473690271145,1.0140155104729611
2017-06-08,-0.5894668268992527,-0.45453051287029816,-0.7123757489392917,0.9247627606726775
2017-06-09,-0.5865411208204104,-0.331359905126098,-1.2322946928775669,0.5317007673532929
2017-06-12,-0.5954559506710626,-0.34108954524040536,-1.13961067772929,0.4193678923668096
2017-06-13,-0.6033095630532389,-0.08414145655152687,-1.342796033376174,0.4080497398848105
2017-06-14,-0.7078481180215473,0.24121568501008547,-1.2078505110169064,0.4405644689867699
2017-06-15,-0.7482585478338565,0.1428171383919455,-0.460002906402458,0.3991410499599139
2017-06-16,-0.9279583588569924,-0.014552185158226984,-1.2071481663626438,0.41024391745623445
2017-06-19,-0.8772712155164035,0.07721474460138555,-1.308765547759548,0.3973107961474082
2017-06-20,-0.8647367796270384,-0.3027885252369134,-1.1490286675854366,0.5739858508614114
2017-06-21,-0.853807372457838,-0.5408627067129301,-1.0436778777943332,0.725468618771293
2017-06-22,-0.8498666313791636,-0.401910707352926,-0.5930271612895656,0.811854280797532
2017-06-23,-0.8273965105439736,-0.40279957133487587,-1.1824271060115175,0.8433477725336621
2017-06-26,-0.8629839367626196,-0.31147220003577425,-1.0750141499624029,0.7550444797263801
2017-06-27,-0.851529751863797,-0.6261142410523954,-0.861298767677397,0.7093709719659449
2017-06-28,-0.8404952970270598,-0.2885371762900902,-1.0382600924232284,0.5471306781646144
2017-06-29,-0.7995114560393454,-0.3889159511120121,-0.415230214752949,0.4874618382154289
2017-06-30,-0.7202561125178426,-0.32188549121192295,-0.9135119313127628,0.42809628754927065
2017-07-03,-0.6408632946464207,-0.14305796661660566,-0.8393866538898487,0.14429268846433746
2017-07-04,-0.6264156297134462,-0.19230594860524275,-0.7942012326987533,0.15068670006151408
2017-07-05,-0.6404045356162306,-0.28694193620935105,-0.9331346812352465,0.2561996434154649
2017-07-06,-0.63812068970467,-0.5170759404572075,-0.028723523537051186,0.4704227724244053
2017-07-07,-0.5743766771472577,-0.30586998082570654,-0.9359488116044689,0.34344430050042835
2017-07-10,-0.7146805375706299,-0.2943756854139793,-1.0098797678811091,0.39556771435001586
2017-07-11,-0.746126071756631,-0.36383825498567607,-1.0767856150502915,0.4939982112667134
2017-07-12,-0.723211719286565,-0.13033363435975542,-1.2004008199400096,0.46137167279733
2017-07-13,-0.7163411090380714,-0.053519143490377084,-0.5639349536037246,0.3939897433632406
2017-07-14,-0.8527659011326623,0.15115851990856738,-1.2332213324261254,0.3712909361843849
2017-07-17,-0.7384270711860834,0.26278255976802173,-1.1723323072658458,0.6200916047927898
2017-07-18,-0.7839133968499312,0.030647542708207624,-1.0857090330191999,0.7877699586589285
2017-07-19,-0.682875612537481,0.2480718634085956,-1.159769711243636,0.6457890009493175
2017-07-20,-0.6264461454325491,0.22700582756527365,-0.6484702287386573,0.6094681176401118
2017-07-21,-0.5875983168769751,0.08594398194832267,-1.2579863528373432,0.698847340377428
2017-07-24,-0.5474507911729805,0.07181618376082187,-1.2140474069054208,0.777473944944629
2017-07-25,-0.5390171056483855,0.23072815644130537,-1.3362010575893204,0.5068477324845498
2017-07-26,-0.49761050259503303,0.19424359782537817,-1.1186022998198752,0.628581305380306
2017-07-27,-0.4023433467943659,0.13225602353864768,-0.9011282660897905,0.5577060306535322
2017-07-28,-0.3907550179248993,0.07288338563821141,-1.061698735291971,0.6339906565605162
2017-07-31,-0.43375667743974433,-0.004374494163633065,-1.070459885922569,0.5086988042461625
2017-08-01,-0.43022467473012865,0.12201324820506758,-0.9606060525170521,0.4244875626311415
2017-08-02,-0.4338886364978452,0.009837715030882042,-1.058835653392834,0.6925263879010911
2017-08-03,-0.36600172572422524,-0.1239154889059989,-0.37819267792367517,0.7232069867851593
2017-08-04,-0.7233714075654057,-0.09736547060982365,-0.9717920210913712,0.6616000508846054
2017-08-07,-0.7063809363784275,-0.26933479713683095,-1.033890386697249,0.6695375370694033
2017-08-08,-0.8022223120019054,-0.43213831598508595,-0.8914377816187301,0.7270684760971421
2017-08-09,-0.7804616319281191,-0.5847806164635442,-0.9404313034442954,0.829132735926582
2017-08-10,-0.7596321473251941,-1.3521249079431892,0.6393268845231582,1.2313139121032453
2017-08-11,-0.8062203094276298,-1.4450698521312242,0.22471069522599457,1.3201188605511935
2017-08-14,-0.7707973860007071,-0.717884192170195,-0.6502183704807173,1.0367296774389325
2017-08-15,-0.69813694403653,-0.7794869872412682,-0.7972662624015361,0.9881938841152726
2017-08-16,-0.7750232949276151,-0.8934652767988251,-1.0788523239672079,1.0244152909583462
2017-08-17,-0.7530334413545968,-1.5553409323939917,0.3450436668445185,1.4796787685578237
2017-08-18,-0.7267136704596934,-1.6068113301674651,0.110439694195451,1.5058389420540101
2017-08-21,-0.7016212158374227,-1.5546506786122443,-0.1889745790125872,1.479934047070743
2017-08-22,-0.6988088766995839,-1.2689581276373259,-0.7878337358523951,1.1863960739963437
2017-08-23,-0.7998821441752418,-1.3902328754905677,-0.3569591279930399,1.2680982257989348
2017-08-24,-0.8066791790994801,-1.3826789874928898,0.5186975750889828,1.3293036427283167
2017-08-25,-0.7967546036319132,-1.2265615477332203,-0.5168516665674145,1.2145121257937286
2017-08-28,-0.7758980789487394,-1.2580703212106208,-0.4222316989459623,1.266421717769239
2017-08-29,-0.755392142401144,-1.1884761816613252,-0.46973305994052045,1.3708613357128143
2017-08-30,-0.6607537929867902,-1.157979614079117,-0.5230130115422209,1.3151181860933763
2017-08-31,-0.26081582328794123,-0.8651924659017252,0.4069871363342189,1.2453326215253375
2017-09-01,-0.259346248846089,-0.5304151356445854,-0.811639790079337,1.0194450192809836
2017-09-04,-0.24248606709390585,-0.5676131983109717,-0.7583041735114318,1.0083254181341343
2017-09-05,-0.2844689618221584,-0.9741117941434383,-0.19724649423811913,1.314824848166173
2017-09-06,-0.29498284026582366,-0.8737635745593619,-0.5388276767865866,1.1588850749821187
2017-09-07,-0.36318242656048016,-0.9554803394800566,0.31292716705388957,1.4084278073935463
2017-09-08,-0.2876247846450959,-0.9774784552702868,-0.10521732903930826,1.3701617764094838
2017-09-11,-0.2183914214727825,-0.4389266029622402,-0.6305751464251425,0.8608671878472132
2017-09-12,-0.18359097422053622,-0.1808108046459515,-0.7496759500906575,0.6342311694732387
2017-09-13,-0.15563521843111855,-0.03424727784468896,-0.8689159760029581,0.5785481616282017
2017-09-14,-0.12996190826354945,-0.1706934646250319,-0.9872987532340223,0.5647217472196655
2017-09-15,-0.2937477356139983,0.10695252895646921,-0.890291104660662,0.5092345879451766
2017-09-18,-0.33516120920045095,0.44213982629623705,-0.7761917766184211,0.43906449515193674
2017-09-19,-0.28057749790205916,0.4743780108146431,-0.762635067054993,0.39876283593504375
2017-09-20,-0.2659509385077757,0.21882925499531883,-0.9394410294820927,0.28461299513009125
2017-09-21,-0.16427152907694653,0.09937223867277312,-0.7390152141482634,0.2650305589146607
2017-09-22,-0.15803886829792502,0.11121794375888504,-0.8696217327753344,0.27653874687671876
2017-09-25,-0.16371415221300964,0.08577764083549737,-0.6165507620599915,0.23575066606071213
2017-09-26,-0.20826853123832237,0.21939434598410468,-0.5255437191120863,0.24307637239716354
2017-09-27,-0.18383279291222315,0.3562060806673419,-0.32542308852930424,0.18010327163587797
2017-09-28,-0.17551479188507468,0.47975849343625826,-0.1180959030275921,0.17682270372573686
2017-09-29,-0.1665335292007863,0.6914060315182219,-0.7271956041539437,0.1113899861566538
2017-09-30,1.6893682430296784,0.7500387687039693,-0.7099847686074726,-1.9770733855885942
2017-10-02,0.9094479167724645,0.9097083997526788,-0.5988842702950671,0.02897528094122409
2017-10-03,0.8758659017806313,1.1883346807350574,-0.4660584003833947,-0.01364549523420773
2017-10-04,0.9422614751863627,1.1684055154006074,-0.7686584289899767,-0.004590028531002565
2017-10-05,0.9377310695804714,1.4220763865488788,-0.0975809421077132,-0.1399207114254733
2017-10-06,0.7936876519560737,1.1483741571505406,-0.621760564845349,-0.06313809990994906
2017-10-09,0.7082454546637001,0.7958925850342599,-0.5410385815750596,0.01157630418833515
2017-10-10,0.6493294163623555,0.8120508862661704,-0.650474640234574,-0.0869367560223064
2017-10-11,0.6402443288488481,0.668457200619698,-0.7316041662252986,-0.06880510626286425
2017-10-12,0.6239261104579572,0.4216108637700334,-0.4444904305230617,0.07126167846478138
2017-10-13,0.5912798850748378,0.38026814041702756,-0.718183295236812,0.14987556749247868
2017-10-16,0.5612511607033317,0.3857563765757144,-0.9690360458768975,0.04895801622552167
2017-10-17,0.5850971174318101,0.32414551051205304,-0.9030428984030235,0.09606565639696067
2017-10-18,0.47855005945970325,0.5149368038440071,-0.8798191107334077,0.019128405149190408
2017-10-19,0.47748521650923864,0.7006249290844243,-0.39611475758397524,-0.03338888417052597
2017-10-20,0.44630101352786433,1.0305337139318556,-0.8324253083077099,-0.1700211537670982
2017-10-23,0.4106798000608943,0.9550607396915224,-0.2109846838444667,-0.200402979731525
2017-10-24,0.44333649789678764,0.9813723030035919,-0.27887714773116173,-0.2907934286361052
2017-10-25,0.7377467863325663,0.392123913859536,-0.16023351829059818,-0.21627046129467564
2017-10-26,0.7384648357981165,0.32502506209416593,0.18336617593219362,-0.2818813204826991
2017-10-27,0.8379540986878312,0.09950238556430249,-0.5706369941658056,-0.05018387426143041
2017-10-30,0.883861973275211,-0.12201667792504836,-0.19316762462229647,0.14886038925624637
2017-10-31,1.2613060186882397,-0.04403632600317121,-0.24226475143538884,0.12255951080446063
2017-11-01,1.2181278118094983,-0.17527535664647212,-0.20776776395323895,0.05438190164778764
2017-11-02,1.2012060787189502,-0.22586060829179477,-0.2803561279963087,0.2126490064303196
2017-11-03,1.1335715293472794,-0.29047845940176364,-0.6293444795051344,0.1911247846324812
2017-11-06,1.067656211582632,-0.19371730266876905,-0.28025103120666006,0.22437988663834563
2017-11-07,1.0514171030937112,-0.3573567768893207,-0.26294249408535353,0.2942674067135202
2017-11-08,0.8301434054831358,-0.5585571088363271,-0.6210054991068383,0.3147119619185373
2017-11-09,0.7961203077032954,-0.8382357786988862,-0.6432843429878383,0.28922024474973146
2017-11-10,0.7557613159948161,-0.8746875556065339,-0.2189913092301182,0.2437932983063442
2017-11-13,0.7123786988379728,-0.7153320293094887,0.005771828210045478,0.218865052239462
2017-11-14,0.6686414038714266,-0.9162427546314034,-0.15327601097636864,0.25091875078973275
2017-11-15,0.6170035082164129,-1.075883184092413,0.15099099117298498,0.312387181101923
2017-11-16,0.7606872510877635,-0.593608118233534,0.6484802217637233,0.2704401765261377
2017-11-17,0.9165989070424151,-0.6939482351086316,-0.3481337657983275,0.2883953572630139
2017-11-20,0.9350549797301887,-0.64456969479484,-0.6354953304892845,0.22277214154213265
2017-11-21,0.9630381998058825,-0.315370728294577,-0.6324083536819068,0.1540757769981819
2017-11-22,0.8821674742848159,-0.40910093654442925,-0.41696699692503364,0.23259067296497593
2017-11-23,0.8492931426156044,-0.3721908768486643,0.056024044023341005,0.23585638047241556
2017-11-24,0.7599885302054016,-0.469519675336517,-0.3394049135766201,0.22364435775270028
2017-11-27,0.8146918845623256,-0.7683644771516247,-0.4431539111786281,0.29498221500759164
2017-11-28,0.8056600370496348,-0.25352894446500535,0.008837351985072819,-0.05262311105022461
2017-11-29,0.8000063679222271,-0.19920731044491216,-0.043152394447901504,-0.36581969730576247
2017-11-30,0.21467877817571474,0.2653973915686615,0.5649125212750241,-0.4374055508691646
2017-12-01,0.2082439199391712,0.36638855614370053,0.27020080258913076,-0.36928268031103983
2017-12-04,0.2932071433931725,0.5599400691154655,0.2285100015118621,-0.5497755274904015
2017-12-05,0.2701539205401286,0.4330980597727859,0.14605013226933392,-0.4207929581192657
2017-12-06,0.23966435924250204,0.25989170000987416,0.006013944636064654,-0.2984358048314349
2017-12-07,0.2251175834441308,0.24777691346801686,0.3091730068889693,-0.33533570828799486
2017-12-08,0.03966220343495514,0.5102607654031883,-0.2742842417780344,-0.4050514280955463
2017-12-11,0.006486974975595362,0.699079922913235,-0.30449129290685306,-0.4198731756147837
2017-12-12,0.0665718836859448,0.7268285258425261,-0.06669917261570296,-0.4952290254289177
2017-12-13,0.024177187052661187,0.6925304157191928,0.17984823624911428,-0.37114831533206183
2017-12-14,0.15021005958351302,0.4114336872295814,0.07273016394895325,-0.2630265272391434
2017-12-15,0.08479376301399423,0.8425118175579275,-0.24441581291010103,-0.359311155283129
2017-12-18,0.13259793242001613,1.0343882939366558,0.12637630491883003,-0.6741889170850655
2017-12-19,0.17645418397223206,0.9009631898735634,0.33818767070144085,-0.7084805295705053
2017-12-20,0.16939519866759425,0.8611297802210086,0.08461559968971673,-0.7523294203528235
2017-12-21,0.09309834174918487,0.875423330843134,-0.4254431713705267,-0.8372800858447195
2017-12-22,0.23263478825554468,0.6852781748408604,-0.11252145212323844,-0.822981832382158
2017-12-25,-1.514670286458977,0.6401753712251327,-0.14020326058849628,-0.8100087383419785
2017-12-26,0.19217043873382672,0.6206264038049678,-0.00024125432507381592,-0.7918992247650043
2017-12-27,0.1632818514634055,0.6474369689183258,-0.23585317034027695,-0.6788268565910016
2017-12-28,0.1302996649072659,0.6446514660972397,-0.9968674679696323,-0.6941184864744377
2017-12-29,0.09278390392268332,0.17479255308569572,0.10626075719988241,-0.5816715958177432
2017-12-31,1.2634787412418158,0.20395516058530155,0.12095291084763629,-2.3888368050684186
2018-01-01,-1.554833487691798,0.12309085497456701,0.04444128592786365,-0.5354539042844129
2018-01-02,0.4919371035634185,0.43085869479707034,-0.34749497605723206,-0.6113553721011591
2018-01-03,0.5443031583876496,0.7633981623759191,-0.2748744222916203,-0.5833204061980283
2018-01-04,0.5639259905518225,1.0456160558243386,-1.3437250849779252,-0.6322635261638532
2018-01-05,0.47150575132584566,1.1535146504106308,0.16422031482425134,-0.6226896670566053
2018-01-08,0.45909433653440085,1.201218302298493,0.27713590901885216,-0.6230950458782394
2018-01-09,0.17816630966434746,1.1894351128751899,0.24072101774112903,-0.66687473942013
2018-01-10,0.17644430340155437,1.238646549631593,-0.07140694106302918,-0.675899297190982
2018-01-11,0.14853809883667698,1.3215984608406262,-0.23061997043609422,-0.7932542705941872
2018-01-12,0.19960518626558232,1.2710903937638747,0.25607090918155617,-0.8411068074030955
2018-01-15,0.15099401672460697,1.2214584064711371,0.1774682041304739,-0.8290934721072228
2018-01-16,0.07856467884537904,0.8734694209228635,0.4612624159456677,-0.6971216907981722
2018-01-17,0.13319531743406993,0.9579994490651319,0.025978948781456273,-0.7149431053200261
2018-01-18,0.060563169482856415,0.8329895193188799,-0.5586254423465588,-0.6875034970548543
2018-01-19,0.00517033190017162,1.0881551460376373,0.07362927880325044,-0.7224865869026711
2018-01-22,-0.13663426460089545,1.379608158822522,0.4128531297704986,-0.8141673078819358
2018-01-23,-0.178786411129216,1.2609838693577173,0.6472353764130655,-0.6561063382789315
2018-01-24,-0.2676237808185226,1.3320721358677154,0.8580682976458612,-0.7525049745274415
2018-01-25,-0.3927892325796854,1.3389420176571132,0.3722615533227381,-0.6449137907469464
2018-01-26,-0.4822045697051144,1.7893966130418169,0.9421686173513929,-0.6343738616708795
2018-01-29,-0.4992120348321227,1.3237996712166535,1.8588076564362468,-0.6616066865639871
2018-01-30,-0.61158830375961,0.8584990284227342,1.8619020867750837,-0.5477098934801363
2018-01-31,0.2646099801212213,0.7413968365050747,1.4066646864420227,-0.5281413867228721
2018-02-01,0.11081385399117988,0.679187721316384,0.8308141422494498,-0.41081413672081657
2018-02-02,0.09878820986697597,-0.10635434840610142,1.889529421046844,-0.2583770918325833
2018-02-05,0.19530543317068133,-1.507786802872969,3.0,0.3250816691286228
2018-02-06,0.11198071221049233,-1.0227724673857725,3.0,0.19789194275905334
2018-02-07,0.08382584476065297,-1.2295227378574707,3.0,0.07385818189943873
2018-02-08,-0.09856551526411844,-2.3574780380535136,3.0,0.4428722857460155
2018-02-09,-0.1260858897823325,-2.274086349684894,3.0,0.2724568229393037
2018-02-12,-0.17713743186737804,-1.8393277978601337,2.0420405217145463,0.10556091304294288
2018-02-13,-0.21782940582154836,-2.0109983652839865,2.0207817817233216,0.03775737753723403
2018-02-14,-0.3058966920779047,-1.5190026854525007,1.239726353817297,-0.09233972368633775
2018-02-15,-0.39858395881892345,-1.0292397261789084,0.5644723186064493,-0.09487156948798442
2018-02-16,-0.3495829216445983,-1.0411458350490852,1.2542728953160918,-0.33718368718033864
2018-02-19,-0.3786360947893947,-0.9838689155132457,1.2286621303580993,-0.3250056075097573
2018-02-20,2.7513627086875805,-1.4582655644987566,1.51468942638572,2.793425513634761
2018-02-21,2.6583862705135823,-1.6253308241491766,1.2655542551357009,2.818377106082072
2018-02-22,2.589052911967108,-1.7898570426729743,0.2996950902493306,2.7036877104178263
2018-02-23,2.4716001443625744,-1.4281332651751197,0.32991473754043377,2.372638957192694
2018-02-26,2.2453056082302734,-1.2516048282611745,0.5344995327440349,2.2165491361462477
2018-02-27,2.137089977985039,-1.76172452413568,1.1294458907222464,2.2959268127231662
2018-02-28,1.8165177883790289,-2.1752049072888435,1.1881266453403427,2.5523379040528393
2018-03-01,1.824875570941934,-2.5724571854220737,1.4209882852708118,2.7132240708249236
2018-03-02,1.7452019654317747,-2.329829047021363,1.6324461309026854,2.4948527211434524
2018-03-05,1.6858137857512736,-2.0081432402671853,1.4622453801955115,2.1732998752513963
2018-03-06,1.6274525207743609,-1.8430747721819665,1.5088790576464408,2.0613277422401057
2018-03-07,1.5926438063004171,-1.9415805683681895,1.1900447841100832,2.13985513446682
2018-03-08,1.758554831885339,-1.7169364600573627,1.2333933714626657,2.037314481256375
2018-03-09,1.8148217298134333,-1.2025799590916242,0.9901822158604563,1.7172229001478176
2018-03-12,1.7416271887610482,-0.9229721491806251,0.801252977701393,1.725192304083595
2018-03-13,1.6726434904008167,-1.174135606457116,0.8279186329794227,1.7718057957329651
2018-03-14,1.5872638629649365,-1.3375676897586974,0.914512601911812,1.9188191584570713
2018-03-15,1.5427702140384196,-1.6402082567276577,0.3304904408872754,1.92996188010829
2018-03-16,1.570887950281474,-1.5495317811149032,0.22651027523995879,1.7649377140174274
2018-03-19,1.507972515247212,-1.9999959815625292,1.0071653589184035,1.9722631472456524
2018-03-20,1.4610722753054934,-2.53463591150453,0.9796411910759765,1.9395706219877413
2018-03-21,0.39788534638344875,-2.275302756468196,1.3683214370359138,1.799556285015887
2018-03-22,0.3918438188445794,-2.939932168705446,2.2331581785105383,2.166570711231289
2018-03-23,0.45442336025656205,-3.0,2.7569974269286885,2.178296957480521
2018-03-26,0.43606223760421464,-2.4876234459958417,2.0856658029895816,2.043603905338087
2018-03-27,0.4131737018473674,-2.695448221647292,2.026892968987639,2.010083195160402
2018-03-28,0.42838381505452894,-2.5498866490397947,2.1052430901051014,1.914510919615052
2018-03-29,0.42640384446312524,-2.1439370079404045,1.896519168785716,1.7330945859385674
2018-03-30,-0.40683356506047375,-2.004431772059523,1.9494148530173232,1.689745706939479
2018-03-31,-0.4162053773499977,-3.0,1.8214475611393703,-1.698133306233075
2018-04-02,-0.2651069460254564,-2.323661094306599,2.3369634308391154,1.915487244904366
2018-04-03,-0.28198805791997356,-2.0218314357895224,1.8157315097658888,1.6839283735522161
2018-04-04,-0.28308641563073944,-1.7396796026845855,1.7712575790701408,1.4832440503604194
2018-04-05,-0.31247033020022263,-1.4821409996261257,1.574415994977746,1.3028768905500114
2018-04-06,-0.3957157001727369,-1.7687827462536796,1.8469008313176922,1.6139303629943131
2018-04-09,-0.25035665305534777,-1.670645440403134,1.9375428512684216,1.5478042433052417
2018-04-10,-0.2999034884702953,-1.3411934303964095,1.7197955227206168,1.2873774218581022
2018-04-11,-0.3281749239524606,-1.427939003588566,1.6448916542361816,1.3792325540867487
2018-04-12,-0.3679154246346714,-1.1873435139809647,1.6952055064601028,1.2884618009446605
2018-04-13,-0.40736500260724173,-1.203664687597029,1.0457467429268938,1.2920626938917437
2018-04-16,-0.4505148882192522,-0.9492005889554378,0.9135380552703617,1.1106252689104004
2018-04-17,-0.3861726021943237,-0.6658578153805705,0.5816045356827154,1.1285631948085029
2018-04-18,-0.39622872413257343,-0.6941913943808729,0.11177401910706586,1.122743208294713
2018-04-19,-0.39929546630191515,-0.6494369447651817,0.3525409713086667,1.0900190872612723
2018-04-20,-0.3965039808533556,-0.6929585872840908,0.7994287766558592,1.0926232224965629
2018-04-23,-0.3611071105003491,-0.8252155730036859,0.6138869774802412,1.000508158577138
2018-04-24,-0.24547559336981303,-0.8784123191500783,0.9793736124036856,0.952821091963206
2018-04-25,-0.24283598187046052,-0.8207183596475204,1.1247139417178715,0.8600993865095563
2018-04-26,-0.25200091477367054,-0.7036322260780814,0.609786348369002,0.9362734539118251
2018-04-27,-0.13680764179404986,-0.6442302629751148,0.6658054607702921,0.9247831098286116
2018-04-30,-0.3934554817192629,-0.8412534986335741,0.7432025000928966,1.1205885224164054
2018-05-01,-0.4278216220006399,-0.7951382733144678,0.8868187534329597,1.162611312068327
2018-05-02,-0.4345005606667823,-0.7741550467477452,1.148408528608303,1.3282399560297398
2018-05-03,-0.4534967400571364,-0.8793084253874007,0.8735063567930903,1.7591901674598482
2018-05-04,-0.4991822271590449,-0.6722369608273642,0.6158571509387976,1.5973278564376407
2018-05-07,-0.5304210938848735,-0.5387858574922193,0.9626122287768093,1.595928524173468
2018-05-08,-0.5174440979707522,-0.4409862785261969,0.7824054657134247,1.5332606903962027
2018-05-09,-0.5295599134363094,-0.37175844938514147,0.3443971229803196,1.3732704398563897
2018-05-10,-0.6092454208074378,-0.21544088335744052,0.30438297891632937,1.219214735041219
2018-05-11,-0.6224186388150602,-0.26183879867655957,0.055943798304764265,1.1328887116968178
2018-05-14,-0.6490501419736004,-0.4268642482397427,-0.1896823585555251,1.0784388414510993
2018-05-15,-0.6686711112036869,-0.6993855143439417,-0.19803263022854026,1.0435552186245014
2018-05-16,-0.7448748177218503,-0.6419982205018953,-0.3665597637073502,0.9433435468767898
2018-05-17,-0.7287452961794827,-0.5270461313452858,-0.40366186418841526,0.8877594197934916
2018-05-18,-1.0062118515466802,-0.5742049445337236,-0.10359397483276347,1.0066782825361915
2018-05-21,-1.0147411497850058,-0.4390607906842216,-0.13860764172641327,0.9001669400293982
2018-05-22,-1.0024301125163197,-0.48108241680216246,-0.1383821491515824,0.8865462701708413
2018-05-23,-1.0039723368351967,-0.678566888656561,-0.2812844007344587,0.9930748484090285
2018-05-24,-1.023089234739217,-0.7609283802857801,-0.4184915845123006,1.0423464738184969
2018-05-25,-0.962067315308511,-0.845493013520398,-0.3902343718450921,1.1541226986841246
2018-05-28,-1.2842758350815815,-0.7054991754832513,-0.3137924044870451,1.136171913211335
2018-05-29,-0.9468382248187012,-1.2424331434434894,0.19784554440142332,1.4740636729463386
2018-05-30,-0.9988037284409612,-0.9319959125654599,-0.2103513474532525,1.1699191105978426
2018-05-31,-0.6428586292703323,-1.2160109337132423,0.023727096728641497,1.3236309616332695
2018-06-01,-0.6000004210804213,-0.8737346239235639,-0.0581522895689934,1.207524646019311
2018-06-04,-0.6580398930125071,-0.684319841577242,-0.1486569901463173,1.1817456466301024
2018-06-05,-0.630577971053531,-0.7568196822909239,-0.3245085418799974,1.2305191477221638
2018-06-06,-0.6441306196900916,-0.7044827559662262,-0.571220583941987,1.0190498949328077
2018-06-07,-0.6498221696040776,-0.819286272867127,-0.46888250667609127,0.9624501838535633
2018-06-08,-0.7702114426774218,-0.7640702300173248,-0.49405513893694536,0.8907478048949634
2018-06-11,-0.7706036857505151,-0.625479452662626,-0.5876124838090455,0.8684724123635522
2018-06-12,-0.7512773684955041,-0.6366889711079212,-0.7284984071690663,0.8978960497287812
2018-06-13,-0.7765119643066767,-0.6490389463212959,-0.34205870817741174,0.9420619605141944
2018-06-14,-0.6774874649132537,-0.23198255168216822,-0.723549997389414,1.0010919087147503
2018-06-15,-0.6847943988858672,-0.26458317376930435,-0.40593492672052767,0.9993687680264149
2018-06-18,-0.7043632019468401,-0.25797480486359914,-0.22468942569723827,0.985665995720475
2018-06-19,-0.7098804887813366,-0.23010269206565567,0.024796292510542658,1.0208918887098826
2018-06-20,-0.7192762682123988,-0.3299924208528193,-0.3512013368026175,0.9862292962810542
2018-06-21,-0.7261115535620196,-0.6323606235944861,0.04819823790375175,1.071342071800044
2018-06-22,-0.8005233476987706,-0.4130663770748833,0.14370639568755642,0.9274656054055362
2018-06-25,-0.7819452287909223,-0.7094974529914214,0.9871284664335697,1.0240659494211708
2018-06-26,-0.7786042405911365,-0.7182952828633093,0.5888236340037047,1.0261333018079948
2018-06-27,-0.8006659484292279,-0.7153195546767535,1.2525891895414785,1.0597725258135862
2018-06-28,-0.8407352167155913,-0.4176341198191343,1.2631228173819062,1.010525649440111
2018-06-29,-0.8727535410498891,-0.4122410352398025,0.7270800219855826,0.9926240914722102
2018-06-30,-0.17671886870799486,-0.7208786953418032,0.5218532804334928,-1.33827396073017
2018-07-02,-0.17353834306083835,-0.7719632749680296,0.18214540125489825,1.0529121300197866
2018-07-03,-0.1370472037110225,-0.7388832236952696,0.5440967075709708,1.0271270493186813
2018-07-04,-0.12775406167232092,-0.6475369370783426,0.48569666153800667,1.0117098130728996
2018-07-05,-0.13675415814962136,-0.22022755992734427,0.6632388877995076,0.9249208323709577
2018-07-06,-0.11663975243514635,-0.03178377536864279,-0.1251586886693303,0.8393148715733929
2018-07-09,-0.25946200302448774,0.23561546738204495,-0.29861136171196917,0.678432201354206
2018-07-10,-0.2550545037914819,0.2953851478942983,-0.43989348079982915,0.5918305892481813
2018-07-11,-0.24849905385003948,-0.07199640225169325,-0.35063492344690866,0.7526549295945263
2018-07-12,-0.23474348939744755,-0.006783070207638532,-0.561504259201227,0.7195456486809115
2018-07-13,-0.26193592284468215,0.02696044136171422,-0.6716135802995625,0.7387557514897579
2018-07-16,-0.2619752462558734,0.20620218927773085,-0.672427775245321,0.6719547294374938
2018-07-17,-0.3156031016491908,0.40361337218961857,-0.8547023639704205,0.6652395981910199
2018-07-18,-0.4761964858950819,0.5296974879483484,-0.9447007652129222,0.5847073265221301
2018-07-19,-0.43441162539916034,0.5059677075949002,-0.4990611889760619,0.6367385314570929
2018-07-20,-0.4462891063607166,0.4775635782094994,-0.7325865398259567,0.6734782417502092
2018-07-23,-0.47459340827771296,0.6874894342091661,-0.7744038477072851,0.5574305594951317
2018-07-24,-0.4602523403617999,0.8079544160858374,-0.5777165597685505,0.47649232378278844
2018-07-25,-0.515847951944422,1.1592714569606444,-0.44462708649406746,0.4913942925823811
2018-07-26,-0.4897297432282916,1.4569112333334764,-0.07018112663867515,0.28350270828799473
2018-07-27,-0.47067954540543916,1.4251150548027696,-0.14650431425942365,0.22783858651384226
2018-07-30,-0.4500473727525717,1.5949175072977333,0.18080104577382242,0.07152920435476463
2018-07-31,-1.4847836149827534,1.6655474332250129,-0.20495607642518582,0.0787332803382705
2018-08-01,-1.4686912397180723,1.3415877097583733,-0.23095826060933658,0.16721892089281226
2018-08-02,-1.4420684163026014,1.338079746000749,0.0903180774958521,0.44282756007682467
2018-08-03,-1.5926788037005457,1.2920632284028142,-0.6710368712343628,0.3714391724292878
2018-08-06,-1.548858818076099,1.2832854824159952,-0.8020630412376156,0.3500223152517471
2018-08-07,-1.5211460394075227,1.2275277903716888,-0.917559670115553,0.27023022570404637
2018-08-08,-1.3625743619366144,1.0653065961462935,-0.9203393130199982,0.3104770313503927
2018-08-09,-1.327038017328286,0.8751289516735998,-0.36955489003973624,0.3860540195048833
2018-08-10,-1.3081632359268118,0.4022099035630118,-0.6717629029045711,0.5009199779438338
2018-08-13,-1.2668789755180982,0.11509352091590846,-0.6010290185142291,0.582727156044599
2018-08-14,-1.2429709374261078,0.3008048703596361,-0.7546149267278043,0.47113012091132916
2018-08-15,-1.7055775818100245,0.06463855641726372,-0.34249245362829067,0.5657683314940314
2018-08-16,-1.77800211204684,0.369114312929752,-0.35355724469428673,0.38108528723452356
2018-08-17,-1.7912491536826471,0.55006351141629,-0.7413987798301465,0.2963666414332236
2018-08-20,-1.7588003300046673,0.4759295873335863,-0.7203583488297838,0.26294035978942537
2018-08-21,-1.7391941419464383,0.6282747903138276,-0.5806342414365624,0.20470659743210923
2018-08-22,-1.7258893587806798,0.4933944760618618,-0.696625206855578,0.2891070197975888
2018-08-23,-1.7411451044178794,0.44305685195820504,-0.5328598152060108,0.3518559391393658
2018-08-24,-1.699770429679441,0.4642756944743275,-0.8471521631796995,0.3180045496815856
2018-08-27,-1.6983569512577248,0.6651082325037081,-0.5932858133758866,0.24491159919783062
2018-08-28,-1.6608834079667087,0.6738854340326166,-0.5334007833098441,0.23641625271968808
2018-08-29,-1.6167613252569628,0.5775504777536757,-0.7572004362115234,0.2520230580452619
2018-08-30,-1.5902862796951989,0.14550015434498592,-0.7081637809738568,0.33815285309167276
2018-08-31,-0.22684944032128315,0.10551455660345345,-0.7455441374858494,0.34216952618963087
2018-09-03,-0.23608823408400925,0.1806389891376818,-0.6692990531089285,0.3359676004038147
2018-09-04,-0.08460650018036192,0.03281499666257687,-0.6056865032724249,0.3400481744734215
2018-09-05,-0.09002679935812492,0.0040485922125977,-0.5019779491799864,0.19133945758935053
2018-09-06,-0.08145758479745141,-0.06137100306870772,-0.3280230945971008,0.22704351650445906
2018-09-07,-0.08854760386753338,-0.0047754526435701385,-0.3056355756621042,0.20867565235766608
2018-09-10,-0.07318827581883652,0.3502232021850851,-0.3629334243908921,0.17611211013625108
2018-09-11,-0.09126498495160111,0.46091072226924545,-0.6998611994772208,0.18559695830870013
2018-09-12,-0.0970500265545144,0.5622691924276392,-0.7172768958688746,0.1510152001319202
2018-09-13,-0.17883981752062741,0.9476415978386592,-0.18726448606394888,0.14625583260508074
2018-09-14,-0.16757262895657682,0.99354879086012,-0.8141680244056032,0.09707219061521241
2018-09-17,-0.17771774654773112,0.9268878778679673,-0.28568081285394703,0.02332981313716214
2018-09-18,-0.17388611779044988,1.191141586853855,-0.6857242993516978,-0.02262359961745941
2018-09-19,-0.1885673841996267,1.2013900889469091,-0.7328885766221309,-0.08462940191767708
2018-09-20,-0.15794287948320473,1.040826976122563,-0.1699119027202519,-0.12797879447517707
2018-09-21,-0.1342112163096482,1.1874564275047044,-0.4164520993298813,-0.15564791707709366
2018-09-24,-0.07230596479157238,0.7619503140008859,-0.2638749611835165,-0.0005135006046904965
2018-09-25,-0.06067455361703691,0.652583127021185,-0.33819109885699555,0.04382344625144161
2018-09-26,-0.05974159072492652,0.6195819372068861,-0.12744005459439697,0.15595389034032256
2018-09-27,-0.10203427919541551,0.7365002756629928,0.24231346061826042,0.20586379154916082
2018-09-28,-0.146339467129763,0.895419452808774,0.1089852162210152,0.22318294631369923
2018-09-30,0.17570906412195983,1.7848959300160834,0.061363222869290045,-2.4371042768788334
2018-10-01,-0.3653535207918972,0.9803976153782983,0.11826565213040557,0.1288424071112547
2018-10-02,-0.37010857853632306,0.8503291898429679,-0.02288557436534962,0.09998778052755661
2018-10-03,-0.1620060585383228,0.8148047050703758,-0.29393641337205356,0.01677595286728264
2018-10-04,-0.12745048840816586,0.6050917296550592,-0.13196192705941878,-0.10298578613071958
2018-10-05,-0.19537322162571588,0.3534677592430654,0.5863657597728821,-0.13385617221205504
2018-10-08,-0.1007102279895642,0.38760436728072134,0.6943941099805632,-0.2649507553627492
2018-10-09,-0.10874920989337002,0.13678875472716023,0.6476634326221349,-0.16380625699048684
2018-10-10,-0.09888000707111501,-0.6978543907314976,2.180183801599943,0.10929615996304606
2018-10-11,-0.21448545188608673,-1.3240154894696423,2.4759271938136114,0.6992042132932969
2018-10-12,-0.23578061907182835,-1.1052721463541861,1.8126235601480767,0.6831179750707588
2018-10-15,-0.2925027729584766,-1.1579943966658803,1.63523902257155,0.6582298663446511
2018-10-16,-0.21985201283473776,-0.7656252790534007,0.6844902157430717,0.43208854269643915
2018-10-17,-0.252440166253034,-0.7668603854848696,0.5268154247233107,0.367929191482059
2018-10-18,-0.23729785627619293,-1.085903169497065,1.2488744851569145,0.45367124485381816
2018-10-19,-0.24956252191468242,-1.1597013769547488,1.0136285150180313,0.3599070579722853
2018-10-22,-0.23738169090127276,-1.3531251272382694,0.7984490184123497,0.6149597469618253
2018-10-23,-0.2632184349308488,-1.59607697885929,1.0897981617378618,0.7535109431464903
2018-10-24,-0.30708700708481357,-1.9891959253405274,1.978361080181765,1.0033910059797977
2018-10-25,-0.29594233082450455,-2.01282221629171,2.171592971670075,0.8797197673509005
2018-10-26,-0.2871420805492172,-2.292722734408954,1.8848410205210664,1.0161138904915876
2018-10-29,-0.25595506045839644,-2.1063402551914616,2.0072569982490482,0.858121549540256
2018-10-30,-0.23529694466803788,-1.8105191265698704,1.741723789463326,0.588054809533548
2018-10-31,-0.43775686098625816,-1.7023809093862934,1.4393717439281266,0.5864793463333146
2018-11-01,-0.49825341624372776,-1.6034908130311292,1.1231466755055595,0.44431394774250077
2018-11-02,-0.43750958514547944,-1.3908485558837482,1.487998269278502,0.3924005572119545
2018-11-05,-0.3684652154298156,-1.1055485299738765,1.6812909385940542,0.12715562691354626
2018-11-06,-0.37889464941361023,-0.7678873830492737,1.6278387389544555,0.0016540676183843337
2018-11-07,-0.3884676267029858,-0.3835453875188716,0.8385197874137365,0.20232322348711995
2018-11-08,-0.34263696538571936,-0.4196979641952942,0.7524597042075987,0.22789153463413717
2018-11-09,-0.3221143641008261,-0.7169697036999509,0.9703548221852363,0.33711223254545286
2018-11-12,-0.3260734019348428,-0.9517980678786588,1.5780472924048028,0.5548038858149145
2018-11-13,-0.30889396269501634,-1.3758702924833701,1.2748922403406033,0.6074735696826222
2018-11-14,-0.2900726345521497,-1.7523607040971303,1.210813874181855,0.7378986976271384
2018-11-15,-0.25940419251412244,-1.9830009961516992,1.1097514602642666,0.6236985151734258
2018-11-16,-0.2517901651987855,-1.9790643916342798,0.6709292493645861,0.5628430446392719
2018-11-19,-0.35060133625100415,-2.2268761265435604,1.0328250611316,0.39956837977162535
2018-11-20,-0.3404377715725885,-2.6609504674996147,1.2603875407282048,0.7716912124171683
2018-11-21,-0.4229613511456354,-2.4617157737613695,0.8979449982327489,0.7412294578199309
2018-11-22,-0.4412934682098263,-2.443814337888944,1.669263172387213,0.7309362359613598
2018-11-23,-0.4428532062939108,-2.4199300966578483,1.1922402867355137,0.8354347999055531
2018-11-26,-0.5003971331914981,-1.9844218088559178,0.7159917690634657,0.64618053152305
2018-11-27,-0.4924541152175662,-1.953116197498014,0.8462172320183071,0.5218743631903766
2018-11-28,-0.5698111835783668,-1.461616520611011,1.1079261931821895,0.3003396765516025
2018-11-29,-0.5927680369890824,-1.5454848184884997,1.4073450509419771,0.4238082350131479
2018-11-30,-0.8045807093151335,-1.5459272755032443,1.0716549705286678,0.30759475194095237
2018-12-03,-0.7662426585966188,-1.4709821435798205,0.6191120317399227,0.15080664553757686
2018-12-04,-0.7655198258269713,-2.1360600650683983,1.148462478000293,0.7535576079060279
2018-12-05,-0.7577599893653217,-2.2001796159820195,1.0519085380674231,0.7431787764728369
2018-12-06,-0.7342236983351265,-2.356769799755157,0.9455574696384405,0.9594943806298484
2018-12-07,-0.8028727683518306,-2.5808008592313842,1.6372025972435662,1.1191311883373056
2018-12-10,-0.618830092895458,-2.4883321957483533,1.3420311577607977,1.2046495224569633
2018-12-11,-0.63405437536304,-2.36722653560623,1.0994851095447318,1.1551985426374127
2018-12-12,-0.6357931926561242,-1.951895647343848,1.2881290851612555,1.1385862767084436
2018-12-13,-0.5906175278370821,-1.7002185993380363,1.9685617163101552,1.1481295665916322
2018-12-14,-0.6267540419572886,-1.7475575256554967,1.2821528642048072,1.3031155517337014
2018-12-17,-0.7481016136792253,-1.7940958090726353,1.9459567421642392,1.5001485648607074
2018-12-18,-0.6314875227151333,-1.6906171230215896,2.2412058327898947,1.655318999409892
2018-12-19,-0.6131835835472221,-1.7634543942794179,1.9503453368257733,1.7615972135555522
2018-12-20,-0.6358077479654215,-2.064398685465138,2.689687165141996,1.8034344461363523
2018-12-21,-0.7449014362319561,-2.1844826873339436,2.583944582918891,1.8388969181880104
2018-12-24,-0.6886468293427092,-2.227912494166478,2.705809819639631,3.0
2018-12-25,-1.1750672012507273,-2.179533412664145,2.616413826293845,3.0
2018-12-26,-0.6696463221962305,-1.7196701698777688,2.571742156925586,2.7808186080749904
2018-12-27,-0.6913417074142625,-1.7838756621260246,2.4252987308713903,2.582291871964394
2018-12-28,-0.6741867976293193,-1.6834698476686896,2.2005825180118994,2.550114016489218
2018-12-31,-3.0,-1.5196581454436913,1.8860972746742926,2.4004902816995024
2019-01-01,-0.9417623356423269,-1.499353527090723,1.8118686676400049,2.33393148497932
2019-01-02,-3.0,-1.3840260676306517,1.4854606599020344,2.2614104427633572
2019-01-03,-3.0,-1.6116662871641012,1.7576809446727317,2.4855099465705943
2019-01-04,-2.7608350474109598,-1.067595851851667,1.2810611842821678,2.0745145986736664
2019-01-07,-2.6469179330791426,-0.7131088262033418,1.4514972349379855,1.9408572900898566
2019-01-08,-2.503972693668754,-0.4746626231596201,1.2959123059267188,1.843313025038146
2019-01-09,-2.1982403057094366,-0.4747058394678404,1.0635721247686278,1.757227310377503
2019-01-10,-2.0935347433039437,-0.42046407480338316,0.707560895561135,1.659098471961961
2019-01-11,-2.025223638218263,-0.5486800476921738,0.6783845990333155,1.654938368290215
2019-01-14,-1.9349803263734036,-0.5952999219530405,0.682082454490125,1.6028539764162606
2019-01-15,-1.927303171354731,-0.37773639102217066,0.78929317488478,1.5250047889133582
2019-01-16,-1.8302707696398754,-0.22630111963457078,0.774354328730542,1.4364702197975328
2019-01-17,-1.7416404884875396,0.12205800216255772,0.7944017226458119,1.3081148738271666
2019-01-18,-1.7637763318664943,0.47888533402608924,0.9572838418104771,1.1519118290489918
2019-01-21,-1.698499815895312,0.6933326681309182,1.0255329468129526,1.1270936114606442
2019-01-22,-1.671982221098602,0.5269821355985234,1.5555384576037938,1.2130638338116295
2019-01-23,-1.6522286756845455,0.7621910166794562,1.3351137321996018,1.1839297021976298
2019-01-24,-1.4961017963909866,0.7465922207971825,0.8151566738769052,1.139097204387426
2019-01-25,-1.4731274212428285,0.9390760108726488,0.9651403485426255,1.0086258410562297
2019-01-28,-1.4421862333696551,0.9677240764316479,1.1298202341102472,1.0146711912188633
2019-01-29,-1.5406605590842353,0.9240633485626434,1.1104891702413673,0.9738213373970468
2019-01-30,-1.5386480791812809,1.0614180514747322,0.9328286559536878,0.9883678787427962
2019-01-31,-1.756094601613773,1.192239594704884,0.7651135372112944,1.0126642143470752
2019-02-01,-1.401410118215511,1.2255500179401366,0.6644477214973417,0.9508563938302796
2019-02-04,-1.5035149489335196,1.1818699772223427,0.359966538665209,0.8891154587756409
2019-02-05,-1.5164609803953535,1.205094818771573,0.39084042772516364,0.864206676134839
2019-02-06,-1.452698077414798,1.1333744323759107,0.26226941655208447,0.8597314346744878
2019-02-07,-1.4395239395625312,0.8635945796893207,-0.02353861808463116,0.9557112144024271
2019-02-08,-1.3706119517778714,0.9206619060731029,0.22449161571672566,0.9639690591783113
2019-02-11,-1.325590041340823,0.9307940429865273,0.2702359210176303,0.9388306772165486
2019-02-12,-1.3460241956833805,1.1174135326521317,0.3289699013835288,0.7995398818361599
2019-02-13,-1.3361931755545653,1.0782376861647662,0.32312684037676714,0.7436890295381267
2019-02-14,-1.7313038091600899,1.0364508941203034,0.2087447457091404,0.8145100869243737
2019-02-15,-1.7655848903199292,1.2785655005851684,0.29861756007593754,0.6782105083910311
2019-02-18,-1.6859940936910158,1.217716509983929,0.2159042629025074,0.6655575357600666
2019-02-19,-1.6245455986580488,1.2390396038354037,0.25284988656219665,-0.008386714206441211
2019-02-20,-1.6195421567679038,1.2938748266066604,0.19836434950015913,-0.09580945644939394
2019-02-21,-1.6617143126790108,1.0681326624628602,-0.14486196159986972,-0.0473820828248847
2019-02-22,-1.6189201446335508,1.0760957982167243,-0.01311577005943203,-0.02989990138085858
2019-02-25,-0.8392660470986707,0.9358895212632254,-0.10997644680284835,0.1405691837218289
2019-02-26,-0.9217938124004402,0.8657474827850854,0.041471895148910684,0.21549099214333164
2019-02-27,-0.8767080792308355,0.8634095491232336,-0.0603943279672731,0.5143129568236368
2019-02-28,-0.5681333813197099,0.7583164888039324,-0.5291181038093825,0.5491606333766532
2019-03-01,-0.6977694660282814,0.9924479232510431,-0.325536057395743,0.47219688437337815
2019-03-04,-0.6899904423013479,0.8908238080584217,-0.08766979775557174,0.5212188348147614
2019-03-05,-0.5452563299909423,0.7809285973608746,-0.2019558718292541,0.5320158113889003
2019-03-06,-0.5090529799862725,0.7247445641138665,-0.06485453733128577,0.6112015567858534
2019-03-07,-0.48840323289708554,0.6080473735298564,-0.05697801583741253,0.7028334442860985
2019-03-08,-0.5050825115107669,0.6581075356532319,0.0843357340062729,0.7157466130752933
2019-03-11,-0.37302715450957113,0.9621666801706231,-0.31255664993902815,0.5612744353108807
2019-03-12,-0.468495347148176,1.080555809636903,-0.35565566736604587,0.5384915787442555
2019-03-13,-0.382964212755639,1.140183627076479,-0.4042843728912339,0.49206936163948223
2019-03-14,-0.3922675544775033,1.2717665485843412,-0.18864058655042867,0.46806546179616704
2019-03-15,-0.41088160685513864,1.3554424080572964,-0.27410380712286364,0.45618713565330876
2019-03-18,-0.3620631438580815,1.4555180127445637,-0.213025804156916,0.4087495710776962
2019-03-19,-0.3633320591055688,1.5048518115216698,0.016941454384280873,0.4176730625492123
2019-03-20,-0.3495766933356583,1.3040172539130996,0.28352516520450594,0.601202629037
2019-03-21,-0.27848439760117816,1.4390357410995596,-0.13068777252151018,0.4637503365137367
2019-03-22,-0.2537674540784257,1.1550752234752075,0.750755806066678,0.7322199277934459
2019-03-25,-0.23870880253213878,0.8401589528587683,0.5106776053147711,0.7530023750920684
2019-03-26,-0.8744172848849491,0.9751632709374723,0.19672642901744444,0.6671974875696676
2019-03-27,-0.8451160829827697,0.8822437311560813,0.29363635364307356,0.6871827485628765
2019-03-28,-0.8437135947726534,0.8484997464765077,0.05447546200174239,0.6209792741045772
2019-03-29,-0.7891823199104409,0.9866144469632818,0.3756499526599453,0.5791800673806607
2019-03-31,-1.7753858928791502,1.116616767832031,0.38574734150030004,0.5975460009781313
2019-04-01,-1.320163166721997,1.0200816381910178,0.056948972344026995,0.34408868073125853
2019-04-02,-1.2851864269075954,1.005748514081409,-0.20891636523145407,0.3690459805497642
2019-04-03,-1.4256696868545913,0.9523073036860212,-0.15644033734687343,0.2774872447304301
2019-04-04,-1.352396038382202,0.9604786816225013,-0.2801087183133677,0.20834478396213035
2019-04-05,-1.3024595736748468,1.0329389935374713,-0.3391918026421339,0.13886143711635146
2019-04-08,-1.3550571559031437,0.963648633858466,-0.3890240684797472,0.09142665333306049
2019-04-09,-1.3569152084315426,0.8682790916923537,-0.1942059049582615,0.21192201452702586
2019-04-10,-1.4237720946772592,0.9460890257285449,-0.29317075979071083,0.23319722783192126
2019-04-11,-1.323379895614836,0.9933098011907521,-0.7634410512361529,0.18178136098509676
2019-04-12,-1.3171663313930646,1.11492519127732,-0.5135436958516588,0.01833061332979255
2019-04-15,-1.2601393314113838,1.0199521504041713,-0.536575068827696,0.044946438158145065
2019-04-16,-1.3504131042529812,0.9857628336852126,-0.6249636709539936,-0.0500088725871265
2019-04-17,-1.3128980489593292,1.0841644716320442,-0.5514554727520825,-0.0747209150917243
2019-04-18,-1.2459816983222414,1.0544543784282776,-0.740585829659639,-0.06160152402695359
2019-04-19,0.17077984245163674,1.167601340401811,-0.4306123372605241,-0.06039647522692941
2019-04-22,-1.3155604011704045,1.1108685597604961,-0.5150561838038701,-0.05570710853021295
2019-04-23,-1.25934006351852,1.101545158775209,-0.592796526102217,-0.16050274785543456
2019-04-24,-1.2148146008674732,1.017055579037507,-0.38379331424068663,-0.04024419576474927
2019-04-25,-1.2295020738257816,0.8978523296117367,-0.6288263675695316,0.08760030529437073
2019-04-26,-1.0472172825256798,0.8777439348291143,-0.6197962866034323,0.04025774384979645
2019-04-29,-1.0149533758476683,0.8555539558844081,-0.5885543368549877,-0.08041269531704157
2019-04-30,-1.5852494615859658,0.7920918819875186,-0.32122922376563773,-0.08436262402602364
2019-05-01,-1.488593050530636,0.6568007921111859,-0.21698815120646447,-0.038773040684629737
2019-05-02,-1.4137469396364262,0.5632119409339296,-0.7037632541768911,-0.07572281896932144
2019-05-03,-1.337217272711741,0.6761122149017736,-0.6348888135385881,-0.17099338536490052
2019-05-06,-1.2363924888870337,0.555521979075783,-0.10998102415278527,-0.026018428504849013
2019-05-07,-1.156556426150201,0.3224467917597595,0.7952985628608595,0.26903605478035875
2019-05-08,-1.0352227444721676,0.20431141837801275,0.7109733769920197,0.2539362876775951
2019-05-09,-0.9999082286008122,0.05559379275574668,-0.08080385056099638,0.3635287280117958
2019-05-10,-1.0428282614807451,0.05924855569988502,-0.0955596691614151,0.3357240295713656
2019-05-13,-0.8904931316017077,-0.3951086213202429,0.6447641763405333,0.7175830709608935
2019-05-14,-0.7943222183838706,-0.2687789903236702,0.10481348136107665,0.5826120154964474
2019-05-15,-0.9192650041300333,-0.2884241698180988,-0.18058779251170207,0.5887044322563235
2019-05-16,-0.8358966636985147,-0.12242995609571578,0.03779921242977518,0.48396835645529446
2019-05-17,-0.7180352141932289,-0.26792025782066864,-0.2458957724030812,0.5109923985506465
2019-05-20,-0.6762193943863114,-0.28583204550569086,-0.13267763789587206,0.5530171873732154
2019-05-21,-0.664945094709608,-0.17214059520548133,-0.43825272966275974,0.4082676763788128
2019-05-22,-0.6256310070484514,-0.28093078708298846,-0.49697142756219925,0.5013717673311566
2019-05-23,-0.845734113194457,-0.5069701812855932,0.42158323914807816,0.6760848237435423
2019-05-24,-0.8244153893163093,-0.4956844686149832,-0.19932628675670674,0.6636513275911755
2019-05-27,0.5276040700289384,-0.5328916375864888,-0.2219575905409928,0.6529464720978425
2019-05-28,-0.728994723594553,-0.7368316519142268,0.14922404914031948,0.8604702928929417
2019-05-29,-0.6996394309716399,-0.8477909061946874,0.1776214279139296,0.9466632017875626
2019-05-30,-0.6674503246331277,-0.7575581129783863,0.5999022445979248,0.9702250361469132
2019-05-31,-0.7699255208294435,-0.9838943962323785,0.4939046035990457,1.2104815004276488
2019-06-03,-0.7845472379035249,-0.8930007437025118,0.4752466406023751,1.1558935503878327
2019-06-04,-0.7650357234670404,-0.4853602331388949,0.13253212246432575,0.7911097029865025
2019-06-05,-0.8860969858118062,-0.3575977511150583,-0.1049745192320423,0.723576151885915
2019-06-06,-0.8772500793811467,-0.32316007810096375,0.6637158680543589,0.6142700259634508
2019-06-07,-0.9552575579401725,-0.1936254516943169,0.14766208566759542,0.58000279335191
2019-06-10,-0.8613628741116377,-0.027511032944095,0.0217344338533971,0.39815431833089665
2019-06-11,-0.7825771172065498,0.03223254756808834,0.2919324785047681,0.3504526627149022
2019-06-12,-0.8126355710782455,-0.05324988061395881,0.19566375932404034,0.4108804984146818
2019-06-13,-0.82666608823048,0.019680188590636322,0.6197715196992277,0.32559866981787167
2019-06-14,-0.738173114930807,0.07697164586217128,0.13577207148709802,0.29410589835902257
2019-06-17,-0.8140287136021215,0.10873189386809502,0.0703461356855764,0.29200253324013825
2019-06-18,-0.7912421658479797,0.3531835931668383,0.20716405788888806,0.17974157439923208
2019-06-19,-0.7831023312924661,0.5051853833899473,0.2408363807605018,0.2365824428743797
2019-06-20,-0.8208894545570609,0.7207864367642025,0.45874370008134485,0.16762171595127304
2019-06-21,-0.8018048378365923,0.8037478312187334,0.6514067061194977,0.0727342856324841
2019-06-24,-0.7261996635901334,0.724827213303732,0.5721987775004576,0.2701863833834606
2019-06-25,-0.777504379379467,0.45615703870042623,0.6176520693117342,0.3607184821102482
2019-06-26,-0.7478680077695578,0.5041460518985691,0.6300175101256296,0.3102531985465657
2019-06-27,-0.7374701328534632,0.6427492300608548,0.6230506185104231,0.21346041405346866
2019-06-28,-0.7232457523813725,0.792941861467351,0.6373273779520051,0.06142545287295568
2019-06-30,-1.638619447750337,1.7637694175489542,0.7414946466432618,1.0181935964869258
2019-07-01,-0.9594139090573603,1.0239732034184281,0.2748374972577695,-0.13224636567528217
2019-07-02,-0.9125389841264432,0.9230007971974495,-0.2535249253531936,-0.13293993315042066
2019-07-03,-0.9509652978839214,0.9568759142121251,-0.16355386202577618,-0.2191221165042488
2019-07-04,-0.9149244042569089,0.976129397310091,-0.29793221552856336,-0.22063340140821938
2019-07-05,-0.8410647011223936,0.9157308447600336,-0.526826409815199,-0.2734271701708061
2019-07-08,-0.752538511475883,0.6733879782485713,-0.5496437986221984,-0.18185328575800694
2019-07-09,-0.7579873888520872,0.6492919767389729,-0.6048547030280417,-0.20794839975465185
2019-07-10,-0.7391310114740699,0.703030875084466,-0.5390090929896071,-0.17618852835991536
2019-07-11,-0.6395897026925871,0.734357215370324,-0.7311140306218589,-0.312865301842982
2019-07-12,-0.6039183305742776,0.7988918042584158,-0.9048141760343331,-0.435221301734805
2019-07-15,-0.5627024962536786,0.7421138083206197,-0.7977904685015278,-0.37455254269479016
2019-07-16,-0.5149274618232799,0.6026307582526748,-0.9298794607829101,-0.34533679090107317
2019-07-17,-0.5218457158467851,0.40918653008625083,-0.6237333905053601,-0.14460053654805846
2019-07-18,-0.44960676820411033,0.374603230875151,-0.5794279171952049,-0.1828879630545169
2019-07-19,-0.41903461460313196,0.2786576845798469,-0.5630904231693545,-0.0946966693961832
2019-07-22,-0.4015403888213284,0.3312904883279222,-0.732135209532347,-0.1451717746895349
2019-07-23,-0.43818363985196557,0.5495465186971922,-0.837009770755623,-0.3287318162576162
2019-07-24,-0.4392474304666859,0.594671373844211,-0.9740210470366963,-0.3917401946651812
2019-07-25,-0.32018877430741577,0.4257653808079725,-0.474314399264657,-0.3548142726088119
2019-07-26,-0.2403343429492029,0.5132920458292339,-0.9465057563764483,-0.4663542370253535
2019-07-29,-0.23461952356047405,0.5279183204755562,-0.8073155594693486,-0.4497734042802883
2019-07-30,-0.14796167229499368,0.44780144663364857,-0.4446204041277123,-0.38037964881186553
2019-07-31,-0.3868536108931129,0.24897878692785125,0.17586539764465445,-0.21132841644343645
2019-08-01,-0.3688273812259338,-0.01799320136309532,-0.010659060347698368,0.22015535195633876
2019-08-02,-0.3448440692162735,-0.04481051787474762,0.4544533963506122,0.3893413120374913
2019-08-05,-0.31962297211974083,-0.6217150921045976,2.396095796702842,1.025311608485587
2019-08-06,-0.30830971577701705,-0.48895806459905694,1.1318068979746356,0.8987111767328579
2019-08-07,-0.27628290512901194,-0.49545590414295904,1.0467599976030588,1.0352075276958068
2019-08-08,-0.13930503747839806,-0.1929310881535036,1.119690162872187,0.6875053349988511
2019-08-09,-0.10811729248736973,-0.327719310286556,0.46976053611102137,0.8210726251427022
2019-08-12,-0.027017864132242466,-0.5639135206167952,1.2021831485473327,1.10759513679969
2019-08-13,0.05167268347140908,-0.24708757096583048,0.3893345866644251,0.7517474143581496
2019-08-14,0.09689242365665209,-0.78192198576428,1.6118307482242853,1.3427145122483903
2019-08-15,0.22390976458207587,-0.7817495987340312,2.0888261505312737,1.3598659937075697
2019-08-16,0.22185971186617456,-0.5238460401505457,0.9438508072968808,1.0476216066850668
2019-08-19,0.3248717714816985,-0.2144969778529499,0.502861483624478,0.8000996418486723
2019-08-20,0.11506998087947565,-0.3396853788228198,0.6071936025937855,0.9874476210036448
2019-08-21,0.12401448731632322,-0.1794493960648715,0.009895201493098901,0.7930024592353575
2019-08-22,0.05988362224333731,-0.10844222184425968,0.6928478285563162,0.7259686728964928
2019-08-23,0.08016434601121862,-0.45842360528047305,1.070158070019545,1.3181328419837126
2019-08-26,0.09669397928374464,-0.2981001077332417,0.9115419632861491,1.0896103070552936
2019-08-27,0.1402883524871842,-0.2932111205388852,1.389412383479009,1.2607049736353744
2019-08-28,0.14408466513102158,-0.10070575189263552,1.1076345984167724,1.125449394703784
2019-08-29,0.1137441850655883,-0.018618388166524964,1.1581691533684721,0.8700857285474647
2019-08-30,0.17879454757083782,-0.003662249198249707,1.0724896881130672,0.7298996883834801
2019-08-31,-0.39391631533243887,-0.03171976470717693,1.0616524687346551,2.731733495390089
2019-09-02,-0.08973467253080224,0.20614068257963594,1.1894621562656311,0.677186384576572
2019-09-03,-0.098323674115901,-0.07903829706322131,1.2384865306244235,0.7610158005041268
2019-09-04,-0.05264726285400845,0.15646605935416658,0.6615419642218016,0.5173874695069385
2019-09-05,0.13643398852397923,0.3215255424109641,0.6788301369212403,0.14965179870838088
2019-09-06,0.12387429271431295,0.3885610468882267,0.03911876746117612,0.10118249496344511
2019-09-09,0.3847630071656403,0.5679805343756957,0.18872010746377962,-0.1983356318568829
2019-09-10,0.3466556473401208,0.41000589311404045,0.04700819106515151,-0.43959721394088724
2019-09-11,0.35569666155541046,0.7739867569116984,0.023851990170027253,-0.6445196885182768
2019-09-12,0.48181448271968524,0.8513500460554605,-0.12516718232982338,-0.6422444810928194
2019-09-13,0.46779264403635507,0.792780635969083,-0.4485701732452745,-0.7698045255850733
2019-09-16,0.44492179502619916,0.6673620477279026,-0.015567764481505852,-0.6434625333723502
2019-09-17,0.5412538699426193,0.6727585335433214,0.14807398505117436,-0.6061557307806156
2019-09-18,0.766582606169606,0.607121643632893,0.050800661822914484,-0.7185932286755731
2019-09-19,0.7945307274907575,0.4904631206891274,-0.611623698841757,-0.6031874639579532
2019-09-20,0.8140267584607481,0.20821566450906293,-0.04595848024011648,-0.4548668089765716
2019-09-23,0.888696742399016,0.1095551694730166,-0.27233122706670454,-0.37707836411710466
2019-09-24,0.8688204536100673,-0.10386069913979978,0.3887399251612111,-0.16608862097614435
2019-09-25,0.9240894632905972,-0.10673395735196055,0.12410168257161269,-0.3955941223723034
2019-09-26,0.9309090709645524,-0.228704698601859,0.22562014018302515,-0.344046406619283
2019-09-27,0.9470276593380096,-0.20963251086214116,0.1936142454083471,-0.3558585472937943
2019-09-30,0.2594932825602515,0.05136975849959814,0.3645801168860917,-0.4456018646064963
2019-10-01,0.178411656147503,-0.1740133814841892,0.8183532824779439,-0.11597442261609284
2019-10-02,0.18444978718989533,-0.4884318218988505,1.5048129551450795,0.35252709707713337
2019-10-03,0.12265819863692404,-0.517272533014136,1.5104262309807872,0.297608424755597
2019-10-04,0.1130586172249755,-0.3266371934011057,0.4076972521200099,0.00792758819333183
2019-10-07,0.09414115038386846,-0.3352552428694615,0.3490029031217596,0.057329338822662675
2019-10-08,0.21047366985667817,-0.6286998113802228,1.023645096148562,0.4174724057505457
2019-10-09,0.2012756681908281,-0.4092957199642356,0.5413749997426761,0.13227289363785288
2019-10-10,0.09111949920136146,-0.16585834024636079,1.0518172941219355,-0.15583667262934828
2019-10-11,0.1669681698984778,0.23898028608530672,-0.265053482301273,-0.5572292255140588
2019-10-14,0.17171223075007752,0.09948010495473382,-0.6612066059737401,-0.5395424083844967
2019-10-15,0.1838499915861926,0.4029506323021172,-0.820043738313763,-0.7270113651185428
2019-10-16,0.1531103519633893,0.414429791050772,-0.6515831091364294,-0.6495554185578065
2019-10-17,0.06385677046936784,0.3102689311391604,-0.7092174543726066,-0.6905143182688794
2019-10-18,-0.02838758084203147,0.2660032562164725,-0.6351944413039656,-0.7163654343840911
2019-10-21,-0.02032020170756533,0.5484583261432131,-0.8109908626893119,-0.9201013324244823
2019-10-22,-0.024060922037332042,0.5986784400583414,-0.6250836475767905,-0.9663376076972316
2019-10-23,-0.015631248250903933,0.637022015032838,-0.7410102329199578,-0.9985638417094592
2019-10-24,-0.013691311124791335,0.5924517594862975,-0.8501475107979722,-0.9406644435673849
2019-10-25,-0.03537456680886466,0.7473126254831134,-1.0374238339405324,-1.0041262358420933
2019-10-28,-0.10472696149162601,0.9793715591641056,-0.6596103342062093,-1.1217771793479936
2019-10-29,-0.06396272258992812,1.0212525709443405,-0.6490511373055009,-1.1134637972433221
2019-10-30,0.05229842781330314,1.2091152673079222,-0.5794146136037603,-1.075348765295235
2019-10-31,0.15589895150874217,1.1615186258710408,-0.46823221977573953,-0.976331117942659
2019-11-01,0.15222544355526402,1.5398891057217314,-0.5986412223202563,-1.1541518148371146
2019-11-04,0.11818117590236055,1.5989110789084395,-0.7456410323412231,-1.2578857148432296
2019-11-05,0.1453450518653739,1.5180814342069262,-0.5376807284589624,-1.3104080929848816
2019-11-06,0.1477717054287663,1.6450477388262967,-0.456886228473361,-1.265418523743078
2019-11-07,0.14322045605649267,1.8216225428218769,-1.0788165193076225,-1.450307542990838
2019-11-08,0.32020309226537935,1.77048561291697,-0.687611102304786,-1.4608788470749963
2019-11-11,0.2805767082177498,1.7417427144767637,-0.6545726241645465,-1.4148778745495472
2019-11-12,0.32063208659113546,1.6258884922240664,-0.8192178446891919,-1.3790183880419582
2019-11-13,0.3571140554086674,1.2966969051127868,-0.9061753932309953,-1.3626099379706358
2019-11-14,0.34966769157716543,1.1632486876842907,-1.225536324401497,-1.3074789712341626
2019-11-15,0.1976794394145279,1.2277799075564446,-1.1821741328258641,-1.417057208676369
2019-11-18,0.0607837483905362,1.1539182517915147,-1.1579488550272734,-1.4041695087151917
2019-11-19,0.15128472959894904,0.9470704083512265,-1.0103291413170115,-1.3525543883181983
2019-11-20,0.17094215850248728,0.8205485159879857,-1.0585024240250318,-1.2121853638835705
2019-11-21,0.021869428204521275,0.9501598226406188,-0.8954166974097957,-1.249482402709306
2019-11-22,0.13342386996508868,1.0206946424616992,-1.2127279509392037,-1.3006720760733805
2019-11-25,0.09497693475128748,1.133873675287424,-1.4762709750515999,-1.4138657861575838
2019-11-26,0.17202385378939916,1.1267390557664536,-1.56121993438358,-1.3377818444076728
2019-11-27,0.36127668540708757,1.2153354627103654,-1.4487677733051592,-1.4300404178606727
2019-11-28,0.3787266990214868,1.2429277578142537,-1.4294746451338871,-1.413780404154272
2019-11-29,0.37792825142926545,1.322770513764611,-0.7577926464002673,-1.3566993460085828
2019-11-30,0.29945981455620596,0.24808386808935365,-1.0423326509909017,-0.29819370258985
2019-12-02,-0.028102034192031704,0.8454736367099397,-0.41379835422230765,-1.2336854123823777
2019-12-03,-0.05222606458745895,0.5927786113315467,-0.11291221042410425,-0.9301505217569248
2019-12-04,-0.21745569297182232,0.9688811087345579,-0.37266093298238345,-1.066665982702392
2019-12-05,-0.19975336850228329,0.9595098367930034,-0.39775926634876035,-1.170358615241552
2019-12-06,-0.030710052201671095,1.2311859068028435,-0.9318696935788819,-1.3880601900988612
2019-12-09,-0.016241058610712712,1.1309375417715335,-0.6040823161790306,-1.3238200176966293
2019-12-10,-0.0038563713264721786,1.2113574758631829,-0.6630774485385614,-1.3064343072287066
2019-12-11,0.005593321762619226,1.3234360407870542,-0.3539125371744412,-1.2768587157986102
2019-12-12,-0.1822615916441339,1.6246624154793958,-0.8046203435380669,-1.5956359791029777
2019-12-13,-0.2662049777219312,1.4505708837378055,-1.3255283552273263,-1.4433476490322126
2019-12-16,-0.2966284510105502,1.63516900451516,-1.2202714517130842,-1.6158171113992439
2019-12-17,-0.0780421046160176,1.9161335855430428,-0.9015964123509437,-1.6030067034242876
2019-12-18,-0.08641964456089346,1.8835614376102927,-1.007393284021714,-1.603462394061361
2019-12-19,-0.17947110263335342,1.928966396742114,-1.6354158365752214,-1.5789774191260233
2019-12-20,-0.054354723994548236,1.9174400981460542,-1.0974402237416478,-1.5932187510893951
2019-12-23,-0.015820684137654518,1.9133313545235051,-0.9418023675426279,-1.41075124913545
2019-12-24,6.148367293609051e-05,1.7844405585021472,-0.78733204857397,-1.3439957747284186
2019-12-25,0.6718237851786675,1.6674638031215514,-0.8630856174533909,-1.3288912690412904
2019-12-26,0.03774457094622343,1.6536995951488564,-1.2740728489113873,-1.3503278662276907
2019-12-27,0.08515397242367012,1.6860495453830326,-0.27436595697001404,-1.3214751403524059
2019-12-30,0.18289702017361553,1.5881479403254097,0.3661590281185716,-1.2298054801881433
2019-12-31,0.3424296481762765,1.4850109670535696,-0.4022759820152667,-1.2924296693797725
2020-01-01,0.7682744791945649,1.479905625799017,-0.3478829126543204,-1.280590956979519
2020-01-02,0.32648126936724686,1.4923131524150093,-0.8447039047159135,-1.2036744555671262
2020-01-03,0.24233167106213818,1.1961262315364043,-0.005544273324401557,-1.0118504754180746
2020-01-06,0.32671522760321126,1.0504898134436482,-0.24388679107343478,-1.0486950418817755
2020-01-07,0.40515070084325033,0.781416202543499,-0.27640652740871663,-0.9966708705077675
2020-01-08,0.48864432143562125,0.8222583880814242,-0.7022220765125937,-1.0837699485911816
2020-01-09,0.7547995701675991,0.9971186089217478,-0.8876084042344757,-1.1325464093936828
2020-01-10,0.7505463873470252,0.8313705396557508,-1.0516580301103122,-0.9969864416003791
2020-01-13,0.7585180390030553,0.8659705546558786,-1.3439621494716176,-1.0597433314955162
2020-01-14,0.5653365239264171,0.675421289644493,-1.4155871750420514,-1.0745388916628846
2020-01-15,0.5756884828696469,0.6253856539020728,-1.590082454172855,-1.0710323161397197
2020-01-16,0.7954677962084982,0.7089879832434128,-1.6150841744178974,-1.155526551123768
2020-01-17,0.9352037395465371,0.6843907470525314,-1.6955983762914653,-1.1696824350651864
2020-01-20,0.924524410521957,0.6498656326340414,-1.6722417955230995,-1.1597545808171377
2020-01-21,0.9082254500628824,0.45979995885312225,-1.4281477457180802,-1.0271495838177958
2020-01-22,0.8339433647050914,0.3974863074984057,-1.376951119971133,-1.035371683724172
2020-01-23,0.8096369023665576,0.32335451315469704,-1.7528733919119242,-1.0144916261667696
2020-01-24,0.7957603841789439,0.07180978163952294,-0.8682606302395293,-0.8867005220162915
2020-01-27,0.7641696921398614,-0.26975774285348136,0.10786279960863875,-0.6005368434039587
2020-01-28,0.7401170598832706,-0.05335313540384735,-0.4088594304688654,-0.8406645194496141
2020-01-29,0.6658405215722486,-0.19492857450981327,-0.46607403773687883,-0.8144007416822328
2020-01-30,0.4668657715612833,-0.2593886276056462,-0.2535410807450248,-0.7508193814383709
2020-01-31,1.3415601303268254,-0.693527858847381,0.11880224642437082,-0.4674085644266942
2020-02-03,1.386898139274281,-0.5646764141039591,0.020809716552083066,-0.493227066131926
2020-02-04,1.3754508754277996,-0.2683012469575971,-0.4831334117323935,-0.6976244037446027
2020-02-05,1.690560598016756,0.0936912633331674,-0.6632691564227572,-0.8918673214708593
2020-02-06,1.6551870183053896,0.056118091785929435,-0.5117324874954262,-0.866252646133582
2020-02-07,1.722476608806449,-0.10185879425318672,-0.7068438696065243,-0.7310055477445697
2020-02-10,1.6846910914772113,-0.07166392584676873,-0.8226387285796222,-0.7840587819629169
2020-02-11,1.6198390459465468,-0.04334559344176076,-0.8011847290141464,-0.8877204771818323
2020-02-12,1.556471961759926,0.1212951683806404,-1.246645012026431,-0.9837574425301335
2020-02-13,1.5129605864581945,0.12033230645584035,-1.230272673537834,-0.9498757363121619
2020-02-14,1.513000391803825,0.09715938646845483,-1.1987034065830173,-0.9109182792074069
2020-02-17,1.4443495966631443,0.07799134764185124,-1.1899358242185079,-0.9065518958724773
2020-02-18,1.4334774253947393,-0.0662298801973368,-1.0730015998735232,-0.8535691928027694
2020-02-19,1.6399363629941195,-0.01513482841286214,-1.3552643657087888,0.5019633545594042
2020-02-20,1.6217069961447965,-0.18401649445488807,-0.9333937961906337,0.4814608980488111
2020-02-21,1.4393132226876566,-0.2859299360340456,-0.33356665201055463,0.5258497556158775
2020-02-24,3.0,-1.02095629989264,1.9854559334257025,0.9991647007059635
2020-02-25,3.0,-1.2920549447406102,2.741427761706763,1.5459363264544974
2020-02-26,3.0,-1.6268082216894073,2.434317676878354,0.8018382693020357
2020-02-27,3.0,-2.3248947023560156,2.907018368127704,1.5289537450084698
2020-02-28,3.0,-2.635320971800705,3.0,1.793368950262636
2020-02-29,2.3076586247602333,-3.0,3.0,3.0
2020-03-02,3.0,-2.023832004898083,3.0,1.094292241866634
2020-03-03,2.909951653963964,-2.435412803178901,2.904139782759881,1.593352098568329
2020-03-04,2.8497961916979895,-2.0456978736041678,2.8723780096278673,0.8588412860682891
2020-03-05,2.721690186345037,-2.354501257118951,2.1710867624549945,1.4519969014045113
2020-03-06,2.770548264634417,-2.334679407084205,2.4911687166993848,1.7311116545048262
2020-03-09,2.8097081647972346,-2.5229353312518636,2.5175962077254272,2.0126250071556044
2020-03-10,2.726212427146784,-2.334796960555248,2.4505137387814324,1.6989711414311386
2020-03-11,2.575878612533634,-2.2869893209712626,2.3774604069520886,1.9615989347295433
2020-03-12,2.487484113182898,-2.2842524838687037,2.5010282236024586,2.3644262327675833
2020-03-13,2.3610666232096595,-2.1788657945679413,2.0381624401216127,1.8201573120713683
2020-03-16,1.9997632895850932,-2.1947666420989527,2.0005072838679596,2.2127574288535934
2020-03-17,1.8408286537536336,-2.151924893084328,2.1080854182696767,1.7630037614877663
2020-03-18,1.7827075456781036,-2.1918757112596765,1.9596248706399897,2.1358075088899273
2020-03-19,1.49833552093168,-2.1446558091210974,1.8855575464404535,2.0357767602429453
2020-03-20,1.4360045045896266,-2.127596708837967,1.7710246766604973,2.126309968958076
2020-03-23,1.2604531010472089,-2.1307481845249194,1.7766572844537274,2.1403668538673433
2020-03-24,0.4915552191145644,-2.1551204213262767,1.7392841740702534,1.838474868066384
2020-03-25,0.3892154643505172,-2.179486598740656,1.764069409837425,1.5805318558221522
2020-03-26,-0.2721263282489426,-2.0164351228961337,1.8528921266949059,1.3501629454368516
2020-03-27,-0.3558389241238618,-2.1954885520121192,1.6881921619035036,1.3309055728901404
2020-03-30,-0.47182907256570483,-2.1283633682146545,1.5599217317089287,1.2543707485493727
2020-03-31,-1.4383587611941053,-2.0750360716599983,1.4637770581808527,1.203830840563693
2020-04-01,-1.1785411978677864,-2.147050821980098,1.645350906581191,1.2756862171165435
2020-04-02,-1.6854044525248695,-1.9978220136664957,1.5723195226700672,1.1420835658702686
2020-04-03,-1.7528598552052472,-2.053919164987769,1.5231048106164755,1.1350271434286683
2020-04-06,-1.7801144600150522,-1.8852881577850302,1.4577211143355988,0.6801699887131273
2020-04-07,-1.8015671767848078,-1.7238404426504341,1.672689552325036,0.22579358618642167
2020-04-08,-1.7483502327264016,-1.4525198958371328,1.4832207864664284,-0.23024802440951084
2020-04-09,-1.9714296740817552,-1.0760337259080528,1.3711792544024575,-0.5784868156925741
2020-04-10,-2.462592700754728,-0.9973515119821064,1.630892578862133,-0.577352637239289
2020-04-13,-1.9902061190443565,-0.9456128461808122,1.3346939418529402,-0.4651567291163616
2020-04-14,-1.9768239827420446,-0.7239480693124133,1.168446213131591,-0.6200395482381682
2020-04-15,-2.1161354296727435,-0.776860971421168,1.2031823048574009,-0.43314675326050267
2020-04-16,-2.057618034569659,-0.551432780607553,1.1161106102177296,-0.5350348759326466
2020-04-17,-2.004001202201867,-0.1964740461342598,1.1127851076852924,-0.9225345797119378
2020-04-20,-1.96090238824068,-0.10084288191785912,1.4360839308764775,-0.8887718602688083
2020-04-21,-1.9126986932952992,-0.26508027533260425,1.518550038966711,-0.6840488539520738
2020-04-22,-1.8709479047298645,-0.2958873066568519,1.035684040980633,-0.7660168055799309
2020-04-23,-1.82652751128206,-0.3519888526515259,1.1729286656389177,-0.7980839060925178
2020-04-24,-1.6465372291926832,-0.367036413336838,0.33488213046957993,-0.8374147712515143
2020-04-27,-1.6048654752729608,-0.29603609275641934,0.19490074458027062,-1.0079448623818736
2020-04-28,-1.5311748217923877,-0.2849057259628251,0.20366472934193106,-1.0500320405348837
2020-04-29,-1.5318678262028305,-0.13803367586782223,0.08269621728036453,-1.1626804099541008
2020-04-30,-2.5827545495157533,-0.13331082477803094,0.5600079645022392,-1.092060228588865
2020-05-01,-2.5029747784763945,-0.2717303091309938,0.5249298869740447,-0.9407828818836551
2020-05-04,-2.4138250248691473,-0.3010415298637731,0.42129084539823536,-0.9003458163087495
2020-05-05,-2.327282562436556,-0.24927094216935433,0.20666875699144735,-0.9319990032615371
2020-05-06,-2.0500707179771345,-0.37896389786628804,0.13958207269490644,-0.8492305290097443
2020-05-07,-1.9797766157053986,-0.39587049834029603,0.49614576828866225,-0.8533684948130408
2020-05-08,-1.557875950799717,-0.49243432819992855,-0.4549966724404413,-0.9931757822560207
2020-05-11,-1.5361593928532196,-0.5101864498704162,-0.44676939653657993,-0.9630273948663441
2020-05-12,-1.5113803650585702,-0.6681059135868264,0.0018613416709117334,-0.8745296941470259
2020-05-13,-1.4115110926088323,-0.7787201017291459,0.14645603205630084,-0.6982615858724545
2020-05-14,-1.3663207074303727,-0.6948758578465687,0.5301707220584115,-0.7937310438148958
2020-05-15,-1.4400986460739198,-0.6776593176544065,-0.06701293940499992,-0.7744181678374713
2020-05-18,-1.4021102591345382,-0.4231802254372158,-0.2758481628378617,-1.0105964397653662
2020-05-19,-1.2942239945208012,-0.4008084605310696,-0.10189067015362448,-0.8984101129781035
2020-05-20,-1.2168695179847229,-0.23724787919374857,-0.1014833451752918,-1.1472251607873294
2020-05-21,-1.1714400624684937,-0.2620719097594063,0.30966823668752874,-1.1562661463611714
2020-05-22,-1.1133261172701292,-0.23842684016792814,-0.10761092612085357,-1.1300106418096387
2020-05-25,-0.24775469605923453,-0.18516105130154079,-0.05085225602527182,-1.1156537604831565
2020-05-26,-1.02934245633294,0.03136237201360351,-0.04803426169901743,-1.28075322374621
2020-05-27,-0.959696326301702,0.17352287422951618,-0.06416243243526235,-1.3831448807969644
2020-05-28,-0.8213521659156614,0.10252837072858623,0.10838042181901619,-1.3302398839364216
2020-05-29,-0.7638999456865966,0.08155698359899109,-0.0738508708487732,-1.2854223259654174
2020-05-31,-0.6340558681502033,0.8526608158246681,-0.060819574462130106,0.6549610182366701
2020-06-01,-0.5852177463207194,0.020757880849095304,0.11659890372251111,-1.2641574703091127
2020-06-02,-0.5573226020718559,0.2027598920355555,0.11305398726627115,-1.313152177452497
2020-06-03,-0.19923705163459707,0.5255828292848258,0.2535058642922938,-1.4399561123084614
2020-06-04,-0.18229946867603886,0.6416129144006674,0.19892919888088145,-1.4945819837343497
2020-06-05,0.12710656733883657,0.8534204064148873,0.2934098394379523,-1.6311904644829305
2020-06-08,0.342191222255623,1.0738240458387467,0.4900544036655287,-1.6697908428398416
2020-06-09,0.3630059846293,0.9432638576614456,0.41330109779622237,-1.4897495356019386
2020-06-10,0.36055048356688457,0.7447049242646412,0.5939760950262669,-1.2444482830253718
2020-06-11,0.43867928931277855,0.564969470446674,1.06550143609524,-0.9431686274638688
2020-06-12,0.48811940511103696,0.6453587158879542,1.0897926827313984,-1.0467314543214443
2020-06-15,0.6034492860753797,0.7671875182782318,0.9568078481548665,-1.0336379430550258
2020-06-16,0.6988257587666952,0.8988573988878057,0.9727483545079607,-1.0799119013466882
2020-06-17,0.6700066467668918,0.7441570948154167,0.8520144073940069,-1.0035869413793705
2020-06-18,0.7389458897455671,0.6799002033592818,0.973584748211838,-0.9529666135927001
2020-06-19,0.7588425689721394,0.44274384762433217,0.8723991601710808,-0.8775180366618303
2020-06-22,0.8227732507579598,0.39682048824632427,0.2974436991871091,-0.8044802490546512
2020-06-23,0.8234394054221577,0.3491037512011375,0.3015060576090957,-0.767168137958853
2020-06-24,0.8352138594999196,0.22096258499402735,0.43368563501343627,-0.659500817060767
2020-06-25,0.8301190476482504,0.2632072320333923,0.8313865773046685,-0.6974907286522447
2020-06-26,0.8352325551506614,0.21164943608591466,0.5306340833431337,-0.6078164382374449
2020-06-29,0.8378387715323644,0.36761592909450724,0.32574757651806435,-0.6732018018065169
2020-06-30,1.747366010582438,0.41667676808661985,0.00949814298447215,-0.7063302742015852
2020-07-01,1.7106137499046061,0.3856961873255835,-0.1328290134469688,-0.6569898582038773
2020-07-02,1.6836280776807557,0.2840012462269559,0.20725656512703358,-0.6268336553369273
2020-07-03,1.6700176519958174,0.2437414763811612,-0.4289828148748059,-0.6235627654722949
2020-07-06,1.6426748828022264,0.09542313450356364,-0.44155528008137096,-0.6132603037727251
2020-07-07,1.620338095541997,-0.0013112456093668978,-0.3174502969425599,-0.5478950942692404
2020-07-08,1.6424238932444395,0.037327695270652834,-0.3987400491704023,-0.5391770195640256
2020-07-09,1.6191019004048952,-0.06924164654660776,0.09604368534516058,-0.3939135855341329
2020-07-10,1.5919920016446962,0.0004497193006324473,-0.18442854652851118,-0.5242292469048053
2020-07-13,1.5711183823400248,0.07522411325766652,0.30346247870358356,-0.5792041658460548
2020-07-14,1.5362069408758108,0.10824139716640771,-0.028048021596266605,-0.6611572522999641
2020-07-15,1.5117906585524472,0.12809835097546013,-0.32607697156149645,-0.7550151479027665
2020-07-16,1.496424622810526,0.18041315206091552,0.12571772124519498,-0.7631217687209775
2020-07-17,1.4740045166709101,0.28140358192939213,-0.30130409079788883,-0.7452564753591733
2020-07-20,1.4586608927749447,0.2655172401172083,-0.46700525794960474,-0.5947651836516964
2020-07-21,1.4131624147081046,0.3420991090759516,-0.17782011985411753,-0.6798972189334844
2020-07-22,1.411832730795032,0.4226717102612423,-0.3695784130011907,-0.6837463925288145
2020-07-23,1.4131274820994049,0.35043774562240976,0.24817085628782168,-0.7345299370062902
2020-07-24,1.409283695934033,0.27287752544309135,-0.28245251689908557,-0.6821219204837706
2020-07-27,1.392137412939147,0.20032187569861573,-0.3155963230141155,-0.6489193510519995
2020-07-28,1.3877435138644216,0.25105207960210135,-0.21736031893322438,-0.6640810018767151
2020-07-29,1.385938521467185,0.4181036886349068,-0.32398519579308427,-0.6623453613695593
2020-07-30,1.4031221574701553,0.26740103181168895,0.43247766751000233,-0.5582963511981177
2020-07-31,1.468437748245423,0.319765083963314,-0.2917556713017893,-0.5660155461859392
2020-08-03,1.410529999864522,0.3802859796733649,-0.373251183740587,-0.5255522981584796
2020-08-04,1.394332778967527,0.35108923398209685,-0.45463155966290614,-0.5408568932915142
2020-08-05,1.3465690047260814,0.35338360312079337,-0.340286104456914,-0.5455883767452901
2020-08-06,1.3347776653380634,0.3900236943372387,0.17079908280455255,-0.4932430549479671
2020-08-07,1.3220425407218062,0.49505777796474426,-0.3654620806059489,-0.6412575915287536
2020-08-10,1.2989939136062398,0.5869911549193934,-0.35333026908728726,-0.7260487790772462
2020-08-11,1.2715718162891383,0.6036602683920833,-0.17755834984832608,-0.7780128429811379
2020-08-12,1.31262397597906,0.6158593574648201,-0.4041241569796512,-0.7662134437959774
2020-08-13,1.2925178469327347,0.46162260557190915,-0.14639400683378623,-0.7126409464112551
2020-08-14,1.285055533215535,0.42577766262705385,-0.5347825709029665,-0.7419643143386232
2020-08-17,1.223253435860694,0.3438117364435741,-0.5708125691507279,-0.6686983392781612
2020-08-18,1.1624640347244062,0.28314057111849716,-0.563858022752052,-0.5754202043791996
2020-08-19,1.1496282084619112,0.22853468084499845,-0.5077060409628638,-0.8760022137960872
2020-08-20,1.1058980090085697,0.16895827540772304,-0.31911886292730657,-0.8075265874141953
2020-08-21,1.111863184815701,0.07278841686015039,-0.7688651298341547,-0.7514128568984465
2020-08-24,1.041753431989704,0.12015595595074144,-0.7833170103573609,-0.8055576690789443
2020-08-25,1.021209756592832,0.12085912162747714,-0.8256190083431034,-0.7618322823505062
2020-08-26,1.0000231160300035,0.07114411980484756,-0.599034352119554,-0.6499408393712878
2020-08-27,0.984082645987022,0.10441545811279257,-0.38509879688784016,-0.7454079407799477
2020-08-28,0.9443495583242396,0.10528383596882467,-0.8220069465107762,-0.741842931061074
2020-08-31,0.9850405184004974,0.0032453901839982974,-0.5012478032330617,-0.6878565676178392
2020-09-01,0.9752002682383787,0.011112137104174665,-0.4244164521177712,-0.5862456998047971
2020-09-02,0.9377148335086898,0.052653305382403696,-0.4285835034843592,-0.6681517227780972
2020-09-03,0.9213611217945269,-0.18044559755283168,0.2538536589988931,-0.7378473989693594
2020-09-04,0.9020956290658151,-0.13219600030133352,0.08826956096104539,-0.8157036801579975
2020-09-07,0.8820198406054629,-0.06333788563837794,0.06699594324917572,-0.8101194979644046
2020-09-08,0.7864357067312219,-0.026053753618919154,0.19025926771371174,-0.7887773607119517
2020-09-09,0.7783118604474243,0.03204265123321587,-0.05446906921356219,-0.7592513021582838
2020-09-10,0.7699858604819657,-0.12665809455739335,0.6044594964819656,-0.7100590618293284
2020-09-11,0.7892794138434788,-0.1519133434436595,-0.035835180219806397,-0.7741536253661779
2020-09-14,0.7726846014881493,0.018673538466523584,-0.2284859754884581,-0.8222925709318346
2020-09-15,0.7639264440923086,0.04856918703918581,-0.2597085571543033,-0.7306299375428973
2020-09-16,0.7558288662142045,0.12099055824399711,-0.2597541343753639,-0.8236940161128946
2020-09-17,0.7248621514541667,0.09350676302261883,-0.08364769573074293,-0.8416160756748081
2020-09-18,0.7263365586739048,0.06022088772280451,-0.20231064513378824,-0.8278216839757276
2020-09-21,0.7053459688359571,0.21131551438913415,0.007632177114123695,-0.6986049324804574
2020-09-22,0.7117081884225804,0.1668376191109685,-0.14241415567974108,-0.6321788526686709
2020-09-23,0.7124849578615785,0.0625458795847196,-0.017961974215011032,-0.6076077751080801
2020-09-24,0.7359909512610721,0.038142164724209573,0.5001805846237943,-0.6140058921316968
2020-09-25,0.7274370820245596,0.05107419894007608,-0.24935904823510602,-0.6130571491780648
2020-09-28,0.6999824779771849,0.15292578933345563,-0.2156900542079234,-0.6455280481095368
2020-09-29,0.7177321645982522,-0.00883675786816549,-0.18632574396239088,-0.5640721208740479
2020-09-30,0.7547992714074697,0.05612896516877915,-0.12006439714201854,-0.6332273868890159
2020-10-01,0.7497729358643497,0.024010779291600955,0.3698307955068563,-0.5695159063279062
2020-10-02,0.7479481221477403,0.07066087204952994,0.11002969258288563,-0.6727170250196448
2020-10-05,0.7237329572975507,0.2135806169869829,0.10857999343282594,-0.742350207675976
2020-10-06,0.7195088208002892,0.18531769214215055,0.2700370770238328,-0.7238202083979987
2020-10-07,0.7106899483756632,0.2572299052395284,0.16735603462301768,-0.7867798988778159
2020-10-08,0.687410179469215,0.3491577777892924,-0.005521496523613704,-0.8259745925091423
2020-10-09,0.6771147169005943,0.3377834300136752,-0.12064468441853306,-0.7799456789432806
2020-10-12,0.6395779177691893,0.3545843441800287,-0.25595085561350195,-0.7242968687511703
2020-10-13,0.6494661322567543,0.2540554299581036,-0.1270372422129286,-0.6427498278289717
2020-10-14,0.6654019798195046,0.14796446113171918,-0.15588543900087207,-0.5711357205397914
2020-10-15,0.665582112863855,0.17180355546464837,-0.17587837427933958,-0.6100633474198405
2020-10-16,0.6510477773699661,0.17882491445965742,-0.10310373031560853,-0.6380010750377809
2020-10-19,0.6363243600051871,0.030590066826230423,0.03240093889288948,-0.5981194342607155
2020-10-20,0.6351314029840702,-0.11855174175407793,0.0746024781147145,-0.6344690230479063
2020-10-21,0.6258563586554177,-0.12263085779583803,0.02905491120983848,-0.6177162442143754
2020-10-22,0.6314470143746359,0.001362861666538185,-0.20192276413505897,-0.7264617355702612
2020-10-23,0.6085957268493696,0.08797125268005301,-0.09467442896955701,-0.7086507335317666
2020-10-26,0.5682879208682676,-0.11811281617630456,0.3965970329718013,-0.5962132218086375
2020-10-27,0.5912254984056167,-0.1811553832981471,0.4147687013023458,-0.46258341412926207
2020-10-28,0.5934881187470705,-0.40148549833183816,1.0253576622093796,-0.39434468204488704
2020-10-29,0.6407863626522907,-0.38598641223006724,0.4769158391458487,-0.42471334346627027
2020-10-30,0.6642879374572012,-0.4317227834943067,0.7213038718175534,-0.5458013080578096
2020-10-31,0.7717778560618584,0.18273290387613284,0.6483656623386201,-0.025164773379827244
2020-11-02,0.7790621866417008,-0.3037535358219906,0.3967159074012542,-0.6479996773212076
2020-11-03,0.7678282406324152,-0.12563250385346253,0.1899228586270224,-0.7106443239764841
2020-11-04,0.7621822934700349,-0.11665516302975762,-0.31730067454326966,-0.5457443701959315
2020-11-05,0.7569424377108451,0.07618534633814561,-0.549862925248116,-0.5325461648209101
2020-11-06,0.7479969411313465,0.07969040433682739,-0.5796732872319029,-0.5070566817105648
2020-11-09,0.686009832437996,0.3689089475148006,-0.4612301014020082,-0.9452520293882505
2020-11-10,0.6634608580268864,0.45561543917203734,-0.4994422473339833,-1.1203090033170346
2020-11-11,0.6438048717254201,0.384614914073467,-0.751775442370149,-1.0063211724400174
2020-11-12,0.5952312698270671,0.24344163831215254,-1.5861478204454462,-0.8589497895078491
2020-11-13,0.5629258384570377,0.355737259418014,-0.7735297510719377,-0.9823592548843585
2020-11-16,0.5268315010112539,0.5290399682073266,-0.7642516912996191,-1.0828401229025584
2020-11-17,0.5332103519346123,0.48408691807720244,-0.7428335788184114,-1.0232486009488
2020-11-18,0.5316081410252068,0.3767814832044748,-0.8009059217760427,-0.9653728586891622
2020-11-19,0.5296180619697316,0.39226744022454,-1.3245149593649033,-0.9351507059173818
2020-11-20,0.5094873774655216,0.30495736435930276,-0.8492645436811365,-0.9033443938006991
2020-11-23,0.5228560422310611,0.46173920512657146,-0.9157831242704291,-1.022189663234211
2020-11-24,0.5225074219770108,0.5573445893387612,-0.9568731753328574,-1.1141288601278774
2020-11-25,0.5141111098219685,0.5249041080037427,-0.9185902175792596,-1.033136329152452
2020-11-26,0.49902943769834485,0.48399763254119244,-0.9255423815672094,-1.0227610551922635
2020-11-27,0.4712947675558037,0.5141519352023795,-1.400975353974812,-0.9513767956365897
2020-11-30,0.39478007697907264,0.38966973530027943,-0.8876994423314807,-0.8367664519623125
2020-12-01,0.37032775348767794,0.5641824952210569,-0.882972357914445,-0.8818844822578139
2020-12-02,0.3441824729800381,0.5917323885537075,-0.9263323938796297,-0.9336398290406999
2020-12-03,0.33971184390337217,0.5964331769466645,-1.559807230427187,-0.9210929058529548
2020-12-04,0.3172925790858168,0.6722920317392072,-0.93786563569608,-0.9955100195258854
2020-12-07,0.2948446925558288,0.5550375747030086,-0.842042953658905,-0.9169007472680529
2020-12-08,0.24510137967619877,0.607756443539848,-1.1062054860624957,-0.90962311872749
2020-12-09,0.23671902674461612,0.5705352818453914,-0.9662972815288469,-0.9777343874306619
2020-12-10,0.23554186876285488,0.4744605264266366,-1.4705202478462418,-0.9589313270171718
2020-12-11,0.261251232567065,0.42413230651721046,-0.937650047477581,-0.9110682983147955
2020-12-14,0.24718759725127248,0.33426210434882625,-0.7709595534034074,-0.7891913162287941
2020-12-15,0.2324644039676813,0.5167096815384304,-0.9577501601640942,-0.8342370793126547
2020-12-16,0.19987662129627506,0.3522484018245148,-1.1546690180899015,-0.7661065935242382
2020-12-17,0.18914543340389944,0.45023569319075124,-1.5512424263120717,-0.7766731136702737
2020-12-18,0.18499904863097827,0.410551230970276,-1.2382684908377044,-0.7394274160946691
2020-12-21,0.08451931909856873,0.3710621976338739,-0.8189504813746371,-1.0915078130280929
2020-12-22,0.07494230703274478,0.3184586321745963,-0.9375578622640843,-0.9907488634542836
2020-12-23,0.022943757869288116,0.3901901241127687,-1.089229068438109,-1.0749910200969046
2020-12-24,0.013368376061949112,0.3902084777317057,-1.6784753398588845,-1.0418337682102172
2020-12-25,-0.20473756132968066,0.3854601980193178,-1.2268456238468306,-1.032837093473027
2020-12-28,-0.008519842303813693,0.42049088536387724,-1.1344436729259246,-0.9989932371212085
2020-12-29,0.0011949278091857864,0.37801059757337435,-0.9326405091830411,-0.9926414218789932
2020-12-30,-0.0011039478979929889,0.39067506638074057,-0.9817380294949123,-1.0190989568892177
2020-12-31,0.29964992334267093,0.4741828578651726,-1.4676361870226202,-1.0371127261257358
2021-01-01,-0.2372011197509665,0.4613311753528629,-1.0962580894617557,-1.027737921324014
2021-01-04,0.293219765374492,0.14006709268172668,-0.5689339305676618,-0.9457335243680337
2021-01-05,0.31327536117586935,0.1722874605127309,-0.8205215169835691,-0.9751085442243813
2021-01-06,0.2955914188824782,0.40617813599006447,-0.9091056881508365,-1.2681299465098201
2021-01-07,0.2968052085128765,0.5498121634254052,-1.3156152739227291,-1.2174559008475407
2021-01-08,0.2916273296900788,0.6127875451272711,-1.0126238398585339,-1.2172845209590204
2021-01-11,0.22176564673703208,0.6227631575846605,-0.6478544223937452,-1.2896670647514707
2021-01-12,0.20406453743880698,0.6492490600689612,-0.8719172214274024,-1.3155325789516281
2021-01-13,0.19614206960877775,0.7507520417919055,-0.9588781811397685,-1.2429421690285245
2021-01-14,0.16174415117158825,0.7665550669328082,-0.7870917799449312,-1.336076330867144
2021-01-15,0.1964804557212461,0.5633660752963624,-0.6644434452439635,-1.1519144470040275
2021-01-18,0.17842663814893256,0.560912083923182,-0.6567531014290648,-1.1397088568166756
2021-01-19,0.25672422496761255,0.661908655859547,-0.8701291983057433,-1.0335376860622798
2021-01-20,0.24501812553512695,0.6973841521157098,-1.165523685591933,-0.8941273827114985
2021-01-21,0.29003669052614395,0.5997891000396343,-1.1628471227900623,-0.8110640956069441
2021-01-22,0.33094595831289386,0.4794782896179025,-1.0854893143291404,-0.7356331706761977
2021-01-25,0.2929764236540576,0.5408321355658535,-0.9163173431434684,-0.6455496215006585
2021-01-26,0.2749358512147862,0.45753111987508516,-0.9116713513794932,-0.6777394221147783
2021-01-27,0.17792388009738183,0.12651715849075257,0.7885602495671015,-0.8043100899217968
2021-01-28,0.13656951956976043,0.1909679535743668,-0.13492681512583593,-0.8660172225674657
2021-01-29,0.14918422065613518,-0.059353830654552464,0.417893111458155,-0.8224566152321907
2021-01-31,0.26136265445601004,-0.30928229296119597,0.3745581616722964,-0.7455453714338939
2021-02-01,0.16344057557268407,0.007436404056719361,-0.13760002946344468,-0.7852997065788827
2021-02-02,-0.05214387619468051,0.12704648895364587,-0.6058672853064502,-1.0253427339741863
2021-02-03,-0.08006555218373847,0.1753946390071082,-0.8238631366894061,-1.0444611040071123
2021-02-04,-0.16183171058583684,0.2709171379455244,-0.7879982736098455,-1.1617268932459974
2021-02-05,-0.17062003445091742,0.28114900655368047,-1.0301857466928408,-1.1713436741793555
2021-02-08,-0.2644489844523638,0.4371346224508161,-0.9703453287614503,-1.2375841670597767
2021-02-09,-0.31604353567608273,0.47141322514982276,-1.0112768397194067,-1.2807051217335426
2021-02-10,-0.36102936075140957,0.5320294716563753,-0.984410984775294,-1.2638975920771747
2021-02-11,-0.38790912291767427,0.61898726481626,-1.3886978154739056,-1.252895586739346
2021-02-12,-0.4199311921451992,0.7596968289732358,-1.1391092550127953,-1.2833775111627201
2021-02-15,-0.4619518466992085,0.9569097435189975,-1.1414034896352958,-1.2691825987943735
2021-02-16,-0.4795150848946908,1.070165833581633,-1.0371006365024231,-1.3854231631690492
2021-02-17,-0.379157054790332,0.8845182184192504,-1.1517466418812263,-1.4037896795796458
2021-02-18,-0.3713240946732275,0.8629360434669934,-1.4767597698042207,0.9248567141632306
2021-02-19,-0.3647216224805728,0.6252779356819297,-1.0646273092389809,0.8475149698089894
2021-02-22,-0.3925871444453968,0.8052174385367343,-0.835618199080105,0.8532227070343847
2021-02-23,1.2564931418100453,0.9226635184460825,-0.7833288839852632,0.7195055330691041
2021-02-24,1.255862148380124,1.5073226200779875,-0.9901398620605691,0.6411928195704206
2021-02-25,1.2646863392979732,0.84286757510393,-0.9193821999797797,-0.9404520856519308
2021-02-26,1.2419177693334207,0.9820230402318513,-0.2640744220478806,-0.6515076715951309
2021-02-28,0.17215824104723676,-0.3057820675252522,-0.2610414324558626,-2.158714900804998
2021-03-01,1.1591764052773776,1.6057375477965907,-0.8776870798804982,-0.694689392339846
2021-03-02,1.121562672541318,1.1815117671106414,-0.8059880502838119,-0.6566639488029018
2021-03-03,1.0621811616646686,1.3933521773039044,-0.5230314001635813,-0.8078549578471311
2021-03-04,1.048006564405939,1.1912019929605961,-0.6677008433245419,-0.8515780963992414
2021-03-05,1.0190510096977636,1.3732455263411678,-0.6598198621873883,-0.977249901394145
2021-03-08,1.024965604939376,1.344637447266873,-0.6556075727925055,-1.2118929670616425
2021-03-09,0.9897895175574395,1.3006660511720616,-0.7150000096247753,-0.9857140336030522
2021-03-10,0.928424602691097,1.43360892332969,-0.9679189677950827,-1.0313293105844605
2021-03-11,0.8936693609253219,1.4743706434344475,-1.5959634759036316,-0.9001155458651457
2021-03-12,0.8993189298944179,1.489557093571403,-1.2192918367354848,-1.1166638524495458
2021-03-15,0.8813470985404201,1.4346875571484623,-1.283946523253036,-1.0510332277659924
2021-03-16,0.7195447268325922,1.405220328713901,-1.3177513099719267,-0.9175451206877535
2021-03-17,0.669257416953298,1.3423226801764532,-1.3357507832043782,-0.9428657957630576
2021-03-18,0.7141392003274835,1.316092857893214,-1.6857699584995622,-1.1139348823232338
2021-03-19,0.7022603991890315,1.30599749673162,-1.0797029863331866,-1.0194681332938664
2021-03-22,0.685937595720393,1.182663635748162,-1.3861270301649673,-0.8832226009352984
2021-03-23,0.6403531937064283,0.9720385915764194,-1.1800220480130368,-0.7463747881762386
2021-03-24,-0.14149729647859052,0.7761139468984328,-1.0997008541362852,-0.7779142821310367
2021-03-25,-0.14220780301876493,0.9369325076842016,-1.7206994705999437,-0.8893281795321181
2021-03-26,-0.1567525346823521,0.9050581556732561,-1.2929901320904704,-0.9814006411108083
2021-03-29,-0.1783275188752131,0.747576414329078,-1.0565799222418926,-0.9771864956364205
2021-03-30,-0.14989360793447135,0.7588344123269155,-1.172938009884369,-0.9960373933715383
2021-03-31,0.49583211504788716,0.834115270334743,-1.1098989717791183,-0.8686459417969111
2021-04-01,0.5064981114832888,0.9365793892246946,-1.4988159735217257,-0.8056221901703323
2021-04-02,-0.20843907310328147,1.0283938801425063,-1.119948020417169,-0.796837059557312
2021-04-05,0.5021184890897894,1.0723163696997309,-1.1723271029895321,-0.8019636528488082
2021-04-06,0.4826095145529419,0.9608587966162193,-1.1490231845144896,-0.7584259550361097
2021-04-07,0.45695560751861986,1.0336237831399189,-1.199355649054297,-0.6988510734438159
2021-04-08,0.43870471584450865,1.1037782622805996,-1.910285797925567,-0.5693017418595361
2021-04-09,0.39002020266790083,1.0694470528184437,-1.0643523411378935,-0.6213368123320715
2021-04-12,0.36367750782747954,1.0958416261633075,-1.0553705812125456,-0.6057519701524278
2021-04-13,0.36250954959002185,0.9250482425913793,-1.07489510735688,-0.45701848862429995
2021-04-14,0.34403050092777043,0.877800924403232,-1.115672404015538,-0.4954543259327639
2021-04-15,0.3564528377707593,0.9470318960561628,-1.6603498657085518,-0.29415973870153905
2021-04-16,0.3468860595265141,0.8762482391177072,-1.1308435415711087,-0.31404266825365446
2021-04-19,0.3247815490516457,0.821316953372828,-0.997198565028838,-0.3232712271421064
2021-04-20,0.2998496399734601,0.8113451186339103,-0.8014465429928459,-0.22994052127367176
2021-04-21,0.2728080301813157,0.9744217016151758,-1.0090962444157978,-0.29200278430305376
2021-04-22,0.26549902404070663,0.8766505752919417,-1.4478708831859872,-0.2562304350324429
2021-04-23,0.3413714091314581,1.0824267657823368,-0.9875266489656795,-0.26593335846420807
2021-04-26,0.3059348997431507,1.0982080920930004,-0.9289133363657796,-0.20027733435767392
2021-04-27,0.3245994601815892,0.9681020201187783,-0.9274978209097058,-0.2787385542694371
2021-04-28,0.36223127963216123,1.042018682492304,-0.9425673630258985,-0.5025042990443317
2021-04-29,0.3384249127239914,1.1009895388606161,-1.091976800277115,-0.6546304756782904
2021-04-30,0.32625605656169615,0.9655709387320219,-1.0288170272790391,-0.6558729764629414
2021-05-03,0.25061201545884376,0.9617239344068139,-1.0076921381784518,-0.6848322569297873
2021-05-04,0.23979305242037585,0.9003098036596131,-0.783417770634214,-0.7297274838277333
2021-05-05,0.22460019666114558,0.7652725346128744,-0.8947372175020312,-0.6806369336275985
2021-05-06,0.22364171383854536,0.8585059532194073,-1.2855977694757874,-0.735764894874555
2021-05-07,0.19801897118051848,0.8772653739075115,-1.2279937189662369,-0.7625797920476813
2021-05-10,0.11021036442857875,0.8449866132948063,-0.8268422815441393,-0.4163865079604814
2021-05-11,0.09555280827714287,0.5844552178606122,-0.5219873414047076,-0.27639476914044875
2021-05-12,0.2057972961753828,0.3421021112446927,0.0018045523637133427,-0.25634553933240367
2021-05-13,0.17550522214788755,0.4240733331118041,-0.423049211164323,-0.338238528768586
2021-05-14,0.0543225589080715,0.48477312913427395,-0.8057269842963631,-0.34565538013905667
2021-05-17,-0.019366703721749562,0.504876795573142,-0.7082580497202273,-0.33697742268089365
2021-05-18,-0.06791400120718265,0.3934979584053644,-0.5431217545125535,-0.26745338038222655
2021-05-19,-0.061137740100411286,0.332184059341043,-0.5343075340795665,-0.26644455310741527
2021-05-20,-0.07887070097849676,0.3494852567857362,-0.6935379857569955,-0.2666971934368145
2021-05-21,-0.1991308958766854,0.26475207938193784,-0.7624993441516531,-0.32784109101527836
2021-05-24,-0.22577306411733947,0.34941667526958176,-0.9154490348403664,-0.2705839117164219
2021-05-25,-0.2620812726949213,0.2023243394327075,-0.87423908782244,-0.1487065304710818
2021-05-26,-0.27662014233970256,0.2074434203739659,-1.1574937479860792,-0.20755247660413115
2021-05-27,-0.32965322039305023,0.2361669358806809,-1.1263966918663861,-0.309947535331506
2021-05-28,-0.3377929969220769,0.34565537079951014,-1.3915306318372667,-0.26262127886447784
2021-05-31,-0.14958619164737177,0.5982474380546551,-1.3467193107361222,-0.2548383940845756
2021-06-01,-0.15353723062412541,0.652709526491438,-1.0160498855410849,-0.335887497495433
2021-06-02,-0.16277352602649725,0.549133365418596,-1.0597446092919214,-0.33430376893078717
2021-06-03,-0.15181859265868367,0.46201436033369997,-1.2468210033902696,-0.43996004943773087
2021-06-04,-0.16988457561120485,0.571318874839424,-1.0968632034732009,-0.33975172155316063
2021-06-07,-0.1560350582722485,0.39988277098547914,-1.2206855403354369,-0.30139282052488126
2021-06-08,-0.22608454142418197,0.4105128649223319,-1.1173984939780683,-0.2663055621181656
2021-06-09,-0.22034523616843976,0.2881309722035327,-0.987284363671182,-0.2051672682456326
2021-06-10,-0.17793016604074216,0.27428743229974734,-1.3421281206605613,-0.06777155310845796
2021-06-11,-0.06988355612709611,0.48671534202822786,-1.3495021439022932,-0.14484011852216758
2021-06-14,-0.03221809291382997,0.2763668442682855,-1.331451189066964,0.003612464554488131
2021-06-15,-0.06402958562043991,0.4223667698575688,-1.2082733815864146,-0.01644710745196784
2021-06-16,-0.08204291534879457,0.22371468064662173,-1.006046373624621,-0.0656182682402723
2021-06-17,-0.09309594472916041,0.08559809869620891,-1.0927808488113588,0.18788310035670974
2021-06-18,-0.08898068023475644,-0.06132859172698816,-0.5071253655687905,0.44862398063054154
2021-06-21,-0.09228991050039048,0.26095876862141376,-0.9670943643278487,0.21030970457641845
2021-06-22,-0.10634604450569529,0.21435143179853586,-1.126070463209673,0.36775071649035984
2021-06-23,-0.2029929299850577,0.06490599484845445,-1.0381744560665325,0.41212762487311627
2021-06-24,-0.2192342415661042,0.24551921771017088,-1.2316801940815851,0.3059300658241393
2021-06-25,-0.25410281097069265,0.3673025056287536,-1.282444694816438,0.17950917672081787
2021-06-28,-0.2855022318158562,0.27475136412352946,-1.2120590542529295,0.3914001862563718
2021-06-29,-0.27438739873716345,0.10164399960279076,-1.2278604385501684,0.4461446433548949
2021-06-30,-0.43824263305453437,0.14655075701919568,-1.2018089633098714,0.4299740236359873
2021-07-01,-0.46201903820831824,0.14589685317783527,-1.4076387388245613,0.3695812888801156
2021-07-02,-0.4595630717548887,0.16137365404506956,-1.1386470066902257,0.44861211018514563
2021-07-05,-0.47871968359608497,0.15401978488290222,-1.1368177482303696,0.4433772364892209
2021-07-06,-0.5232301630571273,-0.06794928797013032,-0.9135058579145218,0.7144701469167499
2021-07-07,-0.5158666205458745,-0.06405268822212334,-0.9012537495527005,0.7269549627523642
2021-07-08,-0.6160002632981574,-0.3364387690174508,-0.7227100790635006,0.7914006280783926
2021-07-09,-0.6362968469277668,-0.09662784843703943,-0.988204962147264,0.5738658976280375
2021-07-12,-0.6608084370299223,-0.08222556286448889,-1.0439092243611383,0.5984113732733393
2021-07-13,-0.5386660708198583,-0.2274688670986216,-0.8926046980044969,0.7390691247179899
2021-07-14,-0.5150263869602104,-0.25359833435859364,-0.9385602332903742,0.8527224226470083
2021-07-15,-0.48154962108890736,-0.30430530742390743,-0.6930724091419531,0.9170360633332028
2021-07-16,-0.5157248723336518,-0.4834079768524799,-0.6152539035095617,1.01131544375796
2021-07-19,-0.5050629954727215,-0.830514569303882,-0.2430001974125147,1.2618562249573546
2021-07-20,-0.523588362266581,-0.4921251275510303,-0.5345851102091711,1.06575028895402
2021-07-21,-0.5339236421765777,-0.3518162793946032,-0.7495924986742394,0.9032151024309342
2021-07-22,-0.5094217221396062,-0.4182802638175778,-0.3315651467990572,1.0784321540354853
2021-07-23,-0.5406302975111215,-0.36723089638171597,-0.8992307610610685,1.1527055000226183
2021-07-26,-0.6097340877918983,-0.3585351301238768,-0.7527781026011516,1.1782395489727877
2021-07-27,-0.5300931532652439,-0.47557254140250477,-0.5224941389877426,0.9687929797989505
2021-07-28,-0.4641619302142461,-0.4855031875704992,-0.6496235105951651,0.9486251266628151
2021-07-29,-0.5655039191926194,-0.41011521251153754,-0.6372236973609642,0.8646774391444538
2021-07-30,-0.5049447686456233,-0.5158528150283941,-0.6875481524895256,0.9073807166536322
2021-07-31,-0.5161933566916663,-1.2285460470834886,-0.6873391232438625,-0.9223463757388436
2021-08-02,-0.24458270248334688,-0.5658308738063469,-0.5360099623551758,0.9729240936336323
2021-08-03,-0.2239915957779735,-0.49142344483131806,-0.6701095865049923,0.9257480679116711
2021-08-04,-0.1637881647901889,-0.6789650653543998,-0.6474254693123059,1.051935307384644
2021-08-05,-0.1634684562638531,-0.4683303389668158,-0.3467485304686017,0.9013213714278225
2021-08-06,-0.16640910660342872,-0.31003506238657164,-0.7165515536765511,0.7244121068827616
2021-08-09,-0.3155191632852055,-0.2770714268757619,-0.6847360401507655,1.4230448864300418
2021-08-10,-0.3248579341778896,-0.2998163814769287,-0.7057865132708802,1.2709864841977714
2021-08-11,-0.34643554364332946,-0.30053591668313767,-0.8740325490451828,1.2075225841961
2021-08-12,-0.37029355737415715,-0.21836699260028578,-0.6325325174016578,1.2196842477945928
2021-08-13,-0.4808677029952445,-0.11694880251248677,-0.9449052851502023,1.2687837737806424
2021-08-16,-0.508496531972918,-0.09776714387615808,-0.7321304181185845,1.2991801462714867
2021-08-17,-0.49862642533461693,-0.35252260203663827,-0.495554230327224,1.28534078365216
2021-08-18,-0.9013451104522681,-0.6501029740886094,-0.07780811613273073,1.3206759901653193
2021-08-19,-0.9065706578479853,-0.723253150915345,0.250306244789084,1.4005557734707375
2021-08-20,-0.8980223591852116,-0.6584768987650184,-0.5130260815803933,1.3138637549880257
2021-08-23,-0.9553685405704748,-0.4369631268475344,-0.7432894668554056,1.2771745329140463
2021-08-24,-0.9799361885322891,-0.3735267909723157,-0.6786058815005186,1.1982138317892428
2021-08-25,-1.023172390974015,-0.29115139432262993,-0.778053318565678,1.120231330315676
2021-08-26,-1.0200631925119001,-0.39060162904619616,-0.32576894747150636,1.2926678193221122
2021-08-27,-1.0389178879526049,-0.20351301333631966,-0.8172328258058444,1.3010188560653573
2021-08-30,-1.044693851075071,-0.18824525342516008,-0.7184191439332486,1.4042901378622472
2021-08-31,-1.2803270982891914,-0.21792753102695278,-0.6437460321049848,1.3129103960226305
2021-09-01,-1.2514851006830086,-0.29280254094100955,-0.650653345310918,1.336798093199084
2021-09-02,-1.2385477153428082,-0.16530778203748067,-0.5380088371798247,1.22655072234088
2021-09-03,-1.2437129065758354,-0.2974436768040805,-0.7805185961489716,1.2548813023106304
2021-09-06,-1.2483487241704956,-0.2956657088002892,-0.79236159592728,1.2360352239359906
2021-09-07,-1.2577589304218053,-0.4567802388654894,-0.4386613691026304,1.3115669574870823
2021-09-08,-1.3224894098038336,-0.3266215966783544,-0.38832685042378645,1.3421587575297806
2021-09-09,-1.3067597770274308,-0.36782266354383836,-0.24870224135264282,1.3996307183306573
2021-09-10,-1.2867901399188844,-0.4203403210414096,0.020208659004094947,1.42642989338918
2021-09-13,-1.2473157676262352,-0.22782362640891182,-0.11510377808904107,1.281949251517433
2021-09-14,-1.2945673792687014,-0.34836188689235414,-0.023468517396918794,1.349732345028371
2021-09-15,-1.2521882241544664,-0.12348987990557958,-0.33566654035440957,1.1731455284376346
2021-09-16,-1.188116664611503,-0.20995117612811903,0.6630404514149425,1.1875352766673346
2021-09-17,-1.1774685407874022,-0.3758521964884304,0.07102705465371434,1.177283235127337
2021-09-20,-1.114898956296692,-0.9377381706433515,0.833387117248737,1.3071731364286905
2021-09-21,-1.0460764977188215,-1.0152337977858137,0.6652731292313062,1.3181992484329412
2021-09-22,-1.0287454923876649,-0.7966093909917024,0.17145457820580703,1.2157499285116684
2021-09-23,-1.0518653475745845,-0.4578822449840133,0.4384095533027098,0.9446222785998124
2021-09-24,-1.0582350385398849,-0.498527843425079,-0.29947182390314653,0.8619867008803881
2021-09-27,-1.0406136237432668,-0.5092452601382881,-0.1754159904014345,0.7038319332870678
2021-09-28,-1.0679184708332583,-0.8503564615862471,0.4663290417328126,0.7556485651996888
2021-09-29,-1.054818327768076,-0.8261347472954674,0.43103326561235367,0.6483156452154129
2021-09-30,-0.8879257805820839,-1.1042426577544606,1.1538000771811414,0.9028738260480595
2021-10-01,-0.8321353365446514,-0.7578681830880073,0.3264602990771133,0.8325895260765775
2021-10-04,-0.8122019613834663,-0.8836375274527228,0.6646947186815686,0.7774749183290414
2021-10-05,-0.7922443018454434,-0.764304933001149,0.35160281405970023,0.7359419342919035
2021-10-06,-0.7842788007257835,-0.7735391510820309,0.3211851042398631,0.7299325530275418
2021-10-07,-0.7914557104990353,-0.6488947160018864,0.73169858620559,0.6255437790944944
2021-10-08,-0.8333187748353901,-0.6411037562247275,-0.12120353835232449,0.60168896594859
2021-10-11,-0.8608987614741804,-0.8415935160228459,0.06953846077820529,0.7148707613299706
2021-10-12,-0.8528245039913909,-0.9429308427473805,0.042380510651375186,0.7674467963314794
2021-10-13,-0.8177920851466428,-0.7417353030338117,-0.07588802718887804,0.9028221866236881
2021-10-14,-0.7979002594373263,-0.26994132966178197,-0.261489736244323,0.7795528121561115
2021-10-15,-0.80851153232816,-0.14648110185555144,-0.6580752902001757,0.6866332895513654
2021-10-18,-0.856667671271192,-0.2957431202897836,-0.5598916579918007,0.8110974610977743
2021-10-19,-0.8891538285935195,0.02943736984151911,-0.565556766857006,0.6487480780077761
2021-10-20,-0.8889099179677552,0.03014556442013379,-0.5963902549739162,0.5619773906964294
2021-10-21,-0.8947497702984873,-0.14168745255527337,-0.9001241097090926,0.6853525139163421
2021-10-22,-0.879656812823757,-0.20201323155709372,-0.5851813514791496,0.6302887097156
2021-10-25,-0.8552065424956979,-0.19703402439628329,-0.6575288440412622,0.7000093607682453
2021-10-26,-0.7896321764908388,-0.18594695674282774,-0.4845064661627909,0.7518701569345305
2021-10-27,-0.761761378033231,-0.7062096557054932,-0.2813032084938622,1.1162731463543198
2021-10-28,-0.784984899790054,-0.5936337332986394,-0.4462447068374553,0.902351844923417
2021-10-29,-0.7680260228136567,-0.6701023078525359,-0.5847416915763017,0.9730109207236494
2021-10-31,0.0590930863635321,-1.0331004222013578,-0.5853333539087335,-0.9375283748583633
2021-11-01,-0.26124173228159026,-0.4822320074043791,-0.5019481476578183,0.8332183102041659
2021-11-02,-0.2555129679251939,-0.5368628269796366,-0.5357140663052007,0.8491755769279613
2021-11-03,-0.17618101585832316,-0.45992708384407643,-0.6982169426646827,0.7824372491374165
2021-11-04,-0.17248804062715323,-0.5160978467401751,-0.7060395954431379,1.0585081118106825
2021-11-05,-0.1677833852527185,-0.26713028262966776,-0.3212261820287942,0.9845650568613104
2021-11-08,-0.030978484777839838,-0.3084166043842133,-0.260869506516304,1.3915448342707224
2021-11-09,-0.0360911325036592,-0.356944965515083,-0.02891818281997154,1.4468684427946041
2021-11-10,0.008815152075170219,-0.5496384793903483,-7.59688577614005e-05,1.3610810426255664
2021-11-11,0.011664560115489464,-0.715385861586105,-0.6635050130869988,1.3741952898601493
2021-11-12,-0.06347837780726308,-0.5913305951552171,-0.3436610671803985,1.3858096817028573
2021-11-15,-0.05807706529176032,-0.5033696116521186,-0.2517104076994948,1.3245854241154542
2021-11-16,0.003974106214677743,-0.6196381493564566,-0.21573596424642932,1.3487937019000968
2021-11-17,-0.00858958338527885,-0.809953015864615,-0.2216556609972025,1.4118772827868604
2021-11-18,0.03705014476312502,-0.972368433697691,-0.2632914261538852,1.5621775042865313
2021-11-19,0.04619483400181609,-1.2261469083925214,-0.2633287052576978,1.6949335614724799
2021-11-22,0.06404658141615178,-1.1186864629531121,-0.0902200573309614,1.3493854080109529
2021-11-23,0.025168215160514273,-1.0689058456933491,-0.10643002292179066,1.1203938395971667
2021-11-24,-0.023114898789993153,-1.0492959358091463,0.23146288997419548,1.1443883627582552
2021-11-25,-0.03022986235051712,-1.0692929486559337,-0.25954591239978503,1.125610466978921
2021-11-26,-0.015755832918440082,-1.8402496875618248,1.2276166528293868,1.5194214366952148
2021-11-29,-0.017406121369350953,-1.548892436189766,0.3783738007453301,1.4649815738923022
2021-11-30,-0.10321284628514099,-1.967738038340239,0.9438642073227101,1.758065586389714
2021-12-01,-0.118119280836331,-2.0291082352211145,1.3849392475996594,1.7963993129017122
2021-12-02,-0.13333510757633413,-1.6338829663250665,1.7621266911152613,1.4269096190348274
2021-12-03,-0.045681521433383075,-1.6620410382200095,1.4064439221660519,1.4382204460143002
2021-12-06,-0.0629440834068824,-1.308395389161854,0.8762612626504682,1.2035917489157322
2021-12-07,-0.0849938467119581,-0.893693874815585,0.11191706684154039,1.0805828578572443
2021-12-08,0.03128053935125493,-0.8148739997011917,-0.19836862606009623,1.098261533275943
2021-12-09,0.042344468529034784,-0.895007552281982,0.47487798395651254,1.0637088778177497
2021-12-10,0.06873605925859026,-0.7120644085525337,-0.21965573506689465,0.9161556263327486
2021-12-13,0.06246016571705926,-0.8898432318500008,0.05809921959099058,1.0128945784933998
2021-12-14,0.04692696895273986,-0.8996949975774858,0.5397557048001449,0.9310231012011365
2021-12-15,0.023933658824388963,-0.4479774535121291,0.10798292493749798,0.8125915392145717
2021-12-16,-0.0033965157211555087,-0.2571584395131506,1.1688239544557653,0.6719020760340635
2021-12-17,-0.008237207632035476,-0.5882440511840294,0.6264735170709875,0.909504152961876
2021-12-20,-0.004700813339992943,-0.9272249410634595,0.862767285509914,-0.4045992161747934
2021-12-21,-0.019759593373570895,-0.6098889498925386,0.520388545126445,-0.5082473461939221
2021-12-22,0.0010009070547747029,-0.30573478368808416,0.019248808477557104,-0.4817827342537075
2021-12-23,-0.033063786558874,-0.19380048423243693,0.30999620029564406,-0.5820658332531092
2021-12-24,-0.03981186022144798,-0.22744856220275148,-0.2592451868157079,-0.5776374948233782
2021-12-27,-0.05639591064892903,0.18745161190468335,-0.14456526571426556,-0.5802281259952825
2021-12-28,-0.07276840612904838,0.23080117872887249,-0.33822993881986757,-0.6419998312127752
2021-12-29,-0.10845282387879882,0.3238164679194401,-0.44597209149121086,-0.7010208241120041
2021-12-30,-0.11417339709478863,0.3282323932777958,-0.17139668930874505,-0.6062827899511994
2021-12-31,-1.2802176222219996,0.2832976189057444,-0.34284900974451055,-0.6419424404887356
2022-01-03,-1.288698184916359,0.3600542091110104,-0.4022061460569935,-0.7493435999410729
2022-01-04,-1.2941402824939792,0.4468825170944554,-0.44249003881301896,-0.9818690234225234
2022-01-05,-1.2560800357178994,0.03770310077148921,0.0188329322591831,-1.1056203073513262
2022-01-06,-1.311871965730282,0.11369230073597965,0.46862857383393375,-1.2220948038982482
2022-01-07,-1.2956694477058006,0.10099373190933532,-0.016503651882445205,-1.284402293908105
2022-01-10,-1.2943421561951867,-0.08911250163506775,0.03720331099274627,-1.2426417701861712
2022-01-11,-1.2925827301894828,0.04879681966060573,-0.07223706632214454,-1.1785989640118022
2022-01-12,-1.2173162407740874,0.06618892453629155,-0.11563567765612374,-1.201152520161929
2022-01-13,-1.24815125238037,-0.15269181054852013,1.155807986934392,-1.2731581748134586
2022-01-14,-1.3226425182978174,-0.1275447391487939,0.08299143472983933,-1.2925027251663572
2022-01-17,-1.287364597960892,-0.23586973466424888,0.10871426908723676,-1.2736781565753408
2022-01-18,-1.3621723141333433,-0.5771289920232714,0.7589766959773142,-1.2655954032075039
2022-01-19,-1.270966675526483,-0.9268226930737794,0.6217100230944052,-0.7025922300441388
2022-01-20,-1.2687574249602618,-1.3196861315838153,2.2012940703454316,-1.1762227281197484
2022-01-21,-1.26902246396341,-1.6305479941582288,1.3280033108946376,-0.9907560696817469
2022-01-24,-1.4119255021773554,-1.604174800039631,1.5340201554304975,-0.9698372388759662
2022-01-25,-1.359143821145767,-1.7266512396176323,1.6872046889069092,-1.0338563523021114
2022-01-26,-1.3403363179781609,-1.8442345534739422,1.7181888037556277,-1.0512772568250894
2022-01-27,-1.2123460754643023,-2.0675188386508068,2.592715468171188,-1.0361411263280453
2022-01-28,-1.2222211504726004,-1.6417979232508657,1.0496533513503143,-1.0030544287092884
2022-01-31,-1.5348512157617966,-1.4285467251061408,0.6179288535413553,-1.057379717408394
2022-02-01,-1.543672101264306,-1.1935281177880637,0.1548437466610707,-1.1186659209404153
2022-02-02,-1.543487953429741,-1.208726008704916,0.13091362295255862,-1.1346554541172744
2022-02-03,-1.5249728541589775,-1.5623173547867237,1.3097527790630885,-1.1549196786703053
2022-02-04,-1.534828670011679,-1.6377825857162835,0.1350308866030235,-1.2506388423193586
2022-02-07,-1.531647216570688,-1.5206341968371395,0.30267564110529444,-1.3022755832101007
2022-02-08,-1.5722778022193573,-1.3166232350381215,-0.10355112756555482,-1.3830810030823983
2022-02-09,-1.5494495492280322,-1.0701339960650935,-0.3643224122765654,-1.3792626921937952
2022-02-10,-1.5149020305956258,-1.5538106722774598,0.6673769599637156,-1.4086947365197788
2022-02-11,-1.4576845179009872,-1.8466615253314587,0.6344203580401158,-1.2768324919365395
2022-02-14,-1.4781348942730979,-1.7931697444923986,0.7403442732767709,-1.1800095353131037
2022-02-15,-1.484684590244782,-1.4126525987815983,0.3458486068558845,-1.3339928655078492
2022-02-16,-1.3345410172800845,-1.3652337406222885,0.18832241492356505,0.23759790701653083
2022-02-17,-1.316292233627573,-1.7144664049970637,1.9807197265965137,0.328162542161435
2022-02-18,-1.2766667270470073,-1.8308992946240659,1.022879027871711,0.38658095281825167
2022-02-21,-1.2463316916435316,-1.6917027724074103,1.0550394666411136,0.3827678569240443
2022-02-22,-0.29256454591166176,-1.8765344648563858,1.1290019593058715,0.90531268975625
2022-02-23,-0.33477230422873877,-1.8959765378779028,1.5928071528372139,1.1337302672054597
2022-02-24,-0.3164828220048632,-1.9785228360825884,2.6230601413157193,0.6504128668580486
2022-02-25,-0.22502975290371696,-1.0423490552729102,1.1825853466611158,0.14152031218585862
2022-02-28,-0.5212990518182998,-1.2050363313504275,1.491029841484767,0.48038495618881727
2022-03-01,-0.5155218062527455,-1.8318705135546112,1.8538563635658256,0.888330736933749
2022-03-02,-0.4429285203241322,-1.4505916826377796,1.3865858197217764,0.49725537382504414
2022-03-03,-0.4384342068710028,-1.5699646872151611,1.7066214317932378,0.4056166950829693
2022-03-04,-0.305644813581874,-1.8971184548516635,1.4740333543734185,0.5179277551956201
2022-03-07,-0.29447434563524394,-2.325215874772443,2.041001655598071,0.9453356935293917
2022-03-08,-0.27442692058853263,-2.2914587715366235,1.9014052595644726,1.1773028209868681
2022-03-09,-0.23793650393325647,-1.8841925401325288,1.6187888773737493,0.8015326293955805
2022-03-10,-0.23403023453062924,-1.9108758893997422,1.990242345522367,0.8128189942479261
2022-03-11,-0.24012009894982836,-1.981936316850544,1.395512053231473,1.0411205806843582
2022-03-14,-0.22055752812506876,-2.0209297120654957,1.4388371863793752,0.8464294133987617
2022-03-15,-0.23771542077128002,-1.7867130894719085,1.2068188899613366,0.5171732232343618
2022-03-16,-0.26692395528330076,-1.2275091542473973,0.9638504208475355,0.21188686182780647
2022-03-17,-0.25066100131082353,-0.7845476593079564,2.0451038811841693,0.17066351787006254
2022-03-18,-0.22847855875104953,-0.6389714593846975,0.8554875446543762,0.20720001040621364
2022-03-21,-0.2071502933685629,-0.9162420743131477,0.56229243221617,0.06711025599275917
2022-03-22,-0.18455021580651748,-0.7524956321373774,0.3419608771558285,-0.015163362519814802
2022-03-23,-0.855960009094785,-0.9966882876762969,0.5011813306970531,0.21478322061627103
2022-03-24,-0.7761804706985752,-0.8534426247444514,0.4037930351428403,0.07458715536465986
2022-03-25,-0.7570217755525998,-0.6576461864485104,-0.20834738216552418,-0.1720755918930774
2022-03-28,-0.7264493942377307,-0.6788291839728681,-0.4914835147799014,-0.0931946260884557
2022-03-29,-0.6691232734182746,-0.20456772640491921,-0.3977776289017608,-0.22215933042132974
2022-03-30,-0.664608151733059,-0.09134553378357824,-0.2639054269077149,-0.13746145322277945
2022-03-31,-0.7969542641244669,-0.31112440396944424,-0.042941119087268796,-0.010014437117792558
2022-04-01,-0.8445037647501865,-0.1895918873687151,-0.3675211781268278,-0.19872687133840036
2022-04-04,-0.799559861361237,0.18370216296745778,-0.39785013334657243,-0.12203446173082447
2022-04-05,-0.7964496876851683,0.14176132088138174,-0.1074632370406776,-0.19961943114251723
2022-04-06,-0.7726429419565616,0.15014337279165768,-0.1378408883029498,-0.40615282893920973
2022-04-07,-0.7138597654961361,0.07524725285441525,0.5656949149256552,-0.5053444317198795
2022-04-08,-0.5989822074076461,-0.015419821333097846,-0.5268776808521011,-0.6299027813945985
2022-04-11,-0.6193967237709573,-0.2698331228618352,0.01167667630700216,-0.6675706213510287
2022-04-12,-0.6661833037041072,-0.2605662480679332,0.08498488112327049,-0.6055744398537012
2022-04-13,-0.634450781422254,-0.14457737956247949,-0.3655038581509659,-0.6925208872230675
2022-04-14,-0.5896302653417324,-0.49231727396376784,1.139503381579119,-0.7530975557665158
2022-04-15,-0.4792289236187838,-0.5680730179482701,-0.3271062713001706,-0.7428350948546492
2022-04-18,-0.4919018107398111,-0.6664805625341483,-0.3052407413567063,-0.6540210541962649
2022-04-19,-0.4733700414326764,-0.25048406978248233,-0.3958647743273612,-0.8781380331069324
2022-04-20,-0.4612671304959248,-0.12140215447870928,-0.5751908903769483,-0.9305065580189844
2022-04-21,-0.49045489877405013,-0.48571878681720737,0.9305629895333649,-0.7792825302161441
2022-04-22,-0.42878124419745595,-1.0687066343192648,0.4586463066394673,-0.3213748118322598
2022-04-25,-0.4373172211482049,-0.9413035925436566,0.5378761087380881,-0.264954098956515
2022-04-26,-0.4288990435741134,-1.4394983927694502,1.4280816302484667,0.07509018248571732
2022-04-27,-0.4461932919626218,-1.6740224636868046,0.888557622903622,0.02011906905737066
2022-04-28,-0.6838215567278662,-1.3763433844259867,2.263157865501628,-0.16252204789164776
2022-04-29,-0.6656558908522113,-1.9404052359183679,1.025187065064644,0.25943199686166946
2022-04-30,-1.3590908812379794,-2.360367708283553,1.0382004915432383,-0.4209870282828799
2022-05-02,-0.9997839640723605,-1.9828831348704181,1.2035917473564324,0.17185304419554995
2022-05-03,-0.9228899376444282,-1.682630668590259,0.8704700729628033,0.1252411802270865
2022-05-04,-1.0061327310351125,-1.172499938846346,0.525890072658612,-0.294268347608804
2022-05-05,-1.0233439851890456,-1.5795269854054206,2.455057150006616,-0.03470466640444494
2022-05-06,-0.9907833067187873,-1.709736336406178,1.4243623085240784,-0.11320294154152323
2022-05-09,-0.9228200309125553,-1.9161884820702115,2.169148263445399,0.31393663268015026
2022-05-10,-0.8934393846851039,-1.741491139255927,1.8937622870793709,0.35936353871968163
2022-05-11,-0.8456584883786098,-1.747427798652587,1.7994675408714973,0.49068732865435466
2022-05-12,-0.832902002332823,-1.695365720517255,2.2866749105783057,0.3740013272634758
2022-05-13,-0.9084679267647856,-1.4590170832763836,1.1910348313026637,0.2712792993734928
2022-05-16,-1.02869605626406,-1.452707396680575,1.0427012253531194,0.26300302315876806
2022-05-17,-0.9880923995749982,-1.0398759989601905,0.8013462751794004,-0.002810361387714306
2022-05-18,-0.9972448122160659,-1.6890172299232888,1.1895487485612513,0.5171013679041107
2022-05-19,-1.0707737069210301,-1.6158798131702028,1.7950417207526648,0.5503921139753711
2022-05-20,-1.216955614089508,-1.4453722151723456,1.1652272649044977,0.5344356836064429
2022-05-23,-1.2563692511834388,-1.143360274539948,1.0814666488873317,0.2089495826010921
2022-05-24,-1.3669564441945792,-1.0034690135081694,1.2013872414691282,0.16421164220409173
2022-05-25,-1.366736174391782,-0.7051171260245506,1.3069160059683562,0.13392367844130879
2022-05-26,-1.3733613893645997,-0.3502039018078847,2.1164918979931238,0.03586468410340801
2022-05-27,-1.3317634854746023,0.0782305921142608,1.0144096488703387,-0.19431182448105266
2022-05-30,-1.32333184460675,0.02965925177863613,1.1486911955097174,-0.1888808438884984
2022-05-31,-1.3821113300641539,-0.0015667055806498106,1.0876998217292906,-0.10647958422269295
2022-06-01,-1.3610137079069684,-0.07096213232823041,0.8815531896217315,-0.07387072362681517
2022-06-02,-1.4244966640484564,0.11706234167927643,0.770067402619821,-0.17842726788288008
2022-06-03,-1.3766071805217268,-0.048123387001198274,0.5272151846463002,-0.005483584784345069
2022-06-06,-1.335791191342801,0.09555781816138437,0.5832575109707834,-0.09898552834069596
2022-06-07,-1.3049217832901387,0.39119830407987866,0.5543827412344665,-0.23134871816077196
2022-06-08,-1.283933794515272,0.12505283106839005,0.5062197025850372,-0.012349557582433696
2022-06-09,-1.2972378476207547,-0.3757001158021292,1.3613248852916167,0.26855293819929865
2022-06-10,-1.3104494300673162,-0.9617938132757641,0.329391612883158,0.44883630185722917
2022-06-13,-1.221155938988667,-1.7427458140727778,0.6268847625054208,0.8997110248090322
2022-06-14,-1.2012914616589714,-1.8078546311637786,0.372290949608284,0.8648331966679764
2022-06-15,-1.2160872446921098,-1.4127296914706204,0.45265470338737335,1.0705228856027282
2022-06-16,-1.2817826743783065,-1.8319450960884724,2.3638542330050023,1.5951393959880769
2022-06-17,-1.2716843134273135,-1.7107011859307755,1.1840513026268402,1.6410593325196219
2022-06-20,-1.2544199685907897,-1.6538016047120374,1.177711133364915,1.5861792520623799
2022-06-21,-1.2236779334576962,-1.3649902584329603,1.1540391975049775,1.1394529245754916
2022-06-22,-1.1896068746801973,-1.611067161591937,1.0537409899086745,1.2760783955362776
2022-06-23,-1.2612168769525631,-1.748113228927458,2.0183887646892256,1.2386893134331416
2022-06-24,-1.1978362661313977,-1.367022576179685,0.7050429749528406,0.5448892860120883
2022-06-27,-1.137159860186645,-1.3896103529163502,0.6381661121088072,0.3703401094200414
2022-06-28,-1.1375650481616966,-1.681682617475472,0.5658680402455847,0.47863712725974705
2022-06-29,-1.1049132049939634,-1.868299433282848,0.5654850944557983,0.5556454311636648
2022-06-30,-1.7125270806034925,-1.9702244526991153,1.3652769119263262,0.7629185750038202
2022-07-01,-1.7052958308542643,-1.7480798494784517,0.548512952674181,0.5364536975741755
2022-07-04,-1.659504323591926,-1.672804914279703,0.7399621819778966,0.542848068316039
2022-07-05,-1.562853544881907,-1.6853487605294037,0.8993278690993288,0.9182447661190692
2022-07-06,-1.4827733043146367,-1.476299715825882,0.559662672847346,0.7760056453583045
2022-07-07,-1.4613204139682054,-1.1013978123809627,1.5706298861556907,0.5128812852613611
2022-07-08,-1.2893641135801455,-0.9492222323337557,0.5379761022099859,0.5018175326298392
2022-07-11,-1.2538187141982822,-0.962516568073103,0.6357256977148364,0.6706144320802928
2022-07-12,-1.2605071650753008,-0.843191390449964,0.7131114391813327,0.7489346916075142
2022-07-13,-1.192053398412861,-0.9617039195367652,0.40184108001396385,0.984112697688522
2022-07-14,-1.1927009760077267,-1.106330602518121,0.8307167494372926,1.1576655496347241
2022-07-15,-1.1488666142157422,-0.5546042983538072,0.30640553527532793,0.7161015263761963
2022-07-18,-1.1466551952589028,-0.6192971500834217,0.497353094462001,0.89977681206255
2022-07-19,-1.114452205770404,-0.04212814277112103,0.6384100358171633,0.254358661432641
2022-07-20,-1.1296784871075134,0.012592073291538998,0.5834733687460173,0.2529756592607656
2022-07-21,-1.132157643134464,0.27952217855930606,0.944431041547646,0.33533193962568697
2022-07-22,-1.1371462702568793,0.268919502073862,0.5325616796241537,0.5389680578156538
2022-07-25,-1.0896300296012802,0.1611195204781295,0.3930494528829414,0.31427120268647146
2022-07-26,-1.0628003989059425,-0.003072321082349572,0.5214094291765056,0.36182973850236744
2022-07-27,-1.013656842036175,0.5118379699386669,0.6834779758892426,0.38918748596599295
2022-07-28,-1.1136538043699213,0.7514341433538397,1.3572008947796683,0.38547111759123526
2022-07-29,-1.0717250536420548,0.8978298133461782,1.0222480346969853,0.4342581538926634
2022-07-31,-1.6449735505000447,2.429339054622281,0.9457041151492922,-0.45793621855083316
2022-08-01,-1.0792826419644879,0.7261880737402844,1.2322205690584838,0.5510934802868275
2022-08-02,-1.0559691622813228,0.7135596695024965,1.0988208782663331,0.4059912569782595
2022-08-03,-0.9490659568857681,0.9200041928266078,0.9774610675599181,0.4359357827735384
2022-08-04,-0.9136372499419166,0.7321606017303399,0.9081592358981342,0.5737263574358873
2022-08-05,-0.7799970599379951,0.7499767840528249,0.5327050691485397,0.26503821394171667
2022-08-08,-0.6442621319901323,0.8263481464181697,0.7036554782135284,0.6249743169812132
2022-08-09,-0.6314512837250206,0.6749960010609813,0.5244527085811082,0.48895398026457776
2022-08-10,-0.648749709491301,1.1169903413218694,0.6245144596657929,0.3265610013162134
2022-08-11,-0.6430621259979906,1.1261085790207586,0.6602195585598121,0.1433839370735293
2022-08-12,-0.5910706477930544,1.3550901420508816,0.6627605592437985,-0.02945662433735603
2022-08-15,-0.6394269684022954,1.4273877375399722,0.7281152098070461,-0.0300347962251022
2022-08-16,-0.6112749374306341,1.292428739353285,0.4134603508255772,-0.20128530679479714
2022-08-17,-0.8099557670447628,0.9890013510760464,0.30227379525683756,-0.1710697186815521
2022-08-18,-0.7402136796505874,0.9438112982151053,0.2293782856125418,-0.12466281960720899
2022-08-19,-0.7138366608949444,0.6056049814882478,0.0657197624665138,-0.10307461412371736
2022-08-22,-0.6535725930015635,0.18667774540288984,0.2519786172463517,0.10143237521444695
2022-08-23,-0.7326765799057466,0.12173285653647836,0.35125561169581654,0.09155180485005593
2022-08-24,-0.7367980277484666,0.11921486135877708,0.0438658791775537,0.014183747730231679
2022-08-25,-0.7205787545641966,0.33688443881047836,0.3965967235513096,-0.046617968915763905
2022-08-26,-0.7221337561772793,-0.13740398560442696,0.22364714718671178,0.251779169253192
2022-08-29,-0.6900403603603613,-0.25366640366981624,0.18285108468261976,0.14234973880731042
2022-08-30,-0.6242966794323008,-0.43121196928540945,0.19666060134639293,0.35156873548435724
2022-08-31,-0.7690827433019716,-0.5548027382863624,0.15577412265182675,0.3572365188832732
2022-09-01,-0.7067792255742777,-0.524657016121186,1.0303077037339454,0.009402257490858497
2022-09-02,-0.7431296464476742,-0.6796881914537891,0.1720131451396434,0.312037671004832
2022-09-05,-0.7077995806201637,-0.5823977778176493,0.3095534944747361,0.30869169757107656
2022-09-06,-0.6528761850216778,-0.3910919837113204,0.4924266216290311,0.17098325996375902
2022-09-07,-0.6179958567431645,0.3613726150169111,0.5468215533929186,-0.14653476154923042
2022-09-08,-0.5217089088571097,0.50910864030915,1.3277884768556267,-0.39305668966181834
2022-09-09,-0.5086320282189319,0.6809799360016278,0.11784265600008006,-0.616743842256615
2022-09-12,-0.4651028281864683,0.828772907267748,0.32649433440760534,-0.7636070231536315
2022-09-13,-0.35806943882824754,0.21687087491485252,0.27323119443522537,-0.21203701083293477
2022-09-14,-0.35794798558549995,0.30286059884598937,0.37702758813713144,-0.20915346552235314
2022-09-15,-0.3651764369398238,0.14807357535230223,0.8921015091680896,-0.2057040463213504
2022-09-16,-0.3503808773230153,-0.032708490540009,0.47726381525481854,-0.13129562135680523
2022-09-19,-0.3228879531646378,0.2722248310022749,0.6136745147257207,-0.38507939955436865
2022-09-20,-0.29805806260865053,-0.3529331837076739,0.6459491368791771,-0.06301582338032671
2022-09-21,-0.2814643758837254,-0.6169245776121028,0.7478746596602528,0.5342809950643694
2022-09-22,-0.26522852511201284,-0.7470702901721674,2.3162995867214056,0.4557127903249275
2022-09-23,-0.18163077423520482,-1.0636353703601742,1.3933654644814477,0.8054280488505363
2022-09-26,-0.15693313013764013,-1.2702474217047666,1.6327493605381298,0.6956613306173042
2022-09-27,-0.12400421228165216,-1.3049769660244668,1.382900853344046,0.6558731206924963
2022-09-28,-0.11472185522376747,-0.9946565121502414,1.2961429442303096,0.6415415882358663
2022-09-29,-0.07024746122910053,-1.1328937159100794,2.372955529053801,0.5732212208004515
2022-09-30,-0.5790077480631755,-1.1945364820071545,1.2263437344238877,0.5689214217797789
2022-10-03,-0.6291651890517533,-0.8401278620815229,1.1718765274250997,0.43960122709563415
2022-10-04,-0.6533668472254155,-0.36518086460543947,1.0467779047967964,-0.24587946229844057
2022-10-05,-0.6209511774353828,-0.3226191065826568,0.9864247771687296,-0.4330242430021434
2022-10-06,-0.6268825270718108,-0.5389264778058048,1.728859439944382,-0.10426262379209798
2022-10-07,-0.6221831256932381,-0.8877529718214213,1.1271370093398363,0.18703315494659198
2022-10-10,-0.4931646784574961,-0.9777504500994215,1.2972231679454973,0.26362667002160517
2022-10-11,-0.48129460533636875,-1.2790320429185384,1.1406293146556412,0.18861867943773902
2022-10-12,-0.45696169294639827,-1.2897402412006835,1.152108759701637,0.2611009398017561
2022-10-13,-0.3918647316005366,-1.0686889531606225,1.608245883819753,-0.38030272632555817
2022-10-14,-0.355314723399922,-1.3245960890447768,0.7275798672377104,-0.020337865069093273
2022-10-17,-0.3409406204590637,-0.9065468053698477,0.9189152590445949,-0.3363030255932436
2022-10-18,-0.29998228659603976,-0.5954091727009417,0.8438496582095475,-0.8413756011852157
2022-10-19,-0.27536810665301376,-0.5581539183145241,0.7331787165729082,-0.8600278404313018
2022-10-20,-0.25989359288952485,-0.6947969042579294,1.4081788867525324,-0.6188201715123369
2022-10-21,-0.261862693931904,-0.3483443905587829,0.7919078477847671,-1.2331772281881737
2022-10-24,-0.28594746146913275,-0.15575962744616514,0.8110718674411332,-1.5186428113902242
2022-10-25,-0.2919604299921744,0.06296626861931326,0.8286520246305762,-1.5986499611549219
2022-10-26,-0.2890868394191709,0.20738453958939354,0.9109202306163094,-1.8517869933460132
2022-10-27,-0.31369425483836877,0.3213366547683781,1.139436129938894,-1.822544090294295
2022-10-28,-0.2985096735022862,0.9090768939391037,0.8266666915212821,-2.1571955191726855
2022-10-31,-0.5996475784979128,0.6296329393649461,0.6414319657928548,-2.199908336402155
2022-11-01,-0.5450722283926669,0.6191565493003759,0.6099461915319218,-2.1917056398701176
2022-11-02,-0.5211475844161841,0.11352724379434004,0.25690205693531837,-1.938901823314861
2022-11-03,-0.5127880540885699,-0.09038220440917014,0.3671566346013277,-2.1997299454708372
2022-11-04,-0.45696395329457257,0.28393653392911095,0.6825425442257297,-2.238596459161359
2022-11-07,-0.4337603827581378,0.37478922108263185,0.6361452778193447,-2.2075475585667093
2022-11-08,-0.35592905843351635,0.4528199762450268,0.6725845016442462,-2.1747645821256656
2022-11-09,-0.3277617538945412,0.06329763946491059,0.516658076186714,-1.9819659349800538
2022-11-10,-0.37359826294061976,0.9263301769387514,1.1071934609767629,-1.9397980082109096
2022-11-11,-0.3915114785708479,0.9413008518984415,0.444678085671413,-1.881248110599412
2022-11-14,-0.37552009956351656,1.0801258900323203,0.6916426306613228,-1.8493415930942383
2022-11-15,-0.33222003501058855,1.1421271356892486,0.6482378818506727,-1.8361552463286113
2022-11-16,-0.28529418349256347,1.048090272297501,0.49853267908048315,-1.6162406571257637
2022-11-17,-0.2830630021783663,1.2873609033161464,0.5603313770995161,-1.697355358858408
2022-11-18,-0.26343390554757806,1.532607291967699,0.4778631672887876,-1.9508194946433077
2022-11-21,-0.23522961813858803,1.392800191516326,0.24810479786239356,-1.9142884339515533
2022-11-22,-0.21310874234106483,1.4453180758874808,0.0571061645642377,-2.007844540677026
2022-11-23,-0.20975690613698206,1.734765574962051,0.04066979640326277,-1.908387062140046
2022-11-24,-0.1785452763845937,1.710469231999225,0.3248169542159308,-1.8689923908675317
2022-11-25,-0.1612499969906644,1.8448607317727905,-0.11207006090695497,-1.8833757227215846
2022-11-28,-0.13640937328624644,1.3481959772223864,0.058072743371413243,-1.6650531115099088
2022-11-29,-0.13203747709801758,1.3673179508762792,0.0017704021187126824,-1.8173205676521538
2022-11-30,-0.3756194065957444,1.77472399372052,0.048707546875141616,-1.8397171380562813
2022-12-01,-0.3541341377769248,1.7013596956662875,0.41028618851699583,-1.5328996894262659
2022-12-02,-0.291453218537678,1.7180830269279734,-0.09825830011427464,-1.4178693495777173
2022-12-05,-0.20677272517372933,1.1094405687431668,-0.19271066182372534,-1.255175845823712
2022-12-06,-0.18448775856392263,0.7857708870857409,-0.1795249566782067,-1.0758130106201667
2022-12-07,-0.15648861276856924,0.7329295350695672,-0.08350389431671427,-1.0196371133943625
2022-12-08,-0.07830673387007282,0.8062452167434975,0.40178197965618967,-1.13075125323836
2022-12-09,-0.04141239091424757,0.850746854441366,-0.09370893282253424,-1.1150314413749942
2022-12-12,-0.080660421131596,1.110009951798169,0.2790212320267799,-1.4059128520905153
2022-12-13,-0.08342720945103016,1.2185498804936126,0.12455520845414622,-1.3343746819979458
2022-12-14,-0.09856316769570399,1.0664689071960392,-0.14554640110874467,-1.248708466698954
2022-12-15,-0.14404848586558744,0.5469861183353234,0.7502795545952207,-0.9213362633889144
2022-12-16,-0.19064579338313828,0.6038211266660972,0.2747236411586346,-0.8835223046997726
2022-12-19,-0.17296797230154304,0.5008985873614946,0.22987685233176408,-2.8257573139936327
2022-12-20,-0.2309996913879987,0.4916413206279631,0.03366292738686088,-2.771818066122068
2022-12-21,-0.202287162741021,1.0102783359427006,0.0285451916329523,-2.830705467070529
2022-12-22,-0.13196230942167378,0.8995943007315969,1.1898138403598568,-2.625776061692831
2022-12-23,-0.11832173486473574,1.1248357769387844,0.3489422699243818,-2.7040638029470445
2022-12-26,0.5894829464260055,0.919378009928104,0.20337256146623534,-2.615313613567297
2022-12-27,-0.11212471352577776,1.0806312322924,0.5097692207597677,-2.541248428560782
2022-12-28,-0.07934351283974711,0.8541780720462183,0.1746461965759215,-2.3558234009208734
2022-12-29,-0.06409142355726404,0.9268879072916573,0.6684058790359839,-2.4637620950488435
2022-12-30,-0.03931360686865331,0.6103865616557459,-0.0017206008678193317,-2.3718304931750462
2022-12-31,-2.0890021001741124,1.2667031693696766,0.010978663363741436,-2.157446855476452
2023-01-02,0.6402130050278606,0.6327906488850461,0.12934118477751144,-2.258767578235859
2023-01-03,-1.2615820389217813,0.89176583261777,0.6798061903179003,-2.186155815342558
2023-01-04,-1.179111047715003,1.1835454265046332,0.41130409537943274,-2.190526634966291
2023-01-05,-1.0312086552470412,1.0642223883123438,0.8439921403787956,-2.048608213366963
2023-01-06,-1.1331062926256945,1.4224329948394319,0.24927420714591195,-2.07094281645793
2023-01-09,-1.1076675101744649,1.395819530988361,0.21830639735006488,-1.9978105001016944
2023-01-10,-1.035149139921854,1.4418541256095712,-0.12985196854543607,-2.048432168667676
2023-01-11,-0.9975429769078407,1.6169135614658419,-0.15328097798751616,-2.039657372615671
2023-01-12,-0.9367284390009186,1.6628727575748656,0.12988531826570948,-1.9551823142710394
2023-01-13,-0.857203696335295,1.7450209636725544,-0.47903495610811736,-2.0167333991390244
2023-01-16,-0.8178167707795999,1.8099887279967293,-0.14675629150516967,-1.9741799531564428
2023-01-17,-0.8779170322767543,1.6488764644426603,-0.37691245334746565,-1.9200776722166388
2023-01-18,-0.9510464324658114,1.0863932323896626,-0.507569755884961,-1.6625910851792056
2023-01-19,-0.880621816437753,0.8064835505310961,-0.5860917366719356,-1.539395209317463
2023-01-20,-0.8324616642631301,0.9609616233058061,-0.6841443514444333,-1.6254612895667622
2023-01-23,-0.8016398810521609,1.177162392682688,-0.6400451861444499,-1.661767395616813
2023-01-24,-0.7783924885247718,1.0486933460166068,-0.8993461579727534,-1.593918814163885
2023-01-25,-0.8188435681121301,1.0998373223861926,-0.6804527768922126,-1.588916461581666
2023-01-26,-0.6690540113620247,1.1230063575627838,-0.589187987689972,-1.6219735480701785
2023-01-27,-0.6280401329801157,1.1703432625854113,-0.904882727711371,-1.633816089911075
2023-01-30,-0.6077193197605342,1.1068531435570719,-0.6218341751957155,-1.5936649921603558
2023-01-31,-0.1365175407859911,1.275952909165888,-0.7282590151682361,-1.6857497927170546
2023-02-01,-0.15652040628352615,1.3773941696735248,-0.9005763823835973,-1.5844088913048473
2023-02-02,-0.3110730356472469,1.5357051066716976,-0.3997079467523233,-1.6458633882296532
2023-02-03,0.030383765685130737,1.3340706562827573,-0.6584840655483053,-1.6310042010223686
2023-02-06,0.04973254623998757,1.1039032593039189,-0.9336832186140052,-1.6018445003937776
2023-02-07,0.046184279467596775,1.0330633008283732,-1.0168040633334867,-1.6124579657294613
2023-02-08,0.22619753104545795,0.8230017420538598,-0.8402113789380841,-1.3485684444254555
2023-02-09,0.1501150819400661,0.641814371179642,-1.2862040799625822,-1.3280043904004961
2023-02-10,0.16373467170318676,0.5242747002910789,-1.0487085106078364,-1.3814456235557862
2023-02-13,0.9755736363122687,0.7020678537888895,-1.0142536343216324,-1.5778989053685653
2023-02-14,0.9638576339185525,0.6014026595712368,-1.28819228321705,-1.5766521839238015
2023-02-15,1.0771362586525095,0.5912180828549262,-1.4071090466786809,-1.0151860644537771
2023-02-16,0.9850717023096622,0.39868544664073713,-1.2933125800032936,-0.9246611891124469
2023-02-17,1.0119315761403624,0.2548907502476552,-1.1175208871060787,-0.8838178219935939
2023-02-20,0.9987513571326068,0.20216172954314396,-0.9368396799768237,-0.8734561146169676
2023-02-21,1.014670849088954,-0.23544505603991672,-0.9233729690219252,-0.7336301027217133
2023-02-22,1.0353294569651341,-0.10321917552346209,-0.8519042835827195,-0.7148150584407533
2023-02-23,1.0811127112390067,0.05991209806876497,-0.24489588082262023,-0.6845922205402786
2023-02-24,1.121925281902515,-0.30743945456012817,-1.0745635832646057,-0.6853764733257307
2023-02-27,1.1663993094221043,-0.28889755007929246,-1.016640213979804,-0.6582208032965312
2023-02-28,1.0204259849047201,-0.2730171640354952,-1.026864084807693,-0.5820423757446951
2023-03-01,1.0197684567529637,-0.24335120087370885,-1.063220696305725,-0.6012184333720333
2023-03-02,0.993657166550069,-0.024810494988965173,-0.2571220973665573,-0.6856415196823274
2023-03-03,1.1108964763943174,0.27609711133446757,-1.2455044058285578,-0.6648078132580657
2023-03-06,1.0651117755779336,0.22977962916201142,-1.2175199924139313,-0.6614325247461511
2023-03-07,1.0994872756434741,-0.12364640378735471,-1.3269769480084712,-0.6153904798235348
2023-03-08,1.3287359520078064,-0.2173626512164158,-1.6579636563348188,-0.6798462828842976
2023-03-09,1.3453621813044723,-0.7553197135560102,-0.3876903455794631,-0.4269305793302562
2023-03-10,1.46458226540343,-1.1439912208144467,-0.7697766105770808,-0.07798819576806038
2023-03-13,1.5230655315039114,-1.5719347271761412,-0.2501991520475881,0.12939120362074324
2023-03-14,0.9941392568502265,-1.0167368564668073,-0.7027922182642239,-0.08835282707597013
2023-03-15,0.9701685046544676,-1.4317137613753614,-0.09603229574829261,0.12213271130206603
2023-03-16,1.0956752137706687,-0.9522222573922395,0.5137058304399019,-0.19011434097608104
2023-03-17,1.0442490334309658,-1.3641078838462843,0.2610668277067237,0.07876098278858264
2023-03-20,1.01180725499499,-1.203700035980477,-0.32696485139878795,-0.11133990705317419
2023-03-21,1.0314260890615514,-0.5793651146415384,-0.7670072993943712,-0.29726895801333464
2023-03-22,1.0180792075381462,-0.7749202104977786,-0.478131515822783,0.1226790831517898
2023-03-23,0.9992804596548659,-0.914009452116938,0.7058037217335539,0.13171383590142446
2023-03-24,1.133051249091455,-0.8043426411255026,-0.3162376034877778,0.05990623094041212
2023-03-27,1.0864003743653954,-0.6013605566343584,-0.24683128637217572,-0.13866723347073298
2023-03-28,1.0644362239390213,-0.745599669794538,-0.3469656317527528,-0.10922168668582824
2023-03-29,1.0280102748596494,-0.27159055999420284,-0.3830121703938043,-0.28541000344044004
2023-03-30,1.0033263979415747,-0.13341256751006236,0.3402870542373358,-0.2968129793647151
2023-03-31,0.13678225266968966,0.028516077533404037,-0.28895465129197834,-0.36555497517379865
2023-04-03,0.0961537305072493,-0.12466721486682085,-0.6469583292627001,-0.3480422683848915
2023-04-04,0.08418876723392445,-0.31400853992371175,-0.6762684245517966,-0.22794224486570747
2023-04-05,-0.02307315853516341,-0.5890286954973752,-0.9463791600889375,-0.18247715982777862
2023-04-06,-0.07537662928123644,-0.4708733716954038,-0.7761614573805627,-0.19258646316456057
2023-04-07,0.8518186357740956,-0.33658004873192665,-0.6784585217636694,-0.18826900681016157
2023-04-10,-0.08100066265394691,-0.13661603333883673,-0.9465064408280761,-0.30419574182533576
2023-04-11,-0.053298700660950486,0.4470995382174363,-0.6948326925639666,-0.3422700469802498
2023-04-12,-0.03640831451743365,0.17670128685427522,-0.9897296857063058,-0.2737536704932843
2023-04-13,-0.02604684456161941,0.8272632895040065,-0.6226469893011229,-0.4352114288089168
2023-04-14,0.015493714878103932,0.7936597673983072,-1.4334891842799256,-0.4563032617187579
2023-04-17,0.1487503038869332,1.0974282602243686,-1.2597546970731284,-0.584863629726581
2023-04-18,0.12212029854059109,1.2885192011032005,-1.3387691137488804,-0.6021847167008716
2023-04-19,0.1106240644022311,0.7398370405723151,-1.6029502090890038,-0.6143948918162765
2023-04-20,0.00514919313538344,0.36681697206242614,-0.9325550182775749,-0.48789731903044825
2023-04-21,0.13878664407810698,0.45391552298247745,-1.28951555501105,-0.5094857296469012
2023-04-24,0.10739751179038029,0.5731870995609479,-1.1499231421051501,-0.45796522690972336
2023-04-25,0.13337638429847182,-0.0054629855304511536,-0.928453614936937,-0.1440074782779642
2023-04-26,0.18955906664974015,-0.007919681433235645,-1.0607544655513501,-0.11864862633690294
2023-04-27,0.1310615792650183,0.45651057599207834,-0.8431235655379468,-0.4796889008836168
2023-04-28,0.23215626634593425,0.3751367655094647,-1.824372870807921,-0.5545207682485273
2023-04-30,0.4494155677890372,0.04509098948337391,-1.9542962448070953,-1.5027412499621071
2023-05-01,0.6282478737350365,0.006604873154524984,-1.9032878668493847,-0.6118531056087725
2023-05-02,0.6053268199751529,-0.39597046742074404,-1.4555890744740236,-0.29326496788566114
2023-05-03,0.6832117359566545,-0.4400190349770392,-1.3241107898832143,-0.11288078175232637
2023-05-04,0.685734514265864,-0.7934176025443193,-0.048571964224948486,-0.038786602389250836
2023-05-05,0.7299313944629373,-0.33568015210973223,-1.5582868946642692,-0.21575842668483278
2023-05-08,0.6848714449465467,-0.2974247625143036,-1.5199803513425432,-0.29768630643671123
2023-05-09,0.6936619062179347,-0.37715119907861133,-1.4276603642592067,-0.26159903357626374
2023-05-10,0.719146774133564,-0.3558387063551501,-1.59297254178807,-0.24943935407025963
2023-05-11,0.5219826318252835,-0.5710942128573331,-0.8971980033752845,-0.16006584721138054
2023-05-12,0.4262453695734119,-0.6751058560758332,-1.6853451776086206,-0.18689908366979974
2023-05-15,0.29315071122311026,-0.6620384552738287,-1.478368512547749,-0.2735400678119583
2023-05-16,0.3626672633262425,-0.97246774706225,-1.442737707708118,-0.20662899023086492
2023-05-17,0.3134118317817144,-0.5465080496377852,-1.5919917389480587,-0.40408915652935556
2023-05-18,0.38959307405316873,-0.15951267511718242,-0.6980782276702582,-0.6076256154532225
2023-05-19,0.43038387901681946,-0.08768952343022643,-1.3636714562042516,-0.5559051844538428
2023-05-22,0.4038608232749771,-0.01573308942084221,-1.2315492739357854,-0.5743574300833609
2023-05-23,0.37025928081446713,-0.06988732906943691,-0.8638723283037991,-0.3406884015475632
2023-05-24,0.39225882917816635,-0.23708642493182724,-0.8957146372966339,-0.3034922933204303
2023-05-25,0.5022315167425869,-0.18913630090761774,-0.3925972175909636,-0.42339519922488994
2023-05-26,0.7176487529815984,0.21201832397846826,-1.2597043672852855,-0.5762360386557658
2023-05-29,1.3395963236115742,0.33582151753058137,-1.3486117911621958,-0.5704441304750516
2023-05-30,0.7367716264553353,0.36080304584562267,-1.2354001431336634,-0.44038063271401806
2023-05-31,0.36733826366094546,0.36706399992582633,-1.6181967302270965,-0.35274262024660674
2023-06-01,0.45848425541522414,0.7594092077412509,-0.9995720186549284,-0.4770173436781756
2023-06-02,0.5687814247257263,1.411857292398567,-1.327532652827309,-0.7813250294820159
2023-06-05,0.42001391300147484,1.4410368068633759,-1.1955008265415694,-0.7276532818259001
2023-06-06,0.4485414067857976,1.7580797040319518,-1.2004725970593548,-0.7835006544781999
2023-06-07,0.44214755372255166,1.98639806877733,-1.208903254084131,-0.8826174372764082
2023-06-08,0.4335666625264844,1.788783114812832,-1.8286990659581561,-0.8137080652120345
2023-06-09,0.4297635326477751,1.7922225622790453,-1.1340363888875942,-0.8167092553380155
2023-06-12,0.4200581676456878,1.7108890250020727,-1.1625334312092541,-0.8770763293283528
2023-06-13,0.4001895833773157,1.808721949794109,-1.0242874763560434,-1.0108839738305901
2023-06-14,0.407394422901067,1.9023518982788297,-0.9955981609516915,-0.9839329867208081
2023-06-15,0.4079048295669958,1.782573663580944,-1.6182196404005766,-0.9647345232938375
2023-06-16,0.4658666192598296,1.7815886637545109,-1.0553303494507653,-0.9659105778270011
2023-06-19,0.44561424896566565,1.855150263602459,-0.8466307758133411,-0.9527707930959304
2023-06-20,0.6229775797969452,1.4981611609276817,-0.9768714627195525,-0.820207587996596
2023-06-21,0.6105103920194858,1.2871222105676656,-1.1897134121828417,-0.7642587383134566
2023-06-22,0.5970356320742065,1.3040046265820622,-1.5353851455916505,-0.7904893706474247
2023-06-23,0.5018366147327903,0.8830983247792804,-1.4736219084115405,-0.693114753798932
2023-06-26,0.5459211281576496,0.6402625253253001,-1.5579850477411605,-0.7096804020402633
2023-06-27,0.813350886085305,0.9271026826476495,-1.565623267351243,-0.8356669164611948
2023-06-28,0.8301404622645392,0.9040251553389232,-1.541555711336893,-0.7698302944068016
2023-06-29,1.0147900176443063,1.1841888300156322,-1.650646677705244,-0.9449220000205706
2023-06-30,1.5259343793179985,1.5075842097853478,-1.3576068149949565,-0.9636927363873404
2023-07-03,1.5191947560980603,1.4416130906212732,-1.5163880301780117,-0.9784668949285222
2023-07-04,1.5166471462452864,1.3166421987965706,-1.5394392980022578,-0.9615677091884646
2023-07-05,1.4092665907488884,1.2134701123549423,-1.461094830376029,-0.9932389494127483
2023-07-06,1.6879233755238094,0.8027606103217888,-1.8829467491637297,-0.9928785170402273
2023-07-07,1.6215461395134831,0.8473331411100464,-1.574248000576898,-0.9792012193433461
2023-07-10,1.609173360184298,0.9261925069899938,-1.3336019818639255,-0.9845144352212858
2023-07-11,1.5231557149785182,1.144406487823066,-1.3164633872338063,-1.1008906674073247
2023-07-12,1.4006220422237459,1.271253738436936,-1.4837939405030245,-0.9855096605918809
2023-07-13,1.4339214140131953,1.2590032910407165,-1.5654455542850068,-0.950379178515851
2023-07-14,1.5349650849385563,1.0190779793089182,-1.5845844410185022,-0.9263573959906195
2023-07-17,1.4901825573053624,0.9550870022964528,-1.336406829382544,-0.84801990746376
2023-07-18,1.3689661939907503,1.0587885610185535,-1.3303927809833853,-0.9262407329619519
2023-07-19,1.2460809547523748,1.0793443036004018,-1.2222463669010208,-0.8991997232086734
2023-07-20,1.2069400208316678,1.1356640013528403,-1.7656530638287313,-0.8348040876138236
2023-07-21,1.1833519171137645,1.212017235636758,-1.1442119624254474,-0.8056612019108187
2023-07-24,1.1607735168227549,1.310308957431003,-1.1687309646377049,-0.8064440418112973
2023-07-25,1.2605444980058464,1.2466115186179088,-1.1242672405960967,-0.827204003662967
2023-07-26,1.2730202602966956,1.1775127955442017,-1.2671370482949165,-0.7881016631503538
2023-07-27,1.4850617320696349,1.0056047555028111,-1.3826401870500842,-0.8164968896809
2023-07-28,1.510105954115888,1.213191064918847,-0.9323438720835087,-0.8157804634067903
2023-07-31,1.378485878164097,1.2230434393879968,-0.9600999943252665,-0.8261279970981741
2023-08-01,1.370607959410154,1.1008533668658533,-0.8174901560869592,-0.8595649955591073
2023-08-02,1.4562364315483192,0.5776454051330338,-0.6807298178432819,-0.7587178345794792
2023-08-03,1.4733842396974357,0.4743833918471377,-1.3468319138857263,-0.8525101422451091
2023-08-04,1.4734575331816535,0.5299171462409297,-0.5252421167820879,-0.6904002690469471
2023-08-07,1.4636183156713236,0.6989011616154368,-0.6541772391405811,-0.7813631348665869
2023-08-08,1.225272070227616,0.568014073600879,-0.5880488315868223,-0.6996114518161947
2023-08-09,1.282569720873055,0.5054083880259403,-0.5384736089871821,-0.6380613266061339
2023-08-10,1.2272204626698313,0.4556370712259762,-0.991639870263024,-0.723231567071689
2023-08-11,1.1892295365073502,0.6081857122330181,-0.621612723131723,-0.7473621916536166
2023-08-14,1.150686256014801,0.5453767288125978,-0.6808802451253468,-0.745280850449482
2023-08-15,1.1536875698024605,0.2974747238886619,-0.5107225798654575,-0.6458334052400889
2023-08-16,1.2078584467787457,0.14199694267154073,-0.5251843674497524,-0.6451738838625005
2023-08-17,1.3256011818566908,-0.07806167683825252,-0.4343784046566918,-0.5543344684214895
2023-08-18,1.3747298091688058,-0.008433199836202042,-0.5778661049518435,-0.48542221495113935
2023-08-21,1.2702222518127149,0.10875402655995889,-0.5081479646903843,-0.5269218843503576
2023-08-22,1.2075561842726952,0.0450112950606423,-0.5760331246407457,-0.47107843844770725
2023-08-23,1.096056176796854,0.2949387703158501,-0.5347227298667887,-0.4005778196001918
2023-08-24,1.1026952030356907,0.05762346371470699,-0.25045015047746666,-0.38606431611681125
2023-08-25,1.0920176185404455,0.1431762891534588,-0.7678424730182785,-0.42689936119963123
2023-08-28,1.0474174625499533,0.2906998440512879,-0.8119512158526522,-0.45832974843466207
2023-08-29,0.9672234044709992,0.3728072531821658,-0.9195567398350675,-0.47420572944339906
2023-08-30,0.8751452472865321,0.24894737193217187,-1.192302050900877,-0.5154666079512572
2023-08-31,1.3490910566292993,0.4525830355739351,-0.8423958010875502,-0.4791312273976272
2023-09-01,1.264540536837321,0.4754015155590592,-1.2709484538263784,-0.6912526075509801
2023-09-04,1.263482227182063,0.5341792036005906,-1.0920149022692243,-0.6726274162806105
2023-09-05,1.2466550325395631,0.29381745169337503,-1.1336144041613934,-0.6150489006488774
2023-09-06,1.2802085869499518,0.2149325692560975,-1.0857075532877032,-0.603617992006747
2023-09-07,1.3108302072236377,0.2047196079448423,-1.0410272507585387,-0.5289069262337535
2023-09-08,1.2656448858683562,0.24413579100696595,-1.1358366801644142,-0.5254811619644527
2023-09-11,1.2119949882131327,0.45875969861731203,-1.07583461877497,-0.6005708290529544
2023-09-12,1.1837918352527639,0.30037668258035305,-0.9721558400906932,-0.5391818838270114
2023-09-13,1.2026300978352706,0.40922206328123284,-1.0888789159409842,-0.49491209519138846
2023-09-14,1.203692565923095,0.7602600824701417,-1.0610284503986591,-0.6388110912518793
2023-09-15,1.222709146972958,0.5205085727139603,-1.0048231948652848,-0.544790269996255
2023-09-18,1.1047870044733095,0.6426303282208705,-0.7817579881402434,-0.5142432909319737
2023-09-19,1.0623942035958256,0.6255205914977209,-0.7595705692788497,-0.5030384955508826
2023-09-20,1.074786351749893,0.0828494414983344,-0.6116465359265713,-0.41383665488566035
2023-09-21,1.0289125110243234,-0.4408308875184741,-0.03273343563926425,-0.36437138428253546
2023-09-22,0.9989060895341462,-0.5943914461987277,-0.3931892607608453,-0.2732287494629561
2023-09-25,0.8867958889304471,-0.5901424294258344,-0.4123442605932857,-0.3843760759623871
2023-09-26,0.8767745643894364,-0.8304009052435826,-0.23671951499789964,-0.25151861668939146
2023-09-27,0.9013858101552419,-0.9410583874926374,-0.7271883967937506,-0.25810837673496695
2023-09-28,0.9125167603119754,-0.8183662121423518,-0.021476069997846084,-0.24883140126258152
2023-09-29,0.9537169944530377,-0.8562311887130807,-0.7844409802447546,-0.1446226091450464
2023-09-30,1.2911465421353736,-1.5371563062393963,-0.7454255341392817,-3.0
2023-10-02,1.069626176553411,-1.0126531408358566,-0.6186463289646789,-0.09975053985751722
2023-10-03,1.0436937433181899,-1.2606187266247604,-0.4245538985512636,0.077369865715887
2023-10-04,1.1174326655394293,-1.2127760907571348,-0.6394565663584987,-0.03118645449195621
2023-10-05,1.1125807635630087,-1.4769650001933763,-0.10583054698525646,-0.00902940586128798
2023-10-06,1.2301166723938153,-1.1957405058440365,-0.964442836836472,-0.2177136864162358
2023-10-09,1.188980130846042,-1.077689236779828,-0.9976968675525206,-0.2877035679711604
2023-10-10,1.1388739165636659,-0.9368269523844598,-0.9042312886796161,-0.24861997254815615
2023-10-11,1.1023372459554912,-0.8773947825800881,-1.189975878124489,-0.1927968452459899
2023-10-12,1.0772177920177937,-1.2158421644050508,-0.9258500436482966,-0.16947395122749923
2023-10-13,1.015077009042273,-1.4126016825935883,-0.9194974421637697,-0.014818464654953992
2023-10-16,0.9650513431522747,-1.1444685013653166,-1.0378349903835429,-0.14131853410330156
2023-10-17,0.9690364403508607,-1.2531936686835168,-0.9848854065217558,-0.23308630143732073
2023-10-18,0.8975678087105979,-1.499654871507951,-0.8235964148602144,-0.07401766473918255
2023-10-19,0.8577889631361114,-1.7429027871541674,-0.18364385999629937,0.04134774026617982
2023-10-20,0.8256309193312731,-1.884694912829551,-0.291147972255995,0.3354365252186912
2023-10-23,0.7667211225383069,-1.7459754368723115,-0.3149705037346802,0.38817796363485063
2023-10-24,0.7892799108377608,-1.4654957575083714,-0.4127433733269808,0.2903036295629843
2023-10-25,0.8413039546120206,-1.7802249601127467,-0.294654235450238,0.36267376625796094
2023-10-26,0.9866879950076768,-1.817130427969548,0.533857494191651,0.5335441555821827
2023-10-27,1.0111510769255585,-1.7402445197713015,0.09996463228024187,0.6302631033984595
2023-10-30,0.9221575333121349,-1.55893789541614,-0.11651955277125228,0.4455765258386946
2023-10-31,0.20967667442506802,-1.2879722129959248,-0.2392091007865395,0.3443875311479583
2023-11-01,0.21594381684889946,-0.9171074315412086,-0.19460884701487688,0.46886841122672634
2023-11-02,0.259452417577197,-0.49121305029204554,0.8278282950725809,0.3036478508244323
2023-11-03,0.19530305993133792,-0.15328692284157983,-0.37120360497502625,0.1990433011760805
2023-11-06,0.022476837670739474,-0.2977019359972512,-0.5646428377752066,0.00488958574115385
2023-11-07,0.06067705909044899,-0.2509638490958586,-0.5294245972810805,0.06205986491909589
2023-11-08,0.039221539157635654,-0.28253817024435085,-0.7026042510215058,0.1236791470944405
2023-11-09,0.03866841809103668,-0.44397731890259806,-0.6100870694349715,0.0843147363521895
2023-11-10,-0.015257374845898217,-0.09123659134910607,-0.2664284178360354,-0.040412780406518356
2023-11-13,-0.06112953533104552,0.05796782939725986,0.08953681326815516,-0.032078847813820546
2023-11-14,-0.08539057500594849,0.4680971992788516,0.13672134629835428,-0.15866963480767216
2023-11-15,0.014108931620097796,0.5376065333200518,-0.1180451369931632,-0.2683861083710035
2023-11-16,-0.06754734329973974,0.6262321868818668,-0.6001615474474256,-0.2184692592241159
2023-11-17,-0.005841042521128095,0.7007119021393489,-0.11535468640874115,-0.21804712167454854
2023-11-20,-0.019492341078281555,0.9122863678871586,-0.0034720885502998503,-0.23037680911430955
2023-11-21,-0.014181312233253359,0.762048166873859,-0.031102717030490303,-0.2322438307561602
2023-11-22,-0.03942377681678035,0.8485977738211616,-0.2900815361403876,-0.28685669782025025
2023-11-23,-0.0506394148081591,0.8602066906854646,-0.8285316334888401,-0.27691236179950884
2023-11-24,-0.06355299329354808,0.8307392916946511,-0.4590383443499706,-0.34858178226767744
2023-11-27,-0.07470573417002192,0.7950313882614971,-0.3296507014165998,-0.28204815073477196
2023-11-28,-0.14385484986488165,0.8894620296742204,-0.35540883562821557,-0.2440160937067013
2023-11-29,-0.0004397738368747994,0.8643104108815083,-0.2391251011729801,-0.11825973972537282
2023-11-30,0.13479440444125956,0.9060183272386866,-1.23863195885625,-0.2821120795387468
2023-12-01,0.07545201354072813,0.9593290780474525,-0.3792667393043313,-0.27251284559638245
2023-12-04,-0.05304718884627921,0.8717227757885889,-0.5210636335282655,-0.30460532658955913
2023-12-05,0.029697355768446978,0.7735503564209019,-0.5768009147566803,-0.14662837568924333
2023-12-06,0.02042185768353666,0.6553223536978318,-0.7592399293469169,-0.09832247316403823
2023-12-07,-0.001758294577480516,0.7828765991492176,-0.7841963907899339,-0.1769350844427058
2023-12-08,-0.022148851868075362,0.8045363345814943,-0.6365379063203449,-0.2800442887645218
2023-12-11,-0.064377051814703,0.8731515899332212,-0.8913315616274216,-0.37758280598594635
2023-12-12,-0.07045001858040706,0.9503762750022384,-1.1370398852832824,-0.4215420699297973
2023-12-13,-0.1229589373327896,1.3000834662908107,-0.8483621103612963,-0.4327724780359322
2023-12-14,-0.0653043807393803,1.3949110806341174,-1.85411585207623,-0.31965703659538003
2023-12-15,-0.19651195522223427,1.527217583759241,-0.8799190650081674,-0.2836388827472043
2023-12-18,-0.2354061737716201,1.463613689695311,-0.3678932492678828,2.808454183757453
2023-12-19,-0.14474081794645433,1.57396859641267,-0.19318706740637023,2.6183466893632605
2023-12-20,-0.08956695670744606,1.161457409581908,-0.16968433394268945,2.77326118399752
2023-12-21,-0.15257453441166852,1.3409455554588627,-0.9743749684970238,2.548416808739689
2023-12-22,-0.12844144148954972,1.3431230823640152,0.1070719634089871,2.408951269862509
2023-12-25,0.7533127628279344,1.3488095391159411,0.07686756241983396,2.3428669495085663
2023-12-26,-0.18293235950769474,1.3249014914938566,0.11010650542019573,2.225728212274153
2023-12-27,-0.18069837398017977,1.380198641232288,0.0393152506637077,2.2047122019085803
2023-12-28,-0.25317042461637346,1.3435392495224594,-0.5592433223394633,2.0893742131446302
2023-12-29,-0.28947931413682104,1.364861815840911,0.09953435924478093,2.0452219665135583
2023-12-31,-1.1201356127847164,1.3078260856431794,-0.006042233907382745,-1.6121729582561164
2024-01-01,0.7665657383872367,1.2752590915643187,0.04345236730373023,2.002019522506681
2024-01-02,-0.9103550378203358,1.1709056026029019,0.07700909228030765,1.770826065057143
2024-01-03,-0.8617937060197951,0.7918473424976327,0.07992466356178095,1.87998945850191
2024-01-04,-0.7514368455019796,0.7337687041339542,-0.8403830519333065,1.7933625592086218
2024-01-05,-0.7321026511058353,0.8160714638945438,-0.15575761910453464,1.6875041012569048
2024-01-08,-0.7223799275764281,1.1184574039064215,-0.18247810906699444,1.5851611056865509
2024-01-09,-0.8159243357689059,1.010959104762981,-0.3523765941081057,1.6721735675766924
2024-01-10,-0.7789534102766027,0.9289365577120026,-0.4705859844734644,1.6515640015697108
2024-01-11,-0.7003481009655687,0.8240878064006789,-1.1437399098273207,1.7393691355535437
2024-01-12,-0.7591743305902943,0.9127995269981861,-0.44744004698086964,1.7067636569056748
2024-01-15,-0.775272444668017,1.0258598346397048,-0.2420347126500944,1.6739630547797864
2024-01-16,-0.8914087299261685,0.8348976015929649,-0.14193132248075613,1.694832827248366
2024-01-17,-0.831578585798033,0.8195678565421776,-0.26159732051515017,1.7041208374000383
2024-01-18,-0.7873744138522338,0.7935163031064947,-0.711918106833454,1.675794377707171
2024-01-19,-0.6355707726809249,1.0123373309153776,-0.5192099615245082,1.6001209679068948
2024-01-22,-0.6552458145467009,1.0159941383269764,-0.5169717706372073,1.5375144577480528
2024-01-23,-0.7954704704862529,1.1220321000014053,-0.7527826967464138,1.3441251738489937
2024-01-24,-0.7224934855184779,1.0205269609007805,-0.812123739544946,1.3939725795309936
2024-01-25,-0.6688873191096772,1.0584169183564192,-0.8390813294569683,1.1784954725842824
2024-01-26,-0.6369917492987083,1.0281437551704151,-0.793568941643713,1.1587058803665353
2024-01-29,-0.6050475485883318,0.9878178226706783,-0.7431005507664105,1.1566241194254538
2024-01-30,-0.6563336269428496,0.8400851954907659,-0.9346945468837105,1.0328985591723105
2024-01-31,0.8833520108595562,0.4768632678610122,-0.7257647627699364,1.1323426824316072
2024-02-01,1.7269404600079743,0.7176835520058553,-1.5399736631458554,1.1093378008541233
2024-02-02,1.6319117925205142,0.7312529058092848,-1.018077036041351,0.9864414754191575
2024-02-05,1.6230855272543165,0.6172206535285837,-1.1741470080674148,1.0402376227229149
2024-02-06,1.5483145190646252,0.605248298934282,-1.3647053434208698,0.9141725839284611
2024-02-07,1.4739173089767648,0.49069995895870455,-1.3930692538763187,0.8892492575115161
2024-02-08,1.3586299393712151,0.486819174753965,-1.9387097029936382,0.8401588165297078
2024-02-09,1.3253764064024967,0.3829203585066491,-1.537464781306408,0.8490363827877516
2024-02-12,1.332945680853778,0.455841439650276,-1.1753647186946155,0.7691836460459248
2024-02-13,1.323281963179052,0.1908924106525976,-1.375780880564715,0.8109383428579349
2024-02-14,1.2886489186118868,0.3287835499328448,-1.321652051767788,0.7468440869766702
2024-02-15,1.2152775844766779,0.6221155783860026,-1.0140077846208628,0.6516150677684194
2024-02-16,1.060863389422299,0.489532848855328,-0.7889066925392715,0.6377404362024172
2024-02-19,1.042075511104459,0.3949356005765691,-0.7112070024156366,0.6341605973210221
2024-02-20,1.0202492082987573,0.37711815368430596,-0.4599499460874112,1.9046737915584588
2024-02-21,1.026892579427183,0.5180058290977836,-0.557690701988398,1.7651665863450683
2024-02-22,3.0,0.7910117059736053,-1.0369133990866661,1.6723628591729267
2024-02-23,3.0,0.688917261306971,-0.9443992827371629,1.5968169854656225
2024-02-26,3.0,0.5167036761374526,-0.9932078674170697,1.6655337383582804
2024-02-27,3.0,0.6127575631737203,-1.1295957308625462,0.9985085142262342
2024-02-28,3.0,0.5644045315296895,-1.073183249022607,0.996330047257499
2024-02-29,2.4357340922250623,0.6327548521720082,-1.4966531788902093,0.9858314393124775
2024-03-01,2.0226882054599624,0.8065612228931147,-1.026524396939792,0.9664882826025617
2024-03-04,2.0028065343628887,0.6960024791170089,-0.8465987060198151,0.9041176372995697
2024-03-05,1.8608492309399143,0.5592320282015769,-0.6041884778398122,0.939882248783152
2024-03-06,1.7957842246110305,0.6602488872453435,-0.5370740276845942,0.8734846254390924
2024-03-07,1.754135736035989,0.6384531781314298,-1.2963703787544143,0.860402317422156
2024-03-08,1.865091309667628,0.6012654607766135,-0.5893216777682203,0.8371125265918615
2024-03-11,1.7859624677179182,0.6090335113573678,-0.5829134144194168,0.7626622013449013
2024-03-12,1.7384605505566801,0.6904368253903538,-0.8580699631017111,0.7587304386781772
2024-03-13,1.7006308915078316,0.7220521568302963,-0.8959494071457798,0.7174542174143228
2024-03-14,1.6367592699494389,0.4399162441893332,-1.3123129671857343,0.7517495172245358
2024-03-15,1.538696838774817,0.23611282786564314,-0.7343093125818828,0.7427060551392697
2024-03-18,1.4957614356478046,0.3384496674587755,-0.8253203533519667,0.7254794404558056
2024-03-19,1.4839777334148498,0.40930038517799006,-0.888011296481334,0.6836646263106754
2024-03-20,1.4395512930212278,0.25144978952215585,-0.9412498477016685,0.6589999596394449
2024-03-21,1.4938823154952274,0.4011258524842456,-1.3425472062760786,0.6228346542019216
2024-03-22,0.44116933289351423,0.012983194896161149,-1.423651671214478,0.7236479867908264
2024-03-25,0.43310719049049096,0.03663367565041158,-1.2464536638254138,0.7099574046398706
2024-03-26,0.4054937889894647,0.03921857462222308,-1.3292129846118241,0.7006016895451447
2024-03-27,0.39996870264577833,0.3787914145061249,-1.33562428073452,0.5346288159085345
2024-03-28,0.4413348555173265,0.534111690771315,-1.6472552209178706,0.5060832467223647
2024-03-29,0.43180810391071084,0.6150427547982446,-1.098312984213794,0.5002574661527692
2024-03-31,0.34221939727966183,-0.22145391651520108,-1.0422403206416013,-2.2273787536178262
2024-04-01,0.7897569747910358,0.3997879609461346,-0.7344185773423482,0.580428027255448
2024-04-02,0.8012848154209075,0.24781304457988645,-0.43415918279512766,0.6330523847276658
2024-04-03,0.7643518695822881,0.14435692097723843,-0.5047943913934505,0.6598882213511015
2024-04-04,0.7217604557301988,-0.24196519262533098,-0.7782499623615147,0.7672212228776876
2024-04-05,0.7628471858382473,-0.05936888284346951,-0.32358046856006245,0.6842729025521681
2024-04-08,0.7567208775850714,0.06761683679639284,-0.4450722243882292,0.6725172760044658
2024-04-09,0.7304020961380863,0.09009409818865576,-0.41806997515224775,0.6457670871111847
2024-04-10,0.7420979804013604,-0.30200569359166923,-0.5623370090470398,0.7177565957267416
2024-04-11,0.7219465326961958,-0.2101164542417705,-0.8506233009522775,0.755991454993476
2024-04-12,0.6870681251951597,-0.4980537067646879,-0.14393167113027763,1.0123515151419873
2024-04-15,0.667320576784084,-1.0201290647735048,0.20476496692540463,1.0181961171693905
2024-04-16,0.5743033137352802,-1.251724631919465,-0.027709634404038386,1.0894736874492221
2024-04-17,0.539420260530209,-1.1209439121413969,-0.11681779290576257,1.0622267340319742
2024-04-18,0.5267406967240906,-1.0334575891516815,0.11896269318674535,0.9577401101810917
2024-04-19,0.5702216037334671,-0.6728243327386109,0.18576111551948515,0.800926812216304
2024-04-22,0.5008492323113796,-0.30510300261533674,-0.10085661180212457,0.6688885653267899
2024-04-23,0.40315052086268416,-0.09618057541380776,-0.3136257234659025,0.5945070364723688
2024-04-24,0.39836253840254826,-0.23675791435003637,-0.5249997637336933,0.570450419138324
2024-04-25,0.2845623736087973,-0.28564494149163144,-0.018459930320418393,0.5382747123521742
2024-04-26,0.2816832167431709,-0.12678358163712064,-0.6624720544646452,0.6043008608346206
2024-04-29,0.23287996605333136,0.0818807229161389,-0.6972980159916452,0.5091700481353734
2024-04-30,-0.42812591464995225,-0.4287629899791474,-0.4126440411078491,0.7266311197553669
2024-05-01,-0.48988546685207934,-0.401919736908924,-0.39167086860964334,0.7101493631504354
2024-05-02,-0.4572929055191637,-0.14270894613126855,-0.17002179717948276,0.6222078644934772
2024-05-03,-0.5706969182430532,0.038295328537657075,-0.611758606461287,0.6109545390326152
2024-05-06,-0.5512456313871549,0.06663750182310148,-0.49084241594930267,0.6007470798406066
2024-05-07,-0.5374597674095938,0.02554906559511566,-0.7436865425708521,0.5467748141661828
2024-05-08,-0.6108969733341053,-0.02447414364254312,-0.805508140899943,0.46693408991306257
2024-05-09,-0.6662772099931817,0.18634949523625724,-0.9064194617389706,0.39197844600981274
2024-05-10,-0.7507814739757036,0.23927316999512926,-0.8632097524068953,0.3475546115464624
2024-05-13,-0.7393160251888069,0.18925162925224737,-0.6892255009356678,0.35379708438017443
2024-05-14,-0.6779878646942409,0.30926240000777705,-0.5384895778232633,0.32250940828964386
2024-05-15,-0.7406609523375698,0.585505505191237,-0.6079865987412127,0.14661240134059134
2024-05-16,-0.7858135858263505,0.5926816788517967,-1.050231167873211,0.10313557337486837
2024-05-17,-0.806163464549246,0.6715906498923625,-0.8217767446763672,0.04074293674140861
2024-05-20,-0.8097883158908681,0.3931665317629499,-0.8918623982701309,0.1746158764590048
2024-05-21,-1.0702418060087304,0.1588726875811975,-1.1626348507960504,0.1713526629278904
2024-05-22,-1.0453561568305272,-0.10482738927796173,-1.18840860286773,0.2683253402315204
2024-05-23,-0.9404284971502221,-0.45715107570001345,-1.3913765140284307,0.5025980833389957
2024-05-24,-0.8581461192182998,-0.26316374551053523,-1.298299167850249,0.4951262542792894
2024-05-27,-0.8450991425289471,-0.410451814312067,-1.2803322098544052,0.4940217013349365
2024-05-28,-0.744708807584708,-0.6519559420010775,-1.1558628315026986,0.5747981082623784
2024-05-29,-0.7746056433981695,-0.8619572160526665,-0.7827460953436814,0.6904436005118048
2024-05-30,-0.7580436881738251,-0.7729155157693884,-0.47529653576312497,0.5887592246117963
2024-05-31,0.21721807393049034,-0.545189072977063,-0.9280508839593153,0.3652870060097072
2024-06-03,0.21060792752794363,-0.8293265717933916,-0.5751295704193605,0.5159597391141877
2024-06-04,0.17449254704426814,-1.0225382883555583,-0.6573943035552152,0.572370499586052
2024-06-05,0.22843304818466129,-0.9690737144231008,-0.8342196025971107,0.5799197336449179
2024-06-06,0.22459177031383473,-0.985621024394735,-0.540591865922648,0.5811946503251378
2024-06-07,0.2768618493773594,-0.9436262157292327,-0.9918199200637023,0.5466643426496904
2024-06-10,0.38636811835274504,-0.8153152245120836,-0.8490260578589098,0.5074093210081482
2024-06-11,0.401088954402426,-0.8757036640789959,-0.8338437788017792,0.6482531929544947
2024-06-12,0.3308928386391683,-0.8367467239176782,-1.2084492483237315,0.7141523144404203
2024-06-13,0.3004978062448809,-1.2446531288256377,-1.747733602515833,0.7846798505581705
2024-06-14,0.22539449148832977,-1.5361583241650012,-1.555704257747488,0.8559377649226094
2024-06-17,0.17820781391730262,-1.4165138062708849,-1.4322812434338423,0.7891065934890933
2024-06-18,0.1582862153259243,-1.341763329785209,-1.0192899794667503,0.7609904451865249
2024-06-19,0.13805196522389,-1.3239264201436856,-0.9683900228340798,0.7558822754548958
2024-06-20,0.027859516652730055,-1.207525753784082,-1.2087871139637405,0.6752231566226762
2024-06-21,0.0824465935986943,-1.273854867819384,-1.0408829587860957,0.6549399939301535
2024-06-24,0.09023886230577331,-1.163377502866344,-0.8771577975279592,0.5018261083889354
2024-06-25,0.0998833441077766,-1.450562215263289,-0.9560645569092674,0.7150713397400333
2024-06-26,0.06050899359195489,-1.5957165588588444,-0.9638944093810667,0.7419764847603624
2024-06-27,0.02589723438237637,-1.5300040077262878,-0.8743994155382588,0.7786305366488115
2024-06-28,0.006290889366455241,-1.4121116543714927,-0.742828846637363,0.7066066671238396
2024-06-30,-2.019814131337533,-2.2068004091661066,-0.7938342977063169,-2.488768701317203
2024-07-01,-1.453609559215178,-1.3269629055279317,-0.8092709245723251,0.7589968966784298
2024-07-02,-1.3940625298254528,-0.9659896237382491,-0.8749784216902698,0.7325740278686156
2024-07-03,-1.5862224540971306,-0.9729984570383295,-1.0203955212452247,0.7778617088374344
2024-07-04,-1.5539730336760964,-1.0044222189621994,-0.9250961926776197,0.7715473419937974
2024-07-05,-1.5115005182221617,-0.9923242183837837,-0.7879329731338337,0.8468017876748992
2024-07-08,-1.7081639443795331,-0.8063874347626251,-0.6762388074914987,0.8279748261672099
2024-07-09,-1.6622619860565473,-0.7167432089194293,-0.6251433592738606,0.7798348482362663
2024-07-10,-1.6263792267455457,-0.2984066736505647,-0.6544110079587205,0.6428050146299539
2024-07-11,-1.5846075902505836,0.03229034746655548,-0.8291600720990687,0.37402787688868766
2024-07-12,-1.577846716521744,0.4043186123530023,-0.12110506449964155,0.262904601944389
2024-07-15,-1.5387799482129652,0.39749320829990914,0.0910592512418737,0.21203704723649217
2024-07-16,-1.4733894019374552,0.516725891571333,0.020377562712299596,0.021073468254428945
2024-07-17,-1.359644630023052,0.33898754940910314,0.2867673120297233,-0.10952440486148254
2024-07-18,-1.3207607673706645,-0.09392063946005132,-0.49736650887790207,-0.009192410866185984
2024-07-19,-1.2593433341755025,-0.21211474274156075,0.6475350028448514,0.04259395129123574
2024-07-22,-1.1796838891226986,0.013317262348371042,0.5709790899750956,-0.003931667379550702
2024-07-23,-1.185302835030854,-0.11153091230790811,0.6432497954587538,0.0577103452496657
2024-07-24,-1.2123882694273995,-0.5257206541024244,1.358770319931247,-0.0012291921848666717
2024-07-25,-1.1603627200624254,-0.46276791329543104,1.2706770199145254,-0.06881650101660447
2024-07-26,-1.2564065564887947,-0.07553804281583863,1.2570265330969568,-0.19242949120921385
2024-07-29,-1.1391891824983282,-0.12413608300046568,1.2242619200062959,-0.18187161867136895
2024-07-30,-1.04336988361864,-0.36841370498707676,1.4444550262004106,-0.25107256313269644
2024-07-31,-0.4330979597168648,-0.5123333153874033,0.9100882506737034,-0.16203205035003196
2024-08-01,-0.5095723319487072,-1.0191525033304678,0.7215457388333325,-0.12819175227240998
2024-08-02,-0.5386354227009944,-1.8104019402222655,2.2728466854566025,-0.010849079927221329
2024-08-05,-0.4819562997959975,-2.531608247267554,3.0,0.495710647567356
2024-08-06,-0.47125129818084843,-2.2042098567852517,2.369042559308558,0.2768291722052981
2024-08-07,-0.47571419252536573,-2.2262947978290413,2.222705019483274,0.2510640326052298
2024-08-08,-0.5745217313778509,-1.6054607804098966,1.4147232054402379,-0.04952001121502116
2024-08-09,-0.5501014764013946,-1.6048728092065623,0.7144597998303549,-0.036652499816552005
2024-08-12,-0.5326184988387848,-1.7901437017395787,0.7857113032066904,0.048826852076257664
2024-08-13,-0.4932292146935136,-1.4924064575071199,0.3243996991805935,-0.02523088571043057
2024-08-14,-0.511677179322202,-1.1975293949935373,-0.044776985588680894,-0.13740109498842093
2024-08-15,-0.5911695314246529,-0.6225381907380183,-0.16271809537746731,-0.22718850296440718
2024-08-16,-1.0890363207794205,-0.4068095085895847,0.049166860517978965,-0.2910102989008289
2024-08-19,-1.1168875918055592,-0.2502937931753232,0.14025198006991613,-0.34583174837753855
2024-08-20,-1.1138554695472727,-0.4110187751610837,0.23271454911101686,-0.2724589770033233
2024-08-21,-1.1081787786120374,-0.3112928341715913,0.3320614984068077,-0.3114275177048894
2024-08-22,-1.1483495518080227,-0.10292906286126523,-0.25595526537206725,-0.35060076116240296
2024-08-23,-1.0530231383199569,0.3305079021958382,0.49803756667376664,-0.4127806610255865
2024-08-26,-0.9395884360212368,0.43229547338991936,0.5303152613666376,-0.44458696300994033
2024-08-27,-0.8776290421293295,0.40705367609524373,0.4120408975966293,-0.4480177647412109
2024-08-28,-0.865875713228856,0.25317127329992317,0.7309102181188862,-0.41527511774129877
2024-08-29,-0.8271677566068248,0.4754494053593795,-0.3133505620634494,-0.493237525916322
2024-08-30,-0.8068293972814206,0.8330247523980923,0.0264534929810384,-0.6183419619058491
2024-08-31,-0.5923046491070258,0.9384264940271179,0.23953573130922134,-1.9558909273724376
2024-09-02,-0.7757897610103399,1.3937143882778835,0.47516782845398325,-0.5877229338697282
2024-09-03,-0.7685746491409908,0.6292833333136029,1.3310730335924417,-0.5265362837447464
2024-09-04,-0.7801726446766194,0.646207518468905,1.6679487582061283,-0.5140749870131546
2024-09-05,-0.7746220530592839,0.205006833208143,0.6111226074277456,-0.38560955471890646
2024-09-06,-0.7534629914716502,-0.05248642728526611,1.8837504776259795,-0.26167513214989047
2024-09-09,-0.5655287978230927,0.7288462748666843,1.7722409428101178,-0.39493784098873985
2024-09-10,-0.5427983847255925,0.3939315587596195,1.5830630059413286,-0.32583325010183206
2024-09-11,-0.4820281168183504,0.2694934446903017,1.085496465431904,-0.20888547365317228
2024-09-12,-0.48339618570822473,0.27104777286593296,0.7229877904320321,-0.23838443641171558
2024-09-13,-0.47439160285733856,0.5088242291037146,0.8651088150497639,-0.27547901964716
2024-09-16,-0.41317176946977646,0.6946785419334894,1.0328418818222616,-0.40904028684972926
2024-09-17,-0.3685002777078743,0.7998864213373392,0.9748385673259251,-0.3905462295936144
2024-09-18,-0.3423015481466485,0.8259878872155796,0.9416871346789898,-0.373071825746714
2024-09-19,-0.32181690773864724,1.2513815486627735,-0.5052430842163488,-0.42064342043871933
2024-09-20,-0.3253141285284717,0.62344108559165,0.14898827163065814,-0.4086251014402616
2024-09-23,-0.3667319664849723,0.7176801661563401,0.04092312972366784,-0.40790059536499157
2024-09-24,-0.43672535376831934,0.6942488755168662,0.029676218671028556,-0.3634689819812467
2024-09-25,-0.41386008244433886,0.39329710720389943,0.03966439304474958,-0.28135550855036057
2024-09-26,-0.29075075407607587,0.4871629706792993,-0.5479101929036695,-0.38187814503810846
2024-09-27,-0.28718584959188925,0.4233597745024318,0.208953848845775,-0.4325749509299394
2024-09-30,0.7948826161312211,0.5717903610259893,0.3915237845989011,-0.48930052886122083
2024-10-01,0.8206434282795741,0.3548609756060486,0.927808855317648,-0.43936087490524045
2024-10-02,0.8214706901146974,0.5285699237161777,0.7670832165578999,-0.43017000515856146
2024-10-03,0.8505981133418244,0.42554157367559087,0.45201376069264426,-0.3960594986912668
2024-10-04,0.9348397993638744,0.8600076499609893,0.7636315282133941,-0.5293227796740371
2024-10-07,0.8936961069995095,0.6758883140478618,1.5069370624609368,-0.43635055581534327
2024-10-08,0.9307587845220257,0.6981319185526113,1.1982459398884036,-0.42502349388576993
2024-10-09,0.9117384863807132,1.0762589920571735,1.0680930561065685,-0.5071408884096972
2024-10-10,0.8342159376758614,0.8526463494660328,0.1480403537639033,-0.44438122624631093
2024-10-11,0.8176011381654869,1.1144163957964974,0.899087750545711,-0.563640746868339
2024-10-14,0.7496631477985208,1.228821013367692,0.8394100731787342,-0.6212419846198944
2024-10-15,0.7302497672445498,1.270078915409015,1.0337271778928585,-0.6300929182436978
2024-10-16,0.7255914703573096,1.2430564317444093,0.6663237822800817,-0.6994267639047055
2024-10-17,0.8380945088872397,1.050671167902482,-0.17091881774399287,-0.690925610208263
2024-10-18,0.8385388817718177,0.9767293408737368,0.41781741791222876,-0.6693486460429524
2024-10-21,0.8329668656472218,0.7424455507420785,0.5582220344282036,-0.6333723067746757
2024-10-22,0.8472487681845454,0.5013158723412546,0.6122400682313186,-0.5720054091024257
2024-10-23,0.8348416893773752,0.25502465022772347,0.8245655459276217,-0.6466086346166752
2024-10-24,0.8831102888112281,0.27567501882600287,0.801447185640154,-0.5570756646896562
2024-10-25,0.8772915882687112,0.03513588914200354,0.8755900335999469,-0.46627265203968715
2024-10-28,0.8993399224387324,0.47992656007657103,1.0975797834624215,-0.5518737845156673
2024-10-29,0.9343080059605204,0.47952048527001934,1.159779611377335,-0.40798935384592444
2024-10-30,1.0537238664534614,0.6933560719467459,1.4109900032069989,-0.4055032726196291
2024-10-31,1.3916966121900882,0.3005102767558377,1.7225453097163126,-0.4576528669445303
2024-11-01,1.2356844743509818,0.3206420169454079,2.028648710496365,-0.6576439902453176
2024-11-04,1.271403019615819,-0.08631518292472057,1.6293412030671892,-0.6291314896689569
2024-11-05,1.3193506139361368,0.29081869350812667,1.3558483470681146,-0.695167042045338
2024-11-06,1.2338656252820515,1.250837374748759,0.7967507607675682,-0.8768828364729709
2024-11-07,1.2511276371611189,1.2344090434950934,0.16726724477213692,-0.7359940046104901
2024-11-08,1.253579879695694,1.1695012974419439,0.17162711030400024,-0.7429563492167276
2024-11-11,1.2430914603937047,1.0004963536831784,0.2976073582585407,-0.7688622466620855
2024-11-12,1.27335674576919,0.6305335191825191,-0.024414614658367573,-0.7792185215711199
2024-11-13,1.2601377399180491,0.481378041912575,-0.19251963331675137,-0.8014285973393378
2024-11-14,1.2624904037482434,0.1919213451046179,-0.8191909441745874,-0.7548308254511987
2024-11-15,1.345551942427076,-0.012229218641346937,0.027957091203041268,-0.7501470018563551
2024-11-18,1.3151752242738821,0.1542060876068399,-0.13024643770738045,-0.7460803442440248
2024-11-19,1.2887883567909673,-0.0024163095086586544,-0.08210992904660465,-0.6436318313253419
2024-11-20,1.2536558314304351,-0.026741669646894457,0.07827432289008301,-0.6190221995550456
2024-11-21,1.195385540390278,0.3303958464944264,0.06502413444629804,-0.7254248917702384
2024-11-22,1.2100606793279844,0.546097859061939,-0.5135640028392767,-0.7741907680136517
2024-11-25,1.1807007713106767,0.6172156821779251,-0.6486222820374873,-0.7348996555212954
2024-11-26,1.0605964135678558,0.41235212088536394,-0.7745743384330958,-0.7184337802209404
2024-11-27,1.0090376340661653,0.28158959166579295,-0.8566851882871397,-0.7233011085606867
2024-11-28,0.9812222567962505,0.2796759333386496,-0.23606526216018156,-0.7183336801006585
2024-11-29,0.9568275890794928,0.6020683259153564,-0.5446128000355351,-0.635483627128747
2024-11-30,0.6157723154872708,0.13813188026804296,-0.579832700822028,-2.189707814453264
2024-12-02,0.30166343834257353,0.3534053663586144,-0.5769869368298116,-0.5230639324470145
2024-12-03,0.3009745322141818,0.2459770007012364,-0.5610166624845994,-0.46626241258542134
2024-12-04,0.17477249987632779,-0.32520896255096965,-0.9300003374258579,-0.34846450903104315
2024-12-05,0.16169291614257678,-0.4936803191590721,-1.0176398546666396,-0.33302264550638067
2024-12-06,0.17092599883992077,-0.6193246956141941,-0.8578198307430549,-0.26064471119491495
2024-12-09,0.11140720579004791,-0.8437526054525459,-0.5269347665002206,-0.2476494833136701
2024-12-10,0.14182823799344135,-0.9620325471037826,-0.5020292335917632,-0.21411262782283494
2024-12-11,0.11153192936909473,-0.8797314560986258,-0.7811088909491352,-0.12193034286605746
2024-12-12,0.004039622423421668,-1.0658515514927838,-0.5534693379448891,-0.1285402493075166
2024-12-13,-0.01936600381175794,-1.0631292643317367,-0.7753474744037626,-0.12444336909205965
2024-12-16,-0.07742097761952738,-1.2686776988287882,-0.45635302447353804,0.03233241282918107
2024-12-17,-0.19443322385243947,-1.1929436023545055,-0.43629407921724095,0.08752705328266128
2024-12-18,-0.1673983244625882,-1.6591407988822027,2.325176406480107,0.3964883756878958
2024-12-19,-0.09168031871282323,-2.0351140793198113,0.932877063893729,0.3850847615164453
2024-12-20,-0.13246831743305776,-1.4126343937608214,-0.006758211448600785,0.21878834994081256
2024-12-23,-0.2110930808192379,-1.3740892026248739,-0.831687669517565,-0.935144416817284
2024-12-24,-0.23532660103388686,-1.0028210316773765,-1.4596816634232472,-0.9327532769050575
2024-12-25,-0.2198180984566985,-1.0221247082261358,-1.436298294900647,0.158581825612203
2024-12-26,-0.2088380948543489,-0.798046388693611,-0.4082981971932294,-0.9283362331837781
2024-12-27,-0.2175598421522097,-1.105786928973426,-0.5435397402417361,-0.9330586264489162
2024-12-30,-0.28945151103852174,-1.3053812840356782,-0.15624143195944226,-0.8370146006649168
2024-12-31,0.724010729521131,-1.4302219101227132,-0.45708001221263456,-0.8673954608777279
2025-01-01,0.7214854612528969,-1.4549130377152757,-0.3887930573672683,-0.852908300662494
2025-01-02,0.7641792302040621,-1.3800737222775052,0.34903719678176337,-0.7888819070786762
2025-01-03,0.8134527682515766,-1.10826837195711,-0.5071887213114797,-0.8094245385258598
2025-01-06,0.7573064233605724,-1.1617132186449803,-0.46338227052931147,-0.7776973862833692
2025-01-07,0.82551809073833,-1.4504903186866687,-0.17628642192753258,-0.823276108894874
2025-01-08,0.846746525241971,-1.5750076149862902,-0.26154382292503864,-0.8080752513696202
2025-01-09,0.8376532772222258,-1.7570145244978774,0.34562894074195233,-0.8169301823985108
2025-01-10,0.898850049955479,-2.052639430642582,0.082951666044138,-0.7542161127563497
2025-01-13,0.8639851565185332,-2.0186449672253026,-0.4406251639272438,-0.8330134150588807
2025-01-14,0.8638564445715042,-1.8183501930868322,-0.42357362884164684,-0.8806889812735414
2025-01-15,0.8048482786405831,-1.2586342390030534,-0.6158273532219078,-0.8299027858410633
2025-01-16,1.0085476392106096,-1.2148127688949106,0.7575304866809878,-0.7692521948018751
2025-01-17,1.0814065613642212,-0.6758122956008682,-0.3371499105921829,-0.8186089908095121
2025-01-20,1.0344967402295204,-0.8474166525956874,-0.5848820189995899,-0.8090461495736099
2025-01-21,0.9637028883104112,-0.5065826920735255,-0.7327978670913516,-0.8389542721477298
2025-01-22,0.9764633754995322,-0.5886629708673131,-1.146140192779951,-0.756283010827395
2025-01-23,0.9073211231012906,-0.4511775340060065,-0.9678995397806077,-0.808064297034933
2025-01-24,0.7333472673047554,-0.543682738528649,-0.9499461772205167,-0.7534592085504164
2025-01-27,0.7178552777502986,-0.4040831674196636,0.14807896153238917,-0.9536116363409504
2025-01-28,0.6920407002981873,-0.3213463847821469,-0.009849021357806487,-0.8066490576700609
2025-01-29,0.6434209279330381,-0.419811550814125,0.13461856486587884,-0.8093055343899633
2025-01-30,0.5475513309732613,-0.37440644066434803,0.05566826828443548,-0.8434791538827686
2025-01-31,0.8636937869366395,-0.954008581791785,-0.3133228894420065,-0.832325839638187
2025-02-03,0.9055505071769229,-1.4559833505642372,0.21941017223484813,-0.7371425960388632
2025-02-04,0.549158600812618,-1.2866337410820574,-0.32008202758271276,-0.7714735011845869
2025-02-05,0.4910825126478341,-1.1172942676905055,-0.7025185308269845,-0.7033988863262578
2025-02-06,0.3927050662969497,-1.1829410686148103,0.3431705826070394,-0.5874199739478492
2025-02-07,0.301022045871587,-1.415705977770738,-0.5235562180565916,-0.5326407588583256
2025-02-10,0.11542846862379491,-1.228993692339186,-0.5500515587575678,-0.5431569550961712
2025-02-11,0.007277898769301963,-0.9480696948931769,-0.4687970294545907,-0.644750027666187
2025-02-12,0.03969258188190635,-0.9253430029557091,-0.5363809786318161,-0.6325781985455646
2025-02-13,-0.005482273933599872,-0.8005246350292845,0.711183939614814,-0.6299246278189058
2025-02-14,-0.14587127730647026,-0.7731651866941394,-0.9374294038966832,-0.5455739981449401
2025-02-17,-0.16796495562042063,-0.8539782409780348,-0.8393532780175869,-0.5488846846323618
2025-02-18,-0.203567704576306,-0.7405415040782297,-1.2251620450146683,-0.6464668430983814
2025-02-19,-0.19827207788968562,-0.8486517398691478,-1.2400000724154896,-0.658553780087971
2025-02-20,-0.2630454608335039,-0.8908525491290316,0.061830777023591244,-0.6531909106385809
2025-02-21,-0.36985208927023316,-1.5472741884994548,-0.21788273650773712,-0.6072276375399214
2025-02-24,-0.21800551255899062,-1.5522600038538907,0.2328790423045299,-0.6182624005625263
2025-02-25,-0.19452842372672843,-1.4942952445365167,0.417273744394929,1.0034001270244102
2025-02-26,3.0,-1.794763262832997,0.35532074084787435,0.2425470323740021
2025-02-27,2.992814103476837,-1.9916230734744882,2.9668503180964807,0.20835197351058585
2025-02-28,2.4374294114973383,-1.6948802942043055,0.330033915863671,0.04029622715506474
2025-03-03,2.400264682990797,-1.881896403227544,1.1492321755104258,0.19363664181707832
2025-03-04,2.3316013008498695,-2.0363050500742816,1.4702158076259615,0.4458050903715043
2025-03-05,2.2832164519328124,-1.768355973321607,1.153854578799551,0.24734914383971202
2025-03-06,2.2687148743999415,-2.0605327313435353,3.0,0.24730396781516154
2025-03-07,2.1729983339214196,-1.851077024445891,1.2902599053687638,0.05706905820234142
2025-03-10,2.465133232439791,-2.473543807448616,2.1845542563953413,0.33136610618218093
2025-03-11,2.409925751383456,-2.69781514119675,2.1299818916540594,0.5420340442592492
2025-03-12,2.2544494289145387,-2.6880911648948134,1.5049834402796987,0.7111491934317812
2025-03-13,2.2359741294972326,-3.0,2.9730695135890968,0.8084340657579651
2025-03-14,2.113162665057998,-2.415104629550868,0.6924116355180807,0.5512689470213893
2025-03-17,1.9964758812652041,-1.8717850559939748,0.5634793659369043,0.36387384449773996
2025-03-18,2.0383739676284165,-1.8472805161895707,0.8136015247545628,0.38636322839079307
2025-03-19,1.9605772191535022,-1.7035446233328393,0.37643909733570735,0.3586676623826621
2025-03-20,1.915608662214981,-2.087890839496419,1.8968850545648437,0.3971935071575688
2025-03-21,1.871362030223208,-2.249838604924923,-0.13834679315388984,0.46209802060179644
2025-03-24,1.8420632119567149,-1.6382573713444912,-0.29534880668786995,0.2218021775203832
2025-03-25,1.7682380722951938,-1.6361746617171886,-0.4044542603518448,0.28501926509725184
2025-03-26,1.7513268512297417,-1.6014025778606757,-0.09912150278834653,0.16308661209834624
2025-03-27,0.4420753835497152,-1.5915312146021727,1.3009176764624597,0.12534070888868104
2025-03-28,0.4190977695084551,-1.9100551977853324,0.653994659672668,0.48646547021444997
2025-03-31,-1.3818758205441168,-1.7130673179865508,0.6203368880792167,0.3149024908007821
2025-04-01,-1.3863626367945228,-1.5474020633212837,0.6890680703028406,0.3899453993746885
2025-04-02,-1.3311017021995974,-1.3621267400117965,0.20702762827213528,0.2603536761652757
2025-04-03,-1.3276841361739538,-2.5173506991044237,3.0,1.0703926036773093
2025-04-04,-1.1831172322370864,-3.0,3.0,2.639944402112787
2025-04-07,-1.20962367579703,-3.0,3.0,2.715702819462307
2025-04-08,-1.0269129942807274,-3.0,3.0,2.9219730074402084
2025-04-09,-1.0912812654541453,-2.242910485106923,2.801640748059278,1.1200145747202375
2025-04-10,-1.1042301808074386,-2.5233191923742195,3.0,1.7902557602315055
2025-04-11,-1.1794969407257954,-2.289353594245941,3.0,1.2132906441587044
2025-04-14,-1.2046732996821523,-2.188918636196888,1.7545905461724147,0.8961563307756106
2025-04-15,-1.1941720438990175,-2.094527330643516,1.692152594189503,0.9379998033193547
2025-04-16,-1.1742588464799437,-2.2286228056385884,2.0140076452256848,1.4481330466649445
2025-04-17,-1.2430716738747443,-2.0738500457956666,2.1867627415536575,1.27334291144051
2025-04-18,-1.2250250289759277,-1.946920532717745,1.5103024018889897,1.2429050899371745
2025-04-21,-1.0946080882286575,-2.148336540628405,2.0868462699321904,1.6401607712256032
2025-04-22,-1.145333338226212,-1.9583705479630942,1.5671439731570393,0.9427169783512309
2025-04-23,-1.1091600759581113,-1.635623408052302,1.357276656463222,0.7864333984492612
2025-04-24,-0.9158815875518118,-1.3524721025437751,1.896825077653966,0.6227685544763422
2025-04-25,-0.8737952005545889,-1.254178375574301,0.942076839415671,0.6384961405462757
2025-04-28,-0.8573941622555451,-1.189447556827707,1.0979876434182338,0.5974100348690179
2025-04-29,-0.9290555164123764,-1.1046316960910965,0.9131468007795833,0.5067083152175592
2025-04-30,-0.7534209106594815,-1.1341344528036164,1.027260127175023,0.4926455925473417
2025-05-01,-0.8191187438455023,-1.191763688717754,1.8218113292884222,0.43716686860138637
2025-05-02,-0.801448497406128,-0.5951718270425076,0.8630295230357746,0.186481315483461
2025-05-05,-1.6072886461604587,-0.35414812474498203,1.1532970309588748,0.30515895331679005
2025-05-06,-1.5446553286592573,-0.22851107146136135,1.4167990947395035,0.43382070002382683
2025-05-07,-1.4442458388909634,-0.013381655881812119,1.3559757236698866,0.3360505511756566
2025-05-08,-1.4721182799654973,0.02613962519975836,1.2664797652761517,0.1291977722792455
2025-05-09,-1.3830510162020617,0.037661188186925265,0.9145971349960026,0.12472952530235927
2025-05-12,-1.2785193222788134,0.6884791703680678,0.344475156529919,-0.41473842844679826
2025-05-13,-1.2646416385375645,0.6145439753429839,0.3497163687658886,-0.24676012516361726
2025-05-14,-1.2188183107399406,0.45356125153681426,0.2816672768926684,-0.08562833942885244
2025-05-15,-1.1812851343152175,0.5535146218748251,0.5569838981240447,-0.2853604492928655
2025-05-16,-1.127136090486756,0.6009676318811173,0.22497179242691523,-0.4822097098639472
2025-05-19,-0.981757335751639,0.5858621984037745,0.344882648785326,-0.5823756287357893
2025-05-20,-0.9422699340238363,0.5970738422694617,0.4375048354802842,-0.5825801259299705
2025-05-21,-0.8800910126696979,0.3133894760848616,0.6688604752206742,-0.3152820796441733
2025-05-22,-0.7304828694851927,0.1355324593877373,0.48637832731284814,-0.16983596107937282
2025-05-23,-0.7911215712413417,-0.12057849828661223,0.7059483065814101,-0.042015688435668816
2025-05-26,-0.9903914460403458,-0.1392135980773246,0.42023487611299926,-0.03876338589089612
2025-05-27,-0.869795029416507,0.34042483815045094,0.46442961804486177,-0.32912442655532387
2025-05-28,-0.854080674228624,0.24679809841658462,0.4798510803493064,-0.11758222910857898
2025-05-29,-0.8528260418636358,0.45889027078751177,0.7677508640895213,-0.17884901950656076
2025-05-30,-0.7536590471951318,0.5163428365720076,0.43120194559347,-0.1683240456939895
2025-05-31,-1.5402878677364695,1.5257129178499826,0.34131433829398033,-1.2805903574611381
2025-06-02,-1.380813723130881,0.4009352934190533,0.37092790501231093,-0.22291466844680283
2025-06-03,-1.3599648511752864,0.575832023940413,0.26896506533641257,-0.3358583424280683
2025-06-04,-1.3484392395716163,0.4949814016305722,0.3263763514668353,-0.16744193845350552
2025-06-05,-1.3517417647778296,0.4010059049231145,0.6292857097853837,-0.18444726770690667
2025-06-06,-1.4169833160981062,0.699865645107262,0.20042004588993872,-0.4701042553568442
2025-06-09,-1.4839972322501331,0.492834060131812,0.09307319711097153,-0.4729249531686142
2025-06-10,-1.3379666270452364,0.5003706535923961,-0.01615107602716255,-0.5652708989795505
2025-06-11,-1.3830769651750512,0.3233725351748752,0.05336107438366616,-0.42100570063058984
2025-06-12,-1.3374421623075723,0.3131668635107493,0.08336847821082295,-0.444086001845758
2025-06-13,-1.2683408313597406,0.023446004254021834,0.33291568001251476,-0.27764931023517997
2025-06-16,-1.321357328150342,0.3427635237703668,0.051826962142136695,-0.4045531374514799
2025-06-17,-1.3782511749515363,0.09454929431646782,0.5073464699355414,-0.17061140080889675
2025-06-18,-1.3714582838377336,0.17486344679680887,0.3714086832430805,-0.1717193269853299
2025-06-19,-1.3407595251255253,0.10638873956985588,0.8774015537867936,-0.1658413856543218
2025-06-20,-1.3286040067502607,0.2579514950751818,0.5482597641617495,-0.21441002422179828
2025-06-23,-1.2114325429712591,0.3861822256967181,0.5010665896722983,-0.2444315601528473
2025-06-24,-1.2108188095696533,0.5031956765202322,0.18746485747205394,-0.3132347141790076
2025-06-25,-1.2088530177216361,0.4637541990258406,0.07886361122281556,-0.19468263877367403
2025-06-26,-0.9337339903305935,0.5217628292686655,0.3680266924265794,-0.3089979070135628
2025-06-27,-0.9824442554731874,0.5923777312198052,0.3015056471186462,-0.35608390985392846
2025-06-30,-0.4940342786743602,0.8954729007353193,0.7290329741087686,-0.3639989717605986
2025-07-01,-0.5077571490384244,1.2856809377580292,0.7665189523355269,-0.5723890159471031
2025-07-02,-0.6059935600316642,1.6338207697137872,0.8035431138301165,-0.5646842449669824
2025-07-03,-0.5429075446200116,1.8211561324186272,0.36788876254532615,-0.5837268828145111
2025-07-04,-0.5228805147536773,1.5481345168228737,0.5012700566562828,-0.5771092314067053
2025-07-07,-0.5220383811544586,1.1010909275577914,0.7062886865218058,-0.5114467471466347
2025-07-08,-0.45102538501751044,1.16107159445487,0.34517676005998355,-0.5525166324058672
2025-07-09,-0.44778441734927693,1.0444474537432709,0.19068555673710955,-0.4670732783238465
2025-07-10,-0.4190162205558508,1.0735540903058995,0.025404575388748202,-0.5305187720808012
2025-07-11,-0.45033821619306447,1.0663247601781962,0.22645543415688177,-0.5364335977908228
2025-07-14,-0.452709003554605,1.065548862163655,0.29464925283086674,-0.47142353858902036
2025-07-15,-0.4424302747454534,0.7767598685454465,0.2948077937890483,-0.36792938743682274
2025-07-16,-0.42532605047005767,0.9817609268085197,0.3821486599809241,-0.34841760182302584
2025-07-17,-0.3462794738508826,1.1200010940679137,0.24212940817378267,-0.33617497841627386
2025-07-18,-0.3285393246666029,0.9125105982836481,0.04979448291686301,-0.2992326899690178
2025-07-21,-0.35784812465682153,0.838343768581356,-0.08586313896605838,-0.24033030169700093
2025-07-22,-0.3972959534193952,0.9377902518412011,-0.09573042091513388,-0.3907575527758884
2025-07-23,-0.38949236005312854,1.1243536489772612,-0.5086263191235788,-0.5367076278914437
2025-07-24,-0.4145140017218928,1.0995285557479286,-0.4048640786681955,-0.4748821219330885
2025-07-25,-0.4647454815100554,1.1191513844744831,-0.3296550329943469,-0.4518442177307439
2025-07-28,-0.40903356469598007,0.9660569580794688,-0.36279518953856194,-0.4033312228680943
2025-07-29,-0.39784269301324643,0.7201178434658336,-0.3842723009097734,-0.3444587003636387
2025-07-30,-0.2862667724350495,0.5633531194426562,-0.691424924562572,-0.3205196968037222
2025-07-31,-0.5379968047447499,0.3812801528578913,-0.38835574795225464,-0.23866557175584852
2025-08-01,-0.5479251022979905,-0.08121805957680603,0.22067923823689284,-0.01080401711067693
2025-08-04,-0.36219805299015273,0.04879609519424314,-0.3375102392365127,-0.01341397027921083
2025-08-05,-0.3723046342275365,0.05680513770961107,-0.020489840804070587,-0.03281647360132906
2025-08-06,-0.41168186423486347,-0.013480968516032324,-0.4340744480755767,-0.04471583816724083
2025-08-07,-0.39908778893733093,-0.030185430419088274,-0.075248137805973,-0.12997956341792882
2025-08-08,-0.37280592814402946,0.14015800115307578,-0.774564082005931,-0.24935001488206263
2025-08-11,-0.3502109878694894,0.09825891769137267,-0.6071536302389129,-0.17082398540214727
2025-08-12,-0.2956824404137406,0.24803991619386784,-0.8332809237407827,-0.3318712331581635
2025-08-13,-0.2997330368589072,0.34072666293953263,-0.8229174828664765,-0.4340519092669817
2025-08-14,-0.29643789298372136,0.37185788276564635,-0.0026457095044229635,-0.4417886370137061
2025-08-15,-0.2988994549422131,0.39424357706615126,-0.7209880376715058,-0.4766564159779328
2025-08-18,-0.31996921241979004,0.4217368593377775,-0.8152092070953185,-0.4450949737464521
2025-08-19,-0.312870110627681,0.4302167857357764,-0.5868114742701294,-0.5423162267559456
2025-08-20,-0.32291055337655544,0.4371310554643189,-0.4657662698125937,-0.5320342397408865
2025-08-21,-0.6494070587894683,0.20987981943566156,0.14462857802143858,-0.48711720951732324
2025-08-22,-0.5521237414236813,0.45292182925693625,-0.6761102373309829,-0.4960669028144073
2025-08-25,-0.5304615315971372,0.39588621270032853,-0.7222854800498308,-0.4208248685034916
2025-08-26,-0.43460572183721086,0.3632140704968668,-0.832706838285386,-0.3680783511506608
2025-08-27,-0.43313649086985095,0.37354061660245264,-0.6906020889656463,-0.24809085160817876
2025-08-28,-0.3918284054476606,0.33428737640737943,-0.3940555088911416,-0.23155491889300645
2025-08-29,-0.4254293800196473,0.2250147770667022,-0.6296692028376677,-0.32327674709708537
2025-08-31,0.7764793681764294,0.5118538261114343,-0.5238402030450069,-0.911910642048642
2025-09-01,0.33996993559320277,0.3470949919567259,-0.3455555202976431,-0.2986452044613805
2025-09-02,0.32869238158164915,0.14561493101044992,-0.1304415915330876,-0.34517619483711953
2025-09-03,0.3033441741343222,0.0487140021620946,-0.29798466353391295,-0.18084014864771147
2025-09-04,0.2681503833007391,0.252806940848809,0.12448561049039858,-0.16710379546916385
2025-09-05,0.23266411816769464,0.10357787167930672,-0.28260216210709443,0.012869529008252533
2025-09-08,0.23029517619990456,0.07213435562714765,-0.4238398402683296,0.12038501275674983
2025-09-09,0.21644445389634623,0.08192562512434255,-0.48669820146314885,0.12616146267569664
2025-09-10,0.22139715233749502,-0.021379794660600596,-0.5160658735218636,0.34140662157401097
2025-09-11,0.10801351554186905,0.3507571948305335,0.537668152557903,0.16338140951305063
2025-09-12,0.07460671027508096,0.33764769683901596,-0.43254224132236085,0.19311193144381758
2025-09-15,0.05825360286010199,0.40676208235997263,-0.05505625498939742,0.3094466152998551
2025-09-16,0.1020351027412111,0.36407890297806617,0.12284876750449082,0.307903174646416
2025-09-17,0.04807282933117676,0.3964416543233711,-0.09800702718826612,0.18336089939674372
2025-09-18,0.10767601474254809,0.4928679220931578,-0.1469367608490848,0.09639183393558066
2025-09-19,0.10668386351189602,0.42810848932864953,-0.5468002556632066,0.0756057095858471
2025-09-22,0.049168669740157524,0.23281411731898422,-0.34254273445578726,0.12568778098736558
2025-09-23,-0.04222697264929824,0.1660121049795755,-0.29317518572910406,0.09719871921381068
2025-09-24,0.022998506205565,0.09674792172920657,-0.4710581284015406,0.08078782483103208
2025-09-25,0.27290028140214095,-0.1284830183410362,-0.24336269645102657,0.09713718443119236
2025-09-26,0.7277409551417902,0.08440546270369609,-0.5286830910122707,-0.07597136472376315
2025-09-29,0.7258765973309271,0.1966375203023516,-0.46439306919617307,-0.04574920575779516
2025-09-30,-0.09913279331935324,0.09170198028555718,-0.26925361830025923,-0.06696688277130013
2025-10-01,-0.22896872841071125,0.17295556519030023,-0.2845376741346879,-0.03311045057253598
2025-10-02,-0.20106102126243364,0.24658392968274842,-0.2509640850216594,0.01637622409704259
2025-10-03,-0.23459427197266464,0.18012768946120974,-0.42104711011324525,-0.14972665670897348
2025-10-06,-0.25320116017371397,0.2695811755404505,-0.33426198966782944,-0.22774944985067688
2025-10-07,-0.2572856913598831,0.16363335407550506,-0.09926314589100863,-0.158677802798368
2025-10-08,-0.295697505429041,0.2415445758998427,-0.4307390764438412,-0.12060999759279264
2025-10-09,-0.29106612234188983,-0.095471072135518,-0.5967265229233307,-0.0033342850353641033
2025-10-10,-0.2521284529636102,-0.8571892342087545,0.6153911327601294,0.37527620448820354
2025-10-13,-0.2893118808927522,-0.7596000403305296,-0.019929088661533912,0.3210511848896878
2025-10-14,-0.29400842435872315,-0.5301974200880538,0.36659479694361713,0.12979920233838274
2025-10-15,-0.22921238553035114,-0.3037597685589377,0.49925114439049323,0.06326815045999563
2025-10-16,-0.2269406878087555,-0.5612525680976259,1.7086871907549641,0.33838782034920784
2025-10-17,-0.22113706693032212,-0.5348879441966141,0.21787721316265277,0.1415358274145402
2025-10-20,-0.2034748686804947,-0.2600540646795351,-0.29325409124493845,-0.06355054374475448
2025-10-21,-0.17791331271567976,-0.1589822080180554,-0.2750023762668295,-0.07547665205419671
2025-10-22,-0.1920428795005868,-0.240504736551967,-0.2399166383303521,0.08221221166517441
2025-10-23,-0.19541380011473575,-0.023351323483185756,-0.009463719087389978,-0.016520819104582585
2025-10-24,-0.22697989786017822,0.09687877219126705,-0.5361255655569522,-0.04851587617065077
2025-10-27,-0.2465507952570815,0.3289249222401996,-0.31637688656709084,-0.048666883912397395
2025-10-28,-0.1902139561393817,0.2592051185009978,0.20802493992865745,0.16088666859389483
2025-10-29,-0.1870843169875657,0.23580828366265816,-0.056673244564916674,0.27044815661270566
2025-10-30,-0.19839230509640593,0.05985724544240138,-0.2388341221966178,0.25673139179749477
2025-10-31,0.739412774168657,-0.15264067393567401,0.14799022594223898,0.23106648592340506
2025-11-03,0.6185459516054121,-0.31115407981936233,-0.18444372759457758,0.34543541786837056
2025-11-04,0.6552965335825776,-0.4993042598158573,-0.06379243938492259,0.32379148219152926
2025-11-05,0.6913402205185087,-0.2816638958435666,-0.3029725614706257,0.14149073167359624
2025-11-06,0.7259381059642072,-0.5152987001387396,0.15170770208983012,0.29027096472290453
2025-11-07,0.6731007698239715,-0.4398799270568384,0.10263034236212826,0.15958367173410026
2025-11-10,0.6159568217994817,-0.03250539895849749,-0.04481262933444984,0.18089701122933158
2025-11-11,0.6412082913756063,0.09038987571368275,-0.05648622901400163,-0.10891189381369346
2025-11-12,0.7112814547025663,0.012707931140858206,-0.07766525357893578,-0.19778543239886026
2025-11-13,0.6799815488770722,-0.4173330410787317,1.0425567459352005,-0.19177721777132342
2025-11-14,0.7947892618068543,-0.3105710538668534,0.48581160136955215,-0.17187714854915362
2025-11-17,0.7855092396177111,-0.5533187853413781,1.0759295548592036,0.13075917987131117
2025-11-18,0.756667719198766,-0.8473400439739913,1.2704424481036862,0.16591890626558684
2025-11-19,0.7536779542743008,-0.7489894117638556,1.0716496160931896,0.6579866486889218
2025-11-20,0.8295813322159559,-0.9891041452625766,1.8305265239881225,0.841362078437546
2025-11-21,1.3549023651237115,-0.7372711722279297,0.9550972163919275,0.5740607574722265
2025-11-24,1.3352490686188943,-0.6075403080872758,0.3244232816121219,0.6479228023123934
2025-11-25,1.2326433279206526,-0.3946655361047595,-0.04471859655106144,0.46275572381041474
2025-11-26,1.2595999204417143,-0.13015520987853252,-0.34499630457214214,0.3475557233845418
2025-11-27,1.2496523522746152,-0.14669840437300471,0.2859616406980296,0.3536635920697419
2025-11-28,1.245685317506814,0.1818154503917026,-0.2430195781741638,0.1431962133071123
2025-11-30,1.171613756123608,-0.03334070127259849,-0.2075596476045918,-0.7618732102079037
2025-12-01,1.0363631771542368,0.32858780042381625,-0.005773233555348732,0.1375741957376452
2025-12-02,1.0933070643319742,0.39951901539629014,-0.1823018193135458,0.15130078402744812
2025-12-03,0.9175289038315251,0.41432731774108966,-0.4295680640835709,0.0843185202928552
2025-12-04,0.9933851165171471,0.5454001883364259,-0.7267043617777144,0.15866064226402313
2025-12-05,1.2945910396393492,0.782450363292859,-0.5361482742464457,0.1281076907971111
2025-12-08,1.4406655009172689,0.6292239070541102,-0.4977531628651226,0.15360958791899035
2025-12-09,1.5374155142554762,0.4531364430897706,-0.4939268513544869,0.17411471758097738
2025-12-10,1.4687540831603698,0.7274795475036977,-0.5624982243422211,-0.015912118373299394
2025-12-11,1.351339310673251,0.9022805725356284,-1.1660626685034354,-0.27863276851532864
2025-12-12,1.3068665738796363,0.6659862453292948,-0.8297603003350853,-0.3916778377527656
2025-12-15,1.2051273503523126,0.5868314027333483,-0.7508580587749636,-0.4022717928523944
2025-12-16,1.1369425868008576,0.4593827863167356,-0.5677287375224459,-0.14944662767106504
2025-12-17,1.0383936345213518,0.49897310588836785,-0.36099358740797954,-0.21814878060662898
2025-12-18,0.982741413460722,0.7355772131829157,-0.5677805506796352,-0.07086493521409645
2025-12-19,0.9118529387539902,0.8403385974732308,-1.0376331634150222,-0.1836877192881067
2025-12-22,1.049192954891282,0.9943947764055283,-1.3832348064163023,0.00902199597403554
2025-12-23,1.1047737998545706,0.9409147502330434,-1.4564441848021004,0.0873801246814036
2025-12-24,1.1337061594980857,0.9099500372774121,-1.7277088581156612,0.050450846826804695
2025-12-25,1.1049524610547377,0.9196468588948749,-1.2770959118132719,0.05861617542477012
2025-12-26,1.0947298024678263,0.8011763696032835,-1.271495448643181,0.0735408405509394
2025-12-29,0.8985130316900575,0.7357548394849246,-1.093957295616876,0.11850097927419728
2025-12-30,0.8955523837245016,0.7247023930079933,-0.8419318572877602,0.14575737213405976
2025-12-31,1.7256451316193466,0.3701172645090636,-0.833272657295592,0.2589868634812885
2026-01-01,1.6888801465797278,0.35826568934086556,-1.0516400228542795,0.2642338432907334
2026-01-02,1.6760353612306633,0.35129430979318027,-0.8990098892221474,0.1225192945180405
2026-01-05,1.5924482499402426,0.5976864471551776,-0.7345958093000108,-0.11370817966749255
2026-01-06,1.5428307301392647,0.8985052205285659,-0.6401956999219555,-0.30033770804689125
2026-01-07,1.442498145813041,0.6907137433016773,-0.4714041836149438,0.14434658085402358
2026-01-08,1.496174499783581,0.6345101347638955,-0.8962979438753682,-0.31614679896173886
2026-01-09,1.4293985725325624,0.7636035635700912,-1.0754360371494558,-0.41844837174914007
2026-01-12,1.3600323553086096,0.842159319119719,-0.885900776454791,-0.34506376353712903
2026-01-13,1.3103784137245305,0.8691681077513832,-0.7903288914554932,-0.18281429661502635
2026-01-14,1.3181944683170563,0.7515949866017665,-0.6991555063985855,-0.390189369000137
2026-01-15,1.4141945114807974,0.8628087609549285,-0.889356569834797,-0.491156699616007
2026-01-16,1.3434294743382988,0.8260956927175419,-0.33709393630323686,-0.3486752159369581
2026-01-19,1.3535630715829843,0.7607177108299115,0.43021192085856386,-0.35029281908647897
2026-01-20,1.3024642037439673,0.21375915202281345,0.4536623236356349,-0.13486555075249268
2026-01-21,1.2523541798107913,0.553366912994376,-0.16861373012121628,-0.39955052589214957
2026-01-22,1.3077828333615877,0.6472494486871957,-0.4933744971634742,-0.7243060969789077
2026-01-23,1.3262106748254778,0.47634586263568185,-0.3378534407286789,-0.444424291943518
2026-01-26,1.3424461849471212,0.6512641358218213,-0.35817027174139937,-0.42916947759788604
2026-01-27,1.2329543053418457,0.7152226734787928,-0.23959304797169176,-0.24507469104485208
2026-01-28,1.1203969740686466,0.7215785422354647,-0.2934127626965964,-0.4023054997025001
2026-01-29,1.2241670862497271,0.7133719766491002,-0.35843417681059186,-0.6553908259040258
2026-01-30,1.2071657237684805,0.7245362495998555,0.039585235824269364,-0.854182715071059
2026-01-31,3.0,0.8360418686742763,0.13542345325395833,-1.8641015348331302
2026-02-02,2.9467861255399215,0.9160610286812189,-0.3002467424245848,-1.0948144080420754
2026-02-03,2.7724188762561828,0.748622234447595,0.05237349157401915,-1.1805446534635087
2026-02-04,2.6132365341076813,0.9006583994323426,0.15682797576044108,-1.5444861219255976
2026-02-05,2.250036795034263,0.28348609396711477,0.6586763442812236,-1.3559005067525176
2026-02-06,2.24288684422453,0.6141759306924208,0.08341495074791822,-1.1714948199606503
2026-02-09,2.1081061386216633,0.5728486157529042,-0.21396610689684417,-0.9297004902210194
2026-02-10,1.9147066376008044,0.565812789219186,-0.0019324411338172327,-0.9203787283892297
2026-02-11,1.8400257039476036,0.6627926558804205,0.06594146739963141,-1.0280041889336609
2026-02-12,1.710155948384119,0.1212108880760667,0.7375781437215356,-0.7066487007017669
2026-02-13,1.5980629508472943,0.2459604768592632,0.7796966395947397,-0.6269171713076332
2026-02-16,1.525936687438343,0.2258921901811204,0.8193169295963643,-0.6099727367465164
2026-02-17,1.4555740846974667,0.13550780697769682,0.5603020360753668,-0.5904016435998609
2026-02-18,1.396843011012985,0.19043160915065785,0.33657375045372984,-0.6156625300582547
2026-02-19,1.4187992479225267,0.03591063203693843,0.5755231587881224,-0.5112131237110471
2026-02-20,1.1767771712757304,0.1377081266936207,-0.14069586669134004,-0.5570984652616121
2026-02-23,1.1747055301506555,-0.32174315203460924,0.44645410753831477,-0.3315128785914354
2026-02-24,1.1268272419780367,-0.26618866792797413,-0.06255658304660644,3.0
2026-02-25,2.959619605285861,-0.057368792909488174,-0.5899775630577322,-1.1109728774184227
2026-02-26,2.8309768021683452,-0.10113322507174205,0.05097969733529825,-1.2513034431540384
2026-02-27,2.7777503036733058,-0.4238927306985321,-0.35798885403776154,-1.2662854720972672
2026-02-28,2.4630849336449248,-2.776807475748228,-0.3795677888635045,1.1214377819307935
2026-03-02,2.94656594633479,-0.3143409141943424,0.07508313322968915,-1.3003965103069577
2026-03-03,2.7568937711075825,-0.6360367478516975,0.6786483481836868,-1.0488702402993402
2026-03-04,2.656223485193775,-0.2177318693174653,0.05320310481042449,-1.221283073500998
2026-03-05,2.498458523907879,-0.5159616340665601,0.8969139581251324,-0.8816966792964608
2026-03-06,2.27360373094953,-1.1934756953393533,2.145369581493096,-0.5101455359233824
2026-03-09,2.26474806909913,-0.8636869106195565,1.0433332341430739,-0.29212490390196827
2026-03-10,2.161611281846938,-0.8807334119687242,0.8961079616183018,-0.16820825682578752
2026-03-11,2.0601165917411692,-1.250846360787861,0.5168396017065591,-0.06158327499634586
2026-03-12,1.9897258193236544,-1.7096645287434105,2.1498503019378346,0.41236880843870266
2026-03-13,1.8791484504676153,-1.8951506213751594,1.5856019401398855,0.3318833413130094
2026-03-16,1.8344823412220954,-1.46664661625577,0.6925805263901779,0.21999264944193275
2026-03-17,1.7537614741743055,-0.9511594332953142,0.4046630609029785,0.19556934651628488
2026-03-18,1.6921489101979215,-1.6770679948094023,0.9994211653118719,0.7081299386410391
2026-03-19,1.6810380796536715,-1.50286361177904,1.8737033034058206,0.5181533177697019
2026-03-20,1.5800330177301736,-2.2457014229938874,1.36709150503264,0.5151953863325043
2026-03-23,1.5173715703454849,-1.2574326432360412,1.5454192254181938,0.4033281770747418
2026-03-24,1.4906251053440809,-0.4834757158785292,2.0211747104795377,0.11608094350917292
2026-03-25,1.4443270700083506,-0.5088495243133077,1.2846341377886483,0.05164030875312965
2026-03-26,0.8690839428527176,-0.5659843023651194,2.2002032039852635,-0.05295274759383559
2026-03-27,0.7856290764256766,-1.3492009581501474,2.5291610604935393,0.47168547523147664
2026-03-30,0.7420931113069349,-1.1181937665142143,2.245612278352804,0.8650274110086394
2026-03-31,0.5269259173974146,-0.5572580887789383,1.026519016434763,0.30023709020043005
2026-04-01,0.5731579463672855,-0.18196844866861503,0.979722843417148,0.28578493630273005
2026-04-02,0.5658036435534357,-0.17072197193746838,1.4190906886834023,0.4203341406737105
2026-04-03,0.5405742439869583,-0.13547794806415206,0.6726217434048306,0.42695054256378173
2026-04-06,0.532785494898396,0.3076063849769848,0.9361806197102792,0.26210490678260373
2026-04-07,0.5139608206018413,-0.08987449797011382,1.3005724813923123,0.6660585148408374
2026-04-08,0.4965047501659491,0.9316881816362136,0.193089180727431,-0.4182982872641897
2026-04-09,0.3937006950630997,0.9753932400321597,0.606372016041144,-0.47688212102452543
2026-04-10,0.30701773455551523,0.6546647307019134,0.04799406267978542,0.08610824294508168
2026-04-13,0.24976265446163667,0.8491026851015786,-0.23222783046496395,-0.11614397142564203
2026-04-14,0.2255875114251742,0.8201185787307376,-0.15030567438983236,0.11603589584718974
2026-04-15,0.22025601683444532,0.85003675650217,0.09724843316549735,0.039070210582184385
2026-04-16,0.1806233065636212,0.8132027471814505,0.5614393444378051,-0.24078437517999887
2026-04-17,0.1699281391813086,1.1910556553536051,-0.09391282492517879,-0.45753104345778334
