Date,F,M,S,V
1999-12-31,,,,
2000-01-03,,,,
2000-01-04,,,,
2000-01-05,,,,
2000-01-06,,,,
2000-01-07,,,,
2000-01-10,,,,
2000-01-11,,,,
2000-01-12,,,,
2000-01-13,,,,
2000-01-14,,,,
2000-01-17,,,,
2000-01-18,,,,
2000-01-19,,,,
2000-01-20,,,,
2000-01-21,,,,
2000-01-24,,,,
2000-01-25,,,,
2000-01-26,,,,
2000-01-27,,,,
2000-01-28,,,,
2000-01-31,,,,
2000-02-01,,,,
2000-02-02,,,,
2000-02-03,,,,
2000-02-04,,,,
2000-02-07,,,,
2000-02-08,,,,
2000-02-09,,,,
2000-02-10,,,,
2000-02-11,,,,
2000-02-14,,,,
2000-02-15,,,,
2000-02-16,,,,
2000-02-17,,,,
2000-02-18,,,,
2000-02-21,,,,
2000-02-22,,,,
2000-02-23,,,,
2000-02-24,,,,
2000-02-25,,,,
2000-02-28,,,,
2000-02-29,,,,
2000-03-01,,,,
2000-03-02,,,,
2000-03-03,,,,
2000-03-06,,,,
2000-03-07,,,,
2000-03-08,,,,
2000-03-09,,,,
2000-03-10,,,,
2000-03-13,,,,
2000-03-14,,,,
2000-03-15,,,,
2000-03-16,,,,
2000-03-17,,,,
2000-03-20,,,,
2000-03-21,,,,
2000-03-22,,,,
2000-03-23,,,,
2000-03-24,,,,
2000-03-27,,,,
2000-03-28,,,,
2000-03-29,,,,
2000-03-30,,,,
2000-03-31,,,,
2000-04-03,,,,
2000-04-04,,,,
2000-04-05,,,,
2000-04-06,,,,
2000-04-07,,,,
2000-04-10,,,,
2000-04-11,,,,
2000-04-12,,,,
2000-04-13,,,,
2000-04-14,,,,
2000-04-17,,,,
2000-04-18,,,,
2000-04-19,,,,
2000-04-20,,,,
2000-04-21,,,,
2000-04-24,,,,
2000-04-25,,,,
2000-04-26,,,,
2000-04-27,,,,
2000-04-28,,,,
2000-04-30,,,,
2000-05-01,,,,
2000-05-02,,,,
2000-05-03,,,,
2000-05-04,,,,
2000-05-05,,,,
2000-05-08,,,,
2000-05-09,,,,
2000-05-10,,,,
2000-05-11,,,,
2000-05-12,,,,
2000-05-15,,,,
2000-05-16,,,,
2000-05-17,,,,
2000-05-18,,,,
2000-05-19,,,,
2000-05-22,,,,
2000-05-23,,,,
2000-05-24,,,,
2000-05-25,,,,
2000-05-26,,,,
2000-05-29,,,,
2000-05-30,,,,
2000-05-31,,,,
2000-06-01,,,,
2000-06-02,,,,
2000-06-05,,,,
2000-06-06,,,,
2000-06-07,,,,
2000-06-08,,,,
2000-06-09,,,,
2000-06-12,,,,
2000-06-13,,,,
2000-06-14,,,,
2000-06-15,,,,
2000-06-16,,,,
2000-06-19,,,,
2000-06-20,,,,
2000-06-21,,,,-1.5718914929995034
2000-06-22,,,,-0.8871038851580789
2000-06-23,,,,-1.3276804239845208
2000-06-26,,,,0.08059860870634034
2000-06-27,,,,-0.33415476710521536
2000-06-28,,,,0.06915031559624878
2000-06-29,,,,0.04463566805263532
2000-06-30,,,,0.6517760239543907
2000-07-03,,,,0.7638984919690688
2000-07-04,,,,0.7242970454572639
2000-07-05,,,,-0.9780779067523497
2000-07-06,,,,-1.4890731083184547
2000-07-07,,,,-0.5821467779035344
2000-07-10,,,,-0.9657086029866313
2000-07-11,,,,-1.2721102262245567
2000-07-12,,,,-1.765789953174766
2000-07-13,,,,-0.4795552817444405
2000-07-14,,,,-1.4917589244098999
2000-07-17,,,,-1.991122871021672
2000-07-18,,,,-1.917508288072889
2000-07-19,,,,-1.8514205552090521
2000-07-20,,-0.09469963764568079,-0.5410357466303977,-0.9634408037511392
2000-07-21,,0.164554694682742,0.03235089571963261,-0.9594823439593809
2000-07-24,,0.1607160153947185,0.026221530818159193,-1.5226616363172902
2000-07-25,,0.5112365636699192,0.7920764947127843,-1.2130969426618718
2000-07-26,,0.4116122877584776,0.5732601329615649,-1.1980969105870396
2000-07-27,,0.493956857322861,0.7480822617916444,-1.1837591437465698
2000-07-28,,0.48411617252340033,0.7229823369276958,-1.1700370213201978
2000-07-31,,0.7506511301993178,1.2736712158854158,-1.5119666579609803
2000-08-01,,0.5487703408433973,0.8404933937632725,-0.41224745937741875
2000-08-02,,0.725140230781964,1.1923913815407856,-1.1390735507613898
2000-08-03,,0.23477006550985072,0.1790976411204654,-1.1271861353007284
2000-08-04,,0.03589969575588708,-0.22940642804652062,-1.11575123202218
2000-08-07,,0.6206021132741723,0.9667743364407877,-2.045586983881231
2000-08-08,,0.31258229101577356,0.33714741749892946,-1.4491137194783141
2000-08-09,,0.30623633191138805,0.3241027202456954,-1.741223319004273
2000-08-10,,0.19861062673047716,0.10599167024173003,-1.9244009753452869
2000-08-11,,0.603304654937811,0.91980177532755,-1.8617707660436924
2000-08-14,,0.48842762141856977,0.6841701433021163,-2.003806472560053
2000-08-15,,0.3746461832464658,0.4545993809538583,-2.0736073528875756
2000-08-16,,0.26152866924166984,0.22850838936330323,-1.8437504529415605
2000-08-17,,0.25595230062625157,0.21747095943530764,-1.787822978302596
2000-08-18,,0.46678399319049046,0.634149449601208,-1.6199813946714339
2000-08-21,,0.34863322325513113,0.398597481816631,-1.4481816760661692
2000-08-22,,0.2310683272008631,0.16609290522207693,-1.565615106670394
2000-08-23,,0.11379708132802045,-0.06470157371159937,-1.1241261684482982
2000-08-24,,0.22365303353537183,0.15231955682956302,-1.368259389797574
2000-08-25,,0.1038280626290627,-0.08294337431282477,-1.0709347532481284
2000-08-28,,0.21646871037122511,0.13902389231643733,-1.3444158107456323
2000-08-29,,0.094055112966416,-0.10076316743510919,-1.3203433057572576
2000-08-30,,0.3281687282883063,0.35812796146621373,-0.9854535726551366
2000-08-31,,-0.637767991961626,-1.50953935708074,0.7681314058741672
2000-09-01,,-0.38965506534638056,-1.0208250762843718,0.19415942358395427
2000-09-04,,-0.3869501604917096,-1.0065018622540707,0.18332163395324233
2000-09-05,,-0.7529802172566454,-1.6711842414649867,0.17261352469840396
2000-09-06,,-0.4962716030105932,-1.1778768419289658,0.1620317634008335
2000-09-07,,-0.49192098898946157,-1.157711834751985,-0.151325120897163
2000-09-08,,-0.4876543744524095,-1.1384119584911692,-0.4923763312361999
2000-09-11,,-0.22753926414272388,-0.6598414068492896,-1.1547224795517272
2000-09-12,,-0.3564515144595299,-0.8880731529680708,-1.4762478288916983
2000-09-13,,-0.6149880535306133,-1.3396747641208477,-1.0991576084020447
2000-09-14,,-0.3456915846674178,-0.8513950301296654,-1.4466689164105178
2000-09-15,,-0.34362058813323093,-0.8421946718231429,-1.4189792703358046
2000-09-18,,-0.3415843033565681,-0.8332513893636782,-1.0100916257668144
2000-09-19,,-0.06746428956309242,-0.346752654962126,-1.3947496362878484
2000-09-20,,-0.06867411619408585,-0.34727388526231956,-1.6118788780707491
2000-09-21,,0.06922972815940964,-0.10300746171923136,-1.3221937962449497
2000-09-22,,-0.07404204444030114,-0.3540286290518188,-1.3001578320789398
2000-09-25,,-0.07520293786750239,-0.35448675971815446,-0.8575270986523923
2000-09-26,,-0.6488541785775449,-1.3480458618152718,0.11838145408587121
2000-09-27,,-0.4985199095198299,-1.0774723245815463,-0.21899579056514046
2000-09-28,,0.23434372989663213,0.19123782585073476,-1.6019563667412309
2000-09-29,,1.1038823557510065,1.6665930990947901,-1.5666190298137768
2000-09-30,,-0.08980536043137113,-0.3639899183012328,0.46201656447089406
2000-10-02,,-0.23980600254005324,-0.6162567372966508,0.7403674564894797
2000-10-03,,-0.08876704921029949,-0.35856216510478667,0.42004165868490134
2000-10-04,,0.06223572936566106,-0.10188031576409004,0.08977691849581715
2000-10-05,,-0.5536005991424825,-1.1354394841027986,1.0072852371391923
2000-10-06,,-0.5489309587834109,-1.1187282832899417,0.6976287675789603
2000-10-09,,-1.0069390944964605,-1.8510583505261027,0.9816070092356307
2000-10-10,,-1.5977266118999789,-2.7207842673048255,1.3879999193773083
2000-10-11,,-1.2596695937091966,-2.13673724829151,1.2464156695756368
2000-10-12,,-2.256754989195445,-3.0,1.4250143123705994
2000-10-13,,-3.0,-3.0,1.4003994062926464
2000-10-16,,-3.0,-3.0,1.3513141075880668
2000-10-17,,-3.0,-3.0,1.355096364325357
2000-10-18,,-3.0,-3.0,1.3333911004669314
2000-10-19,,-3.0,-3.0,1.3001004196208061
2000-10-20,,-2.858686840816136,-3.0,1.2434633523955252
2000-10-23,,-2.920895601456482,-2.962496894408168,1.275010071104306
2000-10-24,,-2.508225651173984,-2.566997452859752,1.2441709444075655
2000-10-25,,-2.0763798030053833,-2.110962625460707,1.1054959277216778
2000-10-26,,-2.518222271032605,-2.484947281066237,1.1768331375028933
2000-10-27,,-2.102344436601833,-2.060205328811586,1.0055913461511614
2000-10-30,,-1.6558635418570942,-1.6267329741955718,1.0312535863269103
2000-10-31,,-1.6085311362651897,-1.5678533561603472,1.0559927599314547
2000-11-01,,-1.636565497777077,-1.5782140206263429,1.0324826028094598
2000-11-02,,-1.6617206738385586,-1.5855051749575422,1.0096533884973182
2000-11-03,,-1.2550888860343703,-1.2101605675975653,0.8461813345021673
2000-11-06,,-1.1560893851293652,-1.1145059970402882,0.7925392675396723
2000-11-07,,-1.206064649970458,-1.1519283574183208,0.8223463784959604
2000-11-08,,-0.890075452925695,-0.866763672709877,0.7576597533456951
2000-11-09,,-1.0956535747185119,-1.0433093312089372,0.8814610557613136
2000-11-10,,-0.5592692663381714,-0.5675399345552505,0.7692361832672687
2000-11-13,,0.6509335344652923,0.5009409026175592,0.857227430874337
2000-11-14,,0.4934496713193378,0.36268093336856994,0.7227366238612725
2000-11-15,,0.8678340394252511,0.6945273113125112,0.625597495870869
2000-11-16,,1.0829263994688336,0.8860225167101783,0.5765326288246589
2000-11-17,,1.1412834384641948,0.9390122071310149,0.5282060684196447
2000-11-20,,0.8967850914798325,0.7240022337146305,0.6083712410179879
2000-11-21,,1.2620521816764618,1.048262542485558,0.5364177921002063
2000-11-22,,1.0892791593952151,0.8965889170416678,0.6973839859564587
2000-11-23,,0.6929276606128304,0.5468681892168588,0.6820405570262148
2000-11-24,,1.1427550606048322,0.9457771514261367,0.4123879773789229
2000-11-27,,0.7432034177928628,0.5931100609410509,0.4706502998413438
2000-11-28,,0.5801976987750358,0.44951793915358984,0.8167071860365323
2000-11-29,,0.49644507002378496,0.375958165025955,0.9824957017030429
2000-11-30,,0.3343925927971133,0.23294955619376453,1.018355182047853
2000-12-01,,0.3316773822479473,0.23099319984469424,0.9965013298601606
2000-12-04,,0.008247446519674847,-0.055098930773418826,1.042841374368261
2000-12-05,,-0.23417026377999844,-0.26931124809872153,1.031649145226129
2000-12-06,,-0.23177782785005713,-0.2667199760111802,1.0207249876580653
2000-12-07,,-0.3115120513510767,-0.33672229262398956,0.9989335624439171
2000-12-08,,-0.1427818739012108,-0.18707540982994889,0.9776988680387906
2000-12-11,,0.025887278447313526,-0.03757515634173245,0.8906054672409693
2000-12-12,,0.026021289066612226,-0.037119389534746736,0.9049591774981892
2000-12-13,,-0.22868236943629958,-0.2618984317169835,0.9409072980265665
2000-12-14,,-0.397292494566556,-0.41028286066745084,0.9649127862782367
2000-12-15,,-0.3932076598075913,-0.40601798989643123,0.8899759399739154
2000-12-18,,-0.5621514310031481,-0.5541838995883525,0.9366573188060027
2000-12-19,,-0.11995843152849862,-0.16376393325478147,0.7647213343855085
2000-12-20,,-0.47041748810535283,-0.47205021288410026,0.9113391286664403
2000-12-21,,-0.6418187147694987,-0.6219073168158639,0.9246721930290211
2000-12-22,,-0.6343963619976073,-0.6142011589974546,0.9053278555712008
2000-12-25,,3.0,-0.8396735799562014,-3.0
2000-12-26,,-0.6171641240930371,-0.7492551978068309,0.848247627311786
2000-12-27,,-0.2028918184246272,-0.18834486358744373,0.7730128014761258
2000-12-28,,0.09341721748117321,0.2125014455328211,0.5920271293110796
2000-12-29,,0.2709109133102334,0.4518129754499326,0.5208135909123948
2000-12-31,,0.2689132077116369,0.44789473330284374,0.5090422947539754
2001-01-01,,3.0,0.6060335465668475,-3.0
2001-01-02,,0.059241353523193804,0.35537937823604104,0.7322661790687897
2001-01-03,,0.1931194007737871,0.5988436965953443,0.6288409095120945
2001-01-04,,0.146566635261803,0.5104535754496994,0.7144850246213915
2001-01-05,,0.19093267277413636,0.5886376616069237,0.5936518746494513
2001-01-08,,-0.08537837924001851,0.08078258206327804,0.7508707220256395
2001-01-09,,0.33077715143670217,0.8370385368083143,0.29953908466067836
2001-01-10,,0.1886960266068656,0.574957940925874,0.558953910890103
2001-01-11,,0.3277086027576546,0.822097905004213,0.4402337700938164
2001-01-12,,0.4192032400384274,0.9794277385006164,0.2511362857060572
2001-01-15,,0.46293321628691236,1.0483187897597084,0.24287480442587542
2001-01-16,,0.267922321575262,0.69609616391867,0.29746639427475896
2001-01-17,,0.4100521389447268,0.9413556001029713,0.28874791519107196
2001-01-18,,0.5031774626279045,1.0951370832493121,0.4327104499603987
2001-01-19,,0.7409050735057117,1.4876967249994715,0.09006239015557106
2001-01-22,,-3.0,1.2889527468134567,0.18223219151968015
2001-01-23,,0.7915951438062169,1.6612790757770608,-0.22218676073084584
2001-01-24,,0.4323913964677808,0.895669178791721,0.17972784336508932
2001-01-25,,0.38936438002347695,0.8011806058842978,0.05458101621193901
2001-01-26,,0.26720130665028163,0.5438193597099212,0.17462266592289147
2001-01-29,,0.22515962763400016,0.4549983978480331,0.27561135809789244
2001-01-30,,-3.0,0.6174812295036698,0.06763761139478403
2001-01-31,,0.43602757406229053,0.8604478516215424,0.15165324452176612
2001-02-01,,0.23030244499173722,0.34573324864612776,0.5705560227531951
2001-02-02,,0.533773206535854,1.0976399197711715,-0.12197450516042471
2001-02-05,,0.4949624040965324,0.9954443134298072,-0.1272127551105637
2001-02-06,,0.695712299692681,1.469041673648429,-0.48720093737041265
2001-02-07,,0.31027716828846547,0.5327557072143022,-0.1249550993199322
2001-02-08,,0.516010832161094,1.0247541362076846,-0.24872008310941893
2001-02-09,,0.44171158140586425,0.8426264286345759,-0.252866486365687
2001-02-12,,0.367742012779371,0.6643714556515723,-0.4121592270668917
2001-02-13,,0.3647750438210805,0.6561565691736818,-0.41472516082092814
2001-02-14,,0.5396376829708303,1.0642044113925428,-0.7178893235284776
2001-02-15,,0.42751153542466813,0.7967650728422777,-0.5438430906410131
2001-02-16,,0.45990916561648276,0.8688202935384332,-0.39908231169398506
2001-02-19,,0.23837362658967773,0.3519507577507227,-0.21904878583174883
2001-02-20,,0.3461820588211881,0.6026512458802615,-0.41544846720378864
2001-02-21,,0.159375310467809,0.16890804842499554,-0.4179524661466164
2001-02-22,,0.26942188882775786,0.4251190812738885,-0.06321032514687411
2001-02-23,,0.22999127224110383,0.33411271915166685,-0.22487710466824806
2001-02-26,,0.3033907785206817,0.5042195640746783,-0.22919158991944605
2001-02-27,,0.37660685432401614,0.6721897656065426,-0.4631120280840869
2001-02-28,,-0.08378681343892637,-0.389002874042017,0.6744180579205051
2001-03-01,,-0.04480963307997788,-0.2980302179613819,0.6616209111869352
2001-03-02,,0.2649101468186306,0.4160892689165137,0.40177462356332566
2001-03-05,,0.029197237676845407,-0.1254842285526807,0.17166656883681855
2001-03-06,,-0.010304111983202519,-0.2154006367325212,0.30215855447361767
2001-03-07,,-0.12885329683825103,-0.48666374834049647,0.2934809795380952
2001-03-08,,-0.048351352611442036,-0.3005945829745185,0.39543474277905816
2001-03-09,,-0.04804951553530342,-0.298846320848998,0.2659878664324802
2001-03-12,,-0.12851797072682228,-0.48213871631713884,0.4974799882960877
2001-03-13,,-0.08696213787309048,-0.38564073353944894,0.23761831469507716
2001-03-14,,-0.12734038224365632,-0.47673285524769704,0.36815160911075395
2001-03-15,,-0.2913733085166198,-0.848098867648625,0.35880792370398296
2001-03-16,,-0.20621648896968817,-0.6516133872092383,0.4883112411923245
2001-03-19,,-0.03748599912657757,-0.26677275462967937,-0.004172257995827782
2001-03-20,,-0.12148147263128335,-0.45644648825088435,0.4814068656218489
2001-03-21,,-0.29019076625258705,-0.8357700839890698,0.8127873467500667
2001-03-22,,-0.24537730632223037,-0.7314368985739279,0.6320390431911052
2001-03-23,,-0.11467777102119998,-0.4352119589294612,0.5089349339223309
2001-03-26,,-0.15715282131952832,-0.5293680530421693,0.49810808662912476
2001-03-27,,-0.15603413020964055,-0.5252663163130096,0.4873909242966028
2001-03-28,,-0.19879722286768706,-0.6193298402289896,0.4767802954664296
2001-03-29,,0.20034339389689368,0.27678291634764407,0.6143065486872911
2001-03-30,,0.3766528283495533,0.6709958436164883,0.00884080028634074
2001-03-31,,0.060567164782576156,-0.03497244284030259,0.6058482531811061
2001-04-02,,-0.030050036826267966,-0.2367149252302673,0.5938618213873134
2001-04-03,,0.015560193676116243,-0.13393276315181607,0.5820150564728412
2001-04-04,,-0.07601208216000213,-0.3376262592975694,0.8473105731751935
2001-04-05,,0.016601986116120737,-0.12991474861424268,0.7582260383735793
2001-04-06,,-0.12262007830954229,-0.43969627386678845,0.8452747095381397
2001-04-09,,-0.02839980282686,-0.22858173121827774,0.8298425739588783
2001-04-10,,-0.028208673386553983,-0.22731242886026903,0.6954714754284299
2001-04-11,,0.0666646463621624,-0.01491154374131267,0.4524678139346241
2001-04-12,,0.06620015245870244,-0.015170114712383248,0.4421359263316863
2001-04-13,,3.0,0.09160965113223873,-3.0
2001-04-16,,-0.11166252434217348,-0.2326859353514072,0.4306007584837086
2001-04-17,,0.006972971458290516,0.09403846487138114,0.4213011626568476
2001-04-18,,0.00682549470273213,0.09300692921735398,0.7659658196486632
2001-04-19,,0.046546380072236805,0.20186852212341985,0.6294976382671379
2001-04-20,,0.04612706745918631,0.2000092704128948,0.37106306691581126
2001-04-23,,-0.03512531601717773,-0.02453444287103909,0.7080926931555747
2001-04-24,,0.04640117116385741,0.19947312687585425,0.34167274882586457
2001-04-25,,0.04598217400501187,0.19762719166470152,0.33313606271900476
2001-04-26,,0.12806036767419166,0.4224461721419096,0.10130123007966882
2001-04-27,,0.002490637090051291,0.07647340971095792,-0.021416335265934398
2001-04-30,,0.04418077952164589,0.19045002034638628,0.6029299505660041
2001-05-01,,0.1279604978642734,0.41955856787581475,0.0778202043077757
2001-05-02,,0.1269730537442025,0.4156528565457549,0.07131022045632557
2001-05-03,,0.25390667266965916,0.7600546066704997,-0.07675937546096893
2001-05-04,,0.1661699852700466,0.5186811312526207,0.06798988470037995
2001-05-07,,0.2944546866003914,0.8635064137023611,-0.09722695876973078
2001-05-08,,0.3356259474723777,0.9685709699928515,-0.2697985803890302
2001-05-09,,0.37669403540963403,1.0706872100931368,-0.7163230186572502
2001-05-10,,0.5053627466591799,1.3974540418032604,-1.2608662814723675
2001-05-11,,0.7648660589561526,2.0320385655811894,-1.5894855572859623
2001-05-14,,-3.0,1.3125205168421281,-1.2211891839528783
2001-05-15,,0.4856840203627716,1.287232738596855,-1.2103459777551284
2001-05-16,,0.5560614875829107,1.4813089655863843,-1.4549874293906475
2001-05-17,,0.7375851594763739,1.9780357985107662,-1.5314380052657184
2001-05-18,,0.7303804194542707,1.9125317003210736,-1.5340662421532223
2001-05-21,,0.648288445587102,1.6482249938270348,-1.4977329386333729
2001-05-22,,1.0174363774947452,2.5783997376127643,-1.516427921225558
2001-05-23,,0.9300079815207852,2.265334484777185,-1.4960857963870549
2001-05-24,,1.0689587927771245,2.5227354687565144,-1.4990361615069856
2001-05-25,,0.8676395859181908,1.96387592412365,-1.449287147109328
2001-05-28,,0.8203624338935233,1.8066001121648205,-1.4311425714934718
2001-05-29,,0.9249508343169093,2.00223822592633,-1.4135575810008112
2001-05-30,,0.8385287052517466,1.7605545861053773,-1.3965032831223352
2001-05-31,,0.6771950029875616,1.370556522700187,-1.3361679081402318
2001-06-01,,0.5940473141268979,1.1693558995311528,-1.3141658982201054
2001-06-04,,0.5500930983622484,1.0608342626982825,-1.2783515172674225
2001-06-05,,0.8925392591860152,1.7816022190639365,-1.4015500228659585
2001-06-06,,0.8052432170075634,1.5623120361318523,-1.3775804568153256
2001-06-07,,0.7191414107985689,1.357793453988297,-1.3755790920475743
2001-06-08,,0.6729723849168089,1.244168463247963,-1.4015861221209929
2001-06-11,,0.3918052760350602,0.6530064613154503,-1.377641187332179
2001-06-12,,0.6646584462968268,1.2065898932247665,-1.3752389931788371
2001-06-13,,0.6186750745569264,1.1000098471588708,-1.3383451468867416
2001-06-14,,0.5333312146220153,0.9181787331106278,-1.3231939920187032
2001-06-15,,0.528517798278868,0.9011853397580472,-1.3561258236732758
2001-06-18,,0.4031190677043654,0.6452283129295677,-1.32007128493507
2001-06-19,,0.4805374443171976,0.7952439611030278,-1.332273055689335
2001-06-20,,0.15056696913813153,0.13659248912243607,-1.317161898428297
2001-06-21,,0.10808736014242978,0.052180775553906183,-1.2624923998539939
2001-06-22,,-0.05831341382247436,-0.27870661416003806,-1.2492719358952125
2001-06-25,,0.19108221024276087,0.21802433142058653,-1.3154998029508371
2001-06-26,,0.2729380097779909,0.3799806759247561,-1.4053620103332591
2001-06-27,,0.27057423877176895,0.3743789988787878,-1.387881964488514
2001-06-28,,0.2682240947041256,0.3688337197348232,-1.3709123381202866
2001-06-29,,0.35092623795540306,0.5303241358687536,-1.2323958513880378
2001-06-30,,0.3478969568995043,0.5223026691093652,-1.1812954958448343
2001-07-02,,0.4308136836459506,0.6815535907848143,-1.1699175752850646
2001-07-03,,0.12434412202057074,0.08167882989355918,-1.3365222413930882
2001-07-04,,0.12303539064795921,0.07930056126598703,-1.23901591779888
2001-07-05,,0.12173265644072499,0.076937199731496,-1.313949338479471
2001-07-06,,-0.011942403161846691,-0.18355242957509868,-1.2989768476550714
2001-07-09,,0.07646725855194934,-0.01058150560364733,-1.3772737561627457
2001-07-10,,0.030782159599168978,-0.09922898257599792,-1.360388139654986
2001-07-11,,0.07506218962806172,-0.012513093323430577,-1.3439784379493547
2001-07-12,,-0.01645029375530561,-0.19027051155633184,-1.120658407413775
2001-07-13,,-0.15349509025763722,-0.456190393093312,-1.0493781090927339
2001-07-16,,-0.06132260108805793,-0.27603027489540954,-1.107593630913274
2001-07-17,,-0.19979845578565175,-0.5441298490056622,-0.9700856035084297
2001-07-18,,-0.47708131470601256,-1.0776020417461958,-0.7681805162420021
2001-07-19,,-0.19447837446257288,-0.5295341991012427,-0.898048408693813
2001-07-20,,-0.24062835477279257,-0.6171463589783772,-0.8374347950571012
2001-07-23,,-0.38109089071406804,-0.8849782941445327,-0.7959960962087265
2001-07-24,,-0.42633540644338264,-0.9679760014239769,-0.8340261513026935
2001-07-25,,-0.28066368692060883,-0.6867328212786974,-1.0283684773274908
2001-07-26,,-0.32727366442688116,-0.7735663491857282,-0.9537772272180268
2001-07-27,,-0.22890901692122234,-0.5842501375102581,-0.9467526985937293
2001-07-30,,-0.22786984927709972,-0.580862731707103,-0.8557767183087357
2001-07-31,,-0.7147027151741197,-1.4948265831427228,-0.5855537422674127
2001-08-01,,-0.9038116083279886,-1.8267616077684956,-0.565600362313945
2001-08-02,,-0.7977148230347997,-1.6119826632732592,-0.5881170521852158
2001-08-03,,-0.7418343424570354,-1.4952978393895175,-0.6043486811940926
2001-08-06,,-0.7357671420600648,-1.4711423355036923,-0.6022782475046234
2001-08-07,,-0.7791780105390278,-1.5348467387876659,-0.6002247807474212
2001-08-08,,-0.8220901455787604,-1.5950392857549147,-0.5800529083931144
2001-08-09,,-0.7153808718934556,-1.3945290634037333,-0.6205577218400443
2001-08-10,,-0.7096256671266856,-1.373677493111984,-0.569892979610292
2001-08-13,,-0.5028746136954476,-1.0080678272761583,-0.6649565376952867
2001-08-14,,-0.7016083386713854,-1.3437957758708117,-0.5593015497583123
2001-08-15,,-0.6960087004195878,-1.3244656162707347,-0.4910058974876421
2001-08-16,,-0.3335056311873821,-0.7008806183621626,-0.5264589514682843
2001-08-17,,-0.4856624592891565,-0.9574954231737299,-0.6040268738250093
2001-08-20,,-0.5339962754769165,-1.0351644202322403,-0.5169370679858833
2001-08-21,,-0.47846488927248765,-0.9371624282571316,-0.5157206560519201
2001-08-22,,-0.4231559360770957,-0.8407427340692349,-0.6117621046653479
2001-08-23,,-0.5776040121686316,-1.095911091883518,-0.6095433533941084
2001-08-24,,-0.4682092566960912,-0.9086957144518826,-0.6498750903106788
2001-08-27,,-0.35918956229414745,-0.7241213013165774,-0.7503882148794142
2001-08-28,,-0.4102869899310647,-0.8070332413537336,-0.6372381376190543
2001-08-29,,0.12874163463738444,0.09229902629339554,-0.6347002757354382
2001-08-30,,0.019701085249775447,-0.0889714865497556,-0.4618494343433856
2001-08-31,,-0.631575651129274,-1.1679773372486775,0.25362558356030385
2001-09-03,,-0.7893736835570232,-1.4178194093164571,0.33492486183799364
2001-09-04,,-0.45577210857811895,-0.866210844686897,-0.3135724420313735
2001-09-05,,-0.5076291312442948,-0.9474865873663387,-0.2588667415766614
2001-09-06,,-0.6142893654124235,-1.115877629447974,0.12765559003771618
2001-09-07,,-0.8853096099459405,-1.5413619315305116,0.401231545361201
2001-09-10,,-0.6559382457210329,-1.1652964494974662,0.2416929569399665
2001-09-11,,3.0,-1.4120565989783291,-3.0
2001-09-12,,3.0,-1.128834375925949,-3.0
2001-09-13,,3.0,-0.9399452084306629,-3.0
2001-09-14,,-1.5159213621519951,-3.0,1.4243342721276357
2001-09-17,,-1.2920678572919408,-2.6661832457419807,1.3963719788651328
2001-09-18,,-1.2078371364289358,-2.399632299938196,1.3743788856894688
2001-09-19,,-1.4894556657752256,-2.7896617205370418,1.373291143280583
2001-09-20,,-1.5299742138094072,-2.691651445294463,1.351978960561781
2001-09-21,,-1.0123317638450633,-1.7841177429811081,1.2911679366412132
2001-09-24,,-1.4932652412827354,-2.5658976014530936,1.3020881230667078
2001-09-25,,-1.564881647322862,-2.487597390467732,1.3026250681346625
2001-09-26,,-1.6006509463372145,-2.415508853190119,1.298104986387709
2001-09-27,,-1.6972846095488867,-2.3488397309213513,1.2837997183009586
2001-09-28,,-1.505842542602441,-2.286932714463898,1.2600583533102399
2001-09-30,,-1.2272671893438083,-1.8802714366952682,1.2564477412656752
2001-10-01,,-1.1788483929836169,-1.7676696098576168,1.2383029285104892
2001-10-02,,-1.415752861006405,-2.117879261387752,1.2302788943300182
2001-10-03,,-1.3614911211928136,-1.9846185289654752,1.212782224495376
2001-10-04,,-1.371516154986063,-1.9586960283428134,1.2053011517873458
2001-10-05,,-1.349911323392333,-1.8865034389444044,1.1931814234476001
2001-10-08,,-1.359916553899396,-1.8649299937032062,1.171804519511633
2001-10-09,,-3.0,-0.9275068324209232,1.0272868948672582
2001-10-10,,-3.0,-0.8193181732910492,1.0094180261388614
2001-10-11,,-3.0,-0.9497286506496376,1.0203520247757092
2001-10-12,,0.23706592650561154,0.40198442305647775,1.0073582159160595
2001-10-15,,0.007370907877821832,-0.0832592366396397,1.0418109528935775
2001-10-16,,0.030546500195513904,-0.033797602028546224,1.0095626184108892
2001-10-17,,0.4234051521839159,0.7948494962950118,0.9214674154611586
2001-10-18,,0.37434230103698213,0.6905000773171875,0.9148964118997257
2001-10-19,,0.0684615851946716,0.04788767441726718,0.8943272658161645
2001-10-22,,0.46751978558106644,0.8839687231390924,0.8553083991241751
2001-10-23,,0.5585941417020202,1.0689289671347233,0.8403625358205408
2001-10-24,,0.554607441728536,1.0551087440306886,0.8443929822706275
2001-10-25,,0.6218084666465904,1.1857186978485827,0.8483430543685444
2001-10-26,,0.5456448818156786,1.024343525316333,0.8615704738521922
2001-10-29,,0.6135436069204767,1.155034289070021,0.8511968611026238
2001-10-30,,0.6089060966055398,1.1381258717092089,0.8409723067763853
2001-10-31,,0.4352918419542944,0.7871875473979845,0.9613980768846735
2001-11-01,,0.28651179967095525,0.4890739857083038,0.9772639997061423
2001-11-02,,0.55367787264494,1.0183065435246375,0.904660024039627
2001-11-05,,0.6475970412563857,1.195981901873555,0.8518255903021401
2001-11-06,,0.5933815837464649,1.0824151504701762,0.8879227269404553
2001-11-07,,-0.05521187255897613,-0.1878642538446128,0.946488571697306
2001-11-08,,0.04509306613002217,0.008937071183553583,0.8977659342585046
2001-11-09,,0.1704900799541575,0.2548283068560481,0.7943844265547053
2001-11-12,,0.16957294682338409,0.2533307933277382,0.7849113169926144
2001-11-13,,0.37170333648479503,0.6479976366384661,0.7154529486855278
2001-11-14,,0.5730072259203246,1.0354422082383277,0.57730269015122
2001-11-15,,0.7979724357314718,1.4547386137152087,-0.8241785137421079
2001-11-16,,1.1203266246881727,2.022919690784714,-1.1872402981701284
2001-11-19,,0.8788438900331643,1.549404184097593,-0.9150679249834417
2001-11-20,,0.8956653910597551,1.5578161740572258,-1.032554467542758
2001-11-21,,1.0138727873820683,1.740224259141626,-1.3015001027156456
2001-11-22,,1.1797967727428862,1.9867215134182463,-1.4713066234742713
2001-11-23,,1.2398734927073671,2.034654610486937,-1.593996262248614
2001-11-26,,0.7417254074897718,1.1829802342150804,-0.7743945135467002
2001-11-27,,0.6839997391282625,1.0781255317863132,-0.6622994728915067
2001-11-28,,0.9343201147908166,1.4746545002049474,-1.0095607854558077
2001-11-29,,0.7450923827817117,1.1535949474947862,-0.12035260905469752
2001-11-30,,0.6094334389079118,0.9272618837305735,0.6869893002214068
2001-12-03,,0.2925102915561779,0.4133418698764215,0.7106480209780333
2001-12-04,,0.3429586429637068,0.49428961148144335,0.6845071418151256
2001-12-05,,0.8387504679058835,1.2813919416698865,-0.5847806966178588
2001-12-06,,1.0130255389316336,1.5359282140507804,-0.5828600245302212
2001-12-07,,1.0533844304362157,1.5733509158645755,-0.9097351213242817
2001-12-10,,0.8584567153250857,1.2575470357685474,-0.8003573207725938
2001-12-11,,0.7712162754349764,1.1139790939429028,-0.5617752978185274
2001-12-12,,0.579494438239246,0.8182965493234805,-0.4109618811992958
2001-12-13,,0.38890909727151896,0.5286374127622719,-0.6863316194242127
2001-12-14,,0.01124819800561951,-0.041532718948134054,-0.8409711116098065
2001-12-17,,-0.09680642981286511,-0.2044420654840464,-1.0601009554389809
2001-12-18,,-0.2048258512565688,-0.3671316622805467,-0.535203074648877
2001-12-19,,-0.4216127049668023,-0.6926970285474504,-0.15392891094067218
2001-12-20,,-0.6100616079262636,-0.9721050482271414,-0.2052054848566832
2001-12-21,,-0.6055300731970689,-0.9610200439708151,-0.5466238726286164
2001-12-24,,-0.6010394268603392,-0.9501398818250143,-0.7442140673472939
2001-12-25,,3.0,-0.1200428552993312,-3.0
2001-12-26,,-0.01692021772397617,0.004830888083108877,-0.7374118286015188
2001-12-27,,-0.34646492689682584,-0.5369730038270505,-0.4742639367732433
2001-12-28,,0.08880520836237009,0.17798418152895396,-0.6073813627821376
2001-12-31,,0.08811420667847086,0.1765453265658097,0.48527236755712266
2002-01-01,,3.0,0.38621492226708326,-3.0
2002-01-02,,0.09531556235636264,0.2982042956503547,0.3549345141827883
2002-01-03,,-0.30595337465184386,-0.4298676746164955,0.262995300013627
2002-01-04,,-0.2569039924367656,-0.3415465423479786,0.08776015298749294
2002-01-07,,-0.5407867746445156,-0.8539805437233585,0.49175277268199374
2002-01-08,,-0.44168428535164245,-0.6745736234964652,0.6369946019772954
2002-01-09,,-0.34290079999626283,-0.49682429378748516,0.4752305089175202
2002-01-10,,-0.4132958229178031,-0.6233434745224213,0.7297156164417055
2002-01-11,,-0.6285841671691608,-1.0064811468929982,0.8095507257403817
2002-01-14,,-0.7208393663352415,-1.1647995901388368,0.8256310884113649
2002-01-15,,-0.8604811008571368,-1.400032188174432,0.7872490729812064
2002-01-16,,-0.6092211998143867,-0.9548873314960036,0.811941701716711
2002-01-17,,-0.33473834026614024,-0.47460191955527725,0.6902912921615172
2002-01-18,,-0.4068769885988607,-0.6005304642394015,0.724573205440495
2002-01-21,,-0.42914170633372734,-0.638954433647233,0.6707293676349213
2002-01-22,,-0.4263951076829205,-0.6337251782520427,0.6132655863552711
2002-01-23,,-3.0,-0.41111990430520856,0.1195642282355966
2002-01-24,,-0.27088830661025864,-0.49594527106369424,0.21363191776704166
2002-01-25,,-0.13112041320931428,-0.2283994852910204,-0.07279699209342078
2002-01-28,,-0.13040089427479065,-0.22711661322296234,-0.17611262301042827
2002-01-29,,-0.036469651793793655,-0.047465193602878625,0.5898008253139934
2002-01-30,,-3.0,-0.1370208332533159,0.6425310280830965
2002-01-31,,0.163322524700492,0.26962667570821697,-0.27669288977935913
2002-02-01,,0.03262680454250484,-0.004217904067229048,0.19942823267635826
2002-02-04,,-0.11980959508115466,-0.3234918793287081,0.6428393415730081
2002-02-05,,-0.05348608193032383,-0.184096780759138,0.6740392524960693
2002-02-06,,0.07884240252921831,0.09359157467718564,0.3304708482381217
2002-02-07,,-0.010138740270786373,-0.09259660937449868,0.5906554510666017
2002-02-08,,0.012179956925217592,-0.04550544360607046,0.7034130706522795
2002-02-11,,0.21356617148107512,0.3765368655576823,0.6105127673825987
2002-02-12,,0.3471924012837436,0.6548764157526152,0.12909611895400053
2002-02-13,,0.39012005581991865,0.7422408145411211,-0.17448015013936047
2002-02-14,,0.36484392100522767,0.6878378943988877,0.017921170135492586
2002-02-15,,-0.04877761709425643,-0.17021633400490674,0.7427809636727282
2002-02-18,,-0.0025269646320424054,-0.0739419327749288,0.7345700447554598
2002-02-19,,-0.0025307079894189596,-0.07364682999915706,0.7007329770099338
2002-02-20,,0.25325752824324027,0.4567477878701941,-0.4141805404971892
2002-02-21,,0.18157406743257334,0.3082876810991785,-0.5473704558812598
2002-02-22,,0.10993234733729647,0.16018481375290558,-0.2090326744907799
2002-02-25,,0.1092646718475639,0.1590568791301889,-0.47411896313952057
2002-02-26,,0.20372628541358162,0.35456210346380257,-1.0248967800593765
2002-02-27,,0.3458433220873887,0.6470381640872627,-0.9441493422018614
2002-02-28,,0.2715627153213688,0.49326820245037567,-0.3869385167177886
2002-03-01,,0.2215437012038546,0.39009367514642235,-1.1307459669623412
2002-03-04,,0.365827182200791,0.6851747782105514,-1.1419463846215698
2002-03-05,,0.5338999076534113,1.0236182698841092,-1.1740054181624568
2002-03-06,,0.6276048359838048,1.2041495269041038,-1.2767901404343927
2002-03-07,,0.6471047573076606,1.2321806504111343,-1.4846516384867856
2002-03-08,,0.886756868018799,1.6831969911904996,-1.8347017021696628
2002-03-11,,0.9512298025360247,1.7757454255997052,-1.8019341537663127
2002-03-12,,0.8677874633764184,1.589312608978472,-1.68657266775378
2002-03-13,,0.6624871591877229,1.187532255364306,-1.484453514697368
2002-03-14,,0.7558360465836702,1.347952344201773,-1.9805554561551308
2002-03-15,,0.7985258833539693,1.4094931285966068,-1.9406634688500846
2002-03-18,,1.0134532486346692,1.7703167078901059,-1.7310191070935428
2002-03-19,,0.9279562907090072,1.5893505035341184,-1.4774225228992242
2002-03-20,,0.9429045049725875,1.5894395959049137,-1.685484353677167
2002-03-21,,0.6346950190916673,1.0407547182444399,-1.7409203747326703
2002-03-22,,0.6544369058007351,1.06635292658683,-1.991145328792968
2002-03-25,,0.7992181914771594,1.301195202091447,-2.126455546004222
2002-03-26,,0.5905922844091058,0.9381808952776522,-1.6258317680321512
2002-03-27,,0.38323437850543773,0.5839926554405682,-1.3534755849288667
2002-03-28,,0.43140229073724695,0.663074522910087,-1.419870809111255
2002-03-29,,3.0,0.8682895555782898,-2.8956582114350526
2002-03-31,,0.2930729371955375,0.5572224893571874,-1.4151023512725052
2002-04-01,,0.38534827192372345,0.7224441046025007,-1.8353246381932067
2002-04-02,,0.24009530033455026,0.4555997621667774,-1.4495572723910124
2002-04-03,,0.07112052557772444,0.1472601558921904,-1.119816650981242
2002-04-04,,-0.04975215040084107,-0.07304966606927385,-1.170039970701033
2002-04-05,,-0.07392688835363409,-0.11719846043784675,-1.6761822807451823
2002-04-08,,-0.07379024159075759,-0.1170708332718185,-1.6493784758225443
2002-04-09,,-0.04920600927395339,-0.07244950123297134,-1.623566372808271
2002-04-10,,0.024551629290301514,0.0615839419218926,-1.5986835732836642
2002-04-11,,-0.14897549889334358,-0.2542575314013313,-1.5746730721831277
2002-04-12,,-0.1732616761495192,-0.29847816802567323,-1.4556735814709707
2002-04-15,,-0.24752649057225495,-0.4334454902782899,-1.0167719359441403
2002-04-16,,0.03020818070478817,0.07123866434345029,-1.7080377994166445
2002-04-17,,-0.12197993833004175,-0.2054205247847556,-1.4010218342559502
2002-04-18,,-0.12156135964127689,-0.20474229479203154,-1.4833403987012561
2002-04-19,,-0.24897596545145345,-0.43610576944681023,-1.2731151199177824
2002-04-22,,-0.2991628342340678,-0.5269152236501965,-1.2587222086824117
2002-04-23,,-0.1425971434176028,-0.24293142024472344,-1.3375535119563575
2002-04-24,,-0.09005794798121554,-0.14772938960784343,-1.2259077777313923
2002-04-25,,-0.1682475280538927,-0.28957894907994197,-1.0367765269659106
2002-04-26,,-3.0,-0.38357214713382365,-0.8665837953193235
2002-04-29,,-0.13245198199743194,-0.3338200108766133,-1.0237982468865123
2002-04-30,,-0.37325097156477094,-0.8116753775608824,-0.6838909810012875
2002-05-01,,-0.34686856776267355,-0.7572468751356153,-0.5864642450439481
2002-05-02,,-0.1986272245790082,-0.46244662190655855,-0.6329508737724551
2002-05-03,,-0.32025689881628944,-0.702002240682247,-0.5514013258782859
2002-05-06,,-0.39237191082888706,-0.8420669042218912,-0.5983320652790621
2002-05-07,,-0.4642599561726451,-0.9797881550285391,-0.5418957511388832
2002-05-08,,-0.4116745398305753,-0.8735168898324362,-0.570278313049359
2002-05-09,,-0.4341790344601231,-0.9142157420122243,-0.5483802575153476
2002-05-10,,-0.45660917079294994,-0.9541470178546967,-0.5266545964785847
2002-05-13,,-0.42855741215623555,-0.8964063611259904,-0.5239160843696021
2002-05-14,,-0.29919655111408555,-0.6445018794722328,-0.5211978422931783
2002-05-15,,-0.45041650049985604,-0.9333124786205527,-0.5688094327415547
2002-05-16,,-0.4220240831239021,-0.8755832829673145,-0.5121543957023507
2002-05-17,,-0.41944396113381993,-0.8676677072862975,-0.5410556746519407
2002-05-20,,-0.44271322381056966,-0.9088067925945069,-0.4149803230929336
2002-05-21,,-0.4399518893015785,-0.900221962671428,-0.4131390074496617
2002-05-22,,-0.5154023134921322,-1.0385278889261536,-0.32563454936568587
2002-05-23,,-0.48581333766606444,-0.978297190768497,-0.3244349031566228
2002-05-24,,-0.4300465817194857,-0.8702281556644426,-0.3232418058694324
2002-05-27,,-0.32152921671742657,-0.6650878451834716,-0.41782220953837734
2002-05-28,,-0.45263581715370793,-0.9072290709417932,-0.2688193729298894
2002-05-29,,-0.36962184609899484,-0.7502500957740698,-0.21345793488393813
2002-05-30,,-0.36740180467797684,-0.7441187553934046,-0.15508812530125263
2002-05-31,,-0.284176652524429,-0.5884404284657828,-0.2742025207220474
2002-06-03,,-0.20105572751977263,-0.4336957638929192,-0.2313572765494779
2002-06-04,,-0.25460902063220126,-0.5320664076065172,-0.2760715018942954
2002-06-05,,-0.25318101996310555,-0.5285603727250258,-0.1843671901875548
2002-06-06,,-0.38972530302210584,-0.7787207918537501,-0.09948975962828356
2002-06-07,,-0.38733142245338464,-0.7720694165938355,-0.04423471568327036
2002-06-10,,-0.38495111759883577,-0.7654983675287766,0.017386244300703388
2002-06-11,,-0.4385437501441716,-0.8607421353023164,0.24917114200768686
2002-06-12,,-0.5480716442510007,-1.055431413075653,0.5125442172420495
2002-06-13,,-0.6287469555430953,-1.1941406015559397,0.6001716429567439
2002-06-14,,-0.9618111599543229,-1.7694920406554397,1.324110086567802
2002-06-17,,-0.6423231746077327,-1.192629024103717,0.734361177492741
2002-06-18,,-0.4954301347089326,-0.9289255536508306,0.5681513224864205
2002-06-19,,-0.8338869328667975,-1.508479623656785,1.2809315143486495
2002-06-20,,-0.6554169879776047,-1.1893157594393382,1.162082647140954
2002-06-21,,-0.9645528870266666,-1.7003403575361526,1.3851051077972896
2002-06-24,,-1.096967851070247,-1.892960018884788,1.4073722926352623
2002-06-25,,-1.141150916492279,-1.9313146036057105,1.3878474906901122
2002-06-26,,-1.325010645985318,-2.1820659560276763,1.490804288143908
2002-06-27,,-1.0245927384500093,-1.6747415201419187,1.4190884412238696
2002-06-28,,-1.041856546273645,-1.6779943100781234,1.4177474360641653
2002-06-30,,-1.2842267809288936,-2.015511604643583,1.4347617512859347
2002-07-01,,-1.182445969489722,-1.8277075965538292,1.3899558212883385
2002-07-02,,-1.2796906554108356,-1.9366474335400894,1.4104072731466157
2002-07-03,,-1.2621050721675933,-1.8758918891915874,1.4058566902825749
2002-07-04,,-1.1053108931599664,-1.6246609849860005,1.377290535651755
2002-07-05,,-0.923797091321367,-1.3502860161505248,1.2925900461135567
2002-07-08,,-0.9707406218407052,-1.401715077921502,1.3178931179659208
2002-07-09,,-0.9322757575817217,-1.3340807846457685,1.31855497002716
2002-07-10,,-0.9226899789835957,-1.307867831434474,1.330943011790374
2002-07-11,,-0.9415098705704167,-1.3206123365363553,1.3222478035280023
2002-07-12,,-0.5052700179763729,-0.7200891335104566,1.2990714973610322
2002-07-15,,-0.8728747221451629,-1.211667457983464,1.2911105379606036
2002-07-16,,-0.8072044376055713,-1.1141303795128883,1.2454616762889477
2002-07-17,,-0.45504989398879875,-0.6378579107348376,1.2300299568531332
2002-07-18,,-0.4806028454944435,-0.6697676807567524,1.1657178310852383
2002-07-19,,-0.18601445687427146,-0.2748060559349576,1.1751830508516927
2002-07-22,,-0.06743277630757753,-0.11591102932929502,1.1786014389052886
2002-07-23,,-0.15516844558845336,-0.23291777910841888,1.1962319674693267
2002-07-24,,-0.09472846696430957,-0.15186402776145674,1.2219226875405336
2002-07-25,,-0.4212690942440567,-0.5864887238580441,1.2098450669752163
2002-07-26,,-0.3285639708885132,-0.4617769428833266,1.1980265729403023
2002-07-29,,-0.085706757786497,-0.13819620809248917,1.1722974032371347
2002-07-30,,-0.3267371113222789,-0.4579136703588902,1.1754000977628014
2002-07-31,,-1.5518985799534852,-2.0249263154784334,1.1642981574957103
2002-08-01,,-1.3193648211956077,-1.712218821132726,1.1478025898519018
2002-08-02,,-1.4462937615245628,-1.8418208450541127,1.137259077091838
2002-08-05,,-1.7397512583451908,-1.9234847415469087,1.1325104605330956
2002-08-06,,-1.7318312828769817,-1.8880516348059597,1.1222552936357648
2002-08-07,,-1.6676108361902409,-1.8542470965239806,1.1094133908122565
2002-08-08,,-1.2680652770755594,-1.5075500863627522,1.082938272042318
2002-08-09,,-1.3063544526371522,-1.532151610277465,1.0763999939098832
2002-08-12,,-1.3993079269994582,-1.6171106083225448,1.0727346786169893
2002-08-13,,-1.4044958531694491,-1.5996732997499106,1.069115216589857
2002-08-14,,-1.5477184633308312,-1.7322908082585688,1.0655407145495726
2002-08-15,,-1.2706768275647073,-1.4052466994021506,1.017993385776034
2002-08-16,,-1.2518152767512256,-1.3682852523549833,0.9905736306201363
2002-08-19,,-1.2058153650976728,-1.3032621506123696,0.9801163589634654
2002-08-20,,-1.1887029452667008,-1.2711379442364916,0.9835445121633631
2002-08-21,,-1.0615944376328377,-1.1229407626978614,0.9567493946539005
2002-08-22,,-0.7147181416262499,-0.7442856935471505,0.930397128965889
2002-08-23,,-0.5956648649047903,-0.6133896311325214,0.9181520682677939
2002-08-26,,-0.5620656274125087,-0.574832664870904,0.9088266343493053
2002-08-27,,-0.6134857145133108,-0.6268659951047708,0.8941669472758196
2002-08-28,,-0.465975357294897,-0.46775429949342284,0.887921793265236
2002-08-29,,0.7383718032000333,0.8133964694535053,0.8954179126080215
2002-08-30,,0.7046751340848617,0.7769596321785716,0.8618317183984656
2002-08-31,,0.7285665423345713,0.8016860162540448,0.8696803578260763
2002-09-02,,0.8669877503632154,0.9475342669703862,0.8746719338956194
2002-09-03,,0.831318576007281,0.9087199450529175,0.909557080286142
2002-09-04,,0.7672183756996617,0.8400501446324173,0.9139197843251474
2002-09-05,,0.47146044082766725,0.5268429888178419,0.9100369931071639
2002-09-06,,0.6731993026645988,0.7397199169639609,0.8762889007436976
2002-09-09,,0.8730058974925333,0.9497785641013722,0.8294214324735814
2002-09-10,,0.9824936266719527,1.0636419549426368,0.7913416470219167
2002-09-11,,1.0899643070017455,1.1744407911363979,0.7619051980101493
2002-09-12,,0.6992271882059873,0.7630683627559369,0.8118328122255524
2002-09-13,,0.6355209800227514,0.6956780141599661,0.7875697189026514
2002-09-16,,0.6314262669876626,0.6909156036324099,0.779953318781856
2002-09-17,,0.6867421659597958,0.7483697991299728,0.7478921564402867
2002-09-18,,0.5926586880959065,0.649335729097062,0.7898289897902733
2002-09-19,,0.379042178370289,0.4253122168619632,0.8039661551096152
2002-09-20,,0.2564009535607002,0.296687144690722,0.8424196048187448
2002-09-23,,0.13385695967756672,0.16821294441639267,0.8585416967498146
2002-09-24,,-0.019204123971364142,0.007870482962694544,0.866257913237861
2002-09-25,,0.012097854164715264,0.04061018981109814,0.8575375003203506
2002-09-26,,0.10517376938110384,0.1379694638862262,0.8353382733741618
2002-09-27,,-0.01919801628499785,0.007756742364413606,0.8433449755353757
2002-09-30,,-0.14351195605568115,-0.12222286290570894,0.8566628059287529
2002-10-01,,0.046180779100295104,0.0761502444626005,0.8398997289288646
2002-10-02,,0.26735405056308226,0.3073346737079078,0.7934627607210628
2002-10-03,,0.32967726758621757,0.3723535694347276,0.7856791455743567
2002-10-04,,0.32816537905832865,0.37061611376508213,0.8024623361125044
2002-10-07,,0.10230174785411872,0.1343828300247129,0.8244529530682059
2002-10-08,,0.00546158676659313,0.0331097108315255,0.8135265500916153
2002-10-09,,-0.31808303726160864,-0.3045873386091596,0.8190451377211555
2002-10-10,,-0.5104709472025593,-0.5043084125297286,0.8136121467889404
2002-10-11,,-0.24527123537964043,-0.22749735274886304,0.8000897228092936
2002-10-14,,-0.2432720411188,-0.225120055270958,0.7867341175321324
2002-10-15,,-0.010057506608751874,0.01769402418469048,0.762657676887364
2002-10-16,,0.05695625579404381,0.08739211933328021,0.7197985991799996
2002-10-17,,0.19076506886596054,0.22654831559702518,0.6719377904771819
2002-10-18,,0.3915374820431802,0.43531354943207073,0.6463807889315067
2002-10-21,,0.5243182669073178,0.5732024539037959,0.6319935386986776
2002-10-22,,0.8247521751798452,0.8848665431770121,0.5492702888113753
2002-10-23,,0.8183492838929969,0.8773718705846649,0.6015958275884667
2002-10-24,,0.8120243008896223,0.8699801102791928,0.595831310220887
2002-10-25,,0.6699871238023981,0.7221806907090411,0.6285872049449012
2002-10-28,,0.6996017989188479,0.7523330502051204,0.6225447170163833
2002-10-29,,0.694763974666446,0.7467859136718474,0.7128599652079063
2002-10-30,,0.6899736184018385,0.741299367152721,0.620557094402357
2002-10-31,,0.5817489877432435,0.6289983004560192,0.6228469278902315
2002-11-01,,0.7512243582856238,0.8035661186363882,0.5450001834987882
2002-11-04,,0.8150212979473714,0.868623528121235,0.5175534216810581
2002-11-05,,1.016465419932971,1.0748423005411416,0.46531995496334977
2002-11-06,,0.9375850288275046,0.9922415361175537,0.48013082969133924
2002-11-07,,0.9986806381225003,1.053479813718642,0.5977899745735774
2002-11-08,,1.2313434713782203,1.2893045955487126,0.5418544134614407
2002-11-11,,1.0789680525907563,1.1311073756002137,0.5365491440108907
2002-11-12,,1.0680004778866625,1.1178525828057937,0.5089232682254051
2002-11-13,,0.8141509918881074,0.857914907099041,0.5038844116342722
2002-11-14,,0.9471591035696858,0.9920705343840519,0.34167713332610733
2002-11-15,,1.0778282911963786,1.1229362893347143,0.29844397476836815
2002-11-18,,1.066797195994535,1.1096526982411286,0.29208542937073423
2002-11-19,,1.090731638555217,1.1316785982773108,0.2857534346783241
2002-11-20,,1.1141258740546953,1.152943281426525,0.27944748499033595
2002-11-21,,1.3099642778693306,1.3466692330927115,0.2731670882489978
2002-11-22,,1.3963025107380747,1.4287131320221365,0.2669117657032736
2002-11-25,,1.513392953995342,1.5399232554840088,0.2606810515849239
2002-11-26,,1.3541404576405294,1.376456292208153,0.2687946712744721
2002-11-27,,1.8070359331728791,1.8165930127197785,0.24817012313594794
2002-11-28,,1.5721483065406547,1.5772454022227709,0.24776765138399268
2002-11-29,,1.6456178138322826,1.6416260059421748,0.2358267940689134
2002-11-30,,1.5181009216597336,1.5103726954283934,0.22971355387621403
2002-12-02,,1.5923689742861349,1.575627997109405,0.22362237197629883
2002-12-03,,1.500369310840353,1.4801700662710353,0.22045999194599708
2002-12-04,,1.5092771698424745,1.482599687895161,0.21730934622046585
2002-12-05,,1.614057250690935,1.576062452225359,0.2229353906141293
2002-12-06,,1.3937344846107487,1.3597857712350372,0.22854351871766604
2002-12-09,,1.3414729472160545,1.3053721313406554,0.23119755453740706
2002-12-10,,1.3228632163081462,1.2833364661812818,0.21912643108539803
2002-12-11,,1.3685850888834443,1.3220185658642776,0.20414518834216155
2002-12-12,,1.2215350235899523,1.1793337909690365,0.1832950915803534
2002-12-13,,1.046195230395967,1.0114826801143582,0.16844319242753167
2002-12-16,,1.0348875536015811,0.9985473560448436,0.15661107753856388
2002-12-17,,0.9916616799448817,0.9558482409725181,0.14779686057148972
2002-12-18,,0.7231957536582665,0.7029559276203993,0.15994035119628858
2002-12-19,,0.5546163674194525,0.544387710122282,0.16605296401467007
2002-12-20,,0.4196400681994508,0.4176271423841644,0.18116461557140404
2002-12-23,,0.44971506067310935,0.4454124349761791,0.15103129857495404
2002-12-24,,0.38049799993980843,0.38035676519049866,0.20860160271724557
2002-12-25,,3.0,0.12888849989408802,-3.0
2002-12-26,,0.06096995250009474,0.159354713813784,0.22476433052613257
2002-12-27,,-0.08589550757582698,0.0009357206426761747,0.2560416375513542
2002-12-30,,-0.14446206262581235,-0.06249449396672041,0.25271977076184565
2002-12-31,,-0.025506637538463172,0.06508195254898094,0.1543057354573094
2003-01-01,,3.0,0.0646137009030982,-3.0
2003-01-02,,0.18041751016798283,0.3855038049251426,0.11574899997075373
2003-01-03,,0.28549318603305324,0.5114872582278014,0.10783077268817064
2003-01-06,,0.49695215401869747,0.7646227270515372,0.05854396972614906
2003-01-07,,0.5734687534903888,0.8529745114382137,0.028751921654527567
2003-01-08,,0.5689975426761341,0.8435100652640386,0.00458404696870545
2003-01-09,,0.7526623991889455,1.0571620870473895,-0.09742140304419152
2003-01-10,,0.7190370446270707,1.0108072302451083,-0.17125538153720404
2003-01-13,,0.5776618000378887,0.8386655808842235,-0.08268891780784651
2003-01-14,,0.4643684186658671,0.7016105225032516,-0.07848391655180859
2003-01-15,,0.48822686879192334,0.7267496965541873,-0.09116204597984112
2003-01-16,,0.5393657824614755,0.7834480720077244,-0.09252941130092475
2003-01-17,,0.4801226930628242,0.7109149025061917,-0.05996684321782869
2003-01-20,,0.5041350628953115,0.735891230554594,-0.061507666804315624
2003-01-21,,0.3335588976592762,0.5348059566043274,0.016555223698014678
2003-01-22,,0.3031850000166072,0.4977529568841258,0.11722434849962186
2003-01-23,,-3.0,0.5261274338732925,0.10330699612872365
2003-01-24,,0.26279550447233496,0.42354273269073967,0.13241198288360315
2003-01-27,,0.43718064671826967,0.6494650322386994,0.08098497712934999
2003-01-28,,0.4087246028091596,0.6104199090025813,0.09596230535409099
2003-01-29,,0.22790549865316742,0.3741175722875461,0.07334192793784147
2003-01-30,,-3.0,0.3711598245515965,0.0710595859515021
2003-01-31,,-0.05282083363105013,-0.06569677588808889,0.12397738318819856
2003-02-03,,-0.029524841061660104,-0.03201761055041658,0.06315851124381333
2003-02-04,,-0.19298799842029654,-0.2685831987071335,0.10764528121415583
2003-02-05,,-0.21557709976432993,-0.3012455987105973,0.08465696325206096
2003-02-06,,-0.26173056640345477,-0.367938503838277,0.10577905130090967
2003-02-07,,-0.4971792203775381,-0.7074812735798695,0.12390149066390774
2003-02-10,,-0.5653348712205238,-0.8043822673934832,0.13607105063624295
2003-02-11,,-0.3708541994501237,-0.5238044782349008,0.032744896767273414
2003-02-12,,-0.36880435697290953,-0.5205162751027381,0.06624796678467103
2003-02-13,,-0.5353844531935374,-0.7589064665854771,0.14729437642707865
2003-02-14,,-0.45944540806117296,-0.649112065490512,0.11172043862087201
2003-02-17,,-0.33511799839342493,-0.4705760702940756,0.08222511938978365
2003-02-18,,-0.33330272948552986,-0.4677396544909924,0.07981698296905337
2003-02-19,,-0.2577475455324896,-0.3594420617914185,0.11052025517960751
2003-02-20,,-0.05859274330854706,-0.07431856154346507,0.07173721750700195
2003-02-21,,-0.058439845157881073,-0.07412536779824844,0.030023748127450355
2003-02-24,,0.041752213160092734,0.06928117601994328,-0.014623776896949735
2003-02-25,,-0.10952566165493198,-0.1473108189699944,0.07169254324461967
2003-02-26,,-0.08380877247352395,-0.11051877035348298,0.06930386567369617
2003-02-27,,-0.08351662056871179,-0.11012368209941376,0.017961935478686696
2003-02-28,,-0.542626772284841,-0.7660339158362834,0.2704514533267933
2003-03-03,,-0.4879774716478528,-0.6870365484877505,0.2823102120930103
2003-03-04,,-0.5876807223581322,-0.8275817152459848,0.29720718473476737
2003-03-05,,-0.5064013264977473,-0.7108408085882227,0.2719027994972659
2003-03-06,,-0.4773058527825531,-0.6686365384107511,0.23739762303353107
2003-03-07,,-0.5264026142086273,-0.7371302656267474,0.29303790443053573
2003-03-10,,-0.6013324384231256,-0.8414516063874791,0.33912934957591806
2003-03-11,,-0.4923697610243764,-0.6864892475140029,0.3008503005055809
2003-03-12,,-0.6996969924204675,-0.9761068398958689,0.337737760282398
2003-03-13,,-0.377542908600525,-0.5225269866275581,0.15822802531111224
2003-03-14,,-0.29554187145936306,-0.40710714247468766,0.1993080488278954
2003-03-17,,-0.347412966288006,-0.4796834115472908,0.17722564919720468
2003-03-18,,-0.26479806633325004,-0.36359520329395,0.1077878480684226
2003-03-19,,-0.20930786495388728,-0.28568660855939426,0.08290893636010545
2003-03-20,,-0.20822449314489525,-0.284128906092896,0.09306244084155178
2003-03-21,,-0.09782013018588687,-0.12928192811751718,0.052183402331580926
2003-03-24,,-0.1798217224623911,-0.24428477313102032,0.06894877054945335
2003-03-25,,-0.2341487514147996,-0.3204066494228028,0.06964468586796055
2003-03-26,,-0.1496071670682809,-0.20188006769191824,0.06069490499116807
2003-03-27,,-0.1209424544494498,-0.16170651110754358,0.04531916282369588
2003-03-28,,-0.14843738367797957,-0.20024861251096018,0.04291185277434084
2003-03-31,,0.893366960151124,1.2523838936530585,-0.42280281345762527
2003-04-01,,0.8849753396181357,1.2333972834362366,-0.4095450938231814
2003-04-02,,1.1278714822435068,1.5554693283315943,-0.5911243561440542
2003-04-03,,1.1979935506855943,1.6349392243289418,-0.631647682514683
2003-04-04,,1.1553900664024939,1.5622337174439012,-0.6653127334922398
2003-04-07,,1.444425153822476,1.9243007974464388,-0.8478865850107147
2003-04-08,,1.4764372837087145,1.9388178882225826,-0.7687295522534061
2003-04-09,,1.3441600165388092,1.7447596253509163,-0.7424246312262749
2003-04-10,,1.406081199160687,1.8022148931678212,-0.7196541042922269
2003-04-11,,1.195351353455476,1.5183421666621522,-0.8433674422961825
2003-04-14,,1.3422837892352941,1.6859401633928195,-1.0848088383123136
2003-04-15,,1.2689921561558979,1.5780872741132557,-0.9472833754490888
2003-04-16,,1.1709049076623903,1.4436434409773993,-1.073407422271689
2003-04-17,,1.1022532307281054,1.34857420370951,-1.0651479574582376
2003-04-18,,3.0,1.3550252400284757,-3.0
2003-04-21,,0.8515642462258971,1.1996287451194994,-1.0711249492520212
2003-04-22,,0.867679110085552,1.2113503727295722,-0.9348081556554492
2003-04-23,,0.932545287808471,1.2860642507627276,-1.1454387481619301
2003-04-24,,0.898098066659497,1.230237103872492,-1.1355393947702093
2003-04-25,,0.9379036499932727,1.271087363177996,-1.3667321389934843
2003-04-28,,1.0014272121929397,1.3406761368201559,-1.5201335520266945
2003-04-29,,0.5461307616055793,0.7501068816784233,-1.5752503552825676
2003-04-30,,0.6659282224215074,0.8992360619828408,-1.868532247475188
2003-05-01,,0.4106186621544834,0.5704203555073857,-1.7264186859897355
2003-05-02,,0.5579338142916607,0.7553126987038996,-2.060528672291052
2003-05-05,,0.5281952734218476,0.714437957693481,-2.0179428383031137
2003-05-06,,0.2709608280822131,0.38672854589680977,-1.8812615953665324
2003-05-07,,0.2943123579707826,0.4152270820927634,-1.8049647367833486
2003-05-08,,0.2664591173246391,0.3789591257816362,-1.7349439116743195
2003-05-09,,0.29008043091977076,0.40774466383621144,-1.707341002859079
2003-05-12,,0.287823415166609,0.40380467760661826,-1.8180828392577892
2003-05-13,,0.2596216421915161,0.36726493533935683,-1.917110651963034
2003-05-14,,0.20538422937599493,0.2981709387655401,-1.7502276102273648
2003-05-15,,0.20369219105727537,0.2953088318783622,-1.7720717135256545
2003-05-16,,0.017361156713754853,0.06059890718722662,-1.5132032729756577
2003-05-19,,-3.0,-0.007097041879358288,-1.4084464709838687
2003-05-20,,-0.039592610861267655,-0.074725903968387,-1.336881854560173
2003-05-21,,-0.015566266065230417,-0.041205964845702,-1.32204464738708
2003-05-22,,-0.04018511021388638,-0.07546179271388487,-1.3669092469491189
2003-05-23,,-0.01589517569921989,-0.041585982145840264,-1.402857803586534
2003-05-26,,-0.08994664054823301,-0.14466242549279415,-1.3861967426494244
2003-05-27,,-0.1392639211899398,-0.21324708581111104,-1.411325184445146
2003-05-28,,-0.11402461908410877,-0.17800579826269536,-1.437905565696628
2003-05-29,,-0.263629378613647,-0.38610813266983507,-1.3744878785170216
2003-05-30,,-0.061642908551625325,-0.10487652425540539,-1.540168018675418
2003-05-31,,-0.38972328786657306,-0.5610291423790498,-1.4077598088639267
2003-06-02,,-0.3624118279946806,-0.5226421776137916,-1.4121518409873168
2003-06-03,,-0.3351614177355223,-0.48442846778476917,-1.371564358229827
2003-06-04,,-0.3335575218860889,-0.4818684662560421,-1.3274661073700214
2003-06-05,,-0.2033022729296402,-0.3008545295334476,-1.4107690787479374
2003-06-06,,-0.021332840986535078,-0.048188280610255756,-1.6616576463302029
2003-06-09,,-0.20375956466024278,-0.301260541265113,-1.5496197846026107
2003-06-10,,-0.3075708905700145,-0.44505027171235323,-1.4895970955834787
2003-06-11,,-0.22731031254130227,-0.33354543376024165,-1.4701727535535465
2003-06-12,,-0.2528078077400265,-0.36871131775180055,-1.4513236931091416
2003-06-13,,-0.09233333920877339,-0.1461397801473799,-1.3858740339040445
2003-06-16,,0.0948183056689264,0.11325014598817441,-1.5500605067146092
2003-06-17,,0.3085979427731572,0.4088550166321933,-1.7923999968891506
2003-06-18,,0.27937478428251405,0.3678645410327775,-1.7011837920508726
2003-06-19,,0.14181493093670594,0.17748919996778476,-1.520843798543468
2003-06-20,,0.05885309632282029,0.06279021675447544,-1.4485213243586894
2003-06-23,,-0.05149559807882062,-0.08964553393723537,-1.298780202319273
2003-06-24,,-0.051593606764579324,-0.08972153697250314,-1.3296345311934028
2003-06-25,,0.0037223875741401262,-0.013271124493035403,-1.4320410250938749
2003-06-26,,0.1704142657209973,0.21679136238378616,-1.5475092358121512
2003-06-27,,-0.026929734394167355,-0.05561979607555187,-1.4903460549255845
2003-06-30,,0.029133811164547295,0.021776604589173187,-1.4330355583235668
2003-07-01,,-0.08463701324076112,-0.135168062014263,-1.321177364941886
2003-07-02,,-0.05610349485083838,-0.09573237009619556,-1.3062345818321806
2003-07-03,,-0.08479650254541868,-0.13524879722131516,-1.2397424842926208
2003-07-04,,-0.19976225004882098,-0.2937186807073336,-1.1852756163090197
2003-07-07,,-0.3723777983751037,-0.531413434890378,-1.2169103158169834
2003-07-08,,-0.28346291740352886,-0.40860999437697404,-1.2044070773291364
2003-07-09,,-0.2530285686020541,-0.36647867650829324,-1.1921701443088715
2003-07-10,,-0.22262668947752728,-0.32443619968646953,-1.2109410444669675
2003-07-11,,-0.19225014519093178,-0.28246376424336184,-1.229181597769471
2003-07-14,,-0.07289551668642874,-0.11803105816045176,-1.3139525965058023
2003-07-15,,0.04643746186071455,0.046282970345818235,-1.7863717074402057
2003-07-16,,-0.19409889305657257,-0.28472172885118646,-1.6868945168685305
2003-07-17,,-0.07282001006166253,-0.11772269738821452,-1.8477336210085706
2003-07-18,,0.10904680131956626,0.13250671951158077,-1.925991621046106
2003-07-21,,0.35156044435147116,0.4653837197383915,-2.0045767764581743
2003-07-22,,0.4710830215607909,0.6280860516443926,-1.963963014084797
2003-07-23,,0.344852740451563,0.45420152515222606,-1.8939918944526644
2003-07-24,,0.37311358886048956,0.49201605118013275,-1.902513560245786
2003-07-25,,0.09134981713165172,0.10647260386627926,-1.8216089018707051
2003-07-28,,0.43311210372585984,0.5726403355362776,-1.8450092339700757
2003-07-29,,0.36732657083793946,0.48193759396073477,-1.8047704722676434
2003-07-30,,0.36456920307315976,0.47731387143659654,-1.7645560607152273
2003-07-31,,0.5823903516675301,0.7714230974342382,-1.7574247686780062
2003-08-01,,0.5144712450498615,0.6772647368401947,-1.714109622002039
2003-08-04,,0.28795990759844103,0.3696950922799515,-1.609061662367278
2003-08-05,,0.25377452802644157,0.32298056266301267,-1.5851192975028991
2003-08-06,,0.12316753889640984,0.14612818658036222,-1.3985673881016718
2003-08-07,,0.05731876907564821,0.0570252589808893,-1.2756045307434047
2003-08-08,,0.08904968685060766,0.09986484572673325,-1.3683048336694925
2003-08-11,,0.3493848937714053,0.45100489447719383,-1.5836419691727681
2003-08-12,,0.2155027891378334,0.26991347234728846,-1.5488749321819175
2003-08-13,,-0.05029765810660696,-0.08870547882392016,-1.5401249753469426
2003-08-14,,-0.05049733334936956,-0.08892439614694561,-1.5036269902660953
2003-08-15,,-0.21753198672879762,-0.3140889356314109,-1.4634415866995656
2003-08-18,,-0.21677831698986957,-0.3129123250331694,-1.4652593753696215
2003-08-19,,-0.4517903998100474,-0.629194632086322,-1.4312799525132787
2003-08-20,,-0.2803055021897866,-0.3979274566125419,-1.4611788111975752
2003-08-21,,-0.07491672673101127,-0.1212317784148355,-1.4530786698536096
2003-08-22,,-0.21188711220149353,-0.3055317582664914,-1.4403712071106205
2003-08-25,,-0.00470211333327466,-0.02655697977109083,-1.4264085278314904
2003-08-26,,-0.316440538561767,-0.44592741396772917,-1.4096609033410317
2003-08-27,,-0.31506166397777496,-0.44379775251724224,-1.374524242642309
2003-08-28,,-0.20891983275820922,-0.3008771943279029,-1.3576195339472852
2003-08-29,,-0.38369744876015627,-0.5355170624164999,-1.3582930327958045
2003-08-31,,-0.3818520971841507,-0.532638248970942,-1.313865414750501
2003-09-01,,-0.0964254762971468,-0.1491476534007662,-1.2985087732075027
2003-09-02,,0.010633090865267116,-0.005335982122835837,-1.306646364814489
2003-09-03,,0.2251581062041428,0.28246578217188767,-1.305268723288836
2003-09-04,,0.1513456527752499,0.18326665796831704,-1.254898213991272
2003-09-05,,-0.17597019693865654,-0.2557186516142389,-1.1782771399067906
2003-09-08,,-0.46643611407835006,-0.6446965768407585,-1.1827898777147818
2003-09-09,,-0.28135036470403785,-0.39642468862354413,-1.2038787901089636
2003-09-10,,-0.46374671544012447,-0.6401785703405775,-1.1561445996733917
2003-09-11,,-0.27690404662316775,-0.38984411461902885,-1.1806492321228352
2003-09-12,,-0.3499416418757163,-0.4872643374868514,-1.130532541246958
2003-09-15,,-0.31106291869565605,-0.43500082883122565,-1.149360788614378
2003-09-16,,-0.3097059118896368,-0.4329316727637887,-1.1346355623988993
2003-09-17,,-0.5715396868540076,-0.7818613052027059,-1.0931679700075208
2003-09-18,,-0.530443085173743,-0.7261432217173025,-1.1290211709880533
2003-09-19,,-0.5652810203763041,-0.771588714507189,-1.1176912339420064
2003-09-22,,-0.48587187613077853,-0.6651516665340343,-1.136424435509463
2003-09-23,,-0.6740653630244283,-0.9139319447220202,-1.080238136839619
2003-09-24,,-0.4780750552923607,-0.6529514427072185,-1.099582232947436
2003-09-25,,-0.47547018537943014,-0.6488668690540097,-1.0887960642959562
2003-09-26,,-0.5115783590377425,-0.6959934083661773,-1.0871019930281907
2003-09-29,,-0.4309362224130729,-0.588672949916177,-1.048406573240029
2003-09-30,,-0.7017171956747885,-0.9453347699442405,-0.9378257571598486
2003-10-01,,-0.7359697355856476,-0.9885186273144425,-0.9564581240861317
2003-10-02,,-0.809017123225583,-1.0821095120275164,-0.9481218205447387
2003-10-03,,-0.37009164067594863,-0.5044891193686099,-1.0478091226862258
2003-10-06,,-0.09047044495829065,-0.1368233554463712,-1.0379309250492526
2003-10-07,,-0.2499942081524577,-0.3463445180240758,-0.9795923068280086
2003-10-08,,-0.40926848957452816,-0.5552402942919472,-0.9708601734481507
2003-10-09,,-0.12515824799923417,-0.1820031990417472,-1.013769267830369
2003-10-10,,-0.3273980203257676,-0.4473376098850598,-0.989760738216567
2003-10-13,,-0.12228459299211011,-0.17798189311796822,-0.9969960956059095
2003-10-14,,-0.04007185660626255,-0.06999845929120994,-1.036334857213186
2003-10-15,,0.12447188767864514,0.145960101329158,-1.0485618533677636
2003-10-16,,0.2888677828653205,0.3614301839533755,-1.0517649200097425
2003-10-17,,0.12050471861000488,0.14061234613604684,-1.0417563118651365
2003-10-20,,-0.0059909705159585476,-0.025194886321665295,-1.0056813541530414
2003-10-21,,-0.13246815459282535,-0.1909250627171721,-0.996458493798585
2003-10-22,,-0.08985217822378676,-0.13497615430309642,-0.9669984703967743
2003-10-23,,-0.21720004653039882,-0.30177635230130867,-0.9511167246712074
2003-10-24,,-0.2590540740831053,-0.3564609772494081,-0.9325698417154961
2003-10-27,,-0.21504676646933496,-0.2986615652999153,-0.9448532470839286
2003-10-28,,-0.21421779902511984,-0.2974413534579372,-0.9147672037602126
2003-10-29,,0.2637556259834246,0.32845192689227176,-0.941824413717702
2003-10-30,,0.5663002747365232,0.7231425211016054,-1.0452710391005156
2003-10-31,,0.2563005433710166,0.3177756804729326,-0.948412971176965
2003-11-03,,0.21046098386923318,0.25777919714356307,-1.0139041715920694
2003-11-04,,0.12045988776961852,0.14023107315286354,-0.9827935843407077
2003-11-05,,0.38585491221473245,0.4862199956497851,-1.0128802208670438
2003-11-06,,0.5611362198425309,0.7135012931123061,-1.0683196175291065
2003-11-07,,0.5568123901449068,0.7065204659619836,-1.0722964845441998
2003-11-10,,0.5525211147750044,0.6996165551386868,-1.054635134773399
2003-11-11,,0.5032496085789854,0.6346053942502624,-1.0444672413455378
2003-11-12,,0.31837838282132847,0.39458006265003387,-1.0445009022014518
2003-11-13,,-0.04859475319303332,-0.08081794243180804,-0.9758040232035242
2003-11-14,,-0.32371866709023916,-0.4370032241859908,-0.9110835129509387
2003-11-17,,-0.4142740534767572,-0.5538795717662975,-0.8645096139105681
2003-11-18,,-0.2735048391379794,-0.3714928938888335,-0.8573060804874212
2003-11-19,,-0.1793721331423263,-0.24957001567536352,-0.891791528420567
2003-11-20,,-0.17880719591334773,-0.24872610973030934,-0.8225069305142795
2003-11-21,,-0.03720381637258879,-0.06547754396228375,-0.8603432993652607
2003-11-24,,0.10437552465606922,0.11765788270225581,-0.8833004437821784
2003-11-25,,0.008325303658378956,-0.006522210077261364,-0.8758070776837779
2003-11-26,,0.10339259809010214,0.11641173998081858,-0.8684128169657306
2003-11-27,,0.006324795361767105,-0.009048797834840073,-0.8969636759628863
2003-11-28,,-0.13901494855564184,-0.19685485753327725,-0.9680215115029207
2003-11-30,,0.20108715997759977,0.24268943197862158,-0.9592360445293857
2003-12-01,,0.004353204139141304,-0.011497226206982252,-0.9591580910521665
2003-12-02,,-0.04517700735740301,-0.07543604559763512,-0.9262129951628273
2003-12-03,,-0.14401810163021184,-0.20304639651246986,-0.9337676833451264
2003-12-04,,-0.34188295639301913,-0.45840396729127086,-0.9254896928571669
2003-12-05,,-0.8364325408288051,-1.0945222322196377,-0.8144445283064368
2003-12-08,,-0.5320007287924902,-0.7015807026858296,-0.8864643322768639
2003-12-09,,-0.42890390076136614,-0.5684553033173143,-0.906002042821653
2003-12-10,,-0.4769864010029673,-0.6297821561873653,-0.8981129904102035
2003-12-11,,-0.47440818083495606,-0.6259450979567679,-0.816028939150859
2003-12-12,,-0.37034938572690695,-0.49196682043475143,-0.7721433987323618
2003-12-15,,-0.11323855559180404,-0.1617205785424367,-0.8290059279004821
2003-12-16,,-0.11303365735391048,-0.16137520150045856,-0.8221530398629572
2003-12-17,,-0.31931323655624533,-0.42600159058069914,-0.7680995972796538
2003-12-18,,-0.05845562218402071,-0.09112066762933207,-0.8107439455851293
2003-12-19,,-0.16290956450789706,-0.225080318084035,-0.8041083204876631
2003-12-22,,-0.10997191574398237,-0.15706566730667437,-0.8334068496995475
2003-12-23,,0.10117363256324642,0.11388392409281407,-0.8666123968133302
2003-12-24,,-0.058859420439502,-0.09137197962340139,-0.8405876880158716
2003-12-25,,3.0,-0.2281568757899112,-0.876555593840691
2003-12-26,,-0.6638690984539012,-0.9117737693800972,-0.7628485084940562
2003-12-29,,-0.5240462998236921,-0.6993817276231372,-0.7955568384668047
2003-12-30,,-0.521068020690197,-0.694770839980365,-0.8307329212467088
2003-12-31,,-0.24410243655316477,-0.2754426852820219,-0.8324151799203606
2004-01-01,,3.0,-0.34399966302913537,-0.8484359808725656
2004-01-02,,-0.07612106046084044,0.07747931387514687,-0.819701186890585
2004-01-05,,0.20760969360249634,0.5680504158645885,-0.8128901477942964
2004-01-06,,0.04303906520441732,0.2816212580225959,-0.8090373895787555
2004-01-07,,-0.08053325058067368,0.06657872295875457,-0.7980323788285696
2004-01-08,,0.001846822756362437,0.20823641901170684,-0.7986783236306354
2004-01-09,,0.001400339063809977,0.2064194615754166,-0.7791394743029437
2004-01-12,,0.20904296145458426,0.563835281654462,-0.7785729384872985
2004-01-13,,0.040086419382927535,0.27070945105540134,-0.7664654495050767
2004-01-14,,-0.002642926986853339,0.19587721043873754,-0.758825303171485
2004-01-15,,0.12378307271924391,0.4127512066582647,-0.7556053091824032
2004-01-16,,0.03762859696733483,0.2630247023116119,-0.7495258780932914
2004-01-19,,0.03697019651718971,0.2607925344477504,-0.7435112214987599
2004-01-20,,-0.09259015711286771,0.0366002615263417,-0.7375599603755887
2004-01-21,,-0.17891869840809582,-0.11306884013405355,-0.7519803432197248
2004-01-22,,-0.0915414554183462,0.03659464798625087,-0.7372104283356193
2004-01-23,,-3.0,-0.03943957978366548,-0.7167793035060448
2004-01-26,,0.20240063018062432,0.4887089739277814,-0.7416568499101444
2004-01-27,,0.010570113983784485,0.105763117461907,-0.7196832348221008
2004-01-28,,0.08672576392969172,0.25700095454438976,-0.7343715992619978
2004-01-29,,-0.14499377461994054,-0.20509737534205386,-0.7182740907470611
2004-01-30,,-3.0,-0.3585851189631274,-0.6818821955513397
2004-01-31,,-0.38726638248853806,-0.8965544744042911,-0.6648453876655533
2004-02-02,,-0.45415910426320694,-1.0428440653645727,-0.653821688232925
2004-02-03,,-0.48620029533198017,-1.1097673333101084,-0.6487648079508564
2004-02-04,,-0.3790230377510516,-0.8685934079623626,-0.6525703351867446
2004-02-05,,-0.3770076001008344,-0.8618387961234418,-0.6813532588685924
2004-02-06,,-0.30471023870122393,-0.700274680417107,-0.6347533554086454
2004-02-09,,-0.37383969156866426,-0.8511039438093759,-0.6372405066352209
2004-02-10,,-0.3008653904317647,-0.688760226255388,-0.6485745722239852
2004-02-11,,-0.1922836878981094,-0.448960448676606,-0.6805191111850524
2004-02-12,,-0.2632205889685107,-0.6043912894420154,-0.6588658781452615
2004-02-13,,-0.2619583002090254,-0.6007751102979425,-0.6537168831465088
2004-02-16,,-0.2607017351692623,-0.5971884707065888,-0.6486137795802868
2004-02-17,,-0.22301477474460252,-0.5138901437692773,-0.6643760231600725
2004-02-18,,-0.3684339119319279,-0.8307981289583046,-0.61000178463166
2004-02-19,,-0.29291340962682555,-0.6644552641939205,-0.6336528339588235
2004-02-20,,-0.2914523294717237,-0.6601911250877773,-0.598834537725976
2004-02-23,,-0.40142826548309674,-0.8975850008941838,-0.5942257506724011
2004-02-24,,-0.36191019263226004,-0.8097115753029139,-0.567151582940832
2004-02-25,,-0.5098351353255274,-1.1258805553969582,-0.5628133824486063
2004-02-26,,-0.39389675477984354,-0.8729339370037947,-0.5585074609981301
2004-02-27,,-0.35389988467842015,-0.7849760647322065,-0.5406537444169054
2004-02-29,,-0.5039657277045511,-1.1031597734226881,-0.515355214379875
2004-03-01,,-0.34830571544377326,-0.7680433796601447,-0.5205192252534634
2004-03-02,,-0.23128360820941254,-0.5172603430241545,-0.5317265158925448
2004-03-03,,-0.26876957131059603,-0.5965291083532471,-0.5443856357711325
2004-03-04,,-0.3837398516886104,-0.839756181401068,-0.5219194560733585
2004-03-05,,-0.5760834921758238,-1.2425307507149492,-0.4384724239597706
2004-03-08,,-0.533356966953273,-1.1468249796541978,-0.48258052791259065
2004-03-09,,-0.4123908272738434,-0.88938051287752,-0.5003592352043683
2004-03-10,,-0.4888595170285675,-1.0461476374088126,-0.49651445026156626
2004-03-11,,-0.5254551680339418,-1.1179391570721386,-0.47882697321002493
2004-03-12,,-0.5618750911609843,-1.188070249745616,-0.4689598260943784
2004-03-15,,-0.5582614952102021,-1.1749455638342106,-0.4653392677088906
2004-03-16,,-0.6346403296808157,-1.3246412256757336,-0.4524318353133704
2004-03-17,,-0.5500290858145193,-1.145720301154266,-0.4489228133070524
2004-03-18,,-0.46581976997344543,-0.970428303838111,-0.47504432297657845
2004-03-19,,-0.38189213381649884,-0.7976456624466893,-0.4807275244895965
2004-03-22,,-0.46124138586500946,-0.9559008196847922,-0.45664789949967527
2004-03-23,,-0.3356223655580186,-0.7000815720504449,-0.4750485558014807
2004-03-24,,-0.3337727175271403,-0.6951162703974637,-0.4713473433375041
2004-03-25,,-0.29054783331653977,-0.6069607718359594,-0.47869584407258475
2004-03-26,,-0.1225073097605745,-0.26778827188494037,-0.5380801619538833
2004-03-29,,0.08737467046137934,0.15561179915928675,-0.5338674647612563
2004-03-30,,0.04471844296154656,0.06968200410175543,-0.5676840841296407
2004-03-31,,-0.0825631561909671,-0.18687961006511825,-0.563210926258031
2004-04-01,,-0.08221763935328164,-0.1860609871684497,-0.5873641857988112
2004-04-02,,0.2601942465152695,0.503922532134937,-0.6017972755233573
2004-04-05,,0.6870695963318063,1.354930609374046,-0.5985988954815534
2004-04-06,,0.5531219228789968,1.0823610905640464,-0.5922348966374135
2004-04-07,,0.3766047623088862,0.7292227732659797,-0.587518820448656
2004-04-08,,0.5477061903260312,1.0652573438442017,-0.5892456677668986
2004-04-09,,3.0,1.223401288109949,-0.6102096125974167
2004-04-12,,0.5398429525513252,1.2923935247083922,-0.5780001063533811
2004-04-13,,0.6906161553256605,1.6094552696153874,-0.5766082759466377
2004-04-14,,0.7625536246362131,1.7455995435590677,-0.5736162021869637
2004-04-15,,0.7173993463257625,1.629813651119695,-0.5658005740021538
2004-04-16,,0.594721490225333,1.355848015500437,-0.5612786090426876
2004-04-19,,0.43353995903061343,1.0075610311654228,-0.5519242522604044
2004-04-20,,0.5880582555851693,1.3255779651116038,-0.5491345406150829
2004-04-21,,0.4651786896959254,1.0610747246770669,-0.5431095279365623
2004-04-22,,0.34273604307564565,0.8014183813905247,-0.5273365751620701
2004-04-23,,0.500129104295662,1.1244666340770744,-0.5459952587880998
2004-04-26,,0.33623651008663763,0.780609991425965,-0.5334193563021782
2004-04-27,,0.2533264038238895,0.6069133597425191,-0.5209244916753417
2004-04-28,,-0.032387920867297595,0.013990612356010736,-0.49205681105252264
2004-04-29,,-0.19565098870486972,-0.32486792026092853,-0.4831385588321657
2004-04-30,,-0.2767995525193086,-0.49315423639611095,-0.4759243178263387
2004-05-03,,-0.6864621381966824,-1.334828100237669,-0.42236122266105997
2004-05-04,,-0.8459045651789712,-1.6491820147249427,-0.3391133236948597
2004-05-05,,-0.8390854721612147,-1.6219222892401493,-0.31283468741490655
2004-05-06,,-1.1196197344818801,-2.156738663913879,-0.2046944224793925
2004-05-07,,-1.3117099024282584,-2.4879348804264945,-0.16895475920037875
2004-05-10,,-3.0,-2.9217315131320745,-0.001983170038593145
2004-05-11,,-1.3448155243396747,-2.8006749224035703,-0.0008040000736094755
2004-05-12,,-1.4694115326690553,-2.9610567059521538,0.0003731191551386358
2004-05-13,,-1.4123931182235634,-2.7680347702688795,-0.05622779999449069
2004-05-14,,-1.286469131417335,-2.46766448089439,-0.11954275674853444
2004-05-17,,-1.2702502059241272,-2.3871420398274554,-0.11777445360972008
2004-05-18,,-1.0062564753151024,-1.8708428430109392,-0.20687642181632515
2004-05-19,,-0.9963727356261074,-1.8305756898202568,-0.24762472912305636
2004-05-20,,-1.093460781406367,-1.9794683338427206,-0.1451710690686629
2004-05-21,,-0.8678083054891715,-1.5605277017735515,-0.2297280714363537
2004-05-24,,-1.0033063371460786,-1.781484037954396,-0.2447051598526331
2004-05-25,,-0.9576283546072314,-1.683889285072104,-0.2422547700771355
2004-05-26,,-0.9485161149149941,-1.6517867661414702,-0.18748559827216615
2004-05-27,,-0.7237653085433268,-1.2565712990415814,-0.18533251192492328
2004-05-28,,-0.46444707023439363,-0.8093645701559681,-0.2568781711900906
2004-05-31,,-0.4979117398432706,-0.8642433853340917,-0.21387331198562465
2004-06-01,,-0.3847287853322574,-0.6697114639900893,-0.21156595457055005
2004-06-02,,-0.34551211166602563,-0.6019326170780528,-0.17032162414278226
2004-06-03,,-0.3063824353640199,-0.5346288216629694,-0.16823303514510832
2004-06-04,,0.030693451068541325,0.03891478439349606,-0.23381930573605575
2004-06-07,,0.10551798821682533,0.16627179737644487,-0.25281124825756274
2004-06-08,,0.3308409149102446,0.5491623745498391,-0.2269882340750535
2004-06-09,,0.328979527126423,0.5455787765714571,-0.22458066944563107
2004-06-10,,0.2511467097551157,0.41327761837206767,-0.14831432259640645
2004-06-11,,0.21159370008357414,0.3460987357609854,-0.19148871974297643
2004-06-14,,0.17207106093620142,0.2790530893584224,-0.22187687257729152
2004-06-15,,0.13256833988592953,0.21209092970769125,-0.1849418683543239
2004-06-16,,-0.023409357973418206,-0.05237237054089565,-0.18273254050244633
2004-06-17,,-0.10130468553449525,-0.18438239496202155,-0.18052972723529503
2004-06-18,,0.05627261404547401,0.08288242275346563,-0.17833336579782275
2004-06-21,,-0.06234386472832696,-0.11817647765765425,-0.17614339416114108
2004-06-22,,-0.06195661898233359,-0.11744628492747479,-0.2182418096945355
2004-06-23,,-0.06157058699850731,-0.11671851292742223,-0.21583162818826793
2004-06-24,,-0.06118576276104424,-0.11599314843709577,-0.10762482367194677
2004-06-25,,-0.06080214027945596,-0.1152701783110139,-0.10577135006560949
2004-06-28,,-0.10093881989293937,-0.18321459118596242,-0.21411631354134547
2004-06-29,,-0.018864439417340093,-0.04404280730800724,-0.2117084782566183
2004-06-30,,-0.1825053568866882,-0.321196642432318,-0.01953314685352857
2004-07-01,,-0.14028558848626818,-0.2495381682526109,-0.018087431144933733
2004-07-02,,-0.18083313824756023,-0.31802573322655825,-0.0015154150756530975
2004-07-05,,-0.2629236795402652,-0.45659665396788024,-0.0001475561219535827
2004-07-06,,-0.13599863639232962,-0.24172775783194567,-0.16051956792692978
2004-07-07,,-0.1351904657517106,-0.2402377076794058,-0.09347867629893773
2004-07-08,,-0.17662632909674972,-0.31012691205222837,-0.03421499972552093
2004-07-09,,-0.09065254586456893,-0.16470185571687765,-0.032671376613887866
2004-07-12,,-0.13278471782800055,-0.23579866000793828,-0.03113065546227114
2004-07-13,,-0.04614207174942086,-0.08931025298833015,-0.21702744528791051
2004-07-14,,0.08365357375367156,0.13008344080137516,-0.2726654739410942
2004-07-15,,0.08328095268857802,0.12950923755703475,-0.26988063710199406
2004-07-16,,0.08290974373796087,0.12893730352844338,-0.26710596110711177
2004-07-19,,0.12638721399695213,0.20243941995056702,-0.28778045890921045
2004-07-20,,0.21391693185539215,0.3502634966057941,-0.32014349163971284
2004-07-21,,0.2570888916256928,0.4230258763227433,-0.39165092280783254
2004-07-22,,0.12216173709434719,0.19530608372412833,-0.2916746927106486
2004-07-23,,0.2558326651561186,0.42077544051690946,-0.3104636852070101
2004-07-26,,0.2994214738723724,0.4940258231849447,-0.34106891081951507
2004-07-27,,0.25259089588510275,0.4149387086722398,-0.3854516172608723
2004-07-28,,0.2966487566415216,0.4888992216361052,-0.43958775720892557
2004-07-29,,0.4318265209955313,0.7154839459267756,-0.37590387399953823
2004-07-30,,0.38344000814114293,0.6334520224227614,-0.32045341448173975
2004-07-31,,0.10478654086853748,0.16559972180718335,-0.08256036186920103
2004-08-02,,0.3358807611321932,0.5531775456477939,-0.2558249893589127
2004-08-03,,0.24091338599688567,0.3937552594691073,-0.3176190008785416
2004-08-04,,0.286386478853962,0.46976033120771155,-0.31448652445744285
2004-08-05,,0.3317918324002669,0.5454271463685797,-0.3113667512535763
2004-08-06,,0.09364196488684147,0.14677509070424352,-0.1637759340816192
2004-08-09,,0.18821627927782433,0.30507550324553945,-0.2145534579575236
2004-08-10,,0.1872162767624033,0.3033799981758471,-0.3081841890892694
2004-08-11,,0.09018278575545885,0.14107469906526052,-0.30507867366961916
2004-08-12,,0.08972799855093115,0.14036208030064745,-0.30198541358118647
2004-08-13,,0.08927482568218224,0.1396521124799063,-0.298904255237363
2004-08-16,,0.13761814622889573,0.22055220233043002,-0.4302712320478456
2004-08-17,,0.08784661361366405,0.13734833268792987,-0.47193544125211906
2004-08-18,,0.03808081898118698,0.05416411024874297,-0.4864015187635503
2004-08-19,,0.2361923608641598,0.38541448535099243,-0.49039291207019853
2004-08-20,,0.2846961110699607,0.466266752273532,-0.49853419851790215
2004-08-23,,0.33312751651550593,0.5467608189424228,-0.4961897071895467
2004-08-24,,0.33120941809192406,0.5431426381364763,-0.49804813101053963
2004-08-25,,0.22824300376696238,0.3713170934100168,-0.48521406496931
2004-08-26,,0.32856225745500955,0.5381604866444265,-0.4913768947113062
2004-08-27,,0.47960312530846533,0.7883428492556496,-0.505936849309169
2004-08-30,,0.8336944646759278,1.3693182727071338,-0.5014149151129859
2004-08-31,,0.5712739093838634,0.933101192776583,-0.49692166386666353
2004-09-01,,0.46450932219442403,0.7558196860479739,-0.49245661507858146
2004-09-02,,0.461581706230817,0.7497841854184567,-0.4880192985787169
2004-09-03,,0.7179232533018189,1.1662584928150088,-0.5198179035278743
2004-09-06,,0.9712922906678716,1.569193996120351,-0.5151552424018191
2004-09-07,,0.7549157802916441,1.2123821934897312,-0.49127332657671124
2004-09-08,,0.48800263712186526,0.7793540728385041,-0.4760991558812799
2004-09-09,,0.37971874722525917,0.6039365934455759,-0.4395099698632801
2004-09-10,,0.37739261606762203,0.5995715099131084,-0.43542125837268986
2004-09-13,,0.48119784514330366,0.7654428161335556,-0.46807444572864987
2004-09-14,,0.3714913683092641,0.5884729969008019,-0.4637677680911483
2004-09-15,,0.42277049694174407,0.6699530000879319,-0.47684192545658627
2004-09-16,,0.36629640776273864,0.5788151523114762,-0.47245754453452177
2004-09-17,,0.472138525410824,0.7471670218667676,-0.5051398158885563
2004-09-20,,0.36049579103343427,0.5680550271812809,-0.5005277261764421
2004-09-21,,0.24906449971463923,0.38983871302723694,-0.49594471628994813
2004-09-22,,0.24756889670915982,0.38730479572298426,-0.5111244261718948
2004-09-23,,0.30125180899341614,0.47271518522367334,-0.506446122037761
2004-09-24,,0.13302436999944633,0.2043395433717096,-0.4599486552129771
2004-09-27,,-0.14675071082459198,-0.24186291227408485,-0.4136743450856864
2004-09-28,,-0.20212798021398304,-0.3300419271972964,-0.3986096177901031
2004-09-29,,0.02436563590510603,0.031135950474561205,-0.45243908964289464
2004-09-30,,-0.20256000874321506,-0.33053794473990095,-0.3880767385367249
2004-10-01,,-0.08762774597921529,-0.14728521746236084,-0.41548033865965583
2004-10-04,,-0.3162476335305017,-0.5112660171761844,-0.4293458111416904
2004-10-05,,-0.3145311912488022,-0.5081292631722455,-0.42521545094339663
2004-10-06,,-0.08156118271607023,-0.13728273977364758,-0.4638038945491958
2004-10-07,,0.09323978211512352,0.14094929911451684,-0.48636076444941023
2004-10-08,,-0.024280621678468527,-0.046026646725993256,-0.38448710942726044
2004-10-11,,0.034529821532042704,0.047607924088539214,-0.4054376529924539
2004-10-12,,-0.024841990011917912,-0.04682847208962055,-0.42406054559790685
2004-10-13,,0.03460140437942201,0.047811024640034644,-0.44720166077966705
2004-10-14,,-0.2642328625909407,-0.42747862783784024,-0.3602818897979737
2004-10-15,,-0.2028573513229352,-0.3297175858055236,-0.3862743923539183
2004-10-18,,-0.32240979980628426,-0.5193909700277521,-0.40990034022852845
2004-10-19,,-0.26007278482453,-0.4200991285980965,-0.438094915051783
2004-10-20,,-0.44124798478771743,-0.7068196163772905,-0.33614522447113565
2004-10-21,,-0.31640753256898685,-0.5084274967591424,-0.43256945445037276
2004-10-22,,-0.3146720644350061,-0.5052825797340279,-0.42819901298966584
2004-10-25,,-0.25118003956352464,-0.40450583765354564,-0.3839700630726755
2004-10-26,,0.060789791081748645,0.08938916370860844,-0.4622361171275531
2004-10-27,,0.3101512909989128,0.48383047372226623,-0.481249810127378
2004-10-28,,0.12006867631867288,0.18316166622892588,-0.47890376704852355
2004-10-29,,0.2455093617903071,0.38145124715101103,-0.46707838370989097
2004-10-31,,-0.00961935791682329,-0.021879188399072123,-0.43624605640935893
2004-11-01,,0.05412188454555157,0.07894008059035794,-0.4604739269010665
2004-11-02,,-0.010365175621467946,-0.02297178867404409,-0.44867782017100694
2004-11-03,,0.054062733041793994,0.0789301073376399,-0.46577804722851707
2004-11-04,,-0.07591297818892458,-0.1265097753609621,-0.45388780021663466
2004-11-05,,0.7046628425537034,1.1037082487154521,-0.4638172061504952
2004-11-08,,0.6343517355970012,0.9901943823989381,-0.45915956655526635
2004-11-09,,0.5644964878092973,0.8785334590329829,-0.4545243954289166
2004-11-10,,0.6261680846973191,0.9726142207873757,-0.4572376942842337
2004-11-11,,0.8186205477658633,1.2677472697625274,-0.4525995415555499
2004-11-12,,0.6802529207436667,1.0491180462245646,-0.44306777723565444
2004-11-15,,0.7412032552953002,1.1395054835929155,-0.45083181997750343
2004-11-16,,0.8015487230961079,1.2275728227840896,-0.4486844711303157
2004-11-17,,0.9273537462933531,1.4132978206719036,-0.4415882779400569
2004-11-18,,0.7862194050892439,1.192437595198246,-0.44198857976021116
2004-11-19,,0.9791739579021348,1.477627141802053,-0.4423943062714095
2004-11-22,,0.9697955801118858,1.4547869354085596,-0.4352898082902531
2004-11-23,,0.8273536963412396,1.2348341384624675,-0.43072668106654144
2004-11-24,,0.686397669573451,1.0202906299791155,-0.433748393008606
2004-11-25,,0.7483678648746093,1.109157707959439,-0.4342379376557369
2004-11-26,,0.7423578540594191,1.0964616077705616,-0.42204292896187007
2004-11-29,,0.9387795165661071,1.3810527680052678,-0.4251672526191113
2004-11-30,,-0.08918157032616715,-0.1388728782514061,-0.3414002540624105
2004-12-01,,-0.020393685691016995,-0.037125238671987706,-0.33732535108458167
2004-12-02,,-0.08942556296211163,-0.13914089803942478,-0.3384123378994848
2004-12-03,,-0.2969096848293881,-0.44565033491174993,-0.321415868167471
2004-12-06,,-0.7118174842834251,-1.0559327855371208,-0.32519804817502784
2004-12-07,,-0.5678023487391575,-0.8422349974529243,-0.331581064295797
2004-12-08,,-0.7038213998474547,-1.0396363606192152,-0.314454232071293
2004-12-09,,-0.9082575287271835,-1.3338649664550175,-0.29997970326620244
2004-12-10,,-0.9005892345063418,-1.3171267706034517,-0.2960540500746884
2004-12-13,,-0.8230417011984089,-1.2001370653599146,-0.2921384678058211
2004-12-14,,-0.9568130179851663,-1.3876428436637898,-0.2882327399887619
2004-12-15,,-1.0183958651853073,-1.468882190716959,-0.30561449323177764
2004-12-16,,-0.7275889574118565,-1.048641759247771,-0.3256426456057798
2004-12-17,,-0.7930055382656015,-1.138793000857217,-0.3215382598397341
2004-12-20,,-0.9989668790646242,-1.425878729682917,-0.31744559961807295
2004-12-21,,-0.7773708739780879,-1.1078657660375668,-0.34033724725837117
2004-12-22,,-0.7714455169595522,-1.0963538187751678,-0.3361270660531434
2004-12-23,,-0.836898768099744,-1.1848715443905231,-0.3319296398905214
2004-12-24,,3.0,-1.3701419938815975,-0.4530649599938458
2004-12-27,,-0.6359303411501643,-0.9545902969558341,-0.34432555340481596
2004-12-28,,-0.750111373823713,-1.1454879694965787,-0.3290813091014279
2004-12-29,,0.21003681461890591,0.4794448859141803,-0.35517162270342
2004-12-30,,0.14867679795608177,0.3748728860251199,-0.3397735706252954
2004-12-31,,-0.33525748466698263,-0.44385682592182724,-0.24119113053179644
2005-01-03,,-0.0301751426715547,0.0713025386421729,-0.25410511616234366
2005-01-04,,-0.03015915165727708,0.07080656153448511,-0.28936715343438124
2005-01-05,,-0.3366817097645908,-0.4476832708340927,-0.22360335539701767
2005-01-06,,-0.39641334487180396,-0.5488383966427475,-0.16915408053405903
2005-01-07,,-0.14672056023537486,-0.1277751080659454,-0.21936395947231052
2005-01-10,,-0.14606424687292494,-0.12719050456353886,-0.2156153368223729
2005-01-11,,-0.20796719031366734,-0.23223171475046622,-0.1947785381908254
2005-01-12,,-0.2069589468990586,-0.23104540804394202,-0.19111780529603709
2005-01-13,,-0.2691403839266092,-0.336505458237308,-0.18746218575502002
2005-01-14,,-0.45808648268962104,-0.6553982541347897,-0.18381153919081064
2005-01-17,,-0.4553831154166759,-0.650798666243635,-0.18016572723599122
2005-01-18,,-0.4526963104469662,-0.6462401025979976,-0.1765246135063289
2005-01-19,,-0.5142436137910116,-0.7494237886722641,-0.2078736379557688
2005-01-20,,-0.5110623713600518,-0.7436951105941024,-0.20408849925240388
2005-01-21,,-0.5079027914127232,-0.7380270809004649,-0.20030905502730006
2005-01-24,,-3.0,-0.6237468361275755,-0.23486619502663056
2005-01-25,,-0.35903509011172224,-0.728499001230786,-0.2545988452326496
2005-01-26,,-0.24687572481155712,-0.5039740446426819,-0.2832223143769561
2005-01-27,,-0.3561488192969803,-0.72071799386122,-0.3058511684166856
2005-01-28,,-0.3540754294044878,-0.7152834708182916,-0.271626982422425
2005-01-31,,-0.2961742547964061,-0.5993381838430069,-0.08725000175366936
2005-02-01,,-0.46275143407249714,-0.9274471658943657,-0.03260279629801468
2005-02-02,,-0.5161324081341185,-1.0294069797512604,-0.05064554998041963
2005-02-03,,-0.05997333399807809,-0.12910774888367502,-0.23587790177202195
2005-02-04,,0.05430635735354137,0.09646852482013671,-0.2013373172376394
2005-02-07,,0.05402125096800002,0.09596449687472357,-0.30153544616565536
2005-02-08,,0.053737109367278615,0.09546222679415936,-0.29716131795631023
2005-02-09,,-0.06233407049205502,-0.13350230047709524,-0.18177852845378964
2005-02-10,,0.054407352687193884,0.0968974808870942,-0.25224506767860017
2005-02-11,,0.11262901611189209,0.21180190436076637,-0.29156881900350257
2005-02-14,,0.17083409313163728,0.32657566622911627,-0.3152541246496401
2005-02-15,,0.16990482055868525,0.3246938309700538,-0.3107535898323636
2005-02-16,,0.34713558469051015,0.6731535591741256,-0.3502110210863538
2005-02-17,,0.2854580798462866,0.5512573460725727,-0.3455048598717297
2005-02-18,,0.4635700127331127,0.8991933238231626,-0.3818942651431898
2005-02-21,,0.46066673484672394,0.8912336855467125,-0.37699145707145393
2005-02-22,,0.33692295082948653,0.6483323693129984,-0.35301598488910824
2005-02-23,,0.21337032201124181,0.40680970932782345,-0.3290913866601526
2005-02-24,,0.2732833048776096,0.5233746249368378,-0.36930350010696844
2005-02-25,,0.1488517592111619,0.2806315658985773,-0.33870521396728465
2005-02-28,,0.08623748210218539,0.1585658660722271,-0.2920254453266181
2005-03-01,,0.3960718148303485,0.7613595703305793,-0.2875306596285351
2005-03-02,,0.5181415424630588,0.9957549355443064,-0.28304624109167764
2005-03-03,,0.45227337164903714,0.865889891095994,-0.2785719258731118
2005-03-04,,0.13507435846368304,0.25203517373761297,-0.274107454563313
2005-03-07,,0.3871699106456827,0.738525565502325,-0.35839852053974236
2005-03-08,,0.3213384357455879,0.6106821353224569,-0.37657843530111884
2005-03-09,,0.44695616662544246,0.8510225227405867,-0.3748760745351289
2005-03-10,,0.38010620244494675,0.721187503963889,-0.33666639954879707
2005-03-11,,0.31341052234274736,0.5924168787480427,-0.3551723910723898
2005-03-14,,-0.07706555791625373,-0.15681641315520906,-0.19303150369786265
2005-03-15,,-0.2720456758009047,-0.5304180381077581,-0.14856293764558634
2005-03-16,,-0.7922534734266212,-1.5164003133907784,0.21636692085665857
2005-03-17,,-1.1104124059126064,-2.0919644563804933,0.26285096125686963
2005-03-18,,-0.9693735534689248,-1.80825774325175,0.21757892172695004
2005-03-21,,-1.3480241123262096,-2.4626008562331907,0.2882751079814901
2005-03-22,,-1.394685131799391,-2.4972038064764774,0.3075640244838461
2005-03-23,,-1.7557575805352874,-3.0,0.6284128371860972
2005-03-24,,-1.661493763170581,-2.815166640601265,0.6283741992831211
2005-03-25,,3.0,-2.9006530155113204,-0.4546121475220086
2005-03-28,,-1.6224702342739725,-2.87512574913244,0.7097035769353117
2005-03-29,,-1.6485728916233533,-2.848270330077993,0.7951176457782073
2005-03-30,,-1.5681471687173711,-2.643771513500842,0.7692857601212851
2005-03-31,,-1.7518376386515053,-2.89079723145772,0.8197295242151255
2005-04-01,,-1.7194699230520523,-2.7679496533775745,0.8177724409644048
2005-04-04,,-1.8921655534333282,-2.974462085821945,0.9679510082823162
2005-04-05,,-1.9030632580495066,-2.9147568699163746,0.8464756634003258
2005-04-06,,-1.863088806578537,-2.7846634319273518,0.802603312578908
2005-04-07,,-1.8741287398370563,-2.7391198118466713,0.7800205973530248
2005-04-08,,-1.4919736220474795,-2.130803452457097,0.7332879789660525
2005-04-11,,-1.6163847699598775,-2.281752816175989,0.7741698921544604
2005-04-12,,-1.393502608315152,-1.9322614683769057,0.7832424650128044
2005-04-13,,-1.1282012254614806,-1.5352290140790317,0.7222724224746477
2005-04-14,,-0.9672243509023556,-1.296086092389963,0.8370378010047168
2005-04-15,,-1.1061106732220292,-1.4866780029066227,1.215107892553433
2005-04-18,,-1.4373723382597734,-1.9394244807229029,1.472386662778376
2005-04-19,,-1.2698249408357334,-1.6882873282523965,1.4575190135676068
2005-04-20,,-0.9593167512472952,-1.2468230995264507,1.1727806818640334
2005-04-21,,-0.40443262737156405,-0.47134860152768876,0.8068024990385029
2005-04-22,,-0.3516249728504995,-0.39768511640513343,0.777275432589353
2005-04-25,,-3.0,-0.3944427016467576,0.7758201439242021
2005-04-26,,-0.16181884642626326,-0.25037288511970834,0.7743864614836969
2005-04-27,,-0.024883217378031893,-0.03567950710334568,0.7729741467109494
2005-04-28,,-0.20637234561461293,-0.3198113870890295,0.9387817980360966
2005-04-29,,0.023671041376491266,0.04054595505145454,0.8482346527189144
2005-04-30,,-0.06808549197877799,-0.10308868592464529,1.05483983432364
2005-05-02,,0.025010487470456363,0.042717505243274057,1.2744721278671793
2005-05-03,,0.07164025229821332,0.11573685036196285,0.9154676906915307
2005-05-04,,0.07156241170008451,0.11562088976438642,0.7730642809883345
2005-05-05,,0.024534309347538166,0.0420187360612627,0.7716742560233244
2005-05-06,,0.07191237420515152,0.11619153622723263,0.6372687721392035
2005-05-09,,0.2615824649697319,0.4129114459008032,0.58452174110438
2005-05-10,,0.16508723352698243,0.2618839841535342,0.6589256940472166
2005-05-11,,-0.17104851748395725,-0.2637439397922043,0.8348894444065535
2005-05-12,,0.1193048408115573,0.19026385233681908,0.7764322366820418
2005-05-13,,0.21582630590415697,0.3410787576518889,1.0602274604197022
2005-05-16,,0.5066208599033654,0.7943566204619225,0.9248676560804094
2005-05-17,,0.4061524972028727,0.6369377976738078,1.1883166594505643
2005-05-18,,0.10950366870755596,0.1744699645677873,1.2851110676444732
2005-05-19,,0.05982849331464366,0.0970444481421646,0.8981889523096418
2005-05-20,,0.15909559130550152,0.25172926974738813,0.6772082475743976
2005-05-23,,0.15853022177666687,0.25080828573911573,0.67683395893943
2005-05-24,,0.057636819447118647,0.09360608133604163,0.7966892348997426
2005-05-25,,0.20891045223048496,0.329212957268622,0.6214944520392917
2005-05-26,,0.4611991268102275,0.7212650555761948,0.5647201084512403
2005-05-27,,0.5601695192085346,0.8735398152897459,0.4617827432301017
2005-05-30,,0.6585548051520782,1.0235264518809704,0.46314949549757256
2005-05-31,,0.6541716762852126,1.0140630515962863,0.5543557033303602
2005-06-01,,0.3932695090735621,0.6106829136863597,0.6054895978791974
2005-06-02,,0.4428283209251985,0.6863323882881905,0.5083499276349679
2005-06-03,,0.5957647442769605,0.9199841454068259,0.3644046846638809
2005-06-06,,0.27977686943853447,0.43402577746802873,0.4610332797644791
2005-06-07,,0.12125792462811862,0.19042898355785165,0.5208309125741758
2005-06-08,,0.22623318186256683,0.35161031006343274,0.5730455304792265
2005-06-09,,0.3839817639227785,0.5934017487416151,0.603003685546592
2005-06-10,,0.5412158438063138,0.8332492053949418,0.40121742038802416
2005-06-13,,0.8036176166891073,1.2303487783749987,0.31440293986934365
2005-06-14,,0.7442736685039072,1.1360114076612153,0.3167438547402137
2005-06-15,,0.8986852015070264,1.364079806520089,0.26324457800475637
2005-06-16,,0.9443784776597394,1.4255308010674934,0.2658671384149893
2005-06-17,,0.8827253232818048,1.3266469345384424,0.1521755941072714
2005-06-20,,0.7682680043394557,1.1513194743278938,0.08373345861729642
2005-06-21,,0.7087014708437421,1.0593923462928698,0.16284030445448247
2005-06-22,,0.6496212700222093,0.9691853430804657,0.3557258582185489
2005-06-23,,0.5909454251227064,0.8803886485738524,0.2246833330605352
2005-06-24,,0.36878124017510544,0.5509508204756921,0.36515327316383106
2005-06-27,,0.09194344790735028,0.14124095410954665,0.47460889463798406
2005-06-28,,0.31270590148782773,0.46768485183725256,0.22238605829007402
2005-06-29,,0.532874303401907,0.792082839639975,0.07462213492357836
2005-06-30,,0.47396068876705977,0.7042201022909037,0.3070458814568941
2005-07-01,,0.5828623088444884,0.8632080607332667,-0.04857341712231888
2005-07-04,,0.4108378570725407,0.6094330725259453,-0.0444706966383586
2005-07-05,,0.5212591363692186,0.7706742081082911,-0.04036879757860313
2005-07-06,,0.5180501634250875,0.7648413675290922,0.01890746368471419
2005-07-07,,0.5148633783927504,0.7590727163635841,0.10983273633221916
2005-07-08,,0.7962877545050187,1.1669754364277996,-0.09318632562455838
2005-07-11,,0.6190193108751152,0.9064851424172439,-0.11673863812490033
2005-07-12,,0.6148617534850513,0.8985878476753967,-0.17630829919056065
2005-07-13,,0.668244226120482,0.9737714505771989,-0.23182638571075734
2005-07-14,,0.6635514785781921,0.9646742760864822,-0.27923064706506767
2005-07-15,,0.658901483119137,0.9557179002158525,-0.27399354343221616
2005-07-18,,0.6542934858064003,0.9468982692978728,-0.4026880116211648
2005-07-19,,0.4161605207096713,0.6037210027920216,-0.19719777688589601
2005-07-20,,0.5311487573074969,0.7678608398527907,-0.25774131411061724
2005-07-21,,0.8216085653282115,1.180489784659947,-0.3961453997376551
2005-07-22,,0.5203982167812277,0.7486700872556636,-0.17197910928813284
2005-07-25,,0.6947734788312138,0.9951393754658359,-0.24158241062722338
2005-07-26,,0.8082485376399706,1.1527962505042795,-0.2364195773316613
2005-07-27,,0.6234078610055971,0.8886235648101757,-0.3145651107408564
2005-07-28,,0.4395711962537313,0.6275793419386735,-0.22123501676496585
2005-07-29,,0.7970858410525632,1.1297555705109126,-0.44677424944003563
2005-07-31,,0.12747502653017345,0.18530840335196863,0.005767187103454999
2005-08-01,,0.18760307274950103,0.2700472649386755,-0.04078068516847207
2005-08-02,,0.18660146272247025,0.2685769614801529,-0.03637261984046925
2005-08-03,,0.24700730341247532,0.35361431814588545,-0.03196521246577536
2005-08-04,,0.3690014857181742,0.5251652864460593,-0.11743530248890105
2005-08-05,,0.24290453923163421,0.34746353949893033,-0.30162879820444716
2005-08-08,,0.17924136363490162,0.25777962262810983,-0.2960179428989763
2005-08-09,,-0.07243586368995385,-0.09650257466701762,-0.0914225343803201
2005-08-10,,-0.07204037103378888,-0.09595271023088016,-0.1866277278524512
2005-08-11,,-0.19831705539400388,-0.27365325353120196,-0.07684132399196748
2005-08-12,,-0.3880329309483492,-0.5402410340375682,0.12927010427669763
2005-08-15,,-0.3857064092679252,-0.5365746352684415,0.032042119922904275
2005-08-16,,-0.25501491716401076,-0.3528190205617954,0.10694218069320564
2005-08-17,,-0.18900833980808995,-0.26005779046964256,-0.07515006124253477
2005-08-18,,-0.4473250343623715,-0.6222391220279968,0.12087465129053244
2005-08-19,,-0.2491817731241424,-0.3441262503290164,0.12485407688330281
2005-08-22,,-0.31324437851641024,-0.43377365650667604,0.12883445136539468
2005-08-23,,-0.3771841923084809,-0.523043055316614,0.186810299923138
2005-08-24,,-0.4409498273835777,-0.6117796522108886,0.19056096233052716
2005-08-25,,-0.3718561039287333,-0.5147196943597665,0.19431240909252426
2005-08-26,,-0.43626232148909183,-0.6042220259894441,0.03874553913039846
2005-08-29,,-0.09841084456417028,-0.1321422451770334,0.13914178748297598
2005-08-30,,-0.23267642341038028,-0.31965647333701824,0.21655884084665902
2005-08-31,,-0.5020004267890467,-0.6949796869605133,0.41807835727126996
2005-09-01,,-0.49872542269472786,-0.6895495780075462,0.4207455404543346
2005-09-02,,-0.49547204146285023,-0.6841723493695478,0.3447343932486025
2005-09-05,,-0.6289900926170839,-0.8682792760350262,0.347853125715823
2005-09-06,,-0.4872454043838261,-0.6705933535567254,0.27169504326298827
2005-09-07,,-0.20772594507913444,-0.2827284768408174,0.13003200857179334
2005-09-08,,-0.2064924332386621,-0.28095521100952053,0.026023360518447163
2005-09-09,,-0.06547425340621557,-0.08540062174663822,-0.10159506310194884
2005-09-12,,0.2862966549305349,0.402254130670818,-0.3428494189811715
2005-09-13,,0.07296027418480645,0.10651310832227662,-0.21298302099680735
2005-09-14,,0.2146457565240794,0.30284617554259385,-0.33616857241221837
2005-09-15,,0.21355642950339776,0.30126895659922764,-0.5116423498037089
2005-09-16,,0.4989616467005883,0.6959598543951684,-0.6479293022708007
2005-09-19,,0.4958852460730713,0.6909442233788001,-0.6394964991906197
2005-09-20,,0.5649308935921076,0.7852870773569877,-0.6983779368429067
2005-09-21,,0.48886821718446466,0.6795543638852781,-0.5353100230981774
2005-09-22,,0.41308615307181706,0.5746055246485982,-0.4503286415301197
2005-09-23,,0.5568196230676625,0.7716182665645436,-0.613133823509884
2005-09-26,,0.47986697442768145,0.665039442612225,-0.6826299535480707
2005-09-27,,0.5505770014251978,0.761228293414858,-0.6738091211489105
2005-09-28,,0.6946944846242982,0.9570545732941778,-0.7137886604697649
2005-09-29,,1.1315391311568288,1.5468564661001578,-0.8021837914909947
2005-09-30,,1.192705508754481,1.6202430833706352,-0.8457472979565627
2005-10-03,,1.1793287144128464,1.592727864155257,-0.8790479151332609
2005-10-04,,1.0931161628114725,1.4693318742265986,-0.8191645691922504
2005-10-05,,0.7140234250955608,0.959534978454429,-0.6520180522214439
2005-10-06,,0.1881518802932933,0.25662999151189914,-0.23406862414936117
2005-10-07,,-0.03775529891412985,-0.04526847728802427,0.019961536805199753
2005-10-10,,-0.11293194796808716,-0.14573229234396132,0.02486495123485861
2005-10-11,,-0.11234692503805344,-0.1449526201222338,-0.2403015806698653
2005-10-12,,-0.1879013584756939,-0.24588727639486027,0.04182928740731941
2005-10-13,,-0.8730628743866933,-1.1578557333927142,0.8157958527731375
2005-10-14,,-1.1684313157401143,-1.5431020367127053,1.0601438036254651
2005-10-17,,-1.0045346464834235,-1.320825340703121,0.6562739224807903
2005-10-18,,-0.8431244014465336,-1.1047995798557952,0.5418031275321206
2005-10-19,,-1.0641972169778404,-1.3898550489499606,0.6652328406946043
2005-10-20,,-0.748885571857999,-0.974518441700278,0.5400138897951828
2005-10-21,,-0.8961237632854867,-1.1636177072114593,0.7350116251150046
2005-10-24,,-0.8882886283081965,-1.1500332763220382,0.6188441573246437
2005-10-25,,-0.6499083603194691,-0.8387427417112384,0.16093920715136759
2005-10-26,,-0.567852102928489,-0.7313273279453733,0.0010520624144491901
2005-10-27,,-0.7192472704472591,-0.9258802389158937,0.17638144820451507
2005-10-28,,-0.7137681096676517,-0.9170619105819396,-0.160830010898664
2005-10-31,,-0.7863113484920237,-1.0084955712799117,-0.15498073467204584
2005-11-01,,-0.7799744846613677,-0.998103964559342,-0.28992677156766694
2005-11-02,,-0.6953062013290213,-0.8876180903236639,-0.28345081999627514
2005-11-03,,-0.4534618526602005,-0.5766227458704963,-0.27698747962009856
2005-11-04,,-0.13268445738166618,-0.16502648737834852,-0.11236027065780914
2005-11-07,,-0.05187845307373743,-0.06135849297005388,0.07872768975134226
2005-11-08,,-0.13186821236821097,-0.16397141421606704,0.26973556986092895
2005-11-09,,-0.05021692416699555,-0.05922982779592258,-0.27554171051845083
2005-11-10,,0.03143074382470911,0.04550112574586466,-0.09770552037247045
2005-11-11,,0.764697019737011,0.984311553816668,-0.26930069711270577
2005-11-14,,1.0830823074751512,1.3867668218904752,-0.48364887527953365
2005-11-15,,0.7479016556467627,0.9575476476804768,-0.47588864798598013
2005-11-16,,0.41497360320266463,0.533346960798497,-0.23504595901546574
2005-11-17,,0.6593848647917325,0.8432436004995341,-0.36472245147897236
2005-11-18,,0.572337798996488,0.731872837274777,-0.4667783219033926
2005-11-21,,0.7341012335936902,0.9356757994150793,-0.3440793989438726
2005-11-22,,0.4795058121218254,0.6125553403838313,-0.18855025714192475
2005-11-23,,0.2255759292243307,0.29089193663298524,-0.3368549279864396
2005-11-24,,0.22440337799637125,0.2893545280987089,-0.45714018234028686
2005-11-25,,0.30782487680159615,0.39485624600951946,-0.4494032800542338
2005-11-28,,0.3910905976745386,0.5000110580411288,-0.7417543818103152
2005-11-29,,0.38883341673270655,0.4969185685202665,-0.7316546123076264
2005-11-30,,0.12917554377581142,0.16854043406384514,-0.5432950177048935
2005-12-01,,0.042212576430984756,0.05856460294786486,-0.3948753004960599
2005-12-02,,0.12882771146166266,0.1680739116740784,-0.5335783710575139
2005-12-05,,0.1281901762224418,0.16725092275435763,-0.37302978836773887
2005-12-06,,0.039855150861759635,0.055552415349214866,-0.04834512956433117
2005-12-07,,0.12786259716614976,0.16681073376441474,-0.042460567053853156
2005-12-08,,-0.31582102714452137,-0.3940274491967816,0.3918358279293342
2005-12-09,,-0.1359356730386016,-0.16666308182519288,0.17808181489998992
2005-12-12,,-0.13514780899374565,-0.16566416177099846,-0.04137605707035236
2005-12-13,,-0.314259625373624,-0.3919023408365494,-0.035432507389580946
2005-12-14,,-0.49292235849699223,-0.6171538011510294,0.434378525464859
2005-12-15,,-0.3084376937680595,-0.38414313124319427,0.4381425025987071
2005-12-16,,-0.48880339998426425,-0.6113172545585327,0.6687988859318511
2005-12-19,,-0.3941940534391559,-0.49176447121416966,0.19791862161073506
2005-12-20,,-0.29980125217213743,-0.37267741070985705,0.202976176167058
2005-12-21,,-0.20552903311126935,-0.25384947418162873,0.20803352388497237
2005-12-22,,-0.2972756739107957,-0.36934513043444783,0.21309057401432335
2005-12-23,,-0.48212215735811187,-0.6017418043385627,0.4851270724976801
2005-12-26,,3.0,-0.5973784569236885,-1.2901968312346874
2005-12-27,,-0.6824516711054093,-0.9459217049807752,0.5094278201315593
2005-12-28,,-0.6026315288188536,-0.8193549121067136,0.23314012003018122
2005-12-29,,-0.5984863570074158,-0.8122687980413612,0.7748652583147968
2005-12-30,,-0.4432914607736195,-0.5683175563216448,0.5195269287952445
2005-12-31,,-0.21242551833937445,-0.20587818883664638,-0.4078561098915705
2006-01-02,,3.0,-0.08425504665960483,-1.3018622572689234
2006-01-03,,-0.11599577027557396,0.037352296181229094,-0.2083086974465766
2006-01-04,,-0.05044163029566702,0.15894238506608283,-0.3762758454474542
2006-01-05,,0.1457180530538982,0.524440027357661,-0.5497575771091013
2006-01-06,,0.14490450817938622,0.5212444210862105,-0.6678496287647937
2006-01-09,,0.14409383440100443,0.5180710812721934,-0.74873051781768
2006-01-10,,0.14328601573277328,0.5149197151035098,-0.7380548708658626
2006-01-11,,0.342380976719821,0.8822903039589817,-0.8002601533969959
2006-01-12,,0.20647305107845013,0.6276328315097759,-0.6065878688703612
2006-01-13,,0.20530125568212304,0.6234194039696015,-0.45664412924523146
2006-01-16,,0.13646178716385535,0.49430228688674616,-0.5954602640844333
2006-01-17,,-2.451790871364859,-3.0,3.0
2006-01-18,,0.158752305355676,0.4998353672139191,-0.5750528010147631
2006-01-19,,0.2916883725183708,0.730250420282469,-0.7645522173799821
2006-01-20,,0.42435247238620594,0.9579600736387219,-0.8333324947989613
2006-01-23,,-3.0,1.0654708027972768,-0.9013095141102522
2006-01-24,,0.4855939593315529,1.054763881697102,-0.8892009608417869
2006-01-25,,0.5412769802794378,1.1601916909986774,-1.0186534134257603
2006-01-26,,0.65551294597418,1.3779076053451393,-1.0048195718152555
2006-01-27,,0.6508315861915744,1.3593521896830212,-1.0476560166875553
2006-01-30,,0.40880673244131327,0.881069809577541,-1.0333510107762185
2006-01-31,,-3.0,0.1730071144594403,-0.543108250053822
2006-02-01,,0.25776150687439187,0.5250794514046119,-0.7056539134012623
2006-02-02,,0.20311281310675006,0.4037452630876608,-0.6957689249579176
2006-02-03,,0.20205063285195254,0.401387700979477,-0.7888058278024201
2006-02-06,,0.20099263977518486,0.3990431205017354,-0.8580141614069947
2006-02-07,,0.14583440364049544,0.27691620162470526,-0.8464149678899981
2006-02-08,,0.1450927829325245,0.2754119794069094,-0.8349532979629746
2006-02-09,,0.08967004018793982,0.1528112449813406,-0.8236243946364106
2006-02-10,,0.25411450962010435,0.5168703540865839,-0.9156279793452843
2006-02-13,,0.36311742915210776,0.7568638842455488,-0.9777082785993814
2006-02-14,,0.36102230865331186,0.7509927554349183,-0.9987750011302806
2006-02-15,,2.4133842284623093,3.0,-0.9451091650367272
2006-02-16,,0.3257747654603936,0.628913502275546,-0.9781425270113213
2006-02-17,,0.15944925314881342,0.28920179196697127,-0.9132827482300594
2006-02-20,,0.10345288646194258,0.174980403853928,-0.9009304592858243
2006-02-21,,0.10289910315226933,0.17399384236929497,-0.9518942935302992
2006-02-22,,0.04662109483195759,0.05923411296847183,-0.8700519369353781
2006-02-23,,0.15840711114369915,0.2875797941208748,-0.9674964797169093
2006-02-24,,0.21383840320793351,0.4006819150328799,-0.9601050157063494
2006-02-27,,0.32575695641235775,0.6283420042002751,-0.9528234979828
2006-02-28,,0.09649339139952152,0.16135497570321652,-0.9168907432943404
2006-03-01,,0.4386787922009844,0.856502013328119,-0.9044697193854646
2006-03-02,,0.32131702102472803,0.6173506150490978,-0.8922135583253936
2006-03-03,,0.2617992517410792,0.4962949446373645,-0.8512578145587311
2006-03-06,,0.14436815489332197,0.25826255377666874,-0.8281149417484827
2006-03-07,,-0.14794368595301047,-0.3340703915498742,-0.4974537584723955
2006-03-08,,-0.3813871221018751,-0.8051669141468392,-0.07979799531835159
2006-03-09,,-0.4379004648159612,-0.9165729394191208,0.05570739579738985
2006-03-10,,-0.3762098171417443,-0.7903122720810096,-0.07433636280272662
2006-03-13,,-0.3739953019913924,-0.7840067257098627,-0.16881405910598962
2006-03-14,,-0.5503977086724494,-1.1328259064952262,0.08758735337295982
2006-03-15,,-0.5467540645505398,-1.12043895362888,-0.056058078120887395
2006-03-16,,-0.6629152122373267,-1.3428640692884817,0.46527921181115167
2006-03-17,,-0.5980496169291099,-1.2082555289763022,0.10264683165140709
2006-03-20,,-0.5939231856443831,-1.1939884602990265,0.2832516755482127
2006-03-21,,-0.4686182284677403,-0.9455955198035112,-0.05716226515845411
2006-03-22,,-0.5873914275526094,-1.1715140008088158,0.11945887816083524
2006-03-23,,-0.3387493201130975,-0.6873892040600866,-0.2839615430990528
2006-03-24,,-0.8273555988793886,-1.619483196622667,0.32991473957914186
2006-03-27,,-0.759186380048132,-1.4770443248728502,-0.04043025411666731
2006-03-28,,-0.9371802083433274,-1.7958831008364402,-0.03409491468397396
2006-03-29,,-0.7442316833961085,-1.4218532538724808,0.16440903076882338
2006-03-30,,-0.6147726623114315,-1.1736168856331903,-0.16607255025862894
2006-03-31,,-0.7963788558019815,-1.4999961139053026,0.39038501181955926
2006-04-03,,-0.7277407436920709,-1.364010951192681,0.3948610696041802
2006-04-04,,-0.7220625312980837,-1.3448632089093133,0.6312945830113826
2006-04-05,,-0.5286379147239033,-0.9881391107091707,0.8345107801418791
2006-04-06,,-0.2728654701300819,-0.5221003643386689,0.8351777561824925
2006-04-07,,-0.20775397717554198,-0.40335911205480757,0.8358438637853433
2006-04-10,,-0.33401229462095516,-0.6316199003619246,1.0680429758788155
2006-04-11,,-0.4599325501760072,-0.8575856653895361,1.3571984259720198
2006-04-12,,-0.2640350757496838,-0.5025458593474723,1.0509994157502798
2006-04-13,,-0.19772915087208698,-0.3823398002603269,0.5862688326013235
2006-04-14,,3.0,-0.027466652897199528,-1.1526612680160975
2006-04-17,,-0.2858057285736787,-0.49907768359766885,1.0790808440218758
2006-04-18,,-0.2841114052019691,-0.4955449359473139,1.3854118855630693
2006-04-19,,-0.22506365927603222,-0.3732545297695423,0.5881354360384762
2006-04-20,,-0.16606688809189346,-0.2512546850865783,0.5912714120588144
2006-04-21,,-0.3389361371187442,-0.609290937532754,0.5943979190433689
2006-04-24,,-0.04564908564278735,-0.002387545384635463,0.3325257292424717
2006-04-25,,0.013267047292599891,0.11919588212484444,-0.2400976655658014
2006-04-26,,-0.04562188083769957,-0.0031409933217344016,-0.07983880265529371
2006-04-27,,-0.10450512974855969,-0.12545464998507388,0.36809653983496615
2006-04-28,,-0.16337085039999902,-0.2476747180885907,0.1355315585028561
2006-04-30,,0.07692572476843405,0.2492739371878796,-0.07766911462349949
2006-05-01,,0.19688109387509528,0.49668246173637065,-0.37476553781713445
2006-05-02,,0.1354503484674071,0.36908158379289796,-0.05517455272582775
2006-05-03,,0.31702564351482554,0.7424905048291046,-0.3676065178276034
2006-05-04,,0.3762793504523691,0.8620455246685603,-0.5029823878051393
2006-05-05,,0.2515666928757475,0.6042958914857117,-0.19266860380018333
2006-05-08,,0.37343867930364805,0.8521137251414161,-0.34318800212612655
2006-05-09,,0.49494260827254116,1.0960734540164319,-0.4933226631398633
2006-05-10,,0.4298170989828957,0.9596516984386997,-0.48428652703875585
2006-05-11,,0.3648845161696658,0.8251906219990637,-0.6210062350649921
2006-05-12,,-3.0,0.5653382913735625,-0.28527159911255556
2006-05-15,,0.15710618196204496,0.30649777900168834,0.5778322012466602
2006-05-16,,0.15636126711115886,0.3049402578131748,0.8812502181028772
2006-05-17,,0.04337406103901251,0.04506076598600609,0.5749897247997103
2006-05-18,,-0.1824350163717796,-0.47408997247711576,1.7551794522030215
2006-05-19,,-0.18133349103426127,-0.470864279408912,1.7336738785310628
2006-05-22,,-0.4648429314115453,-1.116610605434936,2.6787811328052813
2006-05-23,,-0.6328426336611421,-1.4877146717802612,2.601226274185316
2006-05-24,,-0.9130853110964583,-2.087617032452157,3.0
2006-05-25,,-0.7336403366653027,-1.6690134176357474,2.884882825362566
2006-05-26,,-0.727791653895384,-1.638706406351666,2.670309314955345
2006-05-29,,-0.722003586973497,-1.6095461813887395,2.5187067486371153
2006-05-30,,-0.773857407375593,-1.7022584171031554,2.3904246059407996
2006-05-31,,-0.6519094925226195,-1.4296093347956473,2.3338859304430044
2006-06-01,,-0.7629087999060321,-1.6475657049845744,2.281037286519613
2006-06-02,,-0.9882138590679442,-2.085622663253393,2.49429708159157
2006-06-05,,-0.8045931713270746,-1.6870591830805846,2.313683804072957
2006-06-06,,-0.9138933459272494,-1.8843890087444872,2.3813321039347084
2006-06-07,,-0.905292173968367,-1.8424959774108172,2.202669793087777
2006-06-08,,-1.0710382986190552,-2.134965488425167,2.5352708900873266
2006-06-09,,-1.1751456546818044,-2.2923396191925134,2.5568474416501643
2006-06-12,,-0.9876323731952815,-1.9050741022514788,2.3955460661996404
2006-06-13,,-0.9776283568086678,-1.8608944798622333,2.66711439166715
2006-06-14,,-0.851375720933891,-1.6080669454464807,2.526410575561127
2006-06-15,,-0.8436364686529891,-1.5780105554220034,2.372975889614512
2006-06-16,,-0.5424708412026101,-1.0202904642244415,2.2272616326618166
2006-06-19,,-0.5384873555538077,-1.008410105681238,2.1720046343340678
2006-06-20,,-0.3563514780693934,-0.6749798439250004,2.2149336338664236
2006-06-21,,-0.5329175038048978,-0.9915419935552674,2.3733484288993387
2006-06-22,,-0.16923144530379214,-0.33251685291649086,2.316602505298331
2006-06-23,,-0.4694303104509862,-0.8726119356586677,2.482167357580947
2006-06-26,,-0.5868666034217906,-1.078951593337137,2.453778224579719
2006-06-27,,-0.7637932097284059,-1.3857753115810099,2.4867832553025364
2006-06-28,,-0.6360379154750124,-1.1513526763679807,2.285969429873652
2006-06-29,,-0.6918505797646329,-1.2422339508239646,2.2758645740241343
2006-06-30,,-0.6861696314326827,-1.2243773429031486,2.225035985024442
2006-07-03,,-0.49672326345033,-0.8887400835366469,2.177268948345569
2006-07-04,,-0.5546474659976622,-0.9855542858366879,2.1322662334188833
2006-07-05,,-0.17882911881918545,-0.3306232930530642,1.8372109790704214
2006-07-06,,-0.23979407367595906,-0.43597835747725944,1.8091777808376899
2006-07-07,,-0.05003075344966617,-0.10586568571243202,1.7822987936557964
2006-07-10,,0.13969465206638823,0.22397899757642586,1.6370423981801856
2006-07-11,,0.07596634425505314,0.1133393725052361,1.6167073713852127
2006-07-12,,0.3941769229120836,0.6656245522013139,1.5169770952536041
2006-07-13,,0.20044087752637352,0.3293651952768101,1.6406661928106132
2006-07-14,,0.07109952477188476,0.1050473078984487,1.6894889368398678
2006-07-17,,0.00643548039444788,-0.006999262062957234,1.6671814201185187
2006-07-18,,0.13677839198996802,0.21919074577118067,1.5117264058632702
2006-07-19,,0.13641648090067507,0.21863410984256326,1.5574710161756384
2006-07-20,,0.33298817926231167,0.5591842375230511,1.5396675013335932
2006-07-21,,0.4632145392168631,0.7836766117009794,1.3715779821643557
2006-07-24,,0.7906045726231727,1.3434233207099058,1.2759595251458804
2006-07-25,,0.9822606517107749,1.6603738615322685,1.1054333471158186
2006-07-26,,1.1048520123061791,1.8515665179771954,1.098844323403769
2006-07-27,,0.9624647644989844,1.5995141078351476,0.9934519380456146
2006-07-28,,0.8881086327519422,1.466126298590277,1.1802099947585978
2006-07-31,,0.9469554827588273,1.5539120936062307,1.079781512002337
2006-08-01,,0.9387761607902365,1.5305311082946327,1.0736450346120778
2006-08-02,,0.9307161944839633,1.507909918734241,1.0676146938261815
2006-08-03,,0.7231846035522533,1.1645689943543447,0.8641842866955681
2006-08-04,,0.5841848360960443,0.936168335436964,1.0621083306059587
2006-08-07,,0.8491088989824476,1.3598236407544078,0.7502460264090656
2006-08-08,,0.6406035605340025,1.0201319288647472,0.7983970394457942
2006-08-09,,0.7714962025019012,1.2262389789006376,0.6781070479175046
2006-08-10,,0.7657846750790068,1.2123981872124954,0.6054849665399289
2006-08-11,,1.0981034374011507,1.729383208431679,0.27578384453350074
2006-08-14,,1.1543040192053784,1.802318085039159,0.27776375373407736
2006-08-15,,1.0073928609497607,1.5613099285885512,0.5327844319561843
2006-08-16,,0.7949566152571833,1.2251309772214722,0.621885254631828
2006-08-17,,1.0601512053159357,1.6255162534694167,0.2720513423192502
2006-08-18,,0.9820731626376386,1.4961594917215946,0.4241661820163935
2006-08-21,,0.9731099885931664,1.4738996576068848,0.09203075953842962
2006-08-22,,0.8962815503386191,1.3503678724079184,0.09488378577538165
2006-08-23,,0.8204446141421189,1.2305548858992588,-0.08010509310478954
2006-08-24,,0.7454270671779212,1.113747993751799,0.10525161105662655
2006-08-25,,0.6021720116164528,0.8963825402875373,0.30027552354548104
2006-08-28,,0.8054625054961609,1.197231139364121,0.1060966363195052
2006-08-29,,0.7299675078298086,1.0810662047092234,0.10895506366606536
2006-08-30,,0.7245989943713925,1.069934759982286,0.11181465259272903
2006-08-31,,0.4400264927409655,0.6462121943887272,0.6991153804247272
2006-09-01,,0.2968220623102045,0.4333748311866578,0.6982968922889927
2006-09-04,,0.5071641527787324,0.7446465067678654,0.5949977668561641
2006-09-05,,0.29122456173411754,0.4243979793195717,0.47228685064733816
2006-09-06,,0.43231517473880826,0.632878734936905,0.30655680604522323
2006-09-07,,0.21480063091086396,0.31087693914907866,0.47929648122242513
2006-09-08,,0.06949882190957375,0.09588169363922718,0.6110430703868116
2006-09-11,,-0.0032876028187781166,-0.011792763593374715,0.3016327064624482
2006-09-12,,-0.14895273925127386,-0.2272692471327349,0.6176355992010851
2006-09-13,,-0.0015203569274812015,-0.009086976622665048,0.6176376582329827
2006-09-14,,0.14589889814288237,0.20905417842722768,0.475318486755126
2006-09-15,,-0.07692819909297827,-0.12055605887042947,0.4764143988677457
2006-09-18,,0.07245460027222518,0.1004715835003647,0.28964575193211695
2006-09-19,,-0.3018875405565857,-0.4529514146585712,0.753856193096144
2006-09-20,,-0.30006741733524306,-0.44991508837312044,0.7525999056739442
2006-09-21,,-0.599696205973427,-0.8904215515018544,0.9835680996431392
2006-09-22,,-0.8966055319218695,-1.3212502217065203,1.4733222773161803
2006-09-25,,-0.8133465325109033,-1.1940514202808603,1.458350367144234
2006-09-26,,-0.8065590759986992,-1.1792300672198572,1.3504345618978468
2006-09-27,,-0.7998519863603256,-1.164733331873253,1.3387862259300058
2006-09-28,,-0.717267652066168,-1.0416049276253998,1.2076736454311383
2006-09-29,,-0.32930915375757763,-0.4806865048399055,1.0726718424001873
2006-09-30,,-0.48117006217811265,-0.6987843219218377,1.3196145305986329
2006-10-02,,-0.7092414633714241,-1.0242672835278042,1.502975053016175
2006-10-03,,-0.471717879473919,-0.6818271413570198,1.0296055733479688
2006-10-04,,-0.7015864815961211,-1.00857083518352,1.2820031202638902
2006-10-05,,-0.38429774479245604,-0.5539061522857759,0.9092561529190577
2006-10-06,,0.011138392392774366,0.01144849415489389,0.6068256427734914
2006-10-09,,-0.14683567973127154,-0.2142949939562997,0.6001997106896961
2006-10-10,,0.09254428464556354,0.12787759759854586,0.4695603696907409
2006-10-11,,0.17211536134632788,0.24160742408023178,0.31907912160538915
2006-10-12,,0.09108198274076273,0.1258304415301401,0.3210698117673322
2006-10-13,,0.25218673865969693,0.3559944516222282,-0.0982640705811036
2006-10-16,,0.16987839215091266,0.23840743569605355,-0.09445923832999654
2006-10-17,,0.41356111078087043,0.58610583863244,-0.09065642025654566
2006-10-18,,0.4112691660367528,0.5824401719964568,-0.08685551407641648
2006-10-19,,0.9000942167053408,1.2748309442563162,-0.5829235340988859
2006-10-20,,1.2984965917154092,1.8261714778269382,-0.5763856146324291
2006-10-23,,1.4434785000292807,2.0108041260077956,-0.8768397001795099
2006-10-24,,1.2633177187875018,1.7467817815920277,-0.7259222380963021
2006-10-25,,1.1680510947701608,1.6051316105252322,-0.5448936202308107
2006-10-26,,1.0748320471535493,1.4694458005742388,-0.5386193129133021
2006-10-27,,0.9833142295299659,1.3385960855361871,-0.5323815720196845
2006-10-30,,1.216343133919988,1.6459867076435806,-0.7113450000932737
2006-10-31,,0.8795717139089522,1.1858618818292916,0.4621513948999249
2006-11-01,,0.46437203050698234,0.6245726579244016,0.6321657110770038
2006-11-02,,0.7894681954420267,1.0605850182198318,0.2512395070517835
2006-11-03,,1.028508994723541,1.3763432814969514,-0.8721952628454568
2006-11-06,,0.5264253577826551,0.7027806636724422,-0.5164931859506818
2006-11-07,,0.44029651347962373,0.5870674343794415,-0.3468290370712766
2006-11-08,,0.354420723212426,0.4719984234813307,-0.341720480502775
2006-11-09,,0.35238928603775854,0.4690766039592005,-0.5084663350758096
2006-11-10,,0.18214568314745835,0.24158908757952388,-0.17178830207528978
2006-11-13,,0.18118102724657903,0.24029036180321206,-0.5029211151519868
2006-11-14,,0.010117142560297901,0.011792707465799279,-0.15673885142680843
2006-11-15,,0.3519639230473826,0.46824416712131434,-0.8627419342105609
2006-11-16,,0.43569261041958995,0.5796258370361707,-0.9937163483069854
2006-11-17,,-0.08446659563096572,-0.11434467302931026,-0.46877285045413297
2006-11-20,,-0.17075167680193,-0.22941257049423547,-0.2769383218207979
2006-11-21,,-0.4311411953443949,-0.5762890951245508,-0.10357345739102554
2006-11-22,,-0.3410562729151613,-0.45596325889954487,-0.09947972638376253
2006-11-23,,-0.1631417618222765,-0.21888710602811293,-0.27262658339738566
2006-11-24,,-0.25067502456352037,-0.3353784340712327,-0.08616085940838976
2006-11-27,,-0.33808973888736094,-0.45154919826663054,0.17472008937453581
2006-11-28,,-0.5144120981568264,-0.6854635051533382,0.4464468480816021
2006-11-29,,0.1165127951571461,0.1534461642693306,0.17476463451018692
2006-11-30,,-0.15468212312775817,-0.20708467223226307,1.0202260706033695
2006-12-01,,-0.4255335954744868,-0.5667037349293066,1.1344512254427024
2006-12-04,,-0.7855115585075814,-1.0422305603513065,0.8494322253709335
2006-12-05,,-0.506740307054859,-0.6720855415770328,0.6605908248509621
2006-12-06,,-0.04541702230454309,-0.061419705395781905,-0.30703377403719123
2006-12-07,,0.04708493640058089,0.06103887835613367,-0.5058290109303232
2006-12-08,,0.13957613708180097,0.18347173290606,-0.891832389862531
2006-12-11,,0.32510828194304386,0.42889687094332885,-0.8817477034744686
2006-12-12,,0.04254623818385852,0.055063781070476873,-0.6944684972123141
2006-12-13,,0.5124543415109082,0.6761602480396692,-1.135241108484781
2006-12-14,,0.2261706653316621,0.29771952743003954,-1.22227971080836
2006-12-15,,0.03500684338502562,0.0451030676267612,-1.1019555705206976
2006-12-18,,0.511860072582377,0.6746689743875535,-1.3010879136864635
2006-12-19,,0.6041752754849568,0.7955143532054142,-1.2836088611346204
2006-12-20,,0.6958614095206209,0.9148065936841921,-1.2665474639993495
2006-12-21,,0.5947309829168027,0.7807210873674981,-1.1352317049518663
2006-12-22,,0.6871850779128277,0.9007229992436776,-1.3353149648317661
2006-12-25,,3.0,1.018756491783707,-1.6344278851802563
2006-12-26,,0.5627569005553414,1.008640339787891,-1.1895937404364483
2006-12-27,,0.8763613467169559,1.4986909143851166,-1.4220769356677827
2006-12-28,,0.8687617260868171,1.4756422648361156,-1.4521203776045062
2006-12-29,,1.1777202721304008,1.939044028465612,-1.4308248068496718
2006-12-31,,1.0855750480948583,1.776941497399719,-1.2846176771055258
2007-01-01,,3.0,1.5036958074598614,-1.5282949771287548
2007-01-02,,0.578794683226344,1.2403420888557932,-1.1595988614582402
2007-01-03,,0.3003557081335508,0.7404293615386247,-1.1524655746717083
2007-01-04,,0.09128279138931648,0.36671778742321715,-0.9127756335752962
2007-01-05,,0.09063811858381661,0.364424499706884,-1.131900174110396
2007-01-08,,0.02016327966386708,0.23801966052788856,-1.0073342394705305
2007-01-09,,0.019897841954026562,0.23657634248546938,-0.8702448479563526
2007-01-10,,-0.26261494955973697,-0.266894933645559,-0.7454439067098476
2007-01-11,,-0.26131014197943003,-0.2655161079567538,-0.8562367382259026
2007-01-12,,-0.046204438600355,0.11619070739352277,-1.0948792589033476
2007-01-15,,-0.18942878375610328,-0.13946624067262373,-1.0818091175966473
2007-01-16,,-0.18855310752299242,-0.1388273497088068,-1.0689736171702162
2007-01-17,,-0.11528770775566259,-0.00939197148727869,-1.1600583782685778
2007-01-18,,0.030759403135592018,0.24945278501592577,-1.2206008349942485
2007-01-19,,-0.11591052941596984,-0.012260371507099185,-1.2050884780269107
2007-01-22,,-3.0,-0.14312810688193692,-1.108198441173266
2007-01-23,,0.022526110532309677,0.12053928160321295,-1.1801230112451797
2007-01-24,,-0.10585574714404498,-0.1446081278767772,-1.2326938366688434
2007-01-25,,-0.10537266864913238,-0.1439430063017258,-1.2451654612834655
2007-01-26,,-0.1696458936907239,-0.2767944087048511,-1.1974617383089006
2007-01-29,,-0.03861503593108628,-0.006924869512379308,-1.1824718656439899
2007-01-30,,-3.0,-0.41160712743162403,-0.8927342422024613
2007-01-31,,-0.3258798962717064,-0.8139001123183407,-0.3884862433616678
2007-02-01,,-0.2659244255761906,-0.6724447133161522,-0.5012236395948292
2007-02-02,,-0.14760425101277236,-0.39600899239516657,-0.49515474500943274
2007-02-05,,-0.20556326975244557,-0.5303252404028431,-0.6185351192213138
2007-02-06,,-0.14541129069216222,-0.3898072421064806,-0.611551462536417
2007-02-07,,-0.08527846139100097,-0.24958109878930596,-0.6046174003576407
2007-02-08,,-0.025151706299598817,-0.10945795063059138,-0.5977316803667795
2007-02-09,,0.03497418583326948,0.030650650783761627,-0.869692522315639
2007-02-12,,-0.08586244441830548,-0.2502053712892007,-0.8600444881591424
2007-02-13,,-0.0854155557329666,-0.248887601808473,-0.850515275171826
2007-02-14,,-0.1459199661565228,-0.3891464533726342,-0.6995609744480573
2007-02-15,,-0.20639566320306502,-0.5289224786511857,-0.6917996293084187
2007-02-16,,-0.26681748751772455,-0.6678609460490758,-0.6841054107687145
2007-02-19,,-0.26532539920415027,-0.6630835714549346,-0.6764765396248286
2007-02-20,,-0.20167566197934358,-0.515064480910682,-0.6689112906845003
2007-02-21,,-0.20057061269345808,-0.511785588926755,-0.8228555636372067
2007-02-22,,-0.19946981145589326,-0.5085290353169407,-0.9456391810050685
2007-02-23,,-0.3245992915589927,-0.7951041903297044,-0.7992524678803979
2007-02-26,,-0.32272104317512174,-0.7887112487796374,-0.6209927525964034
2007-02-27,,-0.8287123287830898,-1.9234104387975142,0.7907909851353461
2007-02-28,,-0.6313890346396258,-1.4644730742660301,0.7894034786255931
2007-03-01,,-0.43519480766969815,-1.0194863918482042,1.0571598812173222
2007-03-02,,-0.6250577426817315,-1.4330409944524023,1.5515769436947178
2007-03-05,,-0.7491278346428624,-1.690104890423668,1.8738941209444722
2007-03-06,,-0.807561032904197,-1.7963557452899894,1.844510797267396
2007-03-07,,-0.8008870198820008,-1.7610064461868198,1.8163782445720216
2007-03-08,,-0.6001394123151736,-1.3212536565070665,1.2267072588201997
2007-03-09,,-0.40042468773743206,-0.8925117199851793,0.4969006155147328
2007-03-12,,-0.5943267409820304,-1.296203926626138,0.6914483125280058
2007-03-13,,-0.7866567361262877,-1.6842041317843315,1.454809845782612
2007-03-14,,-0.7146245062672333,-1.5201250974136042,1.2122225473549517
2007-03-15,,-0.6432181984746143,-1.3623235375359097,1.2039608872002079
2007-03-16,,-0.7046047984854942,-1.476248798174817,1.4304024002940847
2007-03-19,,-0.5000144863575967,-1.0538452846217155,0.6406674313066033
2007-03-20,,-0.49666962085328636,-1.0424578512708496,0.6406432437478521
2007-03-21,,-0.49334677906613617,-1.0312728732587952,0.6406275297425043
2007-03-22,,-0.3552729876604805,-0.7509354652599979,0.018047704896662697
2007-03-23,,-0.35304229332142295,-0.7445941824441515,-0.1547277213545998
2007-03-26,,-0.3508225408301611,-0.7383215648926867,0.030110682844338342
2007-03-27,,-0.1432512708135862,-0.32207188934420544,-0.31079060619917137
2007-03-28,,0.3396131897737674,0.6443626277202059,-0.14212519093206794
2007-03-29,,0.47592142156884243,0.9147681862084823,-0.4371861851929988
2007-03-30,,0.6115857175163617,1.180269088980345,-0.5812887430806977
2007-03-31,,0.6075291825795314,1.1672662776831944,-0.2848837908739306
2007-04-02,,0.742731044397267,1.4252376836841398,-0.2799791615717592
2007-04-03,,0.8068836149859135,1.5393733719848492,-0.41925308525396704
2007-04-04,,0.7306451671009233,1.3824076080848788,-0.2652376792493194
2007-04-05,,0.6550638643339941,1.2302428583613856,-0.5728472689624646
2007-04-06,,3.0,0.8121001879610171,-1.3931600470655916
2007-04-09,,0.6320225275799574,1.4773277684362682,-1.1359889998904906
2007-04-10,,0.627603991883811,1.455595243610405,-0.7098247254744746
2007-04-11,,0.6850784757165099,1.565949601851496,-1.019467921557117
2007-04-12,,0.6179991762964694,1.4101363189384621,-0.8638269515469313
2007-04-13,,0.8003355655475213,1.7792354926454612,-1.1048129822521198
2007-04-16,,0.5442276456123478,1.2293761205433076,-0.9848301924568262
2007-04-17,,0.4778144691219371,1.0842883121050322,-0.8222159656437997
2007-04-18,,0.4747923428623904,1.0728855018626913,-0.8130706521223484
2007-04-19,,0.3449232147565475,0.7994050081525873,-0.9631415328020906
2007-04-20,,0.3428957834249029,0.7928959723884634,-1.0665290234280134
2007-04-23,,0.40494316760796134,0.9184889620805377,-1.0538580295937314
2007-04-24,,0.20929260302371952,0.5123451369649339,-0.9196634407219795
2007-04-25,,0.40228595038982823,0.9084443372527842,-1.1305212799993254
2007-04-26,,0.33484597058918225,0.7672212252134711,-1.1607664101230473
2007-04-27,,0.20216173853802252,0.4932985889503885,-1.0986822511567558
2007-04-30,,0.26671742508489277,0.6247231557215028,-0.9825980015738964
2007-05-01,,0.3311771507272076,0.75503760757685,-1.0778667791168826
2007-05-02,,0.262894782434838,0.6138809395563426,-1.065013953813867
2007-05-03,,0.3946330584145608,0.8803922189684094,-1.1110213796970299
2007-05-04,,0.12433114758716501,0.3285489444403085,-0.921533139732098
2007-05-07,,-3.0,0.46366834455684813,-1.028672183705459
2007-05-08,,-0.013278276457956787,-0.09078360406418601,-1.0166547041866152
2007-05-09,,0.28596559766157365,0.6021565741230124,-1.0964403489851553
2007-05-10,,0.10398844673385185,0.1812353137236168,-1.0576516555642792
2007-05-11,,0.16388161848881008,0.31997111275055734,-1.0451578166364606
2007-05-14,,0.16298816066415428,0.3180435111096692,-1.091382313098372
2007-05-15,,0.22316467797147074,0.45709938442103215,-1.0783059348149249
2007-05-16,,0.2832783676080372,0.5954739017233863,-1.0654630757740413
2007-05-17,,0.34329401906551393,0.7327596437970236,-1.0820325168731628
2007-05-18,,0.34127925057394853,0.7269447866779363,-1.0764196166640396
2007-05-21,,0.2148008284368928,0.43617951821116396,-1.0526847472605598
2007-05-22,,0.3387050057134602,0.7196276780825368,-1.0585070240749541
2007-05-23,,0.39951511350620944,0.8569264058743418,-1.0460168230971423
2007-05-24,,0.2708606037257817,0.5623781322171466,-1.0337387278978458
2007-05-25,,0.14233265873640485,0.26905529070865264,-1.0070984529380305
2007-05-28,,3.0,0.412905598610589,-1.0827903167611583
2007-05-29,,0.24264126213207848,0.7017411313573431,-0.9971490238143952
2007-05-30,,0.12654441654944093,0.403825822239302,-0.9638114643808938
2007-05-31,,0.06812816378246986,0.2539227985428168,-0.9309568716831012
2007-06-01,,0.1256328633317896,0.40034007015684275,-0.9715066281000504
2007-06-04,,0.12486850976785449,0.39773082373346896,-0.9056773394593436
2007-06-05,,0.12410667734594441,0.3951356209249581,-0.9247390879079543
2007-06-06,,0.005603084132977248,0.0923133555108368,-0.8374998592700257
2007-06-07,,-0.11289387624546464,-0.21044195276769032,-0.8282053511505105
2007-06-08,,-0.290789703743162,-0.6637697129727227,-0.5393611254382199
2007-06-11,,-0.2892389607930587,-0.65919910438469,-0.5329077965166465
2007-06-12,,-0.2876952343578117,-0.6546698155092676,-0.737583637724944
2007-06-13,,-0.46698377571514943,-1.1055995535446062,-0.37283641169920423
2007-06-14,,-0.34311637923267546,-0.7909840692348925,-0.6470901676609613
2007-06-15,,-0.40203957159445897,-0.9370879657734063,-0.6397282735975056
2007-06-18,,-0.39970883411986613,-0.9287300007426958,-0.7221197821605015
2007-06-19,,-0.4587471669514777,-1.0726665755070282,-0.4778530748608803
2007-06-20,,-0.4559704851689428,-1.0617730881028522,-0.7124398891190495
2007-06-21,,-0.45321076910272046,-1.051073915920809,-0.7044319730294087
2007-06-22,,-0.5125945040161969,-1.1923162862911212,-0.5946379409655804
2007-06-25,,-0.6961642557057675,-1.628854646508532,0.08432213191050333
2007-06-26,,-3.0,-1.4531881132701678,-0.11063112337500962
2007-06-27,,-0.6742694782620329,-1.8725474842220928,0.29197890501375967
2007-06-28,,-0.5575599343756243,-1.5440435738611202,0.0947201408619179
2007-06-29,,-0.6659746233977389,-1.808261197288758,0.6337563967264784
2007-06-30,,-0.5485291867296325,-1.4863884716076874,-0.11553118938319396
2007-07-02,,-0.5448367624678389,-1.4638368783984146,0.30822228041749555
2007-07-03,,-0.42753410249832474,-1.1546617499257241,-0.30105320542578917
2007-07-04,,-0.3105645301410297,-0.8516701639626426,-0.29584471458095773
2007-07-05,,-0.19376120181814127,-0.5518111385641682,-0.6118217109870757
2007-07-06,,0.09647788185605399,0.19021335473903211,-0.7181334448436292
2007-07-09,,-0.020257583277237198,-0.1078548293186361,-0.43100449047231926
2007-07-10,,-0.3705390677890612,-0.9986442146544814,0.37370083732442433
2007-07-11,,-0.19233078184508665,-0.5441471288187901,0.3759782570797158
2007-07-12,,-0.19122159815749337,-0.5404146420249087,-0.06372011462450257
2007-07-13,,-0.2493992162971678,-0.6865350375557434,0.16448626433659308
2007-07-16,,-0.48596235341661487,-1.2773130132421338,0.756314535121426
2007-07-17,,-0.3035728333656316,-0.8156187929763844,0.5836108942405898
2007-07-18,,-0.6615228185677282,-1.6944478944082446,1.4165511655415866
2007-07-19,,-0.6566154073230238,-1.6633489407909923,1.403759589550681
2007-07-20,,-0.8320390968931172,-2.0583620285205493,2.4305547090343946
2007-07-23,,-0.5838516863808689,-1.4466011070120626,2.3697539921496573
2007-07-24,,-0.8819985574515489,-2.121269183739952,3.0
2007-07-25,,-0.9946279466017084,-2.3339830735040867,3.0
2007-07-26,,-1.7574128231576949,-3.0,3.0
2007-07-27,,-1.9545223756739034,-3.0,3.0
2007-07-30,,-2.4687605355338205,-3.0,3.0
2007-07-31,,-2.172400407669223,-3.0,3.0
2007-08-01,,-2.32833816234509,-3.0,3.0
2007-08-02,,-2.2066213432344974,-3.0,3.0
2007-08-03,,-2.401488793005735,-2.9161890897632037,3.0
2007-08-06,,-2.275332041947937,-2.8113147896923865,3.0
2007-08-07,,-2.010372644158065,-2.7162841236447535,2.9624859502197793
2007-08-08,,-1.361177591293322,-2.1865864410895437,2.4409684797057056
2007-08-09,,-1.6422255224232856,-2.559593990466204,2.7324904311139977
2007-08-10,,-1.8574787257708743,-2.5010875679396865,2.73241444796989
2007-08-13,,-1.6703594894726081,-2.431553530704164,2.590120727625135
2007-08-14,,-1.73457591603339,-2.3670239617976128,2.7202640807679193
2007-08-15,,-1.9834311992681561,-2.3069161548479653,2.8046627461189177
2007-08-16,,-2.2103711038935554,-2.2507384280297553,2.8146720234109432
2007-08-17,,-2.0551498512285784,-2.1980726072049963,2.7109907761266703
2007-08-20,,-2.0003603707797466,-2.1485604619587018,2.6509354720231473
2007-08-21,,-2.167211982471546,-2.1018930816019745,2.6240890546037368
2007-08-22,,-1.714561412461576,-2.0578024664027805,2.493341782004225
2007-08-23,,-1.4164193641226526,-1.8304225928689504,2.410480920817842
2007-08-24,,-0.7292082418788849,-0.9423664730427375,2.327645475240931
2007-08-27,,-0.36274970113424143,-0.4722761923784185,2.2641339868610557
2007-08-28,,-0.26924057935324947,-0.35195934383370975,2.243155959596901
2007-08-29,,-0.31250992484168877,-0.40601121507524374,2.1851259522117665
2007-08-30,,-0.40129388062829674,-0.5174163419945563,2.163674684733565
2007-08-31,,-0.39799380176535215,-0.5115752395743192,2.1090590885953695
2007-09-03,,-0.25650882878388426,-0.3311616890264135,2.065981238889104
2007-09-04,,-0.3469274236566712,-0.4444518497484217,2.0251917338675107
2007-09-05,,-0.6685922391973828,-0.8472411149884229,2.0330590107326927
2007-09-06,,-0.8473315075601554,-1.065489463000617,1.9587273013462136
2007-09-07,,-0.9305885904453169,-1.1612063407029378,2.023688287370774
2007-09-10,,-0.8738270095989937,-1.08291433601377,2.010103791422675
2007-09-11,,-0.864248391341414,-1.0638205795614972,1.945966548323748
2007-09-12,,-0.48302271772349,-0.5908019912681486,1.8618118908148251
2007-09-13,,-0.0563725982177948,-0.06477606579581792,1.786946870982106
2007-09-14,,0.3698804152421177,0.4600392754234886,1.7666881044491507
2007-09-17,,0.3683109088167148,0.457958677543611,1.7217881284380274
2007-09-18,,0.6047414690064699,0.7483500570871627,1.6825268128201276
2007-09-19,,0.9815383890896775,1.208885784581784,1.6310039329143555
2007-09-20,,1.0677531624170722,1.3109116646773729,1.5451951084661741
2007-09-21,,0.8204253446831582,1.0069250818477424,1.555796695760704
2007-09-24,,0.7666806136352081,0.9400698828494761,1.5126856225346894
2007-09-25,,0.5694287380005881,0.6991312862980081,1.5313755685494828
2007-09-26,,0.9029892363908137,1.103340496568172,1.474540587398267
2007-09-27,,0.6066606446745875,0.7425420440557093,1.511099975195161
2007-09-28,,0.5545758432763093,0.678832371382183,1.5316749365461524
2007-09-30,,0.4051609864133266,0.49729157307526894,1.5381185491774279
2007-10-01,,0.30514300924944276,0.37584450464586433,1.5382175207458615
2007-10-02,,0.3039323613373821,0.37428875098111286,1.5167468853240538
2007-10-03,,0.5008361163268502,0.612777365355546,1.5113724864001743
2007-10-04,,0.05017988201984065,0.06654691065010102,1.572101908114029
2007-10-05,,0.7003019674840606,0.8535649248182433,1.4721551620696625
2007-10-08,,0.7955521251710148,0.9675091289936804,1.455044122729422
2007-10-09,,0.8397822695281449,1.019351841141772,1.3987821678978274
2007-10-10,,0.8334304576697874,1.0101134244186765,1.3429897965191473
2007-10-11,,0.8271565205368238,1.0010262671801198,1.295673608800038
2007-10-12,,1.0217377709526179,1.2319935706950085,1.2483880195421968
2007-10-15,,0.8617585058522346,1.0383927173558227,1.2520383724950852
2007-10-16,,0.7035346280031634,0.8480764918246174,1.2624973935205872
2007-10-17,,0.34267938779014945,0.4164443306677885,1.286474483168129
2007-10-18,,-0.17164674024224993,-0.19818614538124404,1.316658350641531
2007-10-19,,-0.22168672434424264,-0.2576090118419991,1.3608015246659646
2007-10-22,,-0.2716350088677348,-0.3167592289521955,1.3273407120481948
2007-10-23,,-0.11348553696916595,-0.12785962593985226,1.3140723684519588
2007-10-24,,-0.42575659141622063,-0.49928336609622637,1.3509389381263326
2007-10-25,,-0.10770021949548318,-0.12021326070493626,1.3235377506582682
2007-10-26,,0.15739429272557143,0.19544949086459118,1.2934657280061828
2007-10-29,,0.26313271901771734,0.3212819869153112,1.2809971270334932
2007-10-30,,0.10215160385562287,0.1296377881458538,1.3460592084824599
2007-10-31,,-0.16597397214357976,-0.18926381349674692,1.3779806478962853
2007-11-01,,-0.5944170450731074,-0.6970019696678557,1.3878078463678856
2007-11-02,,-0.5356147584453217,-0.6255592723353967,1.377391128910859
2007-11-05,,-0.8542020468828359,-0.9987019109994792,1.3661277260124471
2007-11-06,,-0.8455380048435562,-0.9841105363559646,1.351848181858691
2007-11-07,,-1.1050212481986277,-1.2813944371051502,1.3455906245537674
2007-11-08,,-1.4621755784285877,-1.6833896276940057,1.3536422301932567
2007-11-09,,-1.8523445538598946,-2.1073310976919797,1.372269755302159
2007-11-12,,-1.961641073982845,-2.1294890626176985,1.3578166293451912
2007-11-13,,-1.8129065590733004,-2.009363390829306,1.3329350108611275
2007-11-14,,-1.7224407665673487,-1.8863545119968246,1.3313127860857419
2007-11-15,,-1.784201665970146,-1.9322435134203528,1.3532885045476635
2007-11-16,,-1.7443463295570123,-1.8676612977160454,1.3553392533142206
2007-11-19,,-1.7543201620754292,-1.858192824573329,1.3551487233934973
2007-11-20,,-1.9984785813974317,-1.9063061817749423,1.3464211557465564
2007-11-21,,-2.3103052396882617,-1.8719531085042191,1.3537640723518432
2007-11-22,,-2.145052653257403,-1.8391400590975324,1.3429200880586742
2007-11-23,,-2.2115849893689834,-1.8077523064706222,1.3333875935680717
2007-11-26,,-2.5205563046088493,-1.7776868014479452,1.3261730637853666
2007-11-27,,-2.4630723779182335,-1.7488506854446695,1.3149334814801323
2007-11-28,,-1.9679690958539104,-1.7211600284528397,1.295616800242239
2007-11-29,,-1.9533009804316415,-1.6945387530627545,1.2913364642836949
2007-11-30,,-0.9679009685778441,-0.9568635114350814,1.2528805257004856
2007-12-03,,-0.9963252642902852,-0.9813377116022239,1.2547239697876016
2007-12-04,,-0.982772253671734,-0.9623877187133509,1.2440871682158252
2007-12-05,,-0.9694750131618823,-0.9439249836418732,1.2326504874182636
2007-12-06,,-0.8327559878630139,-0.7996118559164186,1.218371907281738
2007-12-07,,-0.4488592857716834,-0.40395853372187257,1.1920599026045648
2007-12-10,,-0.23479105049242827,-0.18377504837454112,1.1776172925932684
2007-12-11,,-0.6103429579491462,-0.5667749454437371,1.199372173112171
2007-12-12,,-0.3090375386314277,-0.25767236485345396,1.1612356758911702
2007-12-13,,-0.22096801259641713,-0.16711848577405525,1.145380031886974
2007-12-14,,0.08012003109761337,0.14041353097603954,1.1318834151145578
2007-12-17,,0.08064853745472243,0.14091801953605626,1.140094795989055
2007-12-18,,0.21047896534611965,0.2732471929467599,1.1389459081320081
2007-12-19,,0.34010592860912753,0.40520292708159766,1.135770814594906
2007-12-20,,0.5562396819223917,0.6251613309485339,1.1387522358208102
2007-12-21,,0.8577291115997431,0.9316743552969768,1.1050688964680788
2007-12-24,,1.0681871457909546,1.1447501023661555,1.0771007166905098
2007-12-25,,3.0,1.4824227883079457,-1.4182167298663286
2007-12-26,,1.2889791740968313,1.5905598597808672,1.0706091801629876
2007-12-27,,1.0218221603685465,1.265367993350419,1.0706545025506238
2007-12-28,,0.9402943306058568,1.1647090899610237,1.1040307508154983
2007-12-31,,0.23781618479504116,0.3232331595810574,1.1074936960623092
2008-01-01,,3.0,0.5427490744276898,-1.429771887387472
2008-01-02,,0.1308741880366311,0.23001598424829478,1.1173654283619392
2008-01-03,,0.1629768036838314,0.27421344694136324,1.1054619153814171
2008-01-04,,0.0010324990563011568,0.049858375674048,1.1007913207796949
2008-01-07,,-0.16070291195899145,-0.17368385602222539,1.0901961625646837
2008-01-08,,-0.19159957971787794,-0.21591679396264027,1.0797925022620367
2008-01-09,,-0.09130936711471527,-0.07715401359076635,1.0725740790102194
2008-01-10,,-0.2547058465171049,-0.3020013061857137,1.0614830967810538
2008-01-11,,-0.38440609754272714,-0.47920793287020974,1.0535825206879217
2008-01-14,,-0.5793320906081676,-0.7436589118400402,1.0458165632522125
2008-01-15,,-0.57363592117572,-0.7320895161724666,1.0371827662940392
2008-01-16,,-0.601184242871036,-0.7656165004810157,1.0286930316230805
2008-01-17,,-0.6284181818871118,-0.7981920016530017,1.0203432050443393
2008-01-18,,-0.6219987659233724,-0.7850956488093652,1.0121293012001793
2008-01-21,,-0.848879172113961,-1.083008745839512,1.0040474948137634
2008-01-22,,-1.300477910791299,-1.6653613661369444,0.9960941124821933
2008-01-23,,-2.742750299703998,-1.7379887803227947,0.9882656249789934
2008-01-24,,-0.9950644935558328,-1.507583579632488,0.9765621233879698
2008-01-25,,-0.9526346817820908,-1.4236766236748868,0.9690341591197418
2008-01-28,,-0.7381618756936942,-1.1004654597692236,0.9616196977058635
2008-01-29,,-0.4974697042712988,-0.748362942467537,0.9483136342350665
2008-01-30,,-2.6433142321591454,-0.652722670075498,0.9392030735065545
2008-01-31,,-0.25635166300784745,-0.5590237880109526,0.9412392021240328
2008-02-01,,-0.33308005255238665,-0.6742401439533042,0.9352347541424709
2008-02-04,,-0.16984682552398506,-0.41391339313786196,0.9243039533440619
2008-02-05,,-0.27473798721559983,-0.5737133680960464,0.9215509714796798
2008-02-06,,-0.244901094133946,-0.5226899750612192,0.9128154373547662
2008-02-07,,-0.053156895145408965,-0.22168447952764306,0.9031944677444168
2008-02-08,,-0.24174521119033449,-0.5109333804523384,0.9017473246884239
2008-02-11,,-0.26623737813816367,-0.5443255273787787,0.8952917260079383
2008-02-12,,-0.07178664492876438,-0.24157481612492823,0.8869083593778543
2008-02-13,,0.012246448218196093,-0.11031163369090667,0.8796428505926808
2008-02-14,,0.1791535012350932,0.14780523637656753,0.8684342470086472
2008-02-15,,0.2068490448260662,0.19131980538612925,0.8644386542348567
2008-02-18,,0.2903726743016059,0.32056381296600195,0.8574616363843466
2008-02-19,,0.3737338225598116,0.44934540067223616,0.8455078522867688
2008-02-20,,0.7099095820659553,0.965434404699596,0.8357237132572943
2008-02-21,,0.8180317846890053,1.1294304949018075,0.848391729821572
2008-02-22,,0.33158922078048564,0.3851814167491116,0.8436447213054035
2008-02-25,,0.5581884211948401,0.7319988198953684,0.8236923489014879
2008-02-26,,0.5553229433922543,0.7276104627364197,0.8223069102859902
2008-02-27,,0.4951361555330541,0.6358559655590924,0.8097169952108406
2008-02-28,,0.290972551099014,0.32474897204830516,0.8197499722097312
2008-02-29,,0.058081879794775235,-0.02952249226307885,0.816381225079114
2008-03-03,,0.058679250259632165,-0.02743087040434835,0.8110059022455498
2008-03-04,,0.0006810670932822033,-0.11435903941947657,0.8046676628717535
2008-03-05,,0.23719546950503714,0.24628166376803004,0.7942908641631694
2008-03-06,,0.08874552748960425,0.021499210028644626,0.7932890205202711
2008-03-07,,-0.029788186681408,-0.15710805473015912,0.7902430484863836
2008-03-10,,-0.08838017316111316,-0.24410361470639486,0.7851699960909106
2008-03-11,,0.21345020753376934,0.2141128606748149,0.7770518721580353
2008-03-12,,0.062206016536615824,-0.01390894603645578,0.7731623428205314
2008-03-13,,-0.058515181355641065,-0.19493486401807536,0.7703549522685563
2008-03-14,,-0.3006966586454785,-0.556853551244598,0.7655033983996526
2008-03-17,,-0.38908402893389515,-0.6844225206068453,0.7607047869784707
2008-03-18,,-0.26254850056233875,-0.4909460133241149,0.7538724794823698
2008-03-19,,-0.38277219272995344,-0.6654368905708782,0.7491990750191354
2008-03-20,,-0.4096841714849843,-0.6997090288357679,0.7435287163121009
2008-03-21,,3.0,-0.3685858537574227,-1.8722236479810874
2008-03-24,,0.15231380124878358,0.19032943391347468,0.7358433434788064
2008-03-25,,-0.11638084280382895,-0.27216845964491176,0.7344787159316436
2008-03-26,,-0.08774267234764234,-0.22096918153585554,0.7289670403096524
2008-03-27,,-0.05915530278190594,-0.1701622736694433,0.7203785878438652
2008-03-28,,-0.003353512123361766,-0.07295916901661044,0.7212816685084209
2008-03-31,,0.10718455703381172,0.11772604077019787,0.7274238638525843
2008-04-01,,0.38275740768167665,0.590828513179374,0.7114789151789405
2008-04-02,,0.43652847933039596,0.6826122136339878,0.7030338160152524
2008-04-03,,0.3235765080051727,0.489032003831143,0.6978258587639616
2008-04-04,,0.37829698306098936,0.5825687652089402,0.6979485463355899
2008-04-07,,0.6008228851917122,0.9615150924974227,0.676904823841336
2008-04-08,,0.8775359026690348,1.426808695491818,0.6634498786483028
2008-04-09,,0.5903068229248728,0.9373763159804972,0.668180660501559
2008-04-10,,0.7281537932927691,1.1672903871002354,0.6547635568301098
2008-04-11,,0.7234968863380136,1.1559038692901742,0.6660228652037133
2008-04-14,,0.9452333196251677,1.5201546140391984,0.6472276080683141
2008-04-15,,1.2191363831541722,1.9575456785222884,0.6328588410855761
2008-04-16,,1.3178280443915722,2.0949792746891545,0.6132059950545493
2008-04-17,,1.4963716093638666,2.3486713182545254,0.6066301116905731
2008-04-18,,1.6124103979673583,2.489251704019574,0.6001007775418631
2008-04-21,,-2.927560954005597,2.3678724321691598,0.597956696520187
2008-04-22,,1.3355123793824903,2.055184469757927,0.5871307650177264
2008-04-23,,1.3933005674079137,2.1260595728866005,0.5829164083373276
2008-04-24,,1.5224207291369727,2.3048632514456955,0.5524808039761285
2008-04-25,,1.5729184641063045,2.3493644723569833,0.5309747756627743
2008-04-28,,1.6208556794046212,2.3859641051172074,0.527180672463239
2008-04-29,,1.8087066030615562,2.624528200444151,0.5278257063354057
2008-04-30,,1.5377544884409833,2.179944706967115,0.5317958267261904
2008-05-01,,1.4670347621229138,2.0493341514652497,0.5279862989746446
2008-05-02,,1.6105226342970445,2.2302569869403612,0.4941399957423996
2008-05-05,,1.6537800301859946,2.259228491513296,0.48723886017125395
2008-05-06,,1.5561913810128907,2.0923612212497744,0.4803708496277729
2008-05-07,,1.439482827662495,1.9075838130810427,0.4769069145517066
2008-05-08,,1.4190320019192795,1.8610446679968422,0.4869906272469454
2008-05-09,,1.307338070848724,1.693394339476316,0.49138993345011645
2008-05-12,,1.4053370778093466,1.8113643297691178,0.48217107629066436
2008-05-13,,1.499301921445579,1.9185136019993696,0.45592619986682853
2008-05-14,,1.453834232515143,1.839592364316875,0.44689711899998924
2008-05-15,,1.184022235229774,1.4732946309985235,0.44935570600491626
2008-05-16,,1.079759653255868,1.3301535623716116,0.4437713007308583
2008-05-19,,0.9547917112470482,1.1628573115559484,0.44051618905577816
2008-05-20,,0.946150009772618,1.1482557413417571,0.4419028611478922
2008-05-21,,0.9605037124423624,1.1633893626560898,0.42473139974833174
2008-05-22,,1.0431182874864817,1.265496993377925,0.41692691129533976
2008-05-23,,0.7806880141364891,0.9256443812026502,0.42199635640169714
2008-05-26,,0.659339489801549,0.7689731310177234,0.41885675710412246
2008-05-27,,0.7011825227866798,0.8219231396022201,0.40867919414324727
2008-05-28,,0.8816252714306144,1.050822752156666,0.39617540536614443
2008-05-29,,0.9897350712989974,1.1849586861817392,0.3896265233696731
2008-05-30,,0.9108691367787245,1.0816458363891823,0.39141262934584375
2008-05-31,,0.6469206719081474,0.7462782059695692,0.3955834042200845
2008-06-02,,0.5253469516821622,0.5922435954198745,0.40214060466745927
2008-06-03,,0.42787842648558877,0.4690610434778555,0.4098861138177112
2008-06-04,,0.40179011942340015,0.4362711298309961,0.4128039422177761
2008-06-05,,0.5897552678393337,0.6736955095679072,0.3855365578034434
2008-06-06,,0.5143970733445474,0.5784670301353121,0.4152806267667659
2008-06-09,,0.5830753430827927,0.6648717459410949,0.38418308393554285
2008-06-10,,0.410978055958849,0.4480635719393769,0.3738992582236934
2008-06-11,,0.16659469260540724,0.1403499046680106,0.4138199285559111
2008-06-12,,0.4092106404878702,0.4463182922722952,0.3615590720890712
2008-06-13,,0.38249957484719943,0.4128755615044854,0.3587080753624056
2008-06-16,,0.3067597051701245,0.3177537958572026,0.37936334895507956
2008-06-17,,0.25581636400475827,0.25388788584648153,0.3999749549822518
2008-06-18,,0.05597327750497646,0.0025168270721146074,0.4105830883328408
2008-06-19,,-0.019048764034970554,-0.09166180020882804,0.40244080957987177
2008-06-20,,0.006307525196365636,-0.05945283971252281,0.4181271777289871
2008-06-23,,-0.018790268833294287,-0.09076222632002395,0.42120925691204836
2008-06-24,,-0.19599099684103186,-0.3133406429922696,0.45075997031189013
2008-06-25,,-0.44911300102384594,-0.6301844634597334,0.46757662738731415
2008-06-26,,-0.7512649198085478,-1.0045523515947101,0.5071566441512824
2008-06-27,,-0.7701382627889687,-1.0228082738462323,0.5071756319631897
2008-06-30,,-0.5080410011085491,-0.6945127342809848,0.4906267044831541
2008-07-01,,-0.45296549938696656,-0.6244775885845503,0.4958912520610912
2008-07-02,,-0.4755948789365761,-0.6507231637195493,0.4960115135915201
2008-07-03,,-0.5498785529111508,-0.7401785266385069,0.49871167737991523
2008-07-04,,-0.6495257482974074,-0.8596247270997254,0.4949566410784136
2008-07-07,,-0.6962198764500033,-0.9129618366673659,0.5093420335301108
2008-07-08,,-0.9498714447675171,-1.2151635275636332,0.519781051155532
2008-07-09,,-0.9398260429617967,-1.1946996374619883,0.5119623230380519
2008-07-10,,-0.8262056546284986,-1.0512324295174869,0.5159318584613952
2008-07-11,,-0.8443238173654242,-1.066855158290998,0.4910885389720975
2008-07-14,,-0.8361071015074844,-1.0510028257295003,0.4873627145444485
2008-07-15,,-0.9061425743259224,-1.1273479923405731,0.5073697245270249
2008-07-16,,-0.7401720757855467,-0.925970243758401,0.48899092837383373
2008-07-17,,-0.4706741873739617,-0.6057003184060155,0.4600826250520228
2008-07-18,,-0.38775301882216046,-0.5066573510483784,0.4472363617151904
2008-07-21,,-0.19858221904917941,-0.283300510594697,0.43710588540969614
2008-07-22,,-0.19712248676243066,-0.28106884635054324,0.4350450431040044
2008-07-23,,0.04668341268531543,0.005968254781634289,0.41956561290929084
2008-07-24,,-0.03448057541010024,-0.08923864292040323,0.4378249727903253
2008-07-25,,0.23818397256548632,0.23163663605537124,0.42900082956993174
2008-07-28,,0.1824870216401571,0.16634339683357796,0.4500429698046781
2008-07-29,,0.0443226800187902,0.004073190791432232,0.4397391736196357
2008-07-30,,0.09968902417070434,0.0693896530398298,0.43629719600012334
2008-07-31,,-0.122821596294146,-0.1919087031236449,0.4999363311900014
2008-08-01,,-0.03803846906635272,-0.09199047254245679,0.502951983448966
2008-08-04,,-0.009431099502692728,-0.05813104941367816,0.49082368089616774
2008-08-05,,0.16028853712396274,0.14148534697530252,0.49669622107002226
2008-08-06,,0.3865251909597077,0.40748998353585375,0.469318848905338
2008-08-07,,0.18520784434997417,0.17117793172600743,0.5142762705912367
2008-08-08,,0.18451339323836935,0.1705624311311723,0.5186656682065155
2008-08-11,,0.09743309090002625,0.0684559133081473,0.4992999994242119
2008-08-12,,-0.076477888358437,-0.1355737375818436,0.5206462435342515
2008-08-13,,0.15706870108636165,0.1389196244043127,0.5110032031487957
2008-08-14,,-0.018981627272004024,-0.06761328190586628,0.5169066329226032
2008-08-15,,-0.3124160400056311,-0.4113977038217245,0.5171404388315713
2008-08-18,,-0.4575149549047393,-0.5801476837365191,0.5145465696536842
2008-08-19,,-0.5722297069112433,-0.7122413891085827,0.5119711361551711
2008-08-20,,-0.6564165658612175,-0.8076172110656532,0.5094139265013725
2008-08-21,,-0.6805071388465915,-0.832463849137613,0.5040152359806335
2008-08-22,,-0.466296097079583,-0.5820778615524336,0.49721158059846143
2008-08-25,,-0.6122647065947232,-0.7488114768315539,0.5005108236365063
2008-08-26,,-0.3971349551895909,-0.4987650082294279,0.49370567579958413
2008-08-27,,-0.45453386710424626,-0.5636349538870149,0.4941695698343813
2008-08-28,,-0.4510765422002487,-0.5582187267088051,0.49028472574109777
2008-08-29,,-0.11250721529309644,-0.16797317623620653,0.48642196623145834
2008-08-31,,-0.08081470062513944,-0.13119875046499324,0.48258093264178625
2008-09-01,,-0.1107914929627165,-0.16536767832537894,0.47876127306219946
2008-09-02,,-0.20268694580291843,-0.2705855775477632,0.48524777739376945
2008-09-03,,-0.41870358412726966,-0.5176701510268461,0.48287500801431293
2008-09-04,,-0.41552958397497414,-0.5127953243681453,0.4805182131582947
2008-09-05,,-0.5062446008837194,-0.6150485388252702,0.47817722174817295
2008-09-08,,-0.4708539775147824,-0.5730306179583606,0.4728771165135422
2008-09-09,,-0.5931698101233596,-0.7104178493758001,0.4735709127051687
2008-09-10,,-0.7772722682052183,-0.9161760110598923,0.47127614083108876
2008-09-11,,-0.8957320749992299,-1.0452069332613212,0.46899651683951243
2008-09-12,,-0.823439187439956,-0.9588663747416575,0.4667318827198129
2008-09-15,,-1.7467056150093567,-1.9724656171732586,0.46448208292169607
2008-09-16,,-2.533043750362314,-1.9547593774509748,0.46224696430497275
2008-09-17,,-3.0,-1.9181495362967609,0.4600263760905825
2008-09-18,,-3.0,-1.8832540576695,0.4578201698128314
2008-09-19,,-3.0,-1.8499398353428635,0.45256867354528496
2008-09-22,,-2.7024946659794615,-1.8180878629125874,0.4442715815340447
2008-09-23,,-2.7649080161907906,-1.787591367236085,0.44832436538596
2008-09-24,,-2.7366350048664194,-1.7583542354437494,0.44619306977088397
2008-09-25,,-2.6181140095719457,-1.7302896824518392,0.4409763639610887
2008-09-26,,-2.5691279911638545,-1.7033191166794202,0.44200022906260555
2008-09-29,,-2.494451104954952,-1.6773711700310334,0.44302756494759465
2008-09-30,,-2.4254055991989873,-1.652380864741511,0.44092969790030173
2008-10-01,,-2.3613064760200193,-1.6282888948235172,0.4388449893015846
2008-10-02,,-2.3015802834245167,-1.6050410039347176,0.43677331120339075
2008-10-03,,-2.245742779421948,-1.5825874447318033,0.43471453752092426
2008-10-06,,-2.1933818319840923,-1.5608825073856518,0.4326685439968958
2008-10-07,,-2.144144163265273,-1.5398841070347653,0.4306352081666105
2008-10-08,,-2.0977249565674025,-1.5195534216593787,0.42861440932387057
2008-10-09,,-2.0538596228095134,-1.499854573248431,0.42660602848766865
2008-10-10,,-2.012317215367719,-1.4807543462698378,0.4246099483696526
2008-10-13,,-1.9728951168650317,-1.4622219383909933,0.4194047182865543
2008-10-14,,-1.9354147173259542,-1.4442287391703252,0.42068434185563464
2008-10-15,,-1.899717872197869,-1.4267481330829608,0.41872429428164654
2008-10-16,,-1.8656639791595093,-1.4097553237786808,0.4167760962599753
2008-10-17,,-1.8331275498512303,-1.393227176917915,0.41483963847965444
2008-10-20,,-1.801996180422082,-1.3771420793072853,0.41291481314263445
2008-10-21,,-1.7721688457014346,-1.3614798123727783,0.4110015139360777
2008-10-22,,-1.7435544577029458,-1.3462214382762452,0.4090996360052731
2008-10-23,,-1.716070641362115,-1.3313491972078926,0.4072090759271535
2008-10-24,,-1.689642689835615,-1.3168464145805638,0.40532973168440223
2008-10-27,,-1.6642026690344138,-1.302697417016377,0.40346150264013064
2008-10-28,,-1.639688646824846,-1.2888874561573624,0.4016042895131131
2008-10-29,,-1.6160440268836622,-1.2754026394527787,0.3997579943535667
2008-10-30,,-1.5932169708119728,-1.2622298671799814,0.39455949214274255
2008-10-31,,-1.571159895007584,-1.2493567750456072,0.3826306090119182
2008-11-03,,-1.5498290311238945,-1.236771681791607,0.3741213664651806
2008-11-04,,-1.5291840408270703,-1.2244635412980853,0.36903480130450217
2008-11-05,,-1.4883037937641683,-1.2124218987335282,0.3639648923967588
2008-11-06,,-1.3503640272641317,-1.169368671872049,0.3623330187277115
2008-11-07,,-1.0890674338800437,-0.9305773854591308,0.35040894695004543
2008-11-10,,-0.6859798637871832,-0.5615612146846708,0.34540530342141346
2008-11-11,,-0.6866751964567941,-0.5622727029391061,0.34387459100643264
2008-11-12,,-0.4669494635549258,-0.3610799442522906,0.34929236710258826
2008-11-13,,-0.4052079227949186,-0.3045834244366242,0.354704858224594
2008-11-14,,-0.2566797719495981,-0.1686363734537564,0.353123818759144
2008-11-17,,-0.1502310954856078,-0.07126785985724603,0.3515513861940473
2008-11-18,,-0.17388837827257136,-0.09302920944639703,0.3499874929628684
2008-11-19,,0.04858138257724044,0.11045451492371024,0.35196286770364565
2008-11-20,,0.13950335179646256,0.19345348395562062,0.35748267229530695
2008-11-21,,0.42343226803355494,0.4529615518571351,0.35944158090168754
2008-11-24,,0.9197239363606757,0.9067166143780527,0.35783462962988644
2008-11-25,,1.1464999051188163,1.113975256516079,0.3472866375215073
2008-11-26,,1.2652194794512202,1.2224824233168783,0.34754209924733737
2008-11-27,,1.6026175015156419,1.5317910970291255,0.34419729436818536
2008-11-28,,1.4170395143317045,1.3617453272092046,0.3245823671871737
2008-11-30,,0.9599648681347649,0.9423098465655994,0.3431323581466342
2008-12-01,,0.7885909099831667,0.7847815514221205,0.34525726411287827
2008-12-02,,0.6461633182597495,0.6538019566793276,0.35103944375764157
2008-12-03,,0.32486510646037126,0.35888903045232984,0.34030619741043233
2008-12-04,,0.3518129769134344,0.38329835623759284,0.33327977965814753
2008-12-05,,0.26703636509862233,0.3053113869285788,0.3355086969532332
2008-12-08,,0.23157038105247893,0.2725479348148525,0.33217671396314574
2008-12-09,,0.2595921355906807,0.2979673065692112,0.31955205733860037
2008-12-10,,0.40073101329153343,0.42699915685296796,0.28640711998969226
2008-12-11,,0.5839006368120576,0.5944909327996493,0.2701815426453603
2008-12-12,,0.7018827238436323,0.702239404374504,0.2615061249006468
2008-12-15,,0.6549050100193483,0.6588479693315756,0.2679551773076474
2008-12-16,,0.75142732481437,0.7469405255108927,0.2781922060172809
2008-12-17,,0.8398298799182355,0.827611859135851,0.2598810267577428
2008-12-18,,1.0415164143823747,1.0121776632026842,0.24923279372387921
2008-12-19,,1.1464206154700818,1.1081582874552474,0.23859871373998626
2008-12-22,,1.234495064683909,1.188823674375408,0.22797774166977602
2008-12-23,,1.1145698195541354,1.078653436389714,0.2270280365600736
2008-12-24,,1.1322558371020883,1.094713519021679,0.22026536388713902
2008-12-25,,2.824722611387724,1.0843145304025943,-3.0
2008-12-26,,0.9239527174423827,1.0022692119671588,0.2446562174081795
2008-12-29,,0.9594924572321334,1.0394266535953596,0.2454469660421974
2008-12-30,,0.9515549604672281,1.0300746543930688,0.2553621460393529
2008-12-31,,0.7714845063604956,0.8371504629455231,0.3421470436026283
2009-01-01,,2.709325559639431,0.8113570378267383,-3.0
2009-01-02,,0.6990929186399264,0.8387555456660475,0.3235965570560437
2009-01-05,,0.689249057327292,0.8260792234193594,0.3394752783661221
2009-01-06,,0.7452215572108831,0.8931953272341506,0.3015278657776693
2009-01-07,,0.7896679055945772,0.946043613873769,0.2566648298228064
2009-01-08,,0.7456406712640943,0.8917588676639764,0.2485847799576654
2009-01-09,,0.7351558782674817,0.8782003476053919,0.22646924144176203
2009-01-12,,0.7026132388007729,0.8380997563011063,0.2096624114230607
2009-01-13,,0.8313719646847739,0.992388319470905,0.18933080856297163
2009-01-14,,0.8696570637343946,1.03705996255322,0.18500133433279992
2009-01-15,,0.8462579649307257,1.0074910289155092,0.18067709799057996
2009-01-16,,0.8287286533570081,0.9851264772859814,0.17635792073278062
2009-01-19,,0.8114112771867447,0.9631413148319454,0.17204362684644936
2009-01-20,,0.7550326027877982,0.8946047773791747,0.1713421389008026
2009-01-21,,0.7836192327237206,0.9277986592279892,0.15977743794688784
2009-01-22,,0.8006167718704544,0.9470061146286151,0.1518560423118192
2009-01-23,,-1.7857100247148965,0.9524318267429703,0.1475903419073748
2009-01-26,,0.8546727938148725,1.0114941926547758,0.1396636733583475
2009-01-27,,0.8847582333561516,1.049187759311841,0.13542069910408336
2009-01-28,,1.0032960372771969,1.1995449050578704,0.10717239230507723
2009-01-29,,1.2852372637473943,1.5550501944142185,0.10118061186000579
2009-01-30,,-1.785743170242572,1.5675820960167635,0.09705285049509325
2009-01-31,,1.2016059449011494,1.450346357638159,0.09853368029447641
2009-02-02,,1.168410689772171,1.4022667035805705,0.10001582876323656
2009-02-03,,1.150586488219528,1.3751468125177568,0.08831435019915151
2009-02-04,,1.104060955223221,1.3106454761376534,0.08039770599876678
2009-02-05,,1.053726084202169,1.2419415408743226,0.08387428112646539
2009-02-06,,1.0141502521573649,1.1880692430887818,0.07972774229369686
2009-02-09,,0.9947930834238412,1.1611358888744305,0.06792854559685887
2009-02-10,,0.8733730150686844,1.0012234169212555,0.09455394348184447
2009-02-11,,0.8172981283011399,0.9275726376075368,0.09803338626060316
2009-02-12,,0.7176324017038183,0.7973734378628942,0.11313083755626906
2009-02-13,,0.6583758809140619,0.7203055154928699,0.12045195012287628
2009-02-16,,0.6342970095302779,0.6893154675982995,0.125821903256504
2009-02-17,,0.5705414051562308,0.6065998922501433,0.13706903216448316
2009-02-18,,0.5021204567601502,0.5178730062029552,0.15028112997120796
2009-02-19,,0.4943534386434751,0.5083677661702248,0.1358539021396775
2009-02-20,,0.42092525716741247,0.41313889578989227,0.16305043595665625
2009-02-23,,0.39342604582678115,0.37787644872050286,0.1504513670706331
2009-02-24,,0.34557400395486204,0.31602183864172634,0.16781574103601307
2009-02-25,,0.2721416746112888,0.22072797544911946,0.13906478666218275
2009-02-26,,0.17814143336717703,0.09853228048757955,0.13045228667464917
2009-02-27,,0.1412772358522188,0.050951370452357043,0.13194753582412458
2009-02-28,,0.6199506959562526,0.6765743478770687,-0.008574542039504295
2009-03-02,,0.5952393393935476,0.6447974419230526,-0.004466492161262307
2009-03-03,,0.5235776823489183,0.5518635486924097,-0.004448802661573959
2009-03-04,,0.4574947173959045,0.46626571156896807,0.009941748096556149
2009-03-05,,0.4498007521829835,0.45683309299588665,0.02433239602605008
2009-03-06,,0.4368288211175865,0.44051662065732794,0.022166354593275223
2009-03-09,,0.40789609291991114,0.40338584793595456,0.0283120459206291
2009-03-10,,0.49159061525259345,0.5131023697917523,0.005252687488054607
2009-03-11,,0.5533963585105788,0.5941875954755126,-0.02408974821989864
2009-03-12,,0.6417653388312916,0.7096834061134822,-0.01978885359265895
2009-03-13,,0.7239814964359056,0.8168008901813233,-0.04293211804008645
2009-03-16,,0.7620846205218021,0.866221792091734,-0.05123941116489387
2009-03-17,,0.8700090627225419,1.0056477061953841,-0.0595471174453597
2009-03-18,,0.824819903191296,0.9464907564759563,-0.04222058165848213
2009-03-19,,0.8561732934076884,0.9863268323464763,-0.06350014089820072
2009-03-20,,0.9791014088381457,1.1433899675471837,-0.07186026060777155
2009-03-23,,1.0399849791092415,1.2193442554580618,-0.07589749512797306
2009-03-24,,1.0885972787316076,1.2786476135002205,-0.0842758570796991
2009-03-25,,1.1948540817482782,1.4099317847276958,-0.08829714249967596
2009-03-26,,1.1801912962385563,1.3866927348475524,-0.092319299135955
2009-03-27,,1.2244626266903815,1.4376077592560583,-0.10073407381418718
2009-03-30,,0.7160439383179943,0.7950600786585171,-0.09592206666606692
2009-03-31,,0.7323987813970952,0.8154963865545588,-0.08668577348710392
2009-04-01,,0.726881870618389,0.8083445048626156,-0.0863398875587632
2009-04-02,,0.824579353747117,0.9306369340963867,-0.10830239073587543
2009-04-03,,0.8882056982335887,1.009426240084657,-0.12130463721856996
2009-04-06,,0.977722109458926,1.119721432278805,-0.12980943588361846
2009-04-07,,1.0220105976405078,1.1726462731592349,-0.13380031371349743
2009-04-08,,1.0004423498117296,1.1434699295798443,-0.1377921284973495
2009-04-09,,1.017092771230092,1.1617199249243182,-0.14633359964617307
2009-04-10,,2.4268379290251794,1.1526492415535372,-3.0
2009-04-13,,0.8274912230354252,1.0244040417835756,-0.09433270760754334
2009-04-14,,0.8202139471552031,1.0123404349289373,-0.10227813409717687
2009-04-15,,0.8079901336557285,0.9938741731308741,-0.10604632393037555
2009-04-16,,0.977188628057446,1.2131807960201115,-0.11400930424114247
2009-04-17,,0.9970483943841183,1.2344336841290484,-0.12197233456538424
2009-04-20,,0.9110270851381456,1.1180596042874869,-0.11725542679447101
2009-04-21,,0.8013134526936798,0.9724818806185799,-0.1167846754730796
2009-04-22,,0.7841682806787985,0.948124852257293,-0.12270569313416393
2009-04-23,,0.640406204691906,0.7603535992414767,-0.12435068565457794
2009-04-24,,0.6560054339739063,0.7796349005201387,-0.14102314899993032
2009-04-27,,0.5896581185983784,0.6930716933715213,-0.14045355512359392
2009-04-28,,0.6213623120419426,0.7333315167105346,-0.14421287326847854
2009-04-29,,0.724670474377627,0.8653199142323572,-0.15231642601430356
2009-04-30,,0.7289739499536152,0.8693204833073112,-0.15169922455648122
2009-05-01,,0.691976314557708,0.8204543967596647,-0.15983854326374375
2009-05-04,,0.6502058270435098,0.7658324110747864,-0.1635831873936637
2009-05-05,,0.624415666895859,0.731937385955878,-0.16732877397089907
2009-05-06,,0.6353150103380103,0.7449819322672896,-0.17993047913210478
2009-05-07,,0.7555555215699353,0.8968284594256543,-0.18363937311050874
2009-05-08,,0.7437680248127913,0.8800804340722109,-0.18734912292501152
2009-05-11,,-2.3380087025131995,0.890050211390443,-0.1910597038149227
2009-05-12,,0.8090601817822839,0.9589837397820746,-0.19926661646294913
2009-05-13,,0.7765815071275746,0.9143069099392198,-0.2029587776099023
2009-05-14,,0.7495727994570299,0.8771966584004638,-0.206651661303522
2009-05-15,,0.6725443566965436,0.7749096719558091,-0.21034523465026259
2009-05-18,,0.6064259904684502,0.6875377615962712,-0.21403946308665714
2009-05-19,,0.6981560910481465,0.8068537707694096,-0.22231548004589144
2009-05-20,,0.7835851160116648,0.9169244477705962,-0.23058825900737265
2009-05-21,,0.8118950408296316,0.9517764739600695,-0.2388574284602489
2009-05-22,,0.8700878219801513,1.0247892075154008,-0.24249016667172898
2009-05-25,,0.8359549811276488,0.9780350833824203,-0.24612325179878028
2009-05-26,,0.8936734421360877,1.0496688349536325,-0.24975663584649346
2009-05-27,,0.9450676531103114,1.112185411486281,-0.2627585239086919
2009-05-28,,0.8687975711647669,1.0112957606943171,-0.26399687284230977
2009-05-29,,0.8547832643553492,0.9906833222258828,-0.25580045140675894
2009-05-31,,0.7495041597186429,0.8545275886401372,-0.24524806871615643
2009-06-01,,0.8088234571845405,0.9280108389389677,-0.26561209928962065
2009-06-02,,0.7192745274318476,0.8127476227312622,-0.2573288593683168
2009-06-03,,0.6615898832092805,0.738563266285052,-0.26342627962127424
2009-06-04,,0.5839585894049685,0.6396642814420068,-0.2935523203214489
2009-06-05,,0.6154016019518662,0.6787406567988911,-0.30193620499594587
2009-06-08,,0.6051505978099542,0.6651221792431,-0.30547208105466744
2009-06-09,,0.5534817199443528,0.5995063969526355,-0.3017207587985945
2009-06-10,,0.5959764135642919,0.6524234966859249,-0.3174803976528569
2009-06-11,,0.5806515455642224,0.6325671809474235,-0.32098886263837445
2009-06-12,,0.5445142738882387,0.5867345234046512,-0.3171321413953101
2009-06-15,,0.4981458568687309,0.5282832903650138,-0.3108227873524755
2009-06-16,,0.43095320807244036,0.4439709996094921,-0.3317247341523164
2009-06-17,,0.32690941417670694,0.3137425288695475,-0.3054549305632107
2009-06-18,,0.303292285664887,0.2843589226675771,-0.33899329322180877
2009-06-19,,0.2368156692454577,0.20137946637733667,-0.3424937418665926
2009-06-22,,0.18125134776311255,0.13211989458816187,-0.30336545546761506
2009-06-23,,0.08777553983227125,0.015447607659748352,-0.289468283645795
2009-06-24,,0.005250009343734182,-0.08748579249986463,-0.283173198004745
2009-06-25,,-0.027899807977531343,-0.1285990207966073,-0.27689047875632455
2009-06-26,,-0.016936483087740668,-0.11450286928035414,-0.27825511573552764
2009-06-29,,0.060530257485964044,-0.017204951030595883,-0.28473110110397803
2009-06-30,,0.03212821086148121,-0.052389115413719045,-0.3168357519852886
2009-07-01,,0.0597343954086263,-0.017497781856507258,-0.3231717363931916
2009-07-02,,0.07044431383684023,-0.003753965323378113,-0.34240676348599075
2009-07-03,,0.001935580511589666,-0.08910346734156045,-0.34348199385044037
2009-07-06,,-0.10638291740575148,-0.2242041623659735,-0.32896620550546024
2009-07-07,,-0.1174677288567012,-0.2376587241706923,-0.33013116292684846
2009-07-08,,-0.13429963955713858,-0.258288225293256,-0.3051205530503976
2009-07-09,,-0.1569059720966492,-0.2861174656936436,-0.34583448186506227
2009-07-10,,-0.196925824040005,-0.3356705128082699,-0.30475621840753764
2009-07-13,,-0.16688177847521296,-0.2976843740798142,-0.32460596195511676
2009-07-14,,-0.11924643365202031,-0.2377680447435499,-0.3922027783547758
2009-07-15,,-0.06572208441511548,-0.17053541963164665,-0.4196964254843393
2009-07-16,,-0.024067418541644167,-0.11815227585788765,-0.42308352639593383
2009-07-17,,-0.018192477634146515,-0.11046228377137145,-0.4318253967504014
2009-07-20,,-0.030299726507336623,-0.12522691931474064,-0.4297972646791066
2009-07-21,,0.03592221141846023,-0.04219961422173565,-0.44126277834820327
2009-07-22,,0.1263368941462414,0.07100429781610972,-0.45810704522145923
2009-07-23,,0.24097512747813946,0.21437731391862871,-0.4776121807911028
2009-07-24,,0.2942881452287614,0.2811156330270133,-0.4807312328680981
2009-07-27,,0.3596996929138777,0.36283343154959097,-0.48384584526102165
2009-07-28,,0.363313952988859,0.36742456418977565,-0.4869559199099734
2009-07-29,,0.32982274854034294,0.3258036366967438,-0.4900613584114824
2009-07-30,,0.3399270773519346,0.33850894118778807,-0.4986677810886628
2009-07-31,,0.3063251401487716,0.29680832969918897,-0.4962034394715646
2009-08-03,,0.3918944759631889,0.4033758253312285,-0.504832829270968
2009-08-04,,0.4456194650670311,0.4701215330160827,-0.5078800534544724
2009-08-05,,0.49271855956669613,0.5284361801757402,-0.5164921726942233
2009-08-06,,0.5836970304822828,0.640871852002044,-0.519488970824925
2009-08-07,,0.5915214952432545,0.6499231743627251,-0.5224803366044638
2009-08-10,,0.5929196009349093,0.6509822073268304,-0.5198482557917392
2009-08-11,,0.5242015101246342,0.5655046839737015,-0.511600319212547
2009-08-12,,0.4815837553842187,0.5125287359572439,-0.5118714714699654
2009-08-13,,0.3491265066394981,0.34887872582562207,-0.5036466791979557
2009-08-14,,0.30772713190146683,0.29784522713886674,-0.4926192696883363
2009-08-17,,0.22091524253629063,0.1908506164647914,-0.48449304647282815
2009-08-18,,0.2192704549619027,0.1890181479036232,-0.4821253652936737
2009-08-19,,0.19792093120744836,0.16288140824063782,-0.4797736040468707
2009-08-20,,0.14358394440776961,0.0960786710777629,-0.48607159158395763
2009-08-21,,0.09594339942949727,0.03756971438563565,-0.5212112647440106
2009-08-24,,0.061687984536255944,-0.004407455910567763,-0.5070124432993369
2009-08-25,,-0.012816367702135591,-0.09599993648300044,-0.5073928217701452
2009-08-26,,-0.006339002308593239,-0.08770720852689602,-0.5368857834827956
2009-08-27,,0.020481601576466966,-0.0543386770093421,-0.5516574963340264
2009-08-28,,-0.00042549723349167206,-0.0798203775312824,-0.5605130774520712
2009-08-31,,-0.02817889770561163,-0.11373143256578949,-0.5341267262192363
2009-09-01,,-0.13859183224159055,-0.2494897583694942,-0.5314100813207082
2009-09-02,,-0.21433497610176225,-0.3424245629726154,-0.5021473283060887
2009-09-03,,-0.2552316391261811,-0.3923461403943065,-0.5292644736919588
2009-09-04,,-0.28210459810129607,-0.4249395217322324,-0.5532956826077573
2009-09-07,,-0.33703588025440856,-0.49197675603456975,-0.5534118372542901
2009-09-08,,-0.2577837347902009,-0.3939724546618012,-0.5863500717303118
2009-09-09,,-0.16440538804747695,-0.27872186220018663,-0.5981828953325379
2009-09-10,,-0.17810821746558028,-0.29519411484801605,-0.5919721039485715
2009-09-11,,-0.08420937401357853,-0.17940510562907622,-0.6038348301575218
2009-09-14,,0.016877274189849002,-0.05483242708560671,-0.6186473332322133
2009-09-15,,0.0889287619647,0.03400687551729382,-0.6243203117678175
2009-09-16,,0.16820189459644846,0.13167754095182022,-0.6390426172943849
2009-09-17,,0.17420576404329524,0.13927051466476315,-0.6385152274622671
2009-09-18,,0.2537107580214224,0.2371283531688926,-0.6653495278100985
2009-09-21,,0.18535942948335196,0.15335312521082875,-0.6676431902314477
2009-09-22,,0.1690766604520121,0.13356173701241383,-0.6516181743674071
2009-09-23,,0.17520298245241234,0.1412911790252077,-0.6540649913203485
2009-09-24,,0.12882715230193395,0.08456906106475083,-0.6442389485040786
2009-09-25,,0.05232841571985506,-0.009103424365662761,-0.637559503234069
2009-09-28,,0.02134981483217908,-0.04687077876568329,-0.6247684984712902
2009-09-29,,0.0818262243196764,0.02761526342772131,-0.6398649104868818
2009-09-30,,0.13460049862505713,0.09261540372719135,-0.6641528040187933
2009-10-01,,0.14115435020833905,0.10087420071064705,-0.6479610588098971
2009-10-02,,0.13223663694032556,0.09014848418826639,-0.6536491875596071
2009-10-05,,0.10778250036278265,0.06037049021229888,-0.6779967624602303
2009-10-06,,0.1614789369194687,0.12644820471791257,-0.7021690968063141
2009-10-07,,0.136607634794743,0.09615022033102195,-0.7511478651574864
2009-10-08,,0.1669990316548565,0.13361846881395922,-0.812173994798166
2009-10-09,,0.24490395422682024,0.2292875306485931,-0.9193873319026016
2009-10-12,,0.19524923705983613,0.16858137628311445,-0.9158143487115509
2009-10-13,,0.12164438127024405,0.07856986744684265,-0.912293018422695
2009-10-14,,0.12859618663272232,0.08729668497461059,-1.0400301529152194
2009-10-15,,0.08700479081349012,0.036552207511706486,-1.1062667453603525
2009-10-16,,0.06984049045095081,0.015749905184864636,-1.059230121460917
2009-10-19,,-0.020896519292106622,-0.09515781365431022,-1.0721498009833506
2009-10-20,,-0.07050979522714382,-0.1556557647385832,-0.9977144368183979
2009-10-21,,0.003827374306263178,-0.06434917429983966,-1.0645510416700659
2009-10-22,,-0.038135241538110445,-0.11547914982059186,-0.9965012668999913
2009-10-23,,-0.013293377230496613,-0.08480185982968566,-0.9917794674283685
2009-10-26,,0.028324567187166822,-0.033600967454201706,-1.0306952213263831
2009-10-27,,-0.03130386082625902,-0.1063513831284624,-0.8665411601301887
2009-10-28,,-0.1248364500650374,-0.2205596433762177,-0.7072340760820538
2009-10-29,,-0.15866536219595875,-0.26164697712080964,-0.7218739156705477
2009-10-30,,-0.19247843353269933,-0.3026826298865822,-0.6671950148865257
2009-10-31,,-0.1832185288966267,-0.29101481744532803,-0.6759984983074687
2009-11-02,,-0.1826222620652357,-0.2899496955417354,-0.6942251187547399
2009-11-03,,-0.23422485252721975,-0.35268151079532817,-0.7091517950487525
2009-11-04,,-0.2420725933563309,-0.3618897110930709,-0.7461552545285641
2009-11-05,,-0.3553106037751542,-0.4997594831899407,-0.7034486202170092
2009-11-06,,-0.44182368119550974,-0.6047230221433808,-0.6674441182169555
2009-11-09,,-0.4218254007696662,-0.579628014142365,-0.7051191279056948
2009-11-10,,-0.35739200813403776,-0.5004721141124772,-0.8254894110092313
2009-11-11,,-0.41829540144808225,-0.5740785558274905,-0.8231995914311153
2009-11-12,,-0.443109154311588,-0.6035984554223819,-0.8912450888454426
2009-11-13,,-0.4137398022886168,-0.5671842899919146,-0.926462268846212
2009-11-16,,-0.46600114580155844,-0.6300185877594479,-0.7692422926047038
2009-11-17,,-0.39980356652142296,-0.5489008987268231,-0.8093333598494089
2009-11-18,,-0.40694828695608365,-0.556964219756169,-0.9515947043575641
2009-11-19,,-0.3497543779948106,-0.48697961360514125,-0.9764677629579691
2009-11-20,,-0.33886017892019676,-0.47326467896649493,-0.9913546457844571
2009-11-23,,-0.38367395783222485,-0.5270890523662771,-0.9483663268267586
2009-11-24,,-0.32583180725105715,-0.45646385649784355,-0.8546114866331426
2009-11-25,,-0.24932803019689603,-0.36333782765025646,-0.8069476504808276
2009-11-26,,-0.2765712907852945,-0.39596864074139515,-0.7371803915648584
2009-11-27,,-0.2753756503616307,-0.39413037440635496,-0.5967407654799087
2009-11-30,,-0.47388178411801635,-0.6338402256292897,-0.437452344545982
2009-12-01,,-0.46175391163923113,-0.6184367884062374,-0.45497916852180104
2009-12-02,,-0.44008885704023826,-0.5915649325322243,-0.46917882058138694
2009-12-03,,-0.41849740805582003,-0.5648516821560033,-0.5358612069835201
2009-12-04,,-0.3098298647320307,-0.43314826979318055,-0.6449478196710228
2009-12-07,,-0.2986722561245517,-0.4192688816147237,-0.6116851619197621
2009-12-08,,-0.3755556330123109,-0.5115658162622649,-0.5521771791974963
2009-12-09,,-0.4424220543786742,-0.5915943960316038,-0.5526413778882252
2009-12-10,,-0.40061271052211617,-0.5406168425354465,-0.5896695440188301
2009-12-11,,-0.38864906320024256,-0.5256626669243553,-0.659775971597341
2009-12-14,,-0.34684042558989936,-0.4748397790677777,-0.76266587729504
2009-12-15,,-0.25503906505145196,-0.3639618358046606,-0.9077530844233702
2009-12-16,,-0.2640048448162499,-0.3744023051244889,-0.9544264303144225
2009-12-17,,-0.34375929235452773,-0.46992690332943915,-0.7706566704050617
2009-12-18,,-0.33193040635250337,-0.45526708970316193,-0.8993489992869399
2009-12-21,,-0.26906376742069066,-0.3793241795902346,-1.0926796044306646
2009-12-22,,-0.20626257876178145,-0.3035378362870239,-1.1826696693453882
2009-12-23,,-0.15382366326016272,-0.24025299033111353,-1.1979358828707853
2009-12-24,,-0.10140374451384698,-0.1770226796057431,-1.242477583479614
2009-12-25,,3.0,-0.15143143239571566,-3.0
2009-12-28,,-0.013476147361183546,-0.025047751043274977,-1.038806640064594
2009-12-29,,0.20631436148661342,0.2531375798088145,-1.0529368595559523
2009-12-30,,0.124397430546621,0.149410771504207,-1.0130484016919428
2009-12-31,,0.23446427080300464,0.2885881969535871,-1.1688410125478645
2010-01-01,,3.0,0.23498694190507596,-3.0
2010-01-04,,0.06876702352493028,0.12988547548492177,-1.0151258721698435
2010-01-05,,0.10691682634993294,0.18050967018802783,-1.0523992129901736
2010-01-06,,0.2525071319429002,0.374193003488936,-1.1493610377220969
2010-01-07,,0.2702568367135191,0.39732759427042696,-1.1639516458646901
2010-01-08,,0.26825688048389396,0.3941446340754914,-1.2257541234180382
2010-01-11,,0.2662651438552192,0.3909794371662659,-1.2560956355568682
2010-01-12,,0.18463046640485226,0.2820080270868633,-1.2035256175184954
2010-01-13,,0.19318053150737663,0.29301062783407167,-1.2565370762158223
2010-01-14,,0.15142558970677117,0.23718852774497745,-1.2190065708375746
2010-01-15,,0.1400487949773352,0.22177165332267149,-1.1178558250333246
2010-01-18,,0.11851951863649826,0.19289253410447213,-1.1277797701471353
2010-01-19,,0.05613214757789219,0.10979407401358325,-1.1374899471917594
2010-01-20,,-0.0267802033108064,-0.0005189321319629103,-1.0480104206333145
2010-01-21,,-0.12000016652684116,-0.12449674679233941,-0.9724043648171732
2010-01-22,,-0.18204248538824966,-0.20705369056728418,-0.9376292358557221
2010-01-25,,-3.0,-0.23413767909278946,-0.8983581807897006
2010-01-26,,-0.1873926672854114,-0.2751157198284718,-0.8944371554259443
2010-01-27,,-0.20659794155951894,-0.3020572450125038,-0.9104935730062614
2010-01-28,,-0.1758387184435859,-0.258688595042865,-0.8839804913636938
2010-01-29,,-0.335855617433465,-0.48361105634809864,-0.8428157828391664
2010-01-31,,-3.0,-0.4669455993632304,-0.8596175379173799
2010-02-01,,-0.2946870283340107,-0.4930223163286245,-0.8336948820681012
2010-02-02,,-0.33189185900936663,-0.5475521176825766,-0.8055526429244728
2010-02-03,,-0.37871417311278416,-0.6161199792986142,-0.9031424432878953
2010-02-04,,-0.45459219200666146,-0.7272711603008897,-0.761066424546529
2010-02-05,,-0.5594358978887299,-0.8803579893880112,-0.6907886686240132
2010-02-08,,-0.5853947756524888,-0.9164714679308867,-0.6892806293164613
2010-02-09,,-0.5719119037729313,-0.8945457150724446,-0.6573979936550334
2010-02-10,,-0.5881010554546109,-0.9161502824024511,-0.7019023035107618
2010-02-11,,-0.5249833853254432,-0.8219111633340666,-0.7333444440252999
2010-02-12,,-0.4820574200005908,-0.7577074940076292,-0.7212483177189061
2010-02-15,,-0.4792975557933716,-0.752357131698299,-0.7322181795447142
2010-02-16,,-0.4966344454293451,-0.7762558431776837,-0.7149936816620642
2010-02-17,,-0.41305448679854656,-0.6534551220061288,-0.7670347282695031
2010-02-18,,-0.27895034225321347,-0.45766604253593246,-0.9106420858350761
2010-02-19,,-0.22661330607897762,-0.38111466933912,-0.9679464822683533
2010-02-22,,-0.19483161952478406,-0.3345510240397222,-0.9835312499454852
2010-02-23,,-0.21462168334695003,-0.3629961290295361,-0.9375753184021512
2010-02-24,,-0.21367689342975874,-0.3612815926372712,-0.9536323494351608
2010-02-25,,-0.2335649668621335,-0.3898218642087923,-0.8773450597284103
2010-02-26,,-0.1801646682839995,-0.31193030037819236,-0.9480635854300558
2010-02-28,,-0.18993725459733984,-0.3258230187664702,-0.9435193432059361
2010-03-01,,-0.16797335734717506,-0.293645257501463,-0.969774620917682
2010-03-02,,-0.09284495751701374,-0.18433439264127494,-1.0263269161252855
2010-03-03,,-0.10326480007326927,-0.19923421635841215,-1.0895466034558943
2010-03-04,,-0.027696386297559546,-0.08933055081549872,-1.1056554387870807
2010-03-05,,0.11268886174251826,0.11463638125039279,-1.1977276493876006
2010-03-08,,0.1987042930980661,0.23962990639251555,-1.219208806619516
2010-03-09,,0.262803931359442,0.3327291171647182,-1.2224552985053405
2010-03-10,,0.3048811265001863,0.3937813013224212,-1.2382141313529789
2010-03-11,,0.3028512831950528,0.3908439877607912,-1.2384607883102816
2010-03-12,,0.3118884657420069,0.40393234999644617,-1.228627818422442
2010-03-15,,0.32091006337869993,0.4169725637742642,-1.224018458686031
2010-03-16,,0.3075918271027759,0.3976748651623232,-1.2069804595020175
2010-03-17,,0.27186955165247945,0.3460075270491984,-1.2053056057127123
2010-03-18,,0.25876163111089134,0.3271018270673321,-1.2235934792757597
2010-03-19,,0.2456783741087932,0.30825211219864856,-1.2165466760257448
2010-03-22,,0.2212286773476309,0.2729917135044833,-1.2046741913256707
2010-03-23,,0.25404178456550014,0.3205076527388165,-1.2004913638255743
2010-03-24,,0.34427201159548393,0.4508525497843475,-1.2779673919486698
2010-03-25,,0.42268908917958264,0.563825438426793,-1.3065924476483501
2010-03-26,,0.361786889202142,0.4757571159451566,-1.2853254677952002
2010-03-29,,0.3592903779819692,0.4720141971930037,-1.2743729904254681
2010-03-30,,0.3685039382273882,0.48513225411953476,-1.2783273380092146
2010-03-31,,0.22484395297615983,0.2781972050996436,-1.1894436726068793
2010-04-01,,0.2114371891900957,0.25898032533020954,-1.207397869769418
2010-04-02,,3.0,0.23980491065009182,-3.0
2010-04-05,,0.16709438301529853,0.2550531709351949,-1.1472252235077494
2010-04-06,,0.10848721935056825,0.16660527405760608,-1.1435815410806431
2010-04-07,,0.0037823276459406046,0.008721578619445057,-1.124100369834347
2010-04-08,,-0.07772180297201338,-0.11416474458267631,-1.1163459261494597
2010-04-09,,-0.06598822026290627,-0.09650315500574312,-1.1223394285520545
2010-04-12,,-0.08940066030485154,-0.13181273156850487,-1.107817310704682
2010-04-13,,-0.1010337380780813,-0.14936289184486143,-1.1071495488838774
2010-04-14,,-0.017961960631811023,-0.02419731209960691,-1.1155293753398088
2010-04-15,,0.005595381262808001,0.011266771515968105,-1.1101824800262925
2010-04-16,,-0.11440684929606555,-0.16958733146480104,-1.0913874312106655
2010-04-19,,-0.10210585054340877,-0.15106711212933652,-1.0954983030649483
2010-04-20,,-0.08980874845054301,-0.13255729804693445,-1.0882539867934669
2010-04-21,,-0.11397114200582723,-0.1689743252515634,-1.0743797148707288
2010-04-22,,-0.21140604472411467,-0.31571736248024895,-1.0765149731278596
2010-04-23,,-0.25967330706395164,-0.388309575911861,-1.069604511302508
2010-04-26,,-0.25856413380803417,-0.3865313528372663,-1.0425653762805076
2010-04-27,,-0.39372930355220775,-0.5895502512414862,-0.9551610561716442
2010-04-28,,-0.4539085385706125,-0.6793802049530699,-0.9005655526390963
2010-04-29,,-0.48891156236658645,-0.7311126934285997,-0.821762816867858
2010-04-30,,-0.5363029303353842,-0.8010895835465446,-0.8027251528131595
2010-05-03,,-3.0,-0.7577257732145076,-0.8179360728449218
2010-05-04,,-0.5658094058138622,-0.9404412918402443,-0.7875405533318893
2010-05-05,,-0.801198343765217,-1.3064366620606005,-0.7095846631860371
2010-05-06,,-0.9857847991996325,-1.5860629528985049,-0.4696309440351225
2010-05-07,,-1.2258854351569093,-1.9416275864568173,-0.08967628470088393
2010-05-10,,-1.0579032176921002,-1.6691174266906195,-0.41307317127020593
2010-05-11,,-1.011845096350896,-1.5876369425383754,-0.44591435420177294
2010-05-12,,-0.9189349180891907,-1.4378662240401603,-0.5552794454137384
2010-05-13,,-0.9348302875285368,-1.4538226509629928,-0.6268416204260513
2010-05-14,,-1.0458924388996127,-1.6105179430951102,-0.48808628088264794
2010-05-17,,-0.9878982787574183,-1.5144116636760903,-0.47164162829508965
2010-05-18,,-1.086064061436377,-1.6491227905842092,-0.3518089915204353
2010-05-19,,-1.2294572362973724,-1.845280109713086,-0.1021909213117076
2010-05-20,,-1.4156256185350133,-2.0951416711167443,0.11892445306524911
2010-05-21,,-1.5360841418390956,-2.24163386010098,0.37556295965793524
2010-05-24,,-1.5469090179684633,-2.229553399113519,0.4096612625427953
2010-05-25,,-1.728968184129553,-2.4512590701847587,0.6181707690450765
2010-05-26,,-1.503477452595295,-2.1135452377045456,0.5740881113304585
2010-05-27,,-1.2631906588647999,-1.768261876596127,0.36669446290208046
2010-05-28,,-1.1211597303426466,-1.5642587100529886,0.31914846817205994
2010-05-31,,-1.1204160445827214,-1.5542631009236338,0.3759382263968477
2010-06-01,,-1.1541190864144555,-1.59041596198115,0.40098767637244903
2010-06-02,,-1.0490930830304728,-1.4416724550631732,0.3015236890102757
2010-06-03,,-0.7492895341901683,-1.0365834512922456,0.08201203465676869
2010-06-04,,-0.6152753823423913,-0.8555480235185268,0.34748742202585314
2010-06-07,,-0.4586210259534174,-0.6454036553211693,0.4865120956408328
2010-06-08,,-0.7143692602926588,-0.9844240608662073,0.5286108340966875
2010-06-09,,-0.6500183539739254,-0.8968450257893864,0.46397193222235666
2010-06-10,,-0.6334489574753885,-0.8730836299886473,0.2675609855804597
2010-06-11,,-0.6999931204635116,-0.9591718807181022,0.3389251392305139
2010-06-14,,-0.49228253019527,-0.6831538523781467,0.05126644537063176
2010-06-15,,-0.4171894823611093,-0.583172705366917,-0.042231882798761174
2010-06-16,,-0.31822566013247794,-0.45197564971983595,-0.09775411829638574
2010-06-17,,-0.1709487220248383,-0.2572063595482313,-0.06940936634558574
2010-06-18,,0.09814991212712165,0.09839977174549532,-0.1354644435385297
2010-06-21,,0.3792550278369787,0.46970944905151774,-0.29108028106759476
2010-06-22,,0.3647960340468077,0.4506115818481711,-0.21790353186180922
2010-06-23,,0.5600169442326608,0.707834917238448,-0.18088934365279988
2010-06-24,,0.4326069997124825,0.539682462563491,-0.13353516508347574
2010-06-25,,0.20587162403549136,0.2409256670220648,-0.11739639895420056
2010-06-28,,0.15468241645987652,0.17358063778866434,-0.06471498398978488
2010-06-29,,0.12870668240463382,0.13947111913618443,0.037764254564880737
2010-06-30,,0.12806575058180233,0.13875247427227735,0.07971688201535154
2010-07-01,,0.05104565976874859,0.03736916333471696,0.09524917154874392
2010-07-02,,-0.038770824303274026,-0.08087861221174439,0.0709996515769873
2010-07-05,,0.07727971847328576,0.07219420756589097,0.0920178301774864
2010-07-06,,0.2062273288455248,0.24224943173336258,0.038187026935088415
2010-07-07,,0.30906024252000786,0.37781434622850324,-0.0397976790729111
2010-07-08,,0.32038863798111206,0.3927763352784421,-0.19050866116581514
2010-07-09,,0.27925589444814136,0.338667414768497,-0.2762265414549054
2010-07-12,,0.343600187246526,0.4234149709910226,-0.2967465810149758
2010-07-13,,0.3284045497076871,0.40343432671821533,-0.46409977320536866
2010-07-14,,0.2467146700957094,0.2960026108207329,-0.4373285963129531
2010-07-15,,0.17847939399457824,0.20631612192316487,-0.39969622148883927
2010-07-16,,0.1371821940289082,0.15208961097374757,-0.31270851859539467
2010-07-19,,0.1094224661014259,0.11567991248134121,-0.36097800346779907
2010-07-20,,-0.08149136876651941,-0.13541742074031704,-0.3123290562024725
2010-07-21,,0.0009739495117007093,-0.026787989833806182,-0.3665023219638608
2010-07-22,,0.12465499050276588,0.13607286827054044,-0.45951947818640393
2010-07-23,,0.24827036194716381,0.29881031700949207,-0.5995665593728767
2010-07-26,,0.3301149904987223,0.40650408340632926,-0.7247282557207256
2010-07-27,,0.43960444984943786,0.5503550434384015,-0.8682094134552145
2010-07-28,,0.520729045868839,0.6566320677066618,-0.8761364814861824
2010-07-29,,0.5594028034213859,0.7069363202820201,-0.8895504495025311
2010-07-30,,0.4993935433007793,0.6278780941016937,-0.8050186911431412
2010-07-31,,0.4679234400405151,0.5863829532741114,-0.7773669101655505
2010-08-02,,0.5075807420770484,0.6380274438601065,-0.8117125855058357
2010-08-03,,0.4900484099192624,0.6147830914489364,-0.8288534233797719
2010-08-04,,0.5155424432670763,0.6477926041598604,-0.9468426783124079
2010-08-05,,0.4115248544658904,0.5116509545126379,-0.9425601387914911
2010-08-06,,0.3077784543662902,0.3760658302779396,-0.9018474679451476
2010-08-09,,0.33506075340550445,0.411718740940457,-1.0328989876162946
2010-08-10,,0.17232989104263727,0.19921665647625247,-0.9628032774887381
2010-08-11,,0.12726135444593079,0.14044679593924253,-0.8318175358938948
2010-08-12,,0.17086291933441308,0.19750597801692973,-0.8290754094252307
2010-08-13,,0.24412942284301054,0.293284401765723,-0.8517551873854533
2010-08-16,,0.1830416907127701,0.2135934582183358,-0.8007587300053751
2010-08-17,,0.256985689302807,0.310227562434884,-0.8832172263319676
2010-08-18,,0.2856342411450154,0.347678269223497,-1.0266236757530462
2010-08-19,,0.20824332104309878,0.24672755390152873,-1.0211253667851112
2010-08-20,,0.14613382049603624,0.16575075019455585,-1.0523248996731895
2010-08-23,,0.08404549062146947,0.08480955586932425,-1.0463952354311203
2010-08-24,,-0.11657883969194532,-0.1769537882308274,-0.7809907938152325
2010-08-25,,-0.224301337597962,-0.31737967903292513,-0.6142723372233354
2010-08-26,,-0.30082778455864567,-0.41697939827121316,-0.4712148392010557
2010-08-27,,-0.17422887999461217,-0.2516906876596164,-0.5776423799739295
2010-08-30,,-0.2047479537057416,-0.29133533055221805,-0.4684669581015309
2010-08-31,,-0.2983547092866414,-0.4131452569353412,-0.3509732492009734
2010-09-01,,-0.24915305627452008,-0.34880772839596624,-0.47371481759718104
2010-09-02,,-0.23188052684057364,-0.32611563325809956,-0.7115571161465488
2010-09-03,,-0.1184802994000429,-0.17824365211251536,-0.918147024321401
2010-09-06,,-0.10177788380720888,-0.15637073009753782,-0.914350616281201
2010-09-07,,-0.23082271730439688,-0.32430840684649503,-0.7661033875372021
2010-09-08,,-0.18077364041536245,-0.2589781306595316,-0.7931794206601296
2010-09-09,,-0.04893167466227622,-0.0871788293358985,-0.9560947288604253
2010-09-10,,0.017098898945268642,-0.0010892857539115176,-1.0990347519875112
2010-09-13,,-0.016106954564786786,-0.044231674362687115,-1.0635399496207627
2010-09-14,,-0.03268569099004113,-0.06572078412408174,-0.9334075157554347
2010-09-15,,-0.04926453738705556,-0.08720904222979689,-1.0102878330275398
2010-09-16,,-0.06584335190611511,-0.10869552046975359,-1.1002424159656063
2010-09-17,,-0.06553027143659669,-0.10818564780160829,-1.0935351947248069
2010-09-20,,-0.11615903961753422,-0.17399931846699898,-1.0351637199667323
2010-09-21,,-0.21796284139152888,-0.3063885621753515,-0.7582014390644826
2010-09-22,,-0.13104354233039534,-0.19312391964925588,-0.6867383874196984
2010-09-23,,-0.06138938959706958,-0.10235751884437774,-0.6245195672265381
2010-09-24,,0.09495403356165596,0.10123966518003227,-0.8018327861644556
2010-09-27,,0.024699434333467787,0.009891533232237461,-0.7558027928875585
2010-09-28,,0.042060141576051764,0.03258459050362943,-0.678004770779904
2010-09-29,,0.18270486606472003,0.21573377181672326,-0.8556068384724057
2010-09-30,,0.18167925024690704,0.21448201508376694,-1.0424554998064777
2010-10-01,,0.10948626249547051,0.12062046117610291,-1.0949939497986836
2010-10-04,,-0.016368841041171138,-0.043075552022094295,-1.088410771804737
2010-10-05,,0.0016664270556097688,-0.019510073463582623,-1.1051702255843285
2010-10-06,,0.07394499913834342,0.07464797796772177,-1.0983966461190504
2010-10-07,,0.09168973221427335,0.0978341171701022,-1.117818542984343
2010-10-08,,0.018074320210987385,0.002124331274482507,-1.110805255055903
2010-10-11,,-0.03717043699657172,-0.06967727422591154,-1.1125922906595733
2010-10-12,,0.03685460664961082,0.026749798119409487,-1.1258826791816117
2010-10-13,,0.16655433049842844,0.19562162967690683,-1.1417735004418779
2010-10-14,,0.18426596634132403,0.21874829903721196,-1.1515631091819205
2010-10-15,,0.1644713471456454,0.19307381870736715,-1.1553839655602354
2010-10-18,,0.08813503541023694,0.0938394138914045,-1.121790248324079
2010-10-19,,0.049713810805980106,0.043938783118798584,-1.0859723971653326
2010-10-20,,0.12561160620079784,0.14277968977437902,-1.0622907771828731
2010-10-21,,0.20147843449758923,0.2415611858728504,-1.0763328515297872
2010-10-22,,0.2772768370046637,0.34020455835559116,-1.0843754169773288
2010-10-25,,0.2176682754462628,0.26273258780522724,-1.1008483928894448
2010-10-26,,0.3329758307306968,0.41268106492802836,-1.1284248048271435
2010-10-27,,0.4285089831816459,0.5367333200853647,-1.1411552728192718
2010-10-28,,0.24946027444221194,0.3040867662559854,-1.0994347700744915
2010-10-29,,0.12970507033598133,0.14855909775653758,-1.0756054346593658
2010-10-31,,0.04963063411165529,0.0445997943372972,-1.0407911049371654
2010-11-01,,0.02936268149982124,0.018351138368346467,-1.0208293013830287
2010-11-02,,0.04917551960972655,0.04418203475954124,-1.0496844203142162
2010-11-03,,0.048842698686624705,0.04383588366496688,-1.043835458736796
2010-11-04,,0.008005545074739369,-0.0091407181693337,-1.0380840840482066
2010-11-05,,0.06896905080826518,0.07015884896408132,-1.0751320568743197
2010-11-08,,0.048061617376117804,0.04307783585104025,-1.0688395417890006
2010-11-09,,0.08888141860512648,0.09620174452437898,-1.1052707344193853
2010-11-10,,-0.20121693506732058,-0.2806047234321521,-0.9620066047904242
2010-11-11,,-0.26252788169210306,-0.360075150113052,-0.9575449913102552
2010-11-12,,-0.2611409941637867,-0.3580946903411262,-1.001556945036003
2010-11-15,,-0.1548167982148067,-0.21992766185047805,-1.0220947153820157
2010-11-16,,-0.13294926184283484,-0.1914365002972618,-0.936990466611935
2010-11-17,,-0.21715261055907467,-0.30061233415356686,-0.8615695993333947
2010-11-18,,-0.08809910714022991,-0.1330112328735471,-0.9869399662044245
2010-11-19,,-0.10913448901824323,-0.16022194529436823,-1.0134483731065274
2010-11-22,,-0.2594248400423757,-0.3551065010024247,-0.8883966707149908
2010-11-23,,-0.49588422340635996,-0.6612839321220925,-0.8105962019038401
2010-11-24,,-0.4060261025127376,-0.5443850957443537,-0.8969519404108826
2010-11-25,,-0.2727247543117074,-0.37147316705372463,-0.9163318959652398
2010-11-26,,-0.2712517936926752,-0.3693810913615137,-0.8724198393251067
2010-11-29,,-0.3138841469412774,-0.4243580849955906,-0.8175366765454144
2010-11-30,,-0.5113374276314053,-0.6792980224198641,-0.4774830960258457
2010-12-01,,-0.37481104112454894,-0.5023730195402153,-0.7877688390174936
2010-12-02,,-0.23853661417682032,-0.3260376747495319,-0.8751715685543998
2010-12-03,,-0.19229563172970612,-0.2661477074677374,-0.9181592072742724
2010-12-06,,-0.2590631255963159,-0.35226968447279683,-0.9143669758101888
2010-12-07,,0.01493752662272438,0.001841551770513666,-1.1095784965661313
2010-12-08,,-0.008011793441714567,-0.027733045053177037,-1.1342960635737962
2010-12-09,,0.26748170729588794,0.3282560433725635,-1.1498881131160255
2010-12-10,,0.3811922397276988,0.475069910533465,-1.2051734523438926
2010-12-13,,0.30945854385534866,0.382427574157801,-1.1792686070552865
2010-12-14,,0.4472009571959376,0.560070787182872,-1.2592901916886015
2010-12-15,,0.5610561162133662,0.7065067935422906,-1.28902415396675
2010-12-16,,0.6040907802024698,0.7613592283503866,-1.2132682741335286
2010-12-17,,0.2705878768567161,0.3317792122580018,-1.1221792194818172
2010-12-20,,0.1742717447511481,0.20779403558384366,-1.0725157133202632
2010-12-21,,0.2923018404373349,0.35980571129502353,-1.066259034105776
2010-12-22,,0.48174485123550215,0.6034582875008238,-1.0940880452230426
2010-12-23,,0.40670723984475454,0.5067694269771561,-1.152439310206596
2010-12-24,,0.38009291149960694,0.4724463144471395,-1.1446930742977
2010-12-27,,0.3777738752469388,0.4693778595062644,-1.0976341505136218
2010-12-28,,0.6184967498876569,0.7781094489012647,-1.1837952970355774
2010-12-29,,0.711476687686722,0.8964025393587473,-1.0798507287502361
2010-12-30,,0.5595792414260905,0.7011299320947811,-1.1184200931749508
2010-12-31,,0.28532539616499986,0.34972033951066667,-1.010127856204393
2011-01-03,,0.2836112775415183,0.34753205173421625,-1.0414600624618071
2011-01-04,,0.3316222823616093,0.40899300121757415,-1.0834671315035416
2011-01-05,,0.32959961491463297,0.40636974953090815,-1.2923938151882164
2011-01-06,,0.1769336153111184,0.21098537973438805,-1.2593468215298347
2011-01-07,,-0.02620198950606187,-0.048978070436367996,-1.1212958728845428
2011-01-10,,-0.25466433702743946,-0.34128473994272757,-1.0416144772447802
2011-01-11,,-0.15133549028998153,-0.20895372195921208,-1.094391811582161
2011-01-12,,-0.22757124511128257,-0.30638815063045527,-1.1600145192617177
2011-01-13,,-0.3294821669822353,-0.4365583071829996,-1.1104220446716715
2011-01-14,,-0.19826786475282795,-0.2686211220983578,-1.1256312121622118
2011-01-17,,-0.015020577496819475,-0.034200993051745524,-1.1432894533501796
2011-01-18,,0.08967473336144034,0.09975825595573937,-1.1633278769476976
2011-01-19,,0.06276778490952076,0.06541590430517272,-1.1249196150437675
2011-01-20,,0.11523524267566491,0.13257872616971647,-1.2224166251069222
2011-01-21,,-0.045076906405865876,-0.07236264615456221,-1.1719192343714344
2011-01-24,,-0.04495297827182511,-0.07213556160844388,-1.163715717628258
2011-01-25,,-0.1254647326550012,-0.17501415829902595,-1.0126880095838036
2011-01-26,,-0.15192370381758108,-0.208761829910702,-1.1530789451297445
2011-01-27,,-0.015421138641839898,-0.03416235168293935,-1.1041025235085977
2011-01-28,,-0.20656349208120486,-0.27844795263428346,-0.965350340375255
2011-01-31,,-0.15067680291627805,-0.20691721127131216,-0.897401257863316
2011-02-01,,-0.03963144370939011,-0.06489996357630552,-1.0287063064117825
2011-02-02,,0.07141025747572456,0.07710938839166091,-1.198646341192908
2011-02-03,,-0.2078667999759772,-0.27977892738110055,-1.2117303223137066
2011-02-04,,0.04535050512323438,0.04392402284822695,-1.2598749248708463
2011-02-07,,0.24215569448355054,0.29548791785443324,-1.2687711577423941
2011-02-08,,0.46685664956533757,0.5823963277601848,-1.2828176534661833
2011-02-09,,0.32192809363135444,0.3972568331514844,-1.2613742111950224
2011-02-10,,0.20575447057668889,0.24895338606474807,-1.2512150365344596
2011-02-11,,0.20450499313008236,0.24739970966829994,-1.2197585202802357
2011-02-14,,0.14554025586974628,0.17217652815482087,-1.186320530933214
2011-02-15,,0.11561287935393215,0.13403027192332478,-1.1777620091370504
2011-02-16,,0.11486395064363215,0.13313398565222323,-1.198845577319087
2011-02-17,,0.055469072664631656,0.05737506231943156,-1.1311425875788719
2011-02-18,,-0.033404668289389795,-0.05601426912915287,-1.1343630295184937
2011-02-21,,0.025914557158926578,0.019772090492029507,-1.1268172376961934
2011-02-22,,-0.15311730307261032,-0.20869014964670418,-1.063302924781773
2011-02-23,,-0.03263871311818167,-0.05484320491462373,-1.0463523020412657
2011-02-24,,-0.24331085121937526,-0.3236274018758175,-1.0056222831818855
2011-02-25,,-0.15135789947628903,-0.20619817301048726,-1.0377531905516368
2011-02-28,,-0.059428951336805834,-0.08882478385110278,-0.9918255650502497
2011-03-01,,0.0936545365289322,0.10658036234670643,-1.0295172514648117
2011-03-02,,0.0008019523256520155,-0.011843469564150364,-1.066552740374217
2011-03-03,,0.18606573817132777,0.22460662777680587,-1.2013593474554076
2011-03-04,,0.06068977407073972,0.0646926889505132,-1.18449903808528
2011-03-07,,-0.15835068076114944,-0.2147114115160784,-1.1759436950068067
2011-03-08,,-0.06347602591758504,-0.09360445800073222,-1.186078852420028
2011-03-09,,-0.2840830457895209,-0.3749026578510155,-1.1642734373910064
2011-03-10,,-0.4092937832396161,-0.534281771359261,-1.0662774645803528
2011-03-11,,-0.5023262056901061,-0.6523469108063326,-1.0096670204346323
2011-03-14,,-0.5630608463875442,-0.7289958233411709,-0.9618894104809741
2011-03-15,,-0.7192982147968251,-0.9264498144027264,-0.795223158714016
2011-03-16,,-0.8420527608993895,-1.0802914944387567,-0.6780755293411554
2011-03-17,,-0.80327026306656,-1.0292095470764098,-0.7249745752788547
2011-03-18,,-0.5716483866544311,-0.7351737393204418,-0.8730554015862202
2011-03-21,,-0.405870921302109,-0.5251289712127178,-0.9897879764019402
2011-03-22,,-0.33832415873274907,-0.439504553722012,-1.0033846702819054
2011-03-23,,-0.10685108447333025,-0.14681865723722468,-1.0114318143347305
2011-03-24,,0.09160510278786632,0.10410994170518724,-1.1124615079363187
2011-03-25,,0.323085963170491,0.3966940946809805,-1.1530685794744837
2011-03-28,,0.32115497316240416,0.3942225203064604,-1.1530830679187374
2011-03-29,,0.452953173938969,0.9522889701585132,1.9073292626126508
2011-03-30,,0.3157655776264991,0.8190975235963417,1.6380296288395315
2011-03-31,,0.14495510905709777,0.8558765215195412,1.3946783633103375
2011-04-01,,-0.19570757710474226,0.5678632091043874,1.2784312121600305
2011-04-04,,-0.1947426476404832,0.527037781162433,1.125635480206391
2011-04-05,,0.01219175483342538,0.5771310280660856,1.0774648976910233
2011-04-06,,-0.02248502715488539,0.6531931997804034,0.9694473789984156
2011-04-07,,0.08163109844252368,0.6998892562236559,0.9596157193049243
2011-04-08,,0.3251303361807336,1.283610725375415,0.8537378317597007
2011-04-11,,0.4281359396313825,0.9686018022633887,0.8601205094492056
2011-04-12,,0.35515882223865336,1.125909588822049,1.0786740558791623
2011-04-13,,0.49417919621021855,1.0487553814166053,0.8928484004625133
2011-04-14,,0.5971493604325766,1.0488220254440324,0.8884940399661817
2011-04-15,,0.37965096594630937,0.57252715015249,0.9635015690050965
2011-04-18,,0.09085423156805303,0.4827791678763603,1.0274688457561423
2011-04-19,,-0.1978949430425032,0.25361859501023426,1.0350848117303566
2011-04-20,,-0.12455593195792623,0.40614229964781284,0.7685521231582282
2011-04-21,,-0.16040496752828015,0.38404740233159673,0.6614639031631572
2011-04-22,,3.0,0.253558101645503,-0.11833045962958062
2011-04-25,,-0.5498728221413091,0.42518107512955755,0.6555870334561122
2011-04-26,,-0.6342986664816742,0.3562056150319438,0.8167593852070449
2011-04-27,,-0.6300821232824378,0.3911556569372844,0.9011434346776871
2011-04-28,,-0.6553696695727179,0.31040728021474523,0.9544866528526278
2011-04-29,,-0.5917600135462837,0.41857242775669573,0.9102017405027967
2011-04-30,,-0.7066705498089175,0.28460772832061715,-1.135933904773706
2011-05-02,,-0.6421158940998928,0.6025709115531985,0.8225416672388901
2011-05-03,,-0.8168425571477972,0.5419429735477169,1.0400779949424048
2011-05-04,,-0.8701483191552767,0.6070859040263261,1.0748066952221753
2011-05-05,,-0.9526110006077275,0.32837004432845845,1.030332715094955
2011-05-06,,-1.0337530442513478,0.02853389386786274,1.0079684254808248
2011-05-09,,-1.0835693402693203,-0.3273688247776381,1.0417316201652147
2011-05-10,,-0.7433200975338216,-0.3995562939129459,1.014254922877087
2011-05-11,,-0.6774660954046587,-0.37482241810497513,0.7935849727274825
2011-05-12,,-0.6423946141505084,-0.5798142759137792,1.0516785667702695
2011-05-13,,-0.5466840224738401,-0.441241206253495,0.8947184200310112
2011-05-16,,-0.48200475259944653,0.07468245496892366,0.9357563197271251
2011-05-17,,-0.41755860187217875,-0.05822396602143294,0.9024783251090176
2011-05-18,,-0.3841970876182692,-0.4668172540191607,0.8603109079825839
2011-05-19,,-0.3819758816474126,-0.5143479480814988,0.9130220533061897
2011-05-20,,-3.0,-0.10264797555143411,0.7617065707778639
2011-05-23,,-0.3195342738377177,-0.20478844017336653,0.8725886740960825
2011-05-24,,-0.317665768802795,-0.23909228780470268,0.6901739484293804
2011-05-25,,-0.39302236969938,-0.5620731467141002,0.8048914872354919
2011-05-26,,-0.46815479388277426,-0.7471844321208022,0.7203829984081395
2011-05-27,,-0.5170569871213198,-0.536163466390153,0.6204445929069342
2011-05-30,,-0.46159767166672105,-0.49153144887384026,0.6318725954151246
2011-05-31,,-0.48483632215955424,-0.5253253313095815,0.5676101905271758
2011-06-01,,-0.5604874879390125,0.29310553618375956,0.17676012767607274
2011-06-02,,-0.5303514566688833,0.4053038943465435,0.27255979177940415
2011-06-03,,-0.4738840922531072,0.65667680317497,0.16637503582866603
2011-06-06,,-0.4442354237198499,0.7528201956685552,0.10734935364538166
2011-06-07,,-0.3344552386627234,0.8916520510244069,0.0930456916523341
2011-06-08,,-0.5472630878771557,0.7233049914778009,0.13523911105746178
2011-06-09,,-0.5166376020155761,0.26490051235336376,0.28498153307749874
2011-06-10,,-0.5402555959188788,0.3035844375829215,0.1257289398313917
2011-06-13,,-0.48229082725097244,0.7301216692504043,0.3032724390283772
2011-06-14,,-0.2605864139113859,0.5362703282024881,0.27799757497537336
2011-06-15,,-0.5060775052666522,0.7165386791754703,0.18093533894878297
2011-06-16,,-0.7774535910320483,0.8375175425452872,0.5400096326537214
2011-06-17,,-0.771215676629962,0.8941226390634802,0.6295589334681224
2011-06-20,,-0.7374768497861428,0.26566870193782577,0.6639818808913195
2011-06-21,,-0.5655095044811447,0.27064744038073935,0.6563218484576044
2011-06-22,,-0.561581990798517,0.02619556667764065,0.49175942929647043
2011-06-23,,-0.8087950467171724,-0.27437153523731483,0.7577618197030579
2011-06-24,-0.9664862389530232,-0.7462446065594072,0.2683066451671933,0.08861363279742861
2011-06-27,-0.9280773251731127,-0.628133292954584,0.31301185566156325,0.4188210394157419
2011-06-28,-0.7976510048210583,-0.3411972364581248,0.24820578317701053,-0.335647381061617
2011-06-29,-0.764438509918259,-0.13996480641548703,-0.04342726252701285,-0.4024355324067786
2011-06-30,-0.6666319437190869,0.14704140814417452,0.14473578818874117,-1.5729490648940296
2011-07-01,-0.6848159689351697,0.2326840354352608,-0.03597293716076477,-2.1260962894999267
2011-07-04,0.007449118129979082,0.26048352765261906,0.026026192507160692,-2.143625288586094
2011-07-05,-0.6093593554849285,0.14309271560135653,-0.23264998744774576,-1.9306806991194692
2011-07-06,-0.5469773038986196,-0.00347479542315815,-0.49145166882398533,-1.4951026850501665
2011-07-07,-0.6510999469194105,0.23153259607670662,-0.3341706552715141,-1.8596889794245064
2011-07-08,-0.5709958873288073,-0.09404872196665383,-0.7315096694796736,-1.3460391444408508
2011-07-11,-0.5920696056010588,-0.2712262959464558,-0.45068178883926513,-0.3476381496868212
2011-07-12,-0.7136796245233924,-0.38856264820909775,0.08107163531201331,0.7278832350045179
2011-07-13,-0.42085809702695653,-0.5353590945615485,0.2973346908452464,-0.18433565403532554
2011-07-14,-0.4200308302853012,-0.17148991031274927,0.892986880773542,-0.1724028680653425
2011-07-15,-0.37617585271311466,-0.10992035430994289,0.5426433471896509,-0.02766433627488297
2011-07-18,-0.3803272040180211,-0.13949334358439963,0.8174396159392934,0.4697349068736406
2011-07-19,-0.444293889754336,-0.13852703403438957,0.3217839426528905,0.22140017059002487
2011-07-20,-0.5295270943097842,-0.07617802905365274,0.5707177110743858,-0.2831500496263433
2011-07-21,-0.5742970581924884,0.1404532669198134,0.6264310577211345,-0.9453220131937685
2011-07-22,-0.5616878432233031,0.41882649951718165,0.7298543175992053,-1.4546280677008046
2011-07-25,-0.577057738633839,0.6029179178778817,1.6245202091746134,-1.0226767307097897
2011-07-26,-0.5377846035815865,0.47438025555444857,2.121261673151637,-1.4312177891132785
2011-07-27,-0.5455728881664984,0.25207945066802995,2.4842342924536474,-1.185295058869478
2011-07-28,-0.47003254921507737,0.12463057964028602,2.4471143373866844,-0.8847312649929774
2011-07-29,-0.4983424904987743,-0.2566694955608461,2.6534420916146084,-0.5034049380059189
2011-07-31,,-0.4461298684551772,2.354359484547362,-0.7292588145824461
2011-08-01,-0.2610579050287794,-0.5070762612637152,1.5581583197405917,-1.5474873975226284
2011-08-02,-0.33411201035752897,-0.40734391271286435,1.755984104712971,-0.037119219784563756
2011-08-03,-0.3356925755429626,-0.34014031253056304,1.574023768381037,0.958906368201843
2011-08-04,-0.29470500452932785,-0.8550984935012818,1.4124825322097787,0.7591335920878542
2011-08-05,-0.31646001710955873,-0.6538191542404345,1.792154157253362,1.093622910746756
2011-08-08,-0.2964380283821529,-1.3259979447067922,1.1879828891924524,1.0120822298103738
2011-08-09,-0.4094774574089739,-1.751724565429821,0.947723971413427,1.715173342212783
2011-08-10,-0.2973916958393856,-1.78227932382952,0.8797162786251316,1.0351042209107895
2011-08-11,-0.27404670093441813,-2.115927162421337,0.5767360404546872,1.324315961271734
2011-08-12,-0.09418719240884676,-1.9457141333824977,0.7051524983465576,1.2677336175173732
2011-08-15,0.00046431607380530685,-1.5437233799727479,0.9485827074838814,1.1526418878308562
2011-08-16,-0.014440338054512444,-1.489621394856168,0.9622774193978674,0.9060516986070148
2011-08-17,-0.012788506508852757,-1.5577551960730671,0.8367931077272315,0.7562392629929833
2011-08-18,0.05164209247589351,-1.8893283104016327,0.8090953124518224,0.7361460837612902
2011-08-19,-0.0020116781438631747,-1.8217338781645402,0.9470407617188555,1.0338937908580073
2011-08-22,0.08013465279995195,-1.8154337662935254,0.8832563255034042,1.0505003452088228
2011-08-23,0.11752506525974868,-1.8090827116320756,0.6122604309209145,0.8719053066662753
2011-08-24,0.11866242023363376,-1.83112294408194,0.4131933913709866,1.0867937744975722
2011-08-25,0.18800360692409526,-1.9915900173651488,0.4866325182641593,1.0271390444938984
2011-08-26,0.14581702863101903,-1.9474587362395896,0.21635613703364776,1.1339910004648566
2011-08-29,0.2002125678206056,-1.7956804019021504,-0.034448681026566855,0.805431512446612
2011-08-30,0.31078268719090046,-1.788350368313486,-0.1270530082379123,0.5999162993810204
2011-08-31,0.1994560464439752,-1.4812925752477735,-0.13561927958431644,0.2577030449445697
2011-09-01,0.2386059578751941,-1.4314363162602097,-0.2944018582326357,0.013578071341153115
2011-09-02,0.25809756085927116,-1.3011940331370844,-0.12991271319637088,0.01111371981706168
2011-09-05,0.275886156033443,-1.2019000670489859,-0.2673842641796822,0.6106774665274363
2011-09-06,0.30643499171546046,-0.5523225388545566,0.14335980411823543,0.5191498057987781
2011-09-07,0.3283207721901871,0.09539515875422087,0.5518416659577217,0.2491372798596401
2011-09-08,0.14383409980538991,0.06730500235188995,0.18099049519584473,-0.06330217382100199
2011-09-09,0.14882782858383145,0.1807122677650549,0.17890991910927118,0.29423174953558107
2011-09-12,-0.01873975651406742,0.03807883860946897,-0.18102483868274796,0.7551146577944335
2011-09-13,0.03896279909486022,-0.2759990888146189,-0.2872046252925108,1.00404899477765
2011-09-14,0.035807827734785115,-0.33120160527009623,-0.5450066891293653,1.430783552028651
2011-09-15,0.037421295236597096,-0.3574526606971624,-0.5192122240991442,1.0052133926590885
2011-09-16,0.21850709251507877,-0.20983317761955114,-0.7021465579753603,0.5285506706118044
2011-09-19,0.3904075537276791,-0.5570818090789682,-1.1264319692023486,0.9876461812894147
2011-09-20,0.5190782104043524,-0.6108888930497643,-1.0923587973664715,0.7668515543898718
2011-09-21,0.27085337099653006,-0.722649018497565,-0.911998541596414,0.5981321186824713
2011-09-22,0.31381476925570184,-1.8104704415184214,-2.0623162833298325,1.6758093877135138
2011-09-23,0.3078804850484346,-1.9973688114200718,-2.2530743418565478,1.8796062415384986
2011-09-26,0.31264926120741643,-2.0067817495174474,-2.38079677456373,2.1560120293523655
2011-09-27,0.2549795352335355,-1.9878382165844688,-2.032646032082271,1.59039775344771
2011-09-28,0.317513242761605,-1.8087056657072684,-1.768094371155017,1.3655278931424144
2011-09-29,0.3611266408430513,-2.0377522429681125,-2.2438266842817725,1.365577612524743
2011-09-30,0.4258252706408598,-2.1968125924841857,-2.2796293591684997,1.3043286477896687
2011-10-03,0.5001038052028782,-2.240075164929252,-2.5201440507858734,1.3416246401747485
2011-10-04,0.4542637222090911,-2.645040166754972,-3.0,1.7970658443977139
2011-10-05,0.41149066113821864,-2.2648954670892127,-2.7696129057787773,1.8292702780984185
2011-10-06,0.39527233350535257,-1.9620546358227715,-2.469221602191443,1.4291399169924548
2011-10-07,0.3742622659263858,-1.5075804641419095,-2.1170822378529928,0.8802177228336688
2011-10-10,0.21827364948559946,-1.3127980509381036,-1.65798997404237,1.3948359159040835
2011-10-11,0.1620437627904947,-0.754996882137028,-1.2650039831627464,0.9060426347922618
2011-10-12,0.17311422193830955,-0.32567736306580103,-0.7961102828070689,0.6303166044141786
2011-10-13,0.13729567411196952,-0.22269068657807073,-0.7545766226155595,0.21346943877337823
2011-10-14,0.1629911423938904,0.05640081657141173,-0.5570096448317189,0.15256932970986714
2011-10-17,0.18530071226567252,0.0569451133136715,-0.40470900191605047,-0.3126615658506773
2011-10-18,0.32714144527129285,0.3626693967240002,-0.2985750120594436,0.7033030225148792
2011-10-19,0.33115386077464815,0.4634413321262597,-0.0011525100820110393,0.2000148308434982
2011-10-20,0.4019908071512118,0.5893958751510313,0.17895306789117144,1.1009192060741833
2011-10-21,0.3813316242502849,1.5264758306175448,0.9046527446301422,0.8679832985257616
2011-10-24,0.3111186521903232,1.998962408085163,1.2946091919433704,-0.5443191390930922
2011-10-25,0.20435434676103337,2.101980800797524,1.5627934433491637,-0.9618005465891605
2011-10-26,0.22069066616598262,2.125773506234261,1.3736561920762742,-1.0970683286336897
2011-10-27,0.1539096441971429,2.628382417818038,2.0678097055735822,-1.2973872901112022
2011-10-28,0.12025484052421498,2.543206200104728,1.8756578594857674,-1.369156456899184
2011-10-31,0.15803031094210443,2.508250313575557,1.79306015897044,-1.2999654861629855
2011-11-01,-0.11152270138010933,2.261038239374065,1.4893154748909039,-1.1195045789153677
2011-11-02,-0.12276805925152445,2.6839807989576876,1.837722644946062,-1.1895567249726609
2011-11-03,-0.14864360637110377,2.592456972888411,1.783997034903597,-0.9462045793771175
2011-11-04,-0.09521538680593324,2.2292108139088103,1.3582632238147911,-1.2996812721706679
2011-11-07,-0.040501148172418705,1.8112924705434834,0.9948823186458254,-1.2105381208068273
2011-11-08,-0.0148393981766449,1.8778729879296658,1.064984632204098,-1.0715176246792573
2011-11-09,-0.05898024583837171,1.3394078141832326,0.6436600204540909,-1.189968764505191
2011-11-10,-0.05601567760010509,0.997414908159279,0.19339756847678213,-0.5471075185499957
2011-11-11,0.0812102194681015,0.9269906363657897,0.2787230865305031,-0.7393212340454831
2011-11-14,0.11407250198749871,0.6515629184094817,-0.14813556909666278,-0.9342280337681511
2011-11-15,-0.006104510444529656,0.626607397681299,-0.28578378432186163,-0.7577509931020643
2011-11-16,0.020343266908390376,0.5602018836122126,-0.23824276388453064,-0.7211592670252315
2011-11-17,-0.028873074613792866,0.3894740724063697,-0.42634295158471075,-0.7651509593076388
2011-11-18,0.07322662776955842,0.4716085385432811,-0.43122786994192586,-0.18464913716262504
2011-11-21,0.0014556985686397703,0.2999462344999398,-0.6114324378112171,0.1750321057785277
2011-11-22,0.2831289066939825,0.043360683852427154,-0.8812794060021707,0.08302782286206421
2011-11-23,0.3623992267478848,-0.08487927503705558,-1.2033455982618595,0.8061303025479284
2011-11-24,0.5356458779955041,-0.1700807320697236,-1.2549579708358318,0.6598478930609093
2011-11-25,0.8231377901669161,-0.814478681899016,-1.9622964194331196,0.7890864054962434
2011-11-28,0.5523631762118092,-0.6783357177474917,-1.7943936460957073,-0.19664159792337377
2011-11-29,0.5487588805921754,-0.6296919063497799,-1.7178249696766077,-0.2527545703837206
2011-11-30,0.6348434173696293,-0.12471473135413416,-1.2200828670483201,-0.38849038095953703
2011-12-01,0.975652362328891,-0.12369588953580679,-1.2069805372676456,-1.1012950479697394
2011-12-02,0.9726350660344802,-0.27671421918047495,-1.422388434883059,-1.060436981067632
2011-12-05,0.8615790774395372,-0.20844979415673698,-1.3018047479772445,-1.1530039351721173
2011-12-06,0.8653910372662053,-0.16247888321254464,-1.198716452033237,-0.6575733583685375
2011-12-07,0.926316793237197,-0.40678239750927253,-1.336537651956175,-0.837666029295572
2011-12-08,0.9040813389441897,-0.35909034096759723,-1.2814517468518611,-0.7195250769705323
2011-12-09,0.9892000210195163,-0.35655714372139014,-1.4685791506222947,-0.1655555145475276
2011-12-12,0.800828012815208,-0.4670503036286889,-1.90700266595932,-0.09524633724811778
2011-12-13,0.79268231608389,-0.5090047174816393,-2.1566620598137196,0.03986259286008128
2011-12-14,0.854422646948531,-0.5962106925387376,-2.231122196022869,0.21678227976723793
2011-12-15,0.844721096273122,-0.5231039429698314,-2.075906289798113,0.4671282420692088
2011-12-16,0.836273878283856,-0.4503653751958599,-1.9939622415448248,0.2016484200053269
2011-12-19,0.7409122039168137,-0.5622168121368555,-1.9770676503202855,0.6357989812542195
2011-12-20,0.7375496689520691,-0.23388001211571127,-1.684640275228943,0.299840116060573
2011-12-21,0.7707444091226587,-0.02235464394363776,-1.6547741733459946,-0.15644973513756374
2011-12-22,0.8786542963967379,0.1656869519481323,-1.4858041036030554,-0.246151246109731
2011-12-23,0.7885215428279969,0.25940108201567014,-1.4053283472212554,-0.4434185807700812
2011-12-26,1.2342378681775639,3.0,-1.3089331796550103,-1.6546144623225707
2011-12-27,0.7626023822310795,0.12825987598280114,-1.2691849769408101,-0.30539579998021577
2011-12-28,0.6150678695472154,0.1278791459445763,-1.3567619934582773,0.04099466670425637
2011-12-29,0.6122450909752325,0.06560476287924993,-1.4242922621504503,0.11725421001438877
2011-12-30,0.34048512852961216,-0.017404288118355295,-1.319551773317652,-0.09386811000600262
2011-12-31,,-0.03785015521683031,-1.3091549726221903,1.7183242461161767
2012-01-02,0.8149323072900492,3.0,-1.392784692268083,-1.5162511235545195
2012-01-03,0.7951622841864978,0.009126942125098651,-1.0374530967370952,-1.0621133394729618
2012-01-04,0.7910856337994238,0.1395958535585163,-1.1052078065337072,-0.9198078723956274
2012-01-05,0.8139364136242859,0.25129254242605586,-1.2640847341805808,-0.7095461230443615
2012-01-06,0.8535504349505094,0.21254482276015937,-1.406985127236689,-0.5117636109826239
2012-01-09,0.7172029416577209,0.2871622901167351,-1.2245064530277379,-0.6648434547922669
2012-01-10,0.6297099902619185,0.38062478296038116,-1.0718466246003266,-1.2474505536343463
2012-01-11,0.4233210645659524,0.4167093746209501,-1.1430439376141392,-1.1805652972342315
2012-01-12,0.9193064319524472,0.4526880587156261,-0.9615101555419239,-1.1798295837769102
2012-01-13,0.914312130836283,0.45013435815371367,-1.1140135362252066,-1.1789800694034571
2012-01-16,0.8150908139914353,0.5054573932498568,-1.0374531113818746,-1.1968264825337
2012-01-17,1.122657758712563,0.38621086169091834,-0.9397374640897702,-1.6686889123050972
2012-01-18,1.1173570405839512,0.36465976574223097,-0.8658485576700748,-1.814784826844245
2012-01-19,1.368719212907592,0.4801188163436311,-0.71263157139974,-1.7310330622065704
2012-01-20,1.4183841909166404,0.4969572975198721,-0.786572597243916,-1.7309577415860327
2012-01-23,1.4651935873205533,-3.0,-0.550095123012575,-1.760143677272441
2012-01-24,1.415898333336666,0.6435721875428723,-0.49962672294787586,-1.76022062861223
2012-01-25,1.3722191190973985,0.692744696465808,-0.4027838879045745,-1.6628663635521332
2012-01-26,1.4936321481866222,0.7414901701707497,-0.2800985699432634,-1.8559474166520484
2012-01-27,1.4600122728848905,0.7539597021328619,-0.12727712956352896,-1.828565545592803
2012-01-30,1.4646753298604474,0.7124398561841914,-0.173456918780848,-1.7161209758911815
2012-01-31,1.036413555843376,-3.0,-0.21714056564053413,-1.7491664657920336
2012-02-01,0.8270668878109891,0.631391791567696,-0.22178231092315873,-1.7538905266299618
2012-02-02,0.8696283588507668,0.5775934910822945,-0.32580104944576793,-1.8262770371338477
2012-02-03,1.0388937327542378,0.6569350085415494,-0.27539156671748694,-1.7252164011940507
2012-02-06,1.1504926588228828,0.6358192390243098,-0.28465279893752654,-1.6801827872345954
2012-02-07,0.7128459134571162,0.6983638732556974,-0.08052911341798,-1.657320045345582
2012-02-08,0.7054214916842072,0.7101514644651379,-0.04480226816090891,-1.7237607322361956
2012-02-09,0.46998824773566594,0.8559229289040072,0.1670484222999348,-2.709678367582
2012-02-10,0.5355996463494396,0.7985223536630052,0.10600664605004918,-2.4610064710038184
2012-02-13,0.40447441782709814,0.8595554408908517,0.1059783266030499,-2.4013195951347353
2012-02-14,0.42713099962636014,0.8692557097399282,-0.02233060406800339,-2.232376517722554
2012-02-15,0.3509404799166335,0.8788209885512619,0.08334896018169508,-2.369966066974343
2012-02-16,0.3841504890097111,0.8544541539197539,0.02733494948555218,-2.096942426005848
2012-02-17,0.16994082932059154,0.7795288276765363,-0.13738916899548156,-2.146012591229402
2012-02-20,-0.4057796971613416,0.6883302485765767,-0.22350668174759936,-2.129339805845095
2012-02-21,-0.46515347704623583,0.6662869847466171,-0.124680028483548,-2.046972820633789
2012-02-22,-0.32360050195896356,0.6958906120509794,-0.13434861088469296,-2.012891076145108
2012-02-23,-0.453160851895895,0.7080383488390366,-0.09595692196875234,-1.8077805231401893
2012-02-24,-0.25145255287058704,0.6855779102973153,0.06357469619558889,-1.8155704452668113
2012-02-27,-0.24685087829305544,0.6806244641298631,0.06342210296334508,-1.6637476841697958
2012-02-28,3.0,0.762491231103324,0.22900264599224338,-1.7054268892852258
2012-02-29,3.0,0.8607749481415478,0.23409777108013508,-1.7687081240748082
2012-03-01,3.0,0.8360673460949402,0.11460970151432927,-1.6374643137040539
2012-03-02,3.0,0.8639407019887222,-0.03145042767008795,-1.6472266856184352
2012-03-05,2.992147866585717,0.8216250106677568,0.021087186132069176,-1.5015959152752947
2012-03-06,2.8285234229022467,0.7272299288201396,-0.03576860046248779,-1.3384440440096776
2012-03-07,2.7469174959488365,0.7040962172700068,-0.13762346271401582,-1.237739193346938
2012-03-08,2.561224826051408,0.734112086738225,-0.0024868639540141127,-1.3761956530592263
2012-03-09,2.3628036090503266,0.7107686653427666,-0.3610963752753956,-1.3733107887251668
2012-03-12,2.2091296076591913,0.7586116730074267,-0.36017574830854276,-1.2903711394489545
2012-03-13,2.2641926748914565,0.8591655226602958,-0.3945163412042914,-1.3576179275139995
2012-03-14,2.1626741032724373,1.0113558674578502,-0.28895152507204813,-1.42097843952446
2012-03-15,2.0662889451269733,1.6372250298646809,-0.2019584675897381,-1.3728801772429373
2012-03-16,2.107723169784,1.3987343238744456,-0.11569076769547124,-1.3865295128636845
2012-03-19,1.940994932796121,1.3293037064498725,0.07620749866484203,-1.3303917657730675
2012-03-20,1.951845583256486,1.1205770905502912,0.036166219801587636,-1.2282104375981793
2012-03-21,1.9320419593254654,0.9750737650011951,-0.17355158941562668,-1.2080698298167463
2012-03-22,1.7975776318074743,0.8504068038640958,-0.2984846521917768,-1.1521500840806487
2012-03-23,1.8354648323044909,0.7961481025190082,-0.2660282664116214,-1.115876789910305
2012-03-26,1.7724971626347572,0.9128965654118129,-0.22800328507789586,0.9587016842534709
2012-03-27,1.8149355286711313,0.9215433051241955,-0.20107004557107055,0.8266229315760445
2012-03-28,0.5592032041213617,0.8796774335919468,-0.25230645920473027,0.9129318408182269
2012-03-29,0.4713617122774433,0.935690432014991,-0.4286394638813041,1.0298860479920398
2012-03-30,0.5884289610794764,0.8735603116697924,-0.44328752538690475,0.8668301181799973
2012-03-31,,0.12837762052019924,-0.5600983709983692,0.019782436783907256
2012-04-02,0.7209675100619795,0.9131907564899828,-0.6048557743143238,0.8593070587377517
2012-04-03,0.8005660953383542,0.9656152607414829,-0.5682153852931354,0.718828760524018
2012-04-04,0.799922537794354,0.7517182257278309,-0.7402083181793617,0.8734277088941292
2012-04-05,0.7888499451468869,0.6456565205162642,-0.9929524526666165,0.8778968819111782
2012-04-06,0.6239473040943948,1.5444920771967363,-0.9992759533060646,0.40642052135538365
2012-04-09,0.8236699293879932,0.2732642766667873,-0.9745745177424443,0.9323862413056792
2012-04-10,0.858028018229579,0.06444999195219513,-1.1561682745670494,0.911963096819167
2012-04-11,0.8814294510342324,0.1395994270618798,-1.3431384838746954,0.9721265180810753
2012-04-12,0.6769737594284214,0.2626214283605557,-1.2785658994733706,0.9665188031154858
2012-04-13,0.6362969462354362,0.1873108398405652,-1.3721957253105295,0.8176431073386619
2012-04-16,0.47326022733335116,0.063180683471732,-1.3457313379067708,0.871239892357269
2012-04-17,0.45274271197506916,0.02564192072428756,-1.30528981744874,0.9353744411318987
2012-04-18,0.4098608660664092,-0.0151421813491126,-1.2117889614978195,0.8171814513739746
2012-04-19,0.3440300777221717,0.10486150043121549,-1.1641957263401168,0.7214787280427034
2012-04-20,0.3408449641141747,0.1535697665112194,-1.0224009244123877,0.7434650671074329
2012-04-23,0.3727732284951535,0.06977979901327543,-1.0643499731698292,0.84360801479437
2012-04-24,0.2205210729873611,0.11596650007418914,-0.9352441325957602,0.7961204447428136
2012-04-25,0.2294367752900156,0.20518223476180555,-0.9366942093418089,0.8430504114533417
2012-04-26,0.18616182679210277,0.1836006229254237,-0.9010330249654724,0.8309168321531224
2012-04-27,0.16098919034759812,0.13944305427401205,-0.8369401739055224,0.8173833745524842
2012-04-30,0.08064884718609741,0.3935675481107899,-0.7222109280657718,0.6894711003771531
2012-05-01,-0.030012344623011354,0.4359715221742995,-0.6843492189944886,0.7072811474502202
2012-05-02,-0.031228754720478313,0.5540032807525732,-0.8260649068477399,0.5752437954914232
2012-05-03,-0.1671842986661433,0.3902240545165147,-0.6046528990329579,0.5975647516277319
2012-05-04,-0.0579371490477602,0.1655229455075082,-0.5399340871262598,0.7051164930636763
2012-05-07,-0.05670387514734763,-1.0924247701388268,-0.6077995320922593,0.8302123407944217
2012-05-08,0.010380031125674332,-0.08490186959002557,-0.531534252862483,0.9044430684102887
2012-05-09,-0.0070919381157399635,0.008101555542470888,-0.5125871532843963,1.0266357031460598
2012-05-10,-0.2570204888723722,-0.05485115301079322,-0.5766328352832181,0.959258596396204
2012-05-11,-1.2223709703585721,-0.02592183886391577,-0.6604538470530347,1.066997876702797
2012-05-14,-1.2171699055046303,-0.3502412507130207,-0.7944608521088482,1.2274587201292149
2012-05-15,-1.1958765224841088,-0.5488911081107565,-1.063753899104449,1.2386079805608998
2012-05-16,-1.149446335550975,-0.7384672798810485,-1.2611768375462309,1.4229109830676643
2012-05-17,-1.0157564242026889,-0.9426648471053264,-1.2495952023049761,1.3780188696591185
2012-05-18,-0.9805590178743071,-1.0267038936435218,-1.2527465060339602,1.4531459339517916
2012-05-21,-0.9063601790683204,-0.894296030715289,-1.4579640852464169,1.428864668281895
2012-05-22,-0.9050075788180502,-0.834116373299216,-1.2925404373466418,1.290928041555405
2012-05-23,-0.9223563372974584,-0.9816649852124146,-1.7377498762830663,1.5358981789189319
2012-05-24,-0.8726692418180074,-0.9195686660418675,-1.8553907090188024,1.4087379479518787
2012-05-25,-1.1807756492218564,-0.8622961793297774,-1.8259188583245882,1.3748197932231452
2012-05-28,-1.178883162254532,-0.7458172105272745,-1.7786237609290128,1.2808144631425502
2012-05-29,-1.1382297144602413,-0.4408611690634049,-1.7536945423464922,1.1379974173333822
2012-05-30,-1.101986419824235,-0.5862868315769056,-1.8581087735899766,1.2355781742652534
2012-05-31,-1.2018902009721928,-0.6676329539438816,-1.99225365181337,1.2060314577466407
2012-06-01,-1.546855052813086,-0.7629834180231412,-1.9430982808536044,1.1365702107661073
2012-06-04,-1.3111223687462883,-0.7222784650804495,-1.7437872969379784,1.228397437061099
2012-06-05,-1.2722829800550866,-0.7299484129730563,-1.7658830214481702,1.2107220752352805
2012-06-06,-1.2396695015078323,-0.5115436908418339,-1.47581805939052,1.3508769539359526
2012-06-07,-1.2465457769107633,-0.5774804537020729,-1.1804423314029613,1.2157189580866785
2012-06-08,-1.200099046578197,-0.7090890638162736,-1.3740950678524213,1.3195769166273092
2012-06-11,-1.1895654398870574,-0.5810827062710817,-1.0779635405393835,1.1146194054521221
2012-06-12,-1.2506199524938444,-0.7714030520687776,-0.9165811580636937,1.198099645172663
2012-06-13,-1.2124329510999554,-0.7106926114860732,-0.5800470364999062,1.0578702938720668
2012-06-14,-1.1991768642179859,-0.9771371762596311,-0.6341597059224445,1.1551412971557244
2012-06-15,-1.1970590141415733,-0.9154224349233824,-0.3583927821876608,1.0215321341612598
2012-06-18,-1.0909324728905996,-0.9870674139761446,-0.4957073302820019,0.9139429595765333
2012-06-19,-1.0693211002563918,-0.8600454324070917,-0.2325234005633779,0.8738075394271452
2012-06-20,-0.9892681606972282,-0.870204973512512,-0.4485799617398569,0.787379154563736
2012-06-21,-0.9858050096705682,-1.1246904332123542,-0.2276696462259118,0.8484715323149301
2012-06-22,-0.9343527958575698,-1.195035630706951,-0.3650468883488055,1.029170612964116
2012-06-25,-0.9658145213949656,-1.304349193945748,-0.258725691568437,1.0551941735891972
2012-06-26,-0.9164095331504349,-1.134636639257237,-0.2481238091570967,1.0169405630748694
2012-06-27,-0.9097103695449872,-0.8631122311696208,-0.365901766204923,0.9336793855964578
2012-06-28,-0.8831421036989432,-0.8476514810717605,-0.2626103225344794,1.0035795066628483
2012-06-29,-0.8738454375777097,-0.6049479670764061,0.17409098894420139,0.6861512820731992
2012-06-30,,0.9746777440816267,0.34086772830079787,0.9916970251549515
2012-07-02,-0.7879716250252953,-0.5517287779521617,0.21458185595683962,0.6866605550447415
2012-07-03,-0.7474541698184227,-0.49135882261456276,0.23089272243504694,0.5529290099966958
2012-07-04,-0.6901429275275284,-0.4218773373393836,-0.01282315711699113,0.5409703797807476
2012-07-05,-0.6567406847416443,-0.3856024046265956,-0.40145545404661737,0.5126576515215892
2012-07-06,-0.567254991039389,-0.4648843081992483,-0.5937308936532669,0.5832676095605129
2012-07-09,-0.49333454264536464,-0.6817699718953957,-0.4885703024258321,0.6708344857999694
2012-07-10,-0.3771663993893917,-0.7173771460426621,-0.47615661791159347,0.6423015754017473
2012-07-11,-0.39446610837716356,-0.6996806134269036,-0.5072212319722338,0.6352927652893232
2012-07-12,-0.3094482716197641,-0.8654575477230149,-0.46214367699184117,0.8013214655117734
2012-07-13,-0.28402517854007847,-0.6771584927907552,-0.45706137344799974,0.7121718743319962
2012-07-16,-0.23777372088764373,-0.5816572235698565,-0.36696341927771664,0.6889618451627112
2012-07-17,-0.24871967837932038,-0.39682017832837896,-0.39157598951144035,0.5886838477336226
2012-07-18,-0.1995288479577837,-0.41799007513206043,-0.45983121278388067,0.6920625056148091
2012-07-19,-0.16324703486149517,-0.05465313693165639,-0.351723534508238,0.5508694473635414
2012-07-20,-0.15609565199788952,-0.07120179876602961,-0.4920986846973416,0.5720786255120472
2012-07-23,-0.10660872748831271,-0.206362604085637,-0.37786871178687514,0.8380636759785915
2012-07-24,-0.11080745276855292,-0.11393394091311618,-0.39045399473643433,0.8098516824811467
2012-07-25,-0.08522572913912103,0.3406327361938064,-0.3485809547234748,0.85069526819226
2012-07-26,-0.1581408831705149,0.7435383839997592,-0.1530757350845454,0.6989969138675363
2012-07-27,-0.15980843627237157,0.8424481530549421,-0.1701518767698793,0.3732453886302974
2012-07-30,0.03676808937780378,1.0482281550708914,0.00035232949607404536,0.17582075278578105
2012-07-31,0.06871605781896037,1.0888686876047151,0.08467888206139569,0.14103416236620006
2012-08-01,-0.08688582255915965,1.0232486628448045,-0.041687116033532624,0.07488265935409644
2012-08-02,-0.07163548032862736,0.8528227190436298,-0.2849392255252001,0.19977342684939442
2012-08-03,-0.014005939948976493,0.9406549952917074,-0.005362927570096179,0.10630221498095735
2012-08-06,0.13764072961548005,1.3363283010591256,0.17203624955391272,-0.09766279030857278
2012-08-07,0.21001043627869193,1.4937416771151335,0.33253836871062975,-0.08033539054161365
2012-08-08,0.32720772659856745,1.5425535369877248,0.2245493598253345,-0.12075753097686973
2012-08-09,0.04628407999480308,1.450357015376619,0.11304979578301619,-0.241328939441225
2012-08-10,-0.14193069126833407,1.365180657267718,0.021802299455227773,-0.20836139556889433
2012-08-13,-0.0465936041134479,1.446585534088676,-0.12999315200025893,-0.17617746737307063
2012-08-14,-0.012760406492415041,1.4770826481663484,0.06493814413903165,-0.2649297911187741
2012-08-15,0.07480047625789954,1.2342039927299069,-0.088535570561295,-0.24072504458382377
2012-08-16,0.1285462834654005,1.1352530770962923,-0.03493794061622985,-0.2542251329319926
2012-08-17,0.19971133794462248,0.8862447394187081,-0.29215824732154927,-0.18493562811530365
2012-08-20,0.2480531351608487,0.8780994003000571,-0.14363794588510606,-0.16539937984112169
2012-08-21,0.25794089773292805,0.9349940879501832,0.25321112685316954,-0.24153525052628558
2012-08-22,-0.19904736319659042,1.0794823568785215,0.3808817622153622,-0.11154022391478785
2012-08-23,-0.11994169176546171,1.0794633171544452,0.47395427228024684,-0.22368376932353923
2012-08-24,-0.0454119094092182,0.7678737246549728,0.23696948824993083,-0.10344170861835669
2012-08-27,0.014595709706788211,0.8346884184217905,0.0887339313480252,-0.09115845930142195
2012-08-28,0.016839658258932057,1.0044364928144467,0.13709853598378652,-0.16847698525736607
2012-08-29,0.09189867300208578,1.2044838406331635,0.24321838384206015,-0.17289015580908212
2012-08-30,-0.004807653496595462,1.1410443832615085,0.08100603880277091,-0.1259364659725118
2012-08-31,-0.007666343275882757,1.1833169635168947,0.06112648105522946,-0.06532600274617295
2012-09-03,-0.2299090421849469,1.0998001096141679,-0.13762620306294893,-0.16410734534258328
2012-09-04,-0.2686092876163038,0.9500826540022258,-0.11356596583848964,-0.13860282791251313
2012-09-05,-0.1532694069953808,1.0804377686422715,-0.2388458016297911,-0.07550646395556448
2012-09-06,-0.09444942620463789,1.223525537411067,-0.2899252138419291,-0.16994722038927265
2012-09-07,-0.12369996639012466,1.554682175744906,-0.1259669468444147,-0.34532633044006306
2012-09-10,-0.10786185790933372,1.7083481829607734,0.16699439498303323,-0.405956695905052
2012-09-11,-0.08941151477986117,1.7617911600449394,0.4069387868154216,-0.4296588686083254
2012-09-12,-0.10960463483735297,1.7467064851157421,0.43233206947759983,-0.48558836836882185
2012-09-13,-0.1322229348998329,1.6602391886158874,0.3174430157901173,-0.4086953669440104
2012-09-14,-0.16313955748434764,1.888697132129974,0.7515483849028533,-0.7876945056857425
2012-09-17,-0.28297817214657317,1.7355266895188086,0.7338552039550169,-0.7902589676115244
2012-09-18,-0.31743848453758133,1.720320116287932,0.5381283579236885,-0.7233724612261336
2012-09-19,-0.30720069176496084,1.847556697723418,0.5390580393775184,-0.7496565160575265
2012-09-20,-0.3695016013561312,1.7417850192472533,0.5026167414565309,-0.5989071055438977
2012-09-21,-0.39035617848096305,1.7774487286386362,0.5450572052155336,-0.6961605522008126
2012-09-24,-0.3892667619080166,1.5101136909745891,0.4230172853679359,-0.6861304946805256
2012-09-25,-0.35096058489288223,1.3045635831896436,0.49150956621012337,-0.6946625323886637
2012-09-26,-0.328623581271479,0.8753683275085306,0.31439998301307975,-0.5437097375739328
2012-09-27,-0.32549871837492883,0.8677080005966414,0.2680363522332839,-0.6104566063005628
2012-09-28,-0.3185425835590779,0.7792019818956077,0.4321546689495189,-0.6980495664979022
2012-09-30,,-0.0172113433133869,0.5413920370274352,-0.15447386546374212
2012-10-01,-0.3806427238179245,0.812063304919224,0.6649057818423637,-0.7194969518373963
2012-10-02,-0.30934856139988665,0.7961284641125306,0.5953919463847868,-0.7537858234977922
2012-10-03,-0.22827993718410536,0.7297117341362469,0.5485570992472485,-0.694586838022782
2012-10-04,-0.3377664524476353,0.8306153724541266,0.5941381041404844,-0.6870096878099464
2012-10-05,-0.4067186020184303,0.8827771979546682,0.6857572238343005,-0.7204858295423769
2012-10-08,-0.5076444837201104,0.909763036950564,0.617165352279284,-0.6004430671764492
2012-10-09,-0.6765642709226215,0.8408975103588218,0.5326837125508189,-0.7046928791428285
2012-10-10,-0.6597271132562409,0.5360936046034572,0.33579979863572723,-0.6548971226648738
2012-10-11,-0.5336912591249792,0.5809246975333777,0.39178218806290904,-0.7369347890891617
2012-10-12,-0.27506008281520244,0.5058197789300484,0.287256338225489,-0.7819529400779719
2012-10-15,-0.47070212518012655,0.4241128869830678,0.2248198148507093,-0.7123720462348054
2012-10-16,-0.4362367968442571,0.4861990505239487,0.6209414936784198,-0.8080673447151833
2012-10-17,-0.4610438932723339,0.7036831728483394,0.9907601343781455,-0.8770107779370752
2012-10-18,-0.25081529204022635,0.9750623118127851,1.005664322559486,-0.919576508800658
2012-10-19,-0.21582814339197898,0.7435352299043155,1.048979239474682,-0.9043195440506757
2012-10-22,-0.09280418766509926,0.8117371737575675,1.0678067550170742,-0.9030955656645288
2012-10-23,-0.08977461415601447,0.5001618268132938,1.106032532789165,-0.8544177666337054
2012-10-24,-0.05865233185170787,0.4072725583396817,1.2904333070522565,-0.8508470316678816
2012-10-25,-0.07675943273394141,0.4231623610747282,1.2101736229007065,-0.9042511011278161
2012-10-26,-0.13056365244628532,0.35689587648830184,0.9277491211351008,-0.7537821063864654
2012-10-29,-0.011707321137315319,0.4799324928509557,0.8660551435337431,-0.7690241170266452
2012-10-30,-0.01988042924592843,1.5244855368372532,0.9326275862466563,-0.898221737889852
2012-10-31,-0.09789915563909725,0.38639864196893337,0.8439147169934577,-0.762230221733088
2012-11-01,-0.015102106728240463,0.412429882510701,0.5255631466282266,-0.7634901241892671
2012-11-02,0.027956975324632163,0.5135507176768259,0.35014070591308366,-0.9218552780153837
2012-11-05,0.2553861973664649,0.4391106876287506,0.1543504808845283,-0.838472635314568
2012-11-06,0.33489068207509193,0.5860143143738447,0.22581714633625063,-0.8668267691134787
2012-11-07,0.3647654201097406,0.6960733380584709,0.19735830081690994,-0.9784799914862329
2012-11-08,0.4385284274085481,0.48533130052646783,-0.0005102987657732793,-0.8699079517609674
2012-11-09,0.5775454233030074,0.5361191078284776,-0.21659279515640326,-0.7421023524516913
2012-11-12,0.16565831026968633,0.4694754045045646,-0.5287474149484233,-0.7383834328647071
2012-11-13,0.4785068981121097,0.39704311625759336,-0.7246101042587771,-0.616582584164124
2012-11-14,0.4229888068410097,0.19017940230661323,-0.8322901736321543,-0.6499818794393719
2012-11-15,0.37844079940795367,0.045881147384755724,-1.183499115526367,-0.5363039349651876
2012-11-16,0.22928887870090708,-0.1977906121066661,-1.616409870473468,-0.4276090476323058
2012-11-19,0.2092062560330195,-0.1582111073440114,-1.4113007466482776,-0.33289583810983775
2012-11-20,0.235471472356831,-0.12953055761311888,-1.3477426148049285,-0.35569809098605526
2012-11-21,0.21332894036017316,-0.10775305948476505,-1.027566174664518,-0.38499145895810344
2012-11-22,0.2371870213732204,0.048809431635643136,-0.9341224239255803,-0.502862661755655
2012-11-23,0.25624060764562856,0.1972192947495349,-0.7955792845505849,-0.5632240800085229
2012-11-26,0.32960808787296203,0.26133492910524236,-0.646598436431714,-0.5725617263211868
2012-11-27,0.3075978801611896,0.4000860072383849,-0.5243091059489274,-0.6254226845854799
2012-11-28,0.462149169745509,-0.8319129229408412,-0.572935632880941,-0.4779942434355747
2012-11-29,-0.1335192704058928,0.5914402067825882,-0.3892504284623318,-0.6222486652328921
2012-11-30,-0.37843460395377965,0.7180186816410388,-0.30280103206358416,-0.6386571625699519
2012-12-03,-0.5135828743710074,0.8033504095002431,-0.14195741198340034,-0.6729291664352905
2012-12-04,-0.5743363180582336,0.6817462733111171,0.06546444489167903,-0.6682995472719953
2012-12-05,-0.5147664526775211,0.7933346441373118,-0.21441760265000417,-0.7561005325756492
2012-12-06,-0.4764786965641901,0.7662318622512823,-0.2185247076115761,-0.7727743110961285
2012-12-07,-0.5511022277330988,0.6823375841095685,-0.1632062637378013,-0.7810614958623495
2012-12-10,-0.839382564066516,0.6840723662624523,-0.0176973965905659,-0.8010935301187819
2012-12-11,-0.26986353587840783,0.6779753160927207,0.08989414147436031,-0.8189344812027272
2012-12-12,0.05944802714123178,0.6318692250750997,0.45306697408686714,-0.8811322017844646
2012-12-13,0.1723497504086436,0.6837007072698024,0.6433754217033033,-0.944779356622251
2012-12-14,0.22647171745790895,0.7411649235569188,0.8887220308017866,-0.9445255949559919
2012-12-17,0.26527057877275223,0.6767534065785069,1.0627419114309578,-0.8765328190868774
2012-12-18,0.2708010417422516,0.7951874063256015,1.0714248949901746,-0.8667153656581651
2012-12-19,0.38048934864795575,0.8070091158831743,1.247787345144405,-0.9912357459498703
2012-12-20,0.4656876354830652,0.6472656770743672,1.1799979394175932,-0.9178759408656663
2012-12-21,0.3797926714425736,0.4454211833596094,1.0237715122110451,-0.8635158093230823
2012-12-24,0.3963693853355652,0.5570755040530373,1.0060613764007045,-0.9112150909408987
2012-12-25,0.31563495778534795,1.7816457791410059,1.0194088805191595,-1.0073974108775612
2012-12-26,0.359574686159565,0.5331227192212277,1.1001551814694448,-0.922193103542011
2012-12-27,0.5467893962195852,0.4334926620036911,1.0576556038117957,-0.9335952191800041
2012-12-28,1.1515906718462088,0.5304150958690728,1.354751219454608,-1.0527813730949307
2012-12-31,1.2048831247048282,0.5245350498882559,0.8016061781876791,-0.9410691798337569
2013-01-01,1.3296357263411938,1.7715658768097595,0.8092236098820608,-1.0483633396835108
2013-01-02,1.1057669474660483,0.7476462108412777,0.6129764436315295,-1.0250611626783668
2013-01-03,1.3147751493704973,0.7836406441625988,0.648783467845316,-1.103476729138393
2013-01-04,1.287684592758794,0.6632005466229068,0.6414411158575626,-1.0284550415432847
2013-01-07,1.3169994086883712,0.5804119952068097,0.6956087719034153,-0.9907599146683675
2013-01-08,1.2816389552332879,0.43989325114739775,0.5391548019659813,-0.9280100544475537
2013-01-09,1.102566006516857,0.43640986693518163,0.31429259399831727,-0.9072888422714893
2013-01-10,1.6587092179223488,0.5184625124138904,0.5971129869848576,-0.9189376729400895
2013-01-11,1.610430245917953,0.36621177160392115,0.4828318245957484,-0.8472245843572163
2013-01-14,1.5848574327738798,0.36049755256970556,0.5652587775681809,-0.9381512192281344
2013-01-15,1.5803591588188788,0.14929365406627904,0.2511512676099853,-0.8272123515693719
2013-01-16,1.5718640915476367,0.19312896337567934,0.12494143576698556,-0.840713220620489
2013-01-17,1.4992623079547964,0.20753970567327618,0.34361903095371993,-0.9486891272077935
2013-01-18,1.412485236094401,0.27958911755713467,-0.021344866910374037,-1.0146094306898257
2013-01-21,1.4205820868780117,0.1428662282474486,0.01623522592354078,-0.9678597638343014
2013-01-22,1.3100209364375126,0.10191980341015164,0.013370836249342054,-0.9281993688322
2013-01-23,1.1013003438382507,-1.350120759978967,0.0013933148406694205,-0.8659642227926699
2013-01-24,0.9268693485136221,0.04899398753020432,0.12621163266486105,-0.8280369375818719
2013-01-25,1.0162026903433803,-0.010195616455207716,0.5166911554503949,-0.7538768806724182
2013-01-28,1.0517607921277716,-0.12785881142105282,0.6250449034723096,-0.6837279307406035
2013-01-29,0.9997561627078297,0.10427733440863708,0.50505122955324,-0.7235906492642802
2013-01-30,0.9310879338963093,-1.5194499522596294,0.6137128116485637,-0.7372107822199407
2013-01-31,0.49603393769021,0.0030169061622616574,0.036402606082603754,-0.691778900662207
2013-02-01,0.4670194826891179,-0.034609983513860056,-0.35640465226195944,-0.649916231309415
2013-02-04,0.43616923853994954,-0.06504244660392669,-0.6601397248068187,-0.6992641311894204
2013-02-05,0.4207242493811768,-0.17400929154889833,-0.7494946482654551,-0.5959944429237888
2013-02-06,-0.035000653274439714,-0.2809317508246785,-0.8819106058268084,-0.5085125660102159
2013-02-07,0.0429989411721827,-0.3083451505429928,-1.026452640106638,-0.4583789687013182
2013-02-08,0.02176951918367031,-0.23134594752072166,-1.1351140242601598,-0.4781070099715256
2013-02-11,-0.12546503632248968,-0.22556160544491918,-1.0514383494714328,-0.4517725056082528
2013-02-12,-0.27258006944702895,-0.18899342765971602,-0.8825510507957203,-0.4764893591666781
2013-02-13,-1.0088785431236702,0.06016101504904606,-0.7134947593950653,-0.5469284702334845
2013-02-14,-1.139089101525635,-0.08120243203317112,-1.0498486543273413,-0.5395176770737052
2013-02-15,-1.550858509619743,-0.1607655585998505,-1.2577928241271985,-0.5619182466329048
2013-02-18,-1.3973755935495107,-0.17491201190527544,-1.1887623063700712,-0.4523522990469891
2013-02-19,-1.4208004564262113,-0.17753472969385276,-1.0520055488850257,-0.4018364858164409
2013-02-20,-1.8491384725828734,-0.04647799559379293,-1.0264738925623382,-0.5739036762443893
2013-02-21,-1.8928270784981889,-0.2825354917447161,-1.2908316765293095,-1.0706647472127702
2013-02-22,-1.0558899804357293,-0.2708531244065227,-1.4509851197692842,-1.0148878388229086
2013-02-25,-1.0546427706092993,-0.3798492081603166,-1.2083755030992693,-1.1264469422937837
2013-02-26,-1.10192818772403,-0.704231056424379,-1.6508863133385216,-0.8840900792637616
2013-02-27,-1.0675723776291637,-0.4970044247559898,-1.6045329015535177,-0.868906612956197
2013-02-28,3.0,-0.42992649071585903,-1.448803932136265,-1.0224370749042833
2013-03-01,3.0,-0.3902421300707928,-1.3168565719530985,-0.9520937582762007
2013-03-04,3.0,-0.5813110889031224,-1.3469752147464402,-0.7252399548092686
2013-03-05,2.8752084183964826,-0.3446366805800074,-1.0341685700982042,-0.8241598426761964
2013-03-06,2.77832693865096,-0.19096914720519353,-1.0969616304417904,-1.0282239513163525
2013-03-07,2.63827133862628,-0.139100191283265,-0.7019326590231288,-1.1656349429666488
2013-03-08,2.8202772240199327,-0.03273748560588745,-0.9009272300098609,-1.2070923400531544
2013-03-11,2.3646201392192046,-0.06666885561660502,-1.0351737405695807,-1.1412545185603655
2013-03-12,2.4400324025453646,-0.2292883290109792,-1.038457183224876,-1.0774278967851987
2013-03-13,2.2971435982057087,-0.40731459683794236,-1.306692377910815,-0.9704324238379984
2013-03-14,2.252779440299034,-0.4895588117588836,-1.3032205895883058,-0.9089298133159815
2013-03-15,2.183512697327289,-0.5284652066834307,-1.1048171788641514,-0.8301537788248046
2013-03-18,2.054294313171276,-0.6950558760016946,-1.2171916627273272,-0.6342602277831841
2013-03-19,1.9996989723626855,-0.8370899913949609,-1.2581479354886662,-0.5135876826295492
2013-03-20,1.913708369665151,-0.845701137559484,-1.4337258938332582,-0.48097344065448794
2013-03-21,1.8582506683247797,-0.9289581538849178,-1.2300082614788284,-0.4502661129901114
2013-03-22,1.8268015615157975,-0.9188600728522895,-1.0115990863110444,1.6174751378083794
2013-03-25,1.6880825781192275,-0.7480057832589857,-1.08694300943451,1.4626392103282677
2013-03-26,1.4140069084966742,-0.590655037367231,-1.140335682849111,1.4217804642545222
2013-03-27,1.3920056692572096,-0.5416737825862559,-1.278768646934867,1.3710094722244264
2013-03-28,1.3472593217419306,-0.44560510180525054,-1.291417198171259,1.344287856493937
2013-03-29,0.7217900266260584,1.2577912592535299,-1.2954618029926124,1.1062283377495508
2013-03-31,,-1.0749158042207587,-1.2727790961533845,0.5551843680453631
2013-04-01,-0.3662694722173017,-0.6678220045123798,-1.1877223466544429,1.3205656155436922
2013-04-02,-0.33734484010840166,-0.7760186072542259,-1.3741978660969478,1.3292022828588819
2013-04-03,-0.3223114789551589,-0.7903013880483943,-1.2357599037220737,1.3024878627738858
2013-04-04,-0.3719226246119193,-0.9183342632979841,-1.3419988707682964,1.4033746233947857
2013-04-05,-0.4330757929611662,-1.0221444951264085,-1.2468318950120312,1.4520008479661657
2013-04-08,-0.4734358270861669,-0.9819564108797884,-1.2758760295730645,1.4529773134974773
2013-04-09,-0.4958361993342116,-0.7472405540280268,-0.9901224130143343,1.3322018000520508
2013-04-10,-0.5894041428513062,-0.466411823536873,-1.0160401384435556,1.2514189559221474
2013-04-11,-0.8806528603681183,-0.4571486016296957,-0.871255648081426,1.2187024125628767
2013-04-12,-0.7355219232202597,-0.627450630892402,-0.9054557562333965,1.3489193284096574
2013-04-15,-0.837398865889325,-0.8821084231031231,-0.19500974366402501,1.4146273301271308
2013-04-16,-0.8547494455824814,-0.8265283639881262,-0.2293957681063741,1.3883776691840968
2013-04-17,-0.7632733169461209,-1.0483054072413434,-0.41873209449421983,1.367364510045299
2013-04-18,-0.7706549459117212,-1.0886973381445466,-0.26790321714605314,1.4020795624987616
2013-04-19,-0.7442816778887307,-0.877654877333467,-0.5375020866000134,1.2036630271625413
2013-04-22,-0.7335970220608874,-0.857617159156749,-0.6577240706815282,1.2243520968205321
2013-04-23,-0.840770239512752,-0.7283738907516006,-0.7994617230363829,1.2747304295898056
2013-04-24,-0.8237892899149041,-0.4515870785097795,-0.5544515302447006,1.1682998791133161
2013-04-25,-0.768310950828894,-0.167533938844367,-0.35066536152144656,1.0330116552392539
2013-04-26,-0.7941219345135485,-1.8527346783862295,-0.35785179101738923,1.1180298872874896
2013-04-29,-0.7512934007289442,-0.10784044222273735,-0.08677285168146796,1.0865016297002323
2013-04-30,-0.8739978471186964,0.13444737907818335,0.16500306439757295,0.9225699878338683
2013-05-01,-0.8891592867804404,0.20245893060444572,0.3229149384505922,0.8655666914693876
2013-05-02,-0.9053669500955919,0.25641660489585566,0.057995772706985804,0.8770174068176669
2013-05-03,-0.9281863570635983,0.5192046294910537,0.2313269724568844,0.8133338029095304
2013-05-06,-0.9181835642299245,0.5691292171126783,0.09468127667788583,0.7729094913587546
2013-05-07,-0.9472946908059682,0.7646356124416948,0.07063567249318205,0.7054918123789202
2013-05-08,-0.9575854069467605,0.7926814107039615,0.08531413278450482,0.6455206782282408
2013-05-09,-0.9590802257177591,0.7579233299784738,-0.2578135401708887,0.6089745401275455
2013-05-10,-1.000034778396469,0.7191911968640863,-0.31232892981143084,0.6736072960167974
2013-05-13,-0.9096845109397793,0.3992590555671626,-0.4410467822928748,0.7771326946876732
2013-05-14,-0.7902868537344724,0.4593451458144286,-0.3782732251861305,0.7381993286278588
2013-05-15,-0.7423728615631405,0.38079000244542327,-0.5365747618516218,0.735043823417848
2013-05-16,-0.7564389997114747,0.2582237146462931,-0.3890566964698587,0.712862177111648
2013-05-17,-0.7446225458975784,0.3619842918325082,-0.5781263064765224,0.7254241620635234
2013-05-20,-0.7209143973875638,0.41879688467448084,-0.31279791625110065,0.6828646424728357
2013-05-21,-0.6836080002216653,0.5804473733220276,-0.4661253138550751,0.702061613434043
2013-05-22,-0.745888039031052,0.677397772200272,-0.5153623401035403,0.5717644057961759
2013-05-23,-0.7711113951273122,0.10777947028712775,-0.5174564228306165,0.8458794742580422
2013-05-24,-0.7011067653552749,0.0317445028548468,-0.634779628917622,0.807601863033907
2013-05-27,-0.6348471915262357,-0.03988481127273557,-0.5019512059184296,0.809497937748882
2013-05-28,-0.89323586485186,0.0530875321499193,-0.5893892758696232,0.7352297300542582
2013-05-29,-0.8532157674472343,-0.2473516661781088,-0.7899331180286635,0.8488081030470732
2013-05-30,-0.6852478161252883,-0.27242634425790035,-0.6423306243047099,0.9193634942718487
2013-05-31,-0.6493517125893238,-0.5594339617879006,-0.8925031927997895,0.9658254726894734
2013-06-03,-0.5393542603556928,-0.8029829894112511,-1.1496031750195586,1.131932849203443
2013-06-04,-0.6803853981579275,-0.7010771129538124,-1.1803047114066547,0.899837145964798
2013-06-05,-0.7004090466443907,-1.0682471864401366,-1.4025735254112492,1.1100582455086079
2013-06-06,-0.6589586778472967,-1.2459919050451926,-1.381419416720399,1.2653659484261088
2013-06-07,-0.5998127215717115,-1.2909616683843406,-1.5711094783359623,1.2763148129366249
2013-06-10,-0.6943660045300106,-1.3294948038057006,-1.8007990028388958,1.407947190293903
2013-06-11,-0.6832198106194943,-1.5268257144560293,-1.828826346926615,1.6503120161512157
2013-06-12,-0.6565841613550336,-1.3132253967335574,-1.3674440170689444,1.5131725971665937
2013-06-13,-0.7001115005638382,-1.3478359067661048,-1.4721444965626822,1.7292125023074527
2013-06-14,-0.6672816637518262,-1.0194963416979776,-0.8575062167307627,1.4833608980560153
2013-06-17,-0.643285106166208,-0.8819479753069195,-0.8612716799763739,1.45180366735751
2013-06-18,-0.6357670056373723,-1.2206184819102175,-1.0316125664701075,1.539939563685754
2013-06-19,-0.5922478452472868,-1.2108341092729147,-0.9588380734204937,1.4460287991601304
2013-06-20,-0.5507593483684406,-2.011473312649379,-1.720194169703217,1.7722208116835116
2013-06-21,-0.5014039429472003,-2.1507396178259146,-1.9646080160052624,1.861737648885504
2013-06-24,-0.3504617417848288,-2.4160136812461044,-2.567346750723287,1.971602998921174
2013-06-25,-0.34222240152334094,-2.1461825227118125,-2.383730899178076,1.882630622905895
2013-06-26,-0.3107667346575927,-1.7767356183810092,-2.4926016068206285,1.6423193965613332
2013-06-27,-0.2904910647431176,-1.3640056468864965,-1.830725221955365,1.4531225636439011
2013-06-28,-0.32285044908738375,-1.0608949072556344,-1.7386809437834019,1.0872897792432756
2013-06-30,,-2.1366360582017023,-1.5352263695801456,0.24922294187852065
2013-07-01,-0.24550337529898386,-0.7818230038716689,-1.270127935127108,1.121756581694087
2013-07-02,-0.21528389167807452,-0.9882377218298437,-1.3486292665398252,1.1921127059722292
2013-07-03,-0.17955478695508603,-1.113862825941174,-1.0435249558325022,1.4258780364545145
2013-07-04,-0.1556319191028089,-1.0135775119208723,-0.7608964182019378,1.252258491124705
2013-07-05,-0.1891717132058595,-1.1119767983110223,-1.2413750083914747,1.2565225594625513
2013-07-08,-0.11649973014583748,-1.3880099410625253,-1.273299670494238,1.6246700264476939
2013-07-09,-0.059560450898084406,-1.1480141325042983,-0.8060570401069107,1.5092468856839931
2013-07-10,-0.1722836421719978,-1.0119209477544773,-0.7842564113031611,1.4306217487630655
2013-07-11,-0.10748333060740288,-0.6137882556652268,-0.5033222169951875,1.1717477677276138
2013-07-12,-0.3021815869181879,-0.638062844171806,-0.7046654569048721,1.13546814849723
2013-07-15,-0.23932368402871113,-0.5828544700438604,-0.7881999234888237,1.024436336247785
2013-07-16,-0.19022061236105978,-0.6386549232481565,-0.12947272320468636,0.9763109362018417
2013-07-17,-0.08465565012495109,-0.7178985736784308,-0.4516369525472376,0.9185545388548326
2013-07-18,-0.058020011729601494,-0.530126997351404,0.6835201227397992,0.8877160986081747
2013-07-19,-0.0305100870777414,-0.7636517794510213,0.78077011167085,1.0019376377389357
2013-07-22,-0.0014326151549139095,-0.48302766400752245,1.834554236520822,0.929040572470099
2013-07-23,-0.025459252387263143,-0.5127679351578127,1.710567283157988,0.6593949724790418
2013-07-24,-0.05580393035703891,-0.6869489530575875,1.3602295733452872,0.6405856265601311
2013-07-25,-0.019154397510058773,-0.8410775115856174,1.06704388343645,0.7416688738373134
2013-07-26,-0.014074383192605774,-0.9171558300202639,0.9726692062940917,0.7452695280278369
2013-07-29,0.07630426575699709,-1.0252875247761652,1.0788695049753578,0.7905969583147667
2013-07-30,-0.0007429690172712941,-1.046178145247784,0.9446886628395191,0.7565491411662236
2013-07-31,0.022822924343480138,-1.2100386977442972,0.9121464197570764,0.8405162945681598
2013-08-01,0.17066620959283804,-1.1017693023923552,0.867474011248468,0.7049783207316302
2013-08-02,-0.17227218611482953,-1.1147237792969529,0.6628163162191277,0.7557079576925751
2013-08-05,-0.09935842893238847,-1.1829191106051806,0.5538315207399483,0.656409934458022
2013-08-06,-0.09108504267488905,-1.317160404961038,0.998406444815779,0.8191212030722124
2013-08-07,-0.07789705635745596,-1.3823740368139825,0.9669360276487862,0.9045740815046852
2013-08-08,0.04605454196398609,-1.1935073152046463,1.0082700049971647,0.7926069844784058
2013-08-09,-0.058322020263784864,-0.9622714779833174,1.200499223252424,0.6875509142740223
2013-08-12,-0.014820418856247096,-0.9187901252667906,0.9059879570770952,0.5535211970920819
2013-08-13,-0.052299759373456496,-0.6791539789387194,0.8536648098050142,0.3790156753106394
2013-08-14,-0.053486626252831376,-0.6721430315634429,0.6839658662247892,0.3427137044152697
2013-08-15,0.022688538444691174,-0.8010317881457593,1.012954310185329,0.3439081687591659
2013-08-16,0.04924527977053407,-0.8888468264902291,0.6573001757916795,0.30787375174483445
2013-08-19,0.03173873281631393,-1.1401112045977149,0.5474747563770699,0.494713741312978
2013-08-20,-0.11799699465165428,-1.3157053220487018,0.15059946566689256,0.7566302481871757
2013-08-21,-0.13048170238619453,-1.4208594077352747,0.02518492925137549,0.7717827337912324
2013-08-22,0.11197936690694849,-1.381421586027266,-0.0823203633471796,0.8207755320990746
2013-08-23,-0.4323626408137514,-1.0876070921723648,-0.02299226966926766,0.6631411792035823
2013-08-26,-0.3752464052836942,-1.1062986716212466,0.19752576650755224,0.6639518264762677
2013-08-27,-0.30207216869508946,-1.5119609252008792,0.30171563934339035,0.887993022450972
2013-08-28,-0.257112283974901,-1.5091360496694275,0.23713159155028837,0.9331441751376103
2013-08-29,-0.20975960502406266,-1.2982957815099299,0.0076457402820224625,0.7731162557190083
2013-08-30,-0.03219216334205729,0.5299788727880322,-0.2362848954140533,0.0898058761802019
2013-08-31,,,0.07551556039095213,0.07120097001958588
2013-09-02,0.13152626324095973,-1.0049715802433958,0.0255888174004561,0.46609989026018817
2013-09-03,0.08192613486755837,-1.2492927029869494,-0.13172950505041583,0.44496432682961
2013-09-04,0.11030316989968468,-1.1549309627186992,-0.07430941665892436,0.45168595861106653
2013-09-05,0.11153051733108103,-0.9016814439319937,-0.08249347191064237,0.24440702863863314
2013-09-06,0.17273865399108407,-0.6757979815269197,0.05039371223551055,0.21764640038109145
2013-09-09,0.2088327521498488,-0.3598796898556446,0.16454780320729867,0.024414289268557453
2013-09-10,0.4023442997190722,-0.12597123618073777,0.12077191362859364,-0.14541281376473206
2013-09-11,0.5619301021118188,-0.18485541105236555,-0.1175461299149237,-0.088714809772701
2013-09-12,0.9378372154958428,-0.1455294384907932,0.22945252907331012,-0.11575321485242038
2013-09-13,0.9133614922350445,-0.1234897012912872,0.3050327809394596,-0.05408586977587111
2013-09-16,0.9368998438201707,0.07249404963913225,0.554570337751189,-0.22107305171760533
2013-09-17,0.8211319419516748,0.2718763670819251,0.7907353830011359,-0.19108895871508927
2013-09-18,0.7882268333121855,0.2846880611346671,1.1833843979600585,-0.036639879092798935
2013-09-19,0.8043236677717976,0.7497284162822027,1.7063794698667212,-0.4130493225092053
2013-09-20,0.8298604480732967,0.5309728611304284,1.6140718796069233,-0.3043263927223216
2013-09-23,0.9110559707083475,0.47895758509484015,1.6659650587746746,-0.3194661175664533
2013-09-24,0.9557349449137259,0.21811151687017244,1.4546575031905478,-0.21396879147512277
2013-09-25,0.9758317922745153,0.08155024969238514,1.702740099827012,-0.18906115743431226
2013-09-26,0.9169932731908642,-0.011299035971832098,1.6091931852053218,-0.15397084934155475
2013-09-27,0.9112581675428864,0.05355169677364645,1.8565015733877073,-0.09373879949782142
2013-09-30,0.9656239356396951,-1.801008134895208,1.84939790572227,0.046845441978683136
2013-10-01,0.7798532028002725,0.12834873740489794,1.8563959464212543,-0.04562945043605462
2013-10-02,0.7080497835785132,0.16077789679055066,1.9743449858691855,-0.0662743871040379
2013-10-03,0.6765662640332314,0.2968850266847043,2.086883743749016,-0.24403290220333088
2013-10-04,0.7503244583382541,0.2967654407849859,1.8283594782395822,-0.26188390426882996
2013-10-07,0.82150386805344,0.2651196646730537,2.2467863953980287,-0.27960662674829667
2013-10-08,0.7449411785439334,0.30388007525655364,2.2915395570758723,-0.4322530132854053
2013-10-09,0.7647123812340686,0.262409838056354,1.942043449189906,-0.3656937750441509
2013-10-10,0.6937813698908073,0.5139580081559172,1.661468808870332,-0.41476007230408957
2013-10-11,0.5401009030830578,0.6298641010634926,1.469073593142152,-0.5215937717172071
2013-10-14,0.3627214611595708,0.5264476236279703,1.5254114585953056,-0.4874667809811743
2013-10-15,0.41342359185892397,0.7509047419698934,1.6604117817582154,-0.6354306499189297
2013-10-16,0.4553664727067855,0.8518276453440985,1.2519827997240172,-0.5737131439624181
2013-10-17,0.40529934832100406,0.8889598292206202,1.546682114277926,-0.5150878575465111
2013-10-18,0.31939633651166405,0.9251097178656192,1.1821604593977701,-0.6705799622695751
2013-10-21,0.2657750466863954,0.8808865092725736,1.2353922914865076,-0.7132497487210677
2013-10-22,0.21394538043436723,0.9211342595213983,1.4036927817647202,-0.6449627585874318
2013-10-23,0.23450549592288397,0.6938941509844336,1.5456098108530272,-0.49796330854193666
2013-10-24,0.3221840176369211,0.647150782148887,1.5901576309497314,-0.4162320758676326
2013-10-25,0.3199223846729568,0.5323770583780493,1.4566194018684213,-0.328203403735536
2013-10-28,0.34540866075398086,0.8199589156976398,1.571090572120988,-0.49815744049857236
2013-10-29,0.36523429950983416,0.8384821389302097,1.5633377696313588,-0.5295704776420872
2013-10-30,0.13266347478001342,0.9479220083374896,1.4161979624260923,-0.6479513115318984
2013-10-31,0.04688982911646028,0.7743020944502416,1.2684331447149269,-0.5991934948671007
2013-11-01,0.16530270056691368,0.7473935170411209,1.0260954504130073,-0.5076092161230922
2013-11-04,0.022019964874050252,0.7681075698595089,0.7807778545352537,-0.4990990287021655
2013-11-05,0.0018686091095806122,0.5374747106935467,0.729589197800315,-0.34275908954344936
2013-11-06,0.029082045169371535,0.4140654232396415,0.5431101490855842,-0.2780075971524576
2013-11-07,-0.03822792038447237,0.2514961863067052,0.49034342966819416,-0.2683972061213765
2013-11-08,0.19822455787497043,0.019812032125368428,0.11677599462343471,-0.04310304385325288
2013-11-11,0.06926618392155567,-0.024657753302936767,0.15028539304554273,-0.44431857702725325
2013-11-12,-0.15602614150406469,-0.15403989929685613,-0.14691636297117608,-0.03880673636392673
2013-11-13,-0.19736159896630392,-0.27484323312369147,-0.2821604346666515,0.2522910568298831
2013-11-14,-0.05081084292037553,0.09658899204510399,-0.36389217991614126,0.05353930106126496
2013-11-15,-0.09727493015511314,0.5298534609415472,-0.1519436677862911,-0.20734087607845825
2013-11-18,-0.0659569585588984,0.7750592821403022,-0.16906230333890862,-0.5438725501918877
2013-11-19,-0.12955586917468134,0.7611459945863034,-0.05524803060631242,-0.4927460375053423
2013-11-20,-0.12000656006760521,0.5886177832078531,-0.133714617216185,-0.4586213041249913
2013-11-21,-0.03962129277378326,0.22820671275871846,-0.3739338883273402,-0.05693934269307605
2013-11-22,-0.03271429917845872,0.35425603260308053,-0.2826366507493702,-0.18870384923883152
2013-11-25,-0.037375934393134407,0.39256570221784826,-0.19229195075858807,-0.25300141830767786
2013-11-26,-0.03144012963526267,0.2108430757149977,-0.14099951549662654,-0.08355581282304282
2013-11-27,-0.3386641440459081,0.2025730495781519,-0.09063116030269756,-0.37683148676609807
2013-11-28,-0.3738797471515719,0.19049604562428712,-0.03581101015613318,-0.40399590203125907
2013-11-29,-0.30763515983158934,0.2398028240902291,-0.01946131603955248,-0.5248709360211624
2013-11-30,,-0.764942006107136,-0.053119511723050065,-0.5693423604542462
2013-12-02,-0.362794471520862,0.0991668978127912,0.16690249344595454,-0.5113238627324843
2013-12-03,-0.16848985939545283,-0.19706782925459354,0.2639531332062415,-0.315696391780818
2013-12-04,-0.18415188469466565,-0.35487463395062047,0.4498274040347777,-0.1863847404095544
2013-12-05,-0.23177161239579178,-0.424899591749015,0.7510483479502551,-0.36349097799838365
2013-12-06,-0.2024631473519372,-0.5151804894850655,0.5568734692284716,-0.37656226419701316
2013-12-09,-0.2641622269438026,-0.3393835907067589,0.6242199060937633,-0.5637406617191917
2013-12-10,-0.21082313559711555,-0.1798096111145769,1.0624827789410596,-0.5087093859883439
2013-12-11,-0.14373838702897837,-0.30919142173755854,1.4437096338773212,-0.38538840533432733
2013-12-12,-0.20263144469802152,-0.6536607134054665,1.3555345712378055,-0.11869984113306063
2013-12-13,-0.17676262485538066,-0.6669128316404425,1.2571296674745003,-0.10573284482247367
2013-12-16,-0.18730567154054015,-0.6226377472897835,1.2595099857520382,-0.08073191052178492
2013-12-17,-0.22602018484759037,-0.7438989464497852,1.0958030858199719,-0.10306224458589978
2013-12-18,0.031203337001301155,-0.600635905631408,0.8460304405121923,-0.10118864808017987
2013-12-19,0.06638584615975934,-0.613014533246099,0.8937646807798267,-0.11342728916858114
2013-12-20,0.13845978689632416,-0.8682988935801363,0.8646051527912739,-0.01055097878071469
2013-12-23,0.1953734596511585,-0.6801357945524186,0.8883552698594592,-0.16805817748466062
2013-12-24,0.22123847026984056,-0.49070323334391763,0.9940213636009148,-0.2645999841269951
2013-12-25,-0.3019972344923441,1.1688794564358187,0.9055130234782182,-0.5668629000877563
2013-12-26,0.5080503546692188,-0.4719697782789493,0.9095926041177785,-0.15817564879585813
2013-12-27,0.5681786653504327,-0.3917348218000323,0.9551697347503106,-0.3153900910744964
2013-12-30,0.7475366288619815,-0.2645188612364401,1.2364747366848907,-0.40459374228545575
2013-12-31,0.7830011060548202,-0.3287204196700085,1.1217289422599659,-0.4424344450348268
2014-01-01,0.2965800122799696,1.288566440035739,1.190122485584258,-0.8010594397191078
2014-01-02,0.9101655188592839,-0.8606573681949393,0.9277406668697005,-0.12883761109028571
2014-01-03,1.1096555294611548,-1.0684330297151619,0.7628964254176508,0.09006753432205152
2014-01-06,1.2078069998754772,-1.1705485836871992,0.7510431065022867,0.1972941151395385
2014-01-07,1.20113491282046,-1.2368993327548394,0.5595320814686306,0.23312518005662178
2014-01-08,1.268296931797016,-1.2173496906281986,0.5116130172826275,0.1723885421174487
2014-01-09,1.357233183661368,-1.4554531047459103,0.37145410333106427,0.39777724961787925
2014-01-10,1.033818787432131,-1.3582601195601987,0.12029666662635558,0.3216382197492171
2014-01-13,1.0824829856452232,-1.132656034355276,0.32442720677771353,0.09916689608242066
2014-01-14,1.168829246871927,-1.1321223321818803,0.24819031386919768,0.14031141771843966
2014-01-15,1.1630702505283084,-0.9914436354650448,0.28595460380569454,0.04918627561838738
2014-01-16,1.1218688624617537,-1.1469226786424813,0.2905480117352364,0.156813164687826
2014-01-17,1.2731639783524378,-1.227622362928078,0.03317158191226647,0.17878027510162695
2014-01-20,1.3124092515875556,-1.194637303506851,-0.0038120690239874214,0.20134488873880285
2014-01-21,1.109429261848514,-1.2204519867885597,0.02997002107689506,0.23272139799981564
2014-01-22,1.160705909435627,-1.0267183453736715,-0.07937246932277202,0.06652201019416601
2014-01-23,1.3359855140467463,-3.0,0.04362351019435087,0.3780416678980831
2014-01-24,1.3875805641190115,-1.6084541105950743,0.2590138598480945,0.4378382737414092
2014-01-27,1.3677494664047136,-1.8033626298438403,0.05673364753471098,0.7259317164550841
2014-01-28,1.384753007222961,-1.6397716313641328,-0.13717709295338157,0.6923769649557678
2014-01-29,1.523784196987366,-1.575778181814669,-0.09892139396291433,0.6719242364936322
2014-01-30,1.5194058825096075,-3.0,-0.4381644507148249,0.7504866823365736
2014-01-31,1.5313942062455306,-1.5893672042892752,-0.6607732830332759,0.8042615335915555
2014-02-03,1.4600951714068517,-1.7979724783382627,-0.3117777253115356,0.9608079345666253
2014-02-04,1.3073964501682267,-1.8273939237111718,-0.5520133112103451,1.135631217222174
2014-02-05,1.3236289405162283,-1.6881048440247508,-0.19285501344225323,1.0638964792689074
2014-02-06,1.3146136267220996,-1.281563128251732,-0.34199923456856557,0.7470950553579438
2014-02-07,1.2533650375909928,-1.1828096220824964,-0.42699939217030525,0.6954460134682003
2014-02-10,1.339329246173356,-0.948512257076599,-0.03770540278382268,0.6965843026222708
2014-02-11,1.3856381740438668,-0.7881451349313848,-0.015375710987387851,0.4927563328794008
2014-02-12,1.4112474881757286,-0.7333695907815262,-0.10344072409948794,0.21572616592111388
2014-02-13,1.3018686201140204,-0.9355197797914966,-0.2508323838269123,0.5001151851982578
2014-02-14,1.3000493002059992,-0.7437071827717272,-0.07518808954551813,0.21325524616514277
2014-02-17,1.2303004296601463,-0.6821326266525355,-0.07349053362161789,0.054959618261985116
2014-02-18,1.2999935199716977,-0.6913537054335421,0.11474350009031337,0.1663595722125545
2014-02-19,1.1881037171212725,-0.6305653920249361,0.28385883547685475,0.029950937620425545
2014-02-20,0.8732713417018486,-0.8502475571185133,0.07217947750307976,-0.3182961102953604
2014-02-21,0.3114604057068218,-0.70502690030122,0.4221647392410702,-0.538115714631915
2014-02-24,0.3849358245040209,-0.6454099739495172,0.9293945327070301,-0.561042149305197
2014-02-25,0.2047258920700221,-0.8274751401926037,0.9141174370520443,-0.4896729695195742
2014-02-26,0.10788401114897057,-0.8445481876815846,0.7810404664811825,-0.977083196836221
2014-02-27,3.0,-0.6038309586976075,1.0140216237313024,-1.0869463076927226
2014-02-28,3.0,-0.3622952250463967,1.576081550501667,-1.1804732514242895
2014-03-03,3.0,-0.7215099303757984,1.3615989963370687,-0.7689878490825686
2014-03-04,3.0,-0.5168333794996696,1.5378290921043334,-0.8924412576030513
2014-03-05,3.0,-0.4041502488730381,1.5138355452063208,-0.9866144848840205
2014-03-06,3.0,-0.2517006972439438,1.6183327961923424,-1.1875740058496067
2014-03-07,3.0,-0.3289801160974955,1.30709679751722,-1.1457088701153153
2014-03-10,2.474127102203056,-0.4964386759958485,1.0330024091027261,-0.8412964158599772
2014-03-11,2.457530661873333,-0.4104377022526347,0.9559877274413529,-0.8960484869436474
2014-03-12,2.400108538519822,-0.7374526821593734,0.41477510851889715,-0.46648863832768955
2014-03-13,2.1514448810270967,-0.8453829302372738,0.31710853888404306,-0.5101471414439888
2014-03-14,1.9158349173360967,-1.0048198220387936,0.5423189550329568,-0.24816193834350697
2014-03-17,1.8387135128058592,-0.8084842470151914,0.29869172435921576,-0.479857009835048
2014-03-18,1.8677636016494772,-0.5479120700964593,0.3372954343726812,-0.7398625783871675
2014-03-19,1.8232918349963434,-0.48242984005918405,0.5751852383356978,-0.8823873851672193
2014-03-20,1.8345473058452877,-0.714990100100991,0.21651216259701417,-0.41760862088035383
2014-03-21,1.7976727207915693,-0.6911351440582952,0.15416210697143087,-0.5481751501404518
2014-03-24,1.7426623937649106,-0.4026936553033131,0.251043047133442,-0.8632276467638984
2014-03-25,1.6447757754533103,-0.25005604845968954,-0.04449096651543711,1.555498222520892
2014-03-26,1.61352753172763,-0.07076923972349122,0.22538334894503717,1.3235587921861853
2014-03-27,1.5792668857962209,0.02486131642014327,0.4511105309888024,1.1202646455166858
2014-03-28,0.14828027343796343,0.1706865841554278,0.6531408178768955,0.8297765497894926
2014-03-31,0.0947905285739867,0.24374844877363464,0.42921471506834463,0.7000768983784985
2014-04-01,0.16816872377017492,0.6261642130511927,1.3406676164777305,0.48701758256862554
2014-04-02,0.1350435200653387,0.8549782671153511,1.0424703877692476,0.3327516114821653
2014-04-03,0.17828316076816317,0.6831771594930052,0.722540058865256,0.3723607588644683
2014-04-04,0.1913430698986813,0.7959013540890816,0.6081038815228148,0.2664876215143586
2014-04-07,0.20653467543399923,0.8159196728096675,0.8077432074123629,0.17521376344557058
2014-04-08,0.23623296755271855,0.8952910765882883,1.299610128120478,0.019772373762880328
2014-04-09,0.2703485091914245,0.8714217364474103,1.2149150951817764,0.07118021397468904
2014-04-10,0.030984912768103726,0.9422259426376652,1.906502566145616,-0.13778593389006674
2014-04-11,-0.3076788582820957,0.7772916721680546,2.1694469188159125,-0.047734740743223744
2014-04-14,-0.32434753302990216,0.5824458805044278,2.027330155160419,0.11017681997448796
2014-04-15,-0.3342721270562359,0.33778476435713944,1.543420497115124,0.3616308210577084
2014-04-16,-0.360922784814217,0.371589709202417,1.1055884821356134,0.4280033795014998
2014-04-17,-0.37583925225728737,0.35088150147075875,0.707171570037577,0.16324733176098755
2014-04-18,0.3244082720495001,2.095040466989577,0.8233767722604259,-0.21251389721512276
2014-04-21,-0.40472617408047434,0.3807836212786385,0.9271500229642808,0.159550099656531
2014-04-22,-0.4481335204361161,0.44417768838093985,1.0600775326219758,0.16225374336216594
2014-04-23,-0.5002958374695262,0.38012265053896105,0.9130680389779768,0.2135851494663845
2014-04-24,-0.49382979105669433,0.4771999131335132,0.7665129037097889,0.18508213124202144
2014-04-25,-0.4654822150699025,0.037975792978391654,0.3680030925726667,0.4597158019068468
2014-04-28,-0.506407254318561,0.03719819982654538,0.12102190023001372,0.465628577923762
2014-04-29,-0.5243950561896049,0.3973358437598419,0.10914228853149906,0.3161151443437449
2014-04-30,-0.578296274926431,0.27776683411335207,-0.303320775125459,0.6201785935204328
2014-05-01,-0.522640051426822,0.31284723850003426,-0.5299501127774318,0.6156796724206566
2014-05-02,-0.5745847270407324,0.5971353217716808,-0.391113347323776,0.37033376856385986
2014-05-05,-0.6632668653900642,0.5867677529243637,-0.18042603992110093,0.40197517116692927
2014-05-06,-0.6665589256821762,0.6361237462258273,0.32528066748382717,0.2917072802794989
2014-05-07,-0.6351310738421965,0.6736515443383488,0.29873231424343916,0.2391796461339428
2014-05-08,-0.5738696650259874,0.8597218897044706,0.4950580938826626,0.08923978575268281
2014-05-09,-0.5551762627430225,0.7954975198165708,0.2733302539719193,0.07569005774332771
2014-05-12,-0.4763239504438337,1.1350236220976713,0.35337632743029934,-0.12245147518728214
2014-05-13,-0.5905121439803841,1.3275292680120672,0.44300976965429123,-0.252056534005098
2014-05-14,-0.5853102269794037,1.2985521440841095,0.4375020252374243,-0.4346835689269626
2014-05-15,-0.5052257631330415,1.1365360493717214,0.6731682471041409,-0.5121490525926913
2014-05-16,-0.5128800951396015,1.2891160183163404,0.2065353666476847,-0.5094577082679694
2014-05-19,-0.48358391829218994,-0.5030052174660469,0.27711923066963434,-0.616148286427228
2014-05-20,-0.4295714396279109,1.3376541418969794,0.2875769655553391,-0.5831111880381251
2014-05-21,-0.3384146277225122,1.374000867228529,0.04554165023910099,-0.6125869474495836
2014-05-22,-0.1951835293480201,1.4903796056369756,0.17160310572484114,-0.7981155473854809
2014-05-23,-0.19666453683651006,1.6869291886107767,0.13539027032846293,-0.8020926822601928
2014-05-26,0.3280563760858468,1.6927932759520745,0.47513217543064507,-0.7627862956033992
2014-05-27,-0.5054564516761522,1.4272186291119593,0.6648454346077308,-0.5942446043110482
2014-05-28,-0.4539513538942361,1.6024169666994492,0.4706295861090081,-0.685385335980261
2014-05-29,-0.43011041046801446,1.9808507676434217,1.0282855441047023,-0.7341292702796738
2014-05-30,-0.4608708647950114,1.6401496482332687,1.1561471772188932,-0.5525906416196089
2014-05-31,,0.9854661895111133,0.9506084394645132,-2.516823763758208
2014-06-02,-0.546327370294697,1.765667162118535,1.0132061021933105,-0.6682534364725927
2014-06-03,-0.5598755602156673,1.666751273672006,1.0499255260240203,-0.9033021550818399
2014-06-04,-0.5047700988776175,1.5126185726750405,0.8190110232708441,-1.0877184543014677
2014-06-05,-0.4148714706458741,1.6554003885584299,0.6671995903649233,-1.135367422349208
2014-06-06,-0.2696034406849171,1.9708145414859994,0.783846796608955,-1.379100006536271
2014-06-09,-0.22542209329424234,2.454864792327605,0.8555386892768944,-1.4744170182265608
2014-06-10,-0.16472225934049708,2.614001180665187,0.6316498020509945,-1.7671727616808592
2014-06-11,-0.07625657147585087,2.722123042483548,0.7919674079560526,-1.7306420418380049
2014-06-12,-0.000866986513423417,2.547012423685375,0.8125852246646521,-1.6395356451032908
2014-06-13,0.007639880962600442,2.091266282797635,0.7452351730260917,-1.4198725053440093
2014-06-16,-0.011248520485880209,1.8032788818268068,0.6275026375545049,-1.3804730058701555
2014-06-17,-0.13012888878388845,1.612112941104454,0.5376928719816403,-1.2954109702755787
2014-06-18,-0.13243257208227172,1.526291217887855,0.17491819894751512,-1.2241641922633457
2014-06-19,-0.10106382350024704,1.6919799760717043,0.4313538950943132,-1.4295789965901293
2014-06-20,-0.08599208043916053,1.670750271173225,0.3346312930748743,-1.1589343683130555
2014-06-23,0.103250292974553,1.5169587688461816,0.4639487208819105,-1.1247315299791139
2014-06-24,0.12275293611379962,1.6256901730095727,0.6695272011245038,-1.3274822488532738
2014-06-25,0.09486094690392619,1.4467411717669896,0.48317925653012395,-1.021882303643735
2014-06-26,0.07001882067745915,1.35838820861343,0.13129379704366986,-1.1813769367944962
2014-06-27,-0.03605828770187751,1.2667027356942182,0.07404557874276212,-1.118084261499861
2014-06-30,-0.05432122139203079,1.0431369734657492,0.2838759093236843,-1.2338903660237004
2014-07-01,-0.07951606364241387,1.0233680716090179,-0.019884682221010537,-1.266778588000033
2014-07-02,-0.13163493554207334,1.1421420652041039,-0.05415050220386391,-1.7010989147493103
2014-07-03,-0.1453388595579331,1.1255067057924397,-0.23919682159616354,-1.6932784115207669
2014-07-04,-0.15799614626658198,1.0628902037392192,-0.21791267378065765,-1.7099351263946132
2014-07-07,-0.12037848242725852,1.072655764139284,-0.4381221029582148,-1.7420658410535887
2014-07-08,-0.007282590367944746,1.0634727271709277,-0.6199142014825516,-1.7739621597661712
2014-07-09,0.04920136485524672,0.9905207117613901,-0.6102311313497079,-1.5980544793677458
2014-07-10,-0.01136078062116128,0.9147730825789346,-0.5270017407642131,-1.6192640428588174
2014-07-11,0.06885646411332544,0.8807570638556671,-0.43181961760258275,-1.505600406874332
2014-07-14,0.054082405282755354,1.0014413424482629,-0.3652811163645595,-1.622626562884574
2014-07-15,0.08932765146320448,1.0387194709672516,-0.24635632723104547,-1.6976689781083805
2014-07-16,0.18501662285607834,1.0604708725508383,-0.6815772920386978,-1.643611880738959
2014-07-17,0.03249726860302327,0.8471046024239701,-0.5741829138350749,-1.526747548810065
2014-07-18,0.00941937819568851,0.9286291118835602,-1.1768945619675526,-1.4536952490084072
2014-07-21,0.004837773983344245,0.8438406369950542,-1.2736988141526644,-1.4137056317270424
2014-07-22,0.012721843147429038,1.0124176916959984,-1.545924925510232,-1.512448366767323
2014-07-23,0.026852886715072567,1.1068578350283915,-1.6690311136548504,-1.5848668749702843
2014-07-24,0.17730718416736357,1.2257793566277193,-1.3515864032697267,-1.648408043512219
2014-07-25,0.20078280032535645,1.1262410075452765,-1.5521761052918237,-1.5171673150540896
2014-07-28,0.18725094941313597,1.0364420055993988,-1.5997315014389637,-1.5040700983283863
2014-07-29,0.1875631983892998,1.0092933969680447,-1.6730681235595928,-1.4818933672797108
2014-07-30,0.06699312327305872,0.8732456746098918,-1.6630468864217018,-1.5236610838564695
2014-07-31,0.04029952065629558,0.46945663947431115,-1.3145984174530654,-1.435131258252808
2014-08-01,0.11242978594340435,0.2698395678581076,-1.7056901218428826,-1.226614826489395
2014-08-04,0.1929873149048052,0.5253222265262225,-2.044002000979792,-1.3211671604441912
2014-08-05,0.16660771922103446,0.3827667348136828,-1.868661416348199,-1.234460486900474
2014-08-06,0.12862822291789705,0.34890085477662786,-2.2620249129113468,-1.0102486467611373
2014-08-07,0.18545240405442612,0.28268839023803227,-2.3862709125372024,-0.9265606968344817
2014-08-08,0.33065353064106906,0.2548231038950782,-2.2806465238465488,-0.6569109175783365
2014-08-11,0.2857760581660223,0.5669044279486236,-2.2559220620800486,-1.0500728107359307
2014-08-12,0.11967068464361398,0.5743296020885602,-2.0931131005430488,-1.1614333092644595
2014-08-13,-0.03764302261023714,0.6923173205211433,-2.1354866510500665,-1.2066512067207327
2014-08-14,-0.13842201944900645,0.9036318151119961,-1.9718740553006544,-1.2271118327112778
2014-08-15,-0.10631926894026544,1.0484509949828917,-1.2995675062127234,-1.2144056404498358
2014-08-18,-0.2584725738132233,1.0240759361021305,-1.2139399981158825,-1.2913402451194194
2014-08-19,-0.2539265066009297,1.060435375400011,-1.0629775514820132,-1.3946077081146186
2014-08-20,-0.19549710811477208,1.0365444067582985,-1.2031186154469344,-1.4092428192599278
2014-08-21,-0.3013921777432023,1.0055415154500753,-1.1971941753221929,-1.3628158461377105
2014-08-22,-0.9826461472406869,1.0102392672547922,-1.3623105169111498,-1.4077413639646166
2014-08-25,-0.9353617220855628,0.9714996694087641,-1.152966168404141,-1.4041211369711926
2014-08-26,-0.8615395953253097,0.966989413088803,-1.0209614320057951,-1.2270128224090213
2014-08-27,-0.861584784917566,1.0230608287487353,-0.6450615065024837,-1.2845480392599837
2014-08-28,-0.8111417864260848,0.6214549309897979,-0.9855390564809232,-1.1508650441357944
2014-08-29,-0.7136425747767524,0.5342456112105011,-1.1691632208444587,-1.02289259235135
2014-08-31,,-0.41135377558956115,-0.7920415848425235,-1.3710317437143669
2014-09-01,-0.7775534574724225,0.6753101189404185,-0.7817750477733072,-1.0329793131482088
2014-09-02,-0.7172538508458642,0.617088515331767,-0.6777066112482002,-1.039448442181392
2014-09-03,-0.7578476946971467,0.746944511170211,-0.034993696923174146,-1.271334325272812
2014-09-04,-0.7088722447367172,0.732051326571578,-0.16898426530858934,-1.3168942254407725
2014-09-05,-0.7112147680097012,0.601087744251954,-0.10599545180799494,-1.270626436362689
2014-09-08,-0.6115769872489629,0.3418331827764412,-0.4565366393674002,-1.307086694854393
2014-09-09,-0.5852519083741705,0.24610319892901056,-0.5268100389139674,-1.2507618619111085
2014-09-10,-0.6324652176520313,0.011960695673361395,-0.8845081679611516,-1.0637312105371615
2014-09-11,-0.5786196420856418,-0.042224581441269164,-1.0692472808508546,-0.9901163817699312
2014-09-12,-0.6213616068096757,-0.10319902390756763,-0.8945182879732627,-0.948398084624452
2014-09-15,-0.9468438922160025,-0.22776818347830827,-1.2315050785299235,-0.8580005505672894
2014-09-16,-1.0649966383787668,-0.26442506796734044,-1.4980915441544047,-0.7736722368113023
2014-09-17,-1.0484819690241916,0.08090395559802306,-1.6115862015223792,-1.020299326786171
2014-09-18,-1.01362774315797,-0.07872578923115844,-1.6076896451793223,-0.9456637477428372
2014-09-19,-0.9954037459055427,-0.19754284364673957,-1.8456272732226973,-0.8997701991420052
2014-09-22,-0.9789187379315593,-0.4005164473447179,-1.5821473328608258,-0.7518393547199566
2014-09-23,-0.8730474946786898,-0.5684236227695696,-1.5028712108648192,-0.5977722437120472
2014-09-24,-0.7928515814050353,-0.4615032953480466,-1.7421965690945285,-0.6945274771315965
2014-09-25,-0.7790627301293774,-0.6103799553180698,-1.4376108281549813,-0.5545176599277741
2014-09-26,-0.7427394156481046,-0.6306008546896137,-1.7086373495313787,-0.467279924292907
2014-09-29,-0.615094411248751,-0.9773470227147546,-1.7845650517760931,-0.03957889746208297
2014-09-30,-0.8434050029595186,-1.05455500736094,-1.7491957880125637,-0.07960586110401029
2014-10-01,-0.7961700323091815,-1.2349918495755892,-1.9950524664961984,0.2169263829871796
2014-10-02,-0.8072727673424773,-1.3320901541535968,-2.05940514185539,0.3342232359558686
2014-10-03,-0.7549466196593785,-1.2394524220132286,-2.6679397525556263,0.04501009549045266
2014-10-06,-0.743966788428584,-0.9775726162242365,-2.151640565724949,-0.302037955357407
2014-10-07,-0.9554809915949894,-1.0785596456940183,-1.8861204453771987,-0.3482591838939739
2014-10-08,-0.9481379888899029,-1.3005099549009043,-2.109089459519486,0.12358969074450421
2014-10-09,-0.91728674149654,-1.1569606172572222,-1.4854586084090948,-0.1940522117735083
2014-10-10,-1.1520233552892152,-1.3830229772443192,-1.401940773502639,0.35845131818989046
2014-10-13,-1.030469098777014,-1.3578314128546576,-0.8014030077835075,0.17062780496589278
2014-10-14,-1.0464156596788332,-1.31681949440968,-1.160180104089378,0.24288077125387075
2014-10-15,-0.9819538132956782,-1.5641418024422322,-0.7308257499001577,0.6140062515082513
2014-10-16,-0.9033594140751745,-1.6729187835402899,-0.777312233040814,0.9386516248657164
2014-10-17,-0.7951954428216284,-1.6019502236085095,-1.1008454414563618,0.7368086208466954
2014-10-20,-0.8171709475666251,-1.4737661539330282,-1.4854908254778174,0.6095027271340794
2014-10-21,-0.7239560080566005,-1.446811580374253,-1.8045367551999874,0.6690126607737481
2014-10-22,-0.6696365981676677,-1.3318159275538353,-1.5422249008873417,0.40023357931082243
2014-10-23,-0.5126449643550293,-1.3489313888309409,-1.8159285435453496,0.5557948332983212
2014-10-24,-0.5210866025132047,-1.2817683393459811,-1.5928912031452949,0.45992606804493347
2014-10-27,-0.5166687107675731,-1.3034931169439812,-1.3710807228007444,0.6045113183633363
2014-10-28,-0.4908549018565801,-0.8270155685902856,-1.0553094786335975,0.07319484919197901
2014-10-29,-0.5149717436036007,-0.5928642764203285,-1.0107068578832126,-0.30550091894671044
2014-10-30,-0.43210491780329874,-0.5565171182278912,-0.8603431243956395,-0.3235894340807074
2014-10-31,-0.4642888929595341,-0.3410107980218811,-1.0370683517097636,-0.5921504308988926
2014-11-03,-0.3962961132734571,-0.514976044936956,-1.1258644926130932,-0.49328235297543277
2014-11-04,-0.3872122472745326,-0.6532627475374606,-1.1588583091781863,-0.3796253257888225
2014-11-05,-0.37420993284700094,-0.9020949480393502,-1.3211771823983032,-0.21241258592752033
2014-11-06,-0.33446473237873486,-1.101797153541684,-1.3658022783420394,-0.03620568425755827
2014-11-07,-0.34492346528359036,-1.168639663127719,-1.5757322582988935,0.13759204903154348
2014-11-10,-0.18523444982255496,-0.8885967898261637,-1.2934349606601345,-0.22447635241046668
2014-11-11,-0.22036565029693633,-1.002577882543572,-1.1405032984671315,-0.1051824779145971
2014-11-12,0.019386546535405322,-0.9483162841867686,-1.030199180836487,-0.1799830438186124
2014-11-13,0.03932539296705529,-0.9796673036829744,-0.631391507718975,-0.11351948439844599
2014-11-14,0.14346346434008383,-1.2430221341745555,-1.118885118531336,-0.4783777061459098
2014-11-17,0.23436979460431562,-1.4179857857651785,-1.5781683993463664,-0.360828608212682
2014-11-18,0.2538994763964462,-1.3290227324018342,-1.4116234502991107,-0.37983665102828906
2014-11-19,0.2815284137659279,-1.2615494925611141,-1.4586832214286884,-0.5351964674803469
2014-11-20,0.3552257915480959,-1.189864802879202,-1.524480927149236,-0.39219644813143795
2014-11-21,0.3629053084602285,-0.8750955965894307,-1.6856803611931082,-0.7008592882370687
2014-11-24,0.34296251964084323,-0.8234323345137383,-1.552844232915325,-0.7541598511392086
2014-11-25,0.43863338149165937,-0.9230740447851475,-1.6016498171518314,-0.6471623473241863
2014-11-26,0.4283403551431481,-0.9697776333773716,-1.6803666963064114,-0.7850448588810717
2014-11-27,0.4167205881134967,-0.9532814510457419,-1.7816621313885959,-0.8262335471407278
2014-11-28,0.3344391590036586,-1.1143764095680098,-1.95983462086861,-0.5961662508170016
2014-11-30,,-1.3896470526209181,-2.0400844724334304,-0.9527769235490382
2014-12-01,0.19476039033554687,-1.4174749163718754,-1.9477513242390445,-0.2985876207602566
2014-12-02,0.12698859822346373,-1.405835921804154,-2.0741851724446057,-0.3890940167925321
2014-12-03,0.21249031379486788,-1.3840364639080218,-2.2510232683547495,-0.2807890272269081
2014-12-04,0.1650157048432176,-1.448963209807869,-2.2573028307986194,-0.2995460677984241
2014-12-05,0.2444933440825998,-1.427807721420676,-2.2138809983078596,-0.3265049002932985
2014-12-08,0.12428269288085275,-1.6510223366832244,-2.3086265988555836,-0.10338663864494738
2014-12-09,0.15936040919510563,-1.767255707276592,-2.4517974914530813,0.2507944796942819
2014-12-10,0.07002276578460356,-1.9151116100536811,-2.193155243477775,0.4218278221881405
2014-12-11,0.13067137634652753,-2.0123420634988456,-2.1306694460639353,0.78516237373828
2014-12-12,-0.38717516943943703,-2.1116245936702605,-2.0993137266109976,0.959140488621281
2014-12-15,-0.32081889573795475,-2.3284951548834276,-2.3816101800662253,1.2555205845251942
2014-12-16,-0.2234313630380665,-2.623782493856956,-1.9661587567060421,1.851341321169195
2014-12-17,-0.15826912220965025,-2.2745752591480577,-2.4659146898975313,1.4117655405961078
2014-12-18,-0.2091001501297353,-1.7158925778875795,-2.2007604203782734,0.8823585387268637
2014-12-19,-0.1975359413054844,-1.5171364340707991,-2.1357320553763195,0.697739640412224
2014-12-22,-0.21124381446225704,-1.171679036673011,-2.0249203988586864,0.41898199917879403
2014-12-23,-0.2632064367610002,-1.039681868948205,-1.8526014365753505,0.47026882219849464
2014-12-24,-0.24470640886496883,-0.9783097487436107,-1.7694209475492682,0.5135806614749877
2014-12-25,-0.13696739400115407,0.8080248027115757,-1.6976579983601163,-0.7704854097914554
2014-12-26,-0.19586670525964384,-0.838568084776676,-1.5764945032463897,0.4434383660897779
2014-12-29,-0.16074283661534622,-0.7202968408648691,-1.6066297121968613,0.3398809310187899
2014-12-30,-0.11112244205354617,-0.8602000334879275,-1.4141059291358964,0.5058004742426486
2014-12-31,-0.06495090477354852,-0.9268656917782127,-1.1699316591877325,0.28676193653451715
2015-01-01,-0.07130070776781411,0.7551714368238936,-1.0231918381791103,-1.1059008568878137
2015-01-02,-0.033967973060399746,-1.012051790215321,-1.2357246925853727,0.43345666899211654
2015-01-05,-0.17752654905403256,-1.225559331758936,-1.3448768910373157,0.7502330440729247
2015-01-06,-0.193049905796253,-1.4003720252996987,-1.4046704029675092,0.8717073600558771
2015-01-07,-0.1437924945645297,-1.1171037880948254,-1.2034876399513117,0.7621557177870412
2015-01-08,-0.20507188324961592,-0.7180645517188229,-0.9361881318544667,0.30812113750695247
2015-01-09,-0.42365105210077564,-0.7743024981996393,-0.8104690013107216,0.2169166155905395
2015-01-12,-0.4174954650548773,-0.6786396609838896,-0.3406055296948223,0.29897730958745006
2015-01-13,-0.22459266532049393,-0.4090085106896255,0.09001253501233447,0.16212356067586609
2015-01-14,-0.17912285600279182,-0.22573040957808188,0.86507303917152,0.3251722911045084
2015-01-15,-0.34757542311255624,-0.2919934396761005,0.5730953969759363,0.2608916741578362
2015-01-16,-0.28370537270856544,0.9713680166930584,-0.22306722587380118,-1.2025476307046308
2015-01-19,-0.40175677477101074,-0.527908961251485,-0.2753568782037266,0.3842916943285488
2015-01-20,-0.25084259516525725,-0.44483096686403195,-0.585585483698444,0.2792584138733777
2015-01-21,-0.17048493249090538,-0.16377887022814108,-0.6800402464581535,-0.03505538230231576
2015-01-22,-0.16906205279880185,0.04972048897189331,-0.8288966055772036,-0.13202529495687287
2015-01-23,-0.03520087733347797,-1.0621188483893413,-0.6802207728151048,-0.33106008599810377
2015-01-26,-0.05974606546389461,-0.06426344403739856,-0.7503616666421814,-0.2779312110353784
2015-01-27,-0.12026704879348016,-0.08572197984979668,-0.5927092481865216,-0.2050127749915772
2015-01-28,0.08043900205402414,-0.2424289499938026,-0.3601417615562432,-0.1478378083951194
2015-01-29,0.39332289912246776,-0.4875068189809282,-0.554404988454484,0.1762840929232783
2015-01-30,0.6278959109323271,-1.8600113991302827,-0.7216956953172987,0.5792536844663775
2015-01-31,,-0.6566919631273956,-0.5046127507843868,1.7660563994433693
2015-02-02,0.48078704105041964,-0.49708811722130597,-0.23563180639804088,0.5666831495523101
2015-02-03,0.64764303966572,-0.21263096122024658,0.4264334612999905,0.31612118569750275
2015-02-04,0.6486273139776211,-0.2038862064349948,0.4807127412639409,0.18688596156798593
2015-02-05,0.42716002611618975,-0.20743368563894554,0.2870311916972186,0.34182243215995495
2015-02-06,0.38989432191295376,-0.05605161103837431,0.6270183005242298,0.22191749059837818
2015-02-09,-0.13731286730587847,-0.04941278482900544,0.9321884546624339,0.3064683038278742
2015-02-10,-0.04512271318261802,-0.21879663440030817,0.8334397895192446,0.4634749495912054
2015-02-11,-0.42992246806633017,-0.2699395482904355,0.7910871754129228,0.6126986282364856
2015-02-12,-0.2919132535654117,-0.04342064746645519,0.8579943699369807,0.45295834631493165
2015-02-13,-0.4325244843671857,-1.4458171718619535,1.0146308007633988,0.054667908634514005
2015-02-16,-0.4175156579382128,0.1365184688985997,0.9658300410543921,0.08828021740580953
2015-02-17,-0.5197337160474754,0.12689045133361967,1.255317254825253,0.019712808208174098
2015-02-18,-0.6051863651099665,0.19727841967239532,1.1042515787809304,0.10279903167670765
2015-02-19,-0.7165551931724026,0.1727767044202299,0.9174760718194752,-0.21473966658540763
2015-02-20,-0.6779592175031617,0.14804604771210197,0.7485979262307583,-0.16517058132637935
2015-02-23,-0.5788061574871735,0.004342964795304357,0.543400678411822,-0.07485572804846019
2015-02-24,-0.6355361339052568,0.13064980633425038,0.5301841156192393,-0.08499666549520259
2015-02-25,-0.806447600302934,0.37954918738108195,0.6328022135908253,-0.15509148748663878
2015-02-26,3.0,0.5011400622744205,0.7498215362760714,-0.2842270849601268
2015-02-27,3.0,0.5705980413021428,1.0986416881495775,-0.17895284874191844
2015-02-28,,2.9758233360314787,2.044564994152525,-0.6977285003482245
2015-03-02,3.0,0.7392573687733076,1.972794358805905,-0.6655813281427442
2015-03-03,3.0,0.7336822717017255,1.9854959564452608,-0.8021207655202336
2015-03-04,3.0,0.506255474912743,1.7973315518209707,-0.7458337007193208
2015-03-05,2.9146105047102293,0.437864753943946,1.571216054275334,-0.830241666255822
2015-03-06,2.9426178405447145,0.4044200637529924,1.4171282753722414,-1.0476791216702712
2015-03-09,3.0,0.26985563595513806,1.2633605981431704,-0.6903206522234379
2015-03-10,3.0,0.06135482595202487,1.1685726626199526,-0.22963993277325787
2015-03-11,2.9218640139194467,0.001471088955059205,1.084938365861407,-0.2556948680205438
2015-03-12,3.0,0.10272922174419172,0.8115360529702547,-0.4981464803006455
2015-03-13,2.8765527403159727,-0.06791338257757087,0.5895338838482032,-0.31367261745558306
2015-03-16,2.6785074771827317,-0.14433364455173997,0.42338960352429095,-0.12892024426153184
2015-03-17,2.516779997050409,-0.2216188277077669,0.11486083842499162,-0.28213085824061257
2015-03-18,2.3852089425869325,-0.25565226283407805,-0.05681598085734671,-0.15854045707764322
2015-03-19,2.2292423052610264,-0.17498953141396303,0.03632768656806759,-0.49008562437886366
2015-03-20,2.1984128312765194,-0.09187686844702456,0.08032012265492769,-0.5082596701614362
2015-03-23,2.168670054158582,0.13887526272992345,0.49811977392509854,-0.8081082871684998
2015-03-24,2.0883867335142403,0.22284099432157375,0.6426511470959192,-0.7043788624638507
2015-03-25,1.8907302130704862,0.21684542291640568,0.9860128688430165,-0.8104752997687359
2015-03-26,1.8901118981230025,-0.1426407341079428,0.9090261379759337,-0.5341740257019646
2015-03-27,0.4958898421371715,-0.2561002630746421,0.7446587213275819,-0.3162492114608033
2015-03-30,0.48891490131186177,-0.5087577467656778,-0.4439995398044162,-0.8363015822043929
2015-03-31,0.5571478502702798,-0.26711836650194476,-0.05238673758518179,-1.3467334272340759
2015-04-01,0.6390671663520889,-0.13744138379643658,-0.20113234459929769,-1.402710429918013
2015-04-02,0.6787071060612795,0.18194299412813503,-0.003378374466257119,-1.796929071483717
2015-04-03,0.6339385796521106,1.6112601441569145,0.08487406556942176,-2.4444314455339353
2015-04-06,0.647399041008261,0.2035755706751942,-0.10661134471492081,-1.918980715338524
2015-04-07,0.6863734085787445,0.09586234796862826,0.04570196471858998,-1.8430566848171885
2015-04-08,0.7104224087141683,0.23030731606213978,0.2266721501185725,-2.140722109376116
2015-04-09,0.6960479282039537,0.4120209279647655,0.25479771371797955,-2.360937438642454
2015-04-10,0.8242354201010483,0.5065395353807448,0.20005646971252541,-2.361283356878955
2015-04-13,0.182254809813187,0.5151556215705978,0.3746163592286422,-2.4105204434114786
2015-04-14,0.18658735410038615,0.567243554299933,0.5409810921188247,-2.22119506992939
2015-04-15,-0.09206147672721411,0.6441219098610403,0.6671004568543332,-2.123935349135805
2015-04-16,-0.12969501597261682,0.8826587186715372,0.864774415349914,-2.2530611182137337
2015-04-17,-0.035170467293676004,0.6317566530402586,0.7661450167509258,-2.0671070927879254
2015-04-20,-0.0726912514199785,0.4274671535760397,0.696734095372044,-1.8474986336829575
2015-04-21,-0.07489450737360061,0.4025471458988813,0.5933320707185401,-2.0635377650253233
2015-04-22,-0.07708610411907715,0.48212774071022485,0.5970742793065511,-2.2199742890628684
2015-04-23,-0.1323561339253917,0.5448463279075938,0.5138751380904589,-2.1578332477369058
2015-04-24,-0.13314915939898925,0.5400799890540183,0.48055847050634426,-2.1941331799366863
2015-04-27,-0.15676814316058402,0.6281729488063389,0.7452860102812499,-2.2514696852443876
2015-04-28,-0.2607886269847099,0.784408837907721,0.755345433105789,-2.254194998239435
2015-04-29,-0.3034948623223117,0.508796187407888,0.5180312189721158,-2.1636320171872576
2015-04-30,-0.22356206521116495,0.2551598310926771,0.7339923803757925,-1.7073434535537009
2015-05-01,-0.22874636816080418,0.0795647743374421,0.3918033378812286,-1.6868668823872313
2015-05-04,-0.32428956686328375,-1.5975591451010105,0.3930923968817828,-1.747015793458265
2015-05-05,-0.3057408522924683,0.253600401822321,0.6492992177579979,-1.8245296228300505
2015-05-06,-0.3378486466028952,0.09594141790799836,0.7931257373884212,-1.8093585601576916
2015-05-07,-0.13734423977270624,-0.07866569485960614,0.5454491315042166,-1.4333329491167783
2015-05-08,-0.28868391690590545,0.11140179118656732,0.12911419364911336,-1.4585394292798237
2015-05-11,-0.19243235595484628,0.14861649446077244,0.38817409906168165,-1.6778671384344477
2015-05-12,-0.23681901316168336,-0.04415481351284267,0.33252576145846596,-1.4968023587500119
2015-05-13,-0.3259925259843346,0.015129111640241043,0.47846261354756786,-1.5810238129637495
2015-05-14,-0.3625017836650907,0.13375520265880902,0.31197182811377244,-1.448074399816983
2015-05-15,-0.11977551995019281,0.30391590490535375,0.27878821723704456,-1.8057509850428448
2015-05-18,0.004233808053676762,0.27433908278141894,0.44955618442150863,-1.8284859090092551
2015-05-19,0.06955757859389146,0.31941059003842753,0.37109404200935625,-1.8435774035551158
2015-05-20,-0.05114389257182858,0.22560190123157067,0.2835444331553028,-1.7191421344633433
2015-05-21,-0.07326226571434072,0.09441567767373582,0.04212030492191399,-1.6044648321856532
2015-05-22,-0.133936696522439,0.28370910006654604,0.110750085882606,-1.7160110555297476
2015-05-25,0.5032624607831117,1.7059653741538179,0.08898573392232305,-1.709244886210051
2015-05-26,-0.5139647114583134,-0.19225971524616853,-0.02314485308149718,-1.5224729882872992
2015-05-27,-0.47648647183947546,-0.32076269653903217,-0.1605494421780001,-1.4137353803044919
2015-05-28,-0.5616278426321102,-0.5508707202409348,-0.24546752023522894,-1.278897197376297
2015-05-29,-0.6469221341608089,-0.6735893218745751,-0.2291918229295418,-1.188546618505602
2015-05-31,,-0.17539853593948218,-0.3024422065464773,-2.6557248236703193
2015-06-01,-0.6855342528315698,-0.63800156176003,-0.21694331599777103,-1.2856439012004417
2015-06-02,-0.6319504572459467,-0.584629791951218,-0.042107509602803246,-1.2894751561126219
2015-06-03,-0.5815833533346728,-0.5695944396809718,-0.041372519497352496,-1.3806415764421234
2015-06-04,-0.6065392725943353,-0.6087009000170395,0.02497441222751143,-1.184883954742071
2015-06-05,-0.7174726582409511,-0.5971543328839569,0.061801025089741446,-1.2216784645437737
2015-06-08,-0.5203555567475759,-0.7720668547745966,-0.05295982354940193,-1.1083981340573361
2015-06-09,-0.5171459999005189,-0.7530897761076852,-0.01829508428992919,-1.0408280048873473
2015-06-10,-0.5169154631580615,-0.45469414620238285,-0.19186794386725098,-1.0680317506884154
2015-06-11,-0.686715959508624,-0.532355986128548,-0.3429260254794153,-0.9362102844084298
2015-06-12,-0.40442265534181454,-0.45059193306113315,-0.11900611389224433,-1.010554448854921
2015-06-15,-0.42966057613391134,-0.6937515077715245,-0.16984788839033024,-0.850067012388793
2015-06-16,-0.5401563085985912,-0.8371086674551976,-0.41894817468356227,-0.6132499876662286
2015-06-17,-0.615391804748033,-0.8031983565342611,-0.32715287649035485,-0.6205134484129023
2015-06-18,-0.5152005835805282,-0.5602210024401021,-0.27887839110063256,-0.7108009554594356
2015-06-19,-0.513329137659062,-0.8201520170026209,-0.4467298452997462,-0.6130503486815277
2015-06-22,-0.4756421203777556,-2.0197573282553147,-0.4040102500052308,-0.8802917959286595
2015-06-23,-0.43197516510658723,-0.24875768336818382,-0.3426443408769151,-0.98318951324236
2015-06-24,-0.6037879540170424,-0.2616469648671702,-0.21506960297901814,-1.0279687870266458
2015-06-25,-0.6950452094997912,-0.42535627375727725,0.0026828004613946403,-0.98396029510027
2015-06-26,-0.7044977460872357,-0.5564302599290964,0.1279927263195185,-0.9653880911061029
2015-06-29,-0.6995987002274419,-1.1077645205634579,0.4163974665616105,-0.524350374027052
2015-06-30,-0.7783463443021521,-0.9086295863328306,0.1594282853443988,-0.734262772538497
2015-07-01,-0.6737875196142226,-0.934889906421541,-0.02335238195044672,-0.8617141942235556
2015-07-02,-0.5193356288553128,-1.0932976084958292,-0.1253259391233681,-0.7618860393528022
2015-07-03,-0.5082460944074287,-1.1938897341735433,0.09079467527451342,-0.6796331678660359
2015-07-06,-0.4956751236860523,-1.6227759717868813,-0.19873613339224194,-0.1743840676538928
2015-07-07,-0.5060815385377204,-1.8246886109717888,-0.35941443954940067,0.13754376522250977
2015-07-08,-0.4911280056700708,-2.122855307512017,0.11119042616824551,0.5767503916603399
2015-07-09,-0.4589935305257121,-1.8799419622450133,0.2771241524794337,0.11140946293522755
2015-07-10,-0.5825648762954913,-1.5640908815290202,0.3777060386141178,-0.22656552225309223
2015-07-13,-0.37597233740708785,-1.3861331636801326,-0.06544617622354806,-0.42986004046787646
2015-07-14,-0.4441125626062466,-1.4847951951739722,-0.10614388894685563,-0.31460003262211916
2015-07-15,0.032160397439639145,-1.4287006132564535,-0.1375412946866799,-0.19851409300986536
2015-07-16,0.01358650698671711,-1.2917170090200358,-0.25853749021296346,-0.23420002474522378
2015-07-17,0.0014772531905616,-1.3097459607151507,-0.38529377052832464,-0.2751791938925398
2015-07-20,0.0054447584564304196,-1.3101943648214813,-0.19628877419786805,-0.21664120960651964
2015-07-21,0.016846691414770795,-1.261514528545524,-0.47675817831586464,-0.23816490658452982
2015-07-22,0.0013279399340519631,-1.5070186459850814,-0.6034375339383746,-0.08183809897693675
2015-07-23,0.06903921886364849,-1.6293532510701103,-0.6411224655147683,0.20960901575287955
2015-07-24,-0.2809540826852229,-1.8020536326273513,-0.6635869305977941,0.35235737430794695
2015-07-27,-0.2807189925715989,-1.9745931154642142,-0.6320929841044183,0.7369288153471382
2015-07-28,-0.29556512763089565,-1.8380132016697577,-0.4755576405382003,0.7714164218803282
2015-07-29,-0.31665440359371894,-1.6437286758337895,-0.47985516033480585,0.5383197571379776
2015-07-30,-0.24966509851252122,-1.7779769158871643,-0.7725898002760512,0.5615728035992186
2015-07-31,-0.0675719829347932,-1.6527567757204524,-0.7409090900331489,0.4521068018891182
2015-08-03,0.022372921686547993,-1.8001641984682077,-0.753546504355055,0.6054451973210886
2015-08-04,0.12237296974760407,-1.6914152050005313,-0.4643896827051733,0.4847180469083249
2015-08-05,0.3762650545272834,-1.7376694177635372,-0.2914980425051016,0.4284062815840866
2015-08-06,0.3894230728533106,-1.9548841136596242,-0.23853702027459264,0.6019993398601998
2015-08-07,0.5005740964481128,-1.9168214379813773,-0.5236517707044815,0.6185235320064515
2015-08-10,0.39097102545121326,-1.8517264891568268,-0.8637269241707208,0.6381367578515575
2015-08-11,0.44284636645464315,-1.9813742406269435,-0.9342165609927231,0.7487765590884925
2015-08-12,0.26544742289915635,-2.1488043001893518,-0.8002157763321178,1.1308768417710946
2015-08-13,0.26824783827552995,-2.003960622491024,-0.5884657359672396,0.8476158098782329
2015-08-14,0.34316669569003294,-2.0017050099637186,-0.7430973609495802,0.91549872162793
2015-08-17,0.44939710021824136,-2.0435674105743833,-0.9032193287812706,1.1387028338493421
2015-08-18,0.35162977159200887,-2.063802390622563,-0.8097585833376146,1.2181772765033152
2015-08-19,0.4178526595836838,-2.1226575783754846,-0.6693142997484175,1.4394026230501207
2015-08-20,0.4701165454569626,-2.1818178762746134,-0.29718432508739384,1.6315851324985482
2015-08-21,-0.43529694970505495,-2.322713582748212,0.9724495432390036,1.8259069934729282
2015-08-24,-0.42577437198118834,-2.6079989352409005,0.8966989517265839,2.865631292699539
2015-08-25,-0.3496494521912786,-2.207798210034058,1.3501569840287173,2.053033025258446
2015-08-26,-0.30548815368302845,-2.152782221218479,1.1524197999239636,2.279593823726981
2015-08-27,-0.28017891922658106,-1.7548323355172522,0.6545202755552071,1.5643249326316546
2015-08-28,-0.4097932958542617,-1.5769697587337754,0.6964322017173123,1.6749170657152002
2015-08-31,-0.7030006716660173,-1.465313233183354,1.217858595993047,1.6974178283523853
2015-09-01,-1.0248063341839986,-1.5844931549876158,1.4127834332276814,1.8395190949598799
2015-09-02,-1.3336855941466288,-1.570025631316624,0.7182464869871817,2.0299816947504232
2015-09-03,-1.3079927040278774,-1.4894963635514578,0.4629632906996122,1.7879406553315056
2015-09-04,-1.3046197834087563,-1.6211227053183548,0.8502963851510424,2.0157016789166944
2015-09-07,-1.2854237742564822,-1.6684997571079172,0.9757667293202116,2.273293229467417
2015-09-08,-1.4169560963809342,-1.4943153655697494,0.6681417690420345,1.8217007440298156
2015-09-09,-1.4027886314051479,-1.2412000937371315,0.9939313295162722,1.2008981720867564
2015-09-10,-1.2635780608344909,-1.2589108814107384,0.7783918427587443,1.417989466264097
2015-09-11,-1.2232110211027811,-1.3042143032099507,0.3499302830986574,1.4522164607777406
2015-09-14,-1.2695075966777931,-1.1995410732087983,0.44150080414072046,1.2638052989165582
2015-09-15,-1.2197644284940605,-1.1777559402767286,0.5706987062662422,1.2836777333740148
2015-09-16,-1.1598549640952904,-0.945495463657071,0.44107629315180896,0.9516501985653105
2015-09-17,-1.2115296560703137,-0.9194649534675589,0.536962303539927,0.921970838363676
2015-09-18,-1.1938985366492478,-0.8510255459997272,0.8200150890443171,0.8519266085867911
2015-09-21,-1.0831313489821883,-0.9925262176075815,0.8273595020349166,1.1179891152229675
2015-09-22,-1.0091293534739536,-1.1334951044206192,1.2432012354058677,1.2614502701766552
2015-09-23,-1.163077731571523,-1.3380963150327403,0.8350653205996709,1.6134970479939073
2015-09-24,-1.2572404438176432,-1.3696125447748955,0.7267570241877702,1.7613957320182627
2015-09-25,-1.2657230550339489,-1.2658807473169265,0.5401579654970708,1.5004134062679997
2015-09-28,-1.3176629967630271,-1.4385940510786823,0.5016430523904815,1.5826091614236195
2015-09-29,-1.360056499050812,-1.4481532315202768,-0.037703958876211335,1.814218142721965
2015-09-30,-1.3458315245598493,-1.1744800016877541,0.1884256804119541,1.4107822019721858
2015-10-01,-1.0630963782963085,-1.0327156870628373,0.06901907520618256,1.2664660477927805
2015-10-02,-1.111349869960243,-0.8960931159194196,-0.129559978517301,1.2471303431639742
2015-10-05,-1.1296083787900846,-0.5273508538214514,0.20485363252146604,0.8962759055168473
2015-10-06,-1.125070309596679,-0.4943488761003368,0.4357728494733423,0.7408287550671653
2015-10-07,-1.201789583666583,-0.3222331894416285,0.41199390318462714,0.33085220585777203
2015-10-08,-1.012119805221013,-0.3192057071761781,0.3775567449052447,0.4830429453560128
2015-10-09,-1.0078526727548751,-0.19896503441921604,0.6409854904376153,0.22539978930290452
2015-10-12,-0.9737701969970556,-0.1002772837681379,0.7006811668281507,0.1642025051366759
2015-10-13,-0.8864122611125369,-0.2705836406859399,0.827836405383047,0.41481666585568105
2015-10-14,-0.9154935400047701,-0.36747853359575294,0.48158122474466486,0.5931150794097323
2015-10-15,-0.8834483847318286,-0.18812119722331078,0.39724224106181355,0.31485726578986656
2015-10-16,-0.8564584438857785,-0.157006253859643,0.6920598257190079,0.25242135663699516
2015-10-19,-0.8226716710465387,-0.10260595057015864,0.7135709902607638,0.21662334323236956
2015-10-20,-0.7699116763747426,-0.16928774979315592,0.7766054485879611,0.3071645176040237
2015-10-21,-0.628927874508657,-0.15372176195292916,1.1072015435954408,0.35489143032094583
2015-10-22,-0.555076352563673,-0.09474866209918947,0.7365935242130317,0.49459993436782734
2015-10-23,-0.3968666837600798,0.1906698050071027,1.3959326468854476,0.16813149820177611
2015-10-26,-0.34391836710901585,0.17462285734377322,1.4779692901367463,0.2824051956752398
2015-10-27,-0.3372881544431402,0.17711242633030488,1.7950996692151553,0.29604224469930573
2015-10-28,-0.3214165083541811,0.1883438672139384,2.096347596101901,0.39412389787918395
2015-10-29,-0.2794155671553902,0.0166498551947637,1.8204514441622957,0.6683920764930277
2015-10-30,-0.13729081830426026,0.03776662827317899,1.7727231021691991,0.6439988523000122
2015-10-31,,2.0208397517948096,1.740780606058206,0.6908173130852713
2015-11-02,-0.04715639378627208,0.07125210824937243,1.3278132165902563,0.5078150754597902
2015-11-03,0.04160595210930381,0.31104946159950725,1.3721222253602303,0.28919429841339533
2015-11-04,0.18239904679218033,0.413535100237254,1.3301648883363824,-0.07400772152859328
2015-11-05,0.14785606413179328,0.3669127743794951,1.2604156700330447,0.209709439414426
2015-11-06,0.3108249354881839,0.21640345815686743,0.9720434192535383,0.328750911216238
2015-11-09,0.3595511000380242,0.17829695959247052,1.1184170583213453,0.34158609474383833
2015-11-10,0.27480103764499836,0.001405500935461767,0.8596753661045675,0.6048202472486814
2015-11-11,0.33234237008561063,0.01314102212205144,1.1828285435140389,0.5516929589705588
2015-11-12,0.2788549643942862,-0.004502207466674324,1.2545314911205032,0.4442708546297127
2015-11-13,0.3277465362357839,-0.14356733153697557,1.0812079549274052,0.6983701479201753
2015-11-16,0.4662114277966126,-0.1939368872098968,0.6919307023592067,0.23155212745220788
2015-11-17,0.46979647719003226,0.06451059526966291,0.6890322773257355,-0.10436217267174826
2015-11-18,0.449113647496888,0.2473968215758039,0.6105542067445959,0.03610322359929361
2015-11-19,0.4644626495742652,0.6606041308996637,0.6922117482585258,-0.2702482966939012
2015-11-20,0.5106958663111236,0.5856589732993798,0.19968487975843038,-0.4383289518497469
2015-11-23,0.521185291661222,0.5741210077695541,0.12861789652938976,-0.37185818179026175
2015-11-24,0.5171942247432867,0.452583618807395,0.2694467498304899,-0.2557624015900996
2015-11-25,0.5957478035640691,0.3302474564819233,-0.20365995450478416,-0.1697011098858281
2015-11-26,0.7028124432979732,0.3963271573616875,-0.3050414436442234,-0.22948617487607087
2015-11-27,0.7556986473070145,0.30938344412785856,-0.36574587734889613,0.05373469782724472
2015-11-30,1.0293938491475056,0.24592108738253798,-0.1705868812363183,0.34336750172447505
2015-12-01,1.0174140340877162,0.38023930889131996,-0.6794190038476767,-0.2391466542788938
2015-12-02,1.03254327650115,0.46496216465067153,-0.7084928846308147,-0.2625076772555349
2015-12-03,0.9727669547111929,0.596563727521306,-0.1404600420994859,-0.42152338719358495
2015-12-04,1.123944256243448,0.355498336041129,-0.8250950892203733,-0.06343749994652777
2015-12-07,1.0223145014849582,0.01250429495847649,-1.071307343063278,0.04150852137503142
2015-12-08,0.9720061665618615,-0.1849777569838757,-0.8077156318291225,0.32353235543592124
2015-12-09,0.988137624277483,-0.23509857248156008,-0.3468698044054782,0.24967411078014903
2015-12-10,1.0463028244025245,-0.3003466128482734,-0.43562408346647397,0.3960087991749114
2015-12-11,1.3171215449253517,-0.5585977465633417,-0.23407382450105416,0.7090221313047329
2015-12-14,1.4213678205330182,-0.640102496338047,-0.2688460879381523,0.7092964581554926
2015-12-15,1.2965670690832172,-0.4770283964614225,-0.34042816419169253,0.48247753936412674
2015-12-16,1.4066642818090032,-0.30211121169227456,-0.6766259603882825,0.17081625999217798
2015-12-17,1.3379555876498115,-0.06404006057607783,-0.5883152104647165,-0.24864411419189344
2015-12-18,1.3221355113754627,-0.1645049095307665,-0.5078350807403235,0.023247381490257766
2015-12-21,1.276460863525476,-0.07564654136476284,-0.8835865897210485,-0.08158911062068878
2015-12-22,1.237039827658928,0.07614641531936765,-0.9181976378688425,-0.15736915997603093
2015-12-23,1.245723983694081,0.28093993826848657,-0.9438469118081738,-0.34736974180390257
2015-12-24,1.1989589941036904,0.3812011945937363,-0.7606200984301201,-0.3412176807366801
2015-12-25,-0.977663719108068,1.8703909627908077,-0.7370549844374792,-1.1837356342853735
2015-12-28,1.0323718504779216,0.0778677217709389,-0.5751039823684275,-0.09819591695525216
2015-12-29,0.9502584483936375,0.060311185015932425,-0.43595421354964015,-0.06656256556475669
2015-12-30,0.8747525304034651,-0.019438114836415207,-0.08956057068652828,0.18136361654883465
2015-12-31,0.9132434075996116,-0.051787417271140807,0.19586854376779642,-0.06303985441157904
2016-01-01,0.9124000474934895,1.320083993037271,0.0010744263475902958,-0.9717004002123844
2016-01-04,0.6894861506610246,-0.6165463010659276,0.48853982142276375,0.6400355478798566
2016-01-05,0.5130956391145856,-0.526443906704824,0.5524520409212562,0.6144740835147986
2016-01-06,0.5118585850047644,-0.7043134042857592,0.751181864865346,0.8451364383168226
2016-01-07,0.30168147107717436,-0.9482996486491851,1.4195102606372556,1.3359137234282215
2016-01-08,0.20830547135013022,-1.0046552574457637,1.4908338546645619,1.1206166575112857
2016-01-11,0.044146067960188065,-1.1035924334736826,1.613344463198566,1.6008310674656028
2016-01-12,-0.47148690476266025,-1.2351431739656211,1.0159300156526192,1.7740704317991056
2016-01-13,-0.053755850926790506,-1.1157216129052754,1.0809075498453764,1.2265174947784998
2016-01-14,-0.08084127832574133,-1.2090413848487964,0.6914660842645639,1.616215772788912
2016-01-15,-0.03738182968390435,-1.3683895916020166,0.6185806005958598,2.057475533573146
2016-01-18,-0.11656262091414371,-1.3165006908751704,0.8060099278517688,2.1813301645317633
2016-01-19,-0.31216830878920204,-1.0520509321636753,0.7022372976079496,1.758426294488902
2016-01-20,-0.35867573543164033,-1.4045584575069026,0.3520882184491049,2.447671992582697
2016-01-21,-0.2762921517419287,-1.4497898552013146,0.1920780395015113,2.4882832403914743
2016-01-22,-0.2849348015364446,-1.0468305004528227,-0.14190031084483626,1.9218744826871912
2016-01-25,-0.3215107610245993,-2.033864333077312,0.09436834621504271,1.4192872404512555
2016-01-26,-0.21308765002486935,-0.9340400596593432,-0.10199530806452849,1.7220655328554288
2016-01-27,-0.19196384458930343,-0.8204317355778081,-0.15251000651913152,1.3445083968969764
2016-01-28,-0.5593269910561692,-0.7157620344815571,-0.12280364526434837,1.1963902002810587
2016-01-29,-0.3519155351705986,-0.5216390446674205,-0.7803319259361481,0.7656688620876715
2016-01-31,,-3.0,-0.6887024353729577,0.9776867252926867
2016-02-01,-0.5450512201007184,-0.46960641459894803,-0.5665785119931384,0.6936993571737996
2016-02-02,-0.6606243098773825,-0.8267090077801766,-0.6625950447340766,1.1088451766597103
2016-02-03,-0.7509517358150002,-0.7997896261562863,-0.370852167995482,1.3939372167159831
2016-02-04,-0.7221907938205789,-0.5049911902013142,-0.00885510132438956,1.0240004460222034
2016-02-05,-0.6977365680051351,-0.46840220137307365,0.355918595468108,0.8651708096705414
2016-02-08,-0.6024304075801664,-0.5994572678265843,0.4106707356879134,1.0333486545773682
2016-02-09,-0.8484504424185834,-0.624542389572294,0.8224591809003406,1.1421553479100182
2016-02-10,-0.950284606343146,-0.5382820817990203,0.8805763362379041,1.1647321334794767
2016-02-11,-0.6879123242785915,-0.7522806989371587,0.9623995748100336,1.7726555678678724
2016-02-12,-0.6285387992147183,-0.7190972276581059,1.2177023935608873,1.92464071663177
2016-02-15,-0.8320060235864185,-0.5077853620525785,1.2037072509331175,1.3298269942634628
2016-02-16,-0.6607553016500889,-0.48807684775698007,1.0350144800439838,1.2109388824190896
2016-02-17,-0.7568459257775447,-0.28113196606210944,1.511000960168788,0.7786373821356241
2016-02-18,-0.6698673301272537,-0.18731158333009262,1.2230243462341384,0.4633621438524134
2016-02-19,-0.6368711627585234,-0.26215873715938864,0.8946684067640516,0.6167406061688404
2016-02-22,-0.8433781275505768,-0.06554557963133172,0.8096534716056499,0.4958741299811745
2016-02-23,-0.8602825398180305,-0.11328652758636219,1.0567692844821124,0.5504862191834581
2016-02-24,-0.9124740616991226,-0.16708218162634794,0.8936989357686163,0.8571583463449066
2016-02-25,0.21546760415892238,-0.034872261128104334,0.5603308421863328,0.9028514588026982
2016-02-26,0.5941302665012249,0.02916710723718955,0.8519386637436965,0.6411877631238088
2016-02-29,0.46442842962847874,0.07696775263627945,0.8210664825932019,0.5889075722427106
2016-03-01,0.42932081362403873,0.38548257518411605,0.8150238360406377,0.2969750384518673
2016-03-02,0.38024377058038145,0.6770316408348052,1.2735005856382275,-0.14693866941691294
2016-03-03,0.4234128090747234,0.8098305646364654,1.3532383861049373,-0.5419306693449544
2016-03-04,0.4182195224202917,1.0302393085608146,1.6666497220446361,-0.8642152383965415
2016-03-07,0.31783042931116734,1.0507001188810103,1.8126390774993506,-1.0008275631813364
2016-03-08,-0.17361502687909006,0.957966272949776,2.1334186133059636,-0.8633117734449379
2016-03-09,-0.014264894108294733,1.0420235398274014,2.2322876788629844,-1.0107507442142376
2016-03-10,-0.1245115040954307,1.1372055243483357,2.535865184216233,-1.3193673884759087
2016-03-11,-0.4283924829475009,1.2728902288228687,2.7098575228609527,-1.4112333370460552
2016-03-14,-0.4780718943005413,1.2558255745069506,2.4828368304399344,-1.4854358916725183
2016-03-15,-0.3463858416120093,0.9885399856280599,2.3591374047933393,-1.2724751540712445
2016-03-16,-0.4650279987565555,0.9701199764706144,1.905819123790007,-1.1504487594965698
2016-03-17,-0.3961463003331924,1.2759475688629325,1.866972882414856,-1.6408474516048928
2016-03-18,-0.37078875426007507,1.383460284332293,1.978153917923732,-1.721915635757923
2016-03-21,-0.4010617279896967,1.3336278300343003,1.9825467921931246,-1.7875238515779255
2016-03-22,-0.27812569486228506,1.341878409897785,1.9138420599402564,-1.8167714648299236
2016-03-23,-0.1361454598454318,1.0806308243915081,1.733337524423484,-0.48347362582004405
2016-03-24,-0.05153061878480773,0.9696209521289558,1.6679770237493223,-0.2820610618347188
2016-03-25,-0.9402514261949335,1.8207835238066332,1.6866551351602752,-0.9410521685540978
2016-03-28,-0.5372173311665767,0.893954108061707,1.4910739260823538,-0.27120996232747907
2016-03-29,-0.5953916737634433,0.8734576216334293,1.251613436142403,-0.12134769436736514
2016-03-30,-0.6135884943451875,1.091417472397131,1.0159854470864667,-0.671430383108008
2016-03-31,-0.46094161921300203,1.3634682392639392,1.4111272931052794,-0.7663721495990307
2016-04-01,0.3792839109402542,1.1850813618320375,1.261446505554482,-0.4185127253640707
2016-04-04,0.6010490654540349,1.152770430922647,1.0911779729577566,-0.4117127655002337
2016-04-05,0.7290383725216926,1.0397469354357853,0.9679406517671296,-0.07620380620298675
2016-04-06,0.7724109527210046,1.020145149344254,1.0122549398244072,0.12438086607056535
2016-04-07,0.8555653226532919,1.0296187087023863,0.9213302679291713,0.04866569564141017
2016-04-08,0.9199307721549087,1.1341291122757822,0.7825124273452673,-0.16132155271394485
2016-04-11,1.1200104271674962,1.1641868374258797,0.8099863332757562,-0.3325901205490005
2016-04-12,1.3714036178356968,1.3082660501344734,0.7993038857010789,-0.5490807982990209
2016-04-13,1.4119376397930419,1.514391999680557,0.7349272339667159,-0.8927808733385615
2016-04-14,1.3740502806825643,1.6074607476865561,1.045176667693518,-0.9713236396650732
2016-04-15,1.757448272551471,1.5498540327105486,0.7597240815957511,-0.9558290773223419
2016-04-18,1.6751253863263575,1.6266899654827318,0.6467071423350147,-0.7992288220715987
2016-04-19,1.3735419091718055,1.7292928610493106,0.706364483065326,-0.9797209389511338
2016-04-20,1.2852119419558126,1.5918036378690175,0.8175920850038421,-0.9485162872484028
2016-04-21,1.2220404611576503,1.6088044801686125,1.097248026495753,-1.0840226825869053
2016-04-22,1.2951088411838407,1.4867455117055708,0.9554478106841827,-0.8603754622842261
2016-04-25,1.2589289763474358,-0.04158840932558522,1.0366953139554504,-0.7014824491893992
2016-04-26,1.3050832917739112,1.3971413657254461,1.097491852234272,-0.8318529063250529
2016-04-27,1.2914682919595408,1.3193199565019216,1.1722399952645866,-0.7755575366790337
2016-04-28,1.2400465204305828,1.3490473725087795,1.253651164652146,-0.751921189017485
2016-04-29,1.2590307659998725,1.25055844175266,0.8873400441822056,-0.37816351318041636
2016-04-30,,1.2023214960673034,0.8174192367562926,-1.0001963512993943
2016-05-02,1.0677386448997113,1.1598193144261093,0.8280123369656803,-0.21391388820298174
2016-05-03,0.8793433385013321,0.84516553896961,0.8990947934114358,0.09968888810096738
2016-05-04,0.7838814500702924,0.7179490478053607,0.7968436075484122,0.31217742296588663
2016-05-05,0.7439084696759449,0.7242440180714884,0.815246591492365,0.4296064126810896
2016-05-06,0.7519300897416934,0.7187298156849206,0.5973646949782998,0.491444831723027
2016-05-09,0.633550530106711,0.6688839257674594,0.4269207570636024,0.5640768017123613
2016-05-10,0.6099940196262689,0.8466571535433584,0.13903331083702206,0.4956201846054401
2016-05-11,0.5185727671070471,0.8863122973213743,0.24255783161868713,0.4644999109838465
2016-05-12,0.1761098412124034,0.8494737321947231,0.11350029164496751,0.3874623538216829
2016-05-13,-0.09877325992683787,0.72644518714585,0.14631892742699032,0.6380990600974923
2016-05-16,-0.3087061380749944,0.7538619545724294,0.2043866073928827,0.4598847718005048
2016-05-17,-0.29029119205026915,0.7639014417402259,0.14889264092431598,0.3152849936520273
2016-05-18,-0.2784316258042088,0.7285289319062974,0.1447876861138027,0.3158077834642181
2016-05-19,-0.10100423829048166,0.49135911731810045,-0.16109412375490623,0.6738161221960436
2016-05-20,-0.12651781189972483,0.6078826494799077,-0.23540523131900612,0.5678827407622661
2016-05-23,-0.15465478172253103,0.7386136525804389,-0.11386750581189811,0.419269845738796
2016-05-24,-0.30841343980295305,0.7230665702868126,-0.31792032220385263,0.5482995752507256
2016-05-25,-0.3534724570596018,0.9503428581824763,-0.25728508649831316,0.17776820769091192
2016-05-26,-0.36557089540102117,0.9772477781985641,-0.4319071051428289,-0.5076530123322732
2016-05-27,-0.4474138900239124,0.9559604507754312,-0.39880900295129923,-0.7149933979651801
2016-05-30,-1.6305760156194518,0.8681167227274984,-0.3612958508943758,-0.682586892265464
2016-05-31,-0.18080480572436958,0.7336876167629035,-0.4671775897577433,-0.682043771479698
2016-06-01,-0.021675881538719678,0.7372316239752574,-0.1766723245536407,-1.3179098635682067
2016-06-02,0.3021093274881047,0.7521010606791252,-0.22317773297379004,-1.254456346517802
2016-06-03,0.29641988441411077,0.8542121367611971,-0.194767288149497,-1.2156026820547647
2016-06-06,0.4184128664793601,0.909603222109464,-0.051578043205514006,-1.405987080170446
2016-06-07,0.5642005878228802,1.0476477971763465,0.1499816781535861,-1.5629563999217442
2016-06-08,0.443429364032583,1.037417255831605,0.21317357989578684,-1.6175648058858634
2016-06-09,0.48758138397928125,0.8887118959336141,0.17689182963575145,-1.467605443500598
2016-06-10,0.21124382892528576,0.6662001601946647,0.1014625885192185,-1.1645063485473612
2016-06-13,-0.32793667643593993,0.4533313866247231,0.5660587129392639,-0.8337760338265431
2016-06-14,-0.34524678323683206,0.2185108193275644,0.1531837193533834,-0.6384633934809472
2016-06-15,-0.41654885635126904,0.306771570521743,-0.007573416270194331,-0.793423116680947
2016-06-16,-0.5009619095894987,0.09623758450710258,-0.36076851862637416,-0.483702096980028
2016-06-17,-0.5027157776209967,0.2548581174665718,0.16411100029637635,-0.8113574401291582
2016-06-20,-0.6547488089984498,0.5170552851033948,0.23530686564276382,-1.209791725568393
2016-06-21,-0.5976162363145809,0.6354983958649231,0.2812365138381281,-1.3028377987659068
2016-06-22,-0.6773359539369913,0.7578333158214635,0.673582037559134,-1.364730185982956
2016-06-23,-0.6620146605710181,0.9273034629500975,0.34814193708997293,-1.432762831761446
2016-06-24,-0.554285910701234,0.5332119178438859,0.8395588973290509,-0.8029425346185071
2016-06-27,-0.558002992396366,0.2174339126627857,0.0809192358960224,-0.5057029402885013
2016-06-28,-0.7308133885252656,0.31935394093893255,-0.4652794022459684,-0.6815634694226512
2016-06-29,-0.8495015199061994,0.5936127251840115,-0.2791196368123935,-1.0436469523635707
2016-06-30,-0.6655482690774752,0.702362956524412,-0.531751154464907,-1.1519071884849688
2016-07-01,-1.2004363636817492,0.8676038003707368,-0.3618428385622284,-1.2519969805779834
2016-07-04,-1.2150324617201034,0.962130530275548,-0.12716843874005673,-1.3068151920612812
2016-07-05,-1.2204201267774275,0.7797922262737415,-0.3028920965970234,-1.0653946785150072
2016-07-06,-1.2520073668940148,0.6490918665634166,-0.3352805626086518,-0.7629637452886516
2016-07-07,-1.2740847577377208,0.6848275166606074,-0.5082293796787745,-0.973622470965394
2016-07-08,-1.2667029395747904,0.7242619921746055,-0.6018369327027298,-0.8199548387929871
2016-07-11,-1.4900839840964686,0.9843828917833514,-0.025800560900644857,-1.3717522767697679
2016-07-12,-1.5065570474043608,1.1412581615734274,0.34841745227465865,-1.46919759415176
2016-07-13,-1.4993026312546223,1.2281978940450635,0.4189483118027871,-1.4715509188459144
2016-07-14,-1.4990553135339435,1.3942089033079077,0.6794661702627607,-1.5929610754804027
2016-07-15,-1.1076901356424529,1.330675421196637,0.7549971983154363,-1.6700117166122537
2016-07-18,-1.0107322467856552,1.3394756699690966,0.3981564293579525,-1.58232642604707
2016-07-19,-0.9640922283679852,1.2438523739745517,-0.010020715187443017,-1.5677239173948254
2016-07-20,-0.9893417128033809,1.3402950371222915,-0.13450215390750764,-1.543920571682388
2016-07-21,-0.9931627733325147,1.3231237956096986,-0.13200649307075202,-1.437925917881611
2016-07-22,-0.8935314424558313,1.2653562137278427,-0.4109840613197986,-1.3873574265037945
2016-07-25,-0.8576638314965062,1.3252909409005533,0.43475895355265953,-1.4614150313259462
2016-07-26,-0.7275192656374475,1.3485199137486004,0.7187434965896661,-1.4779731609378144
2016-07-27,-0.7058712828530718,1.358072058474497,0.36406079875544944,-1.4489865400119257
2016-07-28,-0.6668969697694319,1.4323799466462295,0.051650840485839414,-1.3844988531157438
2016-07-29,-0.46018938755214717,1.5472993567582285,-0.09823609004456113,-1.2155067955725172
2016-07-31,,0.6358859602726282,-0.0967476937090516,-2.3048608021014285
2016-08-01,0.010584708324928404,1.6979846598474562,0.13609490915056488,-1.4217476645978653
2016-08-02,-0.05500369682307459,1.5745434571017345,0.39440063656370145,-1.391614277799594
2016-08-03,0.09498922429303674,1.4005719944562969,0.0019044145151527003,-1.1693951182569666
2016-08-04,0.16263169849027836,1.5324788639946525,-0.04449257452632996,-1.250321480471101
2016-08-05,0.2660859349693451,1.7085723740341132,0.09071592985171381,-1.431741747295909
2016-08-08,0.33638025586221204,1.7875131526057983,-0.21847189535547745,-1.51951016410292
2016-08-09,0.589477802031421,1.9257098434747943,-0.3812576910749803,-1.5075199434940707
2016-08-10,0.7076481403746588,2.228873764984842,-0.16618631343451767,-1.5486347211213465
2016-08-11,0.9292476173145771,2.113553697909295,-0.1592049558299546,-1.585393707950659
2016-08-12,0.661053124189637,2.0436836108391154,-0.42372907353509537,-1.5751446917476135
2016-08-15,0.35588541267550167,2.0083287090978916,0.072368000974281,-1.6055166896136959
2016-08-16,0.33865441728980766,1.9923452703968867,0.48275637260221893,-1.6290149948934856
2016-08-17,0.3567783763396711,1.8173437451017653,0.3747744376230212,-1.4910776269621189
2016-08-18,0.3260672972053445,1.938601770565671,0.41380239104879635,-1.4805520411508648
2016-08-19,-0.044822993242275976,1.8276789350504126,0.4423228549969726,-1.4361714845199063
2016-08-22,0.023452414216357284,1.5796116293422144,0.27096700762595827,-1.3311639747786834
2016-08-23,0.07941710345756026,1.664279800597211,0.3750019699820252,-1.3305698037886502
2016-08-24,0.10060583075807453,1.5915757595408038,0.7814406912242702,-0.8011850903594372
2016-08-25,0.12182129885550065,1.547158522996201,0.8052595097418626,-0.8444542300588808
2016-08-26,0.06276961903395135,1.5407532564693784,1.14929292430168,-0.8983949007529515
2016-08-29,-0.0341051697610095,1.4005398144878292,0.5724840441237278,-0.5837357822871532
2016-08-30,-0.148069374851032,1.4200706234100855,0.44544031907474035,-0.7790944256727097
2016-08-31,-0.32945948728129587,1.253369674987042,0.4037343586620667,-0.650355575263307
2016-09-01,-0.16351125138591557,1.1623361524884495,0.5048551659814247,-0.6161558422117035
2016-09-02,-0.11491529520381849,1.180017718365989,0.23517363997453275,-0.7187805106289572
2016-09-05,-0.19008662027232148,1.1916900455810056,-0.1821378970934351,-0.8450725028144733
2016-09-06,-0.3289637065879721,1.314547234469983,-0.2251697568452011,-0.8745285813548744
2016-09-07,-0.3925237561367404,1.4740839977167586,-0.11342887686099576,-0.9171365825997594
2016-09-08,-0.6467692295224209,1.5796850241987075,0.15994022521104806,-0.9092650220698969
2016-09-09,-0.7617701365025512,1.380871394428536,0.5620390009300869,-0.8689407657799143
2016-09-12,-1.2452322618695404,1.1772801161799484,0.01538394806312963,-0.475239914465249
2016-09-13,-1.0538875427411403,1.127401572112891,0.19965189014207713,-0.6417053259998101
2016-09-14,-1.0081942514038673,1.0665597005391494,-0.14197105156612622,-0.5695824781015681
2016-09-15,-0.9339537910268301,1.0430113630409366,-0.395227322140566,-0.5491177012953191
2016-09-16,-0.9404432522373767,0.9177770240386547,-0.6119903383451196,-0.5032675486145449
2016-09-19,-0.9534580486014672,0.962099640177469,-0.7850196208092508,-0.7009957097832381
2016-09-20,-0.8931655240142955,0.9394608096531413,-0.44582993024177214,-0.7293062858122806
2016-09-21,-0.9739652195647478,1.0139023733678143,-0.8846088987110367,-0.6958799910341867
2016-09-22,-0.9740736016828083,1.1499094129735663,-0.9172244170719801,-0.8360586870628833
2016-09-23,-0.973521181990274,0.9529045105085788,-0.9640194120306057,-0.7814767284652191
2016-09-26,-0.7972751449844234,0.6915825940132804,-1.1402811946379106,-0.6218282829394636
2016-09-27,-0.5880391828076895,0.6481202470375022,-1.2357243181556439,-0.6391194064162367
2016-09-28,-0.49141726781770884,0.6169693622381011,-1.338431714083303,-0.5991997476717715
2016-09-29,-0.5158984616871376,0.657479522722358,-1.0151236013184046,-0.6918731511257122
2016-09-30,-0.4418670907808175,0.6296640966449845,-0.8262284863009084,-0.44686680086788444
2016-10-03,-0.37509924056620647,0.7111678535197109,-0.8035316743629651,-0.6361748722912852
2016-10-04,-0.3882702081633064,0.7492398832873378,-0.7048884797201819,-0.7928437703956325
2016-10-05,-0.3898379363780443,0.7529258804390389,-0.653779045333371,-0.7505086551175897
2016-10-06,-0.42045385749766,0.7074077654565526,-0.8119813523956543,-0.8063387344680785
2016-10-07,-0.3413932201982914,0.6408256897936201,-0.9729249205059898,-0.7778661773088784
2016-10-10,-0.3776579801502552,0.6519610088922156,-0.8733440329044497,-0.7734712470585493
2016-10-11,-0.33894134028318534,0.39358619159645586,-0.3344941125744373,-0.7059507332228692
2016-10-12,-0.4830980515938351,0.34867177126319715,-0.3252606107385572,-0.6739780137410485
2016-10-13,-0.8760039520623135,0.2658361529504638,0.1291063198783494,-0.5101523567078211
2016-10-14,-0.9528818940066826,0.38753761068528264,0.11108811681376328,-0.6410944483510166
2016-10-17,-0.9202009948019305,0.384197112736895,-0.057163827282205225,-0.5609852545420962
2016-10-18,-0.9701760494556311,0.5611699776529696,-0.2198383041955345,-0.7350291151430516
2016-10-19,-0.9426945943288929,0.6114513621507518,-0.322870341222857,-0.796739690116745
2016-10-20,-0.8121633051890482,0.574855969918939,-0.39014768722985693,-0.7875845052898448
2016-10-21,-0.7341491660890253,0.512816883031145,-0.669152820604933,-0.7977884750411858
2016-10-24,-0.7110284900266963,0.6040129718649059,-0.5724798906597877,-0.8730847043726837
2016-10-25,-0.6322971189456286,0.6621369927109145,-0.16929803688063413,-0.8513394564307328
2016-10-26,-0.4165764982124285,0.5922131658790666,-0.06568257495807264,-0.8046803878612147
2016-10-27,-0.3480873177703848,0.5338254436985743,0.10089237454874636,-0.7657851442432098
2016-10-28,-0.16644242968219705,0.5201904575049159,0.22648858490426022,-0.7463158501301861
2016-10-31,-0.09526111511411743,0.525453871391268,0.05113068193140518,-0.733981361629023
2016-11-01,0.9943231177550186,0.4836434046782267,0.22409432848386096,-0.7142045097181307
2016-11-02,0.8499850988552319,0.3053405565690387,0.08572804752786714,-0.5173073763097924
2016-11-03,1.1306817646987402,0.15564078783139298,0.6314913682375647,-0.5154410875739851
2016-11-04,1.149090890578702,0.05427544929133864,0.39503648373517547,-0.3763728122391903
2016-11-07,1.4463913825879857,0.23001234205980503,-0.03726944927815315,-0.5648792756572598
2016-11-08,0.9596651087486826,0.3055990985237656,0.12292372445863603,-0.6662684142583258
2016-11-09,1.1031561315495138,0.05627684294635292,-0.6800815636518808,-0.27700087978003146
2016-11-10,1.0406490588401598,-0.07718541029529832,-1.1427941901122682,-0.18135258309893001
2016-11-11,1.2493615750409746,-0.30440648377068286,-1.1665971504266317,0.29543682166027535
2016-11-14,1.281971130944781,-0.47589637846887844,-2.2112151218439484,0.34219860881099506
2016-11-15,1.3049177163896502,-0.3560782353426407,-1.7960138053477737,0.2972665632587438
2016-11-16,1.3830013849659093,-0.19612050657297705,-1.932394968793152,0.33318226743279955
2016-11-17,1.2250119599687812,-0.2117950134978617,-1.9201189470229938,0.36402927638485844
2016-11-18,1.2021727618720746,-0.2659253354502406,-2.258993822030464,0.4005795781363751
2016-11-21,1.188750374720292,-0.19855693428035204,-2.2974278655859126,0.36168128252761833
2016-11-22,1.317543799992278,-0.02673535050844715,-2.2829633944951886,0.20600194352948892
2016-11-23,1.336281347698191,-0.020285774100015645,-2.208370988607933,0.16124463496746544
2016-11-24,1.218505888176825,0.015597625003111328,-2.0100083046095074,0.2475587296136964
2016-11-25,1.2204614509501386,0.008263361570988871,-2.1373897240137887,0.19638001089031382
2016-11-28,1.2652027048421752,0.15724230324306496,-1.8922357757258272,0.006203639426645783
2016-11-29,1.2083795652166829,0.19721993339632674,-1.7493852614254772,0.1316588165385261
2016-11-30,1.1829960078609876,0.2740621709128962,-1.443882010131554,-0.01659211412786378
2016-12-01,1.284226895035491,0.11238805622327044,-1.0616407548819728,-0.0007633782693971456
2016-12-02,1.5106229815527217,-0.12214835162681309,-1.3320686085075506,0.20312760909859082
2016-12-05,1.585790703531396,-0.11821116265231471,-1.1672195374699676,0.20104753971719178
2016-12-06,1.5260458492148818,0.057067892944491314,-1.395402047585621,0.029841288282310304
2016-12-07,1.534042666695102,0.18117993145255568,-1.459524035243087,0.03758371564042725
2016-12-08,1.9072408185846872,0.3051883766131917,-1.5243785441052335,-0.16751775737002841
2016-12-09,1.5063577181709726,0.32220300264154544,-1.1476177893691235,-0.1424638798747579
2016-12-12,1.330932607929455,0.17123981390501855,-1.0176606454655177,0.03267180750063541
2016-12-13,1.48388017910022,0.3368156275355978,-0.11365086966966205,-0.07746762654879327
2016-12-14,0.8951884319090379,0.28340657331342367,-0.12222697729760745,-0.1280571536976111
2016-12-15,0.6263124935217476,0.04002091043043385,-0.3389716760440368,0.19734333608336763
2016-12-16,0.6688870332017484,0.027679962665135557,-0.511794887367374,0.1663133269939652
2016-12-19,0.7166967823089655,-0.09306321231675667,-0.6527485915114623,0.3075328047021356
2016-12-20,0.7460217050263357,-0.11809439445978154,-0.5606284836481631,0.3219312276406601
2016-12-21,0.6933326629156402,0.05446220436051783,-0.4989848432064901,0.3322269465311812
2016-12-22,0.44561613925471416,-0.03563205260015973,-0.5221654025919684,0.5105697495585465
2016-12-23,0.6380919246198795,-0.0332116774244619,-0.5504650395656853,0.5725407313274118
2016-12-26,-1.6953887018271852,1.242474191454997,-0.4403902925720414,0.5164118601019434
2016-12-27,0.7499501814301884,0.19653328101937614,-0.10739064280528554,0.4810519527799689
2016-12-28,0.7998028568695423,0.4316632336695916,-0.1774843586726406,0.30607845067481554
2016-12-29,1.4749167007844557,0.49276528234670647,-0.22113049574936322,0.15160147864798842
2016-12-30,1.5675940670141604,0.43011181875276044,-0.2435813575007152,0.04428468106673203
2016-12-31,,-0.17153682414578067,-0.04003437673405981,-0.8314228844085824
2017-01-02,-1.3932702864599829,1.641621250129074,-0.3089178289581127,-0.06226392426340128
2017-01-03,2.1961529896689806,0.6068692307179704,-0.5057444890544037,-0.0468401531570474
2017-01-04,1.9446466613803348,0.7089622621770642,-0.49841779150274285,-0.07530591600120962
2017-01-05,1.7293350435216517,0.6952642403714138,-0.6211876446822858,-0.24391024731821498
2017-01-06,1.8106010825548047,0.9010135146778522,-0.6610382731546917,-0.25913608539787053
2017-01-09,1.9324506352892614,0.8032856093033874,-0.726918218458662,-0.13404948574549536
2017-01-10,2.0083959976406134,0.7453319778362948,-0.8413350334501872,-0.30878728353196777
2017-01-11,2.1197606381579663,0.603001799872868,-1.394538170538397,-0.2352601902451227
2017-01-12,2.417531808368317,0.8128631298369036,-0.9200350281439895,-0.4385658618018521
2017-01-13,2.4699995786772977,0.6227801556437401,-0.989207562940557,-0.49667577811955066
2017-01-16,2.4538310581155542,0.42663210474116037,-0.7737552496290215,-0.3354877433927749
2017-01-17,2.4306413488882295,0.3402777512854448,-0.7014423458481146,-0.39275352113480055
2017-01-18,2.3840176992566167,0.38732460539604685,-0.5663597496517326,-0.5271703739781274
2017-01-19,2.430874578698391,0.35281986818838007,-0.589455517020285,-0.4918051104048732
2017-01-20,2.413103456889561,0.35503293744379577,-0.738641228252234,-0.42754330259786855
2017-01-23,2.416310469015431,-0.866524726444729,-0.7196794834312973,-0.5746746469013507
2017-01-24,2.588242762053619,0.5183889423704285,-0.6989715779395583,-0.653729752347594
2017-01-25,2.4081691958554328,0.6370945553501476,-0.43179008340442143,-0.6828313073934563
2017-01-26,2.340239063753681,0.7111184047179496,-0.503014812386412,-0.6708109145416249
2017-01-27,2.3075864111353117,0.7374239507510032,-0.4194210436522718,-0.6224354214381941
2017-01-30,2.0778682103967894,0.8336601243153235,-0.01778540281417424,-0.6486971460635829
2017-01-31,2.027521325593103,-0.6227603073514517,-0.03406885748578671,-0.49642505740756204
2017-02-01,1.7480869810840036,0.7316603816089274,-0.18761351889961078,-0.4846690747916567
2017-02-02,1.6209656847978842,0.6917858510261878,-0.18340564241174656,-0.4714270673328685
2017-02-03,1.8021088333382616,0.7481236850986683,0.02167079306331135,-0.47468081126880945
2017-02-06,1.6457796832524787,0.73754733203205,-0.5106728585328263,-0.5348018440689497
2017-02-07,0.9844635100905438,0.7415236997448413,-0.23856748651170737,-0.4569422324695399
2017-02-08,0.7473878174516109,0.8082904322406476,-0.42901510597611503,-0.3622793806825172
2017-02-09,2.8319701790212917,1.0102481662931444,-0.022452625439256944,-1.9145257209589928
2017-02-10,2.841781746937596,1.1221559284232225,-0.15644007672879545,-1.8972489547035187
2017-02-13,2.739606669770869,1.1374253139407573,-0.07945411315953634,-1.9122204228884296
2017-02-14,2.6525030617933525,1.1016459342813354,0.10536554856147758,-1.8408381825374183
2017-02-15,2.365471190128958,1.202228516747866,0.39487499991645236,-1.8743117971856647
2017-02-16,2.3300488627891447,1.0879451826178772,0.06444732895370606,-1.8861793454883233
2017-02-17,2.4897455144615876,0.7558310509919649,-0.11063600997037384,-1.6947165767132657
2017-02-20,2.388019265285278,0.7555861697900869,-0.049837961419730556,-1.7199925064288482
2017-02-21,2.2368571360356926,0.7980159423053013,0.13863275926593793,-1.6689090604308656
2017-02-22,1.834858817681209,0.7728250743952841,-0.09553848018212585,-1.7136402377037943
2017-02-23,1.7053183530972151,0.7989127860060021,-0.07329421738839463,-1.6134608627036306
2017-02-24,3.0,0.6007916857804578,-0.29510253668609826,-1.4049762380195536
2017-02-27,3.0,0.5350551695932875,0.17093565323194898,-1.339915878323093
2017-02-28,3.0,0.41756030903560437,0.27005786613798644,-1.3355723135060575
2017-03-01,3.0,0.5332591360208996,0.5775375065466134,-1.3173551884629484
2017-03-02,2.9467035215041104,0.556875180223355,0.31965949548371153,-1.354983763462028
2017-03-03,2.8636023322144664,0.3928644896524523,0.13755098654599518,-1.2029377148639426
2017-03-06,2.768989583560617,0.2862578165430987,0.05848480992428611,-1.290548450757545
2017-03-07,2.677751926486553,0.2666704846829309,0.4372052320621241,-1.3194879754563587
2017-03-08,2.4156675783573434,0.18544828908363156,0.35655774649449495,-1.3179904970378045
2017-03-09,2.3315055685684336,-0.006371330413117559,0.47375703504144173,-1.1484603133579365
2017-03-10,2.3470230460921253,0.03749891670335306,-0.04771478342028241,-1.1227606174714446
2017-03-13,2.2017817949302088,0.34979066845918433,0.00948407318097314,-1.3364208359051433
2017-03-14,2.251635787011223,0.41832558138490794,-0.16966825295938362,-1.4767083496978795
2017-03-15,2.1200375662856654,0.40096643230819173,-0.8311799886299163,-1.3369612638820993
2017-03-16,2.04077464718546,0.7342855242877806,-0.4757421019659663,-1.6293383065703184
2017-03-17,2.0103636590313263,0.6809087845228382,-0.2605874053272762,-1.609550656413153
2017-03-20,1.8677415585228458,0.7240775605763555,-0.2612267200043955,-1.6590884729993438
2017-03-21,1.802471728984989,0.8277338107628043,-0.007335080691573454,-1.6299694849557769
2017-03-22,1.7244138813488021,0.6768170933461242,-0.10706383034192998,-1.5411975131351947
2017-03-23,1.6716713645234307,0.760835494101078,-0.055473700161578446,0.8136529618050931
2017-03-24,1.5956181110022156,0.788513659332726,-0.0644651601268523,0.8256203605506743
2017-03-27,0.4997681054092638,0.707595167234802,0.3028990877336085,0.9167605477798232
2017-03-28,0.45911248103261587,0.6620021015298458,-0.10558308157917017,0.861218177037108
2017-03-29,0.42135217929739105,0.5996946828488261,-0.2991183031665642,0.8960905374964779
2017-03-30,0.3230693937973709,0.4917022776221077,-0.5303176323209439,0.9611478942885077
2017-03-31,0.27012857268271034,0.05339457650170682,-0.8685149048843687,1.2509851314621347
2017-04-03,0.23061000441744517,0.12197079927072853,-1.080993944950187,1.047680423107787
2017-04-04,0.16475279239733223,0.08630740718192835,-1.1210853767937385,1.039674873355825
2017-04-05,0.24398885349180546,0.16642313520293134,-0.9539538527412064,0.8930596472715409
2017-04-06,0.20734827940422332,0.0020196014175962213,-0.9954047829121806,1.0220304171216705
2017-04-07,0.19847203069131442,-0.04453801727049389,-0.7048207402473399,0.9752731577752791
2017-04-10,0.05555038720024029,-0.14116858590472278,-0.4317236698797755,1.005884520304915
2017-04-11,-0.027122814190516858,-0.24540292163111216,-0.5658364408714985,1.0965225282870685
2017-04-12,-0.08447421927457391,-0.09789555369631532,-0.22706726011887812,0.9795583344196428
2017-04-13,0.04059030710404316,0.07389652848958939,0.06325944440046774,0.8900617797215991
2017-04-14,-0.23473501965577603,1.52738759050294,-0.4080816377435635,0.9302301124308403
2017-04-17,0.2759936362993819,-0.007501705780551629,-0.4359298313833271,0.9763183682874755
2017-04-18,0.2596244313656647,-0.08111674836574255,-0.5566361314139916,1.069623931991463
2017-04-19,0.23476952244614874,-0.13069918299552016,-0.27825818600987867,1.1757443295504801
2017-04-20,0.24095105087601867,0.04508543872339391,-0.17178985026393587,1.1079099822076632
2017-04-21,0.2124812393000125,0.13478718860240593,-0.16792198918761778,0.9530097608994108
2017-04-24,0.1530196457190864,0.3612238792660761,-0.6181990547133309,0.7232573854456205
2017-04-25,0.17940810573759586,0.5041828975687078,-0.5779897338557665,0.5688681654746429
2017-04-26,0.1922005918919476,0.4890683368341884,-0.9408212967097934,0.5519689580489736
2017-04-27,0.1933148532855965,0.39075600713934344,-0.9693422435889901,0.7379987901835605
2017-04-28,0.18624515981713957,0.35080124775502586,-0.9252485643968124,0.7358056821114244
2017-04-30,,-1.0624725307187994,-0.4273022031665378,-1.5325494915314093
2017-05-01,0.18762779237377186,0.46108552399897396,-0.22725400074227523,0.6882149458132336
2017-05-02,0.09897700774625393,0.6400956332708133,-0.3147059127350063,0.5675109386091037
2017-05-03,0.029156267887553725,0.570428586650451,-0.11675554701894347,0.5564858868584625
2017-05-04,-0.021892679532656133,0.4186526313655754,0.05132734415765489,0.6093395407636407
2017-05-05,0.04353886353200379,0.41184953438109334,-0.11217117443396624,0.750222040614775
2017-05-08,0.005251167232938871,0.6506058096729352,-0.06474359293203333,0.519004742909893
2017-05-09,-0.029705620721001653,0.7110332196937644,0.24076103340905416,0.3838196008213522
2017-05-10,-0.03643857557657266,0.7212407700651361,0.36838902262610707,0.3148504875352793
2017-05-11,-0.04692173128883417,0.8137814692145089,0.6813880929338089,0.2583284673271413
2017-05-12,0.03940987265613734,-0.9157342787790168,0.5530305716900377,0.24398225269485171
2017-05-15,-0.04030633613521402,0.8021133098120036,0.6155179515596717,0.1681721741356961
2017-05-16,-0.02047325015746753,0.8443404425538097,1.0962952260293735,0.10130023473231256
2017-05-17,-0.05991190402245559,0.6187795523139881,1.671802763592182,0.7174384125182277
2017-05-18,-0.09309443998103058,0.10284554617948787,1.0352110278866267,1.0087313216845568
2017-05-19,-0.09168281669654146,0.23409147351847076,0.7266195915649571,0.9738634476237603
2017-05-22,-0.13467763357842352,0.2904239831464139,0.2856232793280206,0.7821585033043353
2017-05-23,-0.16385986795308383,0.27099017363949207,0.17574984353849235,0.7700015063317015
2017-05-24,-0.36690054661875793,0.298235078108049,0.041558458517038335,0.8204880080488046
2017-05-25,-0.4259634391166796,0.38836133775091597,0.11069459665332539,0.6297133522158725
2017-05-26,-0.4225785434520305,0.3958899518972474,0.038343292712655797,0.6350967126744826
2017-05-29,-0.7177135986296531,0.35927542978889226,0.04123116978731732,0.6587756666702298
2017-05-30,-0.5264257109220498,0.3180173341371893,-0.10276852565663874,0.739153673807014
2017-05-31,-0.7187764854112362,0.28637003133506433,-0.25762565712285734,0.9191964053177678
2017-06-01,-0.8880746816194172,0.3457242759052355,-0.4980138239723743,0.8854560310247283
2017-06-02,-0.8944731655038765,0.38039680919144125,-0.8199731029448517,0.8440073738459276
2017-06-05,-0.8894918059028146,0.5379207484213797,-0.36784648621715965,0.751405708583301
2017-06-06,-0.9180707358812078,0.47720245226762464,-0.4790687634819188,0.8157774185899842
2017-06-07,-0.9407552959383213,0.3449345508613103,-0.42981997237349934,0.7779155226686447
2017-06-08,-0.8813485468161948,0.2612580463824154,-0.6647275612498806,0.7274306159472809
2017-06-09,-0.9659296164729041,0.24931934367219535,-0.5206899030699916,0.6833502131840972
2017-06-12,-0.9763995082203439,-0.020551201937828608,-0.07732367266455614,0.824720722301875
2017-06-13,-0.9099297545942545,0.10067956466624223,-0.44399517365368535,0.8880886843230489
2017-06-14,-0.9198632699658054,0.2620643991165344,-0.5397958239645583,0.8207947962619543
2017-06-15,-0.8808404573071578,-0.004839287129077366,0.0738010652408441,0.906759983653489
2017-06-16,-0.8537572232332504,-0.18393451316143697,0.08564065169192027,0.9728647910529707
2017-06-19,-0.8463985999193333,0.002796791277418712,0.09329678530146254,0.7409661362150961
2017-06-20,-0.8501911279767951,-0.18520797458438662,-0.23614261790926386,0.7815506385382925
2017-06-21,-0.8532354494802821,-0.3159385840615912,-0.4645657851540245,0.7758135410012114
2017-06-22,-0.8105075714266623,-0.1381743929187568,-0.5296047149365837,0.7447521867272926
2017-06-23,-0.7932450173753873,0.007422999271558797,-0.5689336992895507,0.6418675153988349
2017-06-26,-0.8082669794719187,0.14006211448492153,-0.6221037512096549,0.5460501491875183
2017-06-27,-0.7897002525636475,0.10907022334888725,0.1962740664430488,0.45097760533485554
2017-06-28,-0.7944030827154935,-0.06379345887707634,0.1092112183674343,0.6517633515503017
2017-06-29,-0.796434801432365,-0.04121284677800755,0.9437033230692455,0.4309558632757903
2017-06-30,-0.5230629120619278,-0.1425623068037905,0.7920841028894992,0.5647978338775932
2017-07-03,-0.5556429601944647,-0.04634662362513804,1.1818791416843868,0.3559103992463049
2017-07-04,-0.5425731524808275,-0.2422742951990483,0.8384240367985581,0.5357145310311965
2017-07-05,-0.4607798887272024,-0.19784026933829654,0.6998179647783231,0.4583685315223962
2017-07-06,-0.4358471966685859,-0.2745533125600461,0.8952881814441881,0.43674617035849783
2017-07-07,-0.37348540057141216,-0.33126738927998384,0.6920207215390664,0.5778041995971629
2017-07-10,-0.4483644887918014,-0.16862862816112384,0.4974392007821477,0.4477560495562284
2017-07-11,-0.49075476464683243,-0.0435240571062511,0.4287638174968556,0.2952198073165622
2017-07-12,-0.5103781619084189,0.19293947394919217,0.2658497259726941,0.1526074996570103
2017-07-13,-0.4931611228278065,0.3928383007703067,0.5208567769543171,0.017472144524135504
2017-07-14,-0.5634014395799661,0.42019617941229204,0.19566656278107056,0.03198035618908267
2017-07-17,-0.5196806748056327,0.5297447910607652,0.45364296034717666,-0.05452329357417504
2017-07-18,-0.5217095642926922,0.4771371423416555,0.229323109185891,-0.005858237638209043
2017-07-19,-0.5344138035061874,0.5435198718479616,0.6969714319278577,-0.06373914651542907
2017-07-20,-0.5270557577858137,0.5057602482240613,0.9162273815172332,-0.011570394901002413
2017-07-21,-0.5044964049676063,0.5212207215755086,1.0373395508078018,-0.03380296568174984
2017-07-24,-0.5196827733222226,0.5355369131304922,1.1978816389621805,-0.09236173701190872
2017-07-25,-0.5194555873292757,0.43530880277383643,1.3457188085231264,-0.023597017133729806
2017-07-26,-0.5025013762975612,0.25735659184454296,0.8426754851715345,-0.007771955692024731
2017-07-27,-0.4148846646297512,0.3771797184861996,1.2730347332498522,-0.1931868418741918
2017-07-28,-0.4178068086189877,0.032401954185619704,1.254679214527081,-0.03218275577833746
2017-07-31,-0.4238827643669288,0.03243194131880615,1.0559302362962657,-0.19615602519690423
2017-08-01,-0.3176119811348808,0.06871161244695326,0.6190138335539308,-0.2062010396108737
2017-08-02,-0.32418936374641016,0.09718814723066055,0.883125953049718,-0.23008076750313994
2017-08-03,-0.31372746868995655,-0.17616005938038778,0.828549562074546,-0.07467982706202658
2017-08-04,-0.4771227315137354,-0.07939167839353338,0.6655932038575227,-0.11210533487353991
2017-08-07,-0.48485076797754806,-0.03843306394118534,0.39456206069528044,-0.24734414217712747
2017-08-08,-0.5230939731859472,0.06478672347211052,0.8723091812608276,-0.34645846490227217
2017-08-09,-0.5048106208664089,-0.2640735450821433,0.656817036843868,-0.107422643488865
2017-08-10,-0.4968856230004031,-0.614847587996337,1.6288585213523108,0.04309571115564434
2017-08-11,-0.3544793005557866,-0.8582965427668618,1.0177468000467753,0.34547885223600133
2017-08-14,-0.4817770522130605,-0.5039009322428449,0.6904353653370412,0.11668031333877174
2017-08-15,-0.4264288604266177,-0.36624300503016943,0.701540067292235,0.09933262542605019
2017-08-16,-0.35979990941493045,-0.2085629240636578,0.600010731000958,-0.000829837360383118
2017-08-17,-0.2910623300851051,-0.22840566798787545,1.2546798993326773,-0.1678010245061579
2017-08-18,-0.27379892917070536,-0.29522469757454056,0.964141988306418,-0.08902863190346358
2017-08-21,-0.5802406611727065,-0.21130678943537803,0.6736612004302156,-0.18509319935179608
2017-08-22,-0.578687029129953,-0.1526722349936438,0.11368079040885687,-0.2677562614628996
2017-08-23,-0.6263436172542458,-0.25716501842278794,-0.12169791954263366,-0.29248076411936785
2017-08-24,-0.6336051708077072,-0.10357283388597459,0.49179832729408685,-0.27358849355375087
2017-08-25,-0.6162782684258047,-0.08299585903323288,0.08973171636562713,-0.2584670295543632
2017-08-28,-0.5646521874493129,-0.03442189640680563,0.3111956154808934,-0.18474718581276076
2017-08-29,-0.5256521637935413,-0.02036184428288249,0.585403473820633,-0.03289110682761053
2017-08-30,-0.5620459238544914,0.2199835034519779,0.5075609717877378,-0.08858643185217323
2017-08-31,-0.6153967530675517,0.1949686953761104,0.11040169166742161,0.05984975734484338
2017-09-01,-0.5961482038910793,0.3797753296243328,0.5277925616476171,-0.026040147854716568
2017-09-04,-0.5140185299597431,0.06302063440076715,0.47211263376219315,0.19450957353584847
2017-09-05,-0.4918867179450191,0.11747328291713832,0.9099257557984948,0.2094664194065003
2017-09-06,-0.5061865527402079,-0.036718995898397985,0.7404124904960544,0.2966999524931092
2017-09-07,-0.5280715137091215,0.1943302902051336,0.9513804572565993,0.20499529156301094
2017-09-08,-0.4735442615780824,0.22321885526134821,1.6296753382797458,0.1647080169758037
2017-09-11,-0.5889244714863505,0.30891007028545087,1.7896597978765574,0.059656306079959996
2017-09-12,-0.625482586841082,0.4307426568783884,1.5376271183522034,-0.03385545907721725
2017-09-13,-0.6794443577405609,0.33249538299746306,1.1741034945716444,0.018514196848548593
2017-09-14,-0.8341770190384934,0.2992825715331229,1.4195524095049326,-0.011962827338024704
2017-09-15,-0.786693718177165,0.4194338992921543,1.5734037727191197,-0.05438875852227797
2017-09-18,-0.8067776387170047,0.637344921499344,1.6003672631821262,-0.3098597586857129
2017-09-19,-0.7725490704366069,0.5494135290360593,1.7288930727817127,-0.23194096106377973
2017-09-20,-0.7626151128907136,0.525725982516149,1.4542213825243537,-0.34261968357554
2017-09-21,-0.7304223765927953,0.2857557732956739,1.6414297786707235,-0.3113747136312661
2017-09-22,-0.7340680869111188,0.05583159268093479,1.259861736598182,-0.14351785657454866
2017-09-25,-0.7833489940462413,-0.2590248017585523,1.116218846780059,0.2278613907111198
2017-09-26,-0.7993543205638508,-0.45208489151508136,1.119859805677703,0.4882669842548899
2017-09-27,-0.8204300927104183,-0.5202820455263019,1.1345882957898048,0.41494792551117754
2017-09-28,-0.8454373792047566,-0.5701199887057753,0.925893245275909,0.5837253629076959
2017-09-29,-0.7996996028002908,-0.12413160242630786,1.3631154324934522,0.282247522146062
2017-09-30,,-1.1208994255400424,0.8983056112938738,-1.5776734305563385
2017-10-02,-0.6108811143571967,-0.06506558244125263,0.8661292736050566,0.2131068515025226
2017-10-03,-0.642094577050991,0.24187551151144826,1.235490522312989,-0.12972200628463595
2017-10-04,-0.6644279691457551,0.3793588477222972,1.185706834409691,-0.2368814632333996
2017-10-05,-0.6510052305782756,0.2695641653737568,1.233214599917798,-0.14675620203525094
2017-10-06,-0.6180071192685263,0.08963525224978836,1.0950700486854699,-0.22220811031822862
2017-10-09,-0.6263465303015311,-0.12369073435579707,1.0942144052465894,-0.14943454768193323
2017-10-10,-0.6625118593231746,0.0993312062655446,0.8360274827610955,-0.3497342567022332
2017-10-11,-0.6154317066546277,0.10634307534094112,0.7439994263828147,-0.38475426759376896
2017-10-12,-0.4618855124331305,0.16015675904182997,0.745782890325857,-0.4675218605475586
2017-10-13,-0.4891386212658446,0.21115469806208065,0.20228962021380922,-0.49034168881528056
2017-10-16,-0.5512621754242025,0.30915684465849536,0.32061795817510913,-0.6316687106945641
2017-10-17,-0.6103780029505809,0.11247514150766597,0.3800721801627945,-0.513824791455785
2017-10-18,-0.652002932169276,0.09856386260632916,0.4414985106661367,-0.5684091958909858
2017-10-19,-0.6808957563922339,-0.1648571591373529,0.4572440552477756,-0.3183180966552323
2017-10-20,-0.6759286826226575,0.018387721528580765,0.6226589490037896,-0.35648747692292987
2017-10-23,-0.6700692028325781,-0.04198102091002012,0.9321535521433556,-0.2925800775871844
2017-10-24,-0.6778610126684275,-0.1606598896547639,0.8898326298280853,-0.27370480141251236
2017-10-25,-0.6726327082763102,-0.2563269595545844,0.8201733067793759,-0.39560344443434975
2017-10-26,-0.49370562039534205,-0.5238048731034536,0.7258901947383486,-0.21730608299470705
2017-10-27,-0.47808090900441197,-0.42819940988457283,-0.38790042458528007,-0.117728578688447
2017-10-30,-0.4954036457577472,-0.12791994433606624,-0.03246855672696528,-0.3055154031885508
2017-10-31,-0.415129592813318,0.28700725573083563,-0.10890090249242532,-0.2829950963750888
2017-11-01,-0.5421430422271172,0.6351402766005263,-0.16171512115716472,-0.4363914449395616
2017-11-02,-0.5314750217590257,0.43168364337768256,-0.5871897657508401,-0.36289335963214436
2017-11-03,-0.5298936286558745,0.2410890515906871,-0.9356332965576752,-0.2742588612666971
2017-11-06,-0.573662639649998,0.4407221549874368,-0.7200850520142505,-0.2949960789691215
2017-11-07,-0.5840071854799771,0.5193122000773739,-0.9185049499516759,-0.3997914955814843
2017-11-08,-0.5676357670674544,0.6571352918732579,-0.8274494131358172,-0.3377114815113774
2017-11-09,-0.5977101156119583,0.30777826194069086,-0.833986848883712,-0.382451366004074
2017-11-10,-0.6231283291470717,0.0986272972340511,-0.41579871538026303,-0.34645299839093496
2017-11-13,-0.6391255956223949,-0.08236107814434704,-0.08293531602770224,-0.2047820495181638
2017-11-14,-0.665524353758528,-0.35433328943419395,-0.3013547529167523,-0.11143985377314809
2017-11-15,-0.6454152929790781,-0.6532026453152812,-0.19930604629467044,0.5714725976130497
2017-11-16,-0.581949988105481,-0.1178376436609556,-0.5784464594509322,0.24662017443486628
2017-11-17,-0.4992820185814573,0.10203087134769465,-0.2903640379695307,-0.019448218119929913
2017-11-20,-0.5252409732148641,0.06652254934815319,-0.5900425661851256,-0.06988796380073965
2017-11-21,-0.5040670185588206,0.39742882155858383,-0.5889360797298646,-0.22991418998952365
2017-11-22,-0.5037144664999201,0.4360575714115425,-0.5710407771588122,-0.2558951034931806
2017-11-23,-0.5153543394649712,0.22624605019910674,-0.6674059150669269,-0.12531628267745146
2017-11-24,-0.5190105314724988,0.2490039034192739,-0.40287592275732265,-0.15650127293095528
2017-11-27,-0.5513350247845438,-0.17460769134567983,0.039309656907256824,0.08766300032732685
2017-11-28,-0.5752377719740481,-0.062445610421604,0.20180649577308163,0.22156187741121375
2017-11-29,-0.5950010274122455,-0.170670989355622,0.40682624518216515,0.27992121062971087
2017-11-30,-0.8753836531761656,-0.6075330038413616,1.2150982446797773,0.9871806089771025
2017-12-01,-0.9558792146022191,-0.67537983725922,1.2819626024335724,1.073328697210948
2017-12-04,-0.9512188956877714,-0.25786706584480734,1.4652695652901413,0.8509649287241697
2017-12-05,-0.9140361337927694,-0.3715848566304729,1.3097728684842211,0.8779452875230125
2017-12-06,-0.8886418727881557,-0.7221925106037043,1.0559474517493435,1.463207030539275
2017-12-07,-0.8818709076293746,-0.8138920113340934,0.8809323230101157,1.4684844049170085
2017-12-08,-0.6384413156640386,-0.5146688173675962,0.9053077773467819,1.1719819300739256
2017-12-11,-0.6011421338808347,-0.1964800181318289,0.7412245594546093,0.9433185116548976
2017-12-12,-0.7069883680825608,-0.3659736582578846,0.936363144084138,1.1802594131740285
2017-12-13,-0.8212875553674058,-0.33837606347960963,0.746176000604838,1.0750061781808575
2017-12-14,-0.861956793847226,-0.28319619857756106,1.2270478423914044,0.923598607463904
2017-12-15,-0.9178505989332532,-0.3644214809975501,0.7207448438086865,1.1584419988634764
2017-12-18,-0.9451488968504439,-0.10787577031068017,0.7002834656746916,0.6785020267276154
2017-12-19,-0.9346888356813335,-0.050331032697725035,1.1027685793653277,0.5480117066307123
2017-12-20,-0.913171177557746,0.03710775816630152,0.9388511628143821,0.4930773934594329
2017-12-21,-0.8681948534156827,0.06681756731006296,1.020321350080327,0.506237396139776
2017-12-22,-0.8891485270994784,0.3073374057430479,1.1737667798777442,0.3889163155856989
2017-12-25,-0.8701005807930436,2.6960379329508184,0.9724631966034609,0.39191684726419845
2017-12-26,-0.9598682576249562,0.051489500611043744,0.8483283329512794,0.4790279934387403
2017-12-27,-0.9480415657072635,0.16231730546696696,0.533834464172931,0.39651187522246784
2017-12-28,-0.9808257089914477,0.3194544277477524,0.6692257467898156,0.23634151834823458
2017-12-29,-0.976359015920604,0.13679301137472805,0.15592276697162302,0.1274576379539067
2017-12-31,,-2.172756529586747,0.48112632836775454,-1.619045376213267
2018-01-01,-0.7245983457114877,2.6453906229824824,0.2321240396589395,0.15220594443319305
2018-01-02,-0.875346897697305,0.3568187268059402,0.4217329307402776,-0.14362552257369524
2018-01-03,-0.814635690535582,0.5831659077742509,0.5072229859537453,-0.13968206961063157
2018-01-04,-0.8231858779573595,0.6626457454983765,0.6053589543118756,-0.23112950104203484
2018-01-05,-0.7985546104344002,0.7321961390672392,1.017995607164207,-0.28768428676251634
2018-01-08,-0.84890588639211,0.7755954818353835,0.8753229034335388,-0.37714913619671153
2018-01-09,-0.8598606240958796,0.6708735633703503,1.3047643616307067,-0.3761549567258444
2018-01-10,-0.8470058850835043,0.27312813107864253,1.7034412975520028,-0.18721171242036638
2018-01-11,-0.7935031863456732,0.13823734902858006,1.5997775558138432,-0.08152657933447507
2018-01-12,-0.5639326873105587,0.37184548235327675,1.7627734223287945,-0.2015910813053191
2018-01-15,-0.6095883745078351,0.40438121756984563,1.627921841827995,-0.22740029299151965
2018-01-16,-0.6080456650098248,0.5141915504565042,1.711174778294488,-0.3980989188402839
2018-01-17,-0.5776787840748648,0.6581288906406314,1.916594922119632,-0.39150715182743756
2018-01-18,-0.5187606703072853,0.8329969419499881,2.068048412194889,-0.5556814552382958
2018-01-19,-0.5354522505440406,0.8638001058769247,1.6714445232937902,-0.6230847039521376
2018-01-22,-0.5678093221040006,-1.8140861009049818,1.727339821521847,-0.6646327966130564
2018-01-23,-0.6158719325814692,1.144989528453646,1.6805137934905703,-0.8352480616677477
2018-01-24,-0.5935227497600963,1.2967049567547175,2.44144820925905,-0.9391185630943223
2018-01-25,-0.6885221786247266,1.3186046541850007,2.070997916043679,-1.0485182990225543
2018-01-26,-0.7116059656429761,1.4815235423307997,2.544039380334367,-1.0380141817123725
2018-01-29,-0.6835389424360991,1.1564344807628584,2.9259574992311888,-1.0770524448497685
2018-01-30,-0.6613093745086998,-2.348544990969568,3.0,-0.7758588248082413
2018-01-31,-0.8863105985369735,0.548970832408685,2.4124989597511632,-0.7751866221850157
2018-02-01,-0.8637924661511918,0.4811660761985146,2.5872454520462367,-0.6114608144729936
2018-02-02,-0.8158725145183973,-0.09512309642936867,3.0,-0.5614090015331017
2018-02-05,-0.7623306897475314,-0.7736286291647506,3.0,-0.6927311076818489
2018-02-06,-0.7409675958491742,-1.2131757041830256,3.0,0.36320057476730516
2018-02-07,-1.193849428564558,-1.1424911212921403,3.0,0.23538563686913375
2018-02-08,-1.218786026574736,-1.3626124505786898,3.0,-0.13325702538772322
2018-02-09,-1.2238223408291806,-1.828205352744395,2.284395553735096,0.6094291233270941
2018-02-12,-1.1343691439930434,-1.4214731780350411,2.0085744480393144,0.5357034170024637
2018-02-13,-1.1996413405417425,-1.2108105208146391,1.9429831975263983,0.2460977912132225
2018-02-14,-1.1530983297434247,-0.799997131506568,1.2841787420880435,-0.08412343434542266
2018-02-15,-0.9792089122431312,-0.5034371853810402,1.065521656169362,-0.2592518602634009
2018-02-16,-0.8354940206600346,-0.6466964711599691,1.0918036248950052,-0.05818976020221154
2018-02-19,-0.8063747796378146,-0.6164396567653514,1.1463499816048077,-0.09319493765074752
2018-02-20,-0.695006148084652,-0.7432773894754574,1.0756136994403,-3.0
2018-02-21,-0.8043958491327791,-0.3620357870027576,1.2656478647962113,-3.0
2018-02-22,-0.6692434628484741,-0.5882602750360703,0.700775370993271,-2.8727644149656766
2018-02-23,-0.5856932932027268,-0.26856157077127657,0.27209814800493776,-2.8378229098608556
2018-02-26,-0.46348421760713926,-0.08101671223979218,-0.030709369288751065,-2.7379709377863444
2018-02-27,-0.2287371481385183,-0.01087064915612916,0.6521539886102745,-2.6463211774849285
2018-02-28,1.9341984335272069,-0.6319762125300321,0.459163195741907,-2.427916173266576
2018-03-01,1.8737954132508345,-0.9002535246920752,0.49156834692807927,-2.267365017767925
2018-03-02,1.8850080446483548,-1.0642680573488634,0.24958898434835958,-2.1622172132972457
2018-03-05,1.9791645310422465,-1.1937989231544741,0.1636510905098685,-2.0819040585960833
2018-03-06,1.9052799507917157,-0.6717141896138746,0.6617122167100309,-2.20523652114017
2018-03-07,1.7874453511990793,-0.9268012532949959,0.6308342725986712,-2.1176566602139038
2018-03-08,2.6472042705304184,-1.0422509391819124,-0.20200642131597427,-2.101379618603667
2018-03-09,2.5725066138678208,-0.55995807930007,-0.06356357207724556,-2.1470058217211134
2018-03-12,2.5690208196546718,-0.14926704108846825,0.7748014650889253,-2.1569194084250154
2018-03-13,2.4380563374441273,-0.1976200390317528,0.6154850894959378,-2.088534125289901
2018-03-14,2.5771106956953918,-0.38311033635050495,0.6019124056097126,-1.99342503820245
2018-03-15,2.5044560315679063,-0.717293120791144,0.21513495594566107,-1.9475350810516108
2018-03-16,2.3920567112973674,-0.7559155048831044,0.28676445051040833,-1.9123822480018757
2018-03-19,2.2233981958067055,-1.097508090411928,0.5877009434977164,-1.8020706681396077
2018-03-20,2.149670692750813,-0.8345144035289354,0.3540706185422949,-1.834820309031042
2018-03-21,2.0191049499859854,-0.9193646674550269,0.3958136175302884,-1.759440916582929
2018-03-22,2.042304500687133,-1.319658347228933,0.6808407755088695,1.1531164552253104
2018-03-23,1.8547050580735769,-1.8071979327493,1.1273622900714275,1.4676497029700104
2018-03-26,1.7075101134888813,-1.4992318873923887,0.7191905759250271,1.45447341008435
2018-03-27,1.6258614085113368,-1.5172743016093102,0.6022677763784181,1.324449391263685
2018-03-28,1.4980136240415347,-1.9845678338275778,0.398387289901412,1.8910611289600487
2018-03-29,0.48233328031239114,-1.7320598314857163,0.0632228594713198,1.7315565866309062
2018-03-30,-0.09505769315763851,1.1231588795477108,0.5297065564149415,1.5093830605844365
2018-03-31,,-3.0,0.01751466555718944,-0.0790201763778087
2018-04-02,0.300568766426739,-1.942959720111884,0.302321091842977,1.5185638992403865
2018-04-03,0.37138389587714543,-1.8578365602780818,0.2358694019456793,1.5711328246724154
2018-04-04,0.3328748601175104,-2.1402213445760494,0.1508917294202586,1.982848949519027
2018-04-05,0.23524526604610524,-1.7151420001352093,0.28307775754517533,1.6497655997555907
2018-04-06,0.179189915125328,-1.851348998756502,0.3890484699056414,1.6108985401294749
2018-04-09,0.18476245328887772,-1.817864719900965,0.4799404944483241,1.5408577298563326
2018-04-10,0.155736148850589,-1.6132987035212176,0.15992771727620117,1.3047676608994931
2018-04-11,0.06641792314463862,-1.690892530674235,0.2756070115602722,1.2428650402359824
2018-04-12,0.02526021756636498,-1.6528013763898355,0.3288170261143243,1.168459633951911
2018-04-13,-0.26060927343727175,-1.8554719397040014,-0.011141484917537352,1.3134594085765412
2018-04-16,-0.28097865510014874,-1.9386855276122845,0.06613532777632991,1.49663160440278
2018-04-17,-0.33264944280708525,-1.8836363700599503,-0.24569792855132871,1.515057358849588
2018-04-18,-0.3294573157511235,-1.5020580169059947,0.17794438956341505,1.2988355787641321
2018-04-19,-0.3422201626356624,-1.3371325933888174,0.6407911028055733,1.0195866464290446
2018-04-20,-0.34545401376819823,-1.7139321354636396,0.8770378946406131,1.6312071174563132
2018-04-23,-0.2836545570182819,-1.9135063042293114,0.5882033336481367,1.717320195971236
2018-04-24,-0.2712217736845589,-1.9700739206267213,1.1314723113973086,1.664109813186296
2018-04-25,-0.2455477206900481,-2.278872591694717,0.7089615061988962,1.8113009766009995
2018-04-26,-0.22873377253923108,-2.1145827770260914,0.43847663629539646,1.8029293899563383
2018-04-27,-0.2406350763617363,-3.0,0.06266166396101633,1.5862683232610166
2018-04-30,-0.38998706050167403,-1.6153821547978955,0.09710723859353253,1.3712360842125868
2018-05-01,-0.47397085537825484,-1.6014235214138526,0.2240753133996476,1.3866840624939392
2018-05-02,-0.41039569646654495,-1.8403600262159532,-0.4193185348452018,1.5512443330407426
2018-05-03,-0.4743500787576788,-2.017264647263776,-0.8060881616981611,1.8547065629914556
2018-05-04,-0.47176186531182884,-1.880885800058434,-1.412876717307858,1.8849707299185818
2018-05-07,-0.44826103111525295,-1.6372938319445263,-1.1175558909761207,1.7751722171320703
2018-05-08,-0.34725245823039674,-1.5652511995596674,-1.1015887805405686,1.6737381613145625
2018-05-09,-0.3045122320189281,-1.4295942192500881,-1.1400824493620154,1.6841209243966926
2018-05-10,-0.3796132708852237,-1.1686191373324921,-0.8532462711089613,1.5413236679348004
2018-05-11,-0.357383307993588,-1.1026912302674265,-1.1600314652651054,1.2662383495468388
2018-05-14,-0.3638172500480851,-1.1739168720244595,-0.8730035551811516,1.1469841766668056
2018-05-15,-0.45235126797353314,-1.5880618574006595,-0.45053628955095154,1.420472639859199
2018-05-16,-0.520946550721719,-1.479817219756805,-0.85001504835513,1.4633232779953729
2018-05-17,-0.4935061086366638,-1.7161618478524365,-1.3275533047722683,1.5855874413374464
2018-05-18,-0.4645198431960302,-1.785976313828632,-1.7287843051630585,1.706139468151795
2018-05-21,-0.46014803835398993,-1.891501559047989,-1.8366090458418056,1.7406127967608884
2018-05-22,-0.4611017691765569,-1.6984418932144525,-1.5380903426571677,1.556942428469447
2018-05-23,-0.4741420143151046,-1.9381748559632348,-1.9142239285854692,1.7315631592963219
2018-05-24,-0.5125903375204156,-1.8519606984492134,-1.6203385224131481,1.5705775362830117
2018-05-25,-0.5406612470304353,-1.7439963150124036,-1.6383035243113495,1.5461424175440632
2018-05-28,-0.14561935956352154,-1.6205926280770895,-1.4923456437029676,1.5446319421077228
2018-05-29,-0.8134318527827719,-1.8397587439193603,-1.4332645632217547,1.6870516646277969
2018-05-30,-0.8652805119950973,-1.8745830016472564,-1.3971288543946814,1.9639156220251306
2018-05-31,-0.7038037979313143,-1.7321327614877162,-1.4256205396770478,1.7245103260701153
2018-06-01,-0.8150736499952086,-1.525140947750308,-1.099794753887014,1.4609853412928562
2018-06-04,-1.0096794709735546,-1.1636344811504045,-0.8910893344507804,1.0792858947833912
2018-06-05,-1.0717217910546386,-1.2704131411755164,-1.1302484407756295,1.1520987845669506
2018-06-06,-1.130965324717936,-1.2273868904110992,-0.9753759075725198,1.0442314299355246
2018-06-07,-1.1621462382815266,-1.3265020129872294,-1.2206027742971295,1.0308686412722248
2018-06-08,-1.0855161864245626,-1.5563482808466087,-1.3605441435972259,1.383596401177435
2018-06-11,-1.091577710280495,-1.4906783752818307,-1.5430476645201836,1.2182868208394007
2018-06-12,-1.149704819905002,-1.499843196516063,-1.7685000393125676,1.1973182342324848
2018-06-13,-1.1183037054729872,-1.5664529864559427,-1.5219273456748947,1.2622196927248555
2018-06-14,-1.4475759504004926,-1.6591149065637067,-1.853068348378491,1.4517586816843024
2018-06-15,-1.4251401594429274,-1.7850388221614764,-1.6840452599929479,1.5954957172884163
2018-06-18,-1.2407617734812648,-1.8458141946846778,-1.3905056155473288,1.6497002983603068
2018-06-19,-1.1705200272901208,-1.973917186983485,-1.391021301608299,1.9454649651180278
2018-06-20,-1.1161708183720165,-1.6964439324303187,-1.4075703695917847,1.6985753529356524
2018-06-21,-1.1164866236194835,-1.8065705471459408,-0.9863913853621692,1.8600690227692225
2018-06-22,-1.0918450737334437,-1.6337183805967492,-0.9142780290426069,1.6857648197439319
2018-06-25,-1.0082260355711696,-1.6576907365833593,-0.3039587734635573,1.8369946947674345
2018-06-26,-0.9056474720695543,-1.660140723382525,-0.5211471348937279,1.828772691659516
2018-06-27,-0.8850478905786879,-1.7301503395876545,0.1898123691956609,2.0295838383600837
2018-06-28,-0.842374017250718,-1.8410037909996733,-0.1980662658883989,2.0599916574050385
2018-06-29,-0.8277920288733993,-1.4487606291271795,0.3318461751923911,1.6265574800658615
2018-06-30,,-0.6343151160829666,-0.1733963967042748,0.7149575722054411
2018-07-02,-0.6969629176706866,-1.6401103484637354,-0.3946970518968032,1.7388182727822308
2018-07-03,-0.59949262730212,-1.6466991142772782,-0.18067621868623912,1.739220329002873
2018-07-04,-0.5309957333063056,-1.6252443740480713,-0.31374433640557703,1.713047335750699
2018-07-05,-0.48977581057321795,-1.5059193632460195,0.18102910281754214,1.7347639107631252
2018-07-06,-0.4618701844808709,-1.483766648293113,-0.07911541774893817,1.6480097104383122
2018-07-09,-0.3770917973669232,-1.201635090332222,0.23280634636220907,1.3861108781109044
2018-07-10,-0.3480507734566189,-1.1454955467312744,0.43203566282233424,1.3914523870704045
2018-07-11,-0.2902929046382661,-1.3256464211168342,0.11827820644182585,1.4686976265669527
2018-07-12,-0.3619723060986342,-1.1930184434940667,0.1471285138059529,1.4476685610343152
2018-07-13,-0.3109965757231396,-1.1140227183228517,0.10719868245694812,1.301846936462833
2018-07-16,-0.3558290749693175,-1.2239869400965164,0.5519507360085174,1.3716622309316724
2018-07-17,-0.35150847081720565,-1.1615985605708514,0.48108906751622166,1.327208039480085
2018-07-18,-0.314014119611181,-1.1685002278165848,0.3135031406138913,1.3353645332616424
2018-07-19,-0.32395665169089044,-1.2487149372240087,0.3523329556754536,1.3907639674270038
2018-07-20,-0.3005455852409184,-1.0615300053461851,0.5570905604561959,1.234549230463139
2018-07-23,-0.3757804149127679,-0.9074461503678337,1.0215787741970301,1.1552882324171887
2018-07-24,-0.36541970890035036,-0.7975013450861422,0.9793030500585218,1.0259061788929447
2018-07-25,-0.3206435325267139,-0.7302035096351636,1.3264184123834215,0.9285757314692047
2018-07-26,-0.34513954537249186,-0.7107485283532305,1.3310329122745577,0.8849190707087194
2018-07-27,-0.35209622039760197,-0.6002958754145874,1.4843181700893493,1.1051366159555946
2018-07-30,-0.30750072598551903,-0.5019600628185494,1.8728314813791211,1.1076386314702078
2018-07-31,-0.34676243327957534,-0.4893917180002312,1.2674030295792684,1.1717729120126565
2018-08-01,-0.44383107985985304,-0.4818345306061099,1.432527588984009,1.112760326562696
2018-08-02,-0.4807359284864183,-0.85823121981025,0.9361487731436275,1.4209494278827641
2018-08-03,-0.3206535928705737,-0.8010798251179053,0.5369842008229141,1.3666466872345429
2018-08-06,-0.25756872468538666,-0.8428917662352918,0.43354214032402183,1.3796795839102405
2018-08-07,-0.2606472034949981,-0.7700834706892643,0.25396835357730074,1.270483202661886
2018-08-08,-0.21055037651153263,-0.8616591080794502,-0.12466049413282428,1.2261966268571722
2018-08-09,-0.21672361481432134,-0.9874933941081422,-0.3606937797441631,1.2329278421358314
2018-08-10,-0.2626149623415737,-1.2849853784739498,-0.8119084312437109,1.430839294339681
2018-08-13,-0.2605396962103224,-1.5316557603385794,-0.6098694321782603,1.6078832912701526
2018-08-14,-0.42812720922185116,-1.4463310974462091,-1.0004014480152925,1.5944229781828834
2018-08-15,-0.4572816338368313,-1.5985640939036172,-0.9089048423622843,1.8011821919430848
2018-08-16,-0.4553562843211764,-1.5615408880796535,-1.0180929169764192,1.7919557271233626
2018-08-17,-0.5399010922052534,-1.5302597550762809,-0.7339591311414679,1.7321857733106674
2018-08-20,-0.5753997549599807,-1.4145619846920106,-1.407748057096321,1.6129257655840057
2018-08-21,-0.5549483680903445,-1.2748437437211448,-1.278723130018026,1.4137402827881362
2018-08-22,-0.5972409368878625,-1.1675519484333696,-1.4208665058139902,1.3199085689144499
2018-08-23,-0.9750018613988017,-1.1758038990490907,-1.4719073298837873,1.3293777653941528
2018-08-24,-1.0044371117260438,-1.1338747969547325,-1.7946298190329668,1.3410828331652629
2018-08-27,-0.9728672049955994,-0.8378068049412034,-1.442565849296824,1.0533750329928597
2018-08-28,-0.9977781736695475,-0.8148865834493393,-1.2052229568923203,1.0183821953455998
2018-08-29,-0.9736288822986727,-0.8229632947046861,-0.9108573485586008,1.0855743065253458
2018-08-30,-1.0022918423641973,-1.1084820837083333,-0.9352982256652836,1.2386574921288005
2018-08-31,-0.7865967805399547,-1.07049944841309,-1.0423965642886186,1.268616717902649
2018-09-03,-0.9184669108530417,-1.1943988107106975,-0.9561936702860614,1.3856733394612224
2018-09-04,-0.8994486995431693,-1.2964882377126774,-0.9528254762901675,1.4395239584483615
2018-09-05,-0.8425654947675959,-1.4614185248399163,-0.9939191680201107,1.6493046047187847
2018-09-06,-0.8354482392572772,-1.4428621738493979,-0.7514120666125207,1.6523859357572488
2018-09-07,-0.7971391189927399,-1.2365111404997495,-0.00928463072447109,1.4749391629775344
2018-09-10,-0.6854589898908257,-1.27328503599778,0.21667615179224572,1.665519459402886
2018-09-11,-0.6550921054640201,-1.253462600207036,0.26603540659196684,1.736110551138637
2018-09-12,-0.7170084866981135,-1.1471450854898537,0.10666108485869667,1.6971315710522747
2018-09-13,-0.8142195022859827,-0.8515592595958579,0.4176049246689779,1.451525807287364
2018-09-14,-0.9236345215566382,-0.5826975084055733,0.360608650291114,1.2775460854144551
2018-09-17,-0.8660610019359393,-0.7362565901593907,0.7263835770937285,1.4294560310771662
2018-09-18,-0.8453794120417795,-0.5844449727964716,1.084526460825803,1.3501382748172668
2018-09-19,-0.8205705306132924,-0.5201464913049336,0.6781653995746,1.1826905006832213
2018-09-20,-0.829117690382412,-0.4161884849484419,0.8851513810930486,1.1356840530082728
2018-09-21,-0.8333663344905101,-0.2598048319747252,0.7954907840934384,0.9262367463721941
2018-09-24,-0.8388394963072809,-0.28709646889709933,1.04471146482501,1.017651361839718
2018-09-25,-0.7976941880100862,-0.2848822569863616,0.9264699370054372,1.0244012661549469
2018-09-26,-0.8179449614042287,-0.35971466199181956,0.7525893840030025,0.9425807298677656
2018-09-27,-0.7620689699268053,-0.21420717505485115,0.7591261405727644,0.8517985893500538
2018-09-28,-0.7267668480158685,-0.28262224216358817,0.8127820649127515,0.887774380345394
2018-09-30,,0.9516180137522338,0.8061480827211077,0.2763868181627957
2018-10-01,-0.8991994555865062,-0.3208001494183055,0.8242274973735235,0.8951010471221562
2018-10-02,-0.8235292576371303,-0.5362504609393747,0.7039489956655984,1.0703234810737228
2018-10-03,-0.790000672603545,-0.4697518935134636,1.046697386504701,0.9568398135564268
2018-10-04,-0.7984111771113924,-0.8788248513750403,1.3406168597627777,1.2420226105028238
2018-10-05,-0.8726950396038898,-1.0265796725731418,1.218405596903449,1.3045943485018126
2018-10-08,-0.8290813887616347,-0.9380732502768216,1.5641904613415563,1.346794415113862
2018-10-09,-0.828509226955317,-1.0188045878968883,1.2150037325562266,1.3611690021267477
2018-10-10,-0.8281959554894054,-1.0919687136904834,2.4995838528285965,1.2883281157426365
2018-10-11,-0.7158422779104034,-1.431670007945257,2.3291730405189703,1.6267465155112775
2018-10-12,-0.46983077296672243,-1.0878966013247926,1.4849960763325663,1.3032151982859652
2018-10-15,-0.49790868486002876,-1.1074181869648358,1.56663659896524,1.3882696988040486
2018-10-16,-0.45260877060014404,-0.9156937627937832,0.7895495630415462,1.2781306203592155
2018-10-17,-0.4557790577140458,-0.9606550978943436,0.720896708676836,1.237260337589755
2018-10-18,-0.44209839784430793,-1.1540737088986281,0.7929348719713297,1.313070358242992
2018-10-19,-0.5485377057142263,-1.1986651626418516,0.870635686228926,1.2838508386674956
2018-10-22,-0.5921529143989813,-1.1204081365844876,0.533366548644112,1.0638651147030769
2018-10-23,-0.537576533467768,-1.396864119301275,0.41174906347366413,1.328087864790295
2018-10-24,-0.5226737875028109,-1.5031717178513548,0.8396767542424094,1.2712111935847357
2018-10-25,-0.6215714712040706,-1.5760842994970703,0.3004766456678499,1.3602132236638886
2018-10-26,-0.6589650914406455,-1.683882761011244,-0.040609089846305776,1.4112971262431462
2018-10-29,-0.45253750540654536,-1.6755133875435326,0.003145921020358011,1.4330514905677425
2018-10-30,-0.37298314107338204,-1.5756070639356348,-0.625553365563455,1.4442802385213949
2018-10-31,-0.6289331114248393,-1.3248092688993949,-1.1517519590274579,1.206386032758986
2018-11-01,-0.6038107187019095,-1.2286820582459894,-1.9567254582655367,1.057671135020354
2018-11-02,-0.6764378929359103,-0.8611766494990767,-1.1858904490893956,0.610421947002391
2018-11-05,-0.6802863833871933,-0.9506980674607515,-1.2693749043183564,0.7372562414530187
2018-11-06,-0.7404216994737856,-0.9583793632847767,-1.114580695368916,0.7367805736460536
2018-11-07,-0.7538886176377442,-0.7640427740015365,-1.3148238723518793,0.7252961330038915
2018-11-08,-0.6247807097638405,-0.7814900004090857,-1.3789275475697842,0.720516050705383
2018-11-09,-0.5788042105504616,-1.021252770592743,-1.363907064736696,0.9940035898250094
2018-11-12,-0.48689033858140657,-1.0746464398321982,-1.0418803628988804,0.9816420082780912
2018-11-13,-0.5557071495945608,-1.1690540868832437,-1.5659208160945486,0.9895237252731313
2018-11-14,-0.51780676516527,-1.1362620281470537,-1.533183557112895,0.8760813800630848
2018-11-15,-0.5191433692628735,-1.0689043898575141,-2.073760783435775,0.7668889744909911
2018-11-16,-0.7038851325274934,-1.002463032690335,-2.2065956988498043,0.7336853716580001
2018-11-19,-0.684230619852948,-0.9808941012955747,-2.1292848100338815,0.6397901495805833
2018-11-20,-0.6428223151391176,-1.1862508917751573,-1.9552546519086018,0.8146761798260056
2018-11-21,-0.6157047791083498,-1.1520182964457262,-1.9241465397367652,0.7984267457185258
2018-11-22,-0.6214505185276081,-1.126723776139135,-1.612352892327553,0.6151595653771265
2018-11-23,-0.5069305540127831,-1.179476825086929,-1.5699539964407156,0.7297374377299443
2018-11-26,-0.4106872360335173,-0.9949711301596267,-1.559402337702027,0.6585308242728731
2018-11-27,-0.4663369265584709,-0.9067817383917784,-1.62500066261818,0.5852275865371545
2018-11-28,-0.4575603259126848,-0.7460136710318029,-1.439108371712979,0.5332544979097796
2018-11-29,-0.41648107502896453,-0.493837708902916,-0.9264489654493339,0.43646781568982324
2018-11-30,-0.3429703271964179,-0.5783281984028203,-1.1695524426196444,0.513047090102977
2018-12-03,-0.3313716987962791,-0.27809286842921227,-1.4088767872515544,0.2815251911478011
2018-12-04,-0.39796832449282826,-0.33952845236372237,-0.9418371736859285,0.2209059146400273
2018-12-05,-0.23946454174935533,-0.6064528781159412,-1.0715865499031274,0.403060996181905
2018-12-06,-0.21142913974937072,-0.9284491453293878,-1.376964041210491,0.7155603561881665
2018-12-07,-0.2905316794578869,-0.8463985143035384,-1.0669984997400324,0.5694016022153144
2018-12-10,-0.3598658548378761,-0.9824855593956777,-0.7619766457483527,0.8517719467222656
2018-12-11,-0.2957001002881176,-0.9650619244316496,-0.7211355765393099,0.7384814144995837
2018-12-12,-0.003957939952379139,-0.7015603586745601,-0.13096098441970638,0.5180231150501854
2018-12-13,0.00997313851102599,-0.5087528207149693,0.06519236387860358,0.403549310054142
2018-12-14,-0.07575175667197377,-0.6764341700800593,0.2663594180080552,0.5399431295824203
2018-12-17,-0.1991516474751356,-0.7197431812139572,0.9986446856465131,0.5225186609601613
2018-12-18,-0.1682072348104174,-0.7684775767116728,1.199141373426947,0.6274692243119998
2018-12-19,-0.1825188016044483,-0.6955149574019271,1.193345218286324,0.5218819169761072
2018-12-20,-0.19820606834691853,-0.7880733417809,1.7593375987935904,0.5330549847692738
2018-12-21,-0.193986790430239,-0.8594525661983198,1.4745967224521295,0.48214172906138725
2018-12-24,-0.2528435269907315,-0.9692415924779644,1.3438113195823447,0.4784382939663664
2018-12-25,-0.15834405552976774,0.41566230855097286,1.3258999221814605,-0.02382181261472093
2018-12-26,-0.2220070307177732,-0.9725504103568218,1.7201879445519932,0.6500113995799508
2018-12-27,-0.35297236398822773,-0.9037721010354063,1.4902154549358395,0.6994928190554743
2018-12-28,-0.4198632710239534,-0.6773700178990154,1.0660128609761215,0.5331189224599816
2018-12-31,-0.5862585722157185,-0.6238080248060716,0.7759928491512217,0.5452926525776102
2019-01-01,-0.20531680137372432,0.9404774430157377,0.4728294869443927,-0.046958833655098814
2019-01-02,-0.6879676336255167,-0.662955006060261,0.301236262767265,0.7165602307742451
2019-01-03,-0.65052856475865,-0.8066258594334406,0.24209260998900542,0.7582834890465904
2019-01-04,-0.7186743196205213,-0.36192490479793166,0.8623020650895414,0.6010821377042216
2019-01-07,-0.6896350990991253,-0.08211756709871453,1.322661662389677,0.3530991535333848
2019-01-08,-0.8224758663156543,0.052951181505270915,1.3312556098717607,0.35811777341193657
2019-01-09,-0.8446550474631161,0.13806885308965314,1.2498844702500687,0.09225968318881136
2019-01-10,-0.7005231634321332,0.15942721426852863,0.9319997770031078,0.033719832229858915
2019-01-11,-1.0307097346297442,0.07235951608297997,0.5441324217418748,0.060691009512991834
2019-01-14,-0.9877604020597598,-0.027615560043503067,0.8546320134195358,0.1258088608164366
2019-01-15,-0.9597462003554366,0.19963241105672083,0.8360069948169166,-0.02672183498583931
2019-01-16,-0.878764599499006,0.3330869385806461,1.2588595065417583,-0.10348814101325361
2019-01-17,-0.9408101047897562,0.4292228780128909,1.6123127016768277,-0.12305118365229686
2019-01-18,-0.8183180676899766,0.6953853296518401,1.809056647382351,-0.2258833797510401
2019-01-21,-0.718751696350075,0.7656283635833818,1.9516846535663803,-0.2326323631713199
2019-01-22,-0.5247168076586005,0.72946157429419,2.389694203689349,-0.17040348038135247
2019-01-23,-0.5578993981283787,-0.8837664716194725,2.366825691681685,-0.18742128343083697
2019-01-24,-0.5828409737171869,1.0315953462190888,1.8139404389081517,-0.3110040696316481
2019-01-25,-0.6254917862994072,1.2734354478322931,2.2859904580681825,-0.4884977097426459
2019-01-28,-0.6010769153568614,1.0772605347016113,2.3886606812504603,-0.47177155152135014
2019-01-29,-0.6639209023176051,1.075660620769616,2.280670618722322,-0.42366299445435146
2019-01-30,-0.8050703192524,-0.7911781116746761,1.8714437755682525,-0.3725367037353251
2019-01-31,-0.8762204499472004,1.0787656169198605,1.6233125481743769,-0.49810832748160516
2019-02-01,-0.7917862920792152,1.1883055246449232,2.3017701378815816,-0.5826824674941785
2019-02-04,-0.8141000207632699,0.9510671345530123,1.702878299175364,-0.5419417703698627
2019-02-05,-0.765166395018244,0.9664564680192551,1.4192142337186047,-0.5253909940110972
2019-02-06,-0.7873138900899815,0.9167532200950036,1.1764281096076727,-0.5026217837729372
2019-02-07,-0.8583572460237764,0.7574042473859363,0.8984869368557917,-0.4209051772999225
2019-02-08,-0.858165385274961,0.5825529208810184,0.6970474303079516,-0.1480675120096826
2019-02-11,-0.7266007047478154,0.6092214253377228,0.9076763196592623,-0.11239094182467903
2019-02-12,-0.7220072127084014,0.6568560475471363,0.8920591253943161,-0.15742647368557983
2019-02-13,-0.8870449981945805,0.5625810421545371,0.8420050332040359,-0.13489084770643422
2019-02-14,-1.0957551554336797,0.4428034933003451,0.5635757648039836,-0.059352685155931825
2019-02-15,-1.0020128114364741,0.4217176711091447,0.3222566846037145,0.09439955718515258
2019-02-18,-0.8134067291232782,0.46300584523859734,0.010019913924951496,0.001059486193667413
2019-02-19,-0.7627104635192117,0.49124729126952155,0.06725190657697001,0.023648338747076322
2019-02-20,-0.7366132678458593,0.8293396064759151,0.18884299810429955,-0.16565333684272165
2019-02-21,-0.7956240599645579,0.7515560607565043,0.10866239613779509,-0.2558969292030326
2019-02-22,-0.6832092842185341,0.8355556375287807,-0.03770480431639696,-0.3190489711138579
2019-02-25,-0.6156894782668683,0.8548702862899568,0.07850086394888343,-0.8723104751199641
2019-02-26,-0.7006878817727136,0.7063370853395579,0.07476730347577916,-0.8085578021826837
2019-02-27,1.8318086295203915,0.7250224917847196,0.47669901310385715,-0.843603939471349
2019-02-28,1.6732757590422163,0.4501859749294743,0.8550496014783115,-0.8467349442509642
2019-03-01,1.4340930464659911,0.4897919908221052,0.8052165941424783,-0.8490942506523195
2019-03-04,1.5097485996828701,0.4595734609543264,0.3602059068907848,-0.8593131580867175
2019-03-05,1.5463798068955454,0.5898916510028989,0.2863475329960828,-0.9227265134831666
2019-03-06,1.4899394404252277,0.594441431802383,0.292761359928592,-0.9487976264928859
2019-03-07,1.6039313543180487,0.4265633263742315,-0.012539774522660984,-0.7722629239650923
2019-03-08,1.1169153817114577,0.3130763021386578,0.31231523040135967,-0.5374231810593512
2019-03-11,0.9070068957441446,0.5291294706587044,0.3397186287725381,-0.7123901338987226
2019-03-12,0.8905807775587895,0.7163262008747359,0.15169607885659753,-0.9487584253672245
2019-03-13,0.9429535089638955,0.7589114288186206,0.17220136943761039,-0.8885708378673375
2019-03-14,0.8991173891637144,0.7372959283353396,0.19734968475247952,-0.8883003533958488
2019-03-15,0.8584830237270227,1.0196275364439993,0.3201897301544344,-0.9583221486489706
2019-03-18,1.0111562696414864,1.134695556505092,0.4122238783630759,-1.1273703206479144
2019-03-19,0.9751760253605078,1.2259009812761856,0.6568428207672168,-1.1767867198208444
2019-03-20,1.0401802588881355,1.1189719082892615,0.4638339891776975,-1.0836966781556872
2019-03-21,1.193398997097843,1.218364376437277,0.5239272320640539,-1.0321464303576304
2019-03-22,1.2281485388435633,0.9741196350376691,0.5616168468357341,-0.358350865533582
2019-03-25,1.1664056820446878,0.7402504216309864,0.5537359874692264,-0.13655655208189754
2019-03-26,1.113452884310467,0.7804673359890076,0.2572163732697979,-0.18299326155598133
2019-03-27,1.2457978237220955,0.5844019963874795,0.36486515596374125,-0.12419058742135727
2019-03-28,-0.32019560164402566,0.5332455818975985,-0.03472328306689787,-0.166280495163956
2019-03-29,-0.37209250192017945,0.7617997930147641,-0.1403335377746877,-0.42891409915716916
2019-03-31,,0.9656949742771785,-0.314328023040065,0.2683550517889984
2019-04-01,0.06718049455199146,1.0120066547769166,0.008218612096296436,-0.5643611731872022
2019-04-02,-0.10338018827257661,1.0347530009515806,-0.19688221309274995,-0.5825778101866034
2019-04-03,0.05784943833700028,1.1219473933407926,0.07915472164516331,-0.703416750160999
2019-04-04,-0.06465020749070244,1.066508839549606,0.13662166847033466,-0.7042167180587003
2019-04-05,-0.05256342444125879,1.1056442580230588,0.020556672912284357,-0.733365790597847
2019-04-08,0.10559899438323088,1.0033991450894182,0.0705574134757088,-0.790498999279744
2019-04-09,0.21020713101700622,1.0693747497502588,0.1620404941175746,-0.8793786233753751
2019-04-10,0.2943876632461368,1.0971037608812644,-0.0780701442552873,-0.8292636419841063
2019-04-11,0.36298468430288144,0.9501325773850092,-0.15810741290035424,-0.7489663850280739
2019-04-12,0.34557178901660274,0.9661380233186198,-0.07043621834415424,-0.7581224991005846
2019-04-15,0.320913757732134,0.8401470245463079,-0.26845766773224616,-0.7251033730669301
2019-04-16,0.41403516514269634,0.908600259251393,-0.3049899717687619,-0.8675854363807145
2019-04-17,0.9155451108941065,0.9554934765088899,0.13032843991839008,-0.9194169685927096
2019-04-18,0.9425007743307108,0.7848405131750337,-0.46318155411456513,-0.8276459725755373
2019-04-19,0.6437167026856568,2.206599989825361,-0.192774012915904,-1.0396126537977406
2019-04-22,0.9367862926375629,0.8269669037210817,0.05823659723561773,-0.7816997974761405
2019-04-23,0.7353790616715012,0.7940112455273391,-0.15523295165301135,-0.7556341328110193
2019-04-24,0.6875345021171029,0.5721848746567063,-0.20391036555060468,-0.6674182632861243
2019-04-25,0.3174128996396494,0.4657804872505819,-0.12999217127442297,-0.5997725605382344
2019-04-26,0.32675651780831666,0.45773239155173245,-0.3540690194107418,-0.5873558950744246
2019-04-29,0.4186742369661236,0.5328953658494148,-0.07766361868020656,-0.7055785214240065
2019-04-30,0.017470276710277288,0.2982971185220283,-0.32297370470025644,-0.4681978607252621
2019-05-01,0.19853515976543568,0.3492045089862767,0.0033403339524927084,-0.586463133573884
2019-05-02,0.10831346351609879,0.3485330517388946,-0.144428848315324,-0.6485407499326438
2019-05-03,0.07157072053851914,0.4334296904001248,-0.23572544672869036,-0.6267804309496087
2019-05-06,-0.10075236716531938,0.13728030831068755,0.0018022723445416645,-0.32677175464401687
2019-05-07,-0.06529185803115951,0.055115167779414886,0.2049734672437868,-0.32302088731009926
2019-05-08,-0.1428614378236141,0.061543512579920405,0.415339291341521,-0.28106468727534434
2019-05-09,-0.23441501090162464,-0.2627648084075767,0.22115739997123834,0.11706015546619308
2019-05-10,-0.30724854960235587,-0.2060092184778875,-0.4150208401257193,0.006619796362529769
2019-05-13,-0.3340723957350985,-0.4765507186811962,-0.15816989835115539,0.17825190901825902
2019-05-14,-0.29635959044098376,-0.45602045786302636,-0.4953224477758463,0.2600621049681631
2019-05-15,-0.9119202067940354,-0.469040389581512,-1.0729828538273685,-0.10574568893292391
2019-05-16,-0.8800590183456191,-0.4714702005800584,-1.0858476218530182,0.008961186269075895
2019-05-17,-1.0398250273253336,-0.5692776870679296,-1.0732804161774956,0.2366974200841245
2019-05-20,-1.003651504353979,-2.028266740098577,-0.8642506530942226,0.19828792162030376
2019-05-21,-0.9840724923522016,-0.43784408598851515,-0.9460425694696147,0.09682640574139692
2019-05-22,-1.0061568707813768,-0.541543071459066,-1.163827426845161,0.11869797702014967
2019-05-23,-0.7268475300983798,-0.7660644549816622,-1.1344836653035075,0.357595178633113
2019-05-24,-0.6602567768624544,-0.6806358450260156,-1.0255817034692922,0.32596925085003653
2019-05-27,0.27236593490113453,-0.5668374296878911,-0.9479400390542062,0.2751069155100566
2019-05-28,-0.8547490368764026,-0.5623420747699295,-1.172893221620642,0.2680203950969426
2019-05-29,-1.0302112489272044,-0.6119269066438905,-1.2073616949632677,0.05421816538443291
2019-05-30,-1.028636118572401,-0.3714423127027572,-1.4114713675516415,-0.22018929843536353
2019-05-31,-1.1710660822475025,-0.39856239386811265,-1.7671336864641147,-0.20060347800899256
2019-06-03,-1.1732668563507573,-0.20154754644785755,-1.8459433279877826,-0.30362344036388217
2019-06-04,-1.408082805521732,-0.08880709331142998,-1.6718637334174453,-0.15658258229495967
2019-06-05,-1.3728154004838866,0.04944608583413669,-1.5575035764242355,-0.07872501959393496
2019-06-06,-1.382991588531671,0.0040349913398468416,-1.5633114005336615,-0.038526369737167235
2019-06-07,-1.3980302891500747,-0.03381515036075904,-1.5774137637430767,0.010637970098151376
2019-06-10,-1.2122813583829133,0.3440544917544453,-1.1394500295503065,-0.325178637406842
2019-06-11,-1.2175265112338567,0.5035256684981488,-0.8504118570946688,-0.5455675115174174
2019-06-12,-0.9011509794082635,0.3856204415372214,-0.9796370520885208,-0.4296320541469305
2019-06-13,-0.8666426333168646,0.20396200515674773,-1.0485254538920876,-0.25850010737303675
2019-06-14,-1.0726943122888732,0.04869100066680195,-1.4114380285362387,-0.19916516339156515
2019-06-17,-1.1905401786716672,-0.02305710673318124,-1.378880600043896,-0.0941669621927221
2019-06-18,-1.3079312103978262,0.12336835837022608,-1.3411711431032363,-0.24770821333444504
2019-06-19,-1.3089746406056353,0.3418744744543469,-1.7655748648957639,-0.4427877925827452
2019-06-20,-1.287401620659025,0.7286849598989048,-1.0267845479507194,-0.543854409174644
2019-06-21,-1.287000085406471,0.8214152584840136,-0.21695858061107387,-0.6807408107629386
2019-06-24,-1.39841837670483,0.7658582393850737,-0.6948963568321183,-0.5767458796727815
2019-06-25,-1.3865931165440157,0.575406632221986,-0.642253143373303,-0.526978623494619
2019-06-26,-1.376486395347653,0.5877221604725118,-0.08684739857372545,-0.6442768550863212
2019-06-27,-1.227109428141979,0.5966068300291678,-0.201195116905767,-0.6628343051223418
2019-06-28,-1.194169036417799,0.6718103127408707,-0.09757337438205445,-0.6207227026798318
2019-06-30,,0.9457756433486513,0.48783840004722817,0.5005443374342274
2019-07-01,-1.339175385185399,0.983171569948808,0.7794605148501246,-0.787411127226192
2019-07-02,-1.204463503818218,0.8084982316613982,0.3106050545463502,-0.7255746319098971
2019-07-03,-1.187639944644642,0.688783631298902,0.1830076599326445,-0.6345739777223834
2019-07-04,-1.2045795743846306,0.7720675236845888,0.1820696451635208,-0.7114503418244592
2019-07-05,-1.18753277126595,0.8110854786086231,1.09649400602656,-0.7469196338457916
2019-07-08,-1.1437505365641303,0.4382778920794178,0.6377988142139086,-0.5494748099337603
2019-07-09,-1.197989544375011,0.33714701687247717,0.49808123995788584,-0.49715512186100147
2019-07-10,-1.1543928010106672,0.4484811037480524,0.2212101463863985,-0.4867175748792368
2019-07-11,-1.1807433198729484,0.6869624523749314,0.8806454897651514,-0.6585166343559322
2019-07-12,-1.437155775636872,0.4736193545346908,0.7102585062002448,-0.4984601152464234
2019-07-15,-1.0485902628992994,0.6129403963511684,0.9187128775156336,-0.6145110162341622
2019-07-16,-0.9807407000573618,0.658744304124921,0.838282237355054,-0.7111436078868643
2019-07-17,-1.0005537718185702,0.490449375250443,0.8950710645451487,-0.591374895775397
2019-07-18,-1.0023802463768763,0.3598545806921414,0.3788619459065177,-0.4656691710551591
2019-07-19,-0.9922841907282336,0.45290348774704964,0.3699773864315626,-0.6335358835311772
2019-07-22,-0.7537447323571829,0.5491651892903329,0.4107562169127554,-0.5473438944682161
2019-07-23,-0.6824720007367163,0.6016836551625319,0.3778789309066832,-0.5632418971027645
2019-07-24,-0.6520751738237928,0.5062405327627642,0.01698562411652323,-0.5500965179461662
2019-07-25,-0.5972380618399723,0.508841148772549,0.5757197527410407,-0.6529807071617464
2019-07-26,-0.5056236377387704,0.3678207996683892,0.37335127201391555,-0.5095981105882944
2019-07-29,-0.3806578506941013,0.3038558775596951,0.3956994419584574,-0.4785931757863466
2019-07-30,-0.3857688636652629,0.29301444741942495,0.28491503006902585,-0.4770958699763469
2019-07-31,-0.6894774829968884,0.25209620399682303,0.5147769147956578,-0.450797981319388
2019-08-01,-0.6505924704698518,-0.0890326147061915,-0.16072007294322865,-0.1348703312183873
2019-08-02,-0.6439239399767291,-0.22918474670852135,-0.13399496553862267,0.14367709289404043
2019-08-05,-0.5394872216066949,-0.8050996498150809,-0.12722887632899316,0.5739482442698915
2019-08-06,-0.5527101219796929,-0.6796186997688949,-0.9022398211240067,0.7425705565367573
2019-08-07,-0.5228378695807196,-0.7362176554619719,-0.9081564114372609,0.7227306358692567
2019-08-08,-0.44525863633154866,-0.2338834754485165,-0.7524164780249446,0.5493188683810507
2019-08-09,-0.41828443663000375,-0.3393477817280324,-0.8348066468943229,0.46176145737609636
2019-08-12,-0.1253547550779386,-0.544170070726849,-0.6709482916727443,0.6218798446042362
2019-08-13,-0.1134321806405926,-0.5092330267619357,-0.9617834971938732,0.7488551922001226
2019-08-14,-0.43613424388220934,-0.731187985980861,-0.9851001368328133,0.6284969887058887
2019-08-15,-0.28592722481088245,-0.7513924221430661,-1.0096884859460642,0.8096110537116425
2019-08-16,-0.40845168630781997,-0.5459361354561442,-1.134306121970882,0.6799825077242961
2019-08-19,-0.5225372570710413,-0.32944242725993184,-1.2702205785889293,0.4787657211885548
2019-08-20,-0.5509115235848328,-0.19071181559329559,-1.1933396990312455,0.4119913144211566
2019-08-21,-0.46940336887001466,-0.052769118229864714,-1.3914449633831119,0.16489193445895267
2019-08-22,-1.1104930918528702,-0.16545630413765172,-1.07195819618846,0.2280174755011919
2019-08-23,-0.9706316193596214,-0.2828272557727387,-1.2163508134289565,0.16669971535610034
2019-08-26,-0.7591620504063078,-0.44925439491799296,-1.1040971059082063,0.4790485388051392
2019-08-27,-0.6879940872845821,-0.4766514278378738,-1.0587835596113624,0.37014923297817326
2019-08-28,-0.5522951223626055,-0.4349727808909368,-1.3054981383347644,0.32608319772728295
2019-08-29,-0.4480478780070543,-0.2599428441121715,-1.163549067274656,0.3260155635620053
2019-08-30,-0.36376684413935173,0.33338606458871717,-0.0318224405711817,-0.06730655518515331
2019-08-31,,0.2634767696869188,-0.24052285841400226,1.8188551215448465
2019-09-02,-0.11567655965861677,0.30722327381616843,0.3959498978920762,-0.06954090459347818
2019-09-03,-0.15164334713843644,-0.04164281454663564,0.48167627551848036,0.09634344237132962
2019-09-04,0.007278506684385829,0.3384757128397962,0.24029488979863733,-0.16257111385048215
2019-09-05,-0.10505083900690149,0.5254926659951401,0.4387366572987476,-0.47949921199288453
2019-09-06,-0.09186438652331382,0.386272612046205,-0.2603360721874051,-0.5012934548303889
2019-09-09,-0.10492621854492656,0.6132881485021218,0.602136099167569,-0.6137022356823761
2019-09-10,-0.06973539985007043,0.5082653756946084,0.5769892961560402,-0.6583790725530025
2019-09-11,0.18002307879069895,0.8562897802127662,0.9098119072540971,-0.7249173355422679
2019-09-12,0.4347001420366882,1.1668839358648,1.7597211367684222,-0.8104080367566217
2019-09-13,0.6056146781230756,1.1635876765223625,1.9305490055991064,-1.0303534353354427
2019-09-16,0.39389840118074826,0.9004921704161347,1.3359994279607579,-1.0046719115272564
2019-09-17,0.41739613259831837,0.5413564033142513,1.2886146709464565,-0.6514524766917001
2019-09-18,0.40608896097775526,0.567797711957917,0.9907995586785691,-0.7827072414458349
2019-09-19,0.3834207968208984,0.4523888516658459,0.9211161987288701,-0.6787314511101548
2019-09-20,0.3790692986517843,0.7171482676107679,1.5296070809716993,-0.7629192519415126
2019-09-23,0.5055354445218246,0.5914944906733824,1.0154026973550592,-0.6321986105566352
2019-09-24,0.45872716812877,0.4120389950859091,1.0502606429162338,-0.546882054517612
2019-09-25,0.457390117205038,0.3684328634125526,1.1930532618858827,-0.521123249428741
2019-09-26,0.42293281175175795,0.2648703718864762,0.5601947980168225,-0.5640343566825036
2019-09-27,0.44619894644817204,0.13050125413868838,0.6032115986917898,-0.46442137003460493
2019-09-30,0.5833851960489543,0.2683829206481554,0.17862970581159876,-0.34367736568886204
2019-10-01,0.533884276382367,-0.09456713848427226,0.25112437226377393,-0.4106693431491832
2019-10-02,0.4143144837057647,-0.3266489468615243,0.45054704905369025,-0.3572447455263007
2019-10-03,0.34918869895659366,-0.33021123132546987,-0.09639462370379896,-0.22277725824500028
2019-10-04,0.37709036881741026,-0.2118676003910555,-0.8359304319976663,-0.19558336914168561
2019-10-07,0.25647320054120143,-0.0945664163897818,-0.16755568931568393,-0.2769656343387435
2019-10-08,0.25322646193674175,-0.2430585280685562,-0.31613923216642204,-0.3846890381362379
2019-10-09,0.19892850293491723,-0.3306323065930672,-0.7151511377178061,-0.3456995919287521
2019-10-10,0.07510238869611374,-0.04734338861134592,-0.49775078420254665,-0.4266814747336374
2019-10-11,-0.3172766812258993,0.3440606021246985,-0.8650252651059435,-0.7649500954413292
2019-10-14,-0.536287433837622,0.46048976445538176,-1.479651612671626,-0.9084809366060853
2019-10-15,-0.4565692492958038,0.7003054655700824,-1.0888466217113062,-0.8532824629882969
2019-10-16,-0.47777168547465165,0.7743671387019694,-0.9898067733702797,-0.9237402902172793
2019-10-17,-0.4697964123286988,0.8803956372772676,-0.8721348685687434,-0.9978699026452131
2019-10-18,-0.5380046403289799,0.6223133074669848,-0.7876606404297946,-0.8954805509070575
2019-10-21,-0.4307695461911989,0.7067727950995252,-0.6157069986188916,-0.9634527030128757
2019-10-22,-0.49856709884720113,0.7246632086273069,-0.5101673345543206,-1.0886425912196958
2019-10-23,-0.51258639323423,0.8356758372252204,0.012857842997947436,-0.9554300793778303
2019-10-24,-0.4765815764533153,0.8448171603727287,-0.582859182876489,-1.0800637115490859
2019-10-25,-0.3214679985038764,0.8809066477937522,-0.28415652949802983,-0.9990387426514786
2019-10-28,-0.17039212315578472,1.144192952702728,0.10612176790718936,-1.1578753393024026
2019-10-29,-0.20708303186887975,1.487870626346958,0.5838636872347487,-1.2105412834838045
2019-10-30,-0.5665471189691684,1.633251375174674,0.5198311023603231,-1.0269318563281722
2019-10-31,-0.9991030384462067,1.7524321133999121,0.2864413742730129,-0.9153152503755629
2019-11-01,-0.6938634380310511,2.050946102240368,0.9058855186891455,-0.9981297328076182
2019-11-04,-0.8046704622185593,2.2086632806706,0.9202138383155712,-1.314595470409037
2019-11-05,-0.7400783994156117,2.1028620627354666,0.7658564540410756,-1.4641097554868854
2019-11-06,-0.6217521918164078,1.9632301724661987,0.6854744769464788,-1.3432803175396872
2019-11-07,-0.5038445917205685,2.199385761639027,0.8749799901453169,-1.4863925669671638
2019-11-08,-0.31109421829709855,1.8137817636164204,0.3285243982022742,-1.3169374403415888
2019-11-11,-0.3580085214612459,1.4703073692882533,0.014526173078416336,-1.05909880993346
2019-11-12,-0.27801365701616704,1.5288701368564352,-0.24226749074025222,-1.0815159538102384
2019-11-13,-0.35491628263399005,1.085296754307595,-0.5835609774914955,-0.9053220436721156
2019-11-14,-0.6249922745607341,1.0219666164787038,-0.5186343188607971,-0.9109770926379452
2019-11-15,-0.5376440018797624,1.1381326213080198,-0.5688595409787633,-0.9918453076891879
2019-11-18,-0.586426048122172,1.0629446373384133,-0.5974201347730658,-0.95672355845237
2019-11-19,-0.6697056609172899,1.1770591215957948,-0.8488094775686963,-1.0054488969993636
2019-11-20,-0.6252391101649567,0.9176030605544868,-1.0289274548858625,-0.8972854735239159
2019-11-21,-0.5487172728010974,0.9037289838355237,-0.7411466387124375,-0.7437922384620604
2019-11-22,-0.8258067698101951,1.0408064220059412,-0.9406277694489956,-0.9131930619804648
2019-11-25,-0.7750992364377328,1.1863857524197277,-1.2574680437770318,-0.892109594305776
2019-11-26,-0.7065362825731634,0.8718194031441333,-1.5865190203058601,-0.7267248744732214
2019-11-27,-0.9855455611236056,1.0387246704852244,-1.403377171808645,-1.124745007590064
2019-11-28,-0.8653865156462225,2.8785971643849457,-1.0790791470266572,-1.3571133670932929
2019-11-29,-0.7763118349041099,0.9048284750811065,-0.1986770406190283,-0.9229337072922266
2019-11-30,,0.11768317373453568,-0.7424466068302529,-0.35572593785148177
2019-12-02,-0.6777635830136193,0.6279873046185965,-0.31443578465645444,-0.9963891571043322
2019-12-03,-0.7258102948391587,0.3801565068951046,-1.0394518848174779,-0.7836661317960846
2019-12-04,-0.47114537502039244,0.5834535592000104,-0.3458213240520061,-0.8458341303472984
2019-12-05,-0.5195207047001706,0.6060583362384336,-0.8832438029427255,-0.9786204598247064
2019-12-06,-0.5519455225974157,0.7955842226084775,-0.7901725227143385,-1.0516042164597892
2019-12-09,-0.5795109144341642,0.8126199580499183,-0.5361699230164266,-1.059593182912679
2019-12-10,-0.48889632249940057,0.7880088154483637,-0.10600325640050483,-1.0564543959246309
2019-12-11,-0.5225270687430408,1.0094079852336413,-0.06055160022284713,-1.1049429298966988
2019-12-12,-0.3867073703071887,1.4128921285328908,0.4771986006270666,-1.3141008223058344
2019-12-13,-0.44250192206647343,1.6023638834273808,-0.267298556839202,-1.455138420481869
2019-12-16,-0.12240622276836491,1.695448225783907,0.41871898373319755,-1.421310673358483
2019-12-17,-0.0722468022147688,1.8648678954025577,0.5527691309069711,-1.6220531609054054
2019-12-18,0.03956981357627363,1.935610979198583,0.8793485453341139,-1.7204664135882815
2019-12-19,0.09442545634838356,1.8019523392412349,0.45481460253647604,-1.5810875019242074
2019-12-20,0.13526235251691018,1.8630247280237786,0.45362960133331465,-1.5242022204102146
2019-12-23,0.36225136416448417,1.993834127038794,0.6416099101034924,-1.6176130695414128
2019-12-24,0.27216880593332343,1.7462957013510692,0.5661116341067474,-1.5157706075444048
2019-12-25,0.25531857955450254,3.0,0.319363736635648,-1.6515903620910206
2019-12-26,0.4345997497371981,-0.19687790196349803,0.34023068997124045,-1.4706349448064047
2019-12-27,0.47457060187762146,1.6311350710765176,0.48055468691490283,-1.5196385700922355
2019-12-30,0.7143083821841895,1.676323764902575,1.0323450308768753,-1.5514789940659395
2019-12-31,0.6328817249075896,1.4917319351406315,0.842639848461716,-1.4368732936544453
2020-01-01,0.630103664146688,2.8944077191637603,1.5647253960189513,-1.5858954225585533
2020-01-02,0.8850298525332887,1.5078049222761556,0.4500825193184231,-1.4560190900299554
2020-01-03,1.0000099331165673,1.3193375470899706,0.4843669590145522,-1.3734652878224491
2020-01-06,1.0884009818600953,1.0212649033918766,0.49550503921719696,-1.1981719881604407
2020-01-07,1.1972220561992208,1.044965874645755,0.6435280631373449,-1.2899753446290265
2020-01-08,1.2515956508283799,0.9021520530024206,0.7486400396132167,-1.21982686999495
2020-01-09,1.2652514117383655,1.2096828409311247,0.5308309954667538,-1.4045991158890576
2020-01-10,1.4554564180206966,1.151625940791782,-0.21265905982955308,-1.4609940962247243
2020-01-13,1.4906711359651832,1.3134842258153625,0.4341342881077033,-1.5321983134547996
2020-01-14,1.6834475805908762,1.130039763329632,-0.2533386041838615,-1.4915078623022417
2020-01-15,1.5459572859667516,1.0102138169330062,-0.3791371619249285,-1.363586434953345
2020-01-16,1.4526642155142002,1.0147460097156353,-0.42131690216119055,-1.3381522999343143
2020-01-17,1.729801528487945,1.069332475338819,-0.19154818445138375,-1.3905157562619168
2020-01-20,1.7171448140962577,0.9871664588318327,-0.2780970330840213,-1.358575862015703
2020-01-21,1.7902500662695495,0.5601170234903452,-0.5512653934807239,-1.08595098711008
2020-01-22,2.0426432413507225,0.7206256963138361,-0.2684125750441339,-1.160781475890077
2020-01-23,2.3669677432314953,-1.0978354625708824,-0.38994474352436664,-0.9667687412237133
2020-01-24,2.3313916248292728,0.4525553783062028,-0.4824667327670315,-0.951731132179019
2020-01-27,2.4639136107126522,0.21107077780278002,0.03289204845509795,-0.8173586368316241
2020-01-28,2.144758087897103,0.24113544457581093,-0.09830852885565677,-0.7568635244977334
2020-01-29,2.008521253808263,0.1424095075598342,-0.43111549769148233,-0.6052756344204382
2020-01-30,1.7320207400930907,-1.8152368432112063,-0.8427755338034316,-0.08521038336580258
2020-01-31,2.2814908518729653,-0.5420084406772754,-0.8478418639026316,0.018582113463129712
2020-02-03,2.1046305233632987,-0.48768661754065207,-0.6775317025760659,0.08780238604458791
2020-02-04,2.1484633352871647,-0.034740979242492746,-0.9185668449946535,-0.230778094070088
2020-02-05,2.323977548188735,0.09884409172482844,-1.00633961808915,-0.25588214610198073
2020-02-06,1.5862748699674538,0.2789223388474612,-1.4522645165517776,-0.41065564191009557
2020-02-07,1.3568632584092917,0.04395118313967279,-1.4751655144257299,-0.2158397125163101
2020-02-10,1.417756015077436,0.039578200571083785,-1.5788023083372877,-0.017393754530606778
2020-02-11,1.6555151398421835,0.21882008023165309,-1.49443098286145,-0.2761360314953391
2020-02-12,1.3616052541083867,0.3427729631711257,-1.401519057669176,-0.420288032563702
2020-02-13,1.2933908282033566,0.2978253573030847,-1.1307481646319664,-0.4125602976119585
2020-02-14,1.185689950374887,0.2606871474629549,-1.4897632002607177,-0.3798156428473197
2020-02-17,1.1342335423920398,0.33252049213374074,-1.6079795197956464,-0.4065210494583409
2020-02-18,1.0806396185927043,0.1476290893080304,-1.5726504456657833,-0.17938407914700344
2020-02-19,0.9944105980065975,0.3100925197747271,-1.2722296071734047,-0.3905332614850677
2020-02-20,0.3929161742889596,0.09763029167872316,-1.3370226712428346,-0.18126139597911975
2020-02-21,0.8924635801666274,-0.03744881137356098,-0.860061413592919,-0.07310185168078626
2020-02-24,1.0031732247375902,-0.4778345830953407,0.2934745002977819,-1.0518704765126594
2020-02-25,0.8796653579085073,-0.4324541885931757,0.8133692932058514,-1.2838779654388257
2020-02-26,1.1251074014965186,-0.7463029236036589,0.05155297807703253,-1.0052076611331207
2020-02-27,3.0,-1.0564044398458097,-0.19766507375509712,-1.1058405542305842
2020-02-28,3.0,-1.6162615532021942,-1.6389308739519488,-0.3931042554697908
2020-02-29,,-2.1855588760766897,-0.8952276559348296,2.418422468148947
2020-03-02,2.592453806807762,-1.347480478412368,-0.8977869061803981,-0.20349110497907785
2020-03-03,2.6402428154656166,-1.292575962867458,-1.3874628681684755,-0.5314448047718535
2020-03-04,2.142721887655417,-1.1702516831851881,-1.3773264706185178,-0.26435750639528083
2020-03-05,1.9519888232431843,-1.3215015465121112,-1.5455960884071125,-0.5438582379262429
2020-03-06,2.1466078517877167,-1.7419309952280813,-1.2822341647210809,-0.09777125939455308
2020-03-09,2.050983080332294,-2.9579330134784656,-0.9720762942611916,0.6662734829251946
2020-03-10,1.8499715480434953,-2.652655909428067,-1.3921396169022764,0.6155988985756151
2020-03-11,1.414141071768704,-2.76660961738874,-1.401918004072492,0.507080556467083
2020-03-12,1.471228444589227,-3.0,-1.6512397972230608,1.2459873843937637
2020-03-13,1.3300949114429717,-2.8822758293209745,-1.9743819404538079,1.714866220046225
2020-03-16,0.16853538555441075,-2.848665757743121,-1.7533156397323786,2.329379528688467
2020-03-17,0.06827201235130727,-2.8221425662692243,-2.122963309258484,2.715761662862946
2020-03-18,-0.44532848421283816,-2.8541778994242133,-2.4795456499731867,3.0
2020-03-19,-0.7679156850045766,-2.758648530435673,-2.7939036479616712,3.0
2020-03-20,-0.5927459553455711,-2.6611125619705893,-2.7050909306694098,2.484751061278838
2020-03-23,-1.0834643730308047,-2.668636371002374,-2.534404264245565,3.0
2020-03-24,-1.569920640789116,-2.6468352604647687,-2.3532440645687327,3.0
2020-03-25,-2.1066406812254574,-2.5365197015860117,-2.065831064589485,2.8090948895278105
2020-03-26,-2.3269935375047086,-2.52067256101668,-1.6365125274450016,2.8176275121155614
2020-03-27,-2.705061290579553,-2.5334209685213813,-1.3864811655473304,2.662051583242416
2020-03-30,-2.736410406757008,-2.5375884101845747,-1.5553504019451976,2.9184258482673338
2020-03-31,-2.0297115373227537,-2.415721042694153,-1.5030499725054671,2.4008471664269706
2020-04-01,-1.755051482462201,-2.3808380700638065,-1.6226421257881933,2.339561381958531
2020-04-02,-1.8548686130765324,-2.283460532797332,-1.7099664199294864,2.2872909192927873
2020-04-03,-1.7422747583573326,-2.2780717522974983,-1.7678605215659886,2.18542294024307
2020-04-06,-1.7360933099152733,-2.1727857123358096,-1.819698988477638,2.27977620578805
2020-04-07,-1.629230580744528,-2.016835913233814,-1.5575479622875927,1.8676678571027867
2020-04-08,-1.6202090209177684,-1.9733195114720254,-1.7821729325262792,2.1027575940924876
2020-04-09,-1.5389776928053365,-1.8521914483119286,-1.5473817038878648,1.9854188420998544
2020-04-10,-3.0,-0.22831609631958777,-0.9594290993388747,1.2185062066435732
2020-04-13,-1.160412399700903,-1.6831392849036122,-0.6238766769307333,1.8621622549661832
2020-04-14,-1.0717561680150405,-1.4299347399895512,0.27790251709192604,1.8414173490788774
2020-04-15,-1.0281215917926583,-1.502079768582928,0.31862279571332514,1.7735941647250044
2020-04-16,-1.011877918767035,-1.4003483819651803,0.7741865752847097,1.7444370060854244
2020-04-17,-1.6297272075060112,-1.021692927553903,1.680251600848206,1.592904666279776
2020-04-20,-1.6865270973099924,-0.963590021619348,2.1969596633322093,1.4675626861211146
2020-04-21,-1.5996385012496985,-0.992387216012148,2.601860555266577,1.5924459491390328
2020-04-22,-1.5999999147001902,-0.8614443924988006,2.3398713317917648,1.5368272461037753
2020-04-23,-1.387690944547685,-0.7789967130116874,2.1320251985194267,1.4835815987692769
2020-04-24,-1.2832858777213398,-0.8865438180282171,1.5803743499062515,1.6736084168972634
2020-04-27,-1.1225495658078035,-0.7180841709943167,1.550268589395835,1.5010192374229838
2020-04-28,-1.0412056350825833,-0.619114150927861,1.6616218981650297,1.3590840024424098
2020-04-29,-0.7775387002574317,-0.3981280946371189,1.7041642204705618,1.2198079555797805
2020-04-30,-0.6349644263075219,-0.06705842047267459,3.0,1.0853165401916551
2020-05-01,-0.5596754799300917,-0.15530654534233948,3.0,1.0765596057073508
2020-05-04,-0.5451171597342178,-0.36510862185933823,2.7395115088500943,1.3732032752019436
2020-05-05,-0.43203633715861917,-0.278268774018868,2.5071639274684623,1.2994086434254863
2020-05-06,-0.3602602672157043,-0.2281880846406041,2.3557165990239053,1.1646596928687067
2020-05-07,-0.3083317563573383,-0.29008513715380774,2.0758010709033505,1.2274497892423186
2020-05-08,-0.16609774957498905,-0.19164126424271194,1.9103770177742643,1.0872662180036088
2020-05-11,-0.14526742540066245,-1.6174208469367974,1.8347425506077628,0.9982627607440705
2020-05-12,-0.7182442950791936,-0.22891019696312065,1.959262221665805,1.0017630004588391
2020-05-13,-0.4468183703976737,-0.27233028350803906,1.8022386392349465,0.9015448979140264
2020-05-14,-0.5620967957445822,-0.3303124298040318,1.6823520914885162,1.0278792702925288
2020-05-15,-0.32878093295630517,-0.30152443408629176,1.6432377879049256,1.0197892500171841
2020-05-18,-0.1621561725987703,-0.21704495195133205,1.6580909635777203,0.9842330646825491
2020-05-19,-0.29086984745049715,-0.10888485478983247,1.761721418734843,0.7838545020082811
2020-05-20,-0.2830060905638243,-0.0636802252331977,1.7468896134414755,0.7716575387448505
2020-05-21,-0.31644690375932355,0.04521695651346697,1.8101840573240633,0.7412263460143224
2020-05-22,-0.31197826816248325,-0.11899598758465806,1.6525441766766475,0.6239296992439762
2020-05-25,-1.3370489023148198,-0.03709606668092291,1.6314230411498523,0.5282301146649415
2020-05-26,0.19077300479781273,0.134749486318563,1.783430240263335,0.41007488931837927
2020-05-27,0.14767868606891044,0.21631635470314048,1.7647763649504293,0.44537664123524967
2020-05-28,0.37720528827727867,0.18410263129513374,1.828378969471979,0.46050244624713815
2020-05-29,0.665103676362574,-0.08079314677722503,0.9906757837019812,0.4219342605158472
2020-05-31,,1.541731087787666,0.9450931619360037,0.545434908601412
2020-06-01,0.8940581879609071,0.04246407424053127,1.089330658058383,0.10075740896604247
2020-06-02,0.9535254940853152,0.14009049923358083,1.0694879051749626,0.012257531948125424
2020-06-03,1.5392264104230602,0.37177817616956993,1.1415940800075564,-0.12630918501283836
2020-06-04,1.4861382491004693,0.5731505706470301,1.353021027020424,-0.16368332725899165
2020-06-05,1.4507824841949983,0.5852322238112239,1.2681668067281286,-0.1849519232808397
2020-06-08,1.4175993932430648,0.6522273614491461,1.349343061735042,-0.16101303389036162
2020-06-09,1.4639052391493843,0.8668879788281355,1.4425814883824508,-0.21418774210487143
2020-06-10,1.443483706103107,0.8209051408962332,1.4402371017010085,-0.19787927360909044
2020-06-11,1.0083603371301506,0.8172323056864279,1.7667552152268027,-0.3018573193496257
2020-06-12,0.8201604564294498,0.7464439009769903,1.436062591450575,-0.22396572876495832
2020-06-15,0.6401523256011181,0.6302755447291551,1.3035261842092085,-0.06410695533199193
2020-06-16,0.1709325507906216,0.9205543434674721,1.2672815008908545,-0.173219424185229
2020-06-17,0.05276356784083597,0.7813530096538576,1.1690121232741395,-0.2080680244764035
2020-06-18,0.03555061588234943,0.8873119480292689,0.9944802543401617,-0.1891034779896889
2020-06-19,0.059294199159297574,0.8215479363557391,1.048702092649612,-0.238607001705678
2020-06-22,-0.09658684217599707,0.649812699204918,1.0185678747735727,-0.24623853487805206
2020-06-23,-0.1644615330820993,0.68397813257748,0.9936085386275123,-0.31513952966307035
2020-06-24,-0.24954153764057588,0.7049262308802973,0.9464116472594971,-0.40272408303802276
2020-06-25,-0.3151459924970804,0.6549366639690327,0.7653236476802422,-0.29670066859252486
2020-06-26,-0.3542654701377616,0.5404124912305235,0.8536024246032807,-0.34396358102581237
2020-06-29,-0.6174773877256841,0.5571170513040659,0.7064288620516987,-0.25267897451965804
2020-06-30,-0.5192475865850547,0.5627608541529657,0.6706975660069929,-0.21778767137098812
2020-07-01,-0.4199799783937488,0.6554404478641876,0.6020332522707372,-0.2548369171910876
2020-07-02,-0.429096638746355,0.7184231723310535,0.4263547551536088,-0.3665244126379084
2020-07-03,-0.3676292387582045,0.6783824391700325,0.37506682923759704,-0.42593523191394206
2020-07-06,-0.4673898543162418,0.8221102453233073,0.3800725763837117,-0.5113843093133104
2020-07-07,-0.5189893052899405,0.673619416289529,0.34065028805763237,-0.508666116249361
2020-07-08,-0.3368813603095668,0.7444883009401534,0.35529137963508284,-0.5856812421849422
2020-07-09,-0.2650422542462906,0.8060776010056608,0.357297299214042,-0.6510491228305753
2020-07-10,-0.4176412735631724,0.6897242711843051,0.36899401864004266,-0.5475681936713482
2020-07-13,-0.2953515185354574,0.7480927550371688,0.6015647691657663,-0.6120669122176189
2020-07-14,-0.3750826989893689,0.6541076623937196,0.5234664150227274,-0.47842595950384614
2020-07-15,-0.18083068789195,0.6782049383748638,0.4291751333509012,-0.4894349758500077
2020-07-16,0.03555902415725961,0.5802661150265652,0.4062964970480498,-0.35270349105974463
2020-07-17,0.023610763552625372,0.7456302229537568,0.41176828700529283,-0.3898854710334891
2020-07-20,0.1465374180762611,0.8092697575533978,0.37760481721824984,-0.4107778876892204
2020-07-21,0.12852107790573664,0.9937141334341288,0.5174316090185637,-0.5264678035888187
2020-07-22,0.09432859285636867,1.1273048073840375,0.5384419832714747,-0.4738239744001719
2020-07-23,-0.18019543831757673,1.0546534606535947,0.6786504436501439,-0.5159381038025354
2020-07-24,-0.30567956977489524,0.906045779056436,0.7300870166364767,-0.42152694942938607
2020-07-27,-0.4246508580251447,0.9380636994155117,0.8531016791576601,-0.4903308560838785
2020-07-28,-0.1546496812447481,0.9757437584665033,0.8817894140806047,-0.5782951208395667
2020-07-29,-0.10680526076295312,1.0424691530729926,0.8581833798574643,-0.5651864734920798
2020-07-30,-0.10162872830283265,1.09952946814236,0.9214369851972358,-0.5704989908265704
2020-07-31,0.09769831792826432,1.091980615258747,0.8723872976293358,-0.5603862248442516
2020-08-03,0.3360979502800317,1.0696277339559064,0.8761308492891833,-0.529891916820505
2020-08-04,0.5003588735017778,1.160722835121756,0.8344754889695065,-0.5753245786056463
2020-08-05,0.33195469282697454,1.215409907700175,0.9667260547339934,-0.6367734597139116
2020-08-06,0.2971851126523807,1.2501474373328532,0.9681380148555345,-0.6242741147272896
2020-08-07,0.6456511842133031,1.159492521567451,0.911652294126045,-0.5273514617466124
2020-08-10,0.7407861925951988,1.159126169754194,0.8628952898155442,-0.49886350587547307
2020-08-11,1.152340629298321,1.255344198036936,1.0017266543790724,-0.5953553967279117
2020-08-12,1.402041136975848,1.2840393361193672,0.9491240981188683,-0.5485036377248028
2020-08-13,1.4305149955239147,1.2799902535314307,0.9633771770711532,-0.580227344785839
2020-08-14,1.317730026498061,1.1370269957800987,0.9376646216971405,-0.5582356972698876
2020-08-17,1.3787952746738157,1.1366689105648042,0.913045463479473,-0.5964796574453931
2020-08-18,1.4337565411912239,1.0893466282973123,0.952561943798709,-0.5987386924081678
2020-08-19,1.5361647443998174,1.1097320635638832,0.8596909187802392,-0.5959428941310078
2020-08-20,1.4668240409262887,0.8927074904185938,0.8223832393029427,-0.46618606920378575
2020-08-21,1.5176651054383947,0.8870275924861277,0.7331846277398721,-0.655518073250532
2020-08-24,1.4181744586032137,0.920475402372027,0.7111267970334788,-0.7071485733094208
2020-08-25,1.4140538703716083,0.9675605520433934,0.7229562177423371,-0.7472853381954664
2020-08-26,1.3933271075599591,0.9923096219118795,0.7835364339812239,-0.7185167615392762
2020-08-27,1.3336680936106953,0.9247908355271302,0.8274264811773188,-0.7225282920856831
2020-08-28,1.4308785186443036,0.8644905844794563,0.8323441793564319,-0.7181553981860808
2020-08-31,0.93039485911527,0.5692215568829465,0.9537842650463697,-0.6047942436934977
2020-09-01,0.9554564585594238,0.6587377996653024,0.8338859713013959,-0.7003135428366393
2020-09-02,0.9421799497873061,0.6298038028087003,0.7876279853851561,-0.6322701072400768
2020-09-03,1.1103724632354648,0.5818301775778542,1.0024747223691286,-0.737370635817542
2020-09-04,1.1659774078396345,0.528841189627915,0.9400724542928541,-0.7404219657722769
2020-09-07,1.426828502885639,0.4894429763509984,0.9035857272770013,-0.7157647187180689
2020-09-08,1.486257695434487,0.44647840238840075,0.7259677493254874,-0.7839650463933833
2020-09-09,1.5761245794244156,0.4593041083102378,0.5711182833801138,-0.6683869646137329
2020-09-10,1.7794529487425506,0.554650143105869,0.591125448986169,-0.7437758782712829
2020-09-11,1.9931277017533255,0.5527270351864922,0.3973311597681217,-0.7803041475019421
2020-09-14,2.054883777024543,0.6553647183885095,0.45075089752410996,-0.8073599025135973
2020-09-15,2.1099527923600747,0.7486026168181474,0.4357862346821391,-0.818174264779929
2020-09-16,2.029611265850165,0.7922999799766353,0.4649430756985734,-0.8598534559913538
2020-09-17,2.041772650633089,0.6694673392592063,0.4926116171710498,-0.8243839594271362
2020-09-18,1.9990421819944104,0.6548948140807326,0.49556990378919674,-0.8887777808332545
2020-09-21,1.9447461186405042,0.466022382001872,0.398029598752335,-0.8037970531618948
2020-09-22,1.9512294890871515,0.4182041804559039,0.2699601476732392,-0.6861843598319407
2020-09-23,1.8916061626975647,0.3897421970975726,0.23323718738041457,-0.752280214615013
2020-09-24,1.8871039261385518,0.25190667159089464,0.16365382862977554,-0.5872763010690794
2020-09-25,1.8830566855813355,0.25868123532210474,-0.03934387483247006,-0.5179382897074654
2020-09-28,1.7524467083982764,0.36268283239758936,0.04318548727666805,-0.5050923465901197
2020-09-29,1.7050458186875666,0.2150543688760341,0.11312232307502958,-0.5036668099805567
2020-09-30,1.77069949816721,0.3188354800207652,0.14575660900244197,-0.5845589738396259
2020-10-01,1.867753975534319,0.28661767206328953,0.1752958459540639,-0.58397142655329
2020-10-02,1.8257526639704014,0.2606001573525943,0.22134800581900851,-0.6150827977355374
2020-10-05,1.7256973460391474,0.28739068344904806,0.27818336993322607,-0.6176690469576819
2020-10-06,1.7034922991453343,0.36133038075331786,0.3145258623217376,-0.7790521479355991
2020-10-07,1.6538687656743605,0.4384645566238771,0.4033732430526823,-0.7365298427415164
2020-10-08,1.6014714249590842,0.4703305120464903,0.3109766570965125,-0.7565412897667594
2020-10-09,1.5763011767904147,0.5605857244459765,0.38787708161081247,-0.7310748866386968
2020-10-12,1.4843389267438174,0.6016331860699894,0.4159049106779846,-0.7368642981177922
2020-10-13,1.4739493914311295,0.6443185653868467,0.3597420117318669,-0.7630709693672465
2020-10-14,1.4679235700953948,0.6055061023052417,0.4141266270805786,-0.8003139195853587
2020-10-15,1.4856940510792658,0.3963313754905505,0.33594273262716673,-0.6942987930868881
2020-10-16,1.4212100517998687,0.34455571380905015,0.40086240243482574,-0.7102723503574444
2020-10-19,1.3977909696143034,0.40577490911184516,0.5280530998984484,-0.8284098453698988
2020-10-20,1.3683643486662778,0.42160905547081173,0.6739551208742267,-0.8638657876106571
2020-10-21,1.3299707741365798,0.4271000594417675,0.7332857060890869,-0.8936224817967742
2020-10-22,1.3316654213557977,0.36563228616585003,0.6840084867684233,-0.8697080965972502
2020-10-23,1.3467849760594035,0.3382615336655778,0.7307651697756747,-0.8184631645211912
2020-10-26,1.3225386683204725,0.230395215486217,0.9221855285728641,-0.8586943425861016
2020-10-27,1.4602179333559178,0.288628596043193,0.9429375531843346,-0.8903224619168317
2020-10-28,1.5208947429559985,0.15915563247754314,1.189729848733276,-0.9995922815186563
2020-10-29,1.4947506960719428,0.14129692249024997,0.9305536351516016,-0.9433428036726994
2020-10-30,1.7310137939826344,0.026232769418576614,0.8937796469138152,-0.9043793786853311
2020-10-31,,0.20907610238352234,0.8524065351176238,-0.7985917951124335
2020-11-02,1.6880511196564587,0.06079050787384347,0.6902909379026796,-0.894750008745135
2020-11-03,1.639855690560506,0.16932465986492792,0.7466079632529948,-0.8685462323520375
2020-11-04,1.609027552372315,0.2845847498354238,0.3715684135418293,-0.800981245633206
2020-11-05,1.478693636184686,0.5330259924811896,0.5172297422198985,-0.997458900807013
2020-11-06,1.4328364702071912,0.6275692414475339,0.45274379688382915,-1.0886365948937193
2020-11-09,1.3152411900622205,0.8443795543777308,0.5731284274225156,-1.2646067428821919
2020-11-10,1.2894944646023476,0.7727540321271086,0.5331682508652003,-1.1760474559211773
2020-11-11,1.3161943262648594,0.7693660109362453,0.39069832170152324,-1.1118543639229128
2020-11-12,1.3921660403829184,0.7440620300175037,0.43004351691777976,-0.9356470366863641
2020-11-13,1.415852251259978,0.7207819018150152,0.3553204926315657,-0.8938147367299523
2020-11-16,1.4249256306778926,0.8602160916713333,0.3574839721038322,-0.9664385519260352
2020-11-17,1.367689194953902,0.9343977644080734,0.3440873824951197,-0.9096878827159426
2020-11-18,1.3431615756824,0.9673730678115472,0.44834637993094933,-1.043766121901988
2020-11-19,1.3056790599593404,0.8247144088491043,0.3616739409403338,-0.9128603935548497
2020-11-20,1.2586207354844177,0.8477292068524693,0.36798341588985156,-0.9834882892020728
2020-11-23,1.2055589700212208,0.9059979323972221,0.32306581038072646,-1.0390973410086886
2020-11-24,1.149060626255279,0.9246566828202902,0.3725183724715375,-0.9824393605441734
2020-11-25,1.1362949518481313,0.8340286815246056,0.4104354191479366,-0.96993437827317
2020-11-26,1.09621621210392,0.9409873187155143,0.40544304466225706,-1.025124302464115
2020-11-27,1.163738835858608,0.8436680685114804,0.43652932596938804,-0.994828334232422
2020-11-30,1.1572678310517375,0.5171776647847837,0.43593328377404705,-0.8516148885041832
2020-12-01,1.1466200309661787,0.6997423732192632,0.6699883251267139,-1.1207628079759722
2020-12-02,1.0710216861460233,0.7837816601252883,0.6861147493765629,-1.092663730620353
2020-12-03,0.9974143093540128,0.8447506673056671,0.7964089055787136,-1.1266361260703013
2020-12-04,0.9563478564220127,0.9641960752458844,0.7283634458143425,-1.1749674454484245
2020-12-07,0.9650125179052043,0.9967620510028548,0.6578219892240986,-1.1406527905669557
2020-12-08,0.9625855450346156,0.9549256062340215,0.3910591008277738,-1.1301795833342407
2020-12-09,0.9216668283916016,0.9370121693841724,0.4616608550975124,-1.196338450139389
2020-12-10,0.9226806519145061,0.8983540639952118,0.5024517781369278,-1.1282251079253733
2020-12-11,0.9858582892313982,0.9115558962076263,0.559880737595424,-1.135847415780035
2020-12-14,0.9747338832973022,0.8114461505361115,0.6967526609709515,-1.1116203381101064
2020-12-15,0.9695436372804543,0.8323235226637512,0.637350364640818,-1.0498273260423152
2020-12-16,0.9796666669599617,0.9520070361415744,0.6654843353087948,-1.1286677299815597
2020-12-17,0.9860742894386821,1.0879305884878165,0.7488149781331301,-1.1514986059457946
2020-12-18,0.9812818316480223,1.0340248618497314,0.7336150352196287,-1.164559001938668
2020-12-21,0.9778991450268542,0.836285774638391,0.9268383997436629,-1.0283162791136058
2020-12-22,0.9517254868263338,0.837375152419263,0.7085724734411099,-0.9626298614086142
2020-12-23,0.9493486574072169,0.9846823690379569,0.7150328465848674,-1.026860427046542
2020-12-24,0.9332540692143955,0.906100778984501,0.5724604009538248,-0.9268977215589385
2020-12-25,0.2011978110122711,2.099280139514412,0.5834876566876444,-1.2305936228068055
2020-12-28,0.9231421020263165,0.8105224268578942,0.5615461111256769,-0.8477624993061869
2020-12-29,0.9346439463703585,0.845092571442144,0.6772273308049926,-0.959784105695554
2020-12-30,0.9417724314379321,0.9514214124938197,0.6011159707973098,-1.0677153387166436
2020-12-31,0.9238339097153131,0.9166207961969169,0.5026742728811484,-1.0150911259009179
2021-01-01,0.24588698995588548,2.124324643806787,0.4941452544361626,-1.335182737910013
2021-01-04,0.9351482133949351,0.9757828609550827,0.6761871949663281,-1.1637567425981161
2021-01-05,0.9250877903551941,1.0118737016550106,0.7165105240368392,-1.228968443207903
2021-01-06,0.8744349498008315,0.9525967479656047,0.7090946976463128,-1.2002196212376155
2021-01-07,0.8549450214417523,1.026029904953605,0.43319329450287175,-1.1514860999159315
2021-01-08,0.8480602829721499,1.1610814306891486,0.3454177707256397,-1.3343927002992284
2021-01-11,0.7898880587818393,1.169860238108036,0.42729722674068177,-1.336221285937628
2021-01-12,0.7430334442698633,1.1944378177936283,0.41332266419335334,-1.3190284316037588
2021-01-13,0.7433802195639116,1.2804343719450517,0.21389167458762345,-1.298540575428368
2021-01-14,0.7416032937742328,1.3238889889246248,0.3294478600153695,-1.3825868996016526
2021-01-15,0.7136719162291262,1.1195401503245417,0.22150030982347857,-1.321463148004889
2021-01-18,0.7254538201032552,1.1604147548143307,0.1986358296044955,-1.3137055992765692
2021-01-19,0.7232614321627416,1.288732534684882,0.18379237628323306,-1.3909703815704504
2021-01-20,0.7362701121030508,1.368427588319205,0.14633849802950685,-1.420555016896209
2021-01-21,0.7059234495286466,1.3084148885406763,0.17551975176604367,-1.4678669695296165
2021-01-22,0.7397187291039847,1.1307632688376317,0.22303141349591946,-1.4009542848718712
2021-01-25,0.664445777197466,-0.04640683078538252,0.24199067275718494,-1.417093117186845
2021-01-26,0.7276553969646492,1.0854193911284014,0.3114699024427106,-1.3322178789528314
2021-01-27,0.6706102739619282,1.036682773278629,1.0052833711656664,-1.2593587396339683
2021-01-28,0.6767259468902574,0.8682013329043344,0.6592467711142584,-1.121350172578072
2021-01-29,0.8323212653606539,0.6825574701598907,0.8548267660206872,-1.1330404381871388
2021-01-31,,-3.0,0.8232775638818037,-1.6158446181239772
2021-02-01,0.7766979375655931,0.8082667206841267,0.5237149788932031,-1.065362236249008
2021-02-02,0.8667523600419907,0.8752821627877236,0.19446956719056943,-0.9472550265240944
2021-02-03,0.5263635456894056,0.9143616680263813,0.037073802893807406,-0.9091486109635929
2021-02-04,0.3390434391753014,0.8800138749244639,-0.06641589961608152,-0.7383829159781619
2021-02-05,0.441361720042061,0.9312667175249522,0.018746933885342588,-0.7766524748624679
2021-02-08,0.39667300710741843,1.0287219471417135,0.018363621322504187,-0.7369813502023912
2021-02-09,0.3275611384918696,1.095809010663932,0.1833133653042823,-0.7480973848184974
2021-02-10,0.11992734323766714,1.2640610941434873,0.23581900374319018,-0.7807409955855621
2021-02-11,0.07986417715745517,1.2382207243789851,0.15412880768311682,-0.8170723579712421
2021-02-12,0.15443624447456036,1.308421267121389,0.09986158879044159,-0.8081610218794567
2021-02-15,0.16935369317470134,1.3670024534119252,0.11705104700409957,-0.8504028799012028
2021-02-16,0.19054167748236572,1.4990608865090642,0.2646264079774722,-0.9245943852426273
2021-02-17,0.17564329134578124,1.4439973343044241,0.10396376729962598,-0.9591133363375298
2021-02-18,-0.00120218583984168,1.1962272356765216,0.2165386182348967,-0.8940444498297972
2021-02-19,0.14381088278957455,1.1652635560850375,0.2759578389220598,-0.9756219023695462
2021-02-22,0.06817544285551899,0.9281824556083715,0.434332899657346,-0.8322125066273905
2021-02-23,0.3116626780190889,1.0306689252987793,0.3055316975691105,-1.8333029881287872
2021-02-24,0.21887353777557572,1.0513291425840279,0.29597374453375214,-1.7774804338159316
2021-02-25,-0.028681570262457934,1.1992874352239749,0.8728372402384131,-1.8558147702098065
2021-02-26,1.9662916561312023,0.8898013797774927,0.46458964087027405,-1.6875184524145574
2021-02-28,,-0.39888083091088167,0.48106060428270503,-1.8445903488025872
2021-03-01,1.8116978451399044,1.0196707050280567,0.0968657516561167,-1.6396542647740544
2021-03-02,1.8039152303344594,0.9443765006314726,0.10601210750156913,-1.5652191438894572
2021-03-03,1.7832297269752602,1.003240579149509,0.2586633125854647,-1.6082890815037363
2021-03-04,1.7731070331366756,0.8434557370799257,0.25396577800033027,-1.5802909833121765
2021-03-05,1.7056627079723303,0.7654082392468974,-0.24541929890549066,-1.5070784809711297
2021-03-08,1.6246051022806736,0.6242530354537472,-0.2891141524533407,-1.4281078976116675
2021-03-09,1.5535505197429258,0.6268424946235122,-0.4239362421028548,-1.3729185950822296
2021-03-10,1.551180980319275,0.6602684457164544,-0.49202352090161605,-1.32775140979392
2021-03-11,1.486057672866781,0.8254297733472906,-0.44588847258038794,-1.373029657973279
2021-03-12,1.3815084617824516,0.797607908665991,-0.5379616506856686,-1.4119794548542994
2021-03-15,1.2230578076642515,0.7156616767746828,-0.6628486271510959,-1.3602871142701334
2021-03-16,1.1603636662125074,0.7178693234899916,-0.7311974741015576,-1.3548083307615206
2021-03-17,1.1363990349689796,0.6569863780934067,-0.6719703697272661,-1.3224862788797485
2021-03-18,1.1156396528542931,0.7274601479540542,-0.507998728183944,-1.3889498837269247
2021-03-19,1.081219769773238,0.6746544058509869,-0.610829866739598,-1.3513213228776855
2021-03-22,1.0489996383806979,0.6314318768655471,-0.7349199338531808,-1.292201553821513
2021-03-23,0.9900410003541491,0.5923717310553425,-0.7437771671322125,-1.2515427635099747
2021-03-24,0.9695113703703623,0.4236771624787379,-0.8423504837036454,0.17289517000493135
2021-03-25,0.9523699527865036,0.2169266804622309,-1.1729832575723098,0.2241664747671547
2021-03-26,0.9276106648832783,0.3941090671191885,-1.016360727611483,0.17283719589185254
2021-03-29,-0.24749534462585765,0.2649117053883402,-0.8714605413628908,0.11386392150802085
2021-03-30,-0.23792407862434772,0.3391887305012025,-0.9988925880871194,0.07280492524585783
2021-03-31,-0.2156218429123065,0.3866500416037901,-0.7726550792828426,0.03843872914407943
2021-04-01,-0.2669287707013225,0.39267115320480783,-0.9643046228408018,0.010694670736181074
2021-04-02,-0.10372475895545534,1.508594410577643,-1.0270911610782842,-0.11956636339004152
2021-04-05,-0.27631037555802246,0.40316930996101225,-0.7357677145754026,0.029337602613907006
2021-04-06,-0.28905665522801305,0.3332675016886731,-0.6336390158564112,0.02666779272675342
2021-04-07,-0.2860239685462883,0.27533945232159895,-0.6022651901549567,0.0664258484755421
2021-04-08,-0.2959282639360147,0.38426568214635787,-0.5485863660508807,0.10473294541272243
2021-04-09,-0.29999855850654067,0.2440148022936422,-0.5893809207247455,0.1378188820398316
2021-04-12,-0.3323785327462145,0.08293263387848106,-0.6411392454826195,0.1782308553035946
2021-04-13,-0.36279479844935214,0.1111175721987687,-0.6910850633103098,0.26597031378507424
2021-04-14,-0.35440885377512454,0.18191924054367953,-0.6266366554041426,0.17529074420523033
2021-04-15,-0.30741124375316475,0.1423429574446389,-0.8264790843512204,0.30261024825667465
2021-04-16,-0.12702154453726822,0.08127891576587729,-0.8181940425978094,0.23074438998817443
2021-04-19,-0.1562794583583957,0.008120008014805445,-0.5503690187430978,0.16743292785478392
2021-04-20,-0.18459254258111238,-0.0017395860947288088,-0.5411827492285175,0.19611572082782713
2021-04-21,-0.17413220831688775,-0.015499186209568137,-0.6050241876155786,0.30264612356402903
2021-04-22,-0.12859232400438372,-0.04425164374950933,-0.5067579649882622,0.23897421161198645
2021-04-23,-0.1014285031378302,0.06551892130037124,-0.4425500235613473,0.21128271806496177
2021-04-26,-0.15670361700931124,0.17393168083684468,-0.4858721660863872,0.21535388108540462
2021-04-27,-0.044721836982812686,0.1628541887277706,-0.5159576696928894,0.16742103876794145
2021-04-28,-0.02144200615873008,0.22099701681911227,-0.4386047548601573,0.11819695416119222
2021-04-29,-0.009721392886751707,0.13276744139696856,-0.5738456707233451,0.14750924477307495
2021-04-30,0.1091035160022539,-0.1611847680205843,-0.8687524527027551,0.3661817905094548
2021-05-03,0.20978609106691432,-1.3219252361690181,-0.8325397920889197,0.4306435041556054
2021-05-04,0.16017084086591435,-0.2696956548027729,-0.8503657082598111,0.4287713190883722
2021-05-05,0.16884886486719403,-0.30397716725804325,-0.8220910785137623,0.4676521673535988
2021-05-06,0.17626690106471912,-0.2580009429316158,-0.7887717588820102,0.45005556572683825
2021-05-07,0.3417045196688874,-0.1693606517520745,-0.6599741851332172,0.4274562216383612
2021-05-10,0.3250633214732713,-0.204599205118483,-0.4317943827104022,0.39128596796093534
2021-05-11,0.3312177144189409,-0.3362590554245186,-0.22457646060174996,0.4585723760568302
2021-05-12,0.4343143909782354,-0.43427961043084623,0.31325111864863936,0.40086140269242565
2021-05-13,0.42208297211315066,-0.6503686475685155,-0.2030622692684781,0.6253011358094136
2021-05-14,0.43840655571606846,-0.4776518070025621,-0.2101844353651317,0.5904100501598726
2021-05-17,0.09384618302760428,-0.4923373075022221,-0.2143544684686831,0.5471913848916315
2021-05-18,0.1035985001127056,-0.3103778395738869,-0.07338112613565732,0.37793466110562957
2021-05-19,0.06971280589798105,-0.4117866138282563,0.018233455421161924,0.34865743525788845
2021-05-20,0.12423044783290975,-0.45855769989776435,-0.12005037069320058,0.6374630732748011
2021-05-21,0.12465920482483263,-0.4863607906410128,-0.15979655969526765,0.5912214779071644
2021-05-24,0.06626861152736442,-0.4915376799510629,-0.3135996305704113,0.6908331754525121
2021-05-25,0.07338195379237566,-0.4018985084569383,-0.20194546368127392,0.5717313130833945
2021-05-26,-0.12021529704503126,-0.2878872887269216,-0.42299266090422694,0.501222911095404
2021-05-27,-0.157457580018119,-0.2852268174907322,-0.3699490234424733,0.4621565333134705
2021-05-28,-0.14534758338459888,-0.24192336174471973,-0.44266903714404515,0.2560871001907937
2021-05-31,-0.5951229828000086,-0.059760789230223925,-0.07514973419446959,0.32541808708947567
2021-06-01,-0.051734923424116015,0.09989469741970688,0.07055718920136284,0.24558259899505486
2021-06-02,-0.06936869783999436,0.1748703266281719,0.012313068095953254,0.28580823624789425
2021-06-03,-0.08126440816506214,0.14537751900977564,-0.011387737691210502,0.2262096353341484
2021-06-04,-0.09891614674012138,0.06266573183669355,-0.16894985968627782,0.35851130163540196
2021-06-07,-0.09413605813334178,0.06360602974076776,-0.06472039551738157,0.3158741809789035
2021-06-08,-0.05709438845349984,-0.0799101155912234,-0.1067671858934569,0.3344713702379119
2021-06-09,-0.039919427611761066,-0.16640066124946423,-0.08333845928437317,0.3508826639211109
2021-06-10,-0.039157485076170534,-0.17554027058745456,-0.3744574566516151,0.3864325735404893
2021-06-11,0.35658572325170085,-0.09793910413905495,-0.29575420219982335,0.3147648605599629
2021-06-14,0.3264372743908926,-0.0238581292775935,-0.16566009566734716,0.2926254304748477
2021-06-15,0.2912976791390619,-0.08796557791243888,-0.11844947200232825,0.31535228534270915
2021-06-16,0.1585069543357978,-0.09152104992185325,-0.027092357277806442,0.24408540360701453
2021-06-17,0.15437380951746082,-0.27438397762200156,-0.3876306874493435,0.3144575865715711
2021-06-18,0.13803437710861186,-0.2783566119744787,-0.06928280912677821,0.2695521362141872
2021-06-21,0.09194165420863953,-0.4021427146000475,-0.2249708353959336,0.3587556836146151
2021-06-22,0.14857585720143007,-0.43372042294506774,-0.324819810819671,0.4478377106515852
2021-06-23,0.15238640294845487,-0.3494497058940659,-0.33533943273092737,0.3242724753454198
2021-06-24,0.16925946568048122,-0.26660528773164344,-0.43237989305856367,0.29785283047815503
2021-06-25,0.16774285189710017,-0.20934673808840698,-0.4405842026302766,0.21132849692493885
2021-06-28,0.13039317360012653,-0.24582189524198667,-0.5012778376681981,0.2724799062916541
2021-06-29,0.11277037320608903,-0.30109482038036944,-0.5534804845706769,0.2904544129907219
2021-06-30,0.07223700654352384,-0.3366793680672863,-0.6741775259509765,0.31813139819901576
2021-07-01,0.14595710865879855,-0.3993601562457777,-0.7138954851762254,0.37034269442626694
2021-07-02,0.103461197878635,-0.5873318735289534,-0.8059791484280231,0.5173548228608824
2021-07-05,0.05070586477149333,-0.4513081475561849,-0.6683588811666846,0.5024178779925829
2021-07-06,-0.011742585621465254,-0.6293885419000026,-0.8308562868367627,0.6011747670280019
2021-07-07,-0.04808915251753472,-0.6797491287880219,-0.9066144198580789,0.7002157752014505
2021-07-08,-0.07537517151909486,-0.9153671205051297,-0.6543689806575715,0.8511014892927646
2021-07-09,-0.013745996725182766,-0.8735334237605602,-0.7250554758718538,0.8469404531636779
2021-07-12,-0.22893741810481297,-0.7709190257262626,-0.824459806702437,0.7897500648740763
2021-07-13,-0.14689902168137461,-0.6064005038383053,-0.8715640722187448,0.6279613116651512
2021-07-14,-0.21692204728539194,-0.702390402007026,-0.9726288204727271,0.7304930345865368
2021-07-15,-0.17438398417581547,-0.6566756048452222,-1.1284392157358643,0.6212105443193084
2021-07-16,-0.1481748845002534,-0.7295183518833316,-0.843294969895522,0.6381473518420062
2021-07-19,-0.24122181087584998,-0.9617206956361859,-0.7299595415926703,0.8206789298458399
2021-07-20,-0.22014642701148532,-1.0141149841528971,-1.0309007369570549,0.9041858544820962
2021-07-21,-0.2959538193523572,-0.9563548718893551,-0.9260748429660732,0.8393364692086892
2021-07-22,-0.3654264588712623,-0.8418445503581754,-1.0908335113244023,0.7773299826476827
2021-07-23,-0.3242654879139792,-0.9576168697614466,-1.0844895071711542,0.9308034848273745
2021-07-26,-0.39195878185685584,-1.155958411403802,-1.0667620827694035,1.1657061532178001
2021-07-27,-0.42275968020595417,-1.2356213025231082,-0.9034151343160141,1.405318977624578
2021-07-28,-0.4054727059826041,-1.078231641461442,-0.9608073611808012,1.235424584748025
2021-07-29,-0.34474807127864027,-0.8524487089101263,-0.9129972527884105,1.0198308749046001
2021-07-30,-0.28892655214933305,-1.0315425721596565,-1.078978653713922,1.1617365922491498
2021-07-31,,-1.2074385988713257,-0.9699034543867643,0.33155602453571914
2021-08-02,-0.38555418270307457,-0.895084011041907,-0.9172402638447298,1.059462672002936
2021-08-03,-0.4042802311917227,-0.8332350316825533,-0.9146892268652745,1.0539672639898483
2021-08-04,-0.34664971320977606,-0.7728681108795359,-0.8676152035231175,0.9114375432307729
2021-08-05,-0.27150780724636275,-0.7455986389677748,-0.7148964903204278,0.8785437862859672
2021-08-06,-0.23086106877884413,-0.7842235639053807,-0.9730004554399317,0.873348554534231
2021-08-09,-0.2507418055393288,-0.6817915852400848,-0.9551859748742166,0.8202798692184823
2021-08-10,-0.236668513703028,-0.6391174180089129,-0.9731746881960488,0.7373734162649687
2021-08-11,-0.2649202920221206,-0.7037796560603453,-0.8585918419799924,0.776453009203509
2021-08-12,-0.21965931163495914,-0.7659017058616968,-0.8603485491013594,0.7940692549869991
2021-08-13,-0.12175951888711353,-0.9659941264568521,-0.8892861361981641,0.9392334343274642
2021-08-16,-0.3094982686996523,-0.9540153579672891,-0.6822119767544406,1.0565877663878656
2021-08-17,-0.2895986757979216,-1.073925006702945,-0.6247592065908145,1.119347196686325
2021-08-18,-0.29361849206934837,-0.9772961218952473,-0.387457794763685,0.9877122421051822
2021-08-19,-0.3133731331129072,-1.1841179921274436,-0.25994243004268647,1.2278091609955493
2021-08-20,-0.29547274793196915,-1.2782835546901463,-0.5651032919184231,1.3434522392185624
2021-08-23,-0.7736495515376404,-1.0770826717255064,-0.5710138580547027,1.5931510974269087
2021-08-24,-0.7618450597298035,-0.7431212250532783,-0.2957193317709869,1.2354754079411483
2021-08-25,-0.8156099435268751,-0.6933562257696332,-0.24496817175375724,1.18156365060611
2021-08-26,-0.8510655964122884,-0.7693500342789046,-0.08509886873219105,1.1963948551594423
2021-08-27,-0.9159662995452162,-0.6903614890278358,-0.17138508274261513,1.2512490423703646
2021-08-30,-1.0434643318227481,-0.5983548778752572,-0.2172924156291233,1.154996631510103
2021-08-31,-1.1567558736688563,-0.4017193116092394,-0.03649895769821731,0.9589736565378025
2021-09-01,-1.2153021109037443,-0.42823033137435357,-0.056000098624574175,0.8749690339356679
2021-09-02,-1.2544146626036634,-0.4929857050554207,0.0044238269324368825,0.8791566297328116
2021-09-03,-1.319871619583151,-0.47578289392015005,-0.048771086573999464,0.8345367305298365
2021-09-06,-1.4189332247790398,-0.40250045086218145,-0.12419788878270581,0.774082288959929
2021-09-07,-1.3638667046210569,-0.45108753032761356,-0.06603907243700755,0.7205198923242084
2021-09-08,-1.4340882422756445,-0.5991156721302323,-0.2414982684276056,0.8074508487956942
2021-09-09,-1.43506503917492,-0.6856894185090677,-0.10267119859096482,0.9166835374605614
2021-09-10,-1.3265435219250046,-0.5836040623967796,0.07966482588531336,0.7818202488352426
2021-09-13,-1.3868386190588566,-0.5328153156736445,0.002513441097132143,0.8460328335884872
2021-09-14,-1.361476700360029,-0.5655844538050224,-0.049364221832609315,0.8993871187721951
2021-09-15,-1.4882109186741108,-0.6496430481532555,-0.1950547222092412,1.0020005998135002
2021-09-16,-1.4564568907679902,-0.740734327554114,-0.3062231954745937,1.0679524375405034
2021-09-17,-1.4748962031536044,-0.8379563517371658,-0.367070198916446,0.9531528099696294
2021-09-20,-1.4795976965815938,-1.122287848363626,-0.15939855147271886,1.1105902091112794
2021-09-21,-1.468687520303112,-1.0543421619720914,-0.2758228684090024,1.0846741490723928
2021-09-22,-1.4473393253872362,-1.0664023361510628,-0.6836252743600578,1.069291911840363
2021-09-23,-1.4556926000663386,-0.9191979333904424,-0.7097645349101562,0.9710249779224239
2021-09-24,-1.4830270915980275,-0.992548064638161,-0.9165413125927535,1.0334476730621363
2021-09-27,-1.4905819374739464,-0.9669927852973389,-0.7842416885547353,0.9926135950699377
2021-09-28,-1.4747121608039315,-1.1024051357591076,-0.5165249936465639,0.9338965315758968
2021-09-29,-1.4639096775782137,-1.202489504510246,-0.857107716811051,1.0185048908005339
2021-09-30,-1.3808026785761716,-1.1814363675972606,-0.8337155410770495,0.9694750630770572
2021-10-01,-1.325632656383245,-1.2719180602757103,-1.1692906988006562,1.1241146462473375
2021-10-04,-1.3603421936575393,-1.252360917852618,-0.8428438699614188,1.1305388735655026
2021-10-05,-1.3619432596291507,-1.1946191701956776,-1.117234778681602,1.203636218178496
2021-10-06,-1.4378455929520177,-1.3314829440565599,-1.4317268209020089,1.3010732064082262
2021-10-07,-1.4549364064255554,-1.0039331761682089,-1.4307516411971308,1.0232181768575348
2021-10-08,-1.3982344998791558,-1.0227863901632148,-1.4816203936074672,0.9582412141093305
2021-10-11,-1.4134646165164475,-0.9676793437098781,-1.495498432997994,0.83082330665128
2021-10-12,-1.347645766362485,-1.1949306343768242,-1.8995651517789987,1.0802692872031923
2021-10-13,-1.2890134480208268,-1.0459878300381447,-1.7699374838428037,1.0217775333537955
2021-10-14,-1.2758943080470992,-0.9004963338783689,-1.950556461999759,1.06190415475009
2021-10-15,-1.2727790754726234,-0.6105077517667,-1.7390847875174185,0.8030628450365269
2021-10-18,-1.2557242291798103,-0.5897163604874323,-1.56640242033017,0.7615792413835067
2021-10-19,-1.249059823843232,-0.41580100967692457,-1.200070432211491,0.6509849158453582
2021-10-20,-1.2476804260103613,-0.37483801721834276,-1.153092595090234,0.6324267042119673
2021-10-21,-1.2069104509517665,-0.4837608081737049,-1.2560639595421523,0.6752823849142209
2021-10-22,-1.1878728978253792,-0.5331837815130815,-1.3849601854615385,0.6930075673221727
2021-10-25,-1.1948275285114667,-0.6073464047618917,-1.4770993434122788,0.7226181099103685
2021-10-26,-1.2557496644928565,-0.659426971740567,-1.3917296001657045,0.752905287526309
2021-10-27,-1.2103513606687342,-0.8376776174437852,-1.2323885176027851,0.8945031676098756
2021-10-28,-1.14377729993183,-0.9393949066907421,-1.0459808171487772,0.9289840082584461
2021-10-29,-1.3482061938966967,-1.0691387914472166,-1.2695144652952561,1.0213165506266648
2021-10-31,,-0.5638179572095291,-1.1447560581449205,0.2747431435831514
2021-11-01,-1.3789026574367278,-1.0758580447630766,-1.1911546501918542,1.049210920632358
2021-11-02,-1.340131862547032,-1.099351445746504,-1.465433617906272,1.1658378393099804
2021-11-03,-1.3172911110476233,-1.0845783335681518,-1.2451695921227268,1.1227126587849576
2021-11-04,-1.3011282129624726,-1.0627619771078873,-1.640677646524488,1.2139968486765396
2021-11-05,-1.31429166557383,-1.1283167634958076,-1.6898862267033332,1.4228842701056086
2021-11-08,-1.2345536817457803,-0.9733544559182719,-1.4756011932709998,1.340955645911924
2021-11-09,-1.1947361789859408,-0.8856994958231645,-1.3388650126220474,1.4413658927353359
2021-11-10,-1.187864415302979,-0.8362494328639798,-1.2181654868730485,1.242352371688832
2021-11-11,-1.2053063110403142,-0.7604882485794936,-1.3693626398368122,1.1625843755599776
2021-11-12,-1.2758889874760897,-0.6596847567807914,-1.4651437400252028,1.0308359275592935
2021-11-15,-1.1355168932282775,-0.6178014497916637,-1.368640576761709,1.0442775870340937
2021-11-16,-1.105264455733881,-0.5740851268321917,-1.6569684494569454,1.0205033902660199
2021-11-17,-1.0525533040404391,-0.5628918557199901,-1.572900507223809,1.0669690330649912
2021-11-18,-1.0569165665830074,-0.8834471969712444,-1.4923922447870566,1.1428291202503016
2021-11-19,-1.0468421170008688,-1.0118045200827577,-1.5166367146025117,1.1549474453969446
2021-11-22,-1.1150716894299446,-1.088466433475181,-1.288610831315448,1.0508853346292428
2021-11-23,-1.0929597468773427,-1.177098127386258,-1.3425872096938276,1.126639055182764
2021-11-24,-1.0577486828875062,-1.210902945580938,-1.4408682761126295,1.1584552687504774
2021-11-25,-1.0696394804008058,-1.2419694548583344,-1.4612605835812276,1.1486189492476393
2021-11-26,-1.0604890410809746,-1.6868983021662922,-0.7184206339475592,1.6271249929349298
2021-11-29,-1.0451364884924166,-1.709404653563103,-1.369714117973401,1.730182107760098
2021-11-30,-0.975707682733791,-1.7045747666774607,-0.8343484607437637,1.7106252081600715
2021-12-01,-0.919114687856421,-1.3580527581600055,-0.30318744821808197,1.2900893786607024
2021-12-02,-0.9908295654066711,-1.2040395589532913,-0.630467548772661,1.2359919196294562
2021-12-03,-1.0225432509860641,-1.2972071419232198,-0.2938753631855082,1.411340947818141
2021-12-06,-1.0247756888804693,-1.2050947447436915,-0.17448134861432754,1.3808715727395666
2021-12-07,-1.0191693471580539,-0.9082582064385756,-0.5674440908420593,1.1445661727175955
2021-12-08,-1.0395417376840035,-0.7267385940583528,-0.24210289686810688,1.0614099190647852
2021-12-09,-1.0340747103920718,-0.6960080152887812,-0.4176737462555061,0.8928146814230671
2021-12-10,-1.0530175337295347,-0.8208740028181237,-0.6691403060197966,1.0520068664672544
2021-12-13,-0.9686367233662863,-0.9684937652986927,-0.8359503651657395,1.1207030780390255
2021-12-14,-0.9986914930055926,-1.0687592953515743,-0.9780509617032334,1.122842224789394
2021-12-15,-1.0345325059205097,-1.1155336506249183,-1.1929856557460903,1.2651667425691537
2021-12-16,-1.047193366774388,-0.9690407219990244,-1.027799967511199,1.2045682594559397
2021-12-17,-1.0124149570713508,-1.0848647331060424,-1.120224322951904,1.2287943716621497
2021-12-20,-0.9681973031917952,-1.3254550022883855,-0.9831023242509386,1.4470967574137736
2021-12-21,-0.8474519574337239,-1.2219838500858946,-1.2382510667917328,1.2715938753934661
2021-12-22,-0.8312843154481386,-1.142528914443214,-1.2829881951383348,1.2996789031141858
2021-12-23,-0.7960820693764274,-1.0313135298406664,-1.24032438015209,1.156102614262873
2021-12-24,-0.8072895147244417,0.6047948211152644,-1.2264402588879293,0.8449864435866734
2021-12-27,-0.8074047852133778,-0.8233828191138595,-0.7877253385597668,1.1670696103417257
2021-12-28,-0.7690162889266695,-0.7803306974012358,-0.7178780512644389,1.0891291663167157
2021-12-29,-0.7587840795893279,-0.8012421975592527,-0.5738283073484162,1.1310744172827527
2021-12-30,-0.7241742682897027,-0.7400121799178264,-0.5464153427774702,1.1198046394047139
2021-12-31,-0.7080487109534375,-0.6385620532202116,-0.31220300387753885,0.8843203229592199
2022-01-03,-0.6639063754552837,-0.4522483103389799,-0.08902380437249946,0.7803616931710837
2022-01-04,-0.6425716793360523,-0.5338320416053992,-0.4137011403134521,0.7486076773042178
2022-01-05,-0.6081779774483915,-0.6850004174443998,-0.1494999876335395,0.7521993773180469
2022-01-06,-0.5999356359025831,-0.9227188984594066,-0.3974715729681855,0.7995134238450949
2022-01-07,-0.5789852709944237,-0.8371163937366449,-0.3637383754204356,0.6633520356146335
2022-01-10,-0.5813463563315667,-0.8147907798807503,-0.4626080925333777,0.6014147359391968
2022-01-11,-0.6074909581065929,-0.6774849007886061,-0.5165047961952981,0.5462693780366409
2022-01-12,-0.6653619237248287,-0.5684476458102357,-0.47981836531850125,0.2875598660168627
2022-01-13,-0.5695149276580468,-0.5801574140169994,-0.28857470289231585,0.3500132445267838
2022-01-14,-0.5483869846480992,-0.6379014910715728,-0.4021560660351107,0.41321451817371035
2022-01-17,-0.4137506325168863,-0.6315945872082412,-0.43021349469182885,0.4409519727201576
2022-01-18,-0.3573665496542287,-0.8395736913679247,-0.49932274024810197,0.6262043488419743
2022-01-19,-0.34096630830413827,-0.9680758705765599,-0.5152316124071854,0.6277469006897187
2022-01-20,-0.32314782514705714,-0.7979783567971254,-0.0930891629180086,0.2521468143242975
2022-01-21,-0.2931064179209582,-1.036964294859795,0.06693660653049664,0.4065397329708275
2022-01-24,-0.2565694855216167,-2.6428718341420216,-0.08044284934138372,0.789035045440862
2022-01-25,-0.20436873235235029,-1.2730826236340358,0.07755851082780875,0.8203664932409624
2022-01-26,-0.15428149836327704,-1.1614083590477866,0.1827513903516691,0.6947409186573628
2022-01-27,-0.08686725064949144,-1.3486515554558376,-0.4350030280484616,1.0456027140504023
2022-01-28,-0.04069968889778771,-1.3577735159648052,-0.8074054796077091,1.2129181956966408
2022-01-31,-0.09496644380213622,-1.2179754825721139,-1.168559227665246,1.1215584558300458
2022-02-01,-0.12080604316199327,-1.209579411037698,-1.6726200014261872,1.078775159225105
2022-02-02,-0.16697744650998303,-1.2169991339583806,-1.4852375633656616,1.1497165810925454
2022-02-03,-0.22657440960138708,-1.2475101865898033,-1.0153585741604374,0.9782600902366788
2022-02-04,-0.2063812967980489,-1.0580890409046644,-0.7918359110002704,0.7498801944403234
2022-02-07,-0.22048419972313257,-1.1041904773742346,-1.075637169742479,0.8802803532566642
2022-02-08,-0.20810406739274456,-1.0457984829371325,-1.2076907504232555,0.8732556810807873
2022-02-09,-0.19527542260733025,-0.7485063982748988,-1.1727673447348286,0.7077054967115814
2022-02-10,-0.1367340763965113,-0.5202907824953033,-0.2952729980867792,0.29094041193960046
2022-02-11,-0.07840001500984983,-0.6999170067399322,-0.365641288023292,0.553577994694519
2022-02-14,-0.07895957812640747,-0.913006167250878,-0.23978392167041251,0.7474897903542609
2022-02-15,-0.058731480196101485,-0.7005439235296522,-0.5011514686370141,0.7505981493954261
2022-02-16,-0.05181949034303104,-0.5138570946200729,-0.3374540625555451,0.6011120914201186
2022-02-17,0.08695726896732657,-0.5597164030658583,-0.1407920482487416,0.6032518490207011
2022-02-18,0.1422451322498269,-0.7857712295949979,-0.6377047440246113,0.7476735417714454
2022-02-21,0.1777655335054706,-0.8287758015148199,-0.5613421489792183,0.9073747138385406
2022-02-22,0.13654191157114276,-0.9277009648971613,-0.47082946454664637,0.5175712822432831
2022-02-23,0.2086291738024466,-0.9158961366229121,-0.884652465840632,0.5224163691474862
2022-02-24,0.5529665588642116,-1.7084145080646118,-2.601401680631777,1.3705157131403065
2022-02-25,0.5495011966749471,-1.4526941136284792,-2.6040625463777003,1.2314006116685436
2022-02-28,0.5326573168985117,-1.9835285123596873,-3.0,1.3654230223348094
2022-03-01,0.6422076580975156,-2.105835524282948,-3.0,1.2474320660530334
2022-03-02,0.5898381770167593,-1.9988707708784423,-3.0,1.3934000003673688
2022-03-03,0.5786528885327055,-1.8614840787711198,-3.0,1.2763655721522762
2022-03-04,0.7371631467756872,-2.221480143253843,-3.0,1.4284588172117
2022-03-07,0.7151408010651945,-2.4849775606851887,-3.0,1.7633252865676508
2022-03-08,0.7531931669140224,-2.416526624365845,-3.0,1.8832383223830946
2022-03-09,0.706364262558627,-2.2138258238699393,-2.8883850610431185,1.9633466652488671
2022-03-10,0.7080081260483545,-1.932213302197992,-2.956766449634984,1.6573795511447473
2022-03-11,0.5575308683537407,-2.136755963461391,-3.0,1.8865333646038018
2022-03-14,0.5248286821310275,-2.116168831539877,-2.811646560177291,2.165178014188352
2022-03-15,0.914572553934438,-2.3367306411898507,-2.8424420632030176,2.3773825290261295
2022-03-16,0.8995791276390993,-1.8826036604113257,-2.8283372905282436,1.7304798877609797
2022-03-17,0.8140452995055759,-1.4257166100643557,-2.6101851592521244,1.2946875777130593
2022-03-18,0.649368582570897,-1.3475482526111324,-2.503818588100621,1.303571061890385
2022-03-21,0.5903882993807297,-1.2835877800286155,-2.1632347238382366,1.3034823745870558
2022-03-22,0.6091472554507613,-1.232458060048498,-2.1627274899981463,1.3844355036244942
2022-03-23,0.6132325889855769,-1.1346947206120457,-2.020051636354729,1.2118143349689503
2022-03-24,0.5699592999778724,-1.077844716631323,-1.9246764403801515,1.2837412120446314
2022-03-25,0.27504503301386435,-0.8436902803042641,-1.2508582972319604,1.3849580677684799
2022-03-28,0.16608511408082133,-0.8385288489246447,-1.2953700729050575,1.3828978306010526
2022-03-29,0.1619660394663014,-0.3711597746632977,-0.35509153404636845,1.2447691368173641
2022-03-30,0.10305286996552109,-0.055214650865955894,0.2835703924569046,1.116942725068709
2022-03-31,0.08463449474646628,0.46243972684858187,1.6107503392315627,0.9111163785264796
2022-04-01,0.04096077444664733,0.47734434916860236,1.5378131983587606,0.8007109901485728
2022-04-04,0.004953039289151055,0.7199471412296916,1.6932096635219285,0.6466091251779837
2022-04-05,-0.042538790237714764,0.7373910259017911,1.8347575129264924,0.5351101813807658
2022-04-06,-0.12849763981862092,0.5926973742628051,1.8429399801917452,0.6073399321715955
2022-04-07,-0.12765422493792597,0.331882371312568,1.538585465943041,0.7464504847610738
2022-04-08,-0.14864424889709218,0.29564758655322637,1.3837974717448027,0.6796035982065702
2022-04-11,-0.05157153959428827,0.2467613541668593,1.7309575026523514,0.8927477187951176
2022-04-12,-0.026856278865898777,0.12135006358466474,1.461658051127871,1.0030317300409919
2022-04-13,0.016337383428461694,0.3149574552194354,1.5334328563877622,0.868171605647094
2022-04-14,0.008931553066060081,0.31529003244355,1.5684412492582045,0.7482534342054478
2022-04-15,-0.034123920449205265,0.5184650343089967,1.3027177758707258,0.33300242358461835
2022-04-18,0.32287368003341554,0.05051198841972762,1.1781606328929963,0.9011433864954427
2022-04-19,0.29525228686136223,-0.12319848389869507,0.8913182500423646,1.031054458808236
2022-04-20,0.2667171820582256,-0.07106665244989664,0.8579656568844176,1.0844770675189226
2022-04-21,0.2330487238953118,-0.01799372279693937,1.0188795553345475,1.0551106859138073
2022-04-22,0.24485441930871635,-0.146111756654866,1.1246418973759735,1.0445466389949278
2022-04-25,0.1739833574719757,-0.4883018113307882,0.7185495835031952,1.4131105752676492
2022-04-26,0.24415150768038907,-0.46158197575808957,0.8859903636647284,1.2251107848587568
2022-04-27,0.24303031284375998,-0.5593805659006794,0.6316978041060081,1.2879672436155858
2022-04-28,0.393820280808052,-0.45903112956389414,0.4100421212302223,1.2087716501890202
2022-04-29,0.46168868862436474,-0.8577259152866212,-0.536298905361572,0.7370939098321665
2022-04-30,,0.17025576375301357,-0.5813101784779374,0.6513610424129394
2022-05-02,0.3353701620937515,-0.9199564443550957,-0.795441267281915,0.6782252243533297
2022-05-03,0.22615605308766826,-1.0307095854480328,-1.0352792778946955,0.7640711076286357
2022-05-04,0.2946355585621933,-1.1276570185849755,-1.1793197953560022,0.9608223249707
2022-05-05,0.26718065077516034,-1.1301562477194642,-0.9231882347974453,0.722893219596737
2022-05-06,0.2748924510551433,-1.3294742441647889,-0.9848267059419872,1.0658283965600968
2022-05-09,0.28239971613770587,-1.5129496444439967,-0.8217581690533792,1.1362072922842987
2022-05-10,0.2916464669218926,-1.520503053233954,-0.8461000570127212,1.1759299020736853
2022-05-11,0.21771106964391163,-1.4423265595934136,-0.8546095566101707,1.0810259231889763
2022-05-12,0.23890288858293293,-1.6806894805382868,-1.2888977120886378,1.3388195256210313
2022-05-13,0.016899329533027592,-2.431196231684765,-1.293383361288259,1.1470830595368873
2022-05-16,-0.4874134661467579,-1.434971794932474,-1.326679068371019,1.046863189533251
2022-05-17,-0.37997661801964083,-1.1792903311862668,-1.1713903902637337,0.8367199037594597
2022-05-18,-0.4405384127333809,-1.127640777709249,-0.956171717720459,0.5768662096678544
2022-05-19,-0.552176291328889,-1.3079604597814627,-0.9873864736232388,0.7944329360958123
2022-05-20,-0.5868233706586985,-1.0666230145762925,-0.9679491223209448,0.5222658013021091
2022-05-23,-0.5450294848929975,-0.9598253393733012,-0.6841531643092436,0.6236324351163706
2022-05-24,-0.6507235936618504,-0.9564486014658377,-0.6400555792475695,0.7914866389304377
2022-05-25,-0.6332961393517038,-0.9213934869829277,-0.6111872827766699,0.7828035330038262
2022-05-26,-0.5686735809011847,-0.877056598352935,-0.6305863601261069,0.8367091708207045
2022-05-27,-0.6162472463826946,-0.6909003305105353,-0.6759831058738001,0.7242286676930291
2022-05-30,-0.6711062893674453,-0.5038685016369515,-0.6113052827349211,0.5014646728415936
2022-05-31,-0.48048262914248485,-0.4181063774426659,-0.5738335266777079,0.26876522937579533
2022-06-01,-0.4588049243673353,-0.38791030439340357,-0.5444347970903834,0.20975598079670188
2022-06-02,-0.5195538266739292,-0.31731748798880227,-0.4210523168612338,0.4215890342470553
2022-06-03,-0.504876114975969,-0.3464776471478141,-0.587695296118487,0.3617309863273297
2022-06-06,-0.6307824973979127,-0.15932570345269362,-0.4256030354643223,0.1800233220300645
2022-06-07,-0.6172121047287811,-0.2984308526890624,-0.3966875453301663,0.3583443967922785
2022-06-08,-0.6591138713852392,-0.08046913080697153,-0.2418033010034508,0.0964919226053115
2022-06-09,-0.6980776406625102,-0.0542821941857232,-0.1701672053400327,0.05330175421056205
2022-06-10,-0.35471775684133816,-0.03126806219053478,0.044337593076614716,-0.030267496033700533
2022-06-13,-0.3722348708543337,-0.5473185686116174,0.12010674798074104,0.15396749235713295
2022-06-14,-0.34957118646528185,-0.6129234962048088,0.07752342679170118,0.023999355298092242
2022-06-15,-0.25306695460862877,-0.7753180318527281,-0.36790996997216574,0.2159308305271569
2022-06-16,-0.25529211425772513,-0.828072806694827,0.007849325947461508,0.2419523373238301
2022-06-17,-0.24512666956338233,-0.8685186929270617,-0.17841103437886274,0.2669582974196757
2022-06-20,-0.2529203415621895,-0.9136301789333918,-0.15874764760652857,0.30355790222813706
2022-06-21,-0.2675320148021324,-0.723967474829282,-0.23897201232010237,0.15693342007005343
2022-06-22,-0.23294281147577153,-0.9098466636478998,-0.32920716837896624,0.4941981876795063
2022-06-23,-0.22979069218696208,-0.9510853631654456,-0.48938433663123515,0.46629510568726756
2022-06-24,-0.20281133916272803,-0.818210767789699,-0.5613205349483812,0.39651562408142227
2022-06-27,-0.24195744241531036,-0.6456165893958409,-0.5177894354696905,0.14752273717653663
2022-06-28,-0.25477499933345676,-0.6199749390481086,-0.5380017482209029,-0.07524415353162696
2022-06-29,-0.2794565262240089,-0.8845881413232098,-0.8585442493295706,0.14398741118774258
2022-06-30,-0.10193721008441982,-1.1332502007331753,-0.9679615657790691,0.3032470605802096
2022-07-01,-0.03283173540536459,-1.1887742681492703,-1.1346667413592422,0.4545464662030251
2022-07-04,-0.04540701894761689,-1.156648819888085,-1.0853086537964056,0.4510848212151318
2022-07-05,0.058716180437387674,-1.2140657931543986,-1.4790081783892237,0.4404456781601747
2022-07-06,0.10622768910449872,-1.147848485084389,-1.337158463985064,0.5267012070142961
2022-07-07,0.0327324103508656,-0.955149745516249,-1.456148131143395,0.3939204838932592
2022-07-08,-0.02515936749782163,-0.815513855741143,-1.3592657394416199,0.27457619642706527
2022-07-11,-0.13704560500740937,-1.1122107756401993,-1.617895719390571,0.46175416035340794
2022-07-12,-0.17895973543657862,-1.1607144456175271,-1.478036233443904,0.6029079772058777
2022-07-13,-0.2425952121827705,-1.0969710581470205,-1.5456563886776997,0.5436634292783615
2022-07-14,-0.22817805516387157,-1.0097534667784986,-1.4282262783816095,0.5940012204451443
2022-07-15,-0.3285976943237901,-0.9327601368520312,-1.3607005344175604,0.755394790780203
2022-07-18,-0.4091988367641354,-0.8084060067313136,-1.3345923875641448,0.4458461052390545
2022-07-19,-0.35836045054803056,-0.7245887948408072,-1.2267542054826122,0.5761819517863669
2022-07-20,-0.3004527538618069,-0.647945886466043,-1.29415733424378,0.4720387595885926
2022-07-21,-0.3429962013773608,-0.4872515349265293,-1.2902995759271818,0.48680289584468905
2022-07-22,-0.3450448596462019,-0.4608877681610832,-1.1743520965556145,0.5161874682255975
2022-07-25,-0.40318581386685487,-0.4477611505628682,-1.0636788667468549,0.5668798387618464
2022-07-26,-0.34008004129022906,-0.4313567475723174,-1.0217681560282836,0.45489281418162736
2022-07-27,-0.3226248954662216,-0.4750539969675445,-1.0602066219573967,0.5355047317507285
2022-07-28,-0.3070469780892085,-0.27076673168910964,-0.9414203575817301,0.5762258009801011
2022-07-29,-0.06648800521613407,-0.1592742539266244,-0.7309911640751119,0.7270094731663393
2022-07-31,,0.45467986077848305,-0.7040821955708773,0.7357300536572163
2022-08-01,-0.2010795778782196,-0.09533297827954106,-0.5650793810030103,0.7211435977413687
2022-08-02,-0.23097555467596917,-0.05265214744013245,-0.2397160987289872,0.7358137755850633
2022-08-03,-0.22181766054272326,-0.05677934600211453,-0.5851553190603294,0.7748612990680506
2022-08-04,-0.272389747636981,0.11607408709147513,-0.5464795033941899,0.6261385828906774
2022-08-05,-0.16958163786811717,0.2748252017524346,-0.5730361652602247,0.41595778985983
2022-08-08,0.02651795027816172,0.32746854440032197,-0.5035057674230882,0.4715508995372734
2022-08-09,0.11119315359948542,0.47863263069510775,-0.3819015607280216,0.4265785571221252
2022-08-10,0.1235095049673241,0.3879800419973318,-0.2939034702544355,0.6155520297814113
2022-08-11,0.10360439616130353,0.6283078380226226,-0.025791028535564274,0.3286557092445346
2022-08-12,0.28968525788826893,0.5969119815922277,-0.11616645464224375,0.39996681832652414
2022-08-15,0.16708549382338683,0.6210199328748207,-0.08786348959755914,0.4395442365482161
2022-08-16,0.19469814270817792,0.6998749671991801,0.007314067730572646,0.39912143229050273
2022-08-17,0.16861127452284727,0.6162928246203381,0.0004019190699438167,0.3117520955016684
2022-08-18,0.12721871252805672,0.5112349399575233,0.05501794090188475,0.4015064224567136
2022-08-19,-0.02080271505125059,0.39925436762498523,0.09684291492884613,0.38519185636060693
2022-08-22,-0.09310589559976762,0.16694390107300855,0.05884031304580514,0.37381171436365174
2022-08-23,-0.13574935510455216,0.07614276920149794,0.030743429795740643,0.378733481527591
2022-08-24,-0.16784714128022188,0.07191359041506742,0.17927205199084958,0.41392538961339825
2022-08-25,-0.2186589146973799,0.23951926598470524,0.0989613674945547,0.2513636381381178
2022-08-26,-0.3082960742569637,0.25881549752947824,0.288691657619198,-0.01357095939825882
2022-08-29,-0.44883613498995717,0.09180181079515283,0.36402058112186875,0.15002253752025593
2022-08-30,-0.4916934508024032,0.15857279101244484,0.41119255126705495,0.012963675719471636
2022-08-31,-0.8882170615459171,0.2920115128118932,0.6097031180591265,-0.24493269965014203
2022-09-01,-0.8033732887126869,0.11429417146597541,0.6281034453881139,-0.09983613811306584
2022-09-02,-0.7921433586724592,0.0921733807655152,0.5749566469126745,-0.01452726070760327
2022-09-05,-0.8779095099339658,-0.0667215308898191,0.36958245099889026,0.013218030644403739
2022-09-06,-0.9532462785397195,0.0364604053431709,0.5843350926875381,-0.09074730373198002
2022-09-07,-1.1939574026919104,-0.07305113596812605,0.3046847547772094,0.18006532939600098
2022-09-08,-1.1966782303938424,0.16675768525299586,0.3689982767918894,0.10621120162361786
2022-09-09,-1.2276720408887605,0.30571752763292326,0.25933898834841096,-0.04230797956559242
2022-09-12,-1.4520847882286232,0.47375486482478485,0.4514232698333426,-0.1410791526889303
2022-09-13,-1.611895769566059,0.6567087208293546,0.715692360233446,-0.5063939284839023
2022-09-14,-1.6350236687849196,0.2872460038343644,0.3694592119072731,-0.1302615729801481
2022-09-15,-1.4964045963899464,0.31845106918505367,0.46212055496157695,-0.20852295563129963
2022-09-16,-1.2607733738022604,0.09665175904724412,0.41346494771214526,0.019399565680604827
2022-09-19,-1.3007660000883972,0.12551528528747447,0.371213211342938,0.0763107564346214
2022-09-20,-1.2224366149792363,0.31495830965116944,0.4673242505617055,-0.1234493863668477
2022-09-21,-1.165629035551743,0.12529737338192146,0.46263338579760627,0.020273305194437673
2022-09-22,-1.1763152107349133,-0.04815458225850459,0.3221994986916446,0.010229316431604215
2022-09-23,-1.090811150064188,-0.20252638244056437,0.3053176709968483,0.13794042638123033
2022-09-26,-1.1040109268648806,-0.4384514190723057,0.24554978556059562,0.16015463933416546
2022-09-27,-1.155417175179745,-0.3256142176168632,0.28171700050313486,0.025320168464154334
2022-09-28,-1.1385461974429911,-0.759953923342566,-0.3842971933302506,0.6359219517971906
2022-09-29,-1.1139819112656983,-0.9339257733454205,-0.6175996130610316,0.41629605333978453
2022-09-30,-1.2310488890163565,-0.8542677258751796,-0.5839507933234558,0.192875848615245
2022-10-03,-1.1882133136989688,-0.8258430865835947,-0.683090009445585,0.4963360378921558
2022-10-04,-1.2305898352434337,-0.48887046524013134,-0.4017645363976941,0.4220675733360525
2022-10-05,-1.1566118732709845,-0.3754889145619417,-0.6297387666671567,0.051744524729799624
2022-10-06,-1.1850812089601745,-0.1850348449076503,-0.38869963433081334,-0.08619290435211152
2022-10-07,-1.0954046566139939,-0.3521834019714916,-0.4688561200003972,-0.09545235637406359
2022-10-10,-1.1370755328755906,-0.5029255191001235,-0.45710372022863105,0.03704655131699932
2022-10-11,-0.976725895290775,-0.824377942835364,-0.6025896620043266,0.3340519789464202
2022-10-12,-1.0527338656908825,-0.9493300086376413,-0.8839906992479972,0.29901833589211707
2022-10-13,-1.0808651199434929,-0.9956887847103003,-0.6309886636948382,0.6088825267797109
2022-10-14,-1.0594212860483145,-0.8739900085781008,-0.7967042754340249,0.30227964501141846
2022-10-17,-1.195891288761076,-0.855022252166583,-0.757468605332728,0.45111262570646943
2022-10-18,-1.1598723265445414,-0.7324777972386631,-0.9773110267351842,0.29928027615933334
2022-10-19,-1.143263542642465,-0.8277227128217021,-0.9270351929823386,0.3725631050073351
2022-10-20,-1.092540784939765,-0.8005247614331953,-0.9670967606239396,0.35051397764437126
2022-10-21,-1.1096779748833072,-0.9467846516554972,-1.20743422915258,0.5459551683809369
2022-10-24,-0.8623677918696835,-1.0893641270978804,-1.0964354164482206,0.9837126365557031
2022-10-25,-0.8199382898338519,-1.2146769172927236,-1.3118241204316192,1.0839203235261032
2022-10-26,-0.8132456906833583,-1.0784693585376925,-1.191108644127043,0.9119520208977999
2022-10-27,-0.6807857303964064,-0.6698243632029126,-0.7381563626625047,0.768445092771041
2022-10-28,-0.5694094689394607,-0.7591190423911907,-0.7885195157142151,1.1060622394309854
2022-10-31,-0.606358910960465,-0.7214645278605681,-0.9135368727374049,0.9673800593095161
2022-11-01,-0.6867143118011925,-0.3899245274578127,-0.6519766031748647,0.6200759996822027
2022-11-02,-0.679305615113281,-0.47975974218078776,-0.7773245139366908,0.34029243978686846
2022-11-03,-0.7419266675289435,-0.7166114098133861,-1.0375160645496164,0.3658684065971555
2022-11-04,-0.5948675657802346,-0.47613252055454963,-0.9396906769936764,0.10840085410314758
2022-11-07,-0.6246620339292256,-0.26131959783301895,-0.8127845408043033,-0.08406587075305084
2022-11-08,-0.5600799896406343,-0.3195206131516415,-0.8145258226891401,-0.038893770166828545
2022-11-09,-0.49113228820727434,-0.14152143196105196,-0.6195086163750957,-0.21295931421679823
2022-11-10,-0.5982908790821432,-0.4346525048918636,-0.7754426933291457,0.5307398846275385
2022-11-11,-0.5103220064707044,0.04791018965578011,-0.715536428759884,-0.24086354617057262
2022-11-14,-0.5572785999433856,0.39557418429576907,-0.0031461378400996173,-0.40199240236788464
2022-11-15,-0.6655257116172147,0.735438234397622,0.27109973546334565,-0.6944340070021788
2022-11-16,-0.6754619243663709,0.7343693434945369,0.39210455379354103,-0.6434531372076412
2022-11-17,-0.5982556857762928,0.6226712511189275,0.3618819726407673,-0.5995535057199342
2022-11-18,-0.5781066018867974,0.6737678445497268,0.40541519677337934,-0.6165427848755131
2022-11-21,-0.5671580815207559,0.6002362724178251,0.4898422434129338,-0.38997109285500925
2022-11-22,-0.5384641798837645,0.5471577646328378,0.4348926069965104,-0.19137756644845372
2022-11-23,-0.5597659370225535,0.716637598472608,0.677765276921688,-0.274008858567247
2022-11-24,-0.5204430693951395,0.9179139726425525,0.6393386319458002,-0.5077912985488322
2022-11-25,-0.5047052200514655,1.0031032518860643,1.0127950701549016,-0.45350436877588873
2022-11-28,-0.5431162529166754,0.7848960894373019,0.9723924631281418,-0.40225383164914746
2022-11-29,-0.5654350457616454,1.1779247542854319,1.0700143317903887,-0.9053252875830852
2022-11-30,-0.7523697413627796,1.328083849547544,0.9139516389692541,-0.8526412972311772
2022-12-01,-0.6157611599158375,1.4131671195936,0.99050947891497,-0.8325225426310552
2022-12-02,-0.6279003195398962,1.410671454769484,1.0860771227654298,-0.7527099692693809
2022-12-05,-0.7091719128857216,1.5235664499903958,1.2978811756329063,-1.1750758182461323
2022-12-06,-0.7108332431684984,1.2271983403663396,1.1925434104792143,-1.0332323860162966
2022-12-07,-0.882924775803281,1.0405216321495145,1.2379941739321925,-0.702806387679124
2022-12-08,-0.8865972017696246,1.1260337922942136,1.3848069417716873,-0.9103585219415999
2022-12-09,-0.8817511735615935,1.425713599557922,1.8216848113044741,-1.2070228050188216
2022-12-12,-1.1355041162004513,1.2653167521286879,1.9146768562929835,-0.8210664973364546
2022-12-13,-1.0935409470628303,0.8997086328331346,1.04419606289688,-0.6865629967949082
2022-12-14,-1.131953482702744,1.0934682756832144,1.0000112018373466,-0.959260501325397
2022-12-15,-1.3590614162524917,0.9145880750008456,1.0309809004340884,-0.8592884742265734
2022-12-16,-1.456504490719319,0.767808414712198,0.8604280471934148,-0.8772488402526906
2022-12-19,-1.4538102078409028,0.88056157525502,0.8973741451751365,-1.0750940382171534
2022-12-20,-1.468491716710661,0.8685020723341367,0.9164610234019559,-0.9170724538519905
2022-12-21,-1.4258970044315062,0.972626205024888,0.7983087974155534,-0.7873686382282052
2022-12-22,-1.3776293417633843,1.3054034328592063,1.0293353080488798,-1.1948183543242197
2022-12-23,-1.4612043610746241,1.154234356536141,0.9968826834022527,-0.9727441249324423
2022-12-26,-0.4784921856305004,2.453271745867703,0.7744600710874432,-1.9046219245956097
2022-12-27,-1.4528086010619676,1.2025981144648126,0.8918056334933827,-1.1882158740879907
2022-12-28,-1.3792424446743128,1.066402337400134,0.6767157104038813,-1.2583096639323321
2022-12-29,-1.4470217708073787,1.03415153235675,0.8013361890455917,-1.0487840995474496
2022-12-30,-1.4668007361478188,0.8507713278791746,0.8203769713113944,-1.0518699332588057
2022-12-31,,1.850813074055493,0.7161169419312007,-1.628538761892425
2023-01-02,-0.495333204074342,2.073383049083967,0.5136206226718062,-1.8455310686585178
2023-01-03,-1.3641466215578288,0.7221980638252079,0.5816605806542685,-1.1186326135128497
2023-01-04,-1.5085012424811641,1.0007460773165966,0.7032624314638937,-1.244297481902431
2023-01-05,-1.4992926642382507,1.1536482151092666,0.49533756403799134,-1.5102223151384606
2023-01-06,-1.4303401088310372,1.1961003308866414,0.16860046885908006,-1.2452806762443354
2023-01-09,-1.42116168789607,1.4883102565220643,0.39081525622222457,-1.7183057067547847
2023-01-10,-1.4337646269046793,1.699509633977853,0.5762874561871101,-1.811424610470235
2023-01-11,-1.3958327240012327,1.626949394646151,0.47031634352673723,-1.6940122308414707
2023-01-12,-1.119091341001309,1.5850466678214656,0.29835701866783476,-1.5637340035133027
2023-01-13,-1.1012883780653955,1.6965395268271533,0.49481014479230145,-1.7912762433571205
2023-01-16,-1.1504141903489464,1.7286388514223214,0.46885964356845944,-1.7914091086603356
2023-01-17,-0.11248385544323024,1.6295590694263293,0.43951822938097673,-1.7691731042424792
2023-01-18,-0.24662807907574538,1.5974914128101785,0.46774176843758963,-1.7917514680745412
2023-01-19,-0.2434797209229736,1.6279528405043187,0.6338516884612619,-1.8604166265309094
2023-01-20,-0.3019239478873229,1.6754463527850998,0.6290858879144647,-1.917413515145692
2023-01-23,-0.3505665592845848,0.03868155548276687,0.6944062115878891,-1.870037402069907
2023-01-24,-0.39216688680593587,1.545400731020421,0.41424554600280844,-1.7537559964006413
2023-01-25,-0.41743564502138253,1.6375040388095867,0.5164267735931309,-1.7124368366508822
2023-01-26,-0.4014433882967703,1.6948503638925538,0.5542300402627423,-1.8175137274961732
2023-01-27,-0.3357066703605358,1.4781144750271946,0.5051003868037186,-1.7959811200170623
2023-01-30,-0.2807170718950362,1.4061841998498263,0.6787207867652547,-1.8403366380213522
2023-01-31,-0.04258952302951096,-0.4132458139746716,0.5022843822330597,-1.4998730975051913
2023-02-01,-0.25342467315890665,1.2076522046928433,0.39014176997554356,-1.4740518249835657
2023-02-02,-0.12080932509784559,1.2477238919442488,0.5716822921255815,-1.4157631687283985
2023-02-03,-0.0507721558342621,1.2051909665406924,0.6821436634957021,-1.6437682701898544
2023-02-06,-0.035197464190286236,0.9889448362595062,1.034294796635712,-1.419426951080053
2023-02-07,-0.009775211682101886,0.9589411229237217,0.7918321941179571,-1.2917821384488404
2023-02-08,0.047056515893049634,0.8292353034090438,0.6625464739949174,-1.339025390144856
2023-02-09,-0.10609303794839957,0.9163161784654542,0.9323809360517686,-1.5155774842619858
2023-02-10,0.010285196154425247,0.7703577532439136,0.9346927745579455,-1.33685262461563
2023-02-13,-0.06268594320789539,0.7625602144872683,0.6348059076805428,-1.5504356501585261
2023-02-14,0.06441178052269496,0.8574678155806645,0.6682577404283253,-1.6574741486042166
2023-02-15,0.09632198813627131,0.7087338455545218,0.4750062306158272,-1.4510134433468123
2023-02-16,0.052649515789196605,0.9013659552600758,0.7582536995631586,-1.497911139899707
2023-02-17,-0.06406945651443524,0.6097778531815344,0.29503924906158513,-1.1647446320475114
2023-02-20,-0.0544577961271977,0.6134247913257849,0.2960214992665614,-1.2403207699237924
2023-02-21,-0.15356555173988315,0.49786825339413393,0.3418130862478684,-1.2773203493049767
2023-02-22,0.07401948693959437,0.45038188540473273,0.27581958787308625,-1.02914647686968
2023-02-23,-0.38157746321433816,0.603794369665597,0.13986912090718512,-1.0467646788849232
2023-02-24,-0.3307117887992432,0.4266113623881329,0.18402726664131555,-1.0261272937917332
2023-02-27,-0.37852339596365103,0.23039228754300553,0.07107568410374986,-0.8692726959366591
2023-02-28,-0.37767378411877917,0.17887221456021551,-0.0848917134483514,-0.8131525551294319
2023-03-01,-0.14220276870865017,0.6121555683297635,0.2519881035636487,-1.2810561986302609
2023-03-02,-0.10370210253555616,0.6410103847663,0.18462885151394684,-1.1412765539114256
2023-03-03,-0.20440126570112402,0.5908279609857425,-0.1294707722458634,-1.0250771412558248
2023-03-06,-0.09260652600279065,0.5823074609022739,-0.31243414559456406,-1.1808621114559616
2023-03-07,-0.28554176802739023,0.4881115152628956,-0.37103079006981465,-1.2975560796460976
2023-03-08,-0.20974001318435684,0.35994001514356205,-0.41076524445427576,-1.138850591910673
2023-03-09,-0.219114349415322,0.21960221433895763,-0.2549993836957935,-0.9584142927216758
2023-03-10,0.10177857765168337,-0.13783334152853932,-0.523274388531231,-0.573009837004247
2023-03-13,0.1720014280055062,-0.2660635202610435,-0.7023527028506895,-0.4914097649707211
2023-03-14,0.30633203830877687,-0.20264040365755628,-0.46299791316322997,-0.2776333126441977
2023-03-15,0.3797583723597138,-0.4792466189425161,-1.2211672041708534,-0.11391548368390636
2023-03-16,0.40182267258124077,-0.3362597816105296,-0.858658449290921,-0.11579575752229812
2023-03-17,0.39228891601579496,-0.3700885043860892,-1.091924734566223,-0.23713055936423136
2023-03-20,0.34297958959903596,-0.2734662835001359,-0.6848302403775591,-0.10266762071953589
2023-03-21,0.297457173737677,-0.11189410871727459,-0.7317163970309708,0.03494063878281135
2023-03-22,0.3640568624200472,-0.12166371502667306,-0.9826951995037819,-0.10063934507959316
2023-03-23,0.295729727588015,0.0745411714807213,-0.9388312217127975,-0.30447189668282554
2023-03-24,0.559699048821923,0.05176014465227129,-0.9442085527572133,-0.2085297610647689
2023-03-27,0.6940871132995465,-0.014758899701733861,-1.020607284847746,-0.16836266051191678
2023-03-28,0.6809247602868069,0.12085313092294972,-0.8916763358783112,-0.27719339621372097
2023-03-29,0.6720141506724401,0.3097393096304356,-0.8551864290890243,-0.4063336969176723
2023-03-30,0.5715392701378765,0.36252800057725554,-0.870359166702583,-0.46047827361670846
2023-03-31,0.7534832080723699,0.32970099682807186,-1.048538041055325,-0.39136540749342824
2023-04-03,0.6858323736642119,0.315033712823758,-0.9293668715209046,-0.3633746514340525
2023-04-04,0.6515802558496281,0.21162502074374662,-1.0163502024982536,-0.3836822219052752
2023-04-05,0.6681715011226429,0.18248683271885804,-1.0992285479381996,-0.3886555301433342
2023-04-06,0.6444761735578747,0.039735759899969754,-0.9937586348986123,-0.30720759018148025
2023-04-07,-0.32926678773675555,2.1437664673394825,-0.7970521468871741,-1.1787974716197545
2023-04-10,0.6711917537410422,0.41102486147616757,-0.21644946597313028,-0.4976582921348337
2023-04-11,0.5219917353057275,0.7572446882639431,0.37806042370069914,-0.6057384107692174
2023-04-12,0.5299146913351888,0.5918116586550813,0.01592026084652553,-0.543167169808846
2023-04-13,0.93050553602891,0.9289983596330548,0.7790148536781974,-0.5441911981748337
2023-04-14,0.7881144300155432,0.8806527179112373,0.32808888864914054,-0.7285201753087893
2023-04-17,0.6334722996692351,1.0647296043624317,0.870922656770619,-0.8529929020539928
2023-04-18,1.158091005298693,0.831737925496204,0.6240774921839934,-0.7704998149585068
2023-04-19,1.1708394587417086,0.519979079893283,0.3881556661397551,-0.6529725847861487
2023-04-20,1.1392369236582134,0.6153009730531629,0.7624129831451399,-0.6252359162035677
2023-04-21,1.111522097876233,0.5324571652067103,0.8750613608684116,-0.5308167638865359
2023-04-24,1.0593227642182408,0.42122258734068607,0.7598926617195697,-0.4140991266459327
2023-04-25,0.9691255066125294,0.11957974017417192,0.3994644518447411,-0.19752539492122065
2023-04-26,1.0133972726556217,0.271240913558903,0.6046205414478049,-0.3277262148245289
2023-04-27,1.062957078785491,0.4639526619520873,0.5679808564400372,-0.3588687526237757
2023-04-28,1.2018875372920048,0.5629220582478215,0.23338217445337833,-0.37396332032964225
2023-04-30,2.7396126330912525,0.9640133348136916,0.3100625040595539,-0.4003283338333389
2023-05-01,0.9655256252146053,0.7116063523690329,0.5325865212319242,-0.5035588751687617
2023-05-02,1.0492656550230801,0.47130717826362933,0.41777556108175007,-0.36559989892246497
2023-05-03,1.1039253650338807,0.3697584146643726,0.4375493649346249,-0.25358407728944454
2023-05-04,1.2051286400610213,0.5133324451645352,0.4785748279375168,-0.700187896546861
2023-05-05,1.2277975796902325,-1.105166364258421,0.4789030795385483,-0.7389733856133339
2023-05-08,1.305151526976694,0.850663268478794,0.3584265828511432,-0.9364801619161437
2023-05-09,1.3948696907271234,0.6392385076388895,0.3139293356466647,-0.8505412942952553
2023-05-10,1.2681789846555438,0.5529426227243569,0.10015057325697185,-0.6519005578248473
2023-05-11,1.1135076429451,0.5055494802849868,-0.055279415840634165,-0.7007160703981788
2023-05-12,0.8885136399728776,0.380606656990031,-0.15217854753704954,-0.6874437229684615
2023-05-15,0.8947672768478663,0.3842419132873335,-0.29998041837606315,-0.7408335063384135
2023-05-16,0.1600857467796537,0.408585036140351,-0.07160973974674179,-0.9014670859710403
2023-05-17,0.21665086090384084,0.36423113718321715,-0.21464887093573148,-0.763733815597349
2023-05-18,0.31144631048689914,0.4605218696049522,-0.16009928482294256,-0.8905763440990877
2023-05-19,0.27514111701371147,0.5566401068513843,-0.06475455090347962,-0.9220194679482112
2023-05-22,0.22349062517097482,0.8092734861159027,0.1126637869694811,-1.0427669873538123
2023-05-23,0.17720866944677904,0.764926094114356,0.39297617777903815,-0.9739151060555759
2023-05-24,0.15398041075684774,0.6296704945567456,0.42275968604727737,-0.9857994658950234
2023-05-25,0.17263755977541528,0.5712720719915756,0.20429954397387326,-0.9134290048442635
2023-05-26,0.08489611799229374,0.8288036923600637,0.21106581431302335,-0.9285772220807118
2023-05-29,0.07794050447661417,0.7959658174493943,0.22130383306623483,-0.8957693933752671
2023-05-30,-0.1238167717753525,0.6624559731953801,-0.20251249568402313,-0.760183959987742
2023-05-31,0.024446677362383384,0.6013404846535404,0.11127197289339795,-0.5832408697951302
2023-06-01,0.46889400654592467,0.6325558046256681,-0.03239172314361602,-0.7018950265021722
2023-06-02,0.4714393608487838,1.179502036117068,0.21136183225427468,-1.1210550406100739
2023-06-05,0.49311536205575063,1.1487969438394938,-0.15377400325791177,-1.0966019847295527
2023-06-06,0.40076641356922277,1.2420864583469258,-0.24368895699373996,-1.1736557849865932
2023-06-07,0.11930271603320243,1.4619162017973824,-0.09188272038654197,-1.391556653577911
2023-06-08,0.16054479094759486,1.3474189029797883,0.07663668170013252,-1.227641277226311
2023-06-09,-0.07774801215277455,1.660317793714672,0.18398603134818595,-1.4302345077534857
2023-06-12,0.05600174128760548,1.5515152186719896,-0.012373366827248494,-1.3016498398521386
2023-06-13,-0.10990443522277558,1.7642186145935983,0.3549309456612853,-1.5286022381302136
2023-06-14,-0.13597760055610505,1.629371123653134,0.24649498608139603,-1.5307161223230805
2023-06-15,-0.331118311545215,1.648178328522457,0.2762719460133188,-1.4601332138388408
2023-06-16,-0.4461234118833799,1.7151470472431023,0.2524808092538442,-1.6756943296934776
2023-06-19,-0.3919339871355931,1.5068022758512645,0.18509760432910963,-1.487844258226323
2023-06-20,-0.2946063160834878,1.2417815220335344,0.028027444809567426,-1.3249936072144506
2023-06-21,-0.3536739409274133,1.1652448132592206,0.15289259082636147,-1.2060918061153385
2023-06-22,-0.40893173482293343,1.1258261385748063,0.1084361358100619,-1.2121846079686405
2023-06-23,-0.4344558587891629,0.8823496033239537,-0.19493060654827557,-1.0581880950259996
2023-06-26,-0.48078530685242304,0.7220718044264438,-0.17240733899013116,-1.0293112463976464
2023-06-27,-0.5167051892283475,0.8052549885564526,-0.0031875357035860926,-1.2004160433978557
2023-06-28,-0.571990127184481,0.7835527618869459,-0.06441896476119303,-1.1069386488397046
2023-06-29,-0.4964344103959316,0.9351983922343254,0.3928297317720782,-1.2075342121991093
2023-06-30,-0.4497465302741041,0.9588063787667802,0.333952860472088,-0.9927226430624382
2023-07-03,-0.719807417953706,1.1687559834838819,0.029797318937161314,-1.3454099169308622
2023-07-04,-0.6862662085799675,1.265883413113697,0.1661015243963544,-1.3565531900072576
2023-07-05,-0.752347018679989,1.0493413009739905,0.13280881856953214,-1.3470592807696662
2023-07-06,-0.7139852940124642,0.7441479635066076,0.2330513696434147,-1.2231018596600052
2023-07-07,-0.7861331075491026,0.63221723821408,0.37284017094895927,-1.0486112090665143
2023-07-10,-0.9392789245045806,0.47077992433620064,-0.01769388509368489,-0.9802723144899681
2023-07-11,-0.5868521495352111,0.7951565053132991,0.261966434952049,-1.1431639805818234
2023-07-12,-0.4128926822105122,0.7702949914426195,-0.28644265115626755,-1.0531269902959044
2023-07-13,-0.5362012598524828,0.9034323058456425,-0.25715567258699396,-1.1842947653407307
2023-07-14,-0.6416761026190534,1.1499223117465702,0.13109870750623967,-1.3872176209415557
2023-07-17,-1.1184216716855413,1.0622122010517139,-0.1123797120496423,-1.283085894784415
2023-07-18,-1.1816582589838465,1.0188700248474025,-0.04398759172628173,-1.1615019051800233
2023-07-19,-1.1395214570525043,0.991572570516283,-0.013146213988050805,-1.0365726124798615
2023-07-20,-1.1583804948353793,1.0507652274779797,0.08759231236589374,-1.1178415826499026
2023-07-21,-1.1608850023766306,0.9131506993061821,-0.1934273168746575,-1.0126890984469565
2023-07-24,-1.1508619659658854,0.9495240800513746,0.00631437914902915,-1.0024689213278388
2023-07-25,-1.0204450868486277,1.1432086499152159,0.10623584765924304,-1.2714055708243948
2023-07-26,-1.8045172733309485,1.0288881230733584,-0.13662056526419872,-1.218990477960489
2023-07-27,-1.6267772596578034,1.2216896767794585,0.453206679715041,-1.561399227309381
2023-07-28,-1.5152027840824458,1.1374221868740022,-0.21112775108077153,-1.4887056650257455
2023-07-31,-1.1223541273205042,1.1903655593388434,0.03515671370423384,-1.4898412806181822
2023-08-01,-1.1207464851414317,1.0546609528388398,0.02984299915547953,-1.5722414592855591
2023-08-02,-1.0482775965819529,0.5390162993318206,0.11936774823349748,-1.3290654413899916
2023-08-03,-0.9616723147068394,0.38193972256275344,-3.7594886338780866e-05,-1.36633853214881
2023-08-04,-0.822020200703141,0.2977374208794109,-0.20963976590638578,-1.2118241700824361
2023-08-07,-0.695453245685169,0.3978780048409682,-0.07348826712611801,-1.2184688837720228
2023-08-08,-0.5856374176383898,0.3409166613324665,0.12683552682562732,-0.9956826938088152
2023-08-09,-0.5458924529690625,0.47691887898055246,-0.05444074197803927,-1.1175568456260185
2023-08-10,-0.43779743943692384,0.6200330442529907,0.4477163118322881,-1.2203252950919332
2023-08-11,-0.5585948152333722,0.5164487174524756,0.4205776763737814,-1.1050351305185497
2023-08-14,-0.3138859792430765,0.20646571087359306,-0.056881349973102235,-0.8492131118994556
2023-08-15,-0.4753699345825845,0.08248165432354017,-0.053538077471176615,-0.8013986927347883
2023-08-16,-0.44139286149486934,0.06119541964917999,-0.09192067256907391,-0.8060390574035345
2023-08-17,-0.46356150530810936,-0.07726275686579415,-0.21183866539943005,-0.7491585095573458
2023-08-18,-0.3398125466110374,-0.26043231864970395,-0.6261223855989837,-0.5809403715550379
2023-08-21,-0.3785928487911008,-0.1729625068358603,-0.5892226161154955,-0.7085831247426805
2023-08-22,-0.35867876284628125,0.036922680725841955,-0.7277104595799038,-0.8511530544268965
2023-08-23,-0.34292941339798927,0.058645335836109154,-1.0048611523552275,-0.682009591543707
2023-08-24,-0.34649473679235904,0.38730108069163394,-0.6434407574343837,-1.054740027905387
2023-08-25,-0.49983911645014456,0.09579133415000042,-1.2970571714636077,-0.8348368898727864
2023-08-28,-0.5038368638637221,0.29169317534804445,-1.2716863957831255,-0.9295173763375035
2023-08-29,-0.6059387843177386,0.2791773510098018,-1.4994792542971402,-0.871253151401469
2023-08-30,-0.6398933275765936,0.15240798332150324,-1.4765165643127536,-0.9415433548619506
2023-08-31,-2.0558827234097734,-0.01958612627882088,-1.422551935248711,-0.8389700414913958
2023-09-01,-1.6896950171051859,0.21442709358394962,-1.3426481912805872,-1.0458260689892334
2023-09-04,-1.5358479922927466,0.43275753355865954,-0.8632749353184224,-1.2390931811197279
2023-09-05,-1.4397780201910022,0.33035772975506594,-0.9344020510096543,-1.1873275607457088
2023-09-06,-1.363602556297196,0.22780662216186479,-0.8065209471040928,-1.1882196001338807
2023-09-07,-1.3147209339123411,0.006079495627996849,-1.067726463184246,-0.9789881649192524
2023-09-08,-1.2565331835513815,-0.0284499835466924,-1.2773986697710742,-0.9811995778274493
2023-09-11,-1.0932409695898235,0.035927676286279686,-1.3230244839968786,-0.9769860288764538
2023-09-12,-0.992850495996855,0.08679044448405068,-1.1676652474364644,-0.9961016742746023
2023-09-13,-0.9259210852641346,0.18828777124990223,-1.137143276007111,-0.852254879881868
2023-09-14,-0.905641876892774,0.4585953996386756,-1.162430386199026,-0.9907228024902598
2023-09-15,-0.6240449904371242,0.7391484552299651,-0.6794687919190625,-1.1268991656861895
2023-09-18,-0.6577077443059703,0.6041325596863932,-0.43509531743936064,-0.9610401662061581
2023-09-19,-0.6335291376681323,0.6010875672709856,-0.25095508451789417,-0.9971796234178097
2023-09-20,-0.6372867313935967,0.5802771019262144,-0.16088572353562505,-0.9752325590623292
2023-09-21,-0.6025941873571586,0.2754518422535772,0.35513787408478376,-0.9338974647819539
2023-09-22,-0.575345068121579,0.20352254459094818,-0.11726818275682853,-0.9872657232111612
2023-09-25,-0.5252153111007838,0.1316606155633627,-0.10908707465795145,-0.9355886560686841
2023-09-26,-0.5398995151563792,0.05522285882011614,0.13676835395200374,-0.8817670134229688
2023-09-27,-0.48381454192722484,0.25366547430536146,0.4467863130610301,-0.9926947415893301
2023-09-28,-0.42941187784757334,0.049381696736969516,-0.1368138454153051,-0.7285180124401855
2023-09-29,-0.4195405697075813,0.23537299460560068,-0.022130148233425045,-1.0334436168359618
2023-09-30,-2.053915925574839,-0.04586281089727667,-0.30192070215497685,-1.6301426599998026
2023-10-02,-0.8951455295260402,0.2393730887664014,-0.3024925014242675,-1.0333983664911612
2023-10-03,-0.815567125182061,0.03565853096978592,-0.1690285488357517,-0.9568426095472399
2023-10-04,-0.6256417884959632,-0.3506402280329222,-0.8879053645266101,-0.5500045148745091
2023-10-05,-0.571616111259888,-0.26513022374592965,-0.5153700292634803,-0.6453454446271474
2023-10-06,-0.5773308650950408,-0.11085063555736428,-0.5027942533280704,-0.7191359804120802
2023-10-09,-0.6395149138882193,-0.2187031871341952,-0.4321964647907537,-0.651816918369753
2023-10-10,-0.6388197229553132,-0.15184179508811416,-0.7931786390360164,-0.6661707098606348
2023-10-11,-0.582053824589059,0.2244410444871387,-0.6536046427773526,-0.8471337084782524
2023-10-12,-0.4081542764691,0.35535380343979484,-0.5538332413711513,-1.128286332669874
2023-10-13,-0.2833355830911153,0.023042270254669386,-0.5163344670364084,-0.8373411592760008
2023-10-16,-0.32329519577523647,-0.08038799622796121,-0.616769489114099,-0.6919698661989524
2023-10-17,-0.3257986511330389,0.1033471959904323,-0.48384771397053666,-0.8555546556403291
2023-10-18,-0.0886400698887302,-0.1257755472435712,-0.49481168844524487,-0.7984204227142646
2023-10-19,-0.06977519658278447,-0.4878895348725949,-0.317623316389626,-0.5372121864236045
2023-10-20,-0.08477763597613143,-0.738125605628544,-0.42652463011243513,-0.4743899561552298
2023-10-23,-0.10331159931359414,-0.933360053702171,-0.8146000656913622,-0.2775304551472971
2023-10-24,-0.0948004289045736,-0.8811192271112758,-0.9162810150698281,-0.30445582014028877
2023-10-25,-0.06639818543853303,-0.952948039593896,-0.6693288018910235,-0.513569991122294
2023-10-26,0.09574811841071659,-1.1879518685563075,-0.6554625410053069,-0.3228486776786855
2023-10-27,0.06732520608382894,-1.028376818115129,-0.6919418936781789,-0.5097655300882492
2023-10-30,0.06647573261835525,-0.717602873895335,-0.5795214738494553,-0.5021624461549173
2023-10-31,-0.20549031594287165,-0.9243970278652994,-0.6311654183238086,-0.44933700674588406
2023-11-01,-0.3032296251510859,-1.0642442278578896,-1.354704203398458,-0.23510789584580274
2023-11-02,-0.2034661048279786,-0.44827378901348125,-0.43224286636105846,-0.34621675602997587
2023-11-03,-0.16826079121785759,-0.11398162747198426,-0.5262782392612829,-0.5450641662131409
2023-11-06,-0.2043158801964319,0.3172659517744653,-0.2975516719697253,-1.06219055922966
2023-11-07,-0.2582730025062475,0.09458868967375174,-0.503290766608182,-0.644881085403429
2023-11-08,-0.1642178375307352,0.27283009297758215,-0.15510673500789662,-0.5431408340568844
2023-11-09,-0.13670605254746143,0.4256685867709451,0.2554976014213023,-0.7568084848221379
2023-11-10,-0.1592073339713681,0.08933870589652623,-0.42553566918539476,-0.42317557807399125
2023-11-13,-0.13267496428494385,0.13698297973206375,-0.15788152946623243,-0.4992220733684602
2023-11-14,-0.1594890116212048,0.1738747327192819,-0.41244307434874644,-0.290494685600613
2023-11-15,-0.06572048325444045,0.8080829593029321,-0.018669794763270672,-1.0039916876863468
2023-11-16,-0.07462064069918892,0.6860787835207101,-0.12599921507273035,-0.8139414725672263
2023-11-17,-0.04648643840638415,0.5687284890301957,0.2648978082512817,-0.7342652713143629
2023-11-20,-0.054472961658151145,0.732866995126187,0.6360173183157803,-0.7613658916776045
2023-11-21,-0.05745940986688954,0.8642350289916492,0.9682090487290967,-0.8644356167416577
2023-11-22,-0.039414126024201336,0.7770531563296439,0.81825710913364,-0.7749638302994039
2023-11-23,-0.03622010443417576,0.7417527754730417,0.48127375617625706,-0.8429652883825409
2023-11-24,0.04917374084409946,0.7727417856362794,1.2383169322767178,-0.7948052820505275
2023-11-27,0.06397975209517398,0.561846402283088,1.0228737279687323,-0.6171361416984384
2023-11-28,0.03678881402766377,0.6771413374784235,0.7853226082727526,-0.6508154734590188
2023-11-29,-0.011015285537504818,0.561615646580596,0.4431208445390966,-0.5989806011812351
2023-11-30,0.6364061023955851,0.924240345200134,1.3517215955906603,-0.9253196519880115
2023-12-01,1.079146106006926,0.5464802102358027,0.5077064793101645,-0.607502278911987
2023-12-04,0.9006895581023447,0.818426982922714,1.0360121052466973,-0.7897638882487263
2023-12-05,0.9323688232889973,0.48115111008650574,0.26656738759985915,-0.4985887982584164
2023-12-06,0.8831810502707483,0.6193176303842065,0.5456973714292114,-0.6449970994585142
2023-12-07,0.9872193238162836,0.4946522383998188,0.7353280263488978,-0.48302902675135767
2023-12-08,0.9563681576758317,0.6039115131573237,0.3408533992853747,-0.7327517250375432
2023-12-11,0.8727838917474613,0.49228190976995717,0.3138841626680151,-0.5435481769883103
2023-12-12,0.9481586717042331,0.6262019269404123,0.5258229656765062,-0.6297778070426898
2023-12-13,0.7920922534263645,0.4158604594006473,0.37346767006433096,-0.051848465034720015
2023-12-14,0.7424111949625085,0.9714214196955197,0.566817079603945,-0.5897897489377995
2023-12-15,0.5859998638538586,1.2478169497637537,0.8423669134733547,-0.8070105145930727
2023-12-18,0.5516356778739502,1.1483912691595193,0.7289105154946895,-0.7201603829644785
2023-12-19,0.5146894944776793,1.315236802249845,0.9053299262667049,-0.6806301844260849
2023-12-20,0.513636099674281,1.1570844003904583,0.7151016734922977,-0.7270224980407494
2023-12-21,0.47883132332366307,1.1382933436945801,0.7364280089848753,-0.6710670884832167
2023-12-22,0.46766851079452537,1.0591918815556338,0.6766346339842283,-0.5358819602180543
2023-12-25,0.4509039580516768,2.940278563560087,0.426599918811955,-0.727384177775301
2023-12-26,0.37680294468106107,1.1197949892010919,0.8193660705690351,-0.6389800531511015
2023-12-27,0.36326902932172167,1.101392388341227,0.64421513440985,-0.6371272555218285
2023-12-28,0.3259956725745573,1.3501317393738999,0.8412905935848022,-0.9408211938853972
2023-12-29,0.28935361250480457,1.2694256830384938,0.30974882237827395,-1.021885436644511
2023-12-31,1.2656875478581866,0.8284449539741474,1.0620756794602846,-2.5463860756727286
2024-01-01,-0.08637681362732162,3.0,0.6532749015623912,-1.1287185988421091
2024-01-02,0.7459202894551894,1.1046157662732474,0.8621681829857761,-0.9950862769299693
2024-01-03,0.7739777914282848,0.5348061376116467,0.506984450241068,-0.7494698650947453
2024-01-04,0.8667089662916959,0.6513606046697787,0.6872880758623658,-0.8867283269188639
2024-01-05,0.8859969112953809,0.4388222190185928,0.1640845681571444,-0.8287959579266648
2024-01-08,0.9605758081430551,0.2841452360485706,0.17271594723790087,-0.40417042480209964
2024-01-09,0.9170509421647993,0.11557882552360232,-0.06189163660899074,-0.10918791489248877
2024-01-10,0.8964143382473967,0.3772959265416417,1.064687791231958,-0.07657346187199371
2024-01-11,0.7291024192963872,0.3186446450231931,0.15729510444197484,-0.14655609833638972
2024-01-12,0.5359896341523894,0.265658441101366,-0.14325581182289313,-0.08128992487233457
2024-01-15,0.4426360312024656,0.27011034982953236,-0.058627301245886644,-0.07220316471361614
2024-01-16,0.3998651903724635,0.0909018310443819,0.1722587330559171,0.09156914804108096
2024-01-17,0.2994424022003591,-0.1361272798971229,0.5579611362140655,0.4278250450236767
2024-01-18,0.2690697447366254,0.04803402875769547,0.3825415563620669,0.44648185149454467
2024-01-19,0.26352632765827344,0.3016629802775299,0.26323240551794197,0.34496441877368916
2024-01-22,0.08934313722844284,-2.011722727935111,0.1287993612334483,0.5406506463363764
2024-01-23,-0.1384558276034013,0.39692664136699335,-0.03801448421571043,0.4412218093448024
2024-01-24,-0.1370153366238917,0.8577335150609738,0.7982010381360432,0.1380413598754967
2024-01-25,-0.08328468326436066,0.783460079302783,0.16046923001527907,0.09132400887017618
2024-01-26,-0.14206348304483715,0.8120677557892925,0.3312222307401563,0.12423160625617496
2024-01-29,-0.1675903393916391,0.8088440438130529,-0.10019300683839925,0.09346138974992171
2024-01-30,-0.3651058160120722,-1.610887507467186,-0.034336481549720584,0.301333438579989
2024-01-31,-0.22976223831238074,0.2300856464075079,-0.2837259567403434,0.42953033615833
2024-02-01,-0.6816832656334836,0.2835100310608226,-0.017524694710816188,0.20047705041930303
2024-02-02,-0.5151767318417034,0.6689441367130392,0.20550117988904218,0.07638400458966635
2024-02-05,-0.4432710104454687,0.5306682638780482,0.1546567741214195,0.09230877120894733
2024-02-06,-0.32505578067627233,0.8464337736210277,0.06396492974415216,-0.2409885145357599
2024-02-07,-0.4897693848552084,0.9846409079586226,0.29723523490713766,-0.2709333537948735
2024-02-08,-0.5951239342216894,0.8555172366961109,0.20577410522424175,-0.17266754754046706
2024-02-09,-0.37202663737410907,0.8720808609770501,0.41543447392828176,-0.06763148597798214
2024-02-12,-0.20744794549593992,0.709867588477897,0.6745096762910081,-0.11406834002181446
2024-02-13,-0.23135728986116103,0.9560985895456761,1.34304834450281,-0.21914950088586804
2024-02-14,-0.3020026116502546,0.7707021181510406,0.23826510666309583,-0.1485195460803578
2024-02-15,-0.23694749855231365,0.9294159794763608,0.23357509660071327,-0.3429259689330772
2024-02-16,-0.19438231286303856,0.9907470297398563,0.4516299153214723,-0.5891443964753855
2024-02-19,-0.25700501773004053,1.0717065260422278,0.5224388896334557,-0.6357558416431603
2024-02-20,-0.1586232124984322,1.0589773376900868,0.7508810315633553,-0.7154208248584912
2024-02-21,-0.15629913642786933,1.0591847592998642,0.9285112874067093,-0.7481750395887521
2024-02-22,-0.44610444166632063,1.192156448651495,0.5699071339463511,-1.7759327639360456
2024-02-23,-1.048686905645601,1.1048429000761084,0.4439733319341912,-1.6964901916902024
2024-02-26,-1.0893337207456228,0.9746802204861357,0.41119679257294245,-1.652641031654823
2024-02-27,0.8628196606050847,1.1347841043468534,0.5973008151057868,-1.6854593782880898
2024-02-28,0.7383978196284551,0.7947143896718973,0.3833403212614272,-1.524763307169175
2024-02-29,1.1507165729613336,0.9948951396400563,0.5008957307544348,-1.5157351100654084
2024-03-01,1.3449227243134723,1.0758968467779761,0.2902680044019007,-1.4510122800410241
2024-03-04,1.3882866218631071,1.149550585061577,-0.06397971145662662,-1.512788405600051
2024-03-05,1.177114713500354,0.7820549845856912,-0.256459385319291,-1.4355122817792352
2024-03-06,1.1992710439269427,0.9725394411572804,0.1190856760517783,-1.5072610503427168
2024-03-07,1.2566196136175325,0.9569670056836026,0.015736686251903685,-1.4249878609112998
2024-03-08,1.2341535914854298,0.9918095635161184,-0.024720202213939394,-1.6456852835104572
2024-03-11,1.2273361704843737,0.9169468269585992,0.13948854215130144,-1.6772916779712723
2024-03-12,1.249973975259824,0.9919756878081227,0.1292075928882858,-1.7640413482591089
2024-03-13,1.3101318734238678,0.7422701607026394,-0.4052804741898664,-1.735738130811201
2024-03-14,1.4922606164363632,0.9864437010394425,0.3711601927161257,-1.8917643015373067
2024-03-15,1.4150727235082912,0.4784255263358421,0.2878528904937379,0.968230236692516
2024-03-18,1.340434850386661,0.4537290507454622,-0.08899701861834446,0.8925826844792509
2024-03-19,1.3026257910201582,0.18277336950764608,-0.24600882892371892,1.0900420508813995
2024-03-20,1.1849505911939333,0.31875405644956645,-0.2541916062156934,1.0497240995801735
2024-03-21,1.0938966241139703,0.6868197652405175,-0.5188549324705125,0.7750461736798833
2024-03-22,1.2656416222972904,0.41514933552552397,-0.8082940792974954,0.9536646272959872
2024-03-25,1.5659382548870422,0.39601007728088555,-0.25927143551869813,0.9012063771948952
2024-03-26,1.4994945810158757,0.30576840353265855,-0.5972536366693622,0.7533237235986429
2024-03-27,0.5210631335061265,0.22835966561438947,-0.7534601033890913,0.8787677706163215
2024-03-28,0.6998589739872378,0.31474347332178715,-0.49994605312225876,0.7363596545356821
2024-03-29,0.6881907953344688,2.5452159747241363,-0.34408014320944497,0.6524559741287124
2024-03-31,3.0,0.12291421857260047,0.19473702586938058,-2.480941413196623
2024-04-01,2.4416724080022933,0.5800052342013414,0.08268037384117946,0.5623232884359669
2024-04-02,2.3568192579989566,0.7791700119529377,0.5225823851388006,0.36027311877569745
2024-04-03,2.2224211744286326,0.5848959665989194,0.7105809307289255,0.45068552036435894
2024-04-04,2.3962248448844976,0.7633266277172085,0.9770728315736393,0.284197744729936
2024-04-05,2.3696566375657544,0.8013878879980331,1.059769384287621,0.3959595543107161
2024-04-08,2.345433007240555,0.928943004627853,0.8797420911013182,0.3249030064956271
2024-04-09,2.3572254952839438,1.0021658399786066,0.49398260602644883,0.25682843158031143
2024-04-10,2.3886823541722486,1.1306062271901518,0.7817163746661748,0.06692463879170198
2024-04-11,2.6686014652969368,0.9553283237585131,0.05452332642516346,0.16961261993886498
2024-04-12,2.374050748123669,0.6434196350367433,0.05778632654915157,0.24651590857521016
2024-04-15,2.3462487475313774,0.49656937982802146,0.5024336843352798,0.2846722404079354
2024-04-16,2.3420291814752843,0.051932720812089134,0.33233198282884713,0.622600458030002
2024-04-17,2.1811700840072534,-0.0102923864716211,0.2540618749548315,0.5205206611058376
2024-04-18,2.0980111437932933,0.23293939161259913,0.22300691026215014,0.38940296708208566
2024-04-19,2.074726593355325,-0.028938876928637208,0.35783500075309005,0.632451528778769
2024-04-22,2.055481454444631,-0.02571658470900682,-0.16610766323684284,0.5351333631911057
2024-04-23,1.9469228404473617,0.08948242903888305,-0.20080183683822495,0.5121952045913128
2024-04-24,1.906905790607709,0.42246914475689834,-0.05857598725037629,0.14562790511753737
2024-04-25,2.2348520804551066,0.26240447122152505,-0.015385148832469808,0.2723759817648764
2024-04-26,2.138518821531481,-1.7823854754388755,-0.33399558092533665,0.10287791679206532
2024-04-29,2.1857045377559303,0.7922887546992178,-0.5008092714789711,0.018030820932328346
2024-04-30,1.5025635098353531,0.5676083017763907,-0.8056644657094353,-0.11463547269460196
2024-05-01,1.4322564970678904,0.46093497426480096,-0.8412158479270968,-0.07574535366113126
2024-05-02,1.4679736467243114,0.5583315330984903,-0.8941454432985516,-0.07498039917844986
2024-05-03,1.3583488311025707,0.6671883194867022,-0.8811151900755765,-0.07629418519515217
2024-05-06,1.333897713669206,0.683357383108,-1.024601901415704,-0.0654280608669267
2024-05-07,1.2719254198754004,0.7705935168700971,-1.1800189569252617,-0.0794347803572471
2024-05-08,1.1786306527069899,0.7838564856806616,-1.03377789296245,-0.04489518232863075
2024-05-09,1.1682058948147414,0.42496940470089384,-1.7729480215128164,0.06419997532175697
2024-05-10,1.030470228355632,0.711724688768747,-1.3609674829505523,-0.0894016016684788
2024-05-13,1.0105713661375226,0.8762907435946207,-0.9710575032006413,-0.19228358937655804
2024-05-14,0.9767879262486125,0.7330512495906724,-1.0733351798631334,-0.09907856072601862
2024-05-15,0.9581110163570861,0.7255999058944543,-1.1025674321226384,0.02301218122677071
2024-05-16,0.8766953585179897,1.0987129792192143,-0.5494811335209123,-0.2860598216103684
2024-05-17,0.806544621652439,1.0873722424204937,-0.7674666782517651,-0.2720623911242224
2024-05-20,0.7506391516741362,1.125074598257442,-0.5464958783508347,-0.28819680014583665
2024-05-21,0.7704219863580075,0.6860665791711503,-0.6279315209490474,-0.07048718175581338
2024-05-22,0.841785252842844,0.7522707660108405,-0.5529248467167497,-0.12193389761622311
2024-05-23,0.8808288303096283,0.7385018312036749,-0.3617573169509344,-0.11945958063421652
2024-05-24,0.6038577264509352,0.3548257001148825,-0.6185011399203423,0.13109926220873563
2024-05-27,0.5280332526693234,0.6480985012238877,-0.33371924705357703,0.014252129622320607
2024-05-28,0.3321760270033296,0.557995966009868,0.002217544157899416,0.03101593306467488
2024-05-29,0.363814621406306,0.07042485622040923,0.10206922715301933,0.2227636170735165
2024-05-30,0.43245288110804975,-0.3589698457032997,0.35584568436890535,0.4318228061520941
2024-05-31,0.8537838722632978,-0.538395495012928,-0.24600554568533964,0.6520053359524862
2024-06-03,0.7835719423842312,-0.0401249898030556,0.05507725528785468,0.24602315355119828
2024-06-04,0.8164017421064532,-0.6051825036516679,-0.31186239603148314,0.5792943898177901
2024-06-05,0.7574935021374584,-0.3840366933605154,-0.7029575902388178,0.49252752129074423
2024-06-06,0.6389123952662266,-0.10393111752670336,-0.7263112029465338,0.32388276027949486
2024-06-07,0.5965475151481189,0.0695873209423513,-0.2777018172692597,0.2299847992224848
2024-06-10,0.45462832352166427,-0.04707849448389228,-0.655000126738903,0.32657644515367146
2024-06-11,0.4810880873124026,-0.14973441866682408,-0.8899051390844961,0.4212407165306007
2024-06-12,0.5107957755591148,0.13764642188214024,-0.6817810797017745,0.4965141797836322
2024-06-13,0.4445756768523457,0.20670028250742856,-1.12377502329919,0.3824219808898586
2024-06-14,0.4520173492936522,0.25012479726446213,-1.6338412145137615,0.3848218117596377
2024-06-17,0.5060948859840002,0.14730943560322934,-1.509482671199017,0.46400476296147747
2024-06-18,0.48596035009005206,0.1369748524661866,-1.8572245125671263,0.3077574795600253
2024-06-19,0.503299055417024,0.3646510462395065,-1.7089031390455074,-0.029940276591644874
2024-06-20,0.5034521881074178,0.4403696395488403,-1.4837182772323894,-0.04988215220387352
2024-06-21,0.5581949535695342,0.1275780696331963,-1.7697053977542105,0.18049387056384056
2024-06-24,0.5335811986042801,0.15164441768061243,-1.6056078306924717,0.1963149302308886
2024-06-25,0.5244223180146266,0.19539692043180643,-1.7139865260994058,0.20409351325235062
2024-06-26,0.5131527202993081,0.21037400852163898,-1.8061950737436456,0.13737737829787644
2024-06-27,0.5656926369997861,0.005541071910726565,-1.9975918696811752,0.304381871990724
2024-06-28,0.47550592210798703,0.12695440504267833,-1.4722819303619539,0.09524285929471384
2024-06-30,-2.119086750230376,-1.2838492461612978,-1.0844994586737957,-2.9793044771069166
2024-07-01,-1.5725816816933356,0.2501222131486159,-1.0492864043604746,0.05857247620824436
2024-07-02,-1.6442641077660287,-0.16924185520905022,-1.0136504220541616,0.3227630203777155
2024-07-03,-1.6418413690591176,0.2166346545915097,-0.8870520091112137,0.11197230231715363
2024-07-04,-1.5796558930919302,0.5163685574196918,-0.8306684793013523,-0.22071896914003547
2024-07-05,-1.4862501512323207,0.3419557129976184,-1.435084813841982,-0.032390799512174724
2024-07-08,-1.5079093069667495,0.5265383968518378,-1.1809819256654477,-0.10323644540437711
2024-07-09,-1.4772232117499957,0.7710009051800997,-0.8127718245274086,-0.23284031737510671
2024-07-10,-1.4850220720278742,0.8400769278730682,-0.7883943572204157,-0.026026152277519463
2024-07-11,-1.335079510154089,1.168835824593416,-0.34415052192214657,-0.37105471297196074
2024-07-12,-1.2436808905904129,1.2125808706398473,-0.23686711616917439,-0.26005785833463047
2024-07-15,-1.5102712761875932,1.0875258617410255,-0.14013027788403926,-0.16006316437582657
2024-07-16,-1.470939805313915,0.9326634616436509,-0.07455582399352854,0.03479285366980829
2024-07-17,-1.4447288758746863,0.7955805837193501,0.27208483477078343,0.06673326631701203
2024-07-18,-1.4262833021287336,0.5505510855178397,0.40757912580360345,0.08967453668204887
2024-07-19,-1.335050275053071,0.2047366610150902,0.5225727818597974,0.41164964813091326
2024-07-22,-1.4063715996796846,-0.02448771774466283,0.39382179247664584,0.5625434379915415
2024-07-23,-1.4763369352034852,0.1498217601169174,0.3107075964653569,0.487840324224771
2024-07-24,-1.4472179124063875,-0.16103341650382996,0.5853108013816893,0.35052229945051006
2024-07-25,-1.6190372076395336,-0.30981974802049966,0.8339343783917406,0.5047925917029853
2024-07-26,-1.5862460179800981,-0.4849154723236508,-0.032963175052820745,0.7337183720119039
2024-07-29,-1.5002399631310888,-0.24957383707015648,0.004293494631520243,0.6362881229219363
2024-07-30,-1.5485409442994527,-0.42591513911368717,-0.09309299544392682,0.7268720369314168
2024-07-31,-0.9501508304008064,-0.04617343421079653,-0.354135189775289,0.6554207923651423
2024-08-01,-1.0263852100109736,0.1172783767980165,0.061202332789798655,0.49682050819551643
2024-08-02,-0.9932122997280789,-0.8794240485925005,0.32248325273097506,1.0235135305387848
2024-08-05,-0.960810503485231,-1.7756350152642648,3.0,1.769017365657858
2024-08-06,-1.0247635464145786,-1.1492687964799715,1.4084238541369025,1.4446691597385466
2024-08-07,-1.0498476508345413,-0.6769945661679042,1.418093343014498,0.8535031259485412
2024-08-08,-1.0308856098178862,-0.806276393948878,0.9445147437937795,1.1218550404269776
2024-08-09,-1.094910244067862,-0.3780184833912588,0.47199122579875624,0.8338626916307252
2024-08-12,-1.2090079099955024,-0.4170519248470884,0.457709186956312,0.7750595986282806
2024-08-13,-1.1853197829167155,-0.4621828526559432,-0.07334298242751676,0.9331021452083014
2024-08-14,-1.116227708795206,-0.2252838892360379,0.02535617339665622,0.8873146354901049
2024-08-15,-1.2070475224644253,-0.17022421057730852,0.3305123978265643,1.1260741936555783
2024-08-16,-1.0666173342202703,0.14487043030329283,0.030056437482198276,0.8156818421417406
2024-08-19,-0.8836683827169265,0.3883087017030804,0.28371013210495316,0.739861678548052
2024-08-20,-0.9041556319901214,0.29874660889867594,0.36127144405956835,0.7133200179444146
2024-08-21,-1.3435628839992564,0.18538393478656573,0.4991772951085233,0.8557045931752322
2024-08-22,-1.3507510164977858,0.26169757960700196,0.9845151829865156,0.7522586866190374
2024-08-23,-1.3124346366213202,0.24698492556549972,0.6842292495169495,0.9338658747257638
2024-08-26,-1.2504831166165837,0.7148015033894658,1.2517182443957977,0.7759225919660568
2024-08-27,-1.1733198088590129,0.6282079049921142,1.0443646124142272,0.900106648469791
2024-08-28,-1.1471385212558762,0.6803341079214507,1.4117691114420983,0.8943090702964477
2024-08-29,-1.1182349138851237,0.5035135910314368,1.5011131824529116,0.9599231666373054
2024-08-30,-1.1194294064422832,0.9225201175835819,1.5489332498120432,0.8898204776880009
2024-08-31,-2.138925369965104,0.5760158455184197,2.5168144854200607,-2.4282622508203455
2024-09-02,-1.4729699294436869,0.9169612516281882,2.7706460987611727,0.6807634231437776
2024-09-03,-1.3759939629955296,0.13826482862495637,2.596177883755463,0.6700388226332562
2024-09-04,-1.3581820288058315,-0.4527474192595917,2.345436123305958,1.0483569123173662
2024-09-05,-1.3346703673946527,-0.34664688439234065,1.843400761227835,0.9929965072125253
2024-09-06,-1.3562742490980124,-0.38523153080916933,2.0698239750675635,0.8733031781287922
2024-09-09,-1.2931074202020094,-0.5486250673986159,1.4892878081612215,1.1921602245130436
2024-09-10,-1.2540158598632871,-0.7405467620292714,1.1730143285307268,1.2200880539236116
2024-09-11,-1.188307910244267,-0.8681988930363836,0.7650753341772186,1.3735839298157801
2024-09-12,-1.1842340335292079,-0.14560893864930433,0.32433153188935265,1.0629942477136805
2024-09-13,-1.1500130160488546,0.011356572338996989,0.45864397159685466,1.0065927797471546
2024-09-16,-1.2225417313907119,0.00023796920829659255,0.4538334523508135,0.9654222522224561
2024-09-17,-1.199605036591679,0.20989100516467535,0.9988094112012632,0.8408082248804405
2024-09-18,-1.2015825033132876,0.26059805985118867,1.4776910367827576,0.7848949723968631
2024-09-19,-1.1836665382656422,0.6288108915911256,0.9111260840401597,0.6265248692018386
2024-09-20,-1.1923589526931357,0.9913555325523867,1.1975777259993643,0.4481185785328677
2024-09-23,-1.2290755853847566,0.9574276209450568,0.813362592763001,0.37745147370774024
2024-09-24,-1.2193702646733202,1.2564171055989355,0.7707253307979821,-0.16688613629742835
2024-09-25,-1.166953518189734,1.3617921441338183,0.8451632759126797,-0.33591610635245345
2024-09-26,-1.1311198525511195,1.6481175672792796,1.0162864832362106,-0.7989183526926747
2024-09-27,-1.0918405296209668,1.5711693971786587,0.9811955319978479,-0.9524305087456821
2024-09-30,-1.5002572852722342,1.0896603385711146,1.0966972433330948,-0.8943462012229024
2024-10-01,-1.4865452420807217,1.0095076545576618,1.2516024526043064,-0.9480321615563675
2024-10-02,-1.482738829585205,1.3164368714606247,1.668725327910294,-1.1869348761910645
2024-10-03,-1.4486415604969456,0.9060140998700212,2.3688043104539678,-1.0845161245576838
2024-10-04,-1.5053230933650392,1.2194216874375081,2.6110658511875426,-1.192796896507436
2024-10-07,-1.4368731324415474,1.3562484545722968,3.0,-1.3120140231126893
2024-10-08,-1.4388546678518963,0.7479408431870705,2.683566637527831,-0.824795318930472
2024-10-09,-1.4011026702586602,0.9256558389827338,2.83546007808018,-0.6624201971371734
2024-10-10,-1.3852301284063977,0.9046392508809272,2.434502066012266,-0.8362076326388848
2024-10-11,-1.4801726855059378,1.057265936516801,2.267050710373838,-0.840106428379583
2024-10-14,-1.4610780987381529,1.3093342560701386,1.9984189733483975,-0.7621982656210872
2024-10-15,-1.4301123803821014,1.182100329049969,2.098303827103161,-0.686127582533007
2024-10-16,-1.3584498844461823,1.0409532176288772,1.6475856582175383,-0.5264612760982006
2024-10-17,-1.3350560003718588,0.9141255473966117,1.4958772738864237,-0.40661078465304157
2024-10-18,-1.1806071194169874,1.3129729069977527,1.2345305623821514,-0.6967363069564718
2024-10-21,-1.0872116041821869,1.1086556351377106,1.3100978843991138,-0.6470563022647133
2024-10-22,-1.0449475743934749,0.6784016719859949,1.0211758015068149,-0.5421739365449236
2024-10-23,-0.9919555888850161,0.5401062566553699,1.2422918436686134,-0.6770727258544202
2024-10-24,-1.1275729374804422,0.2667822458865998,0.9520821287046343,-0.5116594143424686
2024-10-25,-1.0847019333338117,0.3984920962228582,1.1282377231908698,-0.5530065546758394
2024-10-28,-1.086354528423454,0.40968189539029953,1.1445658985079938,-0.6085403699734274
2024-10-29,-0.9736493572477526,0.21907839464133316,0.7747694447538408,-0.5785168600870549
2024-10-30,-0.9791918925227018,0.3598734052843587,1.3485416996641852,-0.43849293073685064
2024-10-31,0.11776730663410041,0.5188427005129909,1.43952146850868,-0.4086371466326812
2024-11-01,0.11794304866635154,0.1289160316005602,1.1640882653467473,-0.4822896373504945
2024-11-04,0.10934074498041649,-0.11477873793342191,0.44769818166765496,-0.6337592813194782
2024-11-05,0.12895459568307402,0.2506700688914838,0.41425143885563936,-0.6820237947140285
2024-11-06,0.12162111238006965,-0.04921487969636609,-0.2137010812017842,-0.42111552130254465
2024-11-07,0.1367362590823906,-0.09947773718871217,-0.51165038801136,-0.4558881013708266
2024-11-08,0.1409540875840303,0.02393301623062753,-0.25360731755164995,-0.3477619812724815
2024-11-11,0.23002671778106434,-0.41863779291003095,-0.3926685428735475,-0.2111013209697027
2024-11-12,0.23029858440227416,-0.7899281038253403,-0.2517850261328311,0.22138616335017386
2024-11-13,0.23430532748082158,-1.2131170303017025,-0.5334573373571465,0.755001344677965
2024-11-14,0.2455708102148691,-1.5522210919806918,-0.5373534687161582,0.9576402920966074
2024-11-15,0.3248413523569554,-1.6693942838841613,-0.6357832863690723,0.7822171769014014
2024-11-18,0.26441283735190124,-1.4334799945764025,-0.6003926946623287,0.6714993784768525
2024-11-19,0.25884346367088973,-1.2987719630899084,-0.7714984679822878,0.5574583609349831
2024-11-20,0.25909203733579045,-1.235376977520815,-0.4625248954830622,0.5639915649049786
2024-11-21,0.2628648814128307,-1.4739247245864846,-0.7047287400356657,0.814205536220503
2024-11-22,0.34972596338294637,-1.1897777840009318,-1.0341042270794445,0.7952796508163775
2024-11-25,0.34120182918983893,-1.1536335121983867,-1.5337137183238865,0.7494669135818036
2024-11-26,0.4026656996355961,-1.2918739978058078,-1.5117227520372314,0.8034852323278757
2024-11-27,0.4158137897243764,-1.3615394756918857,-1.180740281855855,0.7857863840934696
2024-11-28,0.4481192988478994,-1.665670043119857,-1.4300669395852683,1.01340501682353
2024-11-29,0.43685966949332594,-1.6302326629309867,-1.3836088266498079,1.1574282799446416
2024-11-30,0.6486783528916523,-2.331229091441345,-1.6056844161266461,-1.7829793132324825
2024-12-02,0.1645860734710664,-1.2641957962448171,-1.4881757277200296,0.7226416284732338
2024-12-03,0.3470953478713437,-0.8856890050567576,-1.2699970383997425,0.31120721940599894
2024-12-04,0.31782407589979983,-0.9303078470939883,-1.698520468090662,0.342104867446276
2024-12-05,0.3284405228477246,-0.6915477545924437,-1.3225958197068777,0.2912868787813307
2024-12-06,0.31613619225115336,-0.8118278698823069,-1.8525339903939315,0.2543309967459152
2024-12-09,0.32721831805645823,-0.5657674093038638,-1.4690336480745287,-0.06515934009332791
2024-12-10,0.282097310498572,-0.8983300315645104,-1.7448619520925572,-0.07010768653240533
2024-12-11,0.3422505206096274,-1.0416638223378327,-1.6411312031449838,0.01921733779301558
2024-12-12,0.3412618461941154,-0.9983285911696997,-1.5704943159639093,-0.15223246201910057
2024-12-13,0.3394453893392535,-1.1581801943897592,-1.2835341706549643,-0.07178602624009305
2024-12-16,0.2175244519884404,-1.3219480243471833,-1.1105273596527203,0.024831129785150178
2024-12-17,0.3385907407245229,-1.8446743396106902,-1.018730182922247,0.24117158520279017
2024-12-18,0.3769525942407694,-1.7333465567105701,0.5769791867987296,-0.19906521708312264
2024-12-19,0.3862470774251038,-2.1786893784670642,-0.184711019903558,0.13710240921852293
2024-12-20,0.39625462236594017,-2.4221764624693853,-0.8339683306635246,0.6048937586278204
2024-12-23,0.365822776436582,-1.8484643980107827,-0.6142893370350593,0.23734761957781123
2024-12-24,0.3696915370654255,-1.9971747536800246,-1.2455413384480787,0.2662668830671221
2024-12-25,0.339754937151656,0.6380966580360725,-1.1686811199330516,0.15386890212885812
2024-12-26,0.3533643637348922,-1.8896422804189108,-1.0573853953177355,0.23482416879575824
2024-12-27,0.33002941050428586,-1.8098811625753304,-0.6048142348269906,0.1376265570339633
2024-12-30,0.34345753333540097,-2.1030760934685184,-0.7274333432175553,0.22769569524222874
2024-12-31,0.8095595904524813,-2.047143745124061,-0.8147922162343998,0.2621618852856155
2025-01-01,0.7190608427373972,0.543999811024593,-0.9237846545249866,0.10072155839822518
2025-01-02,0.7531931615478719,-1.8935766846382327,-0.877325855014415,0.3730638989414128
2025-01-03,0.7412197906442409,-1.476219822210709,-0.9448437361483035,0.32297706172257734
2025-01-06,0.8103402902118366,-1.128140955805418,-0.649780899428517,0.12809317805296222
2025-01-07,0.7857209852282528,-1.1527549588670107,-0.5230302654062675,-0.07947571340630012
2025-01-08,0.8182091037818663,-1.5074470745465005,-0.8526073100541103,0.2207912362337246
2025-01-09,0.7445038268376906,-1.6932408780221968,-0.8712732213495852,0.8868120180121906
2025-01-10,0.8055597226863955,-1.8443048303039968,-0.5849506038551328,0.9200490404246896
2025-01-13,0.8398551422497157,-2.260752633672356,-0.9459684620042078,1.5008901472010472
2025-01-14,0.8227680827462581,-1.753422200259673,-0.7053294061945256,1.0402828754043631
2025-01-15,0.7026268157640474,-1.9002535807278669,-1.2617706441334955,1.1630505416651926
2025-01-16,0.7309853957150121,-1.603888926868095,-1.4454297355574142,0.7677353241221241
2025-01-17,0.877649114007801,-1.3347098689356949,-1.2418778206628989,0.731698161977221
2025-01-20,0.9715652367143799,-1.1291460036878012,-1.1234532364099008,0.3102919685159088
2025-01-21,0.9664689172008715,-1.1699798364591785,-1.0187566643046009,0.38167279020897155
2025-01-22,0.9551514195533052,-0.9431405493947816,-0.7813609760209383,0.34032508507001924
2025-01-23,0.938211306989235,-3.0,-0.6920428504188241,0.357387824333883
2025-01-24,0.9780358360198461,-0.8233848045238856,-0.496025394484029,0.009163769506211531
2025-01-27,0.8975529054935304,-0.9625008885259398,-0.3391876623501186,0.03726020713106903
2025-01-28,0.9030127374958723,-0.7772047075592298,-0.367786581284876,0.03742176158693432
2025-01-29,0.9002679409510532,-0.679492308624374,-0.311641392040985,-0.15292135517721878
2025-01-30,0.723514506388139,-2.7967043626314356,-0.42329561058016446,-0.1343960789043228
2025-01-31,-1.0434106040178524,-0.7960265453494745,-0.6036131659477276,-0.04637374063167057
2025-02-03,-0.7384449848086206,-1.453466001095696,-0.5600622373271804,0.6165669933438058
2025-02-04,-0.6220563550084334,-1.1261003269611256,-0.5613111834511341,0.07387307418071691
2025-02-05,-0.5324752488423999,-1.035499274211869,-0.7972328492851238,0.04591048150470383
2025-02-06,-0.3722458422925582,-0.8143407192305924,-0.5991388993217385,-0.11378848711993869
2025-02-07,-0.28879828457779466,-0.5213689065233902,-0.3988623803605244,-0.46801977024898256
2025-02-10,-0.39522740518591704,-0.6679181803334101,-0.8967064515835634,-0.4067985510583132
2025-02-11,-0.21803530542986865,-0.6129514365995461,-0.5039986329756422,-0.26304216180933765
2025-02-12,-0.3099710657345244,-0.4336671716235181,-0.18344983087402944,-0.537904215981789
2025-02-13,-0.439626688563992,-0.3698883222479094,-0.004641136883759242,-0.4140554933102164
2025-02-14,-0.6314847293763565,-0.26073140779240217,0.038665393765391534,-0.6045278901553793
2025-02-17,-0.6982362420774405,-0.14407883395197812,0.10021510752313686,-0.6801005489953457
2025-02-18,-0.8516515182439285,0.12126516032055473,0.24035531967272844,-0.915976260143296
2025-02-19,-0.9182942953200108,-0.053535099783712785,0.06317555190628836,-0.9076863056074617
2025-02-20,-0.9341411689131605,-0.177731683870117,0.20205206532678174,-0.9150187711565623
2025-02-21,-0.9504833123311249,-0.09228116081849351,0.19311888767377997,-1.314943359354225
2025-02-24,-0.8904090954774659,-0.4527997617412415,0.24965353832065282,-1.1802908415262408
2025-02-25,-0.8690033624310426,-0.7531264498633475,0.3977528271517565,-0.8293482400618588
2025-02-26,-0.46778364991510923,-0.5368963839082046,0.24787388304354444,-2.520941382751155
2025-02-27,1.2014421058499136,-0.9034207670902691,0.3436138708910698,-2.428162806951712
2025-02-28,2.375765700678242,-1.4952272133890185,-0.27123745576019054,-1.6966261926080404
2025-03-03,2.4153652472147624,-1.5114769715016318,0.5383956387538937,-1.7383359575042565
2025-03-04,2.2487946610249665,-1.4788777026275706,1.1337716539753264,-1.8483494438961015
2025-03-05,2.096555066324004,-0.8393418226420302,1.6829684061175014,-2.276335647930433
2025-03-06,2.0094701033100373,-0.623574137747645,2.0238206192450514,-2.6685718340251134
2025-03-07,1.937430356449714,-0.6779005751492195,1.8167410445618342,-2.537044767443681
2025-03-10,1.8682626751119915,-1.2364104014078885,1.7754990767293843,-2.2701426654376884
2025-03-11,1.7548104905522517,-1.2531225377095436,1.92491495946498,-2.534626102192646
2025-03-12,1.6854246740110184,-1.1414029698674069,1.3150410282664347,-2.458755792475104
2025-03-13,1.6347805183944204,-1.3735837994213445,0.7783744536261643,-2.3158228461901413
2025-03-14,1.625769782534701,-0.9056046155666007,0.7710271700175215,-2.3591709688671547
2025-03-17,1.7535786297792746,-0.6270629646261777,0.7357058820132012,0.6335600324827912
2025-03-18,1.6994447309877483,-0.3289218527505829,0.8095733397302143,0.35871099731988026
2025-03-19,1.7775231750794878,-0.35462102499467163,0.14554567602114837,0.5010698552662229
2025-03-20,1.7815621563623423,-0.3826501564875724,0.22300767031256843,0.49772884554588137
2025-03-21,1.7912363949315304,-0.5050775137642742,0.08025379937037849,0.641415027864238
2025-03-24,1.7120219454172412,-0.2681583025605947,0.3766950930803278,0.5355064645905262
2025-03-25,1.816066301528392,-0.3661803956617042,0.20757513305831973,0.6789870555081656
2025-03-26,1.7490728612854585,-0.2449630660439492,0.6390687128529537,0.5134130222597629
2025-03-27,1.548755458124401,-0.3240045968699353,0.679947474732296,0.5441642207678675
2025-03-28,0.736418282880131,-0.7672984172239706,0.6587544966751206,0.7261959242261902
2025-03-31,1.3116673379654895,-1.198877655327287,0.7782922386808189,1.235002419839117
2025-04-01,1.2067031202248015,-0.8411444051833326,0.6104910855083281,1.065355002395918
2025-04-02,1.163390473609576,-0.7614701549649792,0.6216247720285741,1.0511649458515064
2025-04-03,1.0616423028975162,-1.1624124659813013,1.1617123710400987,1.071502758419512
2025-04-04,1.0209267717762054,-1.5708110358506304,1.7378918856230616,0.8675152107486196
2025-04-07,0.9736091452451127,-2.786374183669972,1.1117207633628503,2.6241951329368978
2025-04-08,0.9447402395996103,-2.4727475510651047,1.6699516496644549,2.296915657188083
2025-04-09,0.8909930310179378,-2.770753922412471,0.21551801930232456,3.0
2025-04-10,0.8669622006473822,-1.6583183940864075,2.155045390298815,1.8934586366056272
2025-04-11,0.8509824700964026,-1.4538277679042904,2.456267599833967,1.6677638789331024
2025-04-14,0.9738051727491646,-1.2908269560191679,1.1610651643300522,1.4810621786695233
2025-04-15,0.9118240077293503,-1.190737794294903,1.0267210210741056,1.228044156180287
2025-04-16,1.10661210972345,-1.4330566914189313,1.4490338357008885,1.3572428651688273
2025-04-17,1.0215173677142098,-1.2575469901892888,1.2872739496793266,1.1755029172079412
2025-04-18,1.0067167230010032,1.3842325477738318,1.247169209071848,0.7761031101597891
2025-04-21,0.9883387900886386,-1.203044819666616,2.148961483912681,0.8558689981225787
2025-04-22,0.9334657532629399,-1.286805407949109,1.2682320448987285,1.0252776663174863
2025-04-23,0.8776928724266922,-0.8237169034076764,1.3102626153030477,0.6790033467712414
2025-04-24,0.8503783827659793,-0.92744244884199,0.9015310405511326,0.958696398654299
2025-04-25,0.8409255747763517,-0.8118256488492005,0.8473545368211061,0.9263285060421833
2025-04-28,0.86214064679101,-0.6291266992375316,1.2538717553504461,0.8560875365573412
2025-04-29,0.8566653125755658,-0.5759726433523531,1.3063254628952001,0.8479681259454322
2025-04-30,-0.8328220554526204,-0.45603058445010103,1.3021671201462086,0.7825006224089346
2025-05-01,-0.7932324216877228,-0.2913804865894372,1.2037623169815992,0.7783651556230071
2025-05-02,-0.7187855839803831,0.20021435631203088,2.050369262402136,0.4296585884001632
2025-05-05,-0.7815203366130259,0.2755757882229873,2.4690375899735617,0.3653859651651407
2025-05-06,-0.8438804230355821,0.11225391614276677,2.835850985310305,0.45124552932396533
2025-05-07,-1.5714755202858073,0.07318516591636196,2.513425227310641,0.4852098897944593
2025-05-08,-1.3633298853139464,0.251543831345793,3.0,0.48786459488223943
2025-05-09,-1.3323842531883543,0.22451378418532986,2.2652984068787245,0.403887340396097
2025-05-12,-1.1895202743850197,0.7012020045557539,1.885987190984525,0.0742481062754473
2025-05-13,-1.0592337169788917,0.7590583633568253,2.310946502659554,0.2118866398270772
2025-05-14,-0.9446511974895245,0.9389730106214755,2.3356799671248325,0.14060150005025712
2025-05-15,-0.8341139016947211,0.876769496494493,2.121835652368589,0.19605190742928127
2025-05-16,-0.8182319708095942,0.8979739975147571,1.9178076899605787,0.21233583805963632
2025-05-19,-0.721930029495404,-1.7434394592971505,2.0060446208756972,0.3817961657848757
2025-05-20,-0.6688213590385,0.8199506956395959,2.0187238587509784,0.2938387647841233
2025-05-21,-0.6202931107667559,0.7927302981056296,2.4552717831710136,-0.02661811196022184
2025-05-22,-0.619512016014289,0.5666946093389843,1.7306446078279663,0.2277267690466743
2025-05-23,-0.5153758476089798,0.7635115458249895,2.200787339347794,0.09110620548452825
2025-05-26,-0.45496996598960837,0.63981579284632,1.9682701026294083,0.1214041272909485
2025-05-27,-0.5655264612719362,0.57735306894057,1.756095941222508,0.38484569629446913
2025-05-28,-0.39782171497987157,0.8901304733489358,1.8768957508110897,0.2878002009057725
2025-05-29,-0.34016811531878577,1.0214149325743074,1.8910610223625846,0.2557160568297385
2025-05-30,-0.18923881033582765,0.6192576712720427,1.5609384561843165,0.5301318947377412
2025-05-31,0.36335997360442895,0.7668191487654009,1.3551820206526828,-2.013151476986926
2025-06-02,0.2741922649494317,0.3330200465760658,1.5664004763668677,0.5242342151287949
2025-06-03,0.15406501827320912,0.4377165045677459,1.654928737655793,0.43337923119212346
2025-06-04,0.20180882969098082,0.7491988772653009,1.519640019714685,0.23304716677253456
2025-06-05,0.1696767973240781,0.9419903661729079,1.451910599078284,-0.16603157995492343
2025-06-06,0.163041414690656,1.0584521843878147,1.504025354446949,-0.23817670899470805
2025-06-09,0.182920124127077,1.0289530459051528,1.1621976471133277,-0.45066522214831284
2025-06-10,0.19618091443858096,1.2585307975846602,1.011527778608243,-0.5326861538662881
2025-06-11,0.2112654550913875,1.205912263049995,0.8886486046887385,-0.7100534778027554
2025-06-12,0.5066731390929929,1.0591243427913712,1.2566044843380457,-0.4064592054439314
2025-06-13,0.5292609754686055,0.6140298415557085,1.4534361060260124,-0.2129172572691349
2025-06-16,0.529074888047055,0.8730755676941749,1.4841627719815371,-0.3060852357766107
2025-06-17,0.42532335317647296,0.6852605294681386,1.2829549405500031,-0.2882513964732801
2025-06-18,0.4478119494224943,0.622234617973428,0.9843064925136124,-0.21016313420642146
2025-06-19,0.45267013271220174,0.3839790067824188,1.3394337393397018,0.2005616736609788
2025-06-20,0.41585415176537427,0.6126791020134191,1.214287567794002,-0.14547849206576502
2025-06-23,0.36867432416411366,0.2700027865397877,1.089041479961581,0.12504006005299817
2025-06-24,0.37391454226145937,0.8852998326181228,0.9570217992774592,-0.5447967748837746
2025-06-25,0.3660967598293148,0.9930111433446857,0.7320761101155713,-0.7585105710028032
2025-06-26,0.28308817117979157,1.2992115686358774,0.8463725836968929,-0.7769370334064505
2025-06-27,0.26206810965387634,1.3483463924280294,0.9472211967850231,-0.8226860258590717
2025-06-30,0.0061131808861427574,1.0786668160431003,0.9758762824255394,-0.4191907266847998
2025-07-01,-0.08876010774700985,1.3120966609887952,1.0279038428665166,-0.7389772731861138
2025-07-02,-0.12219792801594957,1.46178675057377,0.959779796102603,-0.7424494997307868
2025-07-03,-0.12779142054227285,2.173143523129552,1.2588562056723047,-0.8556885943836345
2025-07-04,-0.11086719774514832,1.9928741814996864,1.1194882565227684,-0.6877302856245789
2025-07-07,-0.1514226002599684,1.7972995620724932,0.8576465091531805,-0.6906664214002236
2025-07-08,-0.14092917179165018,1.9027797134046083,0.7959774525673212,-0.9165672692381933
2025-07-09,-0.20430891531497158,1.6572477442867743,0.5169456020560906,-0.7469894418159365
2025-07-10,-0.23233235512059777,1.6468406636823956,0.6627865663393367,-0.912321819595258
2025-07-11,-0.22960012704253666,1.5459585534097977,0.8629905028980999,-0.9458672561624457
2025-07-14,-0.2897235840738973,1.5398983909166253,0.7982839347663649,-0.9328666891961145
2025-07-15,-0.29332149666412316,1.7203366444123362,0.7605160772473393,-1.345558295609963
2025-07-16,-0.33434105852019513,1.646772361725325,0.8178550857788933,-1.2763016657721895
2025-07-17,-0.3859050371677439,1.6910025651633296,0.7820392799837422,-1.2467679204937765
2025-07-18,-0.37748623416378013,1.6947866701258334,0.8083539038615777,-1.3779991640710907
2025-07-21,-0.36338309735298185,1.5452654660323062,0.8868718164793221,-1.412649083917159
2025-07-22,-0.4223047625566399,1.482086333981415,0.9899666351306273,-1.2981318728098834
2025-07-23,-0.5506447621825036,2.1552095807352836,1.0873995356732944,-1.5348133243071582
2025-07-24,-0.6578471242510878,2.033111656008395,1.140136614746134,-1.4964105667090921
2025-07-25,-0.7067524863443592,1.650629529881149,1.0820182465307555,-1.3066780276943055
2025-07-28,-0.77553557959873,1.5060018191628894,0.814280641458671,-1.3015648991540512
2025-07-29,-0.8372534770151305,1.2731890671580393,0.8066602796156458,-1.2205117343288672
2025-07-30,-0.8845100704228345,1.1844758879119395,0.6353478223335758,-1.2615142904697103
2025-07-31,0.23433209527636384,0.8515669530476087,0.439986202914495,-1.216471192429313
2025-08-01,0.1682105884791978,0.2702101782086699,0.22660984010364052,-0.9295683146206111
2025-08-04,-0.057331812944300675,0.4857997261341681,0.00862672853074742,-0.9614830403249331
2025-08-05,0.06549143670128701,0.6034234847716622,0.13631306667868887,-1.1944787332522677
2025-08-06,0.09142899433628776,0.46860668612480144,0.1363975085115916,-1.0892843448032838
2025-08-07,0.20539582590705707,0.737911159346595,0.3652004840806124,-1.350537423328926
2025-08-08,0.3059179192943677,0.6762019883550371,0.3089710103444104,-1.1891358910487693
2025-08-11,0.2956795428780309,0.5826087571402752,0.25602772149452263,-1.227503017455974
2025-08-12,0.22820474687411185,0.6138118377317765,0.22699498279047775,-1.1731741648958403
2025-08-13,0.20396500698414027,0.8098861530311674,0.048904780627008426,-1.3610299489127977
2025-08-14,0.1743305172388007,0.8880264982741316,0.4032753472985226,-1.3016515594914932
2025-08-15,0.06242516300590405,0.893862520279412,0.44953906577951525,-1.3521633838975573
2025-08-18,0.007054330945832486,0.9046000841017658,0.42704490288947466,-1.374104986332805
2025-08-19,-0.016275511391444293,0.8648917104011835,0.4640647840309219,-1.0438611274704888
2025-08-20,-0.011743087238914526,0.5221066856078327,0.4301889517663629,-0.9096303624082607
2025-08-21,-0.02158757147370756,0.5972325542441881,0.34370017409125986,-0.9886515649714026
2025-08-22,-0.48061593471812414,0.7200521682237154,0.007157867564402708,-0.8287139773656418
2025-08-25,-0.4712845445124447,1.062602115843675,0.13635385269373101,-1.1579075402466992
2025-08-26,-0.4007149638932454,0.651126543882939,-0.10322462813298508,-0.8917733544118164
2025-08-27,-0.27962998660516436,0.7474343184054302,-0.029412058427234697,-0.8668724240075504
2025-08-28,-0.1589893372966155,0.5437254269834554,-0.2565032956319268,-0.7373478872969328
2025-08-29,0.008787620995825175,0.5261568570528603,0.059283096422269345,-0.8009442040762009
2025-08-31,0.8928392169530818,-0.14875368497304478,0.5837297610640004,-1.6260949052214686
2025-09-01,0.601061997084441,0.5522521445311129,0.6586301417686966,-0.9600826903495474
2025-09-02,0.6424865746392457,0.4222178334102858,0.538671876092982,-1.0712534626758003
2025-09-03,0.7187704504253124,0.4292325208268733,0.38858695046169717,-0.9664612105050955
2025-09-04,0.7185421023232633,0.2094686387524371,0.07150020071162375,-0.7583030547989006
2025-09-05,0.6586475319645614,0.42121666277183917,-0.04661283265048224,-0.9694668463165592
2025-09-08,0.6165264154507882,0.31235409698760674,-0.1572412577440178,-0.995575808750002
2025-09-09,0.4590466092063709,0.5636903691410597,-0.12240680256727829,-1.1809835814421634
2025-09-10,0.45795976639430347,0.8208182495752451,-0.03329515170573357,-1.2788526583015822
2025-09-11,0.41142954736304743,0.6807057314721959,-0.22143527157081944,-1.213161969128581
2025-09-12,0.41597437659651126,0.8527490240672857,-0.1651795758403368,-1.4299625346357299
2025-09-15,0.21172767247867877,0.7467555420981904,-0.06947145219492502,-1.3667413544890534
2025-09-16,0.24106258323647897,0.9713914930375285,0.1918275198953564,-1.465098750793522
2025-09-17,0.24934997886922522,1.0634995741173967,0.34872097837642224,-1.537154122906201
2025-09-18,0.22758783294549234,1.1074730985982792,0.3034500232944082,-1.5034623276551105
2025-09-19,0.25329147509920813,0.764502404347858,0.3819213987129406,-1.4074254209494428
2025-09-22,0.03987391927437978,0.8197923467487962,0.398470935382594,-1.3878091681482003
2025-09-23,0.038230235879731886,0.906437619924651,0.6417463750187113,-1.4297925328886691
2025-09-24,0.0345268156809078,0.9350960735392948,0.6888826907883523,-1.549716595501499
2025-09-25,0.005650911170381233,0.8162843702725655,0.66640965020829,-1.501382990345986
2025-09-26,-0.004547138293721579,0.39657740416183423,0.575525116484705,-1.2231565479807858
2025-09-29,-0.17918367906663538,0.5447304717134388,0.6575416529679753,-1.3433953640178584
2025-09-30,0.14951451780242425,0.5171464501789067,0.5803715899811318,-1.3654287016653304
2025-10-01,0.24066209270380257,0.6025717400213721,0.41518240020735325,-1.3787618655252618
2025-10-02,0.3059803928840337,0.9212586398036667,0.5388133504506819,-1.4954870117469863
2025-10-03,0.33914506154051494,1.0907362132705043,0.7370151418282256,-1.563644497496665
2025-10-06,0.2951891466203012,1.1869702191962055,0.7356818755719813,-1.5271402841357888
2025-10-07,0.29586629577589657,1.1097999402408136,0.733733234496899,-1.5217377196769544
2025-10-08,0.3279693488974232,1.0595362052685477,0.4288019506132418,-1.4171762059899824
2025-10-09,0.2925903186095201,1.1629354231847038,0.19173022530628175,-1.4627717636595043
2025-10-10,0.2371012772044742,0.7551814552447187,0.32803417391388207,-1.4816213910280438
2025-10-13,0.27857926596025434,0.520357382553912,-0.1699514218973224,-1.2076764777477982
2025-10-14,-0.42820888249744027,0.22619135995782086,-0.09134955143556339,-1.028879166083747
2025-10-15,-0.32512295598931673,0.7617102537640625,0.18534004390185527,-1.3088490018561534
2025-10-16,-0.2982211008573138,0.8361794262396087,0.4163884105215394,-1.3884686515045215
2025-10-17,-0.08011490299960247,0.6788538147497646,-0.15688987757830017,-1.1835888551255465
2025-10-20,-0.0015254081179082286,0.8784547410040574,-0.5615072044980189,-1.2672671191130238
2025-10-21,0.09408315043899555,0.8271801831874588,-0.67688280397933,-1.2359214149256796
2025-10-22,0.11115043798270155,0.7956439638048923,-0.5755358554725477,-1.1932854852245058
2025-10-23,0.14863387757729768,0.7526614354044044,-0.7399171443127925,-1.1727632620575006
2025-10-24,0.35089856516555185,0.8939430320100235,-0.8523631826174703,-1.2011742762087922
2025-10-27,0.8132620664418486,1.085164713872619,-0.7565461323907916,-1.2532856586026415
2025-10-28,0.9368366616405471,1.1099158507571532,-0.5865141589128736,-1.1516752469132698
2025-10-29,0.9666417538831024,1.6789243222589287,-0.07565823906127273,-1.306692137894015
2025-10-30,1.7054344842686753,1.6663203058759226,-0.08119235915252906,-1.3247028390294318
2025-10-31,1.1783639450096888,1.5158167145538821,-0.2038036547930041,-1.1738512848623905
2025-11-03,1.2617871897754334,1.6736275358109243,-0.38063959781896145,-1.2240068880146138
2025-11-04,1.2660184585301235,1.1189330744170858,-0.4826468254442422,-1.1326570999772774
2025-11-05,1.245888549921138,1.0180769607027254,-0.27880151633194855,-1.0346959221181748
2025-11-06,1.4407994983054169,0.9813354649745283,-0.3062684834371367,-1.1769918340197514
2025-11-07,1.4414635216968446,0.8443797996911886,-0.1991691891745447,-1.0392696578605622
2025-11-10,1.4560196792447662,1.2060975902269968,0.07276230660497914,-1.0974520906496537
2025-11-11,1.4817405135856938,1.2021451210386973,0.06348911573136364,-1.1008193049169197
2025-11-12,1.5084257954562,1.2086448856434946,0.14660908389328725,-1.077538902268107
2025-11-13,1.3986532004232328,1.2567997259170074,0.4148470986857796,-1.1371133581015722
2025-11-14,1.4455234420396144,1.0203269277800537,0.6898645545091336,-0.9260698035010289
2025-11-17,1.472715250756435,1.0931619658634057,0.6840414506233358,-0.9725362978422779
2025-11-18,1.4872049617088314,0.7472292413450267,0.9889891529852971,-0.7240323694048402
2025-11-19,1.5159915888956723,0.6151993708070095,0.6210738781749235,-0.6836507950337818
2025-11-20,1.4693239795153998,0.6432908560477645,0.9266865499750111,-0.9111821362797295
2025-11-21,2.054155205421034,0.06913656469083033,0.181648599344273,-0.34271041343402836
2025-11-24,1.9116764737134777,0.14161218180250362,-0.2651580732861743,-0.3376688959298594
2025-11-25,1.8373083888064141,0.3212488954403088,-0.6852667760388226,-0.4721496169932932
2025-11-26,2.061592801722632,0.6294759966730005,-0.7784383045935932,-0.5782440726497673
2025-11-27,2.1804482100506926,0.48130553136236465,-1.232115767830945,-0.5571597951745756
2025-11-28,2.0494351144779737,0.4609984140644179,-1.1783908653970236,-0.49339590893949276
2025-11-30,2.465815315850827,-2.162048982800122,-1.0307078555094038,-1.2892924567172175
2025-12-01,1.534196271988143,0.5162062058154467,-0.6202584914559883,-0.614149487091342
2025-12-02,1.4971891014380043,0.6966780404677605,-0.6214156099823047,-0.6189859469412741
2025-12-03,1.5158106787804364,0.5491073253783338,-0.7732073724692132,-0.5440074618895571
2025-12-04,1.6166351544303283,0.7440175521893417,-0.42614349764129883,-0.6137997504203818
2025-12-05,1.9366249710282049,0.8728124380432055,-0.2664646489340221,-0.7433121497378289
2025-12-08,1.8757045995930572,0.9550544373116688,0.02118633523528065,-0.774584435100589
2025-12-09,1.85587754523718,0.9001804521614895,0.0248280700844767,-0.7213095859822904
2025-12-10,1.7789621198329963,0.7796464807158184,-0.1006344483098986,-0.6354939012124861
2025-12-11,1.5898163495318802,0.6293169437630101,-0.12053110002414172,-0.5698385309574628
2025-12-12,1.7153840201173225,0.7569593537109548,-0.010981244880818697,-0.849890216412797
2025-12-15,1.5519515807398707,0.3720033262857746,0.18759035297483684,-0.6394162705671235
2025-12-16,1.5048843676882606,-0.0039199595999476885,0.15043192523324178,-0.3608634005484426
2025-12-17,1.689697527406274,0.06613322042268696,0.18041480700541127,-0.5503009494117324
2025-12-18,1.957776848797731,0.0621594579065196,0.13068728978905358,-0.4131355711465216
2025-12-19,1.9202782015717599,0.36514546552555643,0.17504803271043806,-0.5172923353616533
2025-12-22,1.8839527868907593,0.5838893946790162,0.20744940286534805,-0.6780656420204685
2025-12-23,1.8088347789579375,0.7634727782084697,0.5024998709861662,-0.6749170657026328
2025-12-24,1.7586422124470367,0.8489208935537398,0.1902150122578072,-0.6142754950165863
2025-12-25,1.6668104712158927,2.643158827273987,0.1877045239123061,-0.6764158293988182
2025-12-26,1.537627597105589,0.8051871593452047,0.041756062109531075,-0.6486925377962613
2025-12-29,1.5884969044252155,0.8501683128694353,0.04758936746609672,-0.6763961289399953
2025-12-30,1.425074296231786,0.7218409258241596,-0.29115392768294207,-0.6844621728804705
2025-12-31,1.9136841825103463,0.9850093992586002,0.1600915495921951,-0.8300193958068273
2026-01-01,1.1833115163586438,2.7689126004341476,0.15786334057465495,-0.9332861493840577
2026-01-02,1.20949522078125,1.054735712480822,-0.0903386994239527,-1.0979406208178994
2026-01-05,1.120141680520654,1.1550569346588109,-0.3033420227996588,-1.1830375085894562
2026-01-06,1.1127131647825348,1.2471195721680122,-0.4068203551316297,-1.2743177246371684
2026-01-07,1.1140950402794263,1.0935657187128518,-0.4173002638517958,-1.2100664310807054
2026-01-08,1.0634414654495346,1.0373257910118205,-0.07850079250387546,-1.16325613215245
2026-01-09,1.056148403362339,1.0034687035489813,-0.35581153201600485,-1.079682148345546
2026-01-12,0.8824178063680228,0.9940111780291048,-0.2663655733296825,-1.171617699635541
2026-01-13,0.9048607864073788,0.8670040754759594,-0.2884128988645882,-1.2239759438278226
2026-01-14,0.8597867008678023,1.0468751650875328,0.011678470383924373,-1.3025045920995246
2026-01-15,0.8171610599551143,0.979015292577623,0.04106251098981522,-1.2627879972338525
2026-01-16,0.7348110729269831,1.147679222090211,0.4287739437637352,-1.3475242376579053
2026-01-19,0.7248302118581689,1.1339801476416045,0.7219178730874206,-1.3225347127651539
2026-01-20,0.6378012700178523,0.9604462894676532,0.9510364516642241,-1.4553109862271407
2026-01-21,0.7694622927533366,0.9911092802071811,0.25292717515657076,-1.2814309497533554
2026-01-22,0.6747613445469349,1.0794782857566882,0.4938759699309765,-1.3686997892711987
2026-01-23,0.8665545650447352,-0.9329831936351479,0.7689376977275527,-1.371258567805308
2026-01-26,0.5537337411125861,1.1425675275473348,1.0058922497780964,-1.3674209468559226
2026-01-27,0.6076408508376295,1.3594324380734728,1.3302472167113168,-1.4767894641696635
2026-01-28,0.7441737308142817,1.6535058378363963,1.2482111441498327,-1.6609861349077828
2026-01-29,0.6288633690673716,1.451537916231115,1.0303242780061037,-1.6019101593679947
2026-01-30,0.9445716821693342,-0.9311069800999987,0.9113675298792756,-1.3739848596364583
2026-01-31,1.140002579117537,-1.168410015543581,0.7363824466220805,-2.4291954143757417
2026-02-02,0.7100871868670728,0.6946005061484627,0.6293689523756733,-0.986349994899066
2026-02-03,0.67094298840139,1.1880250956918719,0.7704287972851348,-1.359374177980141
2026-02-04,0.631546500785713,1.2098975784005652,0.8966845174572543,-1.314229064427466
2026-02-05,0.6770260861565611,0.5147643550757166,0.6547010921530888,-1.0100068266342768
2026-02-06,0.2754859954084964,0.4673597897716748,-0.01708273454233766,-0.8720577271633124
2026-02-09,0.8931796587092722,0.8540995285264817,0.1449436122588794,-1.1235100123221862
2026-02-10,1.0204788643833893,0.906908412960996,0.12982293863951272,-1.145784957803173
2026-02-11,0.9514755920262489,1.3216133851181862,0.26497159402681875,-1.3261022115294672
2026-02-12,0.952877773325718,1.3226347741235969,0.14582454580894794,-1.4288687827641842
2026-02-13,1.150826872226384,1.0892368950161457,-0.320719488620787,-1.2001257103833385
2026-02-16,1.1284784125517267,1.2008155322516496,-0.22246300163983068,-1.2071963546851066
2026-02-17,1.0020761668970322,1.2947968341086944,-0.17890525480501004,-1.1863670048815913
2026-02-18,0.9261992104170799,1.6108540438483503,-0.18398081645139813,-1.192276541349068
2026-02-19,1.0643221547927,1.5723438809964672,-0.32272297166767666,-1.1932672094613526
2026-02-20,1.076770326502263,1.451316231697734,-0.4733779879124149,-1.1627201761024872
2026-02-23,1.1259363736550507,1.365699509880562,-0.3030818651396528,-1.3139651020968603
2026-02-24,0.8565546252799731,1.5381859161440965,-0.4967040314831969,-1.3094662715556835
2026-02-25,0.7553576691592925,1.910889447165285,-0.634968527182021,-2.213062904407972
2026-02-26,2.7567907847184783,2.016274608084667,-0.630002249888103,-2.123012565257973
2026-02-27,2.7322191588679754,1.6733839883447157,-0.6343592217189497,-2.005700722170129
2026-02-28,3.0,-1.9835510129863612,0.08868522790252292,-1.9892529484451187
2026-03-02,3.0,1.4148377027662198,0.21821908574280416,-1.9919948001116212
2026-03-03,3.0,0.5278017627874242,0.19898263020874993,-1.6950946708326267
2026-03-04,3.0,-0.03210428601263896,-0.04204003282457835,-1.4940120183036218
2026-03-05,3.0,0.4410601544414053,1.0639633291480215,-1.6607111313734295
2026-03-06,3.0,0.3060875220878593,1.9278517245887905,-1.5797183674814386
2026-03-09,3.0,-0.31852413322313594,0.543128859801151,-1.1920853342818714
2026-03-10,2.920334204657923,0.49432755295632713,1.2692783015945357,-1.565887308743693
2026-03-11,2.803393884049693,0.5583559536472092,1.017770844833666,-1.640298359141903
2026-03-12,2.6628269286808113,0.5351704906838282,1.8993615247796385,-1.5641011657744612
2026-03-13,2.533797692456925,0.36382449425302926,1.4916003907997049,-1.4420086140067703
2026-03-16,2.7328657402146077,0.3221505270541333,0.6968939811189303,-1.3696608734466293
2026-03-17,2.590385573889856,0.5022220118524794,0.1797734024865456,-1.3620854215801235
2026-03-18,2.5159823407387676,0.8434100085704578,0.6642825248447767,1.9068380921005437
2026-03-19,2.3951876388096953,0.18891116191075344,0.374452789053004,2.2821040281737597
2026-03-20,2.3468991810317354,0.11063394289251822,1.0682485517764513,2.1155879267937774
2026-03-23,2.2095474078734085,-0.4014833900432262,0.6105740637964622,2.6437974363676564
2026-03-24,2.1077092514118947,0.007663865490869799,0.7776657656439299,2.2262404841073766
2026-03-25,2.025147085741069,0.5642287439970463,0.17129278682120974,1.9007269354698075
2026-03-26,1.9277297104275741,0.36661051641718395,0.9885302712264453,1.9339620351157303
2026-03-27,1.0568023140440874,0.1571672571671131,1.2262434060531062,1.8919315148443718
2026-03-30,1.0278641140808447,-0.38323509020415397,-0.08236081369843334,2.164342063299314
2026-03-31,0.36143668978078164,-0.6827352170406847,-0.9111527492966025,2.335294257695059
2026-04-01,0.44410975532814156,0.542896552628882,1.9268874552388247,2.0946242327441724
2026-04-02,0.4271271348569903,-0.1894029891204427,1.4919764386984264,2.3551919026151946
2026-04-03,0.4169202234162578,-0.03835930168544011,1.4702192426633565,2.2166417278516612
2026-04-06,0.37178557001763435,0.022309088711876507,1.561796058184764,2.1728840603577364
2026-04-07,0.3117471042119862,0.09367335005782657,2.064112046801254,2.166363326347933
2026-04-08,0.3075403813399919,1.2462873601206634,1.0348345693784138,1.5892445713756904
2026-04-09,0.26349047760300826,1.000722559230196,0.7362949051213685,1.7698671065965974
2026-04-10,0.28637785320606307,0.9629873890467442,0.7428964847159999,1.5720205538147836
2026-04-13,0.15148136980826704,0.6990814507839261,0.8547653905870956,1.7438176724263685
2026-04-14,0.05610277682349644,1.0459300421503157,0.7505491772300977,1.5408208071848908
2026-04-15,0.03745403898975118,1.1854771894594271,0.7233501640733931,1.4001366847265084
2026-04-16,0.07198901843855614,1.3592387608661531,0.5612858764572772,1.1818357947840061
2026-04-17,0.04326696017000025,1.160562352666947,0.48097213890437857,1.3456082792426616
