Date,F,M,S,V
1999-12-31,,,,
2000-01-03,,,,
2000-01-04,,,,
2000-01-05,,,,
2000-01-06,,,,
2000-01-07,,,,
2000-01-10,,,,
2000-01-11,,,,
2000-01-12,,,,
2000-01-13,,,,
2000-01-14,,,,
2000-01-17,,,,
2000-01-18,,,,
2000-01-19,,,,
2000-01-20,,,,
2000-01-21,,,,
2000-01-24,,,,
2000-01-25,,,,
2000-01-26,,,,
2000-01-27,,,,
2000-01-28,,,,
2000-01-31,,,,
2000-02-01,,,,
2000-02-02,,,,
2000-02-03,,,,
2000-02-04,,,,
2000-02-07,,,,
2000-02-08,,,,
2000-02-09,,,,
2000-02-10,,,,
2000-02-11,,,,
2000-02-14,,,,
2000-02-15,,,,
2000-02-16,,,,
2000-02-17,,,,
2000-02-18,,,,
2000-02-21,,,,
2000-02-22,,,,
2000-02-23,,,,
2000-02-24,,,,
2000-02-25,,,,
2000-02-28,,,,
2000-02-29,,,,
2000-03-01,,,,
2000-03-02,,,,
2000-03-03,,,,
2000-03-06,,,,
2000-03-07,,,,
2000-03-08,,,,
2000-03-09,,,,
2000-03-10,,,,
2000-03-13,,,,
2000-03-14,,,,
2000-03-15,,,,
2000-03-16,,,,
2000-03-17,,,,
2000-03-20,,,,
2000-03-21,,,,
2000-03-22,,,,
2000-03-23,,,,
2000-03-24,,,,
2000-03-27,,,,
2000-03-28,,,,
2000-03-29,,,,
2000-03-30,,,,
2000-03-31,,,,
2000-04-03,,,,
2000-04-04,,,,
2000-04-05,,,,
2000-04-06,,,,
2000-04-07,,,,
2000-04-10,,,,
2000-04-11,,,,
2000-04-12,,,,
2000-04-13,,,,
2000-04-14,,,,
2000-04-17,,,,
2000-04-18,,,,
2000-04-19,,,,
2000-04-20,,,,
2000-04-21,,,,
2000-04-24,,,,
2000-04-25,,,,
2000-04-26,,,,
2000-04-27,,,,
2000-04-28,,,,
2000-04-30,,,,
2000-05-01,,,,
2000-05-02,,,,
2000-05-03,,,,
2000-05-04,,,,
2000-05-05,,,,
2000-05-08,,,,
2000-05-09,,,,
2000-05-10,,,,
2000-05-11,,,,
2000-05-12,,,,
2000-05-15,,,,
2000-05-16,,,,
2000-05-17,,,,
2000-05-18,,,,
2000-05-19,,,,
2000-05-22,,,,
2000-05-23,,,,
2000-05-24,,,,
2000-05-25,,,,
2000-05-26,,,,
2000-05-29,,,,
2000-05-30,,,,
2000-05-31,,,,
2000-06-01,,,,
2000-06-02,,,,
2000-06-05,,,,
2000-06-06,,,,
2000-06-07,,,,
2000-06-08,,,,
2000-06-09,,,,
2000-06-12,,,,
2000-06-13,,,,
2000-06-14,,,,
2000-06-15,,,,
2000-06-16,,,,
2000-06-19,,,,
2000-06-20,,,,
2000-06-21,,,,-0.3703607098791753
2000-06-22,,,,-0.41982653573356055
2000-06-23,,,,-0.7042632444905588
2000-06-26,,,,-0.43706448713182966
2000-06-27,,,,-0.430935585830857
2000-06-28,,,,-0.49394342888781134
2000-06-29,,,,-0.2666272170436089
2000-06-30,,,,0.37246834971637316
2000-07-03,,,,0.6487527982821696
2000-07-04,,,,0.6829526059082686
2000-07-05,,,,0.474952419869824
2000-07-06,,,,0.14157969870121126
2000-07-07,,,,0.5580305633503384
2000-07-10,,,,-0.07191858404905817
2000-07-11,,,,-0.41797821857859985
2000-07-12,,,,-0.48000501974416876
2000-07-13,,,,-0.08214422517927929
2000-07-14,,,,-0.9343918040598694
2000-07-17,,,,-1.5584184844940951
2000-07-18,,,,-1.6963409729400174
2000-07-19,,,,-1.657991993023016
2000-07-20,,0.10986264902718487,-0.006597425384210466,-0.9824631024701098
2000-07-21,,0.046647835966372474,-0.10282964201675558,-0.9257750727227553
2000-07-24,,-0.11831909644197516,-0.2441910911528873,-1.0897781953886616
2000-07-25,,0.05735389414039114,-0.0595222337340677,-1.0038325501849854
2000-07-26,,0.5131682907684827,0.0766183828794489,-1.1201694021572788
2000-07-27,,0.040528588233887344,-0.3114514211884145,-0.843604965924328
2000-07-28,,0.0867778686106383,-0.07043218346702466,-0.6486392094757494
2000-07-31,,0.016345589806107064,-0.3188875963456914,0.7052095530339276
2000-08-01,,0.029474629675532493,-0.41742702761055683,0.7013858958982374
2000-08-02,,-0.0923866516540439,-0.46524859711402095,0.8762943062715531
2000-08-03,,-0.18379337530367593,-0.46224079036346605,0.8442773725984342
2000-08-04,,-0.4246499753548095,-0.865068364915014,0.9715005119169677
2000-08-07,,-0.05339391029623548,-0.4944894040008547,0.5799549536914229
2000-08-08,,-0.2683472649374451,-0.6979327905327265,0.6210137819023019
2000-08-09,,-0.420476069377096,-0.7936791795488402,0.5177634111726988
2000-08-10,,-0.7166643445153605,-0.9911149752060499,0.915750247919506
2000-08-11,,-0.3793418789849078,-0.5535294298473811,0.4334253184876365
2000-08-14,,-0.8794267272346881,-1.3887863031458814,0.6257371349198099
2000-08-15,,-1.1949804658667498,-1.6050281170777811,0.47771098982433247
2000-08-16,,-1.202534172000029,-1.6034586275880527,0.13584675606018243
2000-08-17,,-1.3784197872925823,-1.6014884633309678,0.5517160078407273
2000-08-18,,-1.1053124907593574,-1.1566511765553233,1.0461434656613244
2000-08-21,,-1.3112316897204854,-1.0826525822487887,1.337242345421879
2000-08-22,,-1.5393240234123462,-1.21280454758839,1.6072665708450622
2000-08-23,,-1.5559500224876535,-1.286252861197994,1.7096374384106965
2000-08-24,,-2.0263817436117146,-1.4534281594634497,1.7269251752624346
2000-08-25,,-1.3768299324876239,-0.9682424167266678,1.5086119990924463
2000-08-28,,-1.1964942668140388,-0.5447647852398891,1.2154180734898066
2000-08-29,,-0.3415410031655011,0.3435205573847159,0.6915908481941487
2000-08-30,,-0.3039947371366076,0.6978017861478022,0.7097741375978104
2000-08-31,,-0.2690353712791525,0.0005820972860955183,0.9467461909004312
2000-09-01,,-0.510201472318835,-0.2685400303977381,1.1862923758513169
2000-09-04,,-0.3846616126392377,-0.05220955443622329,1.185647759305214
2000-09-05,,-0.37963332949548445,0.1090368782351354,0.8031658008729693
2000-09-06,,-0.2228411641668065,0.3787019384354959,0.5409687692498559
2000-09-07,,0.054344690570009284,0.698165005108803,-0.11958211242792402
2000-09-08,,0.10997480049242715,0.7898465329023893,0.13269262911179808
2000-09-11,,-0.0556371042038545,0.6601657542715209,0.0012535610432571945
2000-09-12,,0.034512952628371216,0.8084985049576926,0.059919781230468226
2000-09-13,,-0.20115905559868769,0.40058224144548416,0.38613245411253966
2000-09-14,,-0.23470860882304478,0.5029138368647572,0.17208028315621654
2000-09-15,,0.023130716246473382,0.7706034529698438,-0.10428825915483578
2000-09-18,,0.07943584054388547,0.6948655543620164,0.35892332363376556
2000-09-19,,0.26385738776148676,0.33826318858773763,0.49335708189597244
2000-09-20,,0.3500923532726703,0.15739094042724225,0.6014724739768194
2000-09-21,,0.5055946024442289,0.26786299088715393,0.5903616085815573
2000-09-22,,0.35340603076999705,0.02636886426535118,0.9018230750329609
2000-09-25,,0.3065217489530151,-0.03651841218197987,0.684851123654578
2000-09-26,,-0.16194037370482173,-0.8145797826852128,1.0746604504576631
2000-09-27,,-0.5968468009394888,-1.6783768911352137,1.002274654461209
2000-09-28,,-0.6053216001852966,-1.9633537552362463,0.8276780222230359
2000-09-29,,-0.5881738783138345,-1.2307481547240928,0.9007548162219943
2000-09-30,,-0.5872011108671583,-1.2080449493500445,1.33404423173397
2000-10-02,,-0.4463261680835543,-1.1295416426140275,0.9703821233914672
2000-10-03,,-0.7345631660326049,-1.3931820898420058,1.14450397322855
2000-10-04,,-1.1900038377106217,-1.7486501489518615,1.5810793812675712
2000-10-05,,-2.053158471848787,-2.421644504550209,2.502691430423083
2000-10-06,,-1.9107839418195764,-2.3484343265590435,2.4624430154660395
2000-10-09,,-2.0650279959341358,-2.4209196591454947,2.5009641154722027
2000-10-10,,-2.255548429574165,-2.559964628031196,2.558485361035601
2000-10-11,,-2.5477338688290523,-2.8579839218420293,2.7609920275651856
2000-10-12,,-3.0,-3.0,2.6375897578139016
2000-10-13,,-3.0,-3.0,2.648786687998804
2000-10-16,,-2.9314672534071002,-2.7203412430498854,2.3846677022276848
2000-10-17,,-3.0,-2.7827712364197796,2.544909942496683
2000-10-18,,-3.0,-2.6407106371390348,2.4525038956441225
2000-10-19,,-2.9583884178237523,-2.5175020282640683,2.3304063401498225
2000-10-20,,-2.800372341260318,-2.3381348109833326,2.1582074337931596
2000-10-23,,-2.8566891182801766,-2.318983915749641,2.0750831456823255
2000-10-24,,-2.4221540430478146,-1.9460005936618476,1.9633479676379848
2000-10-25,,-2.1483424595767917,-1.5096755226290752,1.7831351859937374
2000-10-26,,-2.3504200759872513,-1.5218787791032777,1.732294023045719
2000-10-27,,-2.390257796378453,-1.398577820898068,1.4820589616890447
2000-10-30,,-2.299127696145706,-1.240985986474503,1.2994778236915523
2000-10-31,,-2.592833517950705,-1.570653743374188,1.3757460784817117
2000-11-01,,-2.3383669652235652,-1.485817470030783,1.3096606042925165
2000-11-02,,-2.111022388187152,-1.4695098824477182,1.4098178707710143
2000-11-03,,-1.6831572898364182,-1.168890862895989,1.3508053434177012
2000-11-06,,-1.5742297045651588,-1.0318872719974181,1.2710974094031007
2000-11-07,,-1.4433996223364367,-1.0051142015674173,1.3102696328210364
2000-11-08,,-1.2686129235582075,-0.7942711272600779,1.221036905864747
2000-11-09,,-1.124040524697096,-0.6320750994003651,1.3790832121504257
2000-11-10,,-0.8289655040969566,-0.494613471970383,1.4068541225251794
2000-11-13,,-0.7204278723170383,-0.38052479726544863,1.4523306185853553
2000-11-14,,-0.6574767743937758,-0.4389523058820034,1.3977735921845553
2000-11-15,,-0.4101208482861282,-0.043478528926756105,1.4020802816760658
2000-11-16,,-0.2526124032255434,0.08901555681278374,1.430583678142842
2000-11-17,,-0.2833938132288341,0.022788073270626333,1.4380213568408358
2000-11-20,,-0.38119112542447353,-0.17669683039900502,1.4881588369013437
2000-11-21,,-0.3891120692974219,-0.37482012456969804,1.6580141407778195
2000-11-22,,-0.7535299661457944,-0.7468468705333644,1.6836670718114466
2000-11-23,,-0.8524337103683978,-0.8637221243634844,1.625479561784831
2000-11-24,,-0.5692010658050584,-0.6691074050109684,1.548008299983865
2000-11-27,,-0.5822301241924396,-0.7886553863762921,1.4923320764549246
2000-11-28,,-0.5810260735147348,-0.9682306435581832,1.5298087270958416
2000-11-29,,-0.534560969915603,-0.9657063778552268,1.5912134420719852
2000-11-30,,-1.0554066954857573,-1.7871405115106342,1.9418927982024035
2000-12-01,,-0.9281233784435925,-1.4427071534966769,1.7602073019167028
2000-12-04,,-1.3077050964052668,-1.635614059861205,1.6483311652968793
2000-12-05,,-1.4119721638830973,-1.669545000227496,1.5719086043643304
2000-12-06,,-1.4060796219257705,-1.5878271944715774,1.541823544493127
2000-12-07,,-1.4293444310628896,-1.56594418524994,1.479148222836608
2000-12-08,,-1.3581830943489726,-1.2853018672968752,1.3030618656296793
2000-12-11,,-1.1727362989401027,-1.0450661928600171,1.1984740766094493
2000-12-12,,-0.9793148202357392,-0.7836899192448774,1.0682427601196218
2000-12-13,,-1.0017774377364463,-0.6750627693786041,0.9669751518301591
2000-12-14,,-0.8398585405847693,-0.7302322060870703,1.0445629661964873
2000-12-15,,-0.6316722567519782,-0.5164938887572039,0.9524263460475222
2000-12-18,,-0.6214639080250793,-0.5053830088678658,0.9693330244978718
2000-12-19,,-0.38826680745731285,-0.24161580353835238,0.8794303976912015
2000-12-20,,-0.29858745624766597,-0.16332401448424658,1.0288538029308665
2000-12-21,,-0.19026802043579466,-0.04880960865945366,1.081680284280857
2000-12-22,,-0.19713581430075056,-0.06489604087492705,1.0722634739156287
2000-12-25,,-0.20396345011087844,-0.08089382052467628,1.0406823545972959
2000-12-26,,-0.05633735900678127,0.016075183810624852,1.0437106027386949
2000-12-27,,0.0637544686879128,0.24558587294300502,0.9292271272920896
2000-12-28,,0.38056571065385725,0.6650737881803783,0.8479704681979959
2000-12-29,,0.7946921608223457,1.3573869318249352,0.8251971017205472
2000-12-31,,0.7909494289890758,0.8838421415794198,1.037046705374129
2001-01-01,,1.056284083139261,1.0252270508721593,1.003594885224602
2001-01-02,,0.7850129809743467,0.7085221669948638,1.2023122796293626
2001-01-03,,1.1712700929835889,1.1769056694759947,0.8903599658381909
2001-01-04,,1.2299311101937485,1.2147392946319315,0.8277671374536615
2001-01-05,,1.255503237869138,1.1014299173797324,0.8198660115211207
2001-01-08,,1.318198347582003,1.0668034153187316,0.7001105814482431
2001-01-09,,1.6213324147377064,1.2386654662169878,0.5154342210848586
2001-01-10,,1.807681533117809,1.4015362957903033,0.3750045426550418
2001-01-11,,1.8645403069184225,1.7658546543894598,0.19783471957066118
2001-01-12,,1.952351505868447,1.9179153577924062,0.02608330234376333
2001-01-15,,2.0009993381253786,1.9983437630372825,-0.06387653020074749
2001-01-16,,1.9255251504691024,1.840944880217333,-0.036764625322744125
2001-01-17,,2.079525404507214,1.9810873158557027,-0.049644553700966654
2001-01-18,,2.0860627002458165,1.932707930135968,0.015823396761100634
2001-01-19,,2.2264207179337188,2.0896842392019757,-0.1931554865840685
2001-01-22,,2.183966292888902,2.0500888158499952,-0.2260608419990799
2001-01-23,,2.409025119564658,2.077474725422061,-0.1244609690010908
2001-01-24,,2.184491925615672,1.9918829130144804,-0.29297956287592714
2001-01-25,,2.114197769010392,1.8515858928548328,-0.2765795217782212
2001-01-26,,2.0429876318819766,1.775568410299052,-0.260348184866809
2001-01-29,,1.9351876046980203,1.9194134231377085,-0.2846998311960992
2001-01-30,,1.9130742486756078,1.843333474746603,-0.2800522388184667
2001-01-31,,1.9835575947434956,1.8509280542120987,-0.5054637120289335
2001-02-01,,1.8841029467817125,1.8113646992625896,-0.5280684872264679
2001-02-02,,1.8206101636227245,1.7739488104067018,-0.7102947819520872
2001-02-05,,1.761992502457406,1.738488646252812,-0.7712377980224828
2001-02-06,,1.6568081637168692,1.7048156994325767,-0.8571056164950323
2001-02-07,,1.3814863641354829,1.4653449587607796,-0.8175096474849598
2001-02-08,,1.2346279271445304,1.3100945151121024,-0.908884876158618
2001-02-09,,1.0294474726772573,1.0812197630422071,-0.8415010014434866
2001-02-12,,0.8576825298765104,0.9124859042831354,-0.9331314478191534
2001-02-13,,0.8311628807487871,0.8752394326421479,-1.0055554381908667
2001-02-14,,0.8010448281469236,0.9344347559801491,-1.0921319285543785
2001-02-15,,0.7238553786837787,0.9996222464946037,-1.2243297081792355
2001-02-16,,0.6555457724818453,0.9209280288132984,-1.0648660703300743
2001-02-19,,0.4896753160262837,0.7517385989763548,-1.0400327811610368
2001-02-20,,0.4316188881274361,0.6916181257808027,-1.019653974266876
2001-02-21,,0.18568466070310347,0.5762384523285033,-0.9765854400216772
2001-02-22,,0.18820805902213197,0.47262283628282353,-0.8554576437583622
2001-02-23,,0.0971066702449579,0.3992979918283956,-0.7141293921055778
2001-02-26,,0.057933266741882115,0.37513649773273405,-0.6842364320607459
2001-02-27,,0.02374042860833001,0.36094890102216626,-0.7052270526316328
2001-02-28,,-0.10345640197052683,0.32737552193251784,-0.6942363517637942
2001-03-01,,-0.08419401936160302,0.19568484117897184,-0.7173354886362481
2001-03-02,,-0.14085713557362356,0.1934657312289952,-0.792857883299053
2001-03-05,,-0.14745542457463245,0.12139117204702705,-0.878683440694596
2001-03-06,,-0.18588941449742558,0.09978236651298786,-0.9300577447776763
2001-03-07,,-0.2310426089142173,0.007305794777433221,-0.8755154507005075
2001-03-08,,-0.1807409708320319,0.04758474553447576,-0.9608178728381068
2001-03-09,,-0.1699516491959986,0.06726449923636171,-1.0791091019456185
2001-03-12,,-0.13151334406903895,0.02486633977200337,-0.9126786456672579
2001-03-13,,-0.1331001191810214,-0.038328983959416044,-0.8014671413792079
2001-03-14,,-0.3237956951519652,-0.30083328798934506,-0.352071957310267
2001-03-15,,-0.3502452274984843,-0.4149780160630908,-0.2900021059981753
2001-03-16,,-0.4701773625277265,-0.6549958612247414,-0.10782299797657206
2001-03-19,,-0.3583435996462249,-0.553590408344294,-0.14092999777596565
2001-03-20,,-0.41879998010377273,-0.6127883821758277,0.04257011252630235
2001-03-21,,-0.5110237667919926,-0.7350239662477271,0.2505927700092368
2001-03-22,,-0.6181893640778043,-0.886431131306284,0.5439388835336186
2001-03-23,,-0.4953303951589611,-0.7051278423883233,0.3333365810899487
2001-03-26,,-0.36805558302685115,-0.515524945147637,0.16987480435136124
2001-03-27,,-0.23030609460098664,-0.3053655610681081,-0.1196346942443067
2001-03-28,,-0.3889870266831526,-0.3689468235196442,-0.10604236977294694
2001-03-29,,-0.30780530724831257,-0.39933116865939816,0.003573869967512058
2001-03-30,,-0.4204046324992023,-0.4957412855403813,0.1255457290896644
2001-03-31,,-0.2999977892081222,-0.5138959815746599,0.009543877278879488
2001-04-02,,-0.39697624398926934,-0.5763420042680418,0.10264043022688749
2001-04-03,,-0.7850704256417405,-0.8926126509641193,0.45070810756030644
2001-04-04,,-1.0645478457072575,-1.001525865616868,0.5674410819089118
2001-04-05,,-1.6714224827129707,-1.0299498177102429,0.3152936998330892
2001-04-06,,-0.9447433454932115,-1.2079693032597763,0.7780927122191996
2001-04-09,,-0.9414290424438131,-1.1415134171780845,0.7865637375424172
2001-04-10,,-0.7870578863229261,-0.8413211000001724,0.436320643340661
2001-04-11,,-0.603279708335742,-0.5471138748173305,0.3481305116808765
2001-04-12,,-0.5427879593178468,-0.4319073255670193,0.249354441532097
2001-04-13,,-0.47156265853477136,-0.2950731199777625,0.23632955384334475
2001-04-16,,-0.41118815195240876,-0.11365842003270508,-0.03710065218315312
2001-04-17,,-0.42550772929017233,-0.14686064295780166,0.21381666615948586
2001-04-18,,-0.4161716100874731,-0.0663630466884084,0.29579778484777847
2001-04-19,,-0.16026216473808588,-0.031668455984009664,0.4691659928906024
2001-04-20,,-0.20093880352272153,-0.18139689478494933,0.5017300075136293
2001-04-23,,-0.4774817617853083,-0.5962248664877716,0.8246619364317677
2001-04-24,,-0.6757435497453338,-0.9228663032380465,0.9984542242959211
2001-04-25,,-0.3693082308240292,0.02575216006570153,-0.2289111154413829
2001-04-26,,-0.5281029518014787,0.04893016811657521,-0.29254906417041276
2001-04-27,,-0.5844796549583233,0.2723795343499909,-0.6113093715294825
2001-04-30,,0.8645638098163746,0.37665776299145387,-0.48488498089757975
2001-05-01,,1.000339658433034,0.5393629727855017,-0.808714602564626
2001-05-02,,1.522522898351798,1.0274916229417552,-1.2099016098974544
2001-05-03,,1.7253750420203904,1.1251181960857959,-1.1527260281372647
2001-05-04,,1.8396551095161393,1.0919585254452047,-1.094060855324246
2001-05-07,,1.4695956593680957,1.2188056272710233,-1.2387638519917055
2001-05-08,,1.4861552323515732,1.2482174970070117,-1.2895322151370276
2001-05-09,,1.2943592679317475,0.9066379008653795,-1.1727810893044843
2001-05-10,,1.2839381916970642,0.9373359770938829,-1.3842792432067772
2001-05-11,,1.3505402558427262,1.067248992431264,-1.8821504104898592
2001-05-14,,1.2627552776090354,0.935529021820341,-1.585780878932671
2001-05-15,,1.2336109205981773,0.8640412825212501,-1.8698895577938806
2001-05-16,,1.285389996677455,0.9062472796111488,-1.8134257084701808
2001-05-17,,1.3705915152572004,0.9688963503558693,-1.905253041251937
2001-05-18,,1.2572181332820083,1.1381065428042487,-1.9267630525162103
2001-05-21,,1.310378543626826,1.17859047147348,-2.025491433417289
2001-05-22,,1.4797491107466525,1.4171025081307143,-1.909216290379001
2001-05-23,,1.462021997208553,1.4897720875656408,-1.871687728193434
2001-05-24,,1.34743287045369,0.7475269361543624,-2.0563720158810956
2001-05-25,,1.4437887269678444,0.7680935443325182,-1.9911789169479959
2001-05-28,,1.3871183966547322,0.6073432791987682,-1.9161810509891402
2001-05-29,,0.2731082793786456,0.5136313213109654,-1.9302107570009146
2001-05-30,,0.19419244062060786,0.34558424504149027,-1.8018539049178612
2001-05-31,,0.02948505627354998,0.047760014483080246,-1.4617743386749769
2001-06-01,,0.08434707837291062,0.11271704740897301,-1.5112782384247536
2001-06-04,,0.07730067341380932,0.100248962925556,-1.416393227413517
2001-06-05,,0.03431024717447856,0.010016490000442151,-1.278947675219857
2001-06-06,,0.053861971927957115,-0.0018063921869195861,-1.2761761855963478
2001-06-07,,0.12531789480181812,0.0989385070112778,-1.3129134102021327
2001-06-08,,0.09674230542318168,0.041010865943859075,-1.404319558760057
2001-06-11,,-0.05335341990368715,-0.22206672505552574,-1.3056389190907356
2001-06-12,,-0.03848084476039594,-0.18666672512763668,-1.1851294719057361
2001-06-13,,-0.1843822004788892,-0.3820907008653807,-1.0599381949611042
2001-06-14,,-0.28099121202141986,-0.5881740916542771,-0.7139947063002398
2001-06-15,,-0.31316970972731295,-0.5373571069234371,-0.8319691000918762
2001-06-18,,-0.4041218754759597,-0.7314619154270992,-0.6324548972914709
2001-06-19,,-0.5772717664857588,-0.8643832582974812,-0.5392569742607578
2001-06-20,,-0.7047955762462458,-0.9596137249072927,-0.4008219426656068
2001-06-21,,-0.6765239805478775,-0.959907605954514,-0.396694228332452
2001-06-22,,-0.8131740187360248,-1.1327478024100546,-0.33123033386440937
2001-06-25,,-0.8220064771415678,-1.0934031983086578,-0.38228204589921017
2001-06-26,,-0.7867212235264024,-1.0208849702195835,-0.4482257825509414
2001-06-27,,-0.7240155020196166,-0.9503245407505206,-0.612274907455262
2001-06-28,,-0.6969101426575117,-0.8353173733804901,-0.7072317638309975
2001-06-29,,-0.5826162582658266,-0.5361936787846535,-0.8902353514854469
2001-06-30,,-0.652431238563864,-0.567307817037668,-0.8807960310260987
2001-07-02,,-0.6366483500800956,-0.5393727667877192,-0.8497145974996718
2001-07-03,,-0.4908860181662992,-0.35768670695649646,-1.0248635130107429
2001-07-04,,-0.5282522743738222,-0.37929747914203044,-1.0172921558288408
2001-07-05,,-0.6707213309983375,-0.37686446581373434,-1.004415168058666
2001-07-06,,-0.7513850593833132,-0.49488825350971627,-0.9214606927938166
2001-07-09,,-0.6054280274685131,-0.4429150120125034,-0.9738949949605651
2001-07-10,,-0.6308036471524138,-0.439859951065621,-0.842444633071643
2001-07-11,,-0.5567006349410417,-0.35117219782016146,-0.8258900787115174
2001-07-12,,-0.5207049931839358,-0.15170216619697507,-0.7152624464197677
2001-07-13,,-0.48065012938540086,-0.20062143368679453,-0.773137535600897
2001-07-16,,-0.39629956464435595,-0.02463843140522319,-0.7639161340270118
2001-07-17,,-0.2982974565200468,0.050718373139165704,-0.7134432364621937
2001-07-18,,-0.290010230488269,-0.00046879913607336974,-0.4641677881863522
2001-07-19,,-0.25909502842593257,0.06294786229286811,-0.5229509681562043
2001-07-20,,-0.13645776511491248,0.19032208306940854,-0.6399275630562185
2001-07-23,,-0.1051533217842405,0.18874130891766647,-0.733820193521435
2001-07-24,,-0.09198726932867225,0.14831947592025108,-0.7829851641927269
2001-07-25,,-0.16739865991904135,0.1209848881939487,-0.8827728927299253
2001-07-26,,-0.173148529820841,0.10679515098902219,-0.9695226688757875
2001-07-27,,-0.226950092662978,-0.07898350532385741,-0.9505295421328099
2001-07-30,,-0.15455220504262202,-0.13188328654830184,-0.898997268243792
2001-07-31,,-0.1753032543290581,-0.03772348061416348,-0.9820569244659941
2001-08-01,,-0.14470559478416378,0.0967594138583703,-1.2932264599624153
2001-08-02,,-0.04993285549093042,0.29857802813319073,-1.4837527572473281
2001-08-03,,0.07498123898031721,0.28250866566181926,-1.4964175292095876
2001-08-06,,0.15134687546893535,0.3755992629587714,-1.493408419832539
2001-08-07,,0.04174678719112635,0.42706506401688,-1.5360407114559302
2001-08-08,,0.06762217450017509,0.4094782792052308,-1.4127157919455546
2001-08-09,,0.051897683652218585,0.44722017270004927,-1.3976389928443107
2001-08-10,,0.09101107805487296,0.45696304170314506,-1.3153887348051103
2001-08-13,,-0.07190137646625822,0.32736123726068994,-1.0876255369633814
2001-08-14,,-0.046018101517830576,0.3805603691743507,-1.1327441014536022
2001-08-15,,0.025969250866051716,0.5316839361984563,-1.2269196794476944
2001-08-16,,0.08423708413143005,0.6528565526826927,-1.1009840067221235
2001-08-17,,-0.03928663562988653,0.4624323270659106,-0.85950329092623
2001-08-20,,-0.0686616742930519,0.4722280171630865,-0.9329258365397903
2001-08-21,,-0.2227924094711943,0.3678931821521924,-0.8131667138636717
2001-08-22,,-0.21552316496536372,0.3788950722934391,-0.8256064676404198
2001-08-23,,-0.2831051107595611,0.23119044919478718,-0.7678883884250612
2001-08-24,,-0.2957323455635535,0.20007097545618344,-0.7918257035888492
2001-08-27,,-0.2945634125034598,0.19824496601831493,-0.7736329536798903
2001-08-28,,-0.3367785686687443,0.18173791219536695,-0.7429135358678488
2001-08-29,,-0.32454398082463426,0.046986598786129014,-0.6738929355691483
2001-08-30,,-0.48583614457170127,-0.22165160595458291,-0.7506146013911853
2001-08-31,,-0.5289149054888341,-0.1607473155805833,-0.9442905278834244
2001-09-03,,-0.5397799999954487,-0.19025864932948716,-0.9626984716941455
2001-09-04,,-0.4229153538193497,0.053056498095921674,-1.1960004813341591
2001-09-05,,-0.5437421210759094,-0.13068108265692588,-1.050176548315593
2001-09-06,,-0.6209078010437581,-0.2222955580185951,-0.8050795491023863
2001-09-07,,-0.7996518104236804,-0.45244495669914436,-0.3515104857562619
2001-09-10,,-0.862966364579417,-0.3567432135331554,-0.12530779991897198
2001-09-11,,-0.7218761603849747,-0.23005062954515948,-0.1291743645402174
2001-09-12,,-0.737929074906432,-0.2760130738471069,-0.13301128261343984
2001-09-13,,-0.7901808806999485,-0.4007017701314953,-0.13681884994000676
2001-09-14,,-2.3572697359041634,-2.1450274036371506,1.2793769572136962
2001-09-17,,-2.3543123205523626,-2.1735899844753823,1.4025447680019867
2001-09-18,,-2.418095804576453,-2.0576063602296313,1.309965478463688
2001-09-19,,-2.1239421688027202,-2.0466376878463413,1.366129150254147
2001-09-20,,-2.214821299330632,-2.113682492692135,1.387365423316902
2001-09-21,,-2.326504416472985,-2.2458820782688282,1.4715502015968158
2001-09-24,,-2.7390259624771054,-2.257724409292892,1.447432170268009
2001-09-25,,-2.178232738686826,-2.071948141173256,1.4854787084585686
2001-09-26,,-2.1240160794082623,-2.0462947858062064,1.4686777043274346
2001-09-27,,-2.2216129647409186,-2.0435094244962273,1.5455992438012502
2001-09-28,,-2.1749528907083375,-2.1708509442696453,1.6273690038030066
2001-09-30,,-2.0090614384126573,-2.1878459883046584,1.4451185506075057
2001-10-01,,-1.959565243738798,-2.078787749088153,1.4318757689869934
2001-10-02,,-1.9377285284552028,-2.0907855636289283,1.4209414951109995
2001-10-03,,-1.8203126185745193,-2.00072232082362,1.324697004473557
2001-10-04,,-1.6648652594457818,-1.7599436718168482,1.278246534904979
2001-10-05,,-1.4833320829377956,-1.5687844676505618,1.2462335898313446
2001-10-08,,-1.3559092105225006,-1.487432633516541,1.19502692249868
2001-10-09,,-1.3271502835504119,-1.3920201953218878,1.1993407058743457
2001-10-10,,-1.2661896739223062,-1.283101487388404,1.125417548238118
2001-10-11,,-1.1700486740421392,-1.1513300944202463,0.9719810129641675
2001-10-12,,-0.02348960639045816,0.058415058752203736,0.9122049825597424
2001-10-15,,0.18402064867444096,0.34339259754657653,0.8261951726388154
2001-10-16,,0.2913106816175124,0.2920604853323362,0.800513076757405
2001-10-17,,0.2602808914431364,0.3996600322981379,0.7784842612258794
2001-10-18,,0.3522989956909314,0.48687507501559085,0.7661394942209755
2001-10-19,,0.5248266569882887,0.693089841516844,0.7417754939434827
2001-10-22,,0.9442953737079081,0.7470172607877246,0.7363403710094357
2001-10-23,,0.5189671631234672,0.7002803375826377,0.6976074386561611
2001-10-24,,0.4843856814966186,0.7443234532454293,0.7478787429074728
2001-10-25,,0.6291187892430873,0.8277007149228459,0.7761740942315523
2001-10-26,,0.5713667814551494,0.9990149801747324,0.9000040152276426
2001-10-29,,0.4436027063268342,0.89702304725026,0.9063573335167411
2001-10-30,,0.298099682832986,0.7570084840790224,0.9664523135463647
2001-10-31,,0.2280367442409123,0.9002056579841052,0.8277917663347989
2001-11-01,,0.2075489270995646,0.910088572311093,0.7590190513461288
2001-11-02,,0.21030079175122882,0.9695548974832924,0.6879130238658147
2001-11-05,,0.1661023232968369,0.9277204108587527,0.6850315408343942
2001-11-06,,0.1641530948559886,0.856853839480588,0.6909115992192965
2001-11-07,,0.06372080436408581,0.7572629529074112,0.6792711121574233
2001-11-08,,0.16224363383397286,0.840226621751002,0.5765003141337459
2001-11-09,,0.1701103106676935,0.7909364351910118,0.5199746999103849
2001-11-12,,0.11600558431484287,0.7324009527501505,0.5198247555757841
2001-11-13,,0.11497653455918797,0.6645958794158995,0.4828667028604598
2001-11-14,,0.2778563415744359,0.8206604526908663,0.3190822310800105
2001-11-15,,0.5346913935385496,1.2325346605719125,-0.06986807489172993
2001-11-16,,0.729051973452819,1.4463928600994391,-0.4888740399889328
2001-11-19,,0.66635978299351,1.3088765730235663,-0.36349599170259367
2001-11-20,,0.7676750918717937,1.3896905706720086,-0.515584002409802
2001-11-21,,0.9158721841341746,1.4459775736710643,-0.7540557385208794
2001-11-22,,0.9540738453323652,1.4604889123197948,-0.7621071391218724
2001-11-23,,1.1310046264002784,1.5191526087838734,-1.0588637614416958
2001-11-26,,1.1604880560677933,1.463846257038532,-1.0214852825925773
2001-11-27,,1.2609215562048506,1.4384423896557526,-1.045653851347977
2001-11-28,,1.3857777247820722,1.5290557340964315,-1.1193793930742977
2001-11-29,,1.360809357708283,1.2082991838214205,-0.7634581404129349
2001-11-30,,1.287397762856585,1.0880239082617134,-0.6674879825009432
2001-12-03,,1.22572664135256,0.9899095986175434,-0.6732161478912196
2001-12-04,,1.1750180417991996,0.9126325663369228,-0.5358312907953663
2001-12-05,,1.2876879961866126,1.1117236507866137,-0.9049286602032193
2001-12-06,,1.5529352491944617,1.2314548701715609,-1.096119956025297
2001-12-07,,1.464992891880122,1.1548959427522076,-1.2740473913024666
2001-12-10,,1.1894731860327497,0.9082674280705725,-0.9602805371661992
2001-12-11,,0.9909587175756085,0.8078954646372053,-0.7283530779314065
2001-12-12,,0.8505162897594495,0.6484609319248981,-0.5476616278037056
2001-12-13,,0.7468138343027323,0.5619149391698628,-0.7129604667761306
2001-12-14,,0.4628374609781089,0.1565441626340086,-0.7147599776339152
2001-12-17,,0.6235438258611078,0.09240596226077363,-0.9547977348155747
2001-12-18,,0.3110708426298606,0.03735468220117438,-0.7199899208215822
2001-12-19,,0.225486852209055,-0.13559491588297395,-0.5769443733434745
2001-12-20,,0.10316147614499806,-0.2081095545089497,-0.6777422185700411
2001-12-21,,0.17682237849013166,-0.17048028286730807,-0.7417444292338595
2001-12-24,,0.0005624171518087459,-0.23438317900996924,-0.7950011348824508
2001-12-25,,0.009130752512938134,-0.2147236185767061,-0.7918003065000055
2001-12-26,,-0.05596254989026603,-0.1670791498914594,-0.8590790657484855
2001-12-27,,-0.022603357679345744,-0.279036396664204,-0.6807038535199941
2001-12-28,,0.03881773713274749,-0.08883395627099513,-0.6900870339250798
2001-12-31,,0.34286875867244243,0.05381475392143037,-0.7898742034938748
2002-01-01,,0.3648452782007249,0.043584673833523144,-0.7868941257499195
2002-01-02,,0.547216534708859,0.2444567992821322,-1.0322950626159821
2002-01-03,,0.4818107232112614,0.1170624081560456,-1.2739545524359144
2002-01-04,,0.3459229106882103,0.02862301083200707,-1.5061818142775065
2002-01-07,,0.16844948937373397,-0.1476467997877953,-1.1788664598161096
2002-01-08,,0.3515407753088548,0.049287319940849214,-1.1888344192097446
2002-01-09,,0.5559228664924037,0.16704030724283736,-1.2028582065088538
2002-01-10,,0.523065117570791,0.23494520318411874,-1.022867957091042
2002-01-11,,0.34115559142561985,0.05351816786746521,-0.8356422667486385
2002-01-14,,0.3428702812252646,0.06284660161976446,-0.834246478372672
2002-01-15,,-0.09332520853134281,-0.2002967431451071,-0.6369858890979955
2002-01-16,,0.25816071019350784,-0.04719503508951533,-0.6073562291836626
2002-01-17,,0.3192123818964555,0.08541271733250887,-0.7111593992349401
2002-01-18,,0.20497957773131356,-0.018131724404113286,-0.5781757452581499
2002-01-21,,0.11073514703903783,-0.08034113510900638,-0.5550533429118876
2002-01-22,,0.1410684369242991,-0.08022269166127934,-0.6059145878784545
2002-01-23,,0.1329089431097868,-0.027878344981316385,-0.7246703190505205
2002-01-24,,0.19528016135316448,-0.02807764804541959,-0.829353464747552
2002-01-25,,0.21697299529543132,0.08792084176138963,-0.9225459928506521
2002-01-28,,0.2945516949621845,0.11884192258894245,-1.0196233005034316
2002-01-29,,-0.1541425551487225,-0.13865516196515584,-0.6216021077935626
2002-01-30,,-0.39688805084927076,-0.1704246950850065,-0.563155132637251
2002-01-31,,-0.3810838766156132,0.13275329966174523,-1.3476855158327883
2002-02-01,,-0.4497009774689439,0.12065977202160857,-1.447092987970729
2002-02-04,,-0.7815616866579376,-0.03339801276157682,-1.222518036427604
2002-02-05,,-1.0981042976147959,-0.03357534527460233,-0.7301879354455998
2002-02-06,,-1.2037609029343885,-0.08900916791596826,-0.6509762376688455
2002-02-07,,-1.1894167267134597,-0.09996807650858751,-0.6486718041017808
2002-02-08,,-1.0226346833402025,-0.12210412117174642,-0.5453091982530408
2002-02-11,,-0.9996364300695872,-0.031800968253159693,-0.4918463083607027
2002-02-12,,-0.9553244392004221,0.0358509894945086,-0.6291938216503947
2002-02-13,,-0.84369271903171,0.18297426533688493,-0.6962465681530524
2002-02-14,,-0.7327708976836437,0.12427608252124374,-0.7445323385562348
2002-02-15,,-0.9415513975685801,-0.0033009638406497066,-0.42627805120294227
2002-02-18,,-0.8717578834956988,0.05411709561768862,-0.4022452610902052
2002-02-19,,-0.9190401345706163,0.06500820953557601,-0.38257729132386953
2002-02-20,,-1.0484435664042089,-0.040988641675140644,-0.24264828077580067
2002-02-21,,-1.0334613607868466,-0.11168142804596218,-0.22194143731999602
2002-02-22,,-1.1748499825592833,-0.25327201306112285,-0.025863724187903597
2002-02-25,,-1.1005818814783837,-0.33527317976870336,0.050477449120459664
2002-02-26,,-1.038298804598063,-0.2977278892600729,-0.14401209150360814
2002-02-27,,-0.884210131142584,-0.1881584418743974,0.011850753980596134
2002-02-28,,-0.5765644319176803,-0.006120713178550986,-0.3065417844705883
2002-03-01,,-0.4909394904410496,-0.2495414238749885,-0.9885254542603038
2002-03-04,,-0.4928829892888598,-0.26061699161894075,-1.0780768565883843
2002-03-05,,-0.16397734772345388,-0.02592881358263287,-1.2420624708270247
2002-03-06,,0.35568092427010845,0.13447731874755547,-1.3207924380347218
2002-03-07,,0.7408542731475936,0.504888897015756,-1.8362975670861494
2002-03-08,,0.9216815427309453,0.7104180453211282,-2.060377859409502
2002-03-11,,0.8538302364599383,0.7890855219668689,-2.0250365051631065
2002-03-12,,0.9191300074146352,0.8045614813082121,-1.9639727213265143
2002-03-13,,0.7585079893292085,0.6714620202936741,-1.7947313036451966
2002-03-14,,0.8483241945900666,0.8128980468413517,-1.9879832600461749
2002-03-15,,0.8184162565215188,0.9018148802171112,-1.9938978211091747
2002-03-18,,0.9593873221612018,0.9391842571086036,-1.9018694392677877
2002-03-19,,0.9318023599834557,0.9631713210451612,-1.8331374237720435
2002-03-20,,1.102159823066136,1.071866681770908,-1.9572787363417121
2002-03-21,,1.208422295993786,1.1158492944940468,-1.9034642102509758
2002-03-22,,1.2684343287927615,1.1338261964097627,-1.9373760284622155
2002-03-25,,1.2686886176743544,1.2347963765169403,-1.892268086520145
2002-03-26,,1.0694942972716548,1.1643032906182293,-1.76099048781686
2002-03-27,,0.8644519596725688,1.072498112257444,-1.5917012381819238
2002-03-28,,0.8320590238209775,1.1500313575988852,-1.5493606574759335
2002-03-29,,0.7581597159351553,0.9878591205453725,-1.5261390603946543
2002-03-31,,0.5309421446654798,0.7704613027659725,-1.5330828865424344
2002-04-01,,0.5631260387958521,0.7725902305072959,-1.6058454364928896
2002-04-02,,0.41244691845418824,0.5827846895988493,-1.4994432609552908
2002-04-03,,0.2953848762540309,0.3950491286204625,-1.438375057130541
2002-04-04,,-0.04524236632751055,0.074258909403821,-1.342522210991536
2002-04-05,,-0.30305466741576176,-0.2093185127856152,-1.254312070948998
2002-04-08,,-0.290642749285039,-0.18402149786420624,-1.2699959092905015
2002-04-09,,-0.30577768763270297,-0.2208149075557926,-1.2139585671071074
2002-04-10,,-0.18729422820835936,-0.10779215770007713,-1.2462247278029888
2002-04-11,,-0.5228297713178377,-0.3337083544524663,-1.0803912114044785
2002-04-12,,-0.6145986219770828,-0.470872711675855,-0.9917579477374565
2002-04-15,,-0.5369661286339645,-0.4557239851502766,-1.0346831917137989
2002-04-16,,-0.5110461014648456,-0.40247339517020236,-1.0032549932401396
2002-04-17,,-0.4220805810317411,-0.43887341938825947,-1.2152774673342035
2002-04-18,,-0.29922169433926554,-0.39808538842948077,-1.2934326477301659
2002-04-19,,-0.4188838388641722,-0.4348986438923861,-1.2334914791340639
2002-04-22,,-0.7975375326792811,-0.5104923033683242,-0.8606007196884006
2002-04-23,,-0.9172097959119008,-0.40338126783083167,-0.8296330657847798
2002-04-24,,-0.8905602113175027,-0.4407083968871464,-0.7723772286212145
2002-04-25,,-1.0077806703729228,-0.4910704663107048,-0.7576114653965412
2002-04-26,,-0.9735668460117535,-0.5147970049319812,-0.7352229691792059
2002-04-29,,-1.3252578367490773,-0.48532621487822913,-0.7721770340301308
2002-04-30,,-1.1382456067114588,-0.1753468567215304,-0.9848826438315774
2002-05-01,,-1.3584495130893641,-0.10764765879043803,-1.0450680983919716
2002-05-02,,-1.3014433186484151,0.04114053844718832,-1.042149769033783
2002-05-03,,-1.1522460630519031,-0.05491943587840438,-0.9489977147131592
2002-05-06,,-1.1753605797220472,-0.0005199779231684583,-0.9468652494321308
2002-05-07,,-1.2703084063823062,-0.12488095754384435,-0.9121734228720509
2002-05-08,,-0.935965550581813,0.08259614483376217,-0.9266090367519288
2002-05-09,,-0.9515461046166411,0.011957991658636879,-0.9110548652006462
2002-05-10,,-0.8436190019745662,-0.07259926667967657,-0.8484290966102253
2002-05-13,,-0.7757941550843545,0.06771311388855708,-0.8443063856172538
2002-05-14,,-0.7851042034317561,0.1795635466660027,-0.8802324173757674
2002-05-15,,-0.7038694987556545,0.03580581182450647,-0.8327863555903323
2002-05-16,,-1.0330930495935684,-0.23632155290302997,-0.7469587540797249
2002-05-17,,-1.0965298888169308,-0.19245200683667688,-0.7584626005425763
2002-05-20,,-1.0764086273796456,-0.2640698534929165,-0.7066425584334833
2002-05-21,,-0.6769670379913868,-0.2630770665205797,-0.6670454172302464
2002-05-22,,-0.5060490201386055,-0.3349956040245039,-0.6128257521025754
2002-05-23,,-0.29172917241170876,-0.2162435977526926,-0.6469201328025668
2002-05-24,,-0.06883631738733195,-0.15656878099482685,-0.6515623017998908
2002-05-27,,-0.08951329885244129,-0.1265894206445333,-0.6438025476449214
2002-05-28,,0.3731924864527836,-0.21591253522460738,-0.664660254200431
2002-05-29,,0.07325015515650507,-0.783151630268901,-0.5748525926643512
2002-05-30,,0.3102735806469546,-0.8517693001176784,-0.4718931144653649
2002-05-31,,1.575601078306733,-0.9640708803457492,-1.0941739374551294
2002-06-03,,1.4988713160194882,-0.8358074503213028,-1.1067951551764466
2002-06-04,,1.5410542864184,-0.918905833779345,-1.020782206044649
2002-06-05,,1.585625381407164,-0.7607242935003953,-1.0452210974983966
2002-06-06,,1.2825372141970857,-1.0106249660674629,-0.999086792999582
2002-06-07,,1.095556458207895,-1.0906138499600098,-0.956180505109808
2002-06-10,,1.1341550574562924,-1.0640735218857396,-0.9077392610430317
2002-06-11,,0.9604569498092438,-1.2023087647410222,-0.8051638477328442
2002-06-12,,0.7626356116275658,-1.48345213405188,-0.5389476780391763
2002-06-13,,0.6536596784017819,-1.4745062001385543,-0.48225057766036394
2002-06-14,,0.5942453036404555,-1.4947084941328062,-0.1735371223530082
2002-06-17,,0.6181590613713258,-1.456014504233795,-0.2867992429092938
2002-06-18,,0.6134248280448541,-1.3466958532646776,-0.23181185172720875
2002-06-19,,0.43848128176172535,-1.4422699100113097,0.025479132544139513
2002-06-20,,0.3801932733422983,-1.333990442237201,0.04505210815610237
2002-06-21,,0.08353134546952008,-1.6543043470517693,0.42210557060683385
2002-06-24,,-0.16563115134276854,-1.7193772402165923,0.6792928808386138
2002-06-25,,-0.15239332409835657,-1.79315059580681,0.8051727037438208
2002-06-26,,-1.2911974403873616,-2.7647630985360174,1.5425838075926603
2002-06-27,,-1.2377501259393877,-2.6507045194994383,1.5728796526170283
2002-06-28,,-1.3140703008251156,-2.5709270468199743,1.6350610424846965
2002-06-30,,-2.0159010876163164,-1.8331638421401122,1.2225108937135327
2002-07-01,,-1.9080136333182478,-1.72881192450849,1.1710021212095656
2002-07-02,,-2.2677497879555997,-1.875899225559798,1.324977131947715
2002-07-03,,-2.3371596441550957,-1.9746750887461482,1.3823199393860246
2002-07-04,,-2.211095858200477,-1.8735399601052218,1.363159808731002
2002-07-05,,-1.9064791107041348,-1.6907067253674848,1.2854926104000206
2002-07-08,,-1.8376936065743772,-1.6074776491583274,1.3006507561151843
2002-07-09,,-1.5954259599095346,-1.4629148438317807,1.2889190435920852
2002-07-10,,-1.4645080872042324,-1.3800719727901753,1.3520495378045854
2002-07-11,,-1.681499711046794,-1.5177411764133926,1.4697177245700137
2002-07-12,,-1.5002902030692806,-1.3253006515851675,1.447955212383896
2002-07-15,,-1.6299118481630568,-1.2807827770120503,1.3289867457952063
2002-07-16,,-1.6134986678607297,-1.1950080370093188,1.232567340763482
2002-07-17,,-1.480300464411129,-1.1121723503137486,1.2579826838485073
2002-07-18,,-1.4466087398175513,-1.1921850878623261,1.2744170819512342
2002-07-19,,-1.5434702909037483,-1.0883679837905458,1.2026928248668771
2002-07-22,,-1.6103465411767202,-1.1470879944069898,1.1474352488417445
2002-07-23,,-1.9001372602140825,-1.2769150068291806,1.1589857420708112
2002-07-24,,-1.6263449766653053,-0.6841917294957589,1.0358436907483741
2002-07-25,,-1.6413170147323284,-0.6132233607336232,1.0064976966318693
2002-07-26,,-1.7173626177555212,-0.6719716831139263,0.9635961732773162
2002-07-29,,-1.845499501223308,-1.049995451903546,0.8805073344975417
2002-07-30,,-1.828119464369438,-1.0773735459735347,0.8854100888147005
2002-07-31,,-1.0515738997965522,-0.5078169190245649,0.9233251604829757
2002-08-01,,-0.8008693334672431,-0.22254472486689655,0.8419734622882594
2002-08-02,,-1.0662043993230124,-0.4597196724215409,0.8824235843188065
2002-08-05,,-1.4893040112757174,-0.6836865094641968,0.8045299265255522
2002-08-06,,-1.4334991324133277,-0.5355275188076726,0.7479559521450104
2002-08-07,,-1.454018815152117,-0.6288217622173881,0.7877980658744044
2002-08-08,,-1.3656654227679652,-0.49145023841384755,0.7612520448068546
2002-08-09,,-1.2763913053611051,-0.3440272777224169,0.7443648464767346
2002-08-12,,-1.279737706192191,-0.42969685487434134,0.7862672399636302
2002-08-13,,-1.25389602120496,-0.6694826621097858,0.8535474639318498
2002-08-14,,-1.1493666223110468,-0.7840208553609694,0.900991560381673
2002-08-15,,-0.9148183462124526,-0.4983111357222055,0.8227516420247217
2002-08-16,,-0.8004519924622437,-0.32629077014611735,0.7710976983316747
2002-08-19,,-0.5075295378554118,-0.1998772969431283,0.8045987302147316
2002-08-20,,-0.1445885884621023,-0.07369323115436156,0.8882012465418644
2002-08-21,,0.23703543633139956,0.24593805412584593,0.8722340705298826
2002-08-22,,0.9067521710684847,0.7921892008308246,0.7953241594481675
2002-08-23,,0.9754281676760316,0.8426465693563481,0.7642806753319499
2002-08-26,,1.2793724643749622,1.084790871804715,0.7146813048859809
2002-08-27,,1.347666475028442,1.061483729785707,0.6755031970405164
2002-08-28,,1.2310450180257475,0.9821833324240304,0.6817063732486272
2002-08-29,,0.7389958089584524,0.6197357183645116,0.6883180516402948
2002-08-30,,0.590591890421606,0.4317384943442957,0.6736917039622767
2002-08-31,,0.8361249474334376,0.5563199180931128,0.767307313399478
2002-09-02,,1.1886793437391783,0.7377250804622183,0.7520734273452079
2002-09-03,,0.9159704456086134,0.43024619778720813,0.79575387947886
2002-09-04,,0.8559308880526759,0.5329483608317451,0.7545371863469845
2002-09-05,,0.7998965486246065,0.40051843023327793,0.791533940648292
2002-09-06,,1.0265092240939409,0.6339149573012722,0.7062280536004887
2002-09-09,,1.0504979226812479,0.7237613112678901,0.6998916198965535
2002-09-10,,1.1542160086538718,0.8831335533966096,0.7172831675725433
2002-09-11,,1.1561287142519363,1.0628487294055733,0.6135999429450444
2002-09-12,,1.0054753478089566,0.7807856529810399,0.6970531072469237
2002-09-13,,0.9328663846272828,0.6558846080816224,0.7078092268037299
2002-09-16,,0.9232449041084805,0.6986701917283596,0.668721724557145
2002-09-17,,0.7966203973270288,0.7171658539205316,0.6579839427762383
2002-09-18,,0.6683408452236934,0.5798895323529503,0.7210417030444203
2002-09-19,,0.3010297249574114,0.09305175162790527,0.8080660948000464
2002-09-20,,0.1669168474064063,-0.06535887042119855,0.8360669841004151
2002-09-23,,-0.10499272169346323,-0.3944545340160761,0.927048247759855
2002-09-24,,-0.4416337519732605,-0.6966600364500086,0.9088045829499859
2002-09-25,,-0.3084507163673044,-0.543579200718135,0.8883664833573818
2002-09-26,,-0.21238300646546904,-0.48995862158972886,0.8987260960757617
2002-09-27,,-0.29409440803288156,-0.6584715749365742,0.953512772387274
2002-09-30,,-0.520512314814137,-0.5537550353314971,0.8452638322473157
2002-10-01,,-0.4270560131528276,-0.4125729701624221,0.801905699137426
2002-10-02,,-0.19906793701545158,-0.3719522297210822,0.8801887510317551
2002-10-03,,-0.2677807123862873,-0.557000040816732,0.9003794311207458
2002-10-04,,-0.4589273782131945,-0.5522670799229127,0.8538234476331842
2002-10-07,,-0.8033761338720152,-0.9109081591094744,0.8064864900243539
2002-10-08,,-1.173892253483478,-1.0989959263198747,0.6922584197139547
2002-10-09,,-1.6580616816994003,-1.4388643317974845,0.6173208059307403
2002-10-10,,-1.7682797008357014,-1.579274080171544,0.5886280754990953
2002-10-11,,-1.5033184493118068,-1.3421931924092216,0.6446285778965585
2002-10-14,,-1.469668180936974,-1.3180572157194343,0.6479452386646593
2002-10-15,,-1.1557751041642501,-0.9122248718387376,0.609370120937737
2002-10-16,,-1.2458438780958645,-0.9130469092572523,0.5705069720894621
2002-10-17,,-1.1430587518785262,-0.7327396034166083,0.5358237619680677
2002-10-18,,-0.9648374102833112,-0.5304810921948763,0.5371741964353179
2002-10-21,,-0.751343935320516,-0.268312152312604,0.4996416529561356
2002-10-22,,-0.5060940135486776,-0.006677890510364212,0.5027874600041926
2002-10-23,,-0.28166663848968265,0.15539946649967273,0.5059519972275737
2002-10-24,,-0.2569739597939139,0.06745303033706622,0.5520703170057897
2002-10-25,,-0.2951388100450067,0.004673733599127869,0.5940862500583162
2002-10-28,,-0.1329124136943517,0.1946065247706427,0.619778697091083
2002-10-29,,0.06269626197818685,0.07959455819932641,0.681554502062332
2002-10-30,,-0.024509916751935753,-0.009827578131413129,0.6483977560471813
2002-10-31,,0.25303117060795166,0.19613463330466646,0.7542128851804933
2002-11-01,,0.4666041393344738,0.5306076091528753,0.6901216914610265
2002-11-04,,0.9084413598019018,0.8366730907246641,0.649069002843368
2002-11-05,,1.2994302120783112,1.175455622474357,0.6271912953081816
2002-11-06,,1.803870038007187,1.4773668950223888,0.6073953144326268
2002-11-07,,2.241660879183881,1.7999086620412557,0.6343281987621894
2002-11-08,,2.1966144050241563,1.7490230749276892,0.6554600647421323
2002-11-11,,1.8710975371494154,1.5316023305676327,0.6684850765244664
2002-11-12,,1.7981747125135499,1.5654586697042832,0.6101287379080614
2002-11-13,,1.4619583187546583,1.151882436299125,0.5754655681967741
2002-11-14,,1.7287020317411377,1.3435670254101808,0.5036968004749468
2002-11-15,,1.8405017994607984,1.4076934275940283,0.4413080539884465
2002-11-18,,1.948647160771804,1.4923472744063586,0.48992911799709593
2002-11-19,,1.8992658929453037,1.44331663212446,0.43007450595131624
2002-11-20,,1.971621003213251,1.663795706170072,0.31056807289353233
2002-11-21,,2.0896370225816208,1.9136428384467277,0.2635758122724316
2002-11-22,,2.034316373417293,1.9754650789032078,0.16145629165238812
2002-11-25,,1.9704021059217292,1.997714145749566,0.1267697947189318
2002-11-26,,1.7528675136731595,1.7817930701736053,0.2230188813599032
2002-11-27,,1.8753519320056813,2.075401338511945,0.05995037857680427
2002-11-28,,1.8046454382146002,1.9613763022341741,0.057501424665999674
2002-11-29,,1.5342526029716772,1.8051472456267899,0.1139138679635106
2002-11-30,,1.5596382241833073,1.819820304959647,0.0016318225908542663
2002-12-02,,1.533895568182923,1.7632194973643847,-0.05516459758514843
2002-12-03,,1.34064882681888,1.612158730558265,-0.061280500402325015
2002-12-04,,1.1143784921517148,1.3521881041458337,0.003854828564443377
2002-12-05,,1.040455867737892,1.2699202448521627,0.06316316176691361
2002-12-06,,1.01441767249479,1.180928896223044,0.15959713468264916
2002-12-09,,0.943341220942624,1.1046561168037476,0.22473946211259344
2002-12-10,,0.9562150852278553,1.0892553922471542,0.1697618471526362
2002-12-11,,0.9410559416792642,0.9961611782209483,0.2541059021656537
2002-12-12,,0.7825771723393201,0.8465441534406432,0.2267639046226012
2002-12-13,,0.6441019105224761,0.7488091524737526,0.13283380615699525
2002-12-16,,0.5989103116551877,0.7709318287987081,0.033765570171322666
2002-12-17,,0.5924682298096503,0.6543361096904462,0.08292971780029931
2002-12-18,,0.43310698321745317,0.3895496089769792,0.12146242746459568
2002-12-19,,0.19916273409012014,0.055234620401165245,0.24196064949010015
2002-12-20,,0.14734172582093777,-0.016073409127333353,0.17848971576181794
2002-12-23,,0.13188472139245944,-0.056867305012711346,0.1914340644967725
2002-12-24,,0.22551406012983644,0.06592591071241587,0.20435327220878743
2002-12-25,,0.08684271337096364,-0.1402449729774601,0.20087597850198635
2002-12-26,,0.08245896094950275,-0.15000284719733809,0.21719583364947578
2002-12-27,,0.08742655871257307,-0.1701487836702168,0.34263839760631104
2002-12-30,,-0.052637652220758176,-0.37814619915296815,0.36622323120157607
2002-12-31,,-0.10557213024644431,-0.30265257193113004,-0.010579032285804727
2003-01-01,,-0.03897360903300932,-0.30106649388508294,-0.012929007322639869
2003-01-02,,0.18721727249795914,0.11400111418059755,-0.2602590680196989
2003-01-03,,0.28623577487448876,0.28354713477821925,-0.323116068139559
2003-01-06,,0.4397793767650157,0.5696061056433875,-0.4662227727361835
2003-01-07,,0.6036841709513543,0.8095483980141087,-0.7352185362924756
2003-01-08,,0.6439139579414493,0.8540719883000586,-0.9089844967780071
2003-01-09,,0.7529532210121,1.1294792113425374,-1.3155062019531054
2003-01-10,,0.7850564971783137,1.1130733179286947,-1.3958251311645904
2003-01-13,,0.7634520121949487,1.0238849035572455,-1.49639905583885
2003-01-14,,0.6312074820843876,0.8529976643719329,-1.356516579552526
2003-01-15,,0.5377367232449595,0.8643788982529633,-1.2820447426324038
2003-01-16,,0.4956736911332877,0.8649532778208694,-1.184372523865356
2003-01-17,,0.46985302748872915,0.8339005771743357,-0.9496550641095386
2003-01-20,,0.44655608963005494,0.771769324982972,-0.9249743602152206
2003-01-21,,0.44264449239939563,0.7635042916697592,-0.8940707711309168
2003-01-22,,0.3586521300457165,0.6493871714790103,-0.6677578210501856
2003-01-23,,0.42452674573893023,0.7174727087611631,-0.8159518046845472
2003-01-24,,0.3913642652706609,0.6674954186525477,-0.6920996556895644
2003-01-27,,0.3778327434301747,0.6715274165823045,-0.5167493074042262
2003-01-28,,0.44036680191828154,0.7288790726005643,-0.6093369268549959
2003-01-29,,0.29368374460067653,0.4853081530426014,-0.6188891553147949
2003-01-30,,0.31592359463781733,0.4702500706303133,-0.6172038190301222
2003-01-31,,0.1700130515037602,0.15126339843728007,-0.5304265548303444
2003-02-03,,0.16860677230871046,0.1499025987580966,-0.7751446829457622
2003-02-04,,0.017124848986018744,-0.10438999813780785,-0.5628751349469708
2003-02-05,,-0.02358816537056645,-0.21479944834992754,-0.8442261725370841
2003-02-06,,-0.14878336661423713,-0.43610507600874715,-0.4315107421078626
2003-02-07,,-0.30226330414686575,-0.7339922354402013,-0.421392575322126
2003-02-10,,-0.3559299181004212,-0.7174660958279875,-0.5646848189582684
2003-02-11,,-0.37712960058997125,-0.7345700425731982,-0.5650142032656088
2003-02-12,,-0.4120893573929176,-0.8296647511424339,-0.3255961696680311
2003-02-13,,-0.5330465924270082,-1.0346187399349145,0.04311878045889333
2003-02-14,,-0.44295200987695243,-0.9126715943392315,-0.037376610626771514
2003-02-17,,-0.332452933863891,-0.7365175058478372,-0.08755074611790714
2003-02-18,,-0.3029118369761807,-0.69721342879206,-0.14961801753841722
2003-02-19,,-0.26923925684305244,-0.6469675345770783,-0.25287883607399675
2003-02-20,,-0.15137210674797372,-0.4948255614506764,-0.34671561236110787
2003-02-21,,-0.17332096194057794,-0.469043861287263,-0.5120353540050712
2003-02-24,,-0.11585980706688805,-0.3974216821074295,-0.5541224005859618
2003-02-25,,-0.1140071203512321,-0.3490853747628179,-0.3396709090258405
2003-02-26,,-0.14238706082641053,-0.38211036869901777,-0.48262956505984184
2003-02-27,,-0.11304342690302444,-0.34508591659535964,-0.5528382263756594
2003-02-28,,-0.11554114112854148,-0.3081376928458506,-0.6223139164264322
2003-03-03,,-0.010136455523014825,-0.15330690543476358,-0.8652898042287371
2003-03-04,,-0.16713698824834497,-0.271310563385944,-0.7648605561602184
2003-03-05,,-0.19282435268172393,-0.21043654911174597,-0.46946737831410174
2003-03-06,,-0.2704205567504321,-0.24546884025752277,-0.476907498816777
2003-03-07,,-0.26148361511841467,-0.13592103041874884,-0.33937629995065166
2003-03-10,,-0.3095058728085318,-0.1354394932705262,-0.2494013364191088
2003-03-11,,-0.3529003181069221,-0.1227798603775334,-0.3589029695048626
2003-03-12,,-0.38707003325579853,-0.08563103583289615,-0.3843445681305678
2003-03-13,,-0.1358723218756704,0.2714843447840479,-0.8446300367212167
2003-03-14,,0.030987810237869194,0.4914997117017323,-0.8316999388697981
2003-03-17,,0.07485992581922181,0.5616653318590693,-1.1467422122045536
2003-03-18,,0.14943356954337372,0.6682318316587712,-1.452861549372522
2003-03-19,,0.1525786885196596,0.6744668668439093,-1.564849605729545
2003-03-20,,0.1385863620199184,0.6806155909705565,-1.6137299780566101
2003-03-21,,0.283944732334082,0.8355701247666255,-2.001853879960464
2003-03-24,,0.14814915778498447,0.5653601502010953,-1.7680169202592062
2003-03-25,,0.12935103746968846,0.5604746895191651,-1.7556296598113323
2003-03-26,,0.2788607083023033,0.6309344485829546,-1.868664352802495
2003-03-27,,0.28131428713951984,0.6377415769625063,-1.941263134657872
2003-03-28,,0.28229821060006116,0.5940256806394795,-1.955987771669756
2003-03-31,,0.26705470529934316,0.6013578737524353,-1.9612446169493465
2003-04-01,,0.23880688511950765,0.6212937318815835,-2.1453095303612146
2003-04-02,,0.5101083479794518,0.9573953995203206,-2.3625905993753205
2003-04-03,,0.6643975367125404,1.0336343279002895,-2.3294562626670805
2003-04-04,,0.6638277774911038,1.0825793424395425,-2.3675424144919384
2003-04-07,,0.8951136944151835,1.2665267468256731,-2.4386204564818517
2003-04-08,,0.8376460257188869,1.1715311739164256,-2.2525861702828824
2003-04-09,,0.7920800230715851,0.9678866340095695,-2.091428405455741
2003-04-10,,0.8110166654335327,0.9803316482159447,-2.0854172902400387
2003-04-11,,0.6686749322741333,0.8557252860326752,-2.11224605248344
2003-04-14,,0.6739319958445787,0.970013441489245,-2.1948855152171145
2003-04-15,,0.7373064557302652,0.8580162280929804,-2.2013898415197626
2003-04-16,,0.6946217649926734,0.7106021580217112,-2.3044859790366283
2003-04-17,,0.7481430764400563,0.7656270293960681,-2.3860720634884953
2003-04-18,,0.7208335781775909,0.7070100458239504,-2.3231185317441962
2003-04-21,,0.6099381402229096,0.5736764106848707,-2.344144200387582
2003-04-22,,0.7831675312495504,0.7948578406410165,-2.404542843322299
2003-04-23,,0.9153429132648356,0.9612569453136259,-2.486414510675647
2003-04-24,,0.8675094474956077,0.9484946046838783,-2.3952703074868475
2003-04-25,,0.815715927327197,0.9234778138361037,-2.3404716438995767
2003-04-28,,0.8207773924341614,0.9489217090616162,-2.2923821668674145
2003-04-29,,0.8767435094029481,1.0109642826996372,-2.2584752659821996
2003-04-30,,0.8293108704827382,0.9966705666796059,-2.288589254473495
2003-05-01,,0.6954007978986737,0.7585156706967667,-2.2636732640680273
2003-05-02,,0.7355103739398478,0.8246546953513615,-2.25529757870446
2003-05-05,,0.7717731855301126,0.7394392135243848,-2.1670881995775333
2003-05-06,,0.6001527568336315,0.4540424363611374,-1.9813052222384644
2003-05-07,,0.63973484570051,0.42419014918710024,-1.8192588848236122
2003-05-08,,0.6193186261539642,0.43270305471981824,-1.7391933330678764
2003-05-09,,0.6264602500766862,0.4156290141494055,-1.7257242674660467
2003-05-12,,0.5478766269187791,0.32174233336241936,-1.7163367359793946
2003-05-13,,0.46005721250689185,0.20248100992406226,-1.7476012997407864
2003-05-14,,0.2159590127056521,0.018643836403688337,-1.6880487872099954
2003-05-15,,0.1441992928190487,0.0829306245144228,-1.7233954396408935
2003-05-16,,0.004223902390543784,-0.1282509063016469,-1.6404081196062443
2003-05-19,,-0.030988255172384023,-0.1678374750427965,-1.6097807647468783
2003-05-20,,-0.20990826092063267,-0.379597154159776,-1.5382158677592048
2003-05-21,,-0.35253197487833093,-0.49767018146007647,-1.5121117341596382
2003-05-22,,-0.5179173586130115,-0.774857009599676,-1.4371725671075528
2003-05-23,,-0.5306952310566284,-0.8094040265216872,-1.3790815143673625
2003-05-26,,-0.5330016221846012,-0.8168726275284315,-1.3625817748781712
2003-05-27,,-0.536539290016742,-0.8777373179513744,-1.3098009478321417
2003-05-28,,-0.6057291520540075,-1.0045212024934607,-1.2690431780183558
2003-05-29,,-0.6295343717256947,-1.1154840698899489,-1.2628950413584787
2003-05-30,,-0.6705502609544894,-1.1174800521182902,-1.2951695044853082
2003-05-31,,-0.793243079838659,-1.2255992407406329,-1.295506614648917
2003-06-02,,-0.723850971029141,-1.0523347739338031,-1.3440735376600494
2003-06-03,,-0.7736296165024116,-1.0289346668747419,-1.2880354078573941
2003-06-04,,-0.7030143776009181,-0.8053346318243914,-1.3156481305077083
2003-06-05,,-0.525357596042893,-0.5162329757368209,-1.3596516930717366
2003-06-06,,-0.4387335193141383,-0.404774717913673,-1.3896828294076007
2003-06-09,,-0.4119106918901449,-0.4438231091225739,-1.3325585271582654
2003-06-10,,-0.3863808935202362,-0.5375552880476924,-1.2613019148885587
2003-06-11,,-0.22962659253708856,-0.3003845811071604,-1.296412960825778
2003-06-12,,-0.2355945673916295,-0.36846685637547316,-1.300571685111754
2003-06-13,,-0.17948273609428722,-0.22752624244705896,-1.3012724292500493
2003-06-16,,0.005062237905268965,0.02538583848404313,-1.374497787562488
2003-06-17,,0.2873170310034063,0.41830677754719425,-1.435471567727973
2003-06-18,,0.3997704540845228,0.5973688693749396,-1.4873521154269262
2003-06-19,,0.3592988818269397,0.6056690290215472,-1.4415214320522176
2003-06-20,,0.30884980060833184,0.6420757823044413,-1.4570578944799601
2003-06-23,,0.20525544366305293,0.4373667609618474,-1.3164282829610319
2003-06-24,,0.09861084607561127,0.33360592111379567,-1.2595642916475527
2003-06-25,,0.20473775242828063,0.5451587449447701,-1.3368680042010634
2003-06-26,,0.2380737729659684,0.6829609064284228,-1.4342647296354096
2003-06-27,,0.2229528972097582,0.5899134546130267,-1.4005281201301123
2003-06-30,,0.15126725438940564,0.41125310073159305,-1.292199632787783
2003-07-01,,-0.026332900577274502,0.18989142993603464,-1.2826302307892994
2003-07-02,,0.02464852562608426,0.2608893619754028,-1.235259694621034
2003-07-03,,0.1086250040571226,0.30234504128661266,-1.2720687852460588
2003-07-04,,0.013887815208071074,0.12285980938645896,-1.2431736900635122
2003-07-07,,-0.03325750915603214,0.062121847144039045,-1.2658049576020096
2003-07-08,,0.03188658645242586,0.22469331055048497,-1.2977605455579628
2003-07-09,,0.09580756151850724,0.32698827364544886,-1.2626994498467048
2003-07-10,,0.005241665930773251,0.15890433802642406,-1.2216008797494915
2003-07-11,,-0.08413928868129551,0.05148103583864944,-1.2040669925288587
2003-07-14,,0.04021103740680195,0.18693912694175013,-1.232325385132173
2003-07-15,,0.052553045525611616,0.27633405682077156,-1.3699380899101714
2003-07-16,,-0.14191988651265572,-0.03253783476534208,-1.3163593114091856
2003-07-17,,-0.22100188803226573,-0.17173617783184503,-1.309355626601885
2003-07-18,,-0.12426846345577289,-0.10953820083698061,-1.254046740903285
2003-07-21,,0.017193221559006353,0.12378382474816568,-1.3495237844127426
2003-07-22,,0.13230097817102437,0.23160732944455634,-1.2530523990137634
2003-07-23,,0.14337231638935463,0.26065823869519195,-1.2124474818551039
2003-07-24,,0.06579198753684047,0.06882874351719148,-1.177779234466008
2003-07-25,,-0.030821873116863418,-0.1704167134301473,-1.1393968256616005
2003-07-28,,-0.004610022213937832,-0.042561185002888705,-1.192427952748884
2003-07-29,,0.07193744965303135,0.14927251410202394,-1.193526936678174
2003-07-30,,-0.07038677425004483,-0.1424967275707332,-1.0561301085138721
2003-07-31,,-0.04674771921243619,0.16528023380426207,-1.2420180010686555
2003-08-01,,-0.208346741527538,-0.11326179537098596,-1.141296446233796
2003-08-04,,-0.2789404096198673,-0.22793300898640928,-1.0635653612825327
2003-08-05,,-0.3164417318984501,-0.26025222015432486,-1.0920825252659099
2003-08-06,,-0.6417058901426774,-0.8197534899295215,-0.8956419524886627
2003-08-07,,-0.7481309102960507,-0.961587946917924,-0.8156826903421909
2003-08-08,,-0.6588890634577917,-0.8712840141240099,-0.8012869959550606
2003-08-11,,-0.5368377925975784,-0.6993781342113906,-0.8424766956248269
2003-08-12,,-0.7694327981203964,-0.9598325677935934,-0.8196609283158627
2003-08-13,,-0.8622055122524747,-1.0672533099246806,-0.9441990824563724
2003-08-14,,-0.9079595894155044,-1.1230295379977702,-0.8730685964114415
2003-08-15,,-0.8881853718191403,-1.1446302754374147,-0.8403723535130373
2003-08-18,,-0.9124541782411515,-1.08344638512754,-0.8592621656761034
2003-08-19,,-0.9463000354035884,-1.2372835078485815,-0.8859177199260796
2003-08-20,,-0.8023036060867375,-0.8278209553688556,-1.0239503732822077
2003-08-21,,-0.5155764342154461,-0.38819000150162714,-1.1504250004072132
2003-08-22,,-0.5857078434251147,-0.4368160642273574,-1.131228320527807
2003-08-25,,-0.4999243466902844,-0.23206498402455333,-1.1845929486332558
2003-08-26,,-0.5396891349689263,-0.40108127368865526,-1.1468226126567806
2003-08-27,,-0.48126613082792924,-0.262779207106701,-1.2087756386725925
2003-08-28,,-0.29413662007048014,-0.0044850803907649575,-1.1578866822480711
2003-08-29,,-0.19465482438028486,-0.16032257291836538,-1.1706988151292443
2003-08-31,,-0.1718255601389717,-0.038623331192842905,-1.151353613539565
2003-09-01,,-0.121848924519393,0.08300145504257049,-1.139284715969563
2003-09-02,,0.1511451332006834,0.4841087205643615,-1.253629674253403
2003-09-03,,0.43834408445235123,0.9849349889258239,-1.2621637311526879
2003-09-04,,0.40658958848058563,0.9729189455537064,-1.2178752357661102
2003-09-05,,0.21123746756361875,0.6308262268510125,-1.0844705011137818
2003-09-08,,0.19564490650617183,0.6598036841001947,-1.137177408075464
2003-09-09,,0.3209156030910885,0.7584873391627501,-1.1215261916048234
2003-09-10,,0.15821716886714687,0.3633407826708898,-1.049822248761072
2003-09-11,,0.27975493410885854,0.5902869542271675,-1.0703549179782201
2003-09-12,,0.2405841291564823,0.4960000366242206,-0.9944802779399952
2003-09-15,,0.21628339395948057,0.43799096308729807,-0.9750555872474437
2003-09-16,,0.16334009699897528,0.3802987395250078,-0.9841381450480504
2003-09-17,,0.049213022316804925,0.03432964946149953,-0.9151900284664262
2003-09-18,,-0.06303880738520307,-0.16622258590468134,-0.9344829916620653
2003-09-19,,0.01858506505414658,-0.038296557581573645,-0.9498246884115857
2003-09-22,,-0.09468216087249043,-0.2405125379510602,-0.9463354618208386
2003-09-23,,-0.18416594935354477,-0.31351766424612315,-0.9115147834349117
2003-09-24,,-0.2754206367027957,-0.5342707084552593,-0.8853681420249915
2003-09-25,,-0.21390132656449637,-0.4572129938398019,-0.8501227572952027
2003-09-26,,-0.4188180998910952,-0.7342515045522964,-0.7896386785216346
2003-09-29,,-0.3247656667537564,-0.5800973907451176,-0.8319537761661151
2003-09-30,,-0.4090950358759121,-0.7828113415781673,-0.7227011461973069
2003-10-01,,-0.6999604923760644,-1.187615733482634,-0.7606113508961176
2003-10-02,,-0.6102009326606643,-1.0449300902481056,-0.8350060958488814
2003-10-03,,-0.3330346901552399,-0.5293867888394228,-0.9765735088382543
2003-10-06,,-0.25242721545752916,-0.3373121861698165,-0.9114783128566164
2003-10-07,,-0.1498692813241078,-0.24073660959572474,-0.98827544408901
2003-10-08,,-0.16466305714056176,-0.20169296495850284,-1.0056703333535015
2003-10-09,,0.05828431471555887,0.10682254287427072,-1.0349950687817215
2003-10-10,,-0.02260515831151152,-0.010556189717121302,-1.024941968104908
2003-10-13,,0.03388172545149734,0.12498709611707445,-1.0198229295732006
2003-10-14,,0.14747986965622384,0.3968695746538154,-1.1149935480306834
2003-10-15,,0.2917439064626436,0.5889187622439939,-1.1946501192921777
2003-10-16,,0.40419879490709404,0.8568237974089232,-1.2321650137373383
2003-10-17,,0.2767854301572583,0.5541944618632223,-1.1218288339637772
2003-10-20,,0.22452828882736525,0.4309529451662291,-1.0857151981266207
2003-10-21,,0.17404924017221055,0.46674696068980565,-1.145850699508647
2003-10-22,,0.04813184715447839,0.3234029715726472,-1.0753212064925994
2003-10-23,,0.055574160075961276,0.34050595416652557,-1.0488328641460982
2003-10-24,,-0.029370518488995516,0.21692215428836747,-0.9684567479967513
2003-10-27,,0.14801569891944658,0.5575567243112399,-1.0593554648642363
2003-10-28,,0.07719621675937519,0.30978633249761406,-0.9504397146917735
2003-10-29,,0.2562507521469583,0.732841288123875,-1.0525584428437849
2003-10-30,,0.35557472212823155,0.8062841143859328,-1.0831525513807063
2003-10-31,,0.15477266123534705,0.4930030987775094,-1.0497510046274758
2003-11-03,,0.0660859866516251,0.283731514964772,-1.1104528016007051
2003-11-04,,0.06562041405088205,0.3634072214131702,-1.0911129836917726
2003-11-05,,-0.09175702193630753,0.23599211176945326,-1.1618079621370572
2003-11-06,,-0.06550275892058496,0.29601971564997065,-1.1953831287354741
2003-11-07,,-0.136273403245587,0.20968134875428002,-1.185172119657555
2003-11-10,,-0.11841732315390606,0.24950015634926806,-1.1874525164903753
2003-11-11,,-0.16271866088988296,0.22595191905538944,-1.1737375299372614
2003-11-12,,-0.14753410561193106,-0.1581959314082923,-1.0182286910473228
2003-11-13,,-0.47194980903064226,-0.7539466781790405,-0.8594122741703566
2003-11-14,,-0.694951596556345,-1.1089307747601918,-0.8052425726126051
2003-11-17,,-0.6716823365596227,-0.9714619806479989,-0.7735825425250623
2003-11-18,,-0.6941709794593509,-0.9420885289814874,-0.7799240956358466
2003-11-19,,-0.5084271939318802,-0.7640818469723779,-0.8518165411395102
2003-11-20,,-0.4148652520673295,-0.7161003188346938,-0.7526792280460015
2003-11-21,,-0.3944096008769472,-0.6685065686238908,-0.7566500164499803
2003-11-24,,-0.21632434014048843,-0.34003766104776245,-0.8178421655516942
2003-11-25,,-0.21632489615909428,-0.4257870709510659,-0.8335234480985938
2003-11-26,,-0.08387971318857466,-0.11756960433878283,-0.8625930896130107
2003-11-27,,-0.17868392763752178,-0.3376463821740557,-0.8549892312515667
2003-11-28,,-0.2531239549286465,-0.3363623098740834,-0.9291110763815609
2003-11-30,,-0.22359247719199402,-0.2684557095270587,-0.9258926094710412
2003-12-01,,-0.11845479612997842,-0.2006270845470664,-0.9663663140401668
2003-12-02,,0.0059769435519053515,-0.08793902806886397,-0.9490420474760172
2003-12-03,,0.1776069694723607,-0.04303278696593691,-0.956729693088198
2003-12-04,,0.1654967363327739,-0.15700362178216398,-0.9305650094883865
2003-12-05,,-0.11884054089107134,-0.5441640814213771,-0.8292317666299144
2003-12-08,,-0.0010473542851700088,-0.3583951493136967,-0.8880022102193539
2003-12-09,,0.13654730796385434,-0.12687119372319453,-0.9458808039873065
2003-12-10,,-0.04095692888313498,-0.08060332408234794,-0.9094793688038996
2003-12-11,,-0.18901485713797697,-0.05762248572142702,-0.8550608826256447
2003-12-12,,-0.08849725841456865,0.0822706072432121,-0.8324548266252219
2003-12-15,,0.02208331537904301,0.24547417882157338,-0.8419085150844606
2003-12-16,,-0.10975342419006115,0.1251659816406449,-0.8433268576376619
2003-12-17,,-0.18210906434261356,-0.13748924304267518,-0.7849195230180724
2003-12-18,,0.01241008213108561,0.12505489428687222,-0.754766782287777
2003-12-19,,0.0930749826377982,0.12354035463815251,-0.7039062298618062
2003-12-22,,0.019795719105667693,0.049713360097080384,-0.7477489602390358
2003-12-23,,0.09215418253011086,0.21822392353026307,-0.832618616505578
2003-12-24,,-0.1597784167191104,-0.17353330714362294,-0.7648086359310038
2003-12-25,,-0.1595266769565854,-0.1733137498520985,-0.7582997726110356
2003-12-26,,-0.24484034747900052,-0.4681507052584637,-0.6920565434147964
2003-12-29,,-0.07476018746886814,-0.26841065227253236,-0.7231071726904457
2003-12-30,,-0.26597480310998955,-0.4165439936987873,-0.7950198276077675
2003-12-31,,-0.2550018667627884,-0.4894722586607268,-0.7212788442248066
2004-01-01,,-0.4259789344983847,-0.6869356714805678,-0.7152553994284292
2004-01-02,,-0.32615347522112487,-0.4569993010076449,-0.7816343296351265
2004-01-05,,0.06680032018722923,0.15152812660401435,-0.8230477261506584
2004-01-06,,-0.09849193498231981,-0.1295893366004858,-0.80502043585305
2004-01-07,,-0.18632545927984415,-0.23175685036713167,-0.8599136358355672
2004-01-08,,-0.05327043168506178,-0.02580839461065164,-0.8746749920905262
2004-01-09,,0.023182477260149388,-0.05223490984908395,-0.7483372594503549
2004-01-12,,-0.06604571052397798,-0.05270374723889506,-0.7804853862209687
2004-01-13,,-0.24624009125835677,-0.36602970804361773,-0.6940121093643095
2004-01-14,,-0.14407972532018948,-0.23363879366089216,-0.7255447278315188
2004-01-15,,-0.041254692616431984,0.004021527651474065,-0.7587776484016475
2004-01-16,,0.00417859651059534,0.10914152178556015,-0.7702145267875369
2004-01-19,,-0.08734078273257811,0.1077274405876632,-0.7744164941273581
2004-01-20,,-0.09912478269691934,0.07956827506431227,-0.8108781525728155
2004-01-21,,-0.2732042458539162,-0.21750530093314474,-0.8145027290072325
2004-01-22,,-0.09814200040182343,-0.027802035667863774,-0.7565913726258663
2004-01-23,,0.07752104245899359,0.2703759751103791,-0.8387589878065117
2004-01-26,,0.10065578644615227,0.43138327558272216,-0.8632382062138603
2004-01-27,,-0.20826500943688694,-0.06550187346054942,-0.7539678137652039
2004-01-28,,-0.08965930655019315,-0.010792940320575494,-0.7950862643825511
2004-01-29,,-0.3991854150930051,-0.28861572122835677,-0.7177471248330071
2004-01-30,,-0.5772685815810474,-0.5934576211028518,-0.6070969308583822
2004-01-31,,-0.8136196338981796,-0.9234913186715656,-0.6031876702993363
2004-02-02,,-1.0467953372027112,-1.247547685454325,-0.5863583395064699
2004-02-03,,-1.2040483700934637,-1.5071394423585769,-0.4910513056498367
2004-02-04,,-1.2982285167240932,-1.728650379358095,-0.4501577460564978
2004-02-05,,-1.4124709179763992,-1.884936993394989,-0.42333480158348513
2004-02-06,,-1.3236127579773742,-1.7958247089927664,-0.27497998624339837
2004-02-09,,-1.1549213888039862,-1.6324468920127886,-0.3175227059008127
2004-02-10,,-1.0831989277510365,-1.3704901413260313,-0.3667729993495168
2004-02-11,,-1.16743061350994,-1.5627764835877793,-0.29980629600573344
2004-02-12,,-1.0840927377693697,-1.383038000663262,-0.4241977455664931
2004-02-13,,-1.2853627837230321,-1.6247517627928771,-0.36896056942239697
2004-02-16,,-1.2116718683661083,-1.5732445232444237,-0.3684924883051385
2004-02-17,,-1.221734137642888,-1.6003812806671598,-0.3922702384659661
2004-02-18,,-1.243180503004026,-1.6514346706381366,-0.36120891939914573
2004-02-19,,-1.263743683593933,-1.599167638302914,-0.3448565587279863
2004-02-20,,-1.4463944756779876,-1.7986829936099613,-0.38968994732682066
2004-02-23,,-1.5070126559770063,-2.0343734175140673,-0.25558675078820137
2004-02-24,,-1.48458548534786,-1.892174417674437,-0.19480184485606694
2004-02-25,,-1.610946358925094,-1.973200265090993,-0.2506159933394811
2004-02-26,,-1.2783388551429589,-1.5739451028325175,-0.27119956414738183
2004-02-27,,-1.1143556766240146,-1.3336287150868757,-0.24103375837250618
2004-02-29,,-1.0799284143617232,-1.268629584655082,-0.26940665253716145
2004-03-01,,-0.9541968764580672,-1.1089524637565715,-0.30610345391139165
2004-03-02,,-0.6914728434288494,-0.6605361957810326,-0.40644056627509695
2004-03-03,,-0.6984080729536001,-0.5825738103888678,-0.4301283592468436
2004-03-04,,-0.6467881912469102,-0.5788805995975058,-0.36833352240165806
2004-03-05,,-0.6777045038655375,-0.5505093754453614,-0.2284457359687905
2004-03-08,,-0.8139429814867611,-0.7452906465430963,-0.19849023393746698
2004-03-09,,-0.9367274762365769,-0.9130890301869318,-0.1867752423770968
2004-03-10,,-0.8110493539892771,-0.6569519849327083,-0.2548955257925291
2004-03-11,,-1.0870776322345088,-1.0503409958176473,-0.2324795753037133
2004-03-12,,-0.9351153653140097,-0.8413245158413675,-0.2561488236123097
2004-03-15,,-1.0211701074059403,-0.934147515035861,-0.22657296189742293
2004-03-16,,-1.222665549256804,-1.2731397127312376,-0.106821619059282
2004-03-17,,-1.1031446878219955,-1.1341284373514784,-0.11277227405358582
2004-03-18,,-1.033094381826582,-0.9979901796623297,-0.16281474049731978
2004-03-19,,-0.9168272626220024,-0.9636202438874255,-0.16860834002664582
2004-03-22,,-1.0152453523554215,-0.979602089259838,-0.0768795436041939
2004-03-23,,-0.839844206880782,-0.8205894074327743,-0.048269137774197536
2004-03-24,,-0.880366157340392,-0.9140774727614323,-0.04505114314032488
2004-03-25,,-0.9323767592410651,-0.9309984205048012,-0.08804402750856795
2004-03-26,,-0.7215393208312382,-0.5952936434555094,-0.2094528844316134
2004-03-29,,-0.47579775342804453,-0.3881642965619207,-0.2745808636609212
2004-03-30,,-0.5695410692961956,-0.48801650827042353,-0.29038391755778536
2004-03-31,,-0.7953419937653012,-0.8680584156625345,-0.18565354955677124
2004-04-01,,-0.6315632419154513,-0.6305850742654024,-0.3297918871635231
2004-04-02,,-0.3590017214795023,-0.16204853097014013,-0.5281869659932792
2004-04-05,,-0.062015279458532094,0.25437302870312334,-0.5645952446667659
2004-04-06,,-0.024495418331496103,0.2267841953219438,-0.4963724040770933
2004-04-07,,0.14973084904487513,0.38272124310996114,-0.5131961525880169
2004-04-08,,0.27396226349032743,0.4329614232708834,-0.5578940764298456
2004-04-09,,0.3726911367927322,0.5358005226183407,-0.5530378420833258
2004-04-12,,0.3954889260069018,0.5851016361615433,-0.6106313392555238
2004-04-13,,0.5445512787948597,0.7931116700734121,-0.6694901138910484
2004-04-14,,0.730348503895853,1.077293112445129,-0.6482619690276251
2004-04-15,,0.8135262773457714,1.0393869452333984,-0.5600117567820734
2004-04-16,,0.7433451879984027,0.8964523334550694,-0.5394373682236944
2004-04-19,,0.416780768981164,0.8616779934021179,-0.7192993183263465
2004-04-20,,0.618844011318135,1.171698664184258,-0.7594923712659922
2004-04-21,,0.7428512011300853,1.2105419698637705,-0.7138370423117827
2004-04-22,,0.8399931803529417,1.1957634786951563,-0.6420393676470071
2004-04-23,,1.2560425590673903,1.4164950331079877,-0.5648702712123171
2004-04-26,,0.8822969842705939,1.0827712522254234,-0.6821365026464157
2004-04-27,,0.6294696571122045,0.7812908739781155,-0.6314905519468461
2004-04-28,,0.6111278058132502,0.8539835916233786,-0.7288798165259567
2004-04-29,,0.6839889218894954,1.004832734617242,-0.7273651559175103
2004-04-30,,0.4052079396117066,0.5431425236514942,-0.6308970910856919
2004-05-03,,0.06083266846243963,0.05607830925933522,-0.5893569097155117
2004-05-04,,-0.1781504594541809,-0.21469680326632407,-0.5272093989900865
2004-05-05,,-0.2853764832932977,-0.10510808266861664,-0.5805232067955538
2004-05-06,,-0.5781176790773103,-0.37768974945505585,-0.5025070142391509
2004-05-07,,-0.5744113538823133,-0.37568533554545985,-0.5533546677203963
2004-05-10,,-1.0250979665563262,-0.9765186631701982,-0.2764966365322889
2004-05-11,,-1.1078778025319505,-1.1579695667018817,-0.21479359291873734
2004-05-12,,-1.427168310191949,-1.4957792740092246,-0.14458878037837458
2004-05-13,,-1.472447913276776,-1.6066835176592251,-0.02985745712797436
2004-05-14,,-1.7748946899225724,-1.920784961165678,0.14767940856094605
2004-05-17,,-1.8814273847982967,-2.0593466422097584,0.2546062835010174
2004-05-18,,-1.4349908086245244,-1.808469250149388,0.11461134804244641
2004-05-19,,-1.2233460968132894,-1.4938199846985465,-0.10619852893969996
2004-05-20,,-1.4648523054510718,-1.674086552109219,0.023424989787330958
2004-05-21,,-1.3693390833578964,-1.3925220587467886,-0.12681990753150008
2004-05-24,,-1.717654075389613,-1.5995672607254694,-0.15899731930141128
2004-05-25,,-1.5615890421684,-1.5230820087392625,-0.19540589643120965
2004-05-26,,-1.5000352035930968,-1.4245907149845844,-0.1927535533898899
2004-05-27,,-1.5250576019275932,-1.601871340617307,-0.11245705709824423
2004-05-28,,-1.228788579129367,-1.3286943380223595,-0.22266281375897745
2004-05-31,,-1.1648765008985957,-1.212032291854786,-0.16787121816332096
2004-06-01,,-1.1406448243265226,-1.0734306375450495,-0.2379692058101422
2004-06-02,,-0.9912923205315304,-0.8875999779777377,-0.278273345095834
2004-06-03,,-0.9171721596041941,-0.9545069982292119,-0.23077517071033463
2004-06-04,,-0.6079084212374729,-0.5435313578956538,-0.4081283308120772
2004-06-07,,-0.6660122885271779,-0.6661811011459201,-0.39406998918519487
2004-06-08,,-0.10207674135157033,0.051368048018542466,-0.4674783716190494
2004-06-09,,1.0430004354919901e-05,0.2561799671585139,-0.5494745858044265
2004-06-10,,0.18126324579795447,0.40918377101768394,-0.523396419423113
2004-06-11,,0.2699684807213881,0.5873626671487922,-0.5396300784570012
2004-06-14,,0.4739409883158178,0.995534120952921,-0.6248996091546472
2004-06-15,,0.5253275933721943,0.8831530157680088,-0.3754224590736102
2004-06-16,,0.42991495446756683,0.7980432690721102,-0.5006090812808611
2004-06-17,,0.17866063517579323,0.4018265377183339,-0.47200496988824014
2004-06-18,,0.38851510057271005,0.7129137469608038,-0.5499650073504638
2004-06-21,,0.2811846891417628,0.49806378125295747,-0.544418456732569
2004-06-22,,0.2928653330785593,0.5212250818897329,-0.5923462590030079
2004-06-23,,0.33261841068214615,0.4913966058568135,-0.5863762856125573
2004-06-24,,0.2358706865902129,0.4085381564547455,-0.5422763961481015
2004-06-25,,0.30162603105253094,0.5395237319287555,-0.5563912138801065
2004-06-28,,0.20248249619400605,0.5627238728868704,-0.7346709955794158
2004-06-29,,0.2436388474185516,0.5320519556106185,-0.626381935589167
2004-06-30,,-0.04511923753412997,0.0685819158246103,-0.36673630466085927
2004-07-01,,-0.1132259133684477,-0.06798612681233163,-0.30697187905032075
2004-07-02,,-0.19670114722849893,-0.12238652996525928,-0.23475565317861963
2004-07-05,,-0.27680648741325514,-0.3967608017432307,-0.20380704584752238
2004-07-06,,-0.26290747292387995,-0.2562611323217828,-0.30067243677485356
2004-07-07,,-0.3885503464441104,-0.39360214167747487,-0.3161556092743243
2004-07-08,,-0.48578938851024983,-0.47478330406913855,-0.35519458775223284
2004-07-09,,-0.4404091648224586,-0.3878104804399725,-0.38746841353868705
2004-07-12,,-0.3934919690653015,-0.41357176480849644,-0.38284764488332934
2004-07-13,,-0.31828809701052885,-0.38276605114344026,-0.49607279241777336
2004-07-14,,-0.14660539731189148,0.07439831105947774,-0.5769710986512343
2004-07-15,,-0.12959560898907013,-0.011752661209896362,-0.6468259228169109
2004-07-16,,-0.17037131831452823,-0.21285285051354938,-0.4458728763139909
2004-07-19,,-0.10950092291733264,-0.2116375614249598,-0.5063676266416676
2004-07-20,,0.06640508485453346,0.1380682277808066,-0.7603135193638099
2004-07-21,,-0.0236401153453542,0.0789658911948652,-0.7894808372636486
2004-07-22,,-0.1266686771582019,-0.126898026586651,-0.6410039124672596
2004-07-23,,-0.0795834509905066,-0.1556770287621883,-0.544062104855882
2004-07-26,,-0.09393475978543472,-0.18444388266870257,-0.5383857818062459
2004-07-27,,-0.12147104581128661,-0.3621200451490259,-0.5873150830116934
2004-07-28,,-0.16767694101160516,-0.33001398062230514,-0.5011989996110359
2004-07-29,,0.2629165167031101,0.1535048739789698,-0.5314569994818268
2004-07-30,,0.23114522376951502,0.09219642961984949,-0.4000453259386456
2004-07-31,,0.2452884993617017,0.12217014815669283,-0.3364443909249843
2004-08-02,,-0.024784169395545574,0.09097075768518026,-0.33349249050037977
2004-08-03,,-0.053594302900315784,-0.09397853856704234,-0.2926680915063376
2004-08-04,,-0.148312893894881,-0.15524537831730462,-0.27114991073362826
2004-08-05,,-0.09861564988426717,-0.18541784214350152,-0.2963711307437138
2004-08-06,,-0.4137218897310751,-0.6827672983919547,0.01345241628402148
2004-08-09,,-0.42868531900882806,-0.5841330816563923,-0.05622599386548664
2004-08-10,,-0.5226297942092171,-0.6426613643267673,-0.13832992231740318
2004-08-11,,-0.5665828304691192,-0.732080153478552,-0.15818756545365759
2004-08-12,,-0.7867550529675242,-1.0395973257897952,-0.019065425927809534
2004-08-13,,-0.7663248586099737,-0.8725302257601749,0.05438598477297211
2004-08-16,,-0.8257700779550075,-0.8648037030593902,-0.04314352035044261
2004-08-17,,-0.9756580525619744,-1.2953004953694598,0.0131915101504549
2004-08-18,,-0.918299712365814,-1.1854146705119601,-0.1054156659510109
2004-08-19,,-0.7158460011917734,-0.9217676431299017,-0.1197027617608551
2004-08-20,,-0.5654575178230086,-0.6298570926908179,-0.2336510294270741
2004-08-23,,-0.46437371540123995,-0.4348282076812586,-0.3922142041136931
2004-08-24,,-0.4937040556050816,-0.4957497999104129,-0.3987853898067105
2004-08-25,,-0.30842226263335676,-0.26793484823601427,-0.47654677790626276
2004-08-26,,-0.37208304348061033,-0.3951902294092455,-0.3967410074326353
2004-08-27,,-0.18579154247436774,-0.16580781460041832,-0.44187854110781755
2004-08-30,,-0.08262745103674052,-0.09952329375370066,-0.4053781649287492
2004-08-31,,0.09412091744564993,-0.2953660168508468,-0.15108067503474587
2004-09-01,,-0.04497666088700604,-0.293476468977391,-0.14138831876271005
2004-09-02,,0.24694071235384613,0.006222128981071982,-0.3480777884264596
2004-09-03,,0.46827368544482184,0.3058010994212801,-0.591622026088984
2004-09-06,,0.7731011681527246,0.7706792635172282,-0.585466212185721
2004-09-07,,0.718752547389381,0.5313232236481634,-0.42991763325853627
2004-09-08,,0.5942897884385677,0.29278872993009875,-0.34004075070371104
2004-09-09,,0.6224244047615348,0.4939873897196339,-0.5716467962852942
2004-09-10,,0.8094608882859126,0.7278450683751533,-0.554693160023008
2004-09-13,,0.9598561622825055,0.8915758679815681,-0.5476275535281432
2004-09-14,,0.9708211375183294,0.7824190967058621,-0.5098614767250598
2004-09-15,,0.976888561918279,0.9460179891241411,-0.5772265286469703
2004-09-16,,0.6207462851177238,0.39192065649282576,-0.3330815291724875
2004-09-17,,0.7727421936545821,0.6987164692218185,-0.5455379899037552
2004-09-20,,0.5929086780622451,0.34911627369725695,-0.4117888140652626
2004-09-21,,0.6089311896678257,0.24306106196631164,-0.4284033732513317
2004-09-22,,0.4067071277711983,0.13708492596552205,-0.42751892857568935
2004-09-23,,0.5281104058104756,0.38200207133092545,-0.6777434967190964
2004-09-24,,0.46918911320161877,0.41504480412306954,-0.6470181858780396
2004-09-27,,0.26769415943880287,0.16483401216553942,-0.5120299452681266
2004-09-28,,0.2842676246851666,0.19964659416463323,-0.506546683223021
2004-09-29,,0.4244994994849868,0.6273525190919655,-0.6074388673825794
2004-09-30,,0.4426207702494212,0.5156889237072161,-0.49326990240102064
2004-10-01,,0.3854924061605222,0.40446516840440233,-0.5761424684025045
2004-10-04,,0.20049336482827812,0.039778033059861474,-0.5031446787416659
2004-10-05,,0.19950537901861418,0.039645607498538724,-0.49773544359548133
2004-10-06,,0.34377805116422794,0.4788500516342429,-0.689276543876378
2004-10-07,,0.47165334573334866,0.7323547887681303,-0.777113504917243
2004-10-08,,0.2851140110406413,0.21157283094046578,-0.5997586850074801
2004-10-11,,0.18728887042265266,0.17337594539086087,-0.593291839869647
2004-10-12,,0.05179970762126684,0.060593823036990624,-0.5609418383933119
2004-10-13,,-0.08368344060785321,-0.052183904832955014,-0.5048224979809212
2004-10-14,,-0.197432033007528,-0.2779836092414932,-0.41239958889331696
2004-10-15,,0.18942508152766183,0.3297395575394026,-0.5473103762284037
2004-10-18,,-0.14144555869530295,-0.16698198259755995,-0.46114598148490893
2004-10-19,,-0.1432618546869648,-0.012907225586121304,-0.4787456000034519
2004-10-20,,-0.6384743764124077,-0.3589281623858212,-0.4395672229055506
2004-10-21,,-0.31696001898089576,-0.047594327068369816,-0.5611981187487495
2004-10-22,,-0.5108187869856751,-0.43565478513077793,-0.5546260120747916
2004-10-25,,-0.5297543883499032,-0.31596210694342874,-0.6571295657246621
2004-10-26,,-0.26671005662828345,0.03898334475959704,-0.7114877887565516
2004-10-27,,0.11820927352982044,0.4723866996951853,-0.8927699283787648
2004-10-28,,0.09770731724621337,0.42998295083188365,-0.9555199702353355
2004-10-29,,0.30093657178890204,0.6653472781156595,-0.9475885119226
2004-10-31,,-0.11005886894889326,0.18250915545310603,-0.802760376204121
2004-11-01,,-0.05122303825627487,0.46224760769522477,-0.9698886011257299
2004-11-02,,-0.009991511152502599,0.5398333901684891,-1.0072264383168839
2004-11-03,,0.01354992711969338,0.4152159231113518,-1.0777397523463523
2004-11-04,,0.14020684592862528,0.4939036499799791,-1.1582743992035398
2004-11-05,,0.7446441832124773,1.3389129946811824,-1.3494661777945423
2004-11-08,,0.7594317638857543,1.3615731422140882,-1.349810735031481
2004-11-09,,0.753386945273465,1.3437447843239472,-1.2983021808491597
2004-11-10,,0.9160072064718935,1.4844291626013597,-1.2641993299798875
2004-11-11,,0.9696106129966522,1.5802461499070928,-1.2419109180166996
2004-11-12,,0.8601643238864728,1.2028133805483276,-1.049231357757139
2004-11-15,,0.9771893919792825,1.4242645309176274,-1.1128161293931764
2004-11-16,,1.115967270718181,1.5209283513100011,-1.1498224916690694
2004-11-17,,1.381407073095559,1.5364050425771336,-0.9953618036726828
2004-11-18,,1.1959127251107418,1.358675076083766,-1.0331978907540689
2004-11-19,,1.4307910543850277,1.6470392171806292,-1.163428182913072
2004-11-22,,1.3941638944892023,1.4290678737818194,-1.0702716095989007
2004-11-23,,1.2705232966687932,1.3706947546454005,-1.1276744388883313
2004-11-24,,0.9868960581538226,1.0081721163265573,-1.0961191924890834
2004-11-25,,1.0461997125984352,0.8054085028701732,-0.8892507934862512
2004-11-26,,0.860931354537892,0.9532642891438194,-1.1625288787781574
2004-11-29,,1.2294051644464519,1.3285321134388857,-1.1518088526102694
2004-11-30,,0.7982631293719205,0.8502575943163391,-1.12942348251206
2004-12-01,,0.7917435516708277,0.8427634777556309,-1.1586834395234726
2004-12-02,,0.7232612769671489,0.7187860635134575,-1.1324678166558608
2004-12-03,,0.3599176159888209,0.20381411733622884,-0.9382495292526644
2004-12-06,,-0.04501764842709003,-0.38974941684549147,-0.8359448277880499
2004-12-07,,-0.0026435126072247364,-0.30841367875489656,-0.9037628272218602
2004-12-08,,-0.08762721990959922,-0.46611391490824833,-0.7571816748740827
2004-12-09,,-0.20179610596818573,-0.34351049159643154,-0.9353791889051645
2004-12-10,,-0.17933985234472102,-0.30153537588755486,-0.9471868675029
2004-12-13,,-0.1393205517237713,-0.05741444229038458,-0.9830056047641602
2004-12-14,,-0.20366014568512442,-0.17931570050118797,-0.9667118934436798
2004-12-15,,-0.1550503919581498,-0.2602728267623146,-0.9030217072986705
2004-12-16,,0.1522913341811121,0.3160119437649146,-1.1092190567397688
2004-12-17,,0.10734597593902444,0.2314610337514622,-1.0889068423174644
2004-12-20,,0.04438636810620976,-0.0605001454976799,-0.9798557727505746
2004-12-21,,0.06630835775777534,-0.018677491371414338,-0.9110455829774836
2004-12-22,,-0.050117925786758506,-0.060744710841746916,-1.0096329280906529
2004-12-23,,-0.09491409350086176,-0.14496949109198323,-0.933901405455439
2004-12-24,,-0.23845349650557665,-0.05963626318452043,-0.9184727621918093
2004-12-27,,-0.047079319738053314,-0.05953976675743268,-1.0476711391683171
2004-12-28,,-0.21101482746791064,-0.18795149697260258,-1.0286110330883365
2004-12-29,,0.26193566198144075,0.1573437977656533,-1.0278812609765737
2004-12-30,,0.14504819551901038,-0.06017772157896217,-0.9363168464591372
2004-12-31,,-0.5451048795046963,-0.624874517759867,-0.8017616958998949
2005-01-03,,-0.2859513781857383,-0.14122220445693331,-0.8843365036842189
2005-01-04,,-0.14836300369699662,0.2983286559435771,-1.0888337343745578
2005-01-05,,-0.4809930295805015,-0.14478127279757438,-0.9367941506292358
2005-01-06,,-0.5765901914298718,-0.14421842768251264,-0.8298712122063431
2005-01-07,,-0.544802946656218,-0.2773761861260526,-0.8605423331410974
2005-01-10,,-0.6362172815289906,-0.45502004458936035,-0.7732986336391399
2005-01-11,,-0.8930182906243344,-0.9445359131330623,-0.5348570634012244
2005-01-12,,-1.0082710764893885,-0.9808436664124541,-0.5404668834783193
2005-01-13,,-1.1921822864760576,-1.1499916785036075,-0.42892712135817695
2005-01-14,,-1.441350381528976,-1.4470780397020089,-0.5161379277356452
2005-01-17,,-1.300484993215601,-1.383257578329545,-0.4878154896066572
2005-01-18,,-1.668702089900538,-1.539742325488067,-0.4453434835929829
2005-01-19,,-1.6910841527707532,-1.4298608923798513,-0.48608936863195756
2005-01-20,,-2.191145427893908,-1.8825389687425431,-0.42623731014978017
2005-01-21,,-2.31537532055635,-2.0129548342981476,-0.331055427738087
2005-01-24,,-1.9830582093726268,-1.9687580408703378,-0.20486700724135634
2005-01-25,,-1.8075179264056114,-1.8447415151803572,-0.3332381933881311
2005-01-26,,-1.6405042446752087,-1.7271261970476228,-0.33261599673708353
2005-01-27,,-1.591976749402377,-1.6556978295881266,-0.38722301252634894
2005-01-28,,-1.6773755078571864,-1.6683359268469848,-0.3141591016835199
2005-01-31,,-1.188488181713666,-1.2751214177116823,-0.24879185780175575
2005-02-01,,-1.1963406371358831,-1.300206530329219,-0.32917502320206377
2005-02-02,,-1.1565813986728948,-1.405509551364374,-0.45152565267209255
2005-02-03,,-0.7945484343631213,-0.8981157828612453,-0.5776419385878125
2005-02-04,,-0.5832814354070885,-0.8490783565513075,-0.42657455287306456
2005-02-07,,-0.4869772804415085,-0.841816476760775,-0.4399416707647381
2005-02-08,,-0.35172867209261627,-0.586485546851639,-0.5177904039911609
2005-02-09,,-0.5133124042276125,-0.5407460644096065,-0.3337552066663208
2005-02-10,,-0.26104026093530436,-0.24390729388861357,-0.50123219784088
2005-02-11,,0.013403182575542042,0.0949539567749482,-0.5770468560805546
2005-02-14,,0.08570941749367374,0.0521578245069725,-0.5912434655095546
2005-02-15,,0.080730935658164,0.22247717662403804,-0.7104586972871169
2005-02-16,,0.4981957040204734,0.6487606180589134,-0.8538615303094481
2005-02-17,,0.5909436961053928,0.6442849231538427,-0.8370516446782248
2005-02-18,,1.4016407806961064,1.2792600276070516,-0.9450475482159405
2005-02-21,,1.472167339456885,1.432108383455925,-0.9260129933597173
2005-02-22,,1.286586728073086,1.4540963138467975,-0.8951244875620261
2005-02-23,,0.9762860983248136,1.0564532647264564,-0.851208192268251
2005-02-24,,1.0346410591392707,1.1722273210108254,-0.9116597214147499
2005-02-25,,0.9074801148979401,1.1172006007031636,-0.9640446989200561
2005-02-28,,1.034419467837289,1.3568541624159267,-1.0301072142974628
2005-03-01,,1.3028397579218962,1.5051805371743814,-0.975092323525696
2005-03-02,,1.153227007505114,1.2342549928988193,-0.8826618453710068
2005-03-03,,0.9342456820212846,1.0112003765291961,-0.8904004939436251
2005-03-04,,0.745823259701805,0.6651233687455707,-0.7969712870836924
2005-03-07,,0.8253995361134177,0.9976892029538186,-0.8832517899539384
2005-03-08,,0.8133011402998778,1.1559317223520094,-1.0050577785505654
2005-03-09,,0.8519849558942505,1.2267082968762526,-1.0967400444733948
2005-03-10,,1.0596585032057058,1.2538794346030513,-0.9112244431841838
2005-03-11,,1.0263991523745852,1.1970247173068307,-1.0071218903204169
2005-03-14,,0.6413700595006389,0.8484760863905113,-0.9174542391367303
2005-03-15,,0.516550410671568,0.7990502496292281,-0.9290065219914867
2005-03-16,,-0.4677486401674202,0.07021287504365696,-0.7366472095921178
2005-03-17,,-1.268877091740766,-0.699988428654708,-0.5766914942647462
2005-03-18,,-1.208040173609241,-0.6094702443214378,-0.6125084822133271
2005-03-21,,-2.120847972613257,-1.2873954487372927,-0.4074315299983163
2005-03-22,,-2.162129386460465,-1.2717452848731063,-0.3944993930027503
2005-03-23,,-2.539751633866576,-1.757113299855604,-0.10493182615459996
2005-03-24,,-2.332797540790879,-1.6430623331898935,-0.12946626337260414
2005-03-25,,-2.454658489796899,-1.8195182396045892,-0.11684019557746005
2005-03-28,,-2.460206591670288,-1.9449619618304408,-0.07579610561486447
2005-03-29,,-2.677303490261291,-2.3335620643548345,0.20617531124307695
2005-03-30,,-3.0,-2.7171788717105905,0.45269260291728247
2005-03-31,,-3.0,-3.0,0.775610635918192
2005-04-01,,-3.0,-3.0,0.8765331278239152
2005-04-04,,-3.0,-2.9183227449667433,0.8579129393444977
2005-04-05,,-3.0,-2.7337214830813004,0.7419554308816703
2005-04-06,,-2.9842744005384176,-2.662476934785363,0.6861038071673332
2005-04-07,,-2.768758183690274,-2.504836432151206,0.5958103688181021
2005-04-08,,-2.5967878080473787,-2.148495857936499,0.5381662038490131
2005-04-11,,-3.0,-2.4803031837493466,0.4618951798810605
2005-04-12,,-2.9674225715125484,-2.5992805432138892,0.6800521578914571
2005-04-13,,-2.9258222644306953,-2.5893931775597676,0.6798535924558817
2005-04-14,,-2.7227708102440493,-2.5503167317005166,0.8075190771405879
2005-04-15,,-2.749764361705087,-2.538977314963074,0.9814765756493044
2005-04-18,,-2.950617462726626,-2.728848201910547,1.1012306177119335
2005-04-19,,-2.456091532992826,-2.420670011359619,1.1726332312314525
2005-04-20,,-2.0766739951990054,-2.1913895965879044,1.1323965702915857
2005-04-21,,-1.535608321100302,-1.557760883195443,0.9603433109968895
2005-04-22,,-1.4695572943446662,-1.6538351471697084,1.1461446235607486
2005-04-25,,-1.5592552732213283,-1.6701886243382378,1.1195759658953772
2005-04-26,,-1.6089292759659128,-1.7093788939835484,1.1945015943120143
2005-04-27,,-1.518323189276421,-1.745560108984238,1.5047760595950195
2005-04-28,,-1.5118198588677565,-1.755035230967899,1.7137070195940685
2005-04-29,,-1.2783166418593788,-1.360589210477303,1.6367143035006178
2005-04-30,,-1.223928160897086,-1.3623337059872496,1.6857139492751338
2005-05-02,,-1.0044164530419422,-1.19755046310313,1.6179463897798017
2005-05-03,,-1.05924440918167,-1.227931067028016,1.4836081563722368
2005-05-04,,-1.042396274075989,-1.3043291278406635,1.500427225484923
2005-05-05,,-1.3870652946706161,-1.4709489798801894,1.3713938885187995
2005-05-06,,-1.50129411935192,-1.3513083149890357,1.11222534688252
2005-05-09,,-0.9640123217000967,-1.0960859548754094,1.114101798619482
2005-05-10,,-0.9203793963195492,-1.0111225611981185,1.2908640150650779
2005-05-11,,-0.9833948145993149,-1.1616265152324146,1.4457736245018913
2005-05-12,,-0.7846230169760482,-0.9351828289168133,1.497417002665115
2005-05-13,,-0.6524443093836719,-0.8536734043477037,1.6422925336647156
2005-05-16,,-0.5181844116160272,-0.8674182937901396,1.7615403934678562
2005-05-17,,-0.7157344841003256,-0.9979003081264763,1.8131664340439
2005-05-18,,-0.9349821403259434,-1.0783835106797504,1.7529117544404362
2005-05-19,,-0.9833970800053196,-0.9937380152975673,1.5519689723268622
2005-05-20,,-0.8997366645254722,-0.7236593284944333,1.437905240959165
2005-05-23,,-0.6401767278096314,-0.5746389441215387,1.3874762956313125
2005-05-24,,-0.626141543433747,-0.45056424767842446,1.319765394828176
2005-05-25,,-0.21966439812568375,0.12656725074654107,1.109758160168832
2005-05-26,,0.29443146458259434,0.6304135323777632,1.0315926289879267
2005-05-27,,0.6205726935863497,0.7227457810597927,1.0184065938506806
2005-05-30,,0.7082618625334409,0.8142174330296235,1.0161153655351225
2005-05-31,,1.4532235449883462,0.4945907273136445,1.803956027789762
2005-06-01,,1.4361755316621272,0.3948914366554863,1.7764950146720424
2005-06-02,,1.6359214434562597,0.6860265625311668,1.4138355336161326
2005-06-03,,1.992874568870332,0.9498043940100175,1.1286909504769076
2005-06-06,,2.0118878429051326,0.5755075218438274,1.3500773967755986
2005-06-07,,1.8580582708405937,0.5231098008578225,1.3375292527527836
2005-06-08,,1.8680604731972563,0.7426258043244498,1.3165048792317653
2005-06-09,,1.9416890060200824,0.9104248005458451,1.412686175188808
2005-06-10,,2.1296553573040575,1.2714337840680037,1.1400337737678323
2005-06-13,,2.3705955829609353,1.5958358093474836,1.032582805824916
2005-06-14,,2.51668832596137,1.926554691326536,0.8929074768788539
2005-06-15,,2.662199107512772,2.1861085480745484,0.765931238028239
2005-06-16,,2.4678881051730475,1.9714592453878081,0.8901210819511329
2005-06-17,,2.203131215873702,1.6333947492927745,0.8392195635455788
2005-06-20,,2.011044685815016,1.446751165505125,0.8364180765154069
2005-06-21,,1.849090991902805,1.3122197187561033,0.857447096061784
2005-06-22,,1.696815902881102,1.089540553938955,1.1361172082294317
2005-06-23,,1.4728343413098368,0.8477118459079038,1.0789269938305321
2005-06-24,,1.1514359259826423,0.5149346624352489,1.2039211650705948
2005-06-27,,0.89000106648548,0.3241811820352752,1.267541809811419
2005-06-28,,1.0414441131413485,0.5587105061968926,0.9706457782364803
2005-06-29,,0.4930302489792243,0.9326448608497445,0.8474551412088713
2005-06-30,,0.4181368777471606,0.8305192554703335,0.9789478330082992
2005-07-01,,0.3161052961385882,0.753186600524996,0.6704676379921488
2005-07-04,,0.1873781999552287,0.5099833946419129,0.6697808320150497
2005-07-05,,0.3417255495038634,0.8174131333253245,0.5556445766675633
2005-07-06,,0.22953787537240536,0.7156472210009096,0.7099929881184738
2005-07-07,,0.22886625724096835,0.6146993891100329,0.7787043230700944
2005-07-08,,0.43164563799380623,0.9472673135206731,0.5205713898431754
2005-07-11,,0.4670141096883991,0.8429671785444477,0.3521945736687295
2005-07-12,,0.5014686374890288,0.9325224359306495,0.21376127879362197
2005-07-13,,0.44204880748762965,0.8762802514151439,0.1614072989725768
2005-07-14,,0.47743606916961384,0.8690833237476868,0.039202537064466865
2005-07-15,,0.5878127253608896,1.0550194333204261,-0.009155022743300796
2005-07-18,,0.6314911252041268,1.0686761976759063,-0.062329368244828175
2005-07-19,,0.5988347161615433,0.9856839484504109,-0.0012725874008677814
2005-07-20,,0.6043311298106709,1.0006923442056321,0.0029040587516268013
2005-07-21,,0.8962997463248469,1.3513933381464829,-0.12541748812186274
2005-07-22,,0.8795061446566893,1.2142107438922005,-0.042789405769239855
2005-07-25,,0.9859164045335174,1.3902594929640224,-0.10110069143066172
2005-07-26,,1.052413575806121,1.4652400734909614,-0.10675575715446446
2005-07-27,,0.9464520932144967,1.3023825435271916,-0.17244759570534265
2005-07-28,,0.9100090589849535,1.1205461099806233,-0.12065522021602194
2005-07-29,,1.0921993019074183,1.390607555436252,-0.2796882296123392
2005-07-31,,0.7842466846713113,1.0190009339362514,-0.17563826516728182
2005-08-01,,0.8262954041241666,1.0325179824419628,-0.1929805179326918
2005-08-02,,0.7423594862868935,0.9275306807772337,-0.1878977374281253
2005-08-03,,0.7852449750682285,0.9427826482114025,-0.1099523440692144
2005-08-04,,0.817165256478906,1.0288145393981738,-0.12828550761064642
2005-08-05,,0.6847667769682171,0.8047169551639862,-0.17538400019621747
2005-08-08,,0.4839852543108968,0.6068310239709663,-0.11563715645406211
2005-08-09,,0.3537607821201353,0.38590996572817515,-0.06301563212388035
2005-08-10,,0.3322281511759342,0.3352258867405006,-0.08157004309347454
2005-08-11,,0.15167991850705068,0.08953328730782772,0.03558645434448182
2005-08-12,,0.0314032318259822,-0.10707654849241084,0.14583267838343558
2005-08-15,,0.05119706500565772,-0.05709060706059723,0.03977249429723885
2005-08-16,,0.041015616786710014,-0.08147391590460167,0.135064234887737
2005-08-17,,0.08105748587810885,0.018740982648137637,0.04556915408063886
2005-08-18,,-0.07168602055317205,-0.2567472810782788,0.14402960319336153
2005-08-19,,-0.020465650750416172,-0.129375913545079,0.08762079653848466
2005-08-22,,-0.050880119099190414,-0.20445923319167372,0.09116004828345399
2005-08-23,,-0.11301427240265224,-0.2540451065652725,0.12029060112012499
2005-08-24,,-0.17512094483704171,-0.30355337355812345,0.07103972219895145
2005-08-25,,-0.1957601998868334,-0.2503562409939949,0.07474773382546666
2005-08-26,,-0.2788181847783456,-0.3519261989356787,-0.024065185043294062
2005-08-29,,-0.12770270221684474,-0.29790775240019435,0.04070426411315957
2005-08-30,,-0.3820774234093933,-0.6077439577410275,0.3576396032311729
2005-08-31,,-0.4825404999714702,-1.0687749367505919,0.7302856723823397
2005-09-01,,-0.4893975070460752,-1.0824927495158452,0.8276779276676299
2005-09-02,,-0.5397101273823851,-1.0958303647301275,0.846187959921184
2005-09-05,,-0.5566325600972652,-1.1343846755414766,0.8433222807143274
2005-09-06,,-0.4232780063945213,-0.9155393018502664,0.7076570969937936
2005-09-07,,-0.3667747483168417,-0.7774597149050145,0.6385377304266786
2005-09-08,,-0.35348862777268014,-0.7447077570248423,0.591390206418543
2005-09-09,,-0.2971228098599064,-0.6082070535439843,0.5914525474549558
2005-09-12,,-0.10780991740314025,-0.367754490167805,0.4607298020301433
2005-09-13,,-0.2393760084995134,-0.5758226436698192,0.5339599777119572
2005-09-14,,-0.18300095807208291,-0.4394569805341537,0.5098744825592102
2005-09-15,,-0.203798194355326,-0.4894303515586615,0.45997811187337256
2005-09-16,,-0.19290732143923142,-0.35264947759554893,0.4751673900022799
2005-09-19,,-0.3376543086525785,-0.5910048398769234,0.6615787162369391
2005-09-20,,-0.37997213136281094,-0.6934978268371184,0.7560834334532497
2005-09-21,,-0.5242486312882829,-0.9283404803726042,1.0183597845579515
2005-09-22,,-0.6560984723301143,-1.1316480331067504,1.1721807093661616
2005-09-23,,-0.5385137440074137,-0.8518411663819895,0.8811721423049312
2005-09-26,,-0.46502877804792236,-0.7901219854571808,0.7478286867101724
2005-09-27,,-0.4861058243212227,-0.7291730667900346,0.7723786746893687
2005-09-28,,-0.2969672515412916,-0.506846361411515,0.8399086180532153
2005-09-29,,-0.16137642152378504,0.04152264498659131,0.7927405019045257
2005-09-30,,0.08337246449385756,0.5070887948683789,0.44868354950604383
2005-10-03,,0.2603999244342373,0.6959684335055051,0.24850920495704532
2005-10-04,,0.24749277048555815,0.6637152971517126,0.27802171129338976
2005-10-05,,0.14115103844471227,0.41080747659671346,0.3533864273914811
2005-10-06,,0.00942835882551038,0.21400663383431795,0.49946034483257296
2005-10-07,,-0.11046446961916646,0.045269786557521716,0.6072997419511499
2005-10-10,,-0.1096639670619367,0.04532038536727881,0.6075911270628839
2005-10-11,,-0.2897351900045957,-0.26554412035013747,0.7925906105276125
2005-10-12,,-0.4731815679883909,-0.34878459815016,0.9588052922494927
2005-10-13,,-0.6416044552935897,-0.517058900580312,1.12718749618255
2005-10-14,,-0.6005547508917316,-0.42751723277105597,0.9798384951775531
2005-10-17,,-0.2234319004993824,-0.13710355715103606,0.634717099849359
2005-10-18,,0.025697117686010684,0.21102492192808822,0.49153605781966975
2005-10-19,,-0.025194900731291207,0.21017898637640897,0.6105775058627664
2005-10-20,,0.1742276559345611,0.5593589912259997,0.5485669253297671
2005-10-21,,0.3383043939435411,0.701942415052834,0.577488797756888
2005-10-24,,0.2744370324764125,0.550642441408694,0.421447544835444
2005-10-25,,0.20861925314280536,0.5178838365079361,0.29233241564960344
2005-10-26,,0.1156823091552492,0.5444302460326058,0.31304766873056367
2005-10-27,,-0.0004212566090674104,0.3925866804992861,0.5485067522687898
2005-10-28,,-0.03826827949369611,0.300860233009017,0.5799043921209895
2005-10-31,,-0.34808650061120594,-0.18177836180079726,0.7244772503094118
2005-11-01,,-0.4373852153642949,-0.2710964877150126,0.5925316588820733
2005-11-02,,-0.3829546061659352,-0.14778261528485329,0.49828050109651434
2005-11-03,,-0.2102579141184588,0.12817024356548273,0.30456023278349287
2005-11-04,,-0.10271410990425316,0.2505300848302607,0.3082846527888522
2005-11-07,,-0.00828827775502245,0.34190459378170646,0.3453356145915055
2005-11-08,,-0.14149763581763178,0.15430209925114194,0.5591753423147491
2005-11-09,,0.01812352802397087,0.5272168703551448,0.4146949903671113
2005-11-10,,0.11544930545916983,0.49290175628815,0.656399889613654
2005-11-11,,0.3061061636173441,0.677850173996494,0.6254834096971683
2005-11-14,,0.15498322396661351,0.45335899413088926,0.7336113561513944
2005-11-15,,-0.2721050444447675,-0.023982381279209746,0.8696075670818189
2005-11-16,,-0.7532957327771207,-0.5005903280107215,1.296652839493128
2005-11-17,,-0.8297598143361704,-0.5606246331350593,1.4604257237503404
2005-11-18,,-0.6714735598150887,-0.3324768175502822,1.1990345087724963
2005-11-21,,-0.679581473358958,-0.36236830511115276,1.2343867149869299
2005-11-22,,-0.83923846509984,-0.6179840896914276,1.3311453694047584
2005-11-23,,-0.8315006323632014,-0.6131256698293788,1.1738237685311153
2005-11-24,,-0.710672265761509,-0.6083085088170986,1.167562845652698
2005-11-25,,-0.5792051917339136,-0.44064275000091757,1.2541351002585628
2005-11-28,,-0.5471619272312597,-0.3719304776505473,1.2141789289878302
2005-11-29,,-0.13229434591297348,0.059482272352615405,0.8446913890045923
2005-11-30,,-0.44451729596804135,-0.27219492136627577,1.0838033016983677
2005-12-01,,-0.41327402673773755,-0.2036521190120696,0.9479301513170264
2005-12-02,,-0.5669596262108809,-0.43632113000050937,0.9715310070113624
2005-12-05,,-0.606856383976554,-0.39960201425600833,0.9176909261043167
2005-12-06,,-0.731124404402613,-0.565129432227704,1.0414316660594214
2005-12-07,,-0.6114931100426795,-0.29016130710055726,0.937191144084739
2005-12-08,,-0.7344915879829171,-0.5939005967991446,1.0519851753382499
2005-12-09,,-0.30799929217404776,-0.008799313332177545,0.8318053724485879
2005-12-12,,-0.30571705838974744,-0.008384814039710867,0.8007674711252942
2005-12-13,,-0.22916501556425906,0.026598392631914484,0.8349537613547513
2005-12-14,,-0.31659967483449764,-0.04267944516585958,0.9857673250904816
2005-12-15,,0.04250833523159245,0.3769645907207169,0.9275187261268326
2005-12-16,,0.23774981899866335,0.5501707291715516,0.9527984716528195
2005-12-19,,0.027968424726711495,0.19509899106072867,0.984292298434725
2005-12-20,,-0.04998341612064037,0.3005990937927028,0.914318176769559
2005-12-21,,0.11701773609575662,0.5479262971327196,0.7961668550162909
2005-12-22,,-0.03335847595869023,0.18783074792104268,0.9522911813961871
2005-12-23,,-0.10823454409825088,0.0075064454654194,1.1052520506770882
2005-12-26,,-0.06169339519226055,0.11618731123391443,1.100916027904819
2005-12-27,,-0.10669682311956627,0.006975940969417301,1.1618283706967236
2005-12-28,,-0.32419277185469514,-0.2116734390644707,1.0218338277375878
2005-12-29,,-0.15046308453785243,0.046650469772162764,0.9114117256684395
2005-12-30,,-0.11622564701133142,-0.027005706582205066,0.8559954729812138
2005-12-31,,1.0232401116845835,-0.21182217283694751,0.7154216921170826
2006-01-02,,1.0608940453954385,-0.2474798594550312,0.7138750886831442
2006-01-03,,1.1742955495070013,-0.09597137848414566,0.7888136073397787
2006-01-04,,1.2540536348590339,-0.019792194001429488,0.6289379047032554
2006-01-05,,1.3756710858922803,0.32116193647558483,0.44707841510075025
2006-01-06,,1.2019679053257475,0.2437007229184804,0.14981740600652868
2006-01-09,,1.3111421248439181,0.39542506797559696,0.0018946187404009212
2006-01-10,,1.3247076046130501,0.4700780522069252,-0.025107812404166742
2006-01-11,,1.50500697225213,0.812872992478183,-0.1271861292446404
2006-01-12,,1.3620770696377769,0.49903551912074273,0.07529940293786315
2006-01-13,,1.161697965548865,0.18600682542389524,0.42617576996320417
2006-01-16,,1.2549071046449443,0.30236898262744444,0.3524410679435365
2006-01-17,,0.9797731968216268,0.10494058038472898,0.6273890463823277
2006-01-18,,1.1548667346899228,-0.05301897211527921,0.5061399205114968
2006-01-19,,1.3073258560133605,0.38349522562400096,0.2633387052699627
2006-01-20,,1.3956126140374308,0.5007952236328226,0.408852565319645
2006-01-23,,1.3906777289810692,0.5378467979480268,0.3667975135070335
2006-01-24,,1.4753023648812376,0.8142633336486996,0.15659121621581504
2006-01-25,,1.6010389310850226,1.0470238016617577,-0.12079386152659749
2006-01-26,,1.7640629962436432,1.076765494245821,-0.13678214055165108
2006-01-27,,1.6577955607248513,1.026451240192734,-0.20147281935154804
2006-01-30,,0.6923007351832434,1.4909243432424315,-0.413029744347612
2006-01-31,,0.6276209183393119,1.1553774861162989,-0.0860046026968137
2006-02-01,,0.7575018599544809,1.496113165209223,-0.344247762135524
2006-02-02,,0.7516129812444082,1.3186008924614883,-0.3152781138803665
2006-02-03,,0.5655761081789078,0.9887578833001482,-0.21525625469269935
2006-02-06,,0.5015618695223458,0.6632419464132409,-0.19001243117191577
2006-02-07,,0.285585560692072,0.41936492290210126,-0.16256767672610453
2006-02-08,,0.2840317323565209,0.41704827649989445,-0.2016618261096698
2006-02-09,,0.2979364270951995,0.2936980578298563,-0.18216503341224674
2006-02-10,,0.4350755879242607,0.6566650872197979,-0.3040766735774095
2006-02-13,,0.6644541237091103,0.9351354547779952,-0.19659312791925068
2006-02-14,,0.5821357119733517,0.8865473050668655,-0.23543890030028355
2006-02-15,,0.9506878900964408,1.2015804755861736,-0.3847743468682895
2006-02-16,,0.7398360084842026,1.3080748580524766,-0.5038104402247593
2006-02-17,,0.6875734358595061,1.0114644514306446,-0.4266808454903244
2006-02-20,,0.6509929499539389,1.082264476865791,-0.42086174731194315
2006-02-21,,0.6462649337147188,1.0712522745346575,-0.4640664143889045
2006-02-22,,0.5313530992554897,0.7779864855734404,-0.36416684475083266
2006-02-23,,0.4328179444765698,0.5278404121916312,-0.5048725820286701
2006-02-24,,0.3183899260500588,0.40161410292044997,-0.45486447302192795
2006-02-27,,0.2845006982499255,0.3168979999320165,-0.44884936996338665
2006-02-28,,-0.28230602444936026,-0.30668874393140716,-0.1456187450812124
2006-03-01,,0.10867338210403521,0.19513868147389143,-0.24102955561802158
2006-03-02,,0.01037379190929967,-0.057162425546572505,-0.27885230545948286
2006-03-03,,-0.006320712055098621,0.06957928595270405,-0.41963895607565527
2006-03-06,,0.158502216233129,0.3231960751925791,-0.5614955228911417
2006-03-07,,0.02504166284286377,0.15137755654116286,-0.3502160387334443
2006-03-08,,0.02488705621579197,0.1506502344874438,-0.3047949612660932
2006-03-09,,-0.008706342239213656,0.06395499053075243,-0.2497009524868332
2006-03-10,,-0.04255715353767356,0.15012896506169945,-0.34604045380498705
2006-03-13,,-0.04235312875331417,0.14940574596657097,-0.5051000113905824
2006-03-14,,-0.19526828481428282,-0.06966496908227345,-0.13805172492264092
2006-03-15,,-0.057387593444272196,0.1064024643018359,-0.3909167556737548
2006-03-16,,-0.2804270543607503,-0.2911852609725593,-0.12271347678637373
2006-03-17,,-0.2096432054503052,-0.2894397670540589,-0.2714941922438685
2006-03-20,,-0.24343191561318353,-0.19863130965359133,-0.3211281875465708
2006-03-21,,-0.08530825371720814,0.20569241106321767,-0.750632259840079
2006-03-22,,-0.08486226896473674,0.20465973609922897,-0.7896941195757654
2006-03-23,,-0.013978654866895479,0.38448117747542365,-0.8766214369725763
2006-03-24,,-0.31529460522555847,-0.026753052228858296,-0.6097563645227217
2006-03-27,,-0.22460391194966348,0.20203100725992967,-0.7886557655126405
2006-03-28,,-0.02644729404551208,0.522111779262364,-1.1094159157425347
2006-03-29,,0.3879205850998176,0.8398650678187543,-0.9878522357099554
2006-03-30,,0.07768391361794034,0.7871269565075769,-1.0927160800147686
2006-03-31,,-0.12295201963286055,0.6427690192306286,-0.9940359846763623
2006-04-03,,-0.10405419637492927,0.6845619953354389,-1.1385094710070391
2006-04-04,,-0.17679263057577602,0.49373158038036574,-1.0822589603328243
2006-04-05,,-0.15738738172449465,0.5373721503040073,-0.943840770033338
2006-04-06,,-0.04512282943747323,0.627637005942989,-0.9731719465655998
2006-04-07,,0.1601031964010406,0.9512728329652586,-1.2090676808994065
2006-04-10,,0.04696004773965007,0.6611585655777084,-1.0266962045570507
2006-04-11,,-0.10407217178201775,0.4673586247384836,-0.9613239997259299
2006-04-12,,0.19910060249567219,1.03214708556458,-1.168050096837065
2006-04-13,,0.04565084668530178,0.8333178694418504,-1.1993557336619147
2006-04-14,,0.21738312458579842,1.0626553915892079,-1.1809182543090666
2006-04-17,,0.02395757320840481,0.7680362244285807,-1.0259563379390895
2006-04-18,,-0.13080259103973166,0.5712816507640531,-0.8640156719613166
2006-04-19,,-0.149027307899574,0.32734423289102677,-1.043936971474456
2006-04-20,,-0.10927552106773566,0.42199081445543457,-1.1722738204068655
2006-04-21,,-0.14782661594114563,0.3223691143386764,-1.1542930564255003
2006-04-24,,0.0702784800664119,0.4666583222614223,-1.0705668584677253
2006-04-25,,0.22850314158620022,0.6590422335880958,-1.4184959279944935
2006-04-26,,0.028025620659934976,0.36001307291474716,-1.432124777043747
2006-04-27,,0.08827941521072645,0.3084644599573191,-1.28305294595195
2006-04-28,,0.02753708954417141,0.15768445922887328,-1.2631177792706236
2006-04-30,,0.14949149744006124,0.056887897776245915,-1.1037695876603042
2006-05-01,,0.3114431782016571,0.25727978039831134,-1.4018993663247474
2006-05-02,,0.39159801222707746,0.25576699268183944,-1.2949630308932532
2006-05-03,,0.5118919112259952,0.5578576268270438,-1.3845770683638985
2006-05-04,,0.5085802069383951,0.5540596846035841,-1.4010270212427547
2006-05-05,,0.23665178401714862,0.09097733374985796,-1.2680416725142982
2006-05-08,,0.35978717917552033,0.3984418986385266,-1.3200885673335856
2006-05-09,,0.5038653529086501,0.5503615488583871,-1.381121548072937
2006-05-10,,0.3537619522177519,0.39158541383227846,-1.4258884186977945
2006-05-11,,0.37266822522785814,0.44108620439844637,-1.4717353682159025
2006-05-12,,0.370418482932364,0.43825733968457176,-1.4460079890266666
2006-05-15,,0.34696504531403427,0.38302929576900197,-1.2807122299362825
2006-05-16,,0.2595766048694001,0.16974166698487278,-1.0056041185013758
2006-05-17,,-0.08630434799371424,-0.25562972718703747,-0.8364100531714533
2006-05-18,,-0.36668426940877186,-0.7326148542141572,-0.5103283189279034
2006-05-19,,-0.3429338849136303,-0.6740722094853745,-0.5433646082834702
2006-05-22,,-0.6243366739282463,-0.9354268353281472,-0.19890889162097156
2006-05-23,,-0.8159493528877126,-1.1920102615071415,-0.32098012689427147
2006-05-24,,-1.0480746397478446,-1.5456345431796448,-0.027183997294737
2006-05-25,,-0.8644801292283596,-1.1042558045838358,-0.2357864338524763
2006-05-26,,-0.8354323653094328,-1.0401707241177227,-0.2752809027857497
2006-05-29,,-0.7412662066804314,-0.8184768425189507,-0.2683839867625215
2006-05-30,,-0.9548706812606904,-1.1295073953472539,-0.35591524923493756
2006-05-31,,-1.3182072723473202,-1.1701659748136133,-0.3399681210153744
2006-06-01,,-1.4742010998406263,-1.3670118026329459,-0.3286105946473971
2006-06-02,,-1.6654634192745916,-1.8650219772886611,0.08602078144765307
2006-06-05,,-1.5106088165759683,-1.522341829273428,-0.04983228297390834
2006-06-06,,-1.8033441464467035,-1.8541303276112462,0.23208510155160167
2006-06-07,,-1.769036222589288,-1.8174346561212817,0.15234090360550503
2006-06-08,,-1.9406201264115548,-2.0769994764071638,0.39363768296546897
2006-06-09,,-1.9594273939650673,-2.17206974509973,0.44583949496349656
2006-06-12,,-1.877344191491136,-2.022620676131963,0.3613302798170722
2006-06-13,,-1.977056115699139,-2.116706748783857,0.7978855908941161
2006-06-14,,-1.7976465590774056,-1.740210645466035,0.8161557306344981
2006-06-15,,-1.4694867381077992,-1.3805595086764442,0.626551443496395
2006-06-16,,-1.192011548113821,-0.9358642003588729,0.4679044377203074
2006-06-19,,-1.177894509931578,-0.9269954730109897,0.42964085452347966
2006-06-20,,-1.0852732094534097,-0.7269158993405,0.6104675119924567
2006-06-21,,-1.250529014299414,-1.1515726821076628,0.9442645143932186
2006-06-22,,-1.0777197623974508,-0.7560799690454063,0.859839843779068
2006-06-23,,-1.1447246261753372,-0.9419740381126804,0.8031123897875592
2006-06-26,,-1.2890271725451514,-1.1244007425526836,0.9759802551984659
2006-06-27,,-1.3112798851059315,-1.207072414580529,1.0646195522907689
2006-06-28,,-1.2744001750524372,-1.1448645433741729,0.9239630626442723
2006-06-29,,-0.9827978221483634,-1.0363297765032182,0.9241726486436449
2006-06-30,,-0.9132827062304995,-1.0731517466468523,1.0221977401118425
2006-07-03,,-0.6874663475180364,-0.5331879075753978,0.9210647152047031
2006-07-04,,-0.7413516229668466,-0.6745024516407249,0.9212744368021659
2006-07-05,,-0.27441758190863713,-0.13360324311307498,0.5374226266936963
2006-07-06,,-0.3929931327240747,-0.42655573265635016,0.7795864442529625
2006-07-07,,-0.26847207657083555,-0.3251832169564442,0.9008160488879252
2006-07-10,,-0.18534350284311207,-0.12501510592992715,0.7216012947937147
2006-07-11,,-0.28591425584831753,-0.3726025199310154,0.9055378997562992
2006-07-12,,-0.037137673003309786,0.029777879152043704,0.8439794953818596
2006-07-13,,-0.18087548640172374,-0.3217330941644541,1.2650430384086304
2006-07-14,,-0.5117771602414998,-0.7219066858939502,1.5115677581756188
2006-07-17,,-0.5286527633880889,-0.7661585706760059,1.416260382928858
2006-07-18,,-0.3573246077251944,-0.5576822075122596,1.1199237471537065
2006-07-19,,-0.39658689010351833,-0.6548812914813147,1.4052627173940073
2006-07-20,,-0.2035486622553524,-0.39494394849491943,1.3842271381693234
2006-07-21,,-0.11651879879113058,-0.39210813030813296,1.284182750747017
2006-07-24,,-0.13669583590253132,-0.4407607298464563,1.2763580818578673
2006-07-25,,0.07922101878429458,-0.1269969228200345,1.1295787217470776
2006-07-26,,0.12224569507442136,-0.021708092261125116,1.1253410401096475
2006-07-27,,0.18767042630460018,-0.07354643749002078,0.9504161789742159
2006-07-28,,0.012466660993676642,-0.2831953742195686,1.2230658627658157
2006-07-31,,-0.05264592823712342,-0.43952393687673597,1.4275879249823842
2006-08-01,,-0.07381720063622016,-0.4892700700643257,1.3810977332117471
2006-08-02,,-0.028807276274818553,-0.3792078812215659,1.2821495097343145
2006-08-03,,-0.25070765586952865,-0.6966574945394945,1.274129353837767
2006-08-04,,-0.20422265659474104,-0.583950380161304,1.3574446488969294
2006-08-07,,-0.11306218739963972,-0.3642715985328879,1.254828516424368
2006-08-08,,-0.24788994163464556,-0.4697173353694814,1.2772879056697173
2006-08-09,,-0.1781997556019891,-0.30326585615779383,1.2696961971554086
2006-08-10,,-0.22215000696791684,-0.41017567208016636,1.3151294778594902
2006-08-11,,0.10032270209024026,0.1418643907832718,1.1607225649956752
2006-08-14,,0.4693136344882944,0.5826089685106948,0.9021174500887716
2006-08-15,,0.35178154394482825,0.3026486484679693,1.068051296606148
2006-08-16,,0.07122827946709359,-0.1442032008694525,1.2145080305192524
2006-08-17,,0.37501657114222237,0.360900536741615,1.000095066445531
2006-08-18,,0.23193018937686444,0.2468398915147335,1.1509923584652024
2006-08-21,,0.13703536242453557,0.019759352064468404,1.2563357146123786
2006-08-22,,0.13675609751091128,0.020126935217124657,1.2486205965701067
2006-08-23,,0.06517719563492166,-0.15094554104669597,1.2410630363213264
2006-08-24,,0.06530026391175729,-0.14962839020495441,1.2336582758095838
2006-08-25,,-0.10380424500902397,-0.32139128817972307,1.2757677590175758
2006-08-28,,0.16391286694450738,0.08696665016026586,1.1006724891190758
2006-08-29,,0.2847682975509678,0.37842125859291176,1.0962443616882294
2006-08-30,,0.23487975904619923,0.2596069398005516,1.152199563298046
2006-08-31,,-0.08572849949947814,-0.2712722058955946,1.5582503224995092
2006-09-01,,-0.08478115488157537,-0.269208371897052,1.5419313911677908
2006-09-04,,-0.034310257530500814,-0.14828464823173237,1.5261057255571127
2006-09-05,,0.16670286781719965,0.09214492833506562,1.153434688653164
2006-09-06,,0.2163032341482479,0.21231395097596953,1.0970411696640727
2006-09-07,,0.29218872425481224,0.15125258228864766,1.0213727403916244
2006-09-08,,0.29100545236743075,0.15092699997098258,1.0805791459127492
2006-09-11,,0.28982821929967306,0.1506035072590674,0.9103422331247047
2006-09-12,,0.08326860303123909,-0.09512500081069386,0.9593212456033865
2006-09-13,,0.21159109869138465,0.21424204658439097,0.8471916590936595
2006-09-14,,0.36553376817112626,0.5847860922194278,0.6888999993143634
2006-09-15,,0.41685098775398455,0.4573080361678576,0.4726890896108979
2006-09-18,,0.4927447572602132,0.6418653845953295,0.4760679499403669
2006-09-19,,0.25387037864946294,0.32506513778045215,0.9795139621348143
2006-09-20,,0.279175575408417,0.38664240664236654,0.9231091489324459
2006-09-21,,-0.06654701397362058,-0.18504026291326744,1.4985981784046891
2006-09-22,,-0.19842612236809512,-0.5012926316463493,1.6772339199912036
2006-09-25,,-0.22347666288429993,-0.5611788339315145,1.7453917524798495
2006-09-26,,-0.16812067984172516,-0.4289084087047513,1.5287937964427585
2006-09-27,,-0.05893221648195135,-0.1682256487634161,1.3476192020629518
2006-09-28,,0.02313576124180842,0.02755878515445805,1.2679031052862535
2006-09-29,,0.3787337767075859,0.6132234126747267,1.1469382708569371
2006-09-30,,0.21157091310654874,0.47926360552959163,1.3308748084321878
2006-10-02,,0.2108789171223144,0.4767846546980339,1.3213943230218803
2006-10-03,,-0.03999279431616124,0.14493753981500818,1.2579590822423472
2006-10-04,,-0.1782386715993064,-0.18679733554662795,1.378594335453309
2006-10-05,,0.018749271985552433,0.2810944365098717,1.0039214943255423
2006-10-06,,0.3854036702062036,0.8801086323142393,0.4862581310949997
2006-10-09,,0.29907409052154643,0.6733457456745799,0.4902516467726322
2006-10-10,,0.43937054314119334,1.0028892292899376,0.2729187565971182
2006-10-11,,0.4939406638856087,1.1270177976567608,0.10800362528554615
2006-10-12,,0.5497566153249274,0.9827566334213523,-0.090949730526206
2006-10-13,,0.4592508387793964,1.0408900664374945,-0.2179887978852373
2006-10-16,,0.4856045737139792,1.0979403852371694,-0.2590199393343098
2006-10-17,,0.7725871350043917,1.4844625065450243,-0.19752404096123888
2006-10-18,,0.8836969897481766,1.4638874604351273,-0.37802968870210957
2006-10-19,,1.2791525460355453,2.088363515899849,-0.41466111493658475
2006-10-20,,1.5203435694790788,2.352226584637515,-0.44513876163155464
2006-10-23,,1.6374887915323,2.5888276065342155,-0.5600005484747508
2006-10-24,,1.4439820537169894,2.1515406309244725,-0.5037004872192017
2006-10-25,,1.200911557164956,1.6219977366850002,-0.3038505485284509
2006-10-26,,1.0755871456255457,1.3545020658387485,-0.19786292994682345
2006-10-27,,0.9525388002171203,1.0940562100117044,-0.09701964273604367
2006-10-30,,1.171829273731209,1.3266124262061574,-0.18538069214425695
2006-10-31,,0.8188522497988963,0.8224584497676245,0.2731230212477614
2006-11-01,,0.7558224840673898,0.6928604464896586,0.3415707540203081
2006-11-02,,1.2085768968047477,1.1802669349845778,-0.035495539804080586
2006-11-03,,1.4779011436618927,1.5319156757690964,-0.7405073419060896
2006-11-06,,1.0913524698342199,0.9631159751594695,-0.6750420217402874
2006-11-07,,1.0524246169715679,0.8931750317868202,-0.6182902278939503
2006-11-08,,0.901145162147945,0.5772848590569865,-0.5572545371844168
2006-11-09,,0.9526257392587675,0.4493014398634366,-0.7317625271755535
2006-11-10,,0.7429286402517791,0.2591179978518614,-0.6185981443033798
2006-11-13,,0.7375229449740557,0.25780213079365694,-0.7699646858199305
2006-11-14,,0.6747874938664453,0.1300444288598733,-0.6989242501857527
2006-11-15,,1.0455010898931454,0.7003050950577228,-1.1381784253840888
2006-11-16,,1.0618380449669487,1.011274244757367,-1.3551902827206108
2006-11-17,,0.7045947845458237,0.4947116332117147,-0.9783948812584738
2006-11-20,,0.6706900604125007,0.4277426845276766,-0.9785322590232024
2006-11-21,,0.4042165527186949,-0.15415254013801696,-0.6703131630100758
2006-11-22,,0.2824786534885544,-0.1532234488003759,-0.53923096082927
2006-11-23,,0.39880111040148697,0.10803482753824224,-0.5299210462478445
2006-11-24,,0.4261437872437868,0.1729716272165724,-0.4626577448510114
2006-11-27,,0.4237243449013928,0.17213218560809163,-0.3604760624275556
2006-11-28,,0.2123481027676507,-0.29136336537454705,-0.07467730072510925
2006-11-29,,0.7825638199959345,0.7053915181648709,-0.4457448985920036
2006-11-30,,0.5345588419850889,0.4347995580355694,-0.054463115143211976
2006-12-01,,0.0733562244824102,-0.03608793831152487,0.09048223481826904
2006-12-04,,-0.3851421058209323,-0.774184487372069,-0.046672823406642486
2006-12-05,,-0.16910769658267294,-0.2974361186909007,-0.3802541481041109
2006-12-06,,0.20279860279488301,0.24676398718160944,-0.8577691781711936
2006-12-07,,0.42005563275003716,0.44967867830176744,-1.0446281294609634
2006-12-08,,0.3842439824737895,0.6516451099944381,-1.226266339984199
2006-12-11,,0.38209359094113193,0.6471453778297696,-1.1337004027997593
2006-12-12,,0.033465337812000236,0.16109627405903942,-0.8311600812505565
2006-12-13,,0.38174038266349597,0.6443993219061228,-1.1791091521372676
2006-12-14,,-0.13091590727231783,0.08457101687257153,-1.057780333268355
2006-12-15,,-0.25710576516094263,-0.1954878495672196,-1.1400840548783837
2006-12-18,,0.06625474002319263,0.2273029546804379,-1.0712878281299638
2006-12-19,,-0.0007475391135614081,0.367259884203267,-1.102737199166817
2006-12-20,,0.22516950760648563,0.8595776346366389,-1.1266585849017858
2006-12-21,,0.3238356324316557,0.7819316893591457,-1.0099091863028018
2006-12-22,,0.6494529873118248,1.198483718359559,-1.3635126291590722
2006-12-25,,0.6773603173143102,1.254999414330446,-1.3378778178232835
2006-12-26,,0.737557691040105,1.3794542402373455,-1.3129779135550825
2006-12-27,,1.089046568989082,2.111614665030375,-1.5130166155081943
2006-12-28,,1.112833100904471,1.8623164446668132,-1.6606888217782083
2006-12-29,,1.4252515865080202,2.2199477343348013,-1.6608562706387355
2006-12-31,,1.081608446939563,1.7745179971191853,-1.2050048467463528
2007-01-01,,0.9053915888070706,1.67675051822153,-1.1816379080939114
2007-01-02,,0.6375869731620515,1.1243547209440017,-1.0906881131973878
2007-01-03,,0.2693981141208363,0.647133528131353,-1.0703917773334832
2007-01-04,,0.07006349966174744,0.23929805082851932,-1.0212639278519766
2007-01-05,,-0.029764793829532545,0.034777345044537694,-1.0838826209337369
2007-01-08,,0.07043622049933607,0.23863458635395576,-1.1129453314352737
2007-01-09,,0.44203824120663593,0.7145688534209269,-1.204333293593479
2007-01-10,,0.16666634843329348,0.4357807576998437,-1.2594646572893093
2007-01-11,,0.6121627772757733,0.7759621577348166,-1.4670402645313143
2007-01-12,,0.607950917617983,0.769706675914404,-1.5040629479629326
2007-01-15,,0.8107692601894149,0.9008823808971568,-1.482747181589308
2007-01-16,,0.8042431557356391,0.892818854287084,-1.4850427597923965
2007-01-17,,1.1062607102381883,1.2275653870114795,-1.6092744996866166
2007-01-18,,1.128407955509022,1.281082552157224,-1.5419049885928298
2007-01-19,,0.8758304232984285,1.0608047920431685,-1.6042990118075375
2007-01-22,,0.9022006705239901,1.118153328231486,-1.5985004648232521
2007-01-23,,1.1692930156825871,1.3778332490690686,-1.6609861298641786
2007-01-24,,1.160618482904118,1.087989360989772,-1.7056616184122677
2007-01-25,,1.215275184460089,1.2123484548957697,-1.8923245250892478
2007-01-26,,1.1003097230353558,0.9940508377519583,-1.7875491083141684
2007-01-29,,1.6324573095215493,1.5257557011620078,-1.7734238912395952
2007-01-30,,1.47384022424482,1.2337854037980807,-1.618748609734098
2007-01-31,,0.9114393771623321,0.6759411085157443,-1.2076908610344763
2007-02-01,,1.2422750155904947,1.0798970227678901,-1.3861852586711625
2007-02-02,,1.1898159902118415,1.271394978542186,-1.33103303169753
2007-02-05,,1.2472637542707348,1.120351486867049,-1.3733821585509298
2007-02-06,,1.199224447536582,1.0401627474063473,-1.3479200506739992
2007-02-07,,1.1522978229447385,0.9614074433246154,-1.384550312232362
2007-02-08,,1.210518391242426,0.8156349635135736,-1.4249219188852318
2007-02-09,,1.0924328852860126,0.8768724360463165,-1.5670187781047116
2007-02-12,,1.0144106003544222,0.7316321389373467,-1.5346803563870255
2007-02-13,,0.8662286186778544,0.7255571994904004,-1.534745056790626
2007-02-14,,0.6907127190526,0.3731262274336451,-1.3886629260190715
2007-02-15,,0.5840326522799951,0.16100035993604117,-1.519559742465016
2007-02-16,,0.6815609275140629,0.37026141519838585,-1.5530364928747502
2007-02-19,,0.5742195560620589,0.15608559630971044,-1.521973588702197
2007-02-20,,0.6771727037283473,0.08388058590494023,-1.5245338488166775
2007-02-21,,0.5301350873624896,0.08301031051405687,-1.6007687595525277
2007-02-22,,0.4527578472974584,0.22547709628309984,-1.6682068863394348
2007-02-23,,-0.1106362825980785,-0.6398213740980057,-1.4809246565028225
2007-02-26,,-0.14526697455910864,-0.7077333723181518,-1.3648192465072053
2007-02-27,,-1.3420880657271494,-2.2515190768845637,-0.5653024435749772
2007-02-28,,-1.4323451640328078,-2.1271909396259736,-0.4010730724708713
2007-03-01,,-0.8197915745220977,-1.469529002811225,-0.35956910898074496
2007-03-02,,-1.5772114277650082,-2.384418054345993,-0.08135602674227763
2007-03-05,,-2.0617496974297858,-2.7599413761826925,0.16900102446559856
2007-03-06,,-1.9880751112482071,-2.3539744247107772,0.003585558172688496
2007-03-07,,-1.8489605750172926,-2.1041857294783997,-0.10465847208997463
2007-03-08,,-1.5497205654204715,-1.8087787587840585,-0.2647590750713451
2007-03-09,,-1.2011731992611923,-1.1517175356036615,-0.5487214543751348
2007-03-12,,-1.679670724767967,-1.8242816359750123,-0.3973901645578959
2007-03-13,,-2.290687132531894,-2.506211364481217,-0.03084271398074018
2007-03-14,,-2.320590629867733,-2.599794901904627,0.05728874651259285
2007-03-15,,-1.9573455527271126,-1.9476576496420863,-0.1550778064976845
2007-03-16,,-2.1310756106980002,-2.076817769338861,-0.14790528932007713
2007-03-19,,-2.0510780364357486,-1.9723543693822694,-0.23272334208751225
2007-03-20,,-2.0916883188806765,-2.095264905629947,-0.13100934535831935
2007-03-21,,-2.3660227890295857,-2.2075297945058314,0.05032938707445952
2007-03-22,,-2.0155310006627465,-1.8287648144065651,-0.34795534597318023
2007-03-23,,-2.026392974783911,-1.899672830319984,-0.3995748653634795
2007-03-26,,-1.8989122875950448,-1.700905817100722,-0.29342766367114276
2007-03-27,,-1.7510788712199965,-1.4578530676534438,-0.31955367710865884
2007-03-28,,-0.9897616980864797,-0.4648535322230175,-0.1186731077941596
2007-03-29,,-0.7216672924955851,-0.1875484187815822,-0.18204435769826446
2007-03-30,,-0.512082369434442,-0.020779319746899,-0.33399565818529364
2007-03-31,,-0.5429701987171015,0.14597523460329315,0.09225462312707701
2007-04-02,,-0.09807096050201147,0.5353060698623748,0.13205202521385082
2007-04-03,,-0.15489653865590722,0.4201850872657001,0.037842810528123605
2007-04-04,,-0.47779984959611177,0.024022851178946078,0.332817240297095
2007-04-05,,-0.6831688519171182,-0.1457638340142087,0.23952714909412176
2007-04-06,,-1.0880967165649469,-0.7120808651774704,0.24713666756556654
2007-04-09,,-0.4568260662717608,0.03349717076410785,-0.18761672248284136
2007-04-10,,0.2086541755129911,0.6060415892043204,-0.27486987008332225
2007-04-11,,0.3546990187156738,0.8877384813504922,-0.3593273292561087
2007-04-12,,0.17547386697473583,0.5364045218340554,-0.34813110705184386
2007-04-13,,0.41846377764861353,0.7633599939951532,-0.562767274787652
2007-04-16,,0.35647934054449376,0.6421070330995972,-0.5801436761263259
2007-04-17,,0.38449134687909986,0.6955881152641036,-0.5032059031787118
2007-04-18,,0.5690194592171542,0.8065945265885041,-0.45762383184287597
2007-04-19,,0.19667059997010733,0.33339518420339703,-0.5146482837183788
2007-04-20,,0.22615232742841768,0.3903092864545049,-0.5936252649959533
2007-04-23,,0.3166502111027471,0.5649834414694845,-0.5798494470145317
2007-04-24,,0.2229622317234725,0.38361517887616686,-0.5051825398279456
2007-04-25,,0.5364853268419238,0.7378709411553986,-0.5890364162736197
2007-04-26,,0.5948112379880339,0.8509678558599776,-0.6987912550100893
2007-04-27,,0.3981937998313603,0.7248717744815361,-0.6827945535259649
2007-04-30,,0.47181382150468937,0.35995567503721804,-0.30528949252729803
2007-05-01,,0.5003152564735021,0.41816978551166323,-0.29512913391180123
2007-05-02,,0.46588572114486987,0.3550552986053302,-0.3546387232789227
2007-05-03,,0.8788957637080039,0.8989289009299951,-0.5155642996639087
2007-05-04,,0.6828279910593963,0.5269047728325531,-0.4017980777552574
2007-05-07,,0.8428209539693858,0.5845673321330352,-0.4848779383613453
2007-05-08,,0.448544439050396,0.08877511036248097,-0.47314475363242914
2007-05-09,,0.5347152064841036,0.5210172954829049,-0.6339257999267959
2007-05-10,,0.40309757587862394,0.26949005485647565,-0.5869356655674308
2007-05-11,,0.46524817462273377,0.39270815941364784,-0.6409686324648023
2007-05-14,,0.3977292725756187,0.26498489160992594,-0.6988138640720667
2007-05-15,,0.6299774146807122,0.45235813545227255,-0.8298888868828347
2007-05-16,,0.6582463061954454,0.5126730444363968,-0.7735533871287379
2007-05-17,,0.7840932106209065,0.7624035860640977,-0.862553398823088
2007-05-18,,0.8432547470035051,0.8828275730510453,-0.95844367584998
2007-05-21,,0.7709318549836746,0.748401478397308,-0.9666710420047269
2007-05-22,,1.0340708890634798,0.9963001744322973,-1.1262807386069185
2007-05-23,,1.1543080902359717,1.2390075992125413,-1.1574456853012585
2007-05-24,,1.0115180066329568,0.9720375921527349,-1.104724715950558
2007-05-25,,0.8710075467744174,0.7087027271154076,-1.0815345460702293
2007-05-28,,0.8636674335980505,0.7032570346957239,-1.0588952313496944
2007-05-29,,1.3141300247089982,1.584618520185234,-1.1232749332115586
2007-05-30,,1.0946424958049699,1.4344748878853208,-0.9601236210566901
2007-05-31,,0.5344689356510202,1.1640384971218318,-0.752306678052383
2007-06-01,,0.67084090772933,1.150769457309181,-0.9635996304621415
2007-06-04,,0.6656535909176864,1.1377713875019837,-0.855863284781124
2007-06-05,,0.585742286924443,1.2501363858339114,-0.9200030129719746
2007-06-06,,0.20520770626975438,0.7954519395251969,-0.5989227694243773
2007-06-07,,-0.10757937381666616,0.47151905571410996,-0.4179543238682431
2007-06-08,,-0.31848879434920624,0.34045696931346636,-0.12051740259893264
2007-06-11,,-0.3506426060535349,0.2739428075114121,-0.13515773300031197
2007-06-12,,-0.5274900595679912,0.20751747256446493,-0.1495068893273747
2007-06-13,,-0.9415435350659503,-0.3138681341300894,-0.016398099468275695
2007-06-14,,-0.6174883606133016,0.014270415204034687,-0.3297118293674818
2007-06-15,,-0.7847555428043177,-0.3143506568009676,-0.24905814872230592
2007-06-18,,-0.9500906820204128,-0.6418712235749371,-0.20449546066324345
2007-06-19,,-1.2489121409442336,-1.2270208884700178,0.06952297123023074
2007-06-20,,-1.4792523388869083,-1.4072375014898089,0.046238703120617605
2007-06-21,,-1.8984063772337154,-1.96040956127592,0.5083399473207535
2007-06-22,,-2.063128716648643,-2.042840365657797,0.8286849244079446
2007-06-25,,-2.496124626867859,-2.6548488006596966,1.3410404370421976
2007-06-26,,-2.389042763575637,-2.5065491166560334,1.2980764998026448
2007-06-27,,-2.7998603866500154,-3.0,1.7081659436731755
2007-06-28,,-2.3720007618828647,-2.581238974819104,1.5092335979802842
2007-06-29,,-2.171470441975103,-2.7044955115324996,1.810031237329874
2007-06-30,,-2.7406528659856626,-3.0,2.2710110011169893
2007-07-02,,-2.6900460100654953,-3.0,2.392118114756334
2007-07-03,,-2.5653851054497068,-3.0,2.2110255102099154
2007-07-04,,-2.1883963361141263,-2.574985669585887,2.1660724484311134
2007-07-05,,-1.8392952989428724,-2.176087410495768,1.8782810360298325
2007-07-06,,-1.4463045564009651,-1.8960303062989934,1.6131380115853307
2007-07-09,,-1.5255357451318146,-2.0297362020964624,1.706668411556962
2007-07-10,,-2.2179132169767746,-2.818334387859189,2.682861974564101
2007-07-11,,-2.2606640730950565,-2.70128581192543,2.8740399446113702
2007-07-12,,-2.2061552666499376,-2.439890012655075,2.488623350218488
2007-07-13,,-2.052063264413524,-2.2034977135979426,2.356518762288542
2007-07-16,,-2.0002730467934944,-2.1395562010681943,2.3387530227750584
2007-07-17,,-1.725168109746827,-1.6994353149675423,2.206289928836691
2007-07-18,,-2.2507900880444542,-2.264401386240489,2.7864053674480838
2007-07-19,,-2.0345623895804246,-1.9393046391744686,2.756977017806658
2007-07-20,,-2.473697842630043,-2.3908168504210354,3.0
2007-07-23,,-2.3092402944803347,-2.170608862398613,3.0
2007-07-24,,-2.775485125875545,-2.7066146167251346,3.0
2007-07-25,,-2.8552277789249274,-2.6227944970713577,3.0
2007-07-26,,-3.0,-2.855624163782168,3.0
2007-07-27,,-3.0,-2.756512347966942,3.0
2007-07-30,,-3.0,-2.666373921524133,3.0
2007-07-31,,-3.0,-2.5839144608119686,3.0
2007-08-01,,-3.0,-2.508087249864161,3.0
2007-08-02,,-3.0,-2.438035449061936,3.0
2007-08-03,,-2.9945982076343713,-2.373049958088364,2.984065897738538
2007-08-06,,-2.881943151164012,-2.312538175164584,2.916019054956708
2007-08-07,,-2.7803534753557617,-2.256000471314954,2.7090064776903735
2007-08-08,,-2.229118286792296,-1.470505652262162,2.2724587185898755
2007-08-09,,-2.1236230617480727,-1.597013625363458,2.3911727791805517
2007-08-10,,-2.3182149165529724,-1.9109408564109815,2.41082933234884
2007-08-13,,-2.2122357597685673,-1.8088020787240218,2.3076961767137814
2007-08-14,,-2.249462942861191,-1.903625406863996,2.3388167105385063
2007-08-15,,-2.409318551790056,-2.0515307441002633,2.373968724267362
2007-08-16,,-2.3463365449602875,-2.010109229726501,2.5282238002953097
2007-08-17,,-2.287601706820297,-1.9707976768735231,2.3606389381111472
2007-08-20,,-2.1321871160472323,-1.709779082497346,2.3077102049032523
2007-08-21,,-2.042037183335194,-1.583913657949004,2.2674585860975904
2007-08-22,,-1.755509996506651,-1.0052739486002003,2.134004685485037
2007-08-23,,-1.3341689100369742,-0.637427529345054,2.042954522549753
2007-08-24,,-0.23961563072680858,0.30097161209335477,1.9604288632399516
2007-08-27,,0.055390840092878375,0.5789936524558305,1.9296606946146633
2007-08-28,,-0.22988189498898048,0.21565733232581355,1.9960927384598939
2007-08-29,,-0.2623285896879824,0.13472330921744327,1.9467723329691011
2007-08-30,,-0.2647231618958408,0.21576110853871047,1.9375261507408497
2007-08-31,,-0.16103292289771884,-0.13009931981866302,2.0036396774694523
2007-09-03,,-0.061625923613776785,-0.005729168883783481,1.9658709556668694
2007-09-04,,-0.09071052382153764,0.11839404954604309,1.8965471177777857
2007-09-05,,-0.269252127836362,-0.19034631668542973,1.9060422677716236
2007-09-06,,-0.6052179856411093,-0.6608240231119366,1.8427678248664434
2007-09-07,,-0.8654655579811165,-0.7747616086947996,1.883326599387202
2007-09-10,,-0.8345253200524118,-0.7229674624569284,1.8638330885069978
2007-09-11,,-0.8556870078497075,-0.6925845206324749,1.7931953103405884
2007-09-12,,-0.6823502162392105,-0.41640300943166886,1.7353524168712589
2007-09-13,,-0.24832936939809236,0.0652520993304547,1.6374845162319132
2007-09-14,,0.38764353158853637,0.7121792207228583,1.6210746145627835
2007-09-17,,0.4265501929565591,0.6034509033486861,1.559932370485571
2007-09-18,,0.49960573564100136,0.7675920996531663,1.4944714032921453
2007-09-19,,0.8492040182141017,1.1587233553603549,1.3835498719900123
2007-09-20,,0.9549282176310824,1.105396920633358,1.3077624503884044
2007-09-21,,0.8756235423152229,1.032365771266826,1.254440798892902
2007-09-24,,0.878441735889654,1.0439067359781848,1.1948437361731807
2007-09-25,,0.8156255018523313,0.9092953558984258,1.2467380028380248
2007-09-26,,1.1442779952244233,1.255970236966789,1.212256449637299
2007-09-27,,1.1578102913875234,1.2002110287434316,1.2085455606360183
2007-09-28,,1.2267157611499215,1.2697100632761242,1.2089845668622674
2007-09-30,,0.8919422243384421,1.3164344041999716,1.236975635303089
2007-10-01,,0.8940609192070061,1.3206185400358637,1.2172077400559353
2007-10-02,,0.9467702199272029,1.2429017733207246,1.2155928107105207
2007-10-03,,1.1290198841784214,1.4520352471096487,1.1631201981738641
2007-10-04,,1.177152697836773,1.3707039020506724,1.1435418981657954
2007-10-05,,1.65517813380759,1.9467872847551728,1.0176409814134713
2007-10-08,,1.807033377701858,2.016910086177093,1.013339896204747
2007-10-09,,1.8721557585425994,2.0047492219175944,0.9360744642046924
2007-10-10,,1.9067294156085433,1.9367529077730539,0.9058500157753729
2007-10-11,,1.8877943252808176,1.7625373226069339,0.8688503270551992
2007-10-12,,1.9613716052568884,1.7994820875035886,0.8491794001003806
2007-10-15,,1.8839503315326438,1.6890633617995783,0.8279687103324174
2007-10-16,,1.712787746768157,1.3674646554022423,0.9175429078675957
2007-10-17,,1.2193592323962388,0.761622137740195,1.0716023944364261
2007-10-18,,0.8202944899224246,0.346366190527322,1.1761546419548703
2007-10-19,,0.4739054128010069,-0.04964427387930792,1.2994602374859203
2007-10-22,,0.3129446766972855,-0.21868167477292577,1.3049971272645131
2007-10-23,,0.45561194365600477,0.010572079853453214,1.2528500241421248
2007-10-24,,0.23479885121900737,-0.19861731922873388,1.3019474068952894
2007-10-25,,0.2185013150256455,-0.139533861508107,1.2737546223486387
2007-10-26,,0.2352460098456629,-0.09978133179964396,1.2533900811155416
2007-10-29,,0.3620295699224233,-0.002077072991292929,1.2334705317580297
2007-10-30,,0.30952963530072175,-0.02106300914743497,1.2240093374613346
2007-10-31,,0.165275761846413,0.03811000389318295,1.173362964919996
2007-11-01,,-0.19153966486108617,-0.3734820109603112,1.2593627697462397
2007-11-02,,-0.5182657603358647,-0.624926730343535,1.2959463747311861
2007-11-05,,-0.7485710631889888,-0.9497023023130569,1.301176915108785
2007-11-06,,-0.7561354560650139,-0.8789032120794193,1.268477040196402
2007-11-07,,-1.0657988949051742,-1.1950248304022995,1.2954704806793054
2007-11-08,,-1.4633501656653707,-1.532902157772061,1.326346033376658
2007-11-09,,-1.769337475504646,-1.790575882717583,1.337278683182048
2007-11-12,,-1.8254765124288836,-1.792854392938343,1.3238010553029573
2007-11-13,,-1.9841128654225264,-1.8630390320749843,1.3043088485934935
2007-11-14,,-1.8200209497747888,-1.581151360296592,1.2688786813746313
2007-11-15,,-1.8434504037897994,-1.6269241505320304,1.321394461131002
2007-11-16,,-1.8546357130541156,-1.5669886404211186,1.3271312939984965
2007-11-19,,-1.964533961898417,-1.6600215985055669,1.3791099850429602
2007-11-20,,-1.9844298728285101,-1.7277566811236535,1.389680485961703
2007-11-21,,-2.007711983499129,-1.825599914778681,1.3985628092211968
2007-11-22,,-1.9685202206063441,-1.7947874547410418,1.383323551013887
2007-11-23,,-1.8614603439019353,-1.6827045238756355,1.346392235110711
2007-11-26,,-1.8983030354468156,-1.739543381264122,1.3528289237706324
2007-11-27,,-1.8643131491510894,-1.7122154825893499,1.2992428580101782
2007-11-28,,-1.7300304832096296,-1.45193796360032,1.2038193487683109
2007-11-29,,-1.7069193082209495,-1.4431328752625532,1.1697768471215368
2007-11-30,,-1.5362205419800672,-1.1897414505791704,1.1763870240466818
2007-12-03,,-1.3750339341755164,-1.0922255511395862,1.1909359391552947
2007-12-04,,-1.4174097518062418,-1.1134942627621187,1.1878668112829935
2007-12-05,,-1.4660968461700945,-1.0907214529533367,1.1414149374947091
2007-12-06,,-1.3170232357045906,-0.8120204982007279,1.0782973043003101
2007-12-07,,-0.9603608878216718,-0.36613967381195295,1.011192470197202
2007-12-10,,-0.7385316133357654,-0.08422149400973306,0.9724342647361256
2007-12-11,,-0.8609886774630041,-0.27307873139121824,1.0062677215445863
2007-12-12,,-0.6573546570456128,-0.09292543065946644,0.9762942695706586
2007-12-13,,-0.6173579378358586,-0.09105295005303359,0.9579729070875647
2007-12-14,,-0.36512587972851224,0.2826980181487389,0.9365184137032424
2007-12-17,,-0.16594730139628475,0.40148313466942,0.9520837642923979
2007-12-18,,0.08243717004562978,0.6397425574538834,0.9822285979006675
2007-12-19,,0.1733556419281764,0.7111253439630723,0.9972266360956491
2007-12-20,,0.3405664464135707,0.8269328600546889,1.0255815138506217
2007-12-21,,0.4396634030220207,0.986194774889507,0.9703627494084871
2007-12-24,,0.4122537010988783,0.9176424062757504,0.9536780033001879
2007-12-25,,0.6049855440191085,1.0904313388084141,0.9479730976863561
2007-12-26,,0.7020195903785624,1.109732156512188,0.914675887363307
2007-12-27,,0.6258269263580829,0.7982866390868321,0.9318080950046604
2007-12-28,,0.6221712754962975,0.65637385220236,0.9676603476826039
2007-12-31,,0.41840650086177433,0.3932350352370258,1.0380036378802158
2008-01-01,,0.4927214550375375,0.49890228058511366,1.0295841755779505
2008-01-02,,0.44718362015852553,0.3269811030231149,1.0845611228606806
2008-01-03,,0.40849075694462406,0.17084407505245364,1.0907438255640325
2008-01-04,,0.22606918931499814,-0.24928195599469938,1.1270950159359612
2008-01-07,,-0.08616659479528124,-0.6186793158660535,1.1159362347254524
2008-01-08,,-0.23788381379702858,-0.8262948850939824,1.114684910015404
2008-01-09,,-0.4152020403962688,-0.9512851271208858,1.1422782369758977
2008-01-10,,-0.35789479598439183,-0.8895473700418071,1.1087033462025517
2008-01-11,,-0.2515666589438216,-0.9963808203579656,1.1592280826733006
2008-01-14,,-0.2899623891122798,-1.0087467899582336,1.1327064912745444
2008-01-15,,-0.3723194922069993,-1.0503392109803207,1.1478675734817723
2008-01-16,,-0.40281785388896785,-1.0453750327422993,1.1627876431759618
2008-01-17,,-0.5925141120997243,-1.1878111801549172,1.1803600893770765
2008-01-18,,-0.5932587996356372,-1.118503985582519,1.1696120517542994
2008-01-21,,-0.6924527451458172,-1.2694113952189496,1.1624775378346226
2008-01-22,,-1.183461011820813,-1.6671868509106231,1.183906051264545
2008-01-23,,-1.2898975404672388,-1.6425654637012632,1.1672718138380898
2008-01-24,,-1.0925121099730184,-1.3617178051007277,1.0596302051926856
2008-01-25,,-0.8965707488672099,-1.0815687003396477,1.0218877499614736
2008-01-28,,-0.8488213671552275,-0.9905358560080507,1.0191819574297687
2008-01-29,,-0.510598021975115,-0.4622575957207701,0.9534124487854454
2008-01-30,,-0.4587827054488568,-0.3582051804393654,0.9198993576792103
2008-01-31,,-0.44558836158817994,-0.33905701055238924,0.9631375250813826
2008-02-01,,-0.36989260250786715,-0.250030117384675,0.9518142307985582
2008-02-04,,-0.12408898754204056,0.07818816884449832,0.9301686055628732
2008-02-05,,-0.05966603971768236,0.008108792130481324,0.9658589986625766
2008-02-06,,-0.006638170595027487,0.05225297949253308,0.9605747253581708
2008-02-07,,0.25773442404246266,0.3540290581106005,0.9408911722005016
2008-02-08,,-0.0006533028901381374,-0.006713463773351533,0.9729697985310097
2008-02-11,,-0.2983918159175899,-0.10617761887906961,0.978595416610341
2008-02-12,,-0.3066287699233012,-0.13272493107981762,0.9628413435366049
2008-02-13,,-0.25553948323298253,-0.02831000314379218,0.9512124537746554
2008-02-14,,-0.10522500468052787,0.2950667208250992,0.8942773556321935
2008-02-15,,0.06756252874275946,0.4559470976734002,0.8959321139962271
2008-02-18,,0.16722239139766099,0.52775106701502,0.888649321398504
2008-02-19,,0.2086006390092701,0.6139830862517257,0.8646839495684363
2008-02-20,,0.698270127331957,1.1125327628142114,0.8520019816886218
2008-02-21,,0.7523924217578531,1.087228513188284,0.864298483426323
2008-02-22,,0.3729869966355394,0.5451968413776794,0.8429808142310748
2008-02-25,,0.31333436201838083,0.5574217358094011,0.7885523631543697
2008-02-26,,0.367920944551118,0.6742694996238705,0.764095717697819
2008-02-27,,0.20284962183058663,0.38488919643919994,0.761986379385708
2008-02-28,,-0.17614343787106684,-0.009561837616621506,0.779517283423038
2008-02-29,,-0.3624535893752736,-0.2052096416590185,0.8300280771245132
2008-03-03,,-0.4717853682112842,-0.30833256834602585,0.8260573904235653
2008-03-04,,-0.6645215549322956,-0.38005605525714753,0.7878057616642651
2008-03-05,,-0.5660926366645138,-0.038743307838980105,0.737553518395496
2008-03-06,,-0.8081757435436635,-0.1599963871556399,0.7185370219021306
2008-03-07,,-0.9080373395166238,-0.34196418801215434,0.7306153675106157
2008-03-10,,-0.992862312230135,-0.35260896938444103,0.743837044017459
2008-03-11,,-0.797142258521071,0.0398189481877531,0.6833146674172975
2008-03-12,,-0.9683889703112962,-0.23954882131756386,0.7100432405180505
2008-03-13,,-1.1615866029792608,-0.43845810330382173,0.7113869520696194
2008-03-14,,-1.3279503811517008,-0.8043234300345352,0.7239109298934988
2008-03-17,,-1.5718883942791437,-1.0816636251848486,0.7381362383276757
2008-03-18,,-1.3918192256878748,-0.7091082087675149,0.6718394804261836
2008-03-19,,-1.3926758356318578,-0.7438268136313252,0.6494553918445081
2008-03-20,,-1.3860139527890705,-0.7775796408021967,0.6552120760021852
2008-03-21,,-1.2234829405025722,-0.6114646039922914,0.6508512989793308
2008-03-24,,-0.829678663569402,-0.09219523619290393,0.5671800974825285
2008-03-25,,-0.7797508578900137,-0.15206955020731508,0.5482528618210009
2008-03-26,,-0.7740028341767157,-0.24277383301247518,0.5509497291521047
2008-03-27,,-0.7167787179703881,-0.1447763471184111,0.5320554258021584
2008-03-28,,-0.43608295502521904,0.07882940122306058,0.5452608599643922
2008-03-31,,-0.2004453451925343,0.20667454639933783,0.6095055960705973
2008-04-01,,0.1344292349744102,0.6363563113316539,0.5625136563216372
2008-04-02,,0.5721452234379971,0.9032477494403679,0.544429023117338
2008-04-03,,0.6860041191539042,0.896524560390028,0.5231302960479418
2008-04-04,,1.033104666130991,1.096347492771288,0.5247554218098409
2008-04-07,,1.5213195286728753,1.6350282587592877,0.491158137112544
2008-04-08,,1.721368118559346,1.7927202893171992,0.5066663711387017
2008-04-09,,1.5485111374766714,1.362262381921915,0.5330491634933775
2008-04-10,,1.735082794043565,1.6356200241919312,0.5264229266558648
2008-04-11,,1.8670095725753133,1.7292014713766366,0.5390644341541885
2008-04-14,,1.967652926851628,1.8903845227126312,0.5275979060627455
2008-04-15,,2.313258568923994,2.32298783136251,0.4937117936321569
2008-04-16,,2.2753437618379935,2.1980344977459363,0.4383786058037433
2008-04-17,,2.358960467887491,2.24596086280975,0.41203344507783224
2008-04-18,,2.5441115103823604,2.49500943633405,0.36627756679291945
2008-04-21,,2.513976295009631,2.4316307350855135,0.37106792886625267
2008-04-22,,2.3083031869799253,2.0109893328468487,0.37388207398302525
2008-04-23,,2.1755570805206395,1.8605808747436372,0.36971434115735385
2008-04-24,,2.2604379970002135,2.0040551021888864,0.3388803232110924
2008-04-25,,2.2310155550825,1.9890786437115542,0.3163072757534189
2008-04-28,,2.2911398056142875,1.9856530842997593,0.353195617296198
2008-04-29,,2.3204205900043506,2.176278460668816,0.3617983017795173
2008-04-30,,2.1977813112418945,1.8952565433390751,0.3886996832417219
2008-05-01,,2.0231850146219696,1.724857106173975,0.38601062597256175
2008-05-02,,2.0889486886141366,1.7886507828429468,0.35444869567890036
2008-05-05,,1.9795571715643099,1.7149003982058364,0.35654393113823235
2008-05-06,,1.6767240243835682,1.3813669771753692,0.37057398592885027
2008-05-07,,1.652568721163491,1.3819696119823195,0.3793098949113542
2008-05-08,,1.62927130302589,1.3822198256779066,0.41183064205971986
2008-05-09,,1.5630659187214146,1.2731925715722665,0.4397095897430878
2008-05-12,,1.5789872827096871,1.3203618384775944,0.43697891993260124
2008-05-13,,1.6371697526745606,1.42958326056194,0.3818320451267195
2008-05-14,,1.648650983841863,1.4265196030671126,0.34494942554891467
2008-05-15,,1.4828805725763978,1.1576357684988225,0.36036467184884086
2008-05-16,,1.4399210652383723,1.1000352373249505,0.34443824132943723
2008-05-19,,1.2520485666530703,0.893933301890779,0.3304625207101511
2008-05-20,,1.1394852685179522,0.7776183352671302,0.35853212354350117
2008-05-21,,1.0465014564423216,0.7494599633971318,0.33724293697146995
2008-05-22,,1.0299316741027729,0.7758586553105494,0.31286587310060193
2008-05-23,,0.8283222145684154,0.507993973479947,0.3531648815326663
2008-05-26,,0.7689975918396036,0.41703410653340406,0.35108636600184506
2008-05-27,,0.6695033923624181,0.40361656135745677,0.35843097601132723
2008-05-28,,0.7342527844407222,0.5341289221092964,0.30971301305284854
2008-05-29,,0.7187865554533933,0.5971790653941487,0.29066773675354557
2008-05-30,,0.6291655252741751,0.515155220286933,0.2971102061057815
2008-05-31,,0.604037947144964,0.36640302039985434,0.33030575232438547
2008-06-02,,0.5248289924193641,0.21796571877385912,0.3881275810986691
2008-06-03,,0.4950048413340915,0.14893975079912092,0.43240352658784015
2008-06-04,,0.4599197332362148,0.15967602996746263,0.4264929245181669
2008-06-05,,0.6500535022572382,0.46766394514839305,0.35429414500355044
2008-06-06,,0.6359826646702835,0.4877050005654621,0.37343348556007816
2008-06-09,,0.7126212670988475,0.5994872045950282,0.32983429533947667
2008-06-10,,0.6480798175660034,0.5376767781068832,0.28667908659478714
2008-06-11,,0.5072473753426311,0.3255867220585345,0.3118223505524677
2008-06-12,,0.5992761728167479,0.521703712537712,0.2554512399163468
2008-06-13,,0.5489871343207902,0.49494599932961025,0.23700753267062188
2008-06-16,,0.5594891934574484,0.4800589507736542,0.2309178897536865
2008-06-17,,0.5972451074178298,0.5358060202638305,0.24343742243817404
2008-06-18,,0.4778055721863371,0.331371365218943,0.29536072207996467
2008-06-19,,0.45184682448171815,0.2700730860963633,0.29339804855822094
2008-06-20,,0.4213596046983047,0.19689982634607017,0.37533846264040094
2008-06-23,,0.3719467900498456,0.12377225050627773,0.39781538454774823
2008-06-24,,0.2240780375980185,-0.15485779228023622,0.5037198300604072
2008-06-25,,0.10887026116841751,-0.2995402807657179,0.5000675109688766
2008-06-26,,-0.21175607248929001,-0.6739865113409697,0.5890323214639657
2008-06-27,,-0.32487674157760676,-0.8130549401695425,0.6265208564223567
2008-06-30,,-0.5658583323940904,-0.7805213172252222,0.5362858692381426
2008-07-01,,-0.5952309929919982,-0.7606091642321591,0.5713980169324111
2008-07-02,,-0.5421162802350371,-0.6803710008370293,0.5880224548867934
2008-07-03,,-0.5998658414607105,-0.7834284946197083,0.6096237561069761
2008-07-04,,-0.7094848867585539,-0.9688687456867403,0.605123612792171
2008-07-07,,-0.740057060251839,-1.0528382541729644,0.6541340138375237
2008-07-08,,-0.9285956387210041,-1.2879664818030376,0.6731429474425897
2008-07-09,,-0.9740162305532758,-1.312288680212193,0.6296810299336522
2008-07-10,,-0.9652525355073777,-1.3001463175661534,0.6524233427198141
2008-07-11,,-1.0414200965658829,-1.403339199044074,0.6317544520157682
2008-07-14,,-1.0678941076807487,-1.4318968628128397,0.6226091334021292
2008-07-15,,-1.2329361317296335,-1.6142225171752276,0.658175189943679
2008-07-16,,-1.1936626483201964,-1.4860770892433024,0.624839356055843
2008-07-17,,-0.9977096279088754,-1.0662474072444572,0.5123022445525726
2008-07-18,,-0.9106669275692504,-0.9162485248202036,0.4558277144592479
2008-07-21,,-0.7242183540808911,-0.6122419150830766,0.4175050031406426
2008-07-22,,-0.7173251514040121,-0.5610016742479498,0.4131970633279899
2008-07-23,,-0.4738819901533756,-0.11116464838406866,0.3523254209987904
2008-07-24,,-0.5664927382553644,-0.30532397377651194,0.42072910848984874
2008-07-25,,-0.3108590463446051,0.03163138700223431,0.3910015171039812
2008-07-28,,-0.3116703772147034,-0.026243351594051733,0.4696704864668431
2008-07-29,,-0.21359696103627462,-0.13070530958305832,0.4875439738410435
2008-07-30,,-0.10676739528548929,0.03452148868449886,0.47274986139236197
2008-07-31,,-0.1914571534831891,-0.13026876796297948,0.5552214455398937
2008-08-01,,-0.18411747089500083,-0.16462156234323103,0.6050793603310592
2008-08-04,,-0.18730716093509991,-0.1751329596302942,0.6056989716755005
2008-08-05,,-0.10929185344810463,0.017509679283469894,0.5829847918477588
2008-08-06,,0.0341084872778377,0.22207673094984473,0.5504959601607532
2008-08-07,,-0.042947291933902024,0.027908313560643515,0.5848432568556943
2008-08-08,,0.026687592835170814,0.14953716669365183,0.5712779093546865
2008-08-11,,0.07188488314148746,0.21008063657805529,0.5323210227751322
2008-08-12,,0.05717237361933781,0.17245550732013587,0.5411148283845649
2008-08-13,,0.2546259522775832,0.40596690997593093,0.5334856162917988
2008-08-14,,0.2188818200275257,0.3172650401964501,0.5346449881619844
2008-08-15,,0.1034485706528093,0.02950941268788635,0.5292397787200772
2008-08-18,,-0.0239574732108434,-0.18292846386775588,0.5450004889221193
2008-08-19,,-0.14108362469340033,-0.36956050182166056,0.5599103830137443
2008-08-20,,-0.18618884970502803,-0.4293779111087319,0.5597548130086328
2008-08-21,,-0.2715425032642271,-0.5892923932411938,0.5509010072634316
2008-08-22,,-0.13597753789782457,-0.30595171419627726,0.5212973744778413
2008-08-25,,-0.2123604122022465,-0.4431256446341065,0.5331690892501125
2008-08-26,,-0.09142908941261406,-0.19708007139605396,0.5219365678620546
2008-08-27,,-0.10707792976856656,-0.18260767462998295,0.5274970234230859
2008-08-28,,-0.08527573332559783,-0.12947936826159154,0.49087297331191393
2008-08-29,,0.01985635301552532,0.13112973915773832,0.473851692384006
2008-08-31,,0.09062892499849343,0.1959944432070923,0.5187265429293548
2008-09-01,,0.09582073347992678,0.20839224038405577,0.514868979816693
2008-09-02,,0.02571941890969577,0.08903248042405314,0.5328833570059888
2008-09-03,,-0.06029650589720606,-0.0699858333684436,0.5487484430817996
2008-09-04,,-0.03812025892514101,-0.015946124454742684,0.5585173433953203
2008-09-05,,-0.07088930521670721,-0.04220587365517215,0.5468505475926592
2008-09-08,,-0.059222215338705746,-0.014668123376166365,0.5027749117829844
2008-09-09,,-0.12051173492030745,-0.05471772557245047,0.5071681630802843
2008-09-10,,-0.23308353748903574,-0.10830182472566167,0.48476752709635984
2008-09-11,,-0.35060856512706695,-0.17543630658168444,0.4645551648269219
2008-09-12,,-0.32115908799344234,-0.05056656060639195,0.40501444273872317
2008-09-15,,-0.8704322187074564,-0.6812579923166613,0.4823517177531968
2008-09-16,,-1.1837144419481795,-0.9191974683764165,0.4718536633784276
2008-09-17,,-1.5122702708288602,-1.2836226095179335,0.4942430408630453
2008-09-18,,-1.7326011410416804,-1.5234542936280278,0.5004403696926119
2008-09-19,,-1.1919028974430572,-0.7247094662959764,0.32843646287763134
2008-09-22,,-1.0897921254132021,-0.6227558060241896,0.32618169337955855
2008-09-23,,-1.2081256423011872,-0.8578461950036147,0.3723578928149765
2008-09-24,,-1.4879483744486521,-1.1920337339163507,0.409685190402477
2008-09-25,,-1.7517634078463389,-1.4965830396117137,0.39706870718172915
2008-09-26,,-1.909100476544397,-1.9526287217338933,0.4827662441176194
2008-09-29,,-1.9016563164839424,-1.9849493020022004,0.5648597511711498
2008-09-30,,-1.8675145876361103,-1.94688238987426,0.49986482672060406
2008-10-01,,-1.8348969323576412,-1.9106462486574245,0.5273950656782551
2008-10-02,,-1.8036902674626178,-1.8760950973028587,0.6148457188347018
2008-10-03,,-1.7737929757749755,-1.8430989777464475,0.6329956997896785
2008-10-06,,-1.7451134512842754,-1.8115416102489827,0.7726884978501677
2008-10-07,,-1.7175688638818143,-1.7813185938554703,0.7297891915031683
2008-10-08,,-1.6910841055416592,-1.7523358881824316,0.7477789690916364
2008-10-09,,-1.6655908872561522,-1.724508525973856,0.7702020314946441
2008-10-10,,-1.6410269618746975,-1.6977595160709749,0.8507532738778903
2008-10-13,,-1.6173354526057044,-1.6720189043721327,0.8428121755395156
2008-10-14,,-1.5944642706062613,-1.647222966568417,0.5626997625549633
2008-10-15,,-1.5723656080143826,-1.6233135113357384,0.6598105527447867
2008-10-16,,-1.5509954951352996,-1.6002372765481532,0.6778867121332156
2008-10-17,,-1.530313412398878,-1.5779454041782273,0.5830206547801755
2008-10-20,,-1.5102819492542845,-1.5563929820405384,0.49231026628663616
2008-10-21,,-1.4908665034333939,-1.5355386425454032,0.4624498219196248
2008-10-22,,-1.472035015053003,-1.5153442102624248,0.4949664187953985
2008-10-23,,-1.45375773088221,-1.4957743914253965,0.5410623254756841
2008-10-24,,-1.4360069948103125,-1.4767964996019942,0.527142333996129
2008-10-27,,-1.4187570611401052,-1.4583802126509153,0.4996610315449612
2008-10-28,,-1.401983927823531,-1.4404973568328987,0.41881116836672416
2008-10-29,,-1.3856651871689274,-1.423121714559818,0.2679988197358598
2008-10-30,,-1.3556198633907972,-1.3707322431107247,0.18487579888982061
2008-10-31,,-1.2411237977530891,-1.1054692328121831,0.2586134977815992
2008-11-03,,-1.2006131826599722,-1.0248892863387489,0.2843051597574561
2008-11-04,,-1.0146403458373,-0.5747432258732503,0.25276993581164015
2008-11-05,,-0.8778034457153128,-0.46874703394194017,0.26294850845465884
2008-11-06,,-0.7339400319628433,-0.35980839083955674,0.3027493865041641
2008-11-07,,-0.5696536086971277,-0.22436358895999678,0.3451940092762092
2008-11-10,,0.01764562587270222,0.43798534142826956,0.3587551103843061
2008-11-11,,0.02902550051088101,0.4408982435020184,0.35905158732349457
2008-11-12,,-0.19345807383904742,-0.20172366115003798,0.48483386244552673
2008-11-13,,-0.07552893174358796,7.610422428610769e-05,0.5102990864049318
2008-11-14,,0.1608358746736528,0.22961069161951655,0.5325883297961245
2008-11-17,,0.28386961110267267,0.21030210510145658,0.5704548500201525
2008-11-18,,0.11816273274330037,-0.1346146697018534,0.6486784365672998
2008-11-19,,0.03156327764671244,-0.39012001293605014,0.7638463925818205
2008-11-20,,-0.19913717614795154,-0.7120104244848132,0.8703303618159962
2008-11-21,,-0.2956790422034212,-0.7697963340923656,0.8797646549268393
2008-11-24,,-0.1699444807305401,-0.5666471608234055,0.7955739680662574
2008-11-25,,-0.10405834191093319,-0.49543802269584225,0.7610236172529768
2008-11-26,,-0.06341251584566511,-0.5061413017306777,0.7242730999164795
2008-11-27,,-0.10403816027018174,-0.719762565922551,0.721004254603917
2008-11-28,,-0.17284998632485818,-0.8514986743060051,0.7010616887803413
2008-11-30,,-0.19729321161881913,-0.7594309578719349,0.6862912576246816
2008-12-01,,-0.25196902391417075,-0.8376237730641151,0.7351325029533364
2008-12-02,,-0.3325040996747677,-0.8665510580498342,0.6708382527667373
2008-12-03,,-0.49484625560143036,-0.9856932692431757,0.6727276276306935
2008-12-04,,-0.5221939838782833,-0.9810614336866577,0.6917530719847824
2008-12-05,,-0.5716334705188935,-0.9943379395260574,0.7099748685609132
2008-12-08,,-0.5379462111637927,-0.8990282589271833,0.6746519570461122
2008-12-09,,-0.5425717771437651,-0.8610090662584761,0.6446458180338527
2008-12-10,,-0.4641214278501,-0.6583770690413259,0.6527459131293901
2008-12-11,,-0.4320217799111875,-0.6633104128516425,0.6995115768633593
2008-12-12,,-0.48261247784078776,-0.7752416258037492,0.7786663912279137
2008-12-15,,-0.48783520470927,-0.8696146813922419,0.8895624339181911
2008-12-16,,-0.24950273311881915,-0.44566477807254595,0.7785267772369037
2008-12-17,,0.047201098259342676,0.026664352946445487,0.7080733069328674
2008-12-18,,0.4463323832585727,0.5784034464477663,0.6455716465748778
2008-12-19,,0.7377680421668553,0.9074391621835075,0.59520381666023
2008-12-22,,0.864615298372015,0.9914446526797293,0.5348249692811246
2008-12-23,,0.9786812217829393,1.1417840379005706,0.4508847387858524
2008-12-24,,0.989033463287264,1.0992019894633807,0.455474971310507
2008-12-25,,0.982863222842823,1.0936248704548743,0.4513637611988085
2008-12-26,,1.0451572997269696,1.1964655765352623,0.3804269239018042
2008-12-29,,1.1653696600534653,1.3636615888622585,0.3013010510576675
2008-12-30,,1.4478837275104597,1.8270909203124377,0.1447707704085456
2008-12-31,,1.4450468516113397,1.9411980223178864,-0.024184709286380994
2009-01-01,,1.514003132941455,1.9825692946694577,-0.025108043596081965
2009-01-02,,1.5972644333107635,2.1134433468717715,-0.09263318126148672
2009-01-05,,1.7717516946616094,2.296697655197356,-0.15903018591661183
2009-01-06,,1.9833581439380028,2.4698909609389275,-0.2758513999535041
2009-01-07,,2.079938828703158,2.465482255479426,-0.28000325495068284
2009-01-08,,2.0596253764350902,2.311352934356756,-0.15986720962083723
2009-01-09,,2.1047699235271824,2.332499400889923,-0.13220089492500395
2009-01-12,,2.1132967108650678,2.2943326682987975,-0.08645317448633105
2009-01-13,,2.077704088803108,2.2389550233050026,-0.03139125605984946
2009-01-14,,2.0700617915030377,2.1870063738274923,0.007431326951288645
2009-01-15,,1.9026152727355317,1.9706038010631466,0.03314716770303795
2009-01-16,,1.828396268092984,1.8669363972276263,0.0002766326474549909
2009-01-19,,1.7060636476960511,1.7240511155322034,0.006423027532262749
2009-01-20,,1.6401382234174793,1.615013511495317,0.008281074368681269
2009-01-21,,1.570913143982582,1.4967885958101148,0.0012165125964965764
2009-01-22,,1.5289929998773,1.4668726358105812,-0.0031476332079135175
2009-01-23,,1.5097898459954004,1.429012967840016,0.0230093956549529
2009-01-26,,1.4818971785365782,1.329446333947422,0.05961458307330216
2009-01-27,,1.45189376800617,1.2127833265054266,0.10207752017524704
2009-01-28,,1.374219835988266,1.0728338475178079,0.003747386649875224
2009-01-29,,1.4689529331384603,1.0061422785604728,-0.0058863721686937915
2009-01-30,,1.4792014555504787,0.9954607362363754,0.03736940092025433
2009-01-31,,1.352032888073492,0.888111232298919,-0.00701063147443504
2009-02-02,,1.2130427633970355,0.715563905466112,0.05434200878753685
2009-02-03,,1.003072299385148,0.5078238143471238,0.014992822246922501
2009-02-04,,0.9299209720292844,0.47090095184562264,-0.023128650036259416
2009-02-05,,0.926484071309912,0.5519095368629924,-0.011713332345168357
2009-02-06,,0.9074744258749647,0.567138441367723,-0.0208059845216695
2009-02-09,,0.9047851523874976,0.5916058844606903,-0.008089145591052341
2009-02-10,,0.9101060876677178,0.606503997308388,0.039017228841811614
2009-02-11,,0.8814890630615756,0.5836619884034303,0.09502857309914298
2009-02-12,,0.8567365491650474,0.5830216572053938,0.11306204337753513
2009-02-13,,0.7971388925580771,0.5413282520222257,0.07616916985061409
2009-02-16,,0.8191835996996931,0.5918513421172092,0.00954503934443728
2009-02-17,,0.7270574100493593,0.45744433467397566,0.1685738849476634
2009-02-18,,0.6495247357903317,0.3843975708089696,0.18503604528796602
2009-02-19,,0.651015774022845,0.41133674708761964,0.14203761278012192
2009-02-20,,0.5773096741990817,0.3315062940912638,0.23464662725162205
2009-02-23,,0.5199311559413573,0.3038468947464048,0.26111073315001343
2009-02-24,,0.3767532452719543,0.1879709697895151,0.3404085645081174
2009-02-25,,0.28258383350893207,0.08529530344423274,0.31791083498299866
2009-02-26,,0.17427414976584824,0.02230829533127402,0.29207207695448906
2009-02-27,,0.07568159184829594,-0.04728438750205699,0.33572751332713385
2009-02-28,,0.17026871801437715,-0.03004658928626719,0.3634264515034287
2009-03-02,,0.07404911711390631,-0.13690530674122528,0.49118410003159396
2009-03-03,,-0.007338708039712565,-0.2535816790906043,0.5475556061828005
2009-03-04,,-0.10620945222465727,-0.36630460988957214,0.5930592412737531
2009-03-05,,-0.19695803312999638,-0.4747431264979376,0.6667375287497033
2009-03-06,,-0.26796498837945026,-0.5211469707049423,0.6516328778859796
2009-03-09,,-0.36870529868316426,-0.607501397586853,0.6807017050834386
2009-03-10,,-0.3632636224865595,-0.519912185295577,0.5992585127719573
2009-03-11,,-0.31761722062914893,-0.36849978475551615,0.4608765065709828
2009-03-12,,-0.280977937827995,-0.30026288076235735,0.4031379626622094
2009-03-13,,-0.2510558718115579,-0.23234860373666796,0.2942053190106678
2009-03-16,,-0.20440418769131988,-0.14041528789004287,0.15004429020066568
2009-03-17,,-0.11810390823652137,0.014071021833137846,0.12843429122794692
2009-03-18,,-0.15405984104810388,-0.07321247015578118,0.24891058420777804
2009-03-19,,-0.1482676865900911,-0.030195603848940156,0.1410563997681599
2009-03-20,,-0.08497466959322855,0.06939740820970483,0.13230406094694788
2009-03-23,,-0.03673181907648453,0.16539163163539103,0.052523579150505526
2009-03-24,,0.104281980538151,0.3363449183464757,0.018561844892007594
2009-03-25,,0.13216490615543938,0.38494717578996507,-0.05739322057008284
2009-03-26,,0.2072339289275731,0.4478106237756615,-0.11730713381918666
2009-03-27,,0.33890109224541953,0.643869089308353,-0.25785731193615274
2009-03-30,,0.26567837697519736,0.5852430516077168,-0.18950163518227317
2009-03-31,,0.31389817544665766,0.6975137880675439,-0.16802666058077317
2009-04-01,,0.35801331573216344,0.7504567235538304,-0.13756564538923327
2009-04-02,,0.4943735819970887,0.9365467181152102,-0.2753084648591293
2009-04-03,,0.6270196532829071,1.12879090890422,-0.3857826140920448
2009-04-06,,0.7115608326785482,1.1755490048479365,-0.4174163208832615
2009-04-07,,0.7910479116533364,1.2275587384478424,-0.395177502880919
2009-04-08,,0.8293048561721214,1.185694086956899,-0.40543451036234607
2009-04-09,,0.8604581222181193,1.1133613932269772,-0.44767858945993666
2009-04-10,,0.8597219389041498,1.0677705281352194,-0.44675954601144535
2009-04-13,,0.8603731632541922,0.9774740302345797,-0.4311420415849389
2009-04-14,,0.8583902808155823,0.9316149624197366,-0.5544541109497698
2009-04-15,,0.9024210127913935,0.9432603869564281,-0.567805201986857
2009-04-16,,1.0844382371361747,1.1758427365968462,-0.6494201091970558
2009-04-17,,1.1872064932227142,1.215275114306881,-0.7420672988423701
2009-04-20,,1.1882675780040868,1.1560802621080275,-0.6574050642435204
2009-04-21,,1.1391260020304503,1.0155119423070962,-0.5614471386215569
2009-04-22,,1.1410433783685845,0.9931739158834595,-0.5645517127199877
2009-04-23,,1.1060101780732137,0.9505059735951671,-0.6086711460803408
2009-04-24,,1.1256439254532764,0.9850952723107548,-0.7142827465187424
2009-04-27,,1.0544161773280223,0.8418871351674988,-0.6753134144278159
2009-04-28,,1.128948070333934,0.9239416077590719,-0.6696259540939589
2009-04-29,,1.2999443409242126,1.0762790981718737,-0.723436243540134
2009-04-30,,1.5004827811574608,1.436333969953756,-1.1048819369997502
2009-05-01,,1.4780308513672724,1.3315113501254465,-1.0482254662254662
2009-05-04,,1.4362658365491945,1.261366768271193,-1.0547338699627002
2009-05-05,,1.4491293006714743,1.257129742924219,-1.0287944153584763
2009-05-06,,1.4811052180003421,1.2856832482088982,-0.9996161244413994
2009-05-07,,1.5529737436876931,1.3677817623320678,-1.0447167924772205
2009-05-08,,1.5265477823371483,1.3288779115533802,-1.0012224986981315
2009-05-11,,1.4648435732403224,1.249792654294663,-0.9146964852577237
2009-05-12,,1.4045695732653252,1.1995605653411505,-0.8596647205061215
2009-05-13,,1.2708117619591572,1.0135502600006108,-0.7565299686958665
2009-05-14,,1.177344930011344,0.9453322870136491,-0.7380866644712821
2009-05-15,,1.0819338634190345,0.8370146193458345,-0.719309489135956
2009-05-18,,0.9650104152333295,0.7308648172446655,-0.7599134123090835
2009-05-19,,1.0074665194670094,0.810754779594736,-0.756447909528
2009-05-20,,1.0780744045294703,0.9304921564851806,-0.7939257057449605
2009-05-21,,1.0692174345225167,0.934704202519454,-0.8036932943927615
2009-05-22,,1.0958033793418915,0.9514579782922546,-0.8450178646116528
2009-05-25,,1.012983351301535,0.8367361276674783,-0.8280553852758011
2009-05-26,,1.0361033068582701,0.8589407858763944,-0.7902473350138817
2009-05-27,,1.0523395435469336,0.8805049448821222,-0.8039483024809039
2009-05-28,,1.0045683438103004,0.8057729912107046,-0.7659573062814576
2009-05-29,,0.8653981271239847,0.46571843411534447,-0.6273375926064163
2009-05-31,,0.8120692873225802,0.4457349532917121,-0.6120089767360826
2009-06-01,,0.8387370382107115,0.5168182882646176,-0.7463957326537985
2009-06-02,,0.8661508356663359,0.5188726859506434,-0.6504020328453016
2009-06-03,,0.8329054198496556,0.47522268894099834,-0.5543496111064014
2009-06-04,,0.7372906561881821,0.3925873803425252,-0.5832454217869243
2009-06-05,,0.741180556485687,0.44872947736448127,-0.6680707301362748
2009-06-08,,0.8041051641452057,0.5340129735508155,-0.6608113470974096
2009-06-09,,0.803633573708652,0.5523417207452015,-0.6396614274524419
2009-06-10,,0.9030729885676427,0.6727251173269363,-0.6193981806818041
2009-06-11,,0.9437424689384003,0.6822586801882222,-0.5186548084184532
2009-06-12,,0.938572001872914,0.6816968898465146,-0.48887019643202156
2009-06-15,,0.9257612119329742,0.6480617389108146,-0.44969016533301237
2009-06-16,,0.8528930413378011,0.5651586637039281,-0.35828955663624223
2009-06-17,,0.7321081618092599,0.4031093165509907,-0.1904634968538163
2009-06-18,,0.6925531621503165,0.352796151412164,-0.1387219940311136
2009-06-19,,0.6454570034231442,0.28253394146594546,-0.08032290350554229
2009-06-22,,0.6044370341836046,0.22609549864131268,0.01438195201725154
2009-06-23,,0.5466642749363807,0.16982114285820596,0.1056104943007427
2009-06-24,,0.4552456362185315,0.09996570543422402,0.07026352799919357
2009-06-25,,0.369180330898543,0.026749973657532806,0.12962659501678994
2009-06-26,,0.29834445371918805,0.033185652276018954,0.0970525499845514
2009-06-29,,0.2692693842470293,0.025704082474042024,0.062062585277055694
2009-06-30,,0.2891852673019975,0.08115017526712148,-0.27050180915529154
2009-07-01,,0.18106542842695578,0.03817701412506644,-0.3104694013805596
2009-07-02,,0.1262102148290293,0.023490781433398986,-0.2955939705788363
2009-07-03,,0.0722426665358465,-0.033785806280036926,-0.29697667767366837
2009-07-06,,-0.04010136297771593,-0.17669340768328368,-0.23113658167762707
2009-07-07,,-0.0817920957959876,-0.21908612743185615,-0.20781147639848338
2009-07-08,,-0.13191312819990156,-0.29747847522251625,-0.043559879125661394
2009-07-09,,-0.20391605418335523,-0.33954590219795255,-0.0859597958225533
2009-07-10,,-0.2592086006102003,-0.37062007880831177,-0.018807688283145357
2009-07-13,,-0.2778106002440799,-0.3870126953353092,0.012033596849376719
2009-07-14,,-0.24825569595191765,-0.3299742111318984,-0.07152263275270698
2009-07-15,,-0.17480182476138406,-0.2102809583896228,-0.17922670071042787
2009-07-16,,-0.11934868846529746,-0.13519556847254366,-0.0794627166116938
2009-07-17,,-0.08725847844285474,-0.07133117122219217,-0.15498047355112093
2009-07-20,,-0.08594190521188858,-0.05249808044819593,-0.1557626189424727
2009-07-21,,-0.014677587318307064,0.0454933886282763,-0.1688524629606649
2009-07-22,,0.03614789500560229,0.12444864524901378,-0.18876887322498676
2009-07-23,,0.1232351357106109,0.22986942880297967,-0.335519260739987
2009-07-24,,0.1787872321589519,0.2891385768807531,-0.3103297536869612
2009-07-27,,0.2439794954463898,0.3404860903497252,-0.33241690909191424
2009-07-28,,0.28354221853425376,0.3608176734471503,-0.3215943755167559
2009-07-29,,0.24135158752320743,0.21114406506610092,-0.2565207588559646
2009-07-30,,0.3138449529537392,0.23275195062414922,-0.12865825577008547
2009-07-31,,0.3576269069638397,0.2815803447000132,-0.14936171560282868
2009-08-03,,0.4234282710271119,0.36929928418495245,-0.27088151034341523
2009-08-04,,0.49705157784787024,0.44467865837581316,-0.2474030184597375
2009-08-05,,0.5390713355897037,0.49192453874905967,-0.2758071109558557
2009-08-06,,0.6192933803468416,0.585884944423949,-0.21047025805082323
2009-08-07,,0.6629441157657421,0.62352433326093,-0.28241068376381673
2009-08-10,,0.6895112966073984,0.6527345497598515,-0.2324510747081418
2009-08-11,,0.6636589621493093,0.6341571285151245,-0.18132778371508854
2009-08-12,,0.5753775311829368,0.5088968762982019,-0.03979072819149045
2009-08-13,,0.47686974592503273,0.3567986080713114,0.12197650926876928
2009-08-14,,0.4486653028442439,0.36174805339529187,0.13684355175031646
2009-08-17,,0.3344027282135775,0.20169996160067874,0.32618590287842786
2009-08-18,,0.29455114719439374,0.1756522043078329,0.29793382741559876
2009-08-19,,0.23511214397694707,0.11712191123810672,0.31889385803456854
2009-08-20,,0.1910801110964058,0.06277496048314715,0.36009892260270104
2009-08-21,,0.1286432009760978,-0.003847565633281016,0.19939578987328432
2009-08-24,,0.09164531918128406,-0.041487075055006345,0.24788983516816354
2009-08-25,,0.04971625683443717,-0.09157014443614091,0.26465815815984095
2009-08-26,,0.006004288045795234,-0.12909746543066378,0.2610155923644028
2009-08-27,,-0.04980152194469687,-0.16240736730525118,0.23685020980247978
2009-08-28,,-0.11945513837738671,-0.19569830265313598,0.22754639680723385
2009-08-31,,-0.17980460041540247,-0.27560663726558804,0.3257321573086469
2009-09-01,,-0.2712950022789009,-0.39797003648684326,0.3805799343794219
2009-09-02,,-0.34731026206690574,-0.46440618320558097,0.43017688497413226
2009-09-03,,-0.39340111879716744,-0.49197779302437195,0.36310168718834507
2009-09-04,,-0.4167983286472587,-0.463432595031163,0.22334341723801204
2009-09-07,,-0.48023226169218663,-0.534517285207836,0.2296407460274468
2009-09-08,,-0.46374733464639883,-0.49670390344150217,0.15795667294200705
2009-09-09,,-0.42761281852742017,-0.4459557410345985,0.09779213594918747
2009-09-10,,-0.3556708203699795,-0.36026665920580797,0.11167475165114976
2009-09-11,,-0.28975127619977953,-0.2350140656871628,-0.014427976961527237
2009-09-14,,-0.22372992613373174,-0.12760068161148044,-0.25987665779401775
2009-09-15,,-0.08317911960472005,0.0734169164034779,-0.4413193817044754
2009-09-16,,0.011721038860809984,0.1979821506875298,-0.7343391061230373
2009-09-17,,0.05170876623981394,0.22329591087593684,-0.6760824966075202
2009-09-18,,0.09690030500180954,0.2801403383504576,-0.7434220828727348
2009-09-21,,0.06639413259531594,0.2052677152718854,-0.6807688392910503
2009-09-22,,0.08007496922493432,0.23999152236780083,-0.7354379111391064
2009-09-23,,0.07689517984435007,0.2517217828318078,-0.7814116861147705
2009-09-24,,0.06814856231547285,0.2496236884870212,-0.7985967647790955
2009-09-25,,0.04055352061746754,0.2198212200477358,-0.7601563745630036
2009-09-28,,-0.0003382930171885197,0.1761722032346544,-0.6891340815445771
2009-09-29,,0.021622240070150994,0.23057243753391204,-0.7559905899519351
2009-09-30,,0.028402915624182023,0.24734244862070448,-0.7498284911465497
2009-10-01,,-0.012808348023676704,0.18407589304045716,-0.5191432388080401
2009-10-02,,-0.05396767347712982,0.12094169538606674,-0.4295351516241421
2009-10-05,,-0.06389088933760055,0.09594785435564836,-0.48026713330340787
2009-10-06,,-0.019057582777104114,0.14744923922847628,-0.5925049308827467
2009-10-07,,-0.05279842255638634,0.08362744458301476,-0.4561612900840754
2009-10-08,,-0.04142926878556918,0.11159319462931395,-0.631772854345969
2009-10-09,,-0.034237742569954766,0.14921164848675655,-0.7872833043959666
2009-10-12,,-0.09054524140479704,0.06982101780081015,-0.7650349576134068
2009-10-13,,-0.15842911627934328,-0.05849680453281634,-0.6709507154352772
2009-10-14,,-0.20089247058602464,-0.08329287874064234,-0.9533795659074294
2009-10-15,,-0.254811081626845,-0.1773994910680896,-1.0064481426609306
2009-10-16,,-0.2622228033774004,-0.17688760027724146,-0.9672411998425213
2009-10-19,,-0.3044405084607911,-0.221396414883126,-0.9746797435646095
2009-10-20,,-0.3055347839861769,-0.20554498181071626,-0.9903922499911135
2009-10-21,,-0.2938976825540088,-0.19981486591329262,-1.0683002774854293
2009-10-22,,-0.2822812923943429,-0.1940918099605577,-1.1149568581794826
2009-10-23,,-0.2519008419108684,-0.1628483861189385,-1.18479483364916
2009-10-26,,-0.20914175745314317,-0.10083137123946714,-1.3011678436516645
2009-10-27,,-0.21243956206206188,-0.13170660672327397,-1.0765501573185934
2009-10-28,,-0.25388097464279025,-0.21441449699684598,-0.8954138045138007
2009-10-29,,-0.22517538592129563,-0.18762953417847206,-0.9218853310281027
2009-10-30,,-0.190164874859473,-0.1451490688140298,-0.7618225042158603
2009-10-31,,-0.13157149883810335,-0.06583118940126008,-0.8470465108166463
2009-11-02,,-0.1596888296248662,-0.09241675441992298,-0.867531362106203
2009-11-03,,-0.20949492531596794,-0.15091311710888528,-0.8451500973127184
2009-11-04,,-0.1830286223132623,-0.08637577490434009,-0.9461596470365509
2009-11-05,,-0.21750528662724228,-0.15089033478209457,-0.9254634292961766
2009-11-06,,-0.28078548716920676,-0.24237470307662806,-0.8415228887102929
2009-11-09,,-0.26197362663604745,-0.21976373177565103,-0.8861009002640681
2009-11-10,,-0.22092791014106747,-0.1644265076550879,-0.9208675480377676
2009-11-11,,-0.26692786934529955,-0.25724014887508073,-0.9189515864137787
2009-11-12,,-0.31342098581217886,-0.30585420037974054,-0.9035719051693444
2009-11-13,,-0.30770645842317634,-0.29348864292691007,-0.9189055480358056
2009-11-16,,-0.31769756483157213,-0.3200992433187159,-0.8333557327996924
2009-11-17,,-0.30937704100377683,-0.3243052916410597,-0.8160596048126187
2009-11-18,,-0.3452040999311959,-0.3453632739845873,-0.9041644373451887
2009-11-19,,-0.3758512063745332,-0.4002411740252859,-0.7936332836463901
2009-11-20,,-0.3972946197512363,-0.4323051244141106,-0.784593507052641
2009-11-23,,-0.4327335200190589,-0.47565030664237457,-0.830452771199034
2009-11-24,,-0.4217063037377154,-0.4274069696075051,-0.7623353134006156
2009-11-25,,-0.3846728795748137,-0.3620629567172195,-0.7411552783582702
2009-11-26,,-0.3994945361096597,-0.37770070149147045,-0.7422142543829092
2009-11-27,,-0.4002620651882352,-0.35850244186421554,-0.6139895417495237
2009-11-30,,-0.4632267697590059,-0.39763717244423,-0.6831159811963088
2009-12-01,,-0.434661613276309,-0.3547062468344741,-0.8354874960815356
2009-12-02,,-0.3893073793348783,-0.2941978200366241,-1.0024808877953628
2009-12-03,,-0.3705482541420839,-0.2751953027364055,-1.1279171356006512
2009-12-04,,-0.29859336151718324,-0.1729299958017819,-1.3892341460662851
2009-12-07,,-0.27274540883367987,-0.1604388478862911,-1.263512249245164
2009-12-08,,-0.29105165281210293,-0.20807397546245177,-1.1320226470102595
2009-12-09,,-0.2999214758496291,-0.20734173454832477,-1.187234483364482
2009-12-10,,-0.24896987169326945,-0.1580254584652018,-1.231893198722716
2009-12-11,,-0.19070568092087922,-0.09041529202153195,-1.3072398741015205
2009-12-14,,-0.12477114275865296,-0.02896781889437432,-1.314743173387707
2009-12-15,,-0.06941515915642706,0.05712751496874837,-1.3945925909591779
2009-12-16,,-0.0493067435394464,0.08116350038633499,-1.3894867475578325
2009-12-17,,-0.061468151111912464,-0.0007590897889499409,-1.1110843091830813
2009-12-18,,-0.0235619495923951,0.06771266241832968,-1.1708306679524265
2009-12-21,,0.0038720483818629604,0.13612339897912934,-1.3714603742921532
2009-12-22,,0.02651693627920827,0.16649927159769554,-1.4774974889309676
2009-12-23,,0.06991996763902061,0.22223877428024877,-1.5311115771400423
2009-12-24,,0.1081367946664176,0.26508985014628156,-1.5481595914414328
2009-12-25,,0.10692545110829534,0.2629658357975183,-1.531480411833657
2009-12-28,,0.16636648606452187,0.33165254985242876,-1.5593714809558483
2009-12-29,,0.23452824407805728,0.341929567436175,-1.4776667018174792
2009-12-30,,0.222353290109163,0.28726108216912233,-1.401096442870547
2009-12-31,,0.21477784888824,0.297988615807156,-1.5549255541080937
2010-01-01,,0.1672610744344814,0.2366005916953162,-1.537858583696679
2010-01-04,,0.12548382181968343,0.16216333453815326,-1.5359110500023139
2010-01-05,,0.16219065339102895,0.2004263920050034,-1.477945017550397
2010-01-06,,0.24204794247054445,0.31838607422189785,-1.5267680056812196
2010-01-07,,0.29745870580538947,0.37584431581992683,-1.5936984709353907
2010-01-08,,0.27597975420289417,0.3258767132613167,-1.4634001729724322
2010-01-11,,0.2572834099594128,0.28281551594774534,-1.4162140135686554
2010-01-12,,0.14407170496558194,0.1450927589364846,-1.2522478900204497
2010-01-13,,0.10069599046478281,0.09604244878952381,-1.2748688155686507
2010-01-14,,0.07428102344536838,0.06072701564968536,-1.2006896110295284
2010-01-15,,0.047173486877954,0.0804705886965938,-1.122158941596644
2010-01-18,,0.0037334273340389875,0.031062618802809968,-1.116896860535317
2010-01-19,,-0.056487328265791455,-0.060019516182662304,-1.1286569364450063
2010-01-20,,-0.10223015107227465,-0.14407228693152668,-1.0315187955697493
2010-01-21,,-0.16247020747885801,-0.2350914785461178,-0.9164367151990128
2010-01-22,,-0.26037852342261025,-0.36125863508270245,-0.7801587092623293
2010-01-25,,-0.3002596236352203,-0.40215452405082225,-0.7484998834516
2010-01-26,,-0.34007732912773775,-0.44294217617835735,-0.7498025143096144
2010-01-27,,-0.35674197935227403,-0.4264610562926041,-0.8112662838368959
2010-01-28,,-0.3643083002221606,-0.41721127368814287,-0.8117058018325186
2010-01-29,,-0.421352752254725,-0.5305041901812907,-0.7096167473081807
2010-01-31,,-0.38241456775892607,-0.5854146411584351,-0.32755630249921686
2010-02-01,,-0.4439274575559168,-0.6182539272126228,-0.4255345372510779
2010-02-02,,-0.49010662088344775,-0.6436105016929645,-0.3886418783657647
2010-02-03,,-0.5390569490661917,-0.6760885103029363,-0.5305766340716357
2010-02-04,,-0.7019946368149307,-0.8689721067268186,-0.3753807018779308
2010-02-05,,-0.8392166729370603,-1.029785957873172,-0.014054439013027404
2010-02-08,,-0.9026883774103511,-1.0711190828479356,-0.032093243304255226
2010-02-09,,-0.8928242455273167,-1.0243254387455292,-0.022856213826249597
2010-02-10,,-0.9247242002387078,-1.0803068658351247,0.06977468821440677
2010-02-11,,-0.9289373174835674,-1.0987357537033564,0.1972463352493128
2010-02-12,,-0.9058375457684414,-1.0804019563034066,0.2845022100944951
2010-02-15,,-0.880068650720088,-1.0551447365445468,0.26715889865992754
2010-02-16,,-0.8730265511232154,-1.0449210498171693,0.23139053362753198
2010-02-17,,-0.7726374832914459,-0.8376823407147932,-0.22159869295072498
2010-02-18,,-0.6477288911371598,-0.662032542315242,-0.4481461551761686
2010-02-19,,-0.5422489193692619,-0.5022913366270377,-0.6190161260821001
2010-02-22,,-0.4520279581362657,-0.41013882400387414,-0.6849763985944249
2010-02-23,,-0.44882076368182283,-0.4678701526940473,-0.41277609967832724
2010-02-24,,-0.44960940307563907,-0.47282804886866014,-0.4697735124522123
2010-02-25,,-0.4817691147836242,-0.5230099789024154,-0.3419743616219948
2010-02-26,,-0.4667931802640193,-0.4897088977760948,-0.32389952799067584
2010-02-28,,-0.5454866532018893,-0.46414974836678013,-0.2915042870008974
2010-03-01,,-0.52674149990268,-0.42340054217169076,-0.4930869107079504
2010-03-02,,-0.45954890069199605,-0.3597233849779871,-0.5574436856752133
2010-03-03,,-0.4828829118245964,-0.3888230146179883,-0.6615601034708327
2010-03-04,,-0.3705425111922327,-0.24718241200034427,-0.7658756837669062
2010-03-05,,-0.18082618428701067,0.019270531485745986,-0.9244387375244919
2010-03-08,,-0.06873403383239475,0.1286990878316314,-0.9802798847274838
2010-03-09,,-0.019432037428666147,0.1828507284970138,-1.015497150131171
2010-03-10,,0.046066456356765505,0.2765223709410866,-1.054517557760444
2010-03-11,,0.06490946865024999,0.3222670212077116,-1.022813896263763
2010-03-12,,0.10715284390751967,0.39182627338526493,-1.051997035920205
2010-03-15,,0.09619554458369921,0.3649374882608524,-0.977148591560903
2010-03-16,,0.09899447331122953,0.33813951944100196,-0.8913450570566579
2010-03-17,,0.05525865553308348,0.19802940416755588,-0.9015090654415309
2010-03-18,,0.006669474207907136,0.14767339556427111,-1.0536699308570878
2010-03-19,,-0.010626311577508188,0.10554700865109642,-1.083588576648927
2010-03-22,,-0.05883595453672586,0.022279085526256775,-0.940390369040529
2010-03-23,,-0.03233054488814656,0.1211057512109895,-0.9854225960966303
2010-03-24,,0.0401052990713476,0.22814981285004735,-1.212011310964948
2010-03-25,,0.13016782795610557,0.3433205463849527,-1.2493605018748446
2010-03-26,,0.13982072874052856,0.33243936780343847,-1.1430977790661183
2010-03-29,,0.18809301918213628,0.3805195785492316,-1.1637503159624276
2010-03-30,,0.21946131612211173,0.35235679009167276,-1.1581816577873332
2010-03-31,,0.13618647959581356,0.22228779229565612,-0.8785756392908323
2010-04-01,,0.14251026994530816,0.2035106757541991,-0.872295902458675
2010-04-02,,0.10886488882041608,0.1589898875169879,-0.8746646706317742
2010-04-05,,0.11075083907166723,0.20085732143170837,-1.1714746465065267
2010-04-06,,0.044265427670151146,0.1125195178162299,-1.115030630447147
2010-04-07,,-0.010861353731338654,0.015503039640463416,-0.9462046313316008
2010-04-08,,-0.04432933904827859,-0.028851994111051694,-0.9449014450658622
2010-04-09,,-0.04095610957976384,-0.020283630624156695,-0.9345373084541926
2010-04-12,,-0.07096346108938212,-0.05604337454576733,-0.9358700025851064
2010-04-13,,-0.07531337972798526,-0.029412900505354694,-0.9863528827919125
2010-04-14,,0.0031089311361173176,0.08678827174813672,-1.1015545263803868
2010-04-15,,0.0025890418301235487,0.08589252432933049,-1.0945125724893272
2010-04-16,,-0.06550697388236947,-0.04171301042832778,-0.9772337353291077
2010-04-19,,-0.08810026425644042,-0.09649786178208825,-0.869847962966418
2010-04-20,,-0.05427439370785737,-0.014070060416770612,-0.9414513557750843
2010-04-21,,-0.06582522535853215,-0.041997544439637234,-0.9171595283983645
2010-04-22,,-0.11977534413702894,-0.13461766172329903,-0.9807672507171648
2010-04-23,,-0.13932618360710408,-0.14359334483723774,-1.0568104224990003
2010-04-26,,-0.1396706658095542,-0.105873703102383,-1.1002342085475272
2010-04-27,,-0.24156433443478903,-0.2371258403974974,-0.9592984631165068
2010-04-28,,-0.249078844832553,-0.2173601704662129,-1.0580363266532802
2010-04-29,,-0.2811937005500642,-0.17864871583121586,-1.033628270391857
2010-04-30,,-0.3641519667705737,-0.26384837495008934,-0.9633647603502221
2010-05-03,,-0.3631325313294078,-0.22447879426294395,-1.1183305696041348
2010-05-04,,-0.537659923488359,-0.49289886279530837,-0.9325306615429162
2010-05-05,,-0.7242293022128801,-0.711686513559739,-0.6347955634209757
2010-05-06,,-1.0104048304972677,-0.9760835799453365,-0.4397076829544854
2010-05-07,,-1.254690923797889,-1.1875382914785853,-0.4292152779817231
2010-05-10,,-1.0970139362975744,-0.9834530423751231,-0.6691682787685889
2010-05-11,,-1.1540752104459862,-1.0609460061097236,-0.5902301989692612
2010-05-12,,-1.0545714426814123,-0.9163260656728268,-0.8205880380184195
2010-05-13,,-1.0642037736913694,-0.9567642315802969,-0.8285029019807504
2010-05-14,,-1.2294633074198125,-1.1789009366668648,-0.5610061879528259
2010-05-17,,-1.2077978506632985,-1.1469409443143719,-0.49871786943971685
2010-05-18,,-1.2742009924976705,-1.211290612073979,-0.3665606281963636
2010-05-19,,-1.4576170634825518,-1.368851972067407,-0.3470598278009693
2010-05-20,,-1.7183257402291165,-1.6517816344961662,0.06253926391044895
2010-05-21,,-1.822550014533904,-1.7627560767303838,0.1302086047563518
2010-05-24,,-1.837377999841983,-1.7391761457437283,-0.05818813435348539
2010-05-25,,-2.013699886457016,-1.9690660400772053,0.18019741861669755
2010-05-26,,-1.799782163826153,-1.657710287042006,-0.11497375061266212
2010-05-27,,-1.6811394205404653,-1.4947261920342962,-0.44189203168492697
2010-05-28,,-1.6332148462161975,-1.463308194652076,-0.404290426419985
2010-05-31,,-1.5944109964848536,-1.4507560653582052,-0.2765447674810615
2010-06-01,,-1.6185802145138577,-1.518280423169426,-0.2190278760956938
2010-06-02,,-1.5672164973410563,-1.397648401509527,-0.3491595807513478
2010-06-03,,-1.304614460592129,-1.076739431647328,-0.4737209464618841
2010-06-04,,-1.1203425190576106,-0.9405421219769816,-0.14293424849915803
2010-06-07,,-0.9439072639678121,-0.7793809057502802,-0.14001654366285296
2010-06-08,,-1.179202224394079,-1.0515614128850599,-0.11992014817822624
2010-06-09,,-1.1005549590547694,-0.9511680825761973,-0.14863156108166892
2010-06-10,,-1.1503203245126037,-1.0230250888041448,-0.3008819238955407
2010-06-11,,-1.2241076002732048,-1.1202095914696073,-0.16656142626585616
2010-06-14,,-1.0292252232932642,-0.8387055899902738,-0.3444345052928983
2010-06-15,,-0.9616635113576785,-0.6869610391511444,-0.6276487095935851
2010-06-16,,-0.8507169131924743,-0.5363637201567167,-0.7328317220571141
2010-06-17,,-0.6558630138635709,-0.35896163072226556,-0.8293567328374292
2010-06-18,,-0.33367017099484486,0.030145633980103264,-1.0066826787481664
2010-06-21,,-0.12310729822128806,0.25235369842218447,-1.1758012466770404
2010-06-22,,-0.15139579789066934,0.1392442295611849,-1.0450185211966
2010-06-23,,0.015002384008658096,0.325613786592178,-0.9192034165504013
2010-06-24,,-0.10501242821667647,0.09810193700834614,-0.7804216229790545
2010-06-25,,-0.22545387508831685,-0.0915600747076674,-0.7853486556271041
2010-06-28,,-0.24345505586905763,-0.10057657981196785,-0.7349890309460348
2010-06-29,,-0.2609573701013196,-0.14781311332355165,-0.45947497771028356
2010-06-30,,-0.27892441118950156,-0.15661646716755087,-0.41452155597518925
2010-07-01,,-0.26112896579462563,-0.19437562333534877,-0.3684219118384827
2010-07-02,,-0.33384714388733355,-0.261201300436158,-0.45938831774600974
2010-07-05,,-0.20346281224678608,-0.05496011235733488,-0.46200667744637647
2010-07-06,,-0.1428152982796165,-0.025238340571843446,-0.40825029769733334
2010-07-07,,-0.027222852846355006,0.10306157306949042,-0.5052799870484337
2010-07-08,,0.03211258302799118,0.21149845870672027,-0.7740764603823868
2010-07-09,,0.07621236393218937,0.24021055682807546,-0.9596253698671605
2010-07-12,,0.16822700915422206,0.3488747483684177,-0.9736525406202228
2010-07-13,,0.199602915529578,0.3870030523798326,-1.244915590770247
2010-07-14,,0.1710946607889231,0.27371241726639145,-1.252120691805983
2010-07-15,,0.10947643432770743,0.16054135540412895,-1.1079931594042054
2010-07-16,,0.051904597742980126,0.057612484906198434,-1.0114743374963266
2010-07-19,,-0.0016086124861900547,-0.0350511208366886,-1.0078566482986115
2010-07-20,,-0.13415336758360719,-0.19989014184123377,-0.9552920998062033
2010-07-21,,-0.03757876672862516,-0.08477913585780937,-0.9955662852930368
2010-07-22,,0.058466218689312476,0.07201593632336403,-1.1687408097929626
2010-07-23,,0.18868149268322423,0.228755108854017,-1.2584031155045654
2010-07-26,,0.28133306717848655,0.2906183923930945,-1.2589142801841613
2010-07-27,,0.42445703956485775,0.43685825847702037,-1.41447574737532
2010-07-28,,0.49419697396542894,0.5295253617857952,-1.2574434740625005
2010-07-29,,0.5856828535454911,0.5897997216081897,-1.1823283533295328
2010-07-30,,0.543175911735313,0.532400348638074,-1.017679071928295
2010-07-31,,0.514149249563397,0.4645623257911476,-0.955789924757423
2010-08-02,,0.5496298907166638,0.5154425556842619,-1.0574040121073172
2010-08-03,,0.5283227480316,0.512053254660358,-1.0192686689895978
2010-08-04,,0.5687947651497236,0.5303844995272333,-1.1196878922378126
2010-08-05,,0.486882371478308,0.37422080418356835,-1.057232082068855
2010-08-06,,0.37875261585761927,0.19640919096812745,-0.8789149465930358
2010-08-09,,0.3584880394993785,0.19527637484983776,-0.9388797439876985
2010-08-10,,0.17414368754888915,-0.038844824662690534,-0.805070242782148
2010-08-11,,0.030601927983077287,-0.26173287024129677,-0.38023346961108107
2010-08-12,,-0.006139313082744903,-0.26033400528715067,-0.31247573448257854
2010-08-13,,0.012199971457255643,-0.2589411369546887,-0.1770322371575747
2010-08-16,,-0.024265582996570213,-0.30280301927350983,-0.09655733075825872
2010-08-17,,0.043826775027948114,-0.1760586481718619,-0.3424914851756483
2010-08-18,,0.024888187208945495,-0.17515540063107346,-0.42817171826549283
2010-08-19,,-0.04857876781045005,-0.312114683571275,-0.3214582229498273
2010-08-20,,-0.11347229424089894,-0.3795921838746981,-0.35293204661765265
2010-08-23,,-0.2208078508105305,-0.4584549899780107,-0.32885543858622773
2010-08-24,,-0.41610183264547246,-0.7109450682264995,-0.025249995768664064
2010-08-25,,-0.447759690857059,-0.6475416820767398,-0.1061567672234
2010-08-26,,-0.5025208814708372,-0.6429567059833013,-0.1536521194221667
2010-08-27,,-0.3436635148993499,-0.3920578479855714,-0.4928749535509763
2010-08-30,,-0.3891911986046444,-0.46053179859233556,-0.2882311097544437
2010-08-31,,-0.50227614267923,-0.5523885163144443,-0.33480579134608646
2010-09-01,,-0.41816888154882914,-0.3941552008437127,-0.6716352370191344
2010-09-02,,-0.40616436535561945,-0.3678842538350436,-0.8111887088102625
2010-09-03,,-0.30704934509652626,-0.22143489486172863,-1.057846361279646
2010-09-06,,-0.2765167824118481,-0.1476487105699598,-1.0539998031415003
2010-09-07,,-0.33828385540701444,-0.2562371636382562,-0.862282221986246
2010-09-08,,-0.20359459405958422,-0.07152854045310404,-1.1322601206760938
2010-09-09,,0.02430446863953757,0.29736494768507427,-1.467474296352402
2010-09-10,,0.17862555251721035,0.4805287002558085,-1.6594390204262623
2010-09-13,,0.22258628555548857,0.5393032011104744,-1.6200209447721083
2010-09-14,,0.26155150526807075,0.5853634409347808,-1.601564727203344
2010-09-15,,0.24017465463221918,0.5316101702361712,-1.663290210467037
2010-09-16,,0.24880134940469448,0.5531312923813887,-1.7448887871860383
2010-09-17,,0.27247245521090924,0.6121507317505895,-1.7467196843916826
2010-09-20,,0.23491585074241447,0.5701371245053494,-1.6966305773138102
2010-09-21,,0.22918144976548563,0.5030706098529923,-1.516258726550918
2010-09-22,,0.2686213631676694,0.6013514360467993,-1.4547536311305078
2010-09-23,,0.2940331052308366,0.5589754126987425,-1.378994838820829
2010-09-24,,0.3869196174020367,0.6318804790377036,-1.4834574179745887
2010-09-27,,0.28059976992219554,0.4219812907424782,-1.3654673049042811
2010-09-28,,0.32049355816052455,0.5225936562234234,-1.3712016542010916
2010-09-29,,0.4353794755802709,0.648493879916958,-1.5347201154364833
2010-09-30,,0.3422472173732886,0.5269685898754538,-1.6119693576367349
2010-10-01,,0.2973830337097169,0.4712573640394653,-1.6667658977432247
2010-10-04,,0.1717682583550432,0.3238873910456723,-1.6468771604410466
2010-10-05,,0.21937881434983128,0.38788412263464106,-1.7094122585833147
2010-10-06,,0.2883051148197943,0.5046175252268077,-1.7573605707578699
2010-10-07,,0.2490226861887078,0.4082411770916469,-1.7642270705415717
2010-10-08,,0.1658551893761296,0.2586225603581292,-1.7279621474315165
2010-10-11,,0.07111022434051706,0.1360378211093081,-1.7308602080072126
2010-10-12,,0.05899024544417843,0.16224519481716726,-1.7450707681612174
2010-10-13,,0.11422731651235418,0.24278851234179769,-1.8235873901930904
2010-10-14,,0.11354514454885362,0.24132821341932065,-1.886517689414534
2010-10-15,,0.06774931808928723,0.1849767025719151,-1.8946250256147386
2010-10-18,,-0.00033008617442421465,0.07345282611276452,-1.730535283190001
2010-10-19,,-0.006001525055131843,0.05907090185931942,-1.6565694629250214
2010-10-20,,-0.0011998024398469282,0.12837932263601948,-1.6171569608457395
2010-10-21,,0.11999481978784436,0.2537066334280974,-1.7054906746926892
2010-10-22,,0.17696270801275263,0.33662028401670946,-1.746838026841601
2010-10-25,,0.20531008082958477,0.3486755172848052,-1.7775173904062374
2010-10-26,,0.31402153115891207,0.5593074374633837,-1.9452405035453422
2010-10-27,,0.4183478896551727,0.6407063270667581,-1.9565481785922803
2010-10-28,,0.3280288621194573,0.4790162589850098,-1.8793093290418177
2010-10-29,,0.3035900984797689,0.36097000626597503,-1.7371306653779404
2010-10-31,,0.16547660550191692,0.14198846693506167,-1.5231733445605968
2010-11-01,,0.1283288548196854,0.11200307742783595,-1.5171214867718705
2010-11-02,,0.1343069391510221,0.06741668816093174,-1.4742868882307183
2010-11-03,,0.1028959930963241,0.052211786777080035,-1.5013145372322714
2010-11-04,,0.10822651098388111,0.06654002498240973,-1.515393826550439
2010-11-05,,0.18653646623441117,0.19958364405574808,-1.6438440920443536
2010-11-08,,0.19749469586842017,0.22814470539847814,-1.689380765695675
2010-11-09,,0.25092751032299654,0.36150490029712623,-1.8890297224425456
2010-11-10,,0.09514066240341873,0.1032962662583817,-1.6539794981195237
2010-11-11,,0.038423334350592066,0.02685253983125158,-1.6325496630303673
2010-11-12,,0.00021326252614951873,-0.003913431256174554,-1.6365603373164002
2010-11-15,,0.11879750678001054,0.22545997391511108,-1.7836001859077935
2010-11-16,,-0.00661024998033819,-0.08357004676536611,-1.2997375856930764
2010-11-17,,0.005843247402316495,-0.05237641646424308,-1.314285957037087
2010-11-18,,0.024596353000236867,-0.005638670387881832,-1.4393842149877933
2010-11-19,,-0.007313971173296002,-0.0839275752456367,-1.3776721287141354
2010-11-22,,-0.18200910570244236,-0.3191971361456156,-1.2055031587700844
2010-11-23,,-0.44683600414334534,-0.7108805249124707,-0.9794499244449183
2010-11-24,,-0.41215105750161946,-0.6270779117911751,-1.1479710825718688
2010-11-25,,-0.3573006202279502,-0.5596183580367662,-1.1404964551064076
2010-11-26,,-0.3294172523437843,-0.49249005548024616,-1.1118341589842204
2010-11-29,,-0.36856847672360116,-0.4575909850587286,-0.9967427191453037
2010-11-30,,-0.4439833564091993,-0.7113809324879088,-0.6417397837754445
2010-12-01,,-0.35041288303086937,-0.4167854365849852,-1.0218547685020432
2010-12-02,,-0.24752324435604509,-0.3010497924565406,-1.1469563493532842
2010-12-03,,-0.28702831320458366,-0.33204932050788183,-1.165452116140801
2010-12-06,,-0.39978829047552794,-0.5427232114229319,-1.0701160913396768
2010-12-07,,-0.1600792490597381,-0.16165485343559818,-1.5558743426514252
2010-12-08,,-0.13711518428314096,-0.24353566789806483,-1.5882547296810439
2010-12-09,,0.0359092568061333,-0.02634398462628013,-1.5361776012011872
2010-12-10,,0.13299117837112828,0.07390419255635514,-1.569247245884789
2010-12-13,,0.10481077543861557,0.00621595257334268,-1.501670253370708
2010-12-14,,0.2447998678851281,0.14110714714611483,-1.6781726706450812
2010-12-15,,0.43778637503799867,0.5468031514570325,-1.6529707557230424
2010-12-16,,0.40035158121194636,0.45815877096746244,-1.576294703378973
2010-12-17,,0.21454727558325928,0.14755593481465523,-1.3937419347610398
2010-12-20,,0.2052386932638329,0.19820471521619223,-1.4205447779150004
2010-12-21,,0.28153316998529204,0.38694015806854726,-1.4778136700547908
2010-12-22,,0.5314709129799886,0.7131696817923228,-1.517563473702715
2010-12-23,,0.5066230450516359,0.6557223640069436,-1.5751070823733677
2010-12-24,,0.5032583041546386,0.6508661665371859,-1.5559547350815444
2010-12-27,,0.455942992237519,0.611150566592055,-1.5198627941470078
2010-12-28,,0.7522583743952553,0.9734049063052455,-1.6366797358589618
2010-12-29,,0.7666997577498152,1.0857999861326824,-1.479136166274348
2010-12-30,,0.7040949418089408,0.8654263279517935,-1.5344551585645099
2010-12-31,,0.44842463699376306,0.5419572765515451,-1.4233363430323722
2011-01-03,,0.5036838590251812,0.6793457359311097,-1.56880063361399
2011-01-04,,0.5586577765681483,0.8154463935675949,-1.6051308711359609
2011-01-05,,0.4814834194405284,0.63141384132427,-1.7475653482675073
2011-01-06,,0.3507540150607167,0.4662872954810887,-1.651203751204718
2011-01-07,,0.19801317238613933,0.24780226053770882,-1.4666694885899714
2011-01-10,,-0.009149410177348383,0.047530054185427155,-1.4330980732876226
2011-01-11,,0.12795560737172193,0.22857134288858488,-1.4898190792098231
2011-01-12,,-0.018403161182131155,0.026338536666419592,-1.5205387360729905
2011-01-13,,-0.07268260706531086,-0.029098552550408514,-1.4857518215765153
2011-01-14,,0.07455935689503136,0.17367546417399493,-1.5390250050630991
2011-01-17,,0.14285758200437013,0.3391782486598562,-1.5204472990295619
2011-01-18,,0.1738515474241785,0.33693779425729276,-1.5093960972660685
2011-01-19,,0.18164235502879966,0.2786271449230604,-1.4740075233222212
2011-01-20,,0.2037655051531978,0.3331352805080029,-1.558688983814161
2011-01-21,,0.09188940348698588,0.14207583177036465,-1.4683967784301977
2011-01-24,,0.13953883549177631,0.17901265790741874,-1.455901381867081
2011-01-25,,0.13858854334871953,0.17775417703531757,-1.4169164791514595
2011-01-26,,0.03995301329681747,0.09974563712863348,-1.5393631019718177
2011-01-27,,0.22669790559886685,0.31103134217383305,-1.4772412398800254
2011-01-28,,0.02911207060010972,0.07642782505072754,-1.417060612586782
2011-01-31,,0.06099056145592889,0.1536734510341272,-1.3755529599482834
2011-02-01,,0.09413056570547854,0.15254498505537123,-1.4892452856011527
2011-02-02,,0.1679760601165315,0.2498260349776071,-1.5786949197894946
2011-02-03,,0.050976792042568844,0.05028579778056381,-1.5944300938341487
2011-02-04,,0.2587362710291407,0.38767241669269936,-1.719693145153885
2011-02-07,,0.4412926333364139,0.6638183881198204,-1.6997224328010103
2011-02-08,,0.7081686772943817,0.9767239346559464,-1.7988040868564592
2011-02-09,,0.5604389825794232,0.7086125677692898,-1.6464628028475916
2011-02-10,,0.5564519520432518,0.7029512690199042,-1.6820978225093512
2011-02-11,,0.527410167271775,0.63709834649955,-1.5873927024939707
2011-02-14,,0.44674779601171166,0.5313142578777007,-1.5838367490650131
2011-02-15,,0.487289106963918,0.5477320987004772,-1.5536467602919528
2011-02-16,,0.457135012564619,0.5640670451897889,-1.5872829625629827
2011-02-17,,0.44549993942390065,0.5394606322555934,-1.5289187453995892
2011-02-18,,0.3996972278944654,0.43285900391553384,-1.5351450378568612
2011-02-21,,0.3870188915809078,0.4916768274090869,-1.5354076018430725
2011-02-22,,0.13815983882658478,0.15628503277890005,-1.3215517960613374
2011-02-23,,0.16321294024004063,0.217644930127008,-1.3311001348032256
2011-02-24,,-0.04187249929404193,-0.09869030742264706,-1.2625683582034326
2011-02-25,,-0.024359172748588096,-0.056370052152032536,-1.2409255107864625
2011-02-28,,-0.04218982663551806,-0.0988797914641755,-1.159913615414326
2011-03-01,,0.09386731893047409,0.05047742993322098,-1.1811862624575447
2011-03-02,,0.04843156939359359,-0.05734723671402869,-1.2142667055002094
2011-03-03,,0.10319371478276101,-0.014355398991192257,-1.3264390219753805
2011-03-04,,-0.10811933837008185,-0.3394089853062163,-1.1665455290347626
2011-03-07,,-0.35699999462154064,-0.663294253195628,-1.1570487763799593
2011-03-08,,-0.3840015044979748,-0.6372968895233843,-1.208183151182708
2011-03-09,,-0.6223272939034629,-1.0244693291390714,-1.0775912103098186
2011-03-10,,-0.796349130182082,-1.1664808865235623,-0.9125056723593246
2011-03-11,,-0.9014449115069434,-1.3264763322975297,-0.862751896878319
2011-03-14,,-0.9411520827298103,-1.3319011205807372,-0.8066120427159457
2011-03-15,,-1.2396335189587524,-1.676743865002914,-0.6604026468887532
2011-03-16,,-1.4107785694199277,-1.8164974701982342,-0.6082904003843653
2011-03-17,,-1.3652488723301595,-1.7211384123848152,-0.7036711345858102
2011-03-18,,-1.1830091821445072,-1.484966512284549,-0.7774891521536694
2011-03-21,,-1.0784454699165456,-1.3396588458135583,-0.8511922660411326
2011-03-22,,-1.0210413267055691,-1.3023506898043211,-0.856151257936427
2011-03-23,,-0.8084739053321379,-0.9949388549403639,-0.8520807106111117
2011-03-24,,-0.6237050782844894,-0.8389494374961131,-0.9158727789371066
2011-03-25,,-0.3553194380500095,-0.5787419817128002,-0.9494525517598219
2011-03-28,,-0.3348813745231597,-0.5325690902222912,-0.9707894514704261
2011-03-29,,-0.21036297833493273,-0.02157591304068455,-0.44684702316142816
2011-03-30,,-0.29529785791923524,0.14720431882539983,-0.655807466258206
2011-03-31,,-0.34082927513385763,0.07899432792282503,-0.438647414991535
2011-04-01,,-0.4839867256495217,0.17534845716274877,-0.6327131784356451
2011-04-04,,-0.43535677276545726,0.20885888515810697,-0.7722576702639364
2011-04-05,,-0.24670653398660955,0.400356141556103,-0.4927962153942892
2011-04-06,,-0.21670569170820192,0.6012149589767792,-0.4997953670682255
2011-04-07,,-0.1385092709305185,0.5622206264119823,-0.531050068318744
2011-04-08,,0.18882254638102078,0.32868495312687884,-0.44659955880935
2011-04-11,,0.25753835064275626,1.0248000170229798,-0.37373142910126445
2011-04-12,,0.16614626332595706,0.6941816275913615,-0.4814607839467391
2011-04-13,,0.4669456958185803,0.9152228874342184,-0.638393704309936
2011-04-14,,0.6642985180331424,1.3625418705939483,-0.5111576701064374
2011-04-15,,0.47981959371218136,1.6812946309802148,-0.8577489163292626
2011-04-18,,0.21275510320896449,0.6458016630862382,-0.9189734435060357
2011-04-19,,0.027673717979385434,1.1281644824741053,-0.9606196885332183
2011-04-20,,0.09784069985407029,1.5603339651862889,-0.8627106101452967
2011-04-21,,0.14952556217799268,1.7110891213642434,-0.939058027000195
2011-04-22,,-0.0076148644900530214,1.5838899908043795,-0.9312976691370711
2011-04-25,,-0.1851858341835314,0.906861135781058,-1.0133427450753811
2011-04-26,,-0.27862107849992984,0.9126110233499527,-1.222953855480648
2011-04-27,,0.14853873414291077,1.037131800299551,-1.0571012671742355
2011-04-28,,0.09799257850988728,1.3442915511368871,-1.167909057676128
2011-04-29,,0.264170277304254,1.2673865327191172,-1.2513170361464412
2011-04-30,,0.025564330523088635,1.1311531691284167,-1.1570737323335871
2011-05-02,,-0.004249965679885463,0.5008341331288325,-1.2271609123223102
2011-05-03,,0.029478916653114102,0.037267863743548485,-1.2157556961646923
2011-05-04,,0.1416373486300212,-0.24418904595007693,-1.2058080296714686
2011-05-05,,0.18708067861574837,-0.8787510264452684,-1.1760801931742622
2011-05-06,,0.12176812306239627,-1.0154631144094666,-1.1765625758506293
2011-05-09,,0.02179379347318595,-0.36315115263391307,-1.1230653754467776
2011-05-10,,-0.07676202018610064,0.4645544810644594,-1.156191671361574
2011-05-11,,-0.08242401234301318,-0.11181841381532916,-1.148878423711401
2011-05-12,,-0.1767883005515781,0.35075977442830614,-1.097314144394244
2011-05-13,,-0.18736384462013544,-0.17074291167464542,-1.0870617148046273
2011-05-16,,-0.11276728309436905,-0.7407277041444996,-1.1396238710805677
2011-05-17,,-0.1288567039680312,-0.37460612189380377,-1.1091205279593035
2011-05-18,,-0.23663645130297295,0.2992196572560362,-1.026452426788017
2011-05-19,,-0.30369873275087655,0.6653888317115636,-1.0168004458659818
2011-05-20,,-0.2650212520830014,-0.4433696736005408,-1.0627767180340328
2011-05-23,,-0.3592268341061843,-0.9280847654912967,-0.9909861639981272
2011-05-24,,-0.4600408941123225,-0.6634356235022743,-0.9695968556148093
2011-05-25,,-0.5307313184548345,-0.3024329223233398,-0.911834054757306
2011-05-26,,-0.531392378188149,0.23306217820306888,-0.8620728439934954
2011-05-27,,-0.731041103108457,0.2678019994118407,-0.8633158311738265
2011-05-30,,-0.6004760108567297,0.3138881790140926,-0.8350316963969481
2011-05-31,,-0.7236635820782961,0.5066905029461231,-0.7603915797103351
2011-06-01,,-0.5850054786918805,-1.2339820214139923,-0.7094612199743673
2011-06-02,,-0.9640406542885646,-1.0957211922994028,-0.7464493175414957
2011-06-03,,-1.0607587442416568,-1.055531515298535,-0.6443635384559596
2011-06-06,,-1.043734659032335,-1.3640782221849157,-0.6158691496469215
2011-06-07,,-1.0178491159948537,-1.1185939750549119,-0.5717275234306506
2011-06-08,,-1.015972359000442,-1.7017303492965512,-0.5021869029492672
2011-06-09,,-1.2217762383771273,-1.0389681506609998,-0.43946150886212676
2011-06-10,,-1.049320683357837,-1.746244216336913,-0.4025390580262326
2011-06-13,,-1.2585922828729452,-2.1523303602651507,-0.3587118540791675
2011-06-14,,-1.4211814967273189,-1.2316500541773487,-0.3440697820167131
2011-06-15,,-1.3532921435776222,-3.0,-0.32564375580035254
2011-06-16,,-1.3433805700373995,-3.0,-0.19157583366407024
2011-06-17,,-1.3755422022974888,-3.0,-0.17534664023001023
2011-06-20,,-1.4666270822155176,-2.0348828260844956,-0.11334722772264141
2011-06-21,,-1.4464654660290053,-1.3738529947536724,-0.11445197459626794
2011-06-22,,-1.4144100241129232,-1.140514858280703,-0.16809936887859464
2011-06-23,0.06501284396547673,-1.3096718961768414,-1.59762257226303,-0.11841771307329343
2011-06-24,0.12645822441480156,-1.3206593897672256,-2.3931996382532073,-0.09117391126775247
2011-06-27,0.18681427625079755,-1.4129648995264175,-2.0487514741540203,-0.11641487992028603
2011-06-28,0.215112404975662,-1.4478688240781337,-1.2338482017779282,-0.08421921613842753
2011-06-29,0.24516306825998116,-1.3228492176805846,-0.12276802677766487,-0.16734992346146374
2011-06-30,0.44961056426370266,-1.3681758462837406,0.39561453578151645,-0.12952964514998688
2011-07-01,0.635923616405358,-0.908902781914164,0.7788852669078448,-0.12560218798684147
2011-07-04,0.688207135676159,-0.8789783347978402,0.8472440646123037,-0.125103174805264
2011-07-05,0.7548564447963828,-0.7478737871176931,0.7237030741574046,-0.2614052744906921
2011-07-06,0.7731185282456747,-0.7545239861915876,0.5668044498518214,-0.2501654155098104
2011-07-07,0.8814886528145486,-0.5724707931026173,0.9686569057883382,-0.36175423611337004
2011-07-08,0.671467651641192,-0.33257581520038865,0.8463422949797679,-0.3683396450113515
2011-07-11,0.7465134256750067,-0.319163540366902,-0.49440228925362767,-0.3054943037983794
2011-07-12,0.6567977856632969,-0.17202852879298602,-1.228400307018285,-0.27222801786534867
2011-07-13,0.6959650388793892,-0.04068266412004394,-1.2917412655691047,-0.31683540609856864
2011-07-14,0.7443668486171287,-0.17474363665695666,-1.4972615295154281,-0.3483258696739723
2011-07-15,0.7453901776160912,-0.05045795249805733,-0.7468550602036825,-0.43644156150175784
2011-07-18,0.7909198778931072,-0.14268803974066283,-1.467350037352667,-0.36016993245613216
2011-07-19,0.7915898485520246,0.051799462956407784,-0.5599497200476219,-0.41726738118922674
2011-07-20,0.749763351261991,0.09377636307634309,-0.43946248056943726,-0.4671259278104346
2011-07-21,0.8206666837406236,-0.03191747669189127,0.3997438105030678,-0.439206598053951
2011-07-22,0.9089696381254405,0.22567581812933324,0.5460881893310026,-0.5365903859780852
2011-07-25,0.9774738475914031,0.14419544972238713,-0.32655352063206616,-0.4608386633162395
2011-07-26,1.0458564979994693,0.46584895822455713,-0.8064198900791449,-0.5594913650194225
2011-07-27,1.002828958949698,0.48031989985312273,-2.2182491689249138,-0.5262928400511041
2011-07-28,1.0699170322240892,0.5869139978786552,-2.599940624088292,-0.4787342452437581
2011-07-29,0.983022261531169,0.6600325388573538,-3.0,-0.4037025842686055
2011-07-31,-1.70331378024791,0.3779061568956041,-3.0,-0.27836110363049416
2011-08-01,-0.28903792137692935,0.45125313159074054,-2.3966956801087465,-0.19152739383203793
2011-08-02,-0.17399301294252256,0.42739959677340816,-2.7950444513604746,0.10067408965552976
2011-08-03,-0.05727854371546446,0.3533588519814123,-2.1843325466811807,0.23003277655291848
2011-08-04,0.05926094478682074,0.06862381102885012,-3.0,0.5645499076035767
2011-08-05,0.2839746444616935,-0.4919848234756133,-3.0,0.6686435211174825
2011-08-08,0.37813675169331895,-1.2450189208642577,-3.0,1.2363972889072181
2011-08-09,0.44804761842126223,-1.770452939472256,-3.0,1.64293792376101
2011-08-10,0.4593396911641591,-1.7980299843777519,-3.0,1.6563634261520008
2011-08-11,0.3874905485206757,-2.673834331740198,-3.0,1.6045340514440305
2011-08-12,0.43111408974256793,-2.307476670070165,-3.0,1.465004883605926
2011-08-15,0.4492920437369309,-2.0302850500409884,-2.395018885931379,1.1949080561773304
2011-08-16,0.576895623311865,-1.9775431390189024,-2.416355092979726,1.1470004252914365
2011-08-17,0.5923787209947585,-1.8515074480028906,-2.1817620511418903,1.0880473893474987
2011-08-18,0.5264792193226148,-2.0475118376209522,-2.7364727087551626,1.15233338203079
2011-08-19,0.5089003341446205,-2.2793422312645886,-2.681604255746535,1.1845256862016478
2011-08-22,0.5594458296267046,-2.3291983107814977,-2.611196698271764,1.1843024476552697
2011-08-23,0.6213132657345931,-2.704587370792735,-2.314008734974142,1.2580724809842214
2011-08-24,0.7417453768487057,-2.9397204180375898,-2.190086969338484,1.213037838659456
2011-08-25,0.8190190744236188,-2.788532838697179,-2.396937627456561,1.1295168951523187
2011-08-26,0.8600105012467497,-2.8168724695053227,-1.904863830428129,1.1417448719155814
2011-08-29,1.0828196296304895,-2.6695178517273983,-1.4818546715623142,1.009164795866895
2011-08-30,1.016558458658269,-2.474999805905317,-1.4747934149340585,0.9787781559862698
2011-08-31,1.0333493643380112,-2.3292666107044813,-1.215529200815793,0.9259438153765088
2011-09-01,1.131285888758821,-2.026820704605958,-1.1577008833924587,0.8397809163851252
2011-09-02,0.9894801978874271,-1.7487713376110563,-1.209228604291741,0.8906933515229873
2011-09-05,1.0229732814748131,-1.4380303655012667,-1.1486340255882324,0.8973530312648539
2011-09-06,1.0775018825835223,-1.0895958080815422,-1.1894590063091048,1.05406024969351
2011-09-07,1.0970876074721323,-0.6690391807427114,-0.6464976840767186,0.9237501949262791
2011-09-08,1.341594828744471,-0.5452841906966011,-0.6601528452944283,0.8995790726726448
2011-09-09,1.3662608973276207,-0.026092954920813184,-0.9731425349131436,0.8976547609809499
2011-09-12,1.3989238081252489,-0.48930109516303366,-1.0428770447030413,0.987492262565036
2011-09-13,1.3937287576892328,-0.6969346502549831,-0.9612885578865261,0.9498466307387723
2011-09-14,1.3515848330223317,-0.7396845429690533,-0.7206987909688186,0.7908653819318064
2011-09-15,1.3076028920381608,-0.9190482971345053,-0.4862570253207971,0.7650494818987601
2011-09-16,1.3170156899218062,-0.7201616115519026,-0.315594964475112,0.7004594860796368
2011-09-19,1.4215975467062927,-0.667610936024272,-0.4824746481593277,0.7848435942499737
2011-09-20,1.4033619637811725,-0.5251153726049129,-0.4631606048484462,0.737961339453268
2011-09-21,1.2502585014077794,-0.1604561248577149,-0.7398505222461067,0.7346927643523629
2011-09-22,1.2751015805049424,-0.3934321604917091,-1.1811670639797338,0.9024199148652754
2011-09-23,1.2605536781797118,-0.8354792544775226,-1.1686810349260088,0.8758761629518869
2011-09-26,1.2833684016409088,-0.8851338788742715,-0.9309387984286317,0.8549242285251597
2011-09-27,1.245395121327819,-0.842584133826835,-0.8232877126090182,0.8050784879262725
2011-09-28,1.21336332739273,-1.0702322415979229,-1.0938995685963655,0.9507318978596093
2011-09-29,1.2663251848170973,-1.2688022624334228,-1.0050141187803736,1.1360745453148746
2011-09-30,1.2789182964944632,-1.6311846542238841,-1.3986580932339245,1.222941237144531
2011-10-03,1.2945761494663426,-1.9267944585417496,-1.6274012535809965,1.3678188935914755
2011-10-04,1.3002277538886684,-2.510603750305396,-1.4329571685824685,1.5176081845067013
2011-10-05,1.3453360447834861,-2.1963906718307973,-1.0501776408225139,1.4015225910832665
2011-10-06,1.3590810351695686,-2.0200836570508947,-0.8659493838416175,1.3033075924768316
2011-10-07,1.3864479299954486,-1.968640237523543,-0.7622479750848872,1.2583100714887907
2011-10-10,1.4170893161935525,-1.8359986928291356,-0.49748461337756456,1.2583178503639594
2011-10-11,1.4630422864705352,-1.3727948461380157,-0.3157301039573835,1.1514862892183624
2011-10-12,1.4657714592616533,-0.953385858289022,-0.08329180633041694,1.0102360424249617
2011-10-13,1.4574510281834219,-0.8625736408947227,-0.06497700743124064,0.9921414226481613
2011-10-14,1.4818507986545224,-0.5977017365051178,0.1556364520701365,0.9276834688021007
2011-10-17,1.4862275098300224,-0.4989312566514889,-0.2105289291362334,0.8618974802922105
2011-10-18,1.4524353741960976,-0.3941480772465586,-0.0011965485179406914,0.8825836445830386
2011-10-19,1.3499542827546156,-0.13362077247630502,-0.12649310583436393,0.743061768247463
2011-10-20,1.399794461228705,-0.09655918316449519,-0.10541781654916793,0.7267803160273618
2011-10-21,1.363662232328879,0.5845422538261389,0.395805381643552,0.5137110354860824
2011-10-24,1.3487336310228377,1.0985678966371546,0.6434085143769401,0.3841220740425515
2011-10-25,1.2510528359892235,1.425400074385192,0.43643775954786973,0.24242880633486744
2011-10-26,1.2630525807649715,1.415712526287957,0.6089203099243211,0.23136332801561793
2011-10-27,1.2535141228259044,1.837791655969726,1.1527085928756116,0.07313109992924169
2011-10-28,1.2967534139920052,2.048243966694813,1.259144773503385,0.10874836147509831
2011-10-31,0.9388299874143132,2.1388553701781587,0.8741670161499322,0.1328155964406084
2011-11-01,0.9659504805918964,1.9719465334572073,0.506247879169879,0.3616932769397701
2011-11-02,0.9892787118638457,2.5670199393787563,0.8692570146016749,0.2552703019623413
2011-11-03,1.0495749978422566,2.4510385697221317,1.0116186200706576,0.18516345038463503
2011-11-04,1.0958260663808643,2.2958918987700203,0.8957171631783462,0.18838318320528677
2011-11-07,1.1685623539296595,2.1113645209648246,0.8139452708155664,0.218464709586401
2011-11-08,1.2292606429211395,2.0606413100512144,1.0119499352636674,0.16497392447346504
2011-11-09,1.1915200041339982,1.6527226698188908,0.149932079517939,0.3030278142707762
2011-11-10,1.2922542720594226,1.2493309132822585,0.27366488434194836,0.38531748084679834
2011-11-11,1.3337045531231686,1.1457418057412845,0.4665248589995136,0.38439673031494037
2011-11-14,1.345757203689739,0.9493005188918305,0.31652642192886893,0.3256673196813525
2011-11-15,1.4292941886604678,0.7176313966130387,0.2804972436479973,0.3449710748071634
2011-11-16,1.5010763794193887,0.6753241427549526,0.08264995420223376,0.36123522815300996
2011-11-17,1.5254381556957675,0.3213630195546406,-0.1136517967915994,0.3213074978449493
2011-11-18,1.5131794870754982,0.21509342692374836,0.05182260532609207,0.41430178956418373
2011-11-21,1.4592744977766021,-0.1102050911193487,-0.19667405021888618,0.4435520731404591
2011-11-22,1.3621407774776775,-0.387382710181479,-0.2549855953114567,0.4986704098026614
2011-11-23,1.3579093278393417,-0.7061368989453387,-0.47822024227720583,0.5887996309704467
2011-11-24,1.357269046664453,-0.6982472609401852,-0.5173688625541676,0.5872331449611956
2011-11-25,1.3459120601372465,-1.1029308593283031,-0.7211875325956034,0.6122023849787229
2011-11-28,1.3326031691879454,-1.1738515070951758,-0.4991356286736379,0.5539584929509545
2011-11-29,1.4309661024115627,-1.1742465699830855,-0.2659370163405293,0.6086089149591145
2011-11-30,1.8234897042799356,-0.9028658244260638,0.22090624910195425,0.46409840065099034
2011-12-01,1.781680412049316,-0.9002655795038109,0.26667806337726624,0.38980440806863437
2011-12-02,1.9417328520974781,-0.68915326487239,0.2262298226790322,0.2671632572133677
2011-12-05,1.8333727347216098,-0.6033897434083151,0.2541505539780838,0.20538216610846324
2011-12-06,1.7665575238624245,-0.5381017951767005,0.27909331407666743,0.21909212768006084
2011-12-07,1.7700412014214035,-0.5063394008559504,0.18275911432831982,0.13265499237100323
2011-12-08,1.52613966125409,-0.29497540933779975,0.1546632521596359,0.023096351924075848
2011-12-09,1.5859495361646985,-0.2806023366512696,0.4963198424227415,0.1502595728558933
2011-12-12,1.548476251592568,-0.2913059996686169,0.5131422222879439,0.17962202445320666
2011-12-13,1.46438155222417,-0.1923564280462479,0.5208673555125521,0.05208583504865169
2011-12-14,1.3461633277185656,-0.0629128434607848,0.47840554541096186,0.016455356982004544
2011-12-15,1.292362667378953,-0.030909719427273902,0.5848880722322709,0.006781317061757881
2011-12-16,1.3179130401763386,0.13475559266888726,0.67625513484092,0.013876259394982266
2011-12-19,1.4765136045991654,0.23567857982956217,0.615100293195007,-0.0019788152387080265
2011-12-20,1.4738566595024065,0.34968371253697367,0.9115747227968316,-0.10990800491365955
2011-12-21,1.4292316649590793,0.48860159485193155,1.1390371697455601,-0.12435987731048946
2011-12-22,1.4166837450799135,0.6882621725182606,1.242605207016081,-0.22770815643793954
2011-12-23,1.4103389562505988,0.6688957268292642,1.3072782628870685,-0.14111494486785614
2011-12-26,0.9094983114152124,0.7727826299711645,1.2753856665235714,-0.13773278037328046
2011-12-27,1.3762017115295533,0.771624869049579,1.1373947071504449,-0.15643833264611898
2011-12-28,1.3492126009882721,0.9059664650135334,0.977799993707378,-0.318439197781582
2011-12-29,1.3386956197306523,0.99448959214333,0.9752819177406761,-0.4066468499335447
2011-12-30,1.3094039470759475,0.931934406729286,0.839148342930735,-0.38893495634780445
2011-12-31,2.0679591580242493,0.6227132722187075,0.893579677252084,-0.7357064694687626
2012-01-02,0.8246785081643556,0.4609165841000562,0.8369069679322301,-0.7236210287907704
2012-01-03,1.5132521811064676,0.5828023022228992,0.9274380794788871,-0.8038075617502045
2012-01-04,1.4834121467747854,0.5873948109532973,1.0376891454990935,-0.7943684283554563
2012-01-05,1.484456317162535,0.5832497018661641,1.1008573265885513,-0.6890615749505212
2012-01-06,1.6197305923103005,0.7820096772905025,1.1442706272022285,-0.8181195856835113
2012-01-09,1.5151902377907782,0.795682803146958,1.139777281042065,-0.8248667323738947
2012-01-10,1.360358525829382,0.8175807853587986,1.1981146348429574,-0.8678747824971899
2012-01-11,1.3061700081807766,0.7943857030604665,1.1385391980463262,-0.902382645649251
2012-01-12,1.2748342141615236,0.8544883414579807,1.1970073333443785,-0.9171788436708125
2012-01-13,1.2439687331062117,0.8061385060330827,1.114277387373041,-0.8686082088087644
2012-01-16,1.1940953899732956,0.7775195597329075,1.1249003248255909,-0.9252100703566359
2012-01-17,1.0385124757124922,0.8797393811684846,0.9393215599033139,-0.9020086428843165
2012-01-18,1.0279011730267709,0.9106731999706944,1.0469459388832976,-0.8824371733936844
2012-01-19,0.7135459037645316,0.9120361650418077,1.188360459119377,-0.9107941916361594
2012-01-20,0.6101406433054575,1.0015083058427154,1.3077903346057111,-0.8373201768204509
2012-01-23,0.6057537378401453,1.0911942019314913,1.2970493381323478,-0.8552316651714823
2012-01-24,0.6803007068155916,1.1008989592222305,1.2610043109774915,-0.7925970390264877
2012-01-25,0.6859684249925485,1.0735750873315286,1.306390406458979,-0.9132383848816992
2012-01-26,0.6505750408642721,1.1876875971363356,1.2737951447476366,-1.1895882640389421
2012-01-27,0.5270437706785376,1.275865231242842,1.277676101223074,-1.2587983990428377
2012-01-30,0.5151479571805989,1.3695191924881125,1.065503876770575,-1.1814438293243934
2012-01-31,1.3227769168805084,1.4401984199901012,1.073150581287905,-1.261916408357329
2012-02-01,1.2132882157929477,1.352705280969245,1.0818842293744,-1.3408852140801415
2012-02-02,1.1192984139150244,1.36340773333201,1.0798972477050048,-1.2934348786197356
2012-02-03,1.363889254021813,1.4057701841100914,1.211848555691584,-1.2875632810692708
2012-02-06,1.3087810623073426,1.3740672925482325,1.1318888132448497,-1.2455981296509178
2012-02-07,1.2478392690311277,1.3699863001249202,1.1663039331832787,-1.1531038286908646
2012-02-08,1.1498931252904125,1.3540825647803088,1.1107701765192768,-1.1658567114835572
2012-02-09,3.0,1.3509987189500705,1.1085554225181116,-0.970617520229456
2012-02-10,3.0,1.2498058484207926,0.8409815945304228,-0.9821123254172988
2012-02-13,3.0,1.3118505283097854,1.0726646876539365,-1.1186414826655877
2012-02-14,2.953663323163106,1.3462137961424312,0.9981397597827196,-1.2030083428656524
2012-02-15,2.764213324199675,1.3098247654387392,0.8600172131853542,-1.1978111142738663
2012-02-16,2.6643564446649766,1.1887024686802772,0.9866426839295666,-1.032929283375137
2012-02-17,2.7150694942307965,1.160578079380761,1.0431774016797566,-0.9910480465743962
2012-02-20,2.6259607044164803,1.0753976165875263,0.9886144392533133,-0.9808051507292209
2012-02-21,2.5029240088241815,0.9898798618490696,0.9388523248931664,-0.9023065247801229
2012-02-22,2.3414553041613013,1.0311048200059687,0.9244399205892886,-0.9868398555358189
2012-02-23,2.2376779148245585,1.0041300873120815,1.059986652177702,-1.050230683219175
2012-02-24,2.169530175435068,0.9435981444624343,1.03304424298425,-1.293158022828584
2012-02-27,2.0861498855044243,0.8600143010440262,0.9206793539673721,-1.3428592715754493
2012-02-28,2.0165216549199116,0.9295488592506236,0.9974605931608653,-1.3357650191823196
2012-02-29,1.683074071977605,0.9260957359164091,0.9422482731137921,-1.2130902145386744
2012-03-01,1.5856180142295966,0.8654400665006061,1.0155374903450969,-1.0157454606977334
2012-03-02,1.5803912355694236,0.8800158378779347,0.9913814276571773,-1.1456282950845844
2012-03-05,1.5449586471524759,0.762496974218076,0.8228146143187179,-0.8728845032446437
2012-03-06,1.512069049551821,0.5114362262628862,0.4519544803046795,-0.8224307661838351
2012-03-07,1.4869919066399118,0.49077212490815564,0.5983716035033978,-0.7968281545382983
2012-03-08,1.617038060926432,0.4501128272021435,0.6903983959488227,-0.7126557119049354
2012-03-09,0.4763189976227506,0.43622026347228243,0.7514569503828413,-0.6981518228474761
2012-03-12,0.48106509602661823,0.4962163189588891,0.9388765283465237,-0.6980437320935085
2012-03-13,0.4897360773254881,0.38436714876089695,1.0064364342645178,-0.6444171363931059
2012-03-14,0.5137803841941402,0.34838585061038724,1.030012467413271,-0.6625100925350468
2012-03-15,0.507098628255401,0.6653769770419109,0.9863161178203415,-0.5932375912753991
2012-03-16,0.4649805024514698,0.7767267239761582,1.0565725652436586,-0.5945859822770455
2012-03-19,0.4682891405407102,0.6551528237611276,1.0008667415300718,-0.6652727194487504
2012-03-20,0.46401909182446655,0.6707211502639677,0.937727241881258,-0.6237118585050536
2012-03-21,0.4504553799439225,0.7914168006432641,0.9038541193083057,-0.5652033259592292
2012-03-22,0.4508353767540366,0.6882484958065452,0.8279858254940213,-0.48388427550133095
2012-03-23,0.4424316501585171,0.6626409397530767,0.8497822019995415,-0.4901713366025429
2012-03-26,0.43349352541952246,0.5151350550030639,0.8429742700762065,-0.5185731429299758
2012-03-27,0.43416266201613657,0.5941450229548083,0.7307298459821939,-0.5412238062343753
2012-03-28,0.41444722335127654,0.49348645010347636,0.7109518476147362,-0.5247021595676481
2012-03-29,0.4135594098798367,0.39620608681878416,0.6336669811750263,-0.4031004162391913
2012-03-30,0.45456054330495105,0.3111501289669795,0.6433319181166384,-0.47262784137540065
2012-03-31,0.423962334690251,-0.34562270209711093,0.6313643999695279,-0.4031645791384021
2012-04-02,0.41177933962519675,0.29987942502806764,0.6365934009803618,-0.44792703925660776
2012-04-03,0.4151521181141544,0.26622369165196125,0.8168356654377725,-0.45502990584887015
2012-04-04,0.39687945753238024,0.24082577601923344,0.6521988041974995,-0.38664954292673676
2012-04-05,0.39380612723964314,0.16976395841947733,0.546591483612702,-0.37986230478714367
2012-04-06,0.42034544623932746,0.26899478842300695,0.5300766414790946,-0.3793513436181214
2012-04-09,0.37605401059320614,0.13824710860416373,0.2060856227134384,-0.2900485053562953
2012-04-10,0.3920716688505329,0.11827678413695557,-0.039716313939105345,-0.4319425481886904
2012-04-11,0.3905711056501768,-0.11027967480717105,-0.07887348959725073,-0.2925589458349332
2012-04-12,0.4403608118575276,-0.03286177513967445,0.2379971106457759,-0.3493853647292358
2012-04-13,0.45933352117408593,0.04210040089479824,0.003435120902023297,-0.560496743068717
2012-04-16,0.456932456976669,0.04871415892473289,-0.02139568830462052,-0.634666944738817
2012-04-17,0.4583891721945271,0.03529988070578999,0.12834600661982767,-0.6354296479708782
2012-04-18,0.45944363606445016,0.023527907664058538,0.14153357466818137,-0.7857303418570866
2012-04-19,0.43531204282404967,0.027227362493732414,0.19755973541530605,-0.820912560223387
2012-04-20,0.417805586851676,-0.023111234063229777,0.3132605775529863,-0.8960780436203649
2012-04-23,0.4201746957917722,-0.10832047061273054,0.11662292108818262,-0.8572578351387883
2012-04-24,0.4567791424362517,-0.26679462490596256,0.2484308826727586,-0.8323653239155363
2012-04-25,0.45851380832277056,-0.19913659109729087,0.4249316412439222,-0.8866884640056195
2012-04-26,0.4362058875230671,-0.07711020154988912,0.5274246148363699,-1.099422039684861
2012-04-27,0.3959800883445389,-0.029877591894121557,0.49600135003733836,-1.1903747961584743
2012-04-30,0.5524615606039265,0.0344194112650162,0.42520354247482817,-1.193891527165085
2012-05-01,0.5852061358846187,0.014720521264040921,0.5262429767119063,-1.2513900458237865
2012-05-02,0.510705347937743,0.15873655624572452,0.44294567776079724,-1.2860941977625182
2012-05-03,0.46988094575723277,0.20188002893586687,0.45168293764632644,-1.3340876674660271
2012-05-04,0.46691148716673503,0.3372740476917748,0.3186097899772396,-1.412339644634188
2012-05-07,0.44937917743211125,0.26227761199398825,0.33136521841901295,-1.3972108035278508
2012-05-08,0.24554485166430148,0.3157198922279307,0.41082915491676497,-1.308032558737311
2012-05-09,0.24897585473389972,0.2727347092122407,0.33267190450376494,-1.2138881686264873
2012-05-10,0.20768136462931863,0.34936531843116375,0.4680467513508638,-1.2374584979956145
2012-05-11,0.1840788863510098,0.2817400593408377,0.3052347331942124,-1.2265690918800898
2012-05-14,0.14688989024510501,0.10143142722772437,0.05686501273810875,-1.1443491661711755
2012-05-15,0.13796972688603215,0.05540719135809872,-0.001210623634488219,-1.0691162261237797
2012-05-16,0.15286568245431464,-0.23105619517573672,-0.12739305716080015,-0.995413822871903
2012-05-17,0.11306882449288591,-0.5339810508257737,-0.504449799119265,-0.714688147448402
2012-05-18,0.11506357237296197,-0.8185919535062336,-0.6117148015829225,-0.6788270056841099
2012-05-21,0.11166749950398808,-1.0202386549037867,-0.38568045158800324,-0.4798225591392643
2012-05-22,0.0928269523289186,-0.9672089203406936,-0.3351868528832689,-0.5754663556738432
2012-05-23,0.04921447116002909,-1.0223141531492206,-0.43586970912412093,-0.4231546102207593
2012-05-24,0.03576797582835212,-1.1585531901696953,-0.385335774323272,-0.46910777906748097
2012-05-25,0.025568862216449138,-1.5144939514308995,-0.4061246778174717,-0.4781941475307237
2012-05-28,0.018645455711861065,-1.4744446078348208,-0.8525068215415695,-0.4663538952735171
2012-05-29,0.0019531770643338646,-1.3164212292664175,-0.7140651783774729,-0.5390161536428629
2012-05-30,-0.02872254423355007,-1.4395997030942584,-0.9349332523067215,-0.36241128124945077
2012-05-31,-0.25251496664181844,-1.4759263170463863,-1.0485737496452052,0.10327983682390013
2012-06-01,-0.3561085393181472,-1.6207887188532564,-1.3910216336712373,0.43470345793596266
2012-06-04,-0.3559060925932931,-1.790531831151697,-1.320969616087374,0.44341622175355067
2012-06-05,-0.348124559560798,-1.7220287225309003,-1.0564376460101728,0.5483767865022361
2012-06-06,-0.18671722250843056,-1.4924017654797426,-0.6895947762651516,0.28982971590939827
2012-06-07,-0.17252578683534903,-1.2544679755220989,-0.4229788249613195,0.09059398744207299
2012-06-08,-0.3195025187733014,-1.1646582569083888,-0.3169132475589777,0.08814370401278718
2012-06-11,-0.2748264859038025,-0.9925787514021113,-0.563338937787754,-0.027875068990737124
2012-06-12,-0.3055988843395724,-1.035328172150284,-0.27221797793196434,-1.3837656095740616e-05
2012-06-13,-0.27936661059835094,-0.8950935955150263,-0.3816754458123356,-0.0015098200015620574
2012-06-14,-0.30121314110911457,-0.537170297220648,0.01791845153514588,-0.10849439375624828
2012-06-15,-0.3580922798821411,-0.06947253143423027,0.2865677461967198,-0.1510636281867797
2012-06-18,-0.39229929571501104,0.12153455172589986,0.5124634997538078,-0.22827880856882274
2012-06-19,-0.438556446136644,0.3705452841081471,0.6203451562425429,-0.4980418595445274
2012-06-20,-0.4140247598135479,0.3853760641714183,0.7579276681101205,-0.6934023587860102
2012-06-21,-0.36360210320458614,0.4408705602913285,0.5985527742643638,-0.7481056815384816
2012-06-22,-0.3759508462130943,0.416127546012902,0.8990057904987508,-0.6712376110576932
2012-06-25,-0.33551347479161364,0.37503206193887123,0.6027263600075923,-0.5438667387355812
2012-06-26,-0.37031768425008743,0.2567743768983466,0.6656327383595124,-0.5965828913907953
2012-06-27,-0.34677790188615626,0.30155938949116884,0.766734110288664,-0.7431295516346481
2012-06-28,-0.24812153753398705,0.41099299772096576,0.7460244199857831,-0.7854630548059975
2012-06-29,-0.29979372297623025,0.8178818144139903,1.4685002428226483,-0.9508616936446285
2012-06-30,-1.5084830477301274,1.0206699166210706,1.5690180205738842,-0.8272413874898571
2012-07-02,-1.0234481020800217,1.2917610985805716,1.5809499487848395,-0.8448271327798753
2012-07-03,-1.035874915665419,1.3854408517577907,1.5931953764741469,-0.8605136029573668
2012-07-04,-0.9994841813719476,1.232377801891958,1.4487313413157454,-0.8713979537026252
2012-07-05,-0.9446858646288383,1.1146716501185026,1.324578328800484,-0.8624404873956617
2012-07-06,-0.9113395137692337,1.0302171207763626,1.170720895870223,-0.800881751395394
2012-07-09,-0.9261595627060814,1.040667014754245,1.0575790209348441,-0.8024384431973097
2012-07-10,-0.9320531007154961,1.2192889588796667,1.0431139640245957,-0.8534560612157313
2012-07-11,-0.9777128907902312,1.1711759796862928,1.1065160658662605,-0.8796288653160668
2012-07-12,-0.9050631261498568,1.0070365129045276,0.8588665988803986,-0.8015659474932084
2012-07-13,-0.8893978797524653,0.9620636268641138,1.0626038844406627,-0.7542916661781304
2012-07-16,-0.8758794783771674,1.0338766265244284,0.9692219120354036,-0.7584580679146753
2012-07-17,-0.8156784071101646,0.8777980208601623,0.9388810466100967,-0.7754629763155999
2012-07-18,-0.9374460974482728,1.0117985973051857,0.952989493961911,-0.8101702323153144
2012-07-19,-0.9822388099185813,1.010871991860149,1.0306100360742203,-0.9232907380832809
2012-07-20,-1.0435279451553938,0.9335954283122876,0.7303637779624392,-0.8739203648816688
2012-07-23,-0.9549001594524429,0.7926653558613896,0.47295212074229714,-0.6915065524260047
2012-07-24,-0.9182101612916588,0.6870270753692445,0.13302583207459753,-0.6745257807211287
2012-07-25,-0.89097285806056,0.6692408511823038,0.16804719375992686,-0.6672024524730424
2012-07-26,-0.8345419479464304,0.7795955328763217,0.5011014618493572,-0.7598099100155419
2012-07-27,-0.9636286337465431,0.7603968991835977,0.6372485729891011,-0.881245585488518
2012-07-30,-0.8392054880669115,1.0511260557879396,0.6111911995237561,-0.940853708588007
2012-07-31,-1.2136071236666903,0.9480376338570748,0.49728224992838604,-1.0461003030666316
2012-08-01,-1.2049676989347824,0.9311004544519542,0.5897788010053592,-1.1374502271567277
2012-08-02,-1.1214759448225426,0.8655196504225872,0.5886744972128037,-1.0938836893783073
2012-08-03,-1.4788393256208068,0.9786928776114024,1.0391791929035123,-1.305105102045777
2012-08-06,-1.4015144561116222,1.1227047114473416,1.0607448606052452,-1.2703597718650772
2012-08-07,-1.4802010209508243,1.10132326962777,1.082769056021958,-1.3668896922460532
2012-08-08,-1.2948352380242019,1.1373148282457135,1.2958967194402824,-1.3381280679696643
2012-08-09,-1.0544997377555192,1.1344345911973268,1.2747169111674108,-1.2286351440227155
2012-08-10,-0.9985552345719992,1.2295382387993101,1.3577903133296843,-1.0506472067516368
2012-08-13,-0.9277619712137477,1.1893358605808606,1.4184396266600994,-1.1015339305333542
2012-08-14,-0.8842004055716651,1.069304169165234,1.3455903639751634,-1.1144108792813203
2012-08-15,-0.9189558134272973,0.8337006398159466,1.1303595034871632,-1.1427784871371014
2012-08-16,-0.8105439748349552,0.7089340658838741,1.1572798109849616,-1.082056951422553
2012-08-17,-0.7550229760323662,0.736878557407858,1.2009527364577297,-1.1064639542758117
2012-08-20,-0.6926706704532667,0.7639116398055925,1.2451596532620257,-1.1768045612609501
2012-08-21,-0.7946116699760472,0.9002180173058969,1.2335985640876488,-1.2286764364187324
2012-08-22,-0.7903849278758546,1.070139433569257,1.219908934904213,-1.1904947084942221
2012-08-23,-0.6835825618862553,1.022017889387476,1.0281060610230488,-1.159523153136199
2012-08-24,-0.5930868429067708,0.9630118540965792,0.9984241183886045,-1.1985090321996048
2012-08-27,-0.534045758608104,0.8423070038502409,0.8175375627208618,-1.2244651332088414
2012-08-28,-0.6433547305029046,0.7797939663410814,0.8204900863836373,-1.2186698711228614
2012-08-29,-0.5807008565140713,0.7680490160930279,0.8255097198004557,-1.2591572136856233
2012-08-30,-0.5096753905133131,0.7105691628167369,0.5419611917668027,-1.2503326587570704
2012-08-31,-0.8846798993501418,0.7754534695367683,0.6078227117218815,-1.0121115315403246
2012-09-03,-0.8236794404802834,0.6986757144101643,0.3491170272047593,-1.003883346337934
2012-09-04,-0.8180961177678335,0.609753951770877,0.2755022077880862,-1.068407407817728
2012-09-05,-0.7405458403112533,0.5973479686536197,0.3360296649015434,-1.1110598361577009
2012-09-06,-0.7056880931149134,0.6420875792570495,0.6904389162180382,-1.2574224317442977
2012-09-07,-0.7855912180006446,0.9565040567549513,0.9223406590253715,-1.3841319977834128
2012-09-10,-0.5045673705188126,0.8626391980940696,0.755168898317529,-1.4755714289729167
2012-09-11,-0.47738013939315094,0.9431557154098209,0.7951146834815428,-1.470393483296588
2012-09-12,-0.5514630228717294,1.0237543232983324,0.9535273598220051,-1.66840076318773
2012-09-13,-0.6449361337849595,1.3041175148188253,1.202779631832876,-1.6815927884925046
2012-09-14,-0.8811694821001321,1.4052149234840963,1.2523950048770351,-1.7292035795757386
2012-09-17,-0.7941174651859225,1.4054962195845788,1.2026012021506265,-1.6520973150074685
2012-09-18,-0.7252712135575353,1.332964636828562,1.0962256931016847,-1.6531791125456834
2012-09-19,-0.6014645624741561,1.3953973642503639,1.154545460841788,-1.6109420548061986
2012-09-20,-0.5177744454655423,1.0133545054592987,1.0662539373211954,-1.5076490919602026
2012-09-21,-0.568662516000441,1.031064243426418,1.0190308216069557,-1.4196992312064294
2012-09-24,-0.4080419600987002,0.975813253632426,0.8390306018207526,-1.2871957427827794
2012-09-25,-0.3279596146095215,0.7061652897169006,0.3802755171052927,-1.1839838426186067
2012-09-26,-0.32109909422276006,0.5928637283904167,0.13769616479587288,-0.8329115045696939
2012-09-27,-0.4920458763805448,0.6184482709732241,0.2737165344885733,-0.8669539455394865
2012-09-28,-0.4838145730435605,0.6594127772130601,0.24847658672081846,-0.8990585274722328
2012-09-30,-0.0009333477069022841,0.22071350705557555,0.2561495174870816,-0.8482152024374912
2012-10-01,-0.0639389153663541,0.7316511689113722,0.19895387877033674,-0.9161688984522139
2012-10-02,-0.1232257550059221,0.7650671013195899,0.24261818368841817,-0.8908284431647294
2012-10-03,-0.07147332016113565,0.8043506329903205,0.30362229078617164,-0.9766384323402875
2012-10-04,-0.1750711732486937,0.736463772921389,0.3215889994282905,-0.8743965522305043
2012-10-05,-0.036978143858519615,0.6099187024970426,0.297966414423186,-0.8256981199927718
2012-10-08,0.037890417795543564,0.5501795509208999,0.2618478718311063,-0.8432918486790457
2012-10-09,0.06999990767943107,0.4798996294723624,-0.0781236615710941,-0.7462512340146074
2012-10-10,0.15086234590863765,0.36925364769664554,-0.26646184387322014,-0.6682799348245713
2012-10-11,0.30405879452725854,0.28946825637593454,-0.2901363982231957,-0.6791961825464731
2012-10-12,0.33132351786354736,0.15373640048167758,-0.49549902868977597,-0.6730112387111946
2012-10-15,0.39507862193675675,0.28111630154194844,-0.32463887653295953,-0.7424768178381156
2012-10-16,0.38119416603037015,0.441297372100109,-0.024224504511657922,-0.7338408177002369
2012-10-17,0.35992414855276583,0.49207008504123856,0.23796517891237412,-0.7819275073773717
2012-10-18,0.2566993318477129,0.7702467951377362,0.2987676922826258,-0.7330180484171387
2012-10-19,0.2571810156397929,0.7090125819150402,-0.048983067912162004,-0.6974228974608666
2012-10-22,0.18125475228292143,0.5877025195176887,-0.038593275091753136,-0.6607459584811294
2012-10-23,0.15672524695689252,0.34318231626060997,-0.36884632992194877,-0.5125715346708758
2012-10-24,0.17536970791738005,0.47073425289479365,-0.2784873852344924,-0.5184792497231974
2012-10-25,0.20075356513019496,0.3331743846859074,-0.1744241941287544,-0.5844206408358747
2012-10-26,0.21973713738577416,0.34353875519889865,-0.2561383409871147,-0.5100497897082232
2012-10-29,0.20362447791469357,0.3450202370559761,-0.35961786030245546,-0.43539472095585474
2012-10-30,0.18428167203422818,0.16205841538442237,-0.4923673642485024,-0.43217535264077406
2012-10-31,0.06101578105360419,0.11067320762398823,-0.5699982784715206,-0.07902400550261021
2012-11-01,0.0671701386573796,0.10985611487768115,-0.24895193609205013,-0.1755622795092623
2012-11-02,0.17576375264750224,0.060497616945877256,-0.5011437032177933,-0.29145812107572866
2012-11-05,0.1611632914170303,0.10626813879115041,-0.6239697021887165,-0.23750755050871564
2012-11-06,0.10035797864593396,0.007977639909461202,-0.4115267515727759,-0.34855104680119764
2012-11-07,0.1687331222884312,-0.13418042573468678,-0.7549710928426666,-0.2660556395827485
2012-11-08,0.3533688271421128,-0.27303543020698795,-0.8235379857514133,-0.27020579687137
2012-11-09,0.38290228768229406,-0.6088930406760009,-0.9820119354904571,-0.15257558935933385
2012-11-12,0.3642093170940681,-0.6918199947671999,-0.872006066072927,-0.1506453825268955
2012-11-13,0.3643182764375423,-0.9109612620857526,-0.9852709689519726,-0.1287953575360355
2012-11-14,0.35561280816933605,-1.1751865654008793,-1.3714550027822903,-0.08369533356083812
2012-11-15,0.36076795904960046,-1.5447398465209057,-1.616198796943843,0.12961686860754096
2012-11-16,0.35027847611043694,-1.5363710803380606,-1.3617931806161083,0.18459673336352256
2012-11-19,0.3576534259959339,-1.208451639175195,-0.7157990023480327,-0.10097789810277977
2012-11-20,0.3194240508044155,-1.2360546956581389,-0.5448372931954302,-0.10402731388189605
2012-11-21,0.32098561417017074,-1.0064890678722989,-0.38227894491553627,-0.20336276125043007
2012-11-22,0.32050395699775397,-0.9510868579714042,-0.31047497883692676,-0.19968006954063083
2012-11-23,0.3112807531283095,-0.9230771986671501,-0.25599090165371796,-0.20426743030437225
2012-11-26,0.35731985132766714,-0.879376360142036,-0.20369724472905015,-0.3519292232497102
2012-11-27,0.3788628636782886,-0.7977093032815786,-0.19293576070303486,-0.4623841719631915
2012-11-28,0.3638658257402247,-0.7755629600475635,-0.08610990344247864,-0.4888179848116443
2012-11-29,0.3400417874974663,-0.5498871840512104,0.12203767810121283,-0.7402959547316637
2012-11-30,-0.30934674574539506,-0.5925163192192213,-0.10748455340154134,-0.5153274009382124
2012-12-03,-0.4078209481942319,-0.7193429751977631,-0.32807039614403133,-0.6250108048764519
2012-12-04,-0.39192931176497614,-0.7318113132143131,-0.5174102685158282,-0.724260056362138
2012-12-05,-0.38274597727539794,-0.49670894892518935,-0.26511734430156697,-0.9647514863955188
2012-12-06,-0.402361592546775,-0.3200956745139638,-0.02490775000563937,-1.019248520006744
2012-12-07,-0.3145388551220136,-0.31454674226325524,0.18535847774280775,-1.04309506046177
2012-12-10,-0.20080028349881804,-0.08842238470960467,0.2610983655943114,-1.056136619221078
2012-12-11,-0.19955610291219453,-0.12234631930328117,0.37032514228675095,-1.0866283371334047
2012-12-12,-0.16485708677847336,0.02167452276716394,0.39917021023250043,-1.0737434263217762
2012-12-13,-0.09586334716793495,-0.05284060454445474,0.3440551212192077,-1.029836559180274
2012-12-14,-0.0741099563550406,0.16980964617351701,0.365186354464628,-0.9979817659477779
2012-12-17,-0.13150555673107833,0.3473843096000987,0.6009857441511431,-0.7375408100077044
2012-12-18,-0.17181709270578552,0.27626162155971645,0.6456079820942668,-0.9321718349170568
2012-12-19,-0.11196529436182993,0.38921978873229823,0.3656003116952937,-0.9318204998256259
2012-12-20,-0.027615580019107893,0.46955708682539815,0.44602852170336255,-0.9114828656169137
2012-12-21,-0.050030550719410934,0.2984119296582659,0.1872058533559171,-0.7776809658396897
2012-12-24,0.06982929500929884,0.09187657168015533,0.11722660857226284,-0.7850156098604378
2012-12-25,-0.3740322152869927,0.05563633240173356,0.11295492587624807,-0.7765507172792137
2012-12-26,0.06820479360189777,-0.013412150305302954,-0.1577002512858112,-0.8303102067000645
2012-12-27,0.04884558906268841,0.012242696333721482,-0.26277187751738496,-0.7506754274562936
2012-12-28,0.07831308251993561,-0.3775658159331724,-1.2015377387668529,-0.7482650618509086
2012-12-31,0.5450978848459976,-0.3164839979105745,-0.2022120802942316,-0.5150457830144599
2013-01-01,-0.219111574135557,-0.3450161506912101,-0.2568990531714712,-0.509217292732448
2013-01-02,0.4656812159963815,0.1905414560542498,0.7762107960902132,-0.7531562453131583
2013-01-03,0.4847622728673759,0.06197831976113702,0.6149086057874587,-0.7548659437384577
2013-01-04,0.4518027838850969,0.12161451458906382,0.7465957644578451,-0.742080748687611
2013-01-07,0.3292117020513769,0.25778436304419045,0.7846323044722322,-0.769021599905863
2013-01-08,0.37677943920340284,0.16709550430305015,0.6408422658972813,-0.8034123809855146
2013-01-09,0.46309998434020755,0.07891976422217356,0.5110587836388922,-0.9322976814621691
2013-01-10,0.4753267599042701,-0.022497607809461882,0.6346134508623926,-0.9495627669669906
2013-01-11,0.34591828229687405,-0.051495634739337014,0.44060581936141757,-1.0125465065307837
2013-01-14,0.3325335221125859,-0.2187783875733842,0.2615257025682768,-1.093715672552251
2013-01-15,0.3532903371066849,-0.18563986328282092,0.24026757391621192,-0.9943570398959352
2013-01-16,0.5181089081479923,-0.29397769440096694,0.21967018110835712,-1.0449443445925746
2013-01-17,0.6221593355215899,-0.3415940738547451,0.4064793706523154,-1.0715042777977855
2013-01-18,0.6236128062428451,-0.23323932929229174,0.5928111423192275,-1.1067773126267528
2013-01-21,0.6060299769313469,-0.10278533695245967,0.8582513777403024,-1.1229732954057627
2013-01-22,0.4500374284831181,0.035902127015738264,0.8778872984881786,-1.105097750036911
2013-01-23,0.41042327161394043,-3.543596167996055e-05,0.8928373174915138,-1.2202147222673125
2013-01-24,0.3622207548446972,0.03161520900684343,1.0382998683378728,-1.219250275414405
2013-01-25,0.44306645424414076,-0.061101724972177134,1.2002390760787216,-1.1846657369895264
2013-01-28,0.4198599292584291,-0.026861030733912654,1.3171854660103093,-1.1497570622119773
2013-01-29,0.08010050698177379,-0.2951003497637496,0.844522959037447,-0.7917412057839165
2013-01-30,-0.15410678083743679,-0.5500090768971108,0.5272549415651134,-0.6635679204346943
2013-01-31,0.5233870539579708,-1.129902399109968,0.07407919828591901,-0.4413394367075184
2013-02-01,0.3015654031197916,-1.062288550110646,0.273976992543693,-0.3583971764277036
2013-02-04,0.26112561762320974,-1.2446309449257866,-0.08276121439248933,-0.5135362417645202
2013-02-05,0.2834989641537705,-1.251875428547883,0.2517336207093395,-0.2942133178439699
2013-02-06,0.29417563396572377,-1.170327073313066,0.2615538038782716,-0.4364730282931139
2013-02-07,0.27939313197908816,-1.1657303669239674,0.20696148591028735,-0.33999755509520435
2013-02-08,0.5396568824824695,-1.1750462169449187,0.13857781313518763,-0.35076807360536
2013-02-11,0.5409894934671442,-1.1244863735045365,0.35590777775636767,-0.31209327100492334
2013-02-12,0.49848334961115,-0.9617697130203174,0.6010594597129028,-0.28895387079660284
2013-02-13,0.426779155106698,-0.934953991922805,0.6258359557988981,-0.2728059595746462
2013-02-14,0.33473938691155924,-1.0056250053584919,0.3811764529776768,-0.345557854126461
2013-02-15,0.2801727941089187,-1.0706478449555739,0.1848903586939497,-0.34574677758023714
2013-02-18,0.20970542090801977,-1.1350447420268979,0.15665538394931303,-0.3713797112693137
2013-02-19,0.125070836486948,-1.1091079039991485,0.29370733706201835,-0.39804537634052795
2013-02-20,0.17323189206698422,-1.2260000260376616,-0.21747857319941266,-0.43958249689276935
2013-02-21,3.0,-1.2706838408853134,-0.42258344996021696,-0.4166349391024971
2013-02-22,3.0,-1.0086273422402454,-0.09736236719904102,-0.5259990598584973
2013-02-25,3.0,-1.0732141925530052,-1.0487697320380114,-0.8170113899330258
2013-02-26,3.0,-1.1491167655053005,-0.818533983601035,-0.634280710814636
2013-02-27,3.0,-0.9030333371178263,-0.3779313945411105,-0.7112245456087777
2013-02-28,2.98141392365669,-0.6619537361372348,-0.27738380910302424,-0.8099441434480876
2013-03-01,2.8666587336122213,-0.3701764466796806,-0.015007846561038806,-0.8219417364591161
2013-03-04,2.74182891247487,-0.46736372374837865,0.043365062517026494,-0.7928056362667083
2013-03-05,2.6174856234826787,-0.2132687217055915,0.3758841121474871,-0.8928563187812925
2013-03-06,2.5150279167513094,-0.24939589387527236,0.27735475326510994,-0.8673220337923402
2013-03-07,2.426638795856461,-0.3105804707049711,0.4460722700163853,-0.7583658427288479
2013-03-08,2.5540272302211795,-0.2755849970871073,0.6152832850049553,-0.7448215742583486
2013-03-11,2.4130331999713857,-0.18720213468500432,0.865798909472804,-0.704449491387775
2013-03-12,2.3273749173860137,-0.0888345020405664,0.7638561200539704,-0.7697372045268202
2013-03-13,2.2686744735135185,-0.10623866060567394,0.8353621355700229,-0.7996582012752618
2013-03-14,2.2051166095541195,-0.18291012117392855,0.7938546358757453,-0.8952824851810615
2013-03-15,2.135097948348121,-0.19443184877862088,0.6000166886074647,-1.0021479626668373
2013-03-18,2.0785721765836125,-0.30251223887097617,0.29723331144437526,-1.033196707577923
2013-03-19,2.0652910289704938,-0.3189200205449339,0.060560490789524794,-1.1622174724719516
2013-03-20,1.9974768876764684,-0.8361319253249836,0.4860536219654566,-1.0514905051815158
2013-03-21,1.9581412161450933,-0.7830074699602944,0.2612394900822495,-1.191240747621614
2013-03-22,0.72465616936934,-0.7175681147046333,0.5391395074636222,-1.0718759820242516
2013-03-25,0.7233591289500204,-0.8076185833178597,0.43262731788928543,-1.182587114244425
2013-03-26,0.6741114251439613,-0.8997006074798367,0.7894471471872568,-1.0867341413212372
2013-03-27,0.6842091990839134,-0.682017399773708,0.5106530489781282,-1.179629501400407
2013-03-28,0.6263816203417195,-0.867050627122098,0.09452035478898987,-1.1902775879320535
2013-03-29,-0.013228569399256101,-0.8456267397648769,0.11198656002418535,-1.1739201804593915
2013-03-31,-0.044983615439207904,-1.105420875846798,-0.4104456240413199,-1.007061549568487
2013-04-01,0.19440438093544152,-1.238179495976636,-0.5640309220586973,-1.0399664694848374
2013-04-02,0.18869996967036598,-1.212921994827475,-0.4660665611790986,-1.016381704681672
2013-04-03,0.1795233081973825,-1.2050294232410361,-0.7845071658393525,-1.0783459079893074
2013-04-04,0.1478850807565554,-0.969228154953737,-0.8028051689006608,-1.064561829649809
2013-04-05,0.15781945776254983,-0.8648278238971139,-0.8930142994175808,-0.9611506122669579
2013-04-08,0.24220393438142562,-0.842586075712627,-0.7353190381505225,-1.015564590868453
2013-04-09,0.26225801892765455,-0.7077375332112944,-0.5338531429567697,-1.0852240619192932
2013-04-10,0.27389130905574555,-0.5341368771024195,-0.20914699781326762,-1.2423880222385673
2013-04-11,0.2524292322339371,-0.41733597117381405,-0.1690080022380022,-1.4303859561678838
2013-04-12,0.2153192243472198,-0.36955282814832735,-0.12243262561528727,-1.4991116988284372
2013-04-15,0.22861515581946082,-0.5432521350496238,-1.079151802777675,-1.3922752052944944
2013-04-16,0.12566633049320897,-0.36098910919292826,-0.28948937316401446,-1.3273131166408942
2013-04-17,0.17633106991796735,-0.20532477232743238,-0.9183433016491106,-1.3013160886291282
2013-04-18,0.28315111975266166,-0.2852587724747412,-1.0110797717310456,-1.3043369491760586
2013-04-19,0.209978318217697,-0.19319440492547843,-0.647423994231237,-1.3187438788500807
2013-04-22,0.15496161651268953,-0.010247775631927405,-0.38813663992263375,-1.4420667544443015
2013-04-23,0.10545443997559799,0.09289541443114092,-0.2179778161205512,-1.532601097359872
2013-04-24,0.005207147487031727,0.4140769739248804,0.28584641817794454,-1.6633683594653885
2013-04-25,0.019642153515694552,0.4487960616232016,0.4447340672661582,-1.767107084435124
2013-04-26,0.01686923084304565,0.8124638969189842,0.6490466179459069,-1.8794017478518288
2013-04-29,0.10031650346611638,1.1327196967383921,0.9588199570349274,-1.9979279132726997
2013-04-30,-0.12035845591947787,0.9568784569709029,1.0082117680825673,-1.9036217166793452
2013-05-01,-0.08652600939990213,1.0169548470187972,0.7998863559552778,-2.111577046450369
2013-05-02,0.010594704537182805,1.2976012238929988,1.2511504325553875,-2.179765023289286
2013-05-03,-0.046313903456537325,1.1836447403514365,1.5998861075082014,-2.1050808249890163
2013-05-06,-0.07267660818157431,1.1572975721588972,1.8695098926103493,-2.0284506867625196
2013-05-07,-0.09331518848031109,1.2440585939729754,1.8081576064382108,-2.047643789749541
2013-05-08,-0.15667322620773388,1.1930752986362194,1.6823309757916243,-2.020797926605625
2013-05-09,-0.1888690562318326,0.7737008469917064,1.1861542585873797,-1.92694276207115
2013-05-10,-0.23568027714255851,0.2792163930648482,0.9891376174415323,-1.6911747137564976
2013-05-13,-0.21231295272733197,-0.04478422156397423,0.7758675401625574,-1.3200911208497481
2013-05-14,-0.2197885844478358,-0.031808705219236996,1.035631853830745,-1.132184042383179
2013-05-15,-0.1876933800103417,0.08522091560125193,0.8981368128823424,-1.228513034554984
2013-05-16,-0.2568656536667535,0.2897868184417398,0.8268331865033095,-1.2022259180335966
2013-05-17,-0.21164301648390588,0.2851896750234773,1.2361679683119553,-1.104246245848011
2013-05-20,-0.23789435555926297,0.22890119073680626,1.1188725854153971,-1.1112197098172454
2013-05-21,-0.41258508649045034,0.10906670730494299,0.8816118327998506,-1.189556833795026
2013-05-22,-0.37694620840785664,-0.12293820470502313,0.7379137822342985,-0.9404036906144094
2013-05-23,-0.3050980115946846,-0.6179186095198326,0.25492703186092047,-0.6692284809403312
2013-05-24,-0.3069515894266625,-0.9287449457632854,-0.22638263541868703,-0.6171395886603189
2013-05-27,-0.34269298698730694,-1.0296323652236081,-0.21727304464092242,-0.6340901277288696
2013-05-28,-0.3348666497398682,-1.5668975737581639,-0.4826910837894058,-0.6014407798849533
2013-05-29,-0.24995227832295372,-1.966695464354301,-0.9822553403205487,-0.19518733267907484
2013-05-30,-0.1972945318158071,-1.9122647732215896,-0.8168327605485487,-0.22224593648067528
2013-05-31,-0.18595213785104076,-2.5859716021583887,-1.6451047478323026,-0.040774120893929816
2013-06-03,-0.25561241895734527,-2.7196763587613293,-1.989273443857891,0.3665707776852845
2013-06-04,-0.2562743787820897,-3.0,-2.4771816866570826,0.48418458427426364
2013-06-05,-0.25160642758678786,-3.0,-3.0,1.0761279329620463
2013-06-06,-0.26481949515655,-3.0,-2.6746782340872324,1.1522180285642845
2013-06-07,-0.23554840961982815,-3.0,-2.139409741213782,0.7306372212629242
2013-06-10,-0.14707674704107335,-3.0,-2.4463563435083606,0.6858358869761383
2013-06-11,-0.09718183689286915,-3.0,-2.6272666207597988,1.1237322584645568
2013-06-12,-0.04153074691812851,-3.0,-2.6237158466743797,1.0038978872048088
2013-06-13,-0.054622153596058376,-2.6271552508186375,-1.9718820562984702,1.1363503008032645
2013-06-14,-0.031177747458467082,-2.2981432756441347,-2.0608463431101143,1.005838613512072
2013-06-17,0.13159334447700213,-2.106692676094603,-1.767543020069303,0.8800461359614716
2013-06-18,0.06835297206217891,-2.1468947286296105,-1.7446808817505213,0.8054690210219374
2013-06-19,0.12423597611385473,-2.655728474163349,-2.132624235591034,0.6386308401468711
2013-06-20,0.2486995704988112,-3.0,-2.937136595547593,1.1235865722453253
2013-06-21,0.3088830715556156,-3.0,-2.2459884299106907,1.0447966787863647
2013-06-24,0.42339203681478893,-3.0,-2.5409967549940116,1.4034982673125969
2013-06-25,0.42768460545230413,-3.0,-2.027215488582361,1.4392922951454026
2013-06-26,0.35325178920493905,-2.629524471883044,-1.6860644498802457,1.3042656026444295
2013-06-27,0.31459229823389334,-2.2041619154793426,-1.274464697364542,1.1620170071234386
2013-06-28,0.2830357161129645,-2.186833673312987,-1.4207226843949012,1.0403182356654408
2013-06-30,0.04391125211797331,-1.4589873111606209,-1.2436402642486437,1.143409293021536
2013-07-01,0.0318742472008422,-1.7529113183780165,-0.8651372905266845,1.0473282038892915
2013-07-02,0.01815135054679696,-1.643481083224509,-0.8566035630942652,1.017865184850714
2013-07-03,-0.06763997652740354,-1.4300528791789768,-0.6237675582484986,1.00053738240276
2013-07-04,-0.05999653137315393,-1.415092768353049,-0.7093948495313978,0.996481472672828
2013-07-05,-0.12284419554818815,-1.7140547301203872,-0.7821928653478519,0.8151107100428137
2013-07-08,-0.09003734633096983,-1.4154626449844518,-0.46715188764700066,0.9836109356010215
2013-07-09,-0.04696418280722329,-1.0184716860184904,-0.09262052682887806,0.870324999386538
2013-07-10,-0.038170107275153686,-0.869249842969375,0.04942714744868843,0.701127409747184
2013-07-11,-0.0332824165864409,-0.7351816873479663,0.15450751167478963,0.5120084028439019
2013-07-12,-0.08285895875839339,-0.667995088118777,0.3730346747431199,0.2976303972012791
2013-07-15,-0.1456106811689764,-0.5649219995382291,0.3802729058258521,0.20845509005811674
2013-07-16,-0.1100360675446391,-0.4867673685754896,0.2431726800986719,0.07221144572973569
2013-07-17,-0.19392015777074456,-0.2029374619020237,0.6165974775001444,-0.038480145580944196
2013-07-18,-0.21958982635437008,0.4173631213025719,1.0373905573629016,-0.23426751179398372
2013-07-19,-0.3343185371002744,0.6721527017720762,1.1796681854192719,-0.2477676543757332
2013-07-22,-0.3361436908086999,1.0946001123142646,1.3862937371917892,-0.30025792572030985
2013-07-23,-0.32714078762372556,0.9280244713016871,1.00943766015147,-0.33920983965492213
2013-07-24,-0.25886952731413876,0.5354198830036759,0.5625678645100373,-0.16976755160807597
2013-07-25,-0.21256829896305507,0.25338925697648357,0.35643921607139634,0.08406135582003911
2013-07-26,-0.16804422316386897,0.3398932770865587,0.5728326805868411,0.23812897210072878
2013-07-29,-0.166466855106281,0.20161068942314284,0.32324600536068987,0.20526169970521524
2013-07-30,-0.20462770919151027,0.09695611935057502,0.16084139271037468,0.1344865939974484
2013-07-31,0.8874687315592664,0.08455369051647507,0.10614435508640874,0.2534436959124909
2013-08-01,0.9409193183817819,0.0419503914499628,0.15436973542318902,0.07757467685881134
2013-08-02,0.9233317865668095,0.18392942314341656,0.3086844311410229,0.37211044846753855
2013-08-05,0.9284611430184777,0.33447304913631404,0.3182494988500058,0.399500457840188
2013-08-06,1.0676293837017503,0.11730298088484738,0.04756636902558597,0.4821470733877961
2013-08-07,1.0594476420995012,-0.014038089400904888,-0.22393774136005587,0.6185637337220719
2013-08-08,0.9851091156167834,0.004960124296072719,-0.18286422960333096,0.5799116648585902
2013-08-09,0.968774545875164,-0.21652238292350062,-0.49081920996495426,0.5728480317938199
2013-08-12,0.9817539775194148,-0.35716781318138946,-0.5286524399805169,0.5326820469804148
2013-08-13,0.9869593220702874,-0.5755613080826832,-0.5525598356938404,0.3470499527863555
2013-08-14,1.014191967297597,-0.5840428860528244,-0.5672148761595247,0.255373477956442
2013-08-15,1.0874970244739157,-0.9960188519180692,-1.1411088903550632,0.42866108077988674
2013-08-16,0.6392785534782501,-1.2055323430962999,-1.1703279349374223,0.3067437554500801
2013-08-19,0.6967290808068696,-1.4478655173586552,-1.4059802029593202,0.35114521200256144
2013-08-20,0.6512294795243586,-1.3415431216850875,-1.1582481927455843,0.6441175141087896
2013-08-21,0.6924674326774295,-1.4800089823186273,-1.2642933107451522,0.5391463932920074
2013-08-22,0.7334645054258961,-1.173393140528208,-0.7911650869600118,0.39897064767519136
2013-08-23,0.6174220164166572,-0.8398024407633674,-0.5001651222609493,0.4685352681559623
2013-08-26,0.5357344982265732,-0.8150892569280713,-0.6740327348560031,0.45970909859431436
2013-08-27,0.5442122581843037,-0.8465646804561026,-0.9640408666382111,0.694428177799176
2013-08-28,0.53090552751232,-0.880910369641254,-0.8519347930051604,0.5220160121978731
2013-08-29,0.6662890915242258,-0.7295040224073663,-0.6707333050148913,0.4796765441760776
2013-08-30,0.6787306808634227,-0.7052030687912456,-0.6269407820283655,0.49157149395845023
2013-08-31,2.011569454391796,-0.98474717489754,-0.8436831926023681,3.0
2013-09-02,0.8935656447867462,-0.7663086200189297,-0.7919638737580886,0.46497263699097124
2013-09-03,0.9233206121403311,-0.7002919779042724,-0.40008296940641935,0.18563811866368518
2013-09-04,0.9240564738943478,-0.5827354101625444,-0.0960073454469408,0.09081444327484303
2013-09-05,1.114940009550353,-0.6283794631285785,-0.11671723046707827,0.05456539790984406
2013-09-06,1.1184264839480142,-0.6208910074536259,-0.2819780755009411,0.10832927644026473
2013-09-09,0.9763255623309915,-0.3576819318974881,0.02205895106195456,0.17597664755622525
2013-09-10,0.8512971640336213,-0.33861687948574504,0.1626956501128756,0.07394173718302668
2013-09-11,0.8547389520871457,-0.27166892380010416,0.27204513562886457,0.10618586764785856
2013-09-12,0.9022912354711825,-0.04109647840286184,0.526556746347605,0.05800988289679354
2013-09-13,0.8100301754285256,0.30165747716805447,0.8803139209674434,0.02673430296729339
2013-09-16,0.7126181368924971,0.6742049574339849,1.0983037842225591,-0.14649874057594559
2013-09-17,0.5850324072762687,0.7936660504909532,1.1599718416738605,-0.019395157834284405
2013-09-18,0.467426471714306,1.1455137885646411,1.2976714343723192,0.16075221687666877
2013-09-19,0.5126064642734893,1.1315634407144528,1.1056987887396763,-0.2660635692700142
2013-09-20,0.4707572822697573,0.5624895321436202,0.7932373707185674,-0.1942775365816105
2013-09-23,0.5588489527440145,0.4997831057947551,0.7227037885353617,-0.030763182994675117
2013-09-24,0.6617850691119194,0.6032108099505411,0.850765330032092,0.10524630771854257
2013-09-25,0.6929171627063222,0.6102093770437399,0.6330545166002102,0.24489786089657775
2013-09-26,0.6707974943097431,0.5988203632602662,0.6650224820176175,0.227683989419228
2013-09-27,0.6833125537208503,0.5101348959163632,-0.026021247877866832,0.4340578823150901
2013-09-30,0.6367394317491077,0.37294103568468,-0.23359324624106198,0.732096069404488
2013-10-01,0.6473666501029623,0.5007140619817305,0.10846251391320295,0.5949809254634032
2013-10-02,0.6053193424890502,0.5388888184488922,-0.2584842394765265,0.5630743731849032
2013-10-03,0.5434472625083264,0.4408466432424056,-0.5285047267357994,0.41901516831541685
2013-10-04,0.5066567375600949,0.5711659041786237,-0.2580549582325769,0.25847327714172763
2013-10-07,0.5054774494690963,0.31496835653464694,-0.9219505651492409,0.2126178860411411
2013-10-08,0.3383465762922599,0.13431504501672317,-1.2619471691418827,0.17732218101349992
2013-10-09,0.2621874626635973,0.137767002552333,-1.2095887264433232,0.1799163941031896
2013-10-10,0.15263921435269925,0.3848447603401759,-0.5157248377551786,-0.020422425654758963
2013-10-11,0.16887656710198695,0.4464263034880121,-0.32055096012526507,0.008046067614489472
2013-10-14,0.11854709445138835,0.36042412265182144,-0.3922240760244029,-0.04778542432153711
2013-10-15,0.08475617164557891,0.1902614555106758,-0.8091964995405034,-0.1879216212158799
2013-10-16,0.06667876373009578,0.4061528352805177,-0.1451998554261689,-0.18077787649757263
2013-10-17,0.07948996821886108,0.6152182954012105,0.2456214184891803,-0.3294050031540488
2013-10-18,0.016738064290647208,0.5942370270490144,0.3492321551702191,-0.519181241805652
2013-10-21,-0.0550713949729629,0.8111132658111138,0.34558747162565484,-0.635207415093672
2013-10-22,-0.09062293468560338,1.0414548028095063,0.4334252457438473,-0.6150590078237218
2013-10-23,-0.06604775643312578,0.9462327772223277,0.4041887589152161,-0.6250580228982678
2013-10-24,-0.1076915637608229,0.9567108235236471,0.514799267599525,-0.7029235916688322
2013-10-25,-0.13345787919023416,0.9698030450888963,0.5072847644642962,-0.6477567778087111
2013-10-28,-0.2041459539305165,1.0214276321552895,0.7782291262585069,-0.5792394720111361
2013-10-29,-0.22464225474813831,1.2029127295621005,0.7804799694277484,-0.5645226772182835
2013-10-30,-0.3557138737708554,0.9253796035962313,0.49932442715546815,-0.5691148167207656
2013-10-31,-0.19360636466621253,0.9785672647285112,0.604005595651389,-0.7477395928018394
2013-11-01,-0.1374213662602306,0.9227363900493435,0.7567292364006123,-0.8071671405049101
2013-11-04,-0.23651272181016283,0.833239885197525,0.6582463698288264,-0.7595140443337457
2013-11-05,-0.25341740740208263,0.681996883610186,0.6067717862779665,-0.6537690661796668
2013-11-06,-0.30089870232339205,0.8351577795801152,0.8786871892654563,-0.5933179666327094
2013-11-07,-0.07322435164389111,0.8089123156494559,0.5472842492390643,-0.6799410532621707
2013-11-08,0.074239579949766,0.5289126493854337,0.5762917539861461,-0.42005568862446796
2013-11-11,0.06809256930277936,0.5712134796583712,0.6991651830543675,-0.4126765748365436
2013-11-12,0.051758020504543825,0.4952075108501752,0.6058097833872582,-0.4365969326281004
2013-11-13,0.04207953021967554,0.6506731628887258,0.8095503710198878,-0.2913075000573465
2013-11-14,-0.05235224661354076,0.5691393281974393,0.5277604947870257,-0.31551116996859907
2013-11-15,-0.1058221144621904,0.5167676870285616,0.6505942806103029,-0.4187351448624625
2013-11-18,-0.12334621647813764,0.4025710263503032,0.2536364088802702,-0.5739137841488605
2013-11-19,-0.10538205770444622,0.28589336644822383,0.0818708944700879,-0.667422738056066
2013-11-20,-0.04212479592877904,0.05291112595424394,0.05206254262721272,-0.6428659178153077
2013-11-21,-0.11187671592919082,0.28444662048148506,0.5161356008401005,-0.5757848744588558
2013-11-22,-0.12284789121962789,0.4694481722021247,0.6313567484418818,-0.6495823469102039
2013-11-25,-0.1222299477258307,0.5429019236156962,0.6212170110402138,-0.7261224077017328
2013-11-26,-0.10427136449616525,0.6206793976826267,0.6864945498797093,-0.7307984552188572
2013-11-27,-0.03619831937836022,0.5331958830049615,0.6878906717562354,-0.7642865487194952
2013-11-28,-0.0371478661891045,0.6348398679769953,0.7439857626593656,-0.7536972074900975
2013-11-29,-0.04432406634064787,0.5421959134160141,0.4698784419363965,-0.7614368727651395
2013-11-30,0.5777270719165468,0.5513728666644291,0.37630145665821746,-0.6377019113784941
2013-12-02,0.009269890187838428,0.6030832343455066,0.4371229319641131,-0.8139555125197476
2013-12-03,-0.009908300075807773,0.6402570785304822,0.2832966611059026,-0.7338215954542202
2013-12-04,0.05583491137791178,0.4281614088031874,0.0032955904734046754,-0.7729008726185912
2013-12-05,0.19382325067222575,0.2581353521425932,-0.12280987386551555,-0.8256731705593428
2013-12-06,0.46000715615003623,0.5579239910693375,0.15649490749974032,-0.8764072819732255
2013-12-09,0.5525741343234617,0.8183969655318424,0.4451469460722859,-0.8884130439828722
2013-12-10,0.5696711652472773,0.9085994985550706,0.34144332010578554,-0.7890820443709748
2013-12-11,0.5402052387262137,0.6097459195225909,-0.1301839641902217,-0.8382594950502222
2013-12-12,0.5118696145661676,0.4678781725968637,-0.25881435025459715,-0.7737347934883761
2013-12-13,0.4819815614522431,0.3252387314306528,-0.45736022655426417,-0.6924995216005406
2013-12-16,0.5456413055075026,0.27789282522296643,-0.26791133264088995,-0.7038488285401465
2013-12-17,0.7308005588753652,0.6416089657765791,-0.37966051373604215,-0.5089106560700849
2013-12-18,0.7206987578991666,0.8355656698666776,0.20148798416749705,-0.4157543903595051
2013-12-19,0.6317099586179811,0.8542013374660812,0.2127193193097833,-0.45375762231018973
2013-12-20,0.7315426340583632,0.9201255939873331,0.4040173899326068,-0.4507644885822309
2013-12-23,0.666495452919625,0.9112852837886765,0.6349761976489117,-0.5198272750991607
2013-12-24,0.6801685015299525,0.9374280064554054,1.1992225991827492,-0.5079686173003523
2013-12-25,-0.3112433029163146,0.9270912127882596,1.1620042823883845,-0.5013119888190722
2013-12-26,0.6703598309847157,0.8708489804138049,1.1094168684028731,-0.47461308350200737
2013-12-27,0.6494551659948306,0.8212320086347795,0.9376299097105378,-0.3967900893917427
2013-12-30,0.6250683040052061,0.9355180503688526,0.835175624202473,-0.3393050044963835
2013-12-31,1.218413676352082,0.7726168156392684,0.7116712804014018,-0.2528126971801445
2014-01-01,-0.6398104760640647,0.9304208729597778,0.94659829764213,-0.24838696703936472
2014-01-02,1.1838967194470769,1.0200866439980734,0.8220904796060917,-0.27788426695439483
2014-01-03,1.1584781725695115,1.080586478881956,0.8672687994998052,-0.2643374344077777
2014-01-06,1.0663351419197258,0.8856541306638813,0.5668202433687178,-0.3275229079501281
2014-01-07,1.2024872576923051,0.7271985073155606,0.3580148139157691,-0.3987346529641104
2014-01-08,1.1328060047121444,0.556411291658238,0.4211362171081605,-0.4682422228055479
2014-01-09,0.8955591614421147,0.661489183851472,0.4540878650636293,-0.4709782292405598
2014-01-10,0.9845427960502545,0.780012900091398,0.4271458971887727,-0.45571161668845217
2014-01-13,1.0120931821794519,0.5402963252751564,-0.08678026503850692,-0.40138631776834405
2014-01-14,1.0648376140742786,0.491411443594711,0.027563073138440752,-0.46699435475519707
2014-01-15,1.1787453085017545,0.6030345873134966,0.39108507254621655,-0.5189546714049887
2014-01-16,0.7708699459052901,0.4857133587672224,-0.02859143811733278,-0.48012907590934717
2014-01-17,0.6427872840963047,0.4297761795263071,-0.05821410954066815,-0.4930247415016091
2014-01-20,0.6031746695090276,0.2584895796193522,-0.1485330998317997,-0.4867697728928703
2014-01-21,0.5707184231976206,0.22355244216284825,-0.4086257421279206,-0.4781748406569043
2014-01-22,0.46872916882256815,0.13291645951393186,-0.41765569706707606,-0.5511280174065094
2014-01-23,0.5635685088443242,-0.01455163499089229,-0.9082467827838822,-0.5042022217391551
2014-01-24,0.777893882289306,-0.43878023331904603,-2.0892683464329216,-0.20932090414639315
2014-01-27,0.7164013107266485,-0.48625134696843053,-1.8155152673451866,-0.12524373260697672
2014-01-28,0.481415028328438,-0.2744199533618319,-1.2303392629916592,-0.15389733964625438
2014-01-29,0.45392024199112035,-0.33435755083225055,-1.896745795426865,-0.1235591692842538
2014-01-30,0.15216806165166996,-0.2511579577862716,-1.6411849448485951,-0.20123784630239858
2014-01-31,-0.2755127028227079,-0.37224859362144774,-1.8940356268321095,-0.08452511660534276
2014-02-03,-0.5777967563441383,-0.57093835132509,-2.539028908427926,-0.0875135467494188
2014-02-04,-0.6199678389851707,-0.7855662834333189,-2.1690852536905574,0.11253581590033329
2014-02-05,-0.7810151288409265,-0.755936388212327,-2.1830190305379813,0.19616941051026923
2014-02-06,-0.9361841246032225,-0.37944910290676204,-1.3996329819313162,0.05058198116138611
2014-02-07,-1.0004843706350282,-0.15067811830488756,-1.029548631075759,0.055797921189679994
2014-02-10,-1.4194576928757787,-0.22390302492366693,-0.9286242954689247,-0.033016116294195715
2014-02-11,-1.3602866612345614,-0.102730196161659,-0.5573304180613605,-0.1927712617406374
2014-02-12,-1.358067935429512,-0.06527092779969691,-0.45699985137854265,-0.31120164325408084
2014-02-13,-1.541720142531497,-0.011291648882599412,-0.5364105965375221,-0.09481414078080157
2014-02-14,-1.2037598739035908,0.06493161703711901,-0.23038736330082574,-0.14894078064994734
2014-02-17,-1.162965073114613,0.023909562633139234,-0.314118387820753,-0.08235435656434187
2014-02-18,-1.1290986718450933,0.040577036225940125,-0.4320626290412941,-0.20418587438999863
2014-02-19,-1.4309765873470661,-0.1822985952805188,-0.8219103039882969,-0.3897166282600549
2014-02-20,2.526630488271865,-0.036603429131264166,-0.5923287575357657,-0.3905365906498184
2014-02-21,2.402365477531055,0.13495741288437876,-0.40340753320443123,-0.5186757698440052
2014-02-24,2.225393915546784,0.6477617174357713,0.23280804692989387,-0.6239517967749848
2014-02-25,2.06772414656177,0.834554120891437,0.3198810722497824,-0.6444755556412136
2014-02-26,2.0524850236972862,0.7286407343565232,0.09797449907197495,-0.7629640602389115
2014-02-27,1.9518533174878365,0.9934942535357971,0.5382796474696936,-0.8253685211606155
2014-02-28,1.9620792271022605,1.0550747328788515,0.5364911442431988,-0.7300366206338462
2014-03-03,1.8953892756434594,0.9714869453107462,0.09165977093881932,-0.7871966630999748
2014-03-04,1.788770526427414,1.3373575913984037,0.9754232076692358,-0.7897130989661205
2014-03-05,1.624496194457527,1.2819531550733263,0.828049971788053,-0.7234544197671656
2014-03-06,1.5475639293818741,1.0255074075145385,0.6042169031062369,-0.6607941160809558
2014-03-07,1.4512452255924817,0.7008074794509513,0.3068053674918409,-0.4299677697918021
2014-03-10,1.569341144566751,0.6191779110641266,0.24091468761565238,-0.41049227288141493
2014-03-11,1.5398479249468704,0.5236498941741056,0.0988777114561821,-0.4100037184724627
2014-03-12,1.560815282329226,0.2300732818980989,-0.21530604295500858,-0.48547521564292984
2014-03-13,1.5983064406245249,0.04512547046967154,-0.916708343977449,-0.4762135753337798
2014-03-14,1.4865281002834652,-0.09003306981875618,-1.1260792759190204,-0.3478461604729694
2014-03-17,1.3722755203032062,-0.08276790802950769,-0.7525567900845231,-0.4722411950325878
2014-03-18,1.3369566355157907,0.11350584378564199,-0.43783082098373166,-0.5692768492305281
2014-03-19,1.3272027755380598,-0.1329704994016531,-0.6053576830365542,-0.6177694292715958
2014-03-20,1.3606813126879709,-0.6953195550067517,-0.45385985239351345,-0.4187544265082412
2014-03-21,-0.7194624006305304,-0.642332476818305,-0.6297312099083932,-0.5989696371325908
2014-03-24,-0.6282355245172251,-0.6951800563475117,-0.679092011297272,-0.5979297363590659
2014-03-25,-0.5847907495933741,-0.7502112937844666,-0.6073948873692538,-0.5872135981706461
2014-03-26,-0.4898823275417421,-0.6733294125964456,-0.7180689463200728,-0.5754793142498014
2014-03-27,-0.4616130553319237,-0.5533035198048871,-0.9992061481207597,-0.4267006923811276
2014-03-28,-0.4255759906501253,-0.5991824977039585,-0.9810742926799025,-0.32066390023529223
2014-03-31,0.2523420781030835,-0.6482087243212499,-0.8306264235603492,-0.23703311222752277
2014-04-01,0.2198486163296517,-0.2731753066309591,-0.2623492559711264,-0.11511349566434685
2014-04-02,0.2089405660931683,-0.40808497960419277,-0.37315801041378727,-0.21511894659881137
2014-04-03,0.27829464655472363,-0.32682809119799194,-0.4689700120909909,-0.2112036674209038
2014-04-04,0.2686899569012035,-0.06772114454182933,-0.6326437980762839,-0.2363682858560905
2014-04-07,0.2544943925263781,0.059357776652241484,-0.9878214724570697,-0.12505633956549517
2014-04-08,0.3876004087399095,0.15170763089048786,-0.8466010176641383,-0.12233416981945866
2014-04-09,0.3363816335951087,0.2641250207466716,-0.5146572569998977,-0.04382174828950371
2014-04-10,0.3701619324809376,0.3910874153573854,-0.9298825750197058,0.015420577084539398
2014-04-11,0.3678120737836362,0.21131384430656022,-1.2002864050563766,0.11897510903175049
2014-04-14,0.4024670613615078,0.3865769610817385,-0.8875224186952375,-0.03085645117304033
2014-04-15,0.4847999513505895,0.2813227634570081,-0.9254567194989907,-0.12075259231047163
2014-04-16,0.4252469809883661,0.14260135773277818,-0.6644112605900093,-0.22072817987336904
2014-04-17,0.34013845380451563,0.05015896032389511,-0.5123030499938335,-0.026054659040485807
2014-04-18,0.4199944697181794,0.3763477789066218,-0.513151019311439,-0.02230264105241128
2014-04-21,0.3668104064281841,0.44728419756814825,-0.47233151631330134,0.010965965717155116
2014-04-22,0.2853653445371985,0.6029422787624139,-0.20518517753507753,-0.08757954107656732
2014-04-23,0.2901094614405895,0.8415893682695175,-0.02972126891085763,0.011455339280795868
2014-04-24,0.3033431112010549,0.7494321232153244,-0.050395428943345186,-0.13922582233055594
2014-04-25,0.3904009901397159,0.44025177490441814,-0.33629480464888517,-0.019605024723812182
2014-04-28,0.4638446687829179,0.4883529360743791,-0.07965270174134802,-0.042016590822005914
2014-04-29,0.2928527018019179,0.5385542645140171,-0.13200528078354404,-0.09544668421149177
2014-04-30,0.3462676967058564,0.5858560620392447,-0.18322884549345722,0.05147956302608062
2014-05-01,0.45981846508343516,0.6845813750490789,-0.15567330609441207,0.09505127407889388
2014-05-02,0.42684826487464095,0.600898931878805,-0.2457423232375028,0.0033815486706693446
2014-05-05,0.5842254681120455,0.4320848419956481,-0.2573788787715535,0.11417502470847508
2014-05-06,0.6274145372203069,0.32879539550228337,-0.4098906104432792,0.05078336534353693
2014-05-07,0.6088080787957837,0.26152617990015725,-0.3381342826556599,0.16327409563571696
2014-05-08,0.8402692433034565,0.2530833518817905,-0.4750020776912995,0.413317288862524
2014-05-09,0.8374319511493353,0.2444120659802287,-0.2166086031662064,0.36991431258999236
2014-05-12,0.8841949928905479,0.4413036007260434,0.21075454336250926,0.25042877106271016
2014-05-13,0.7952278128007091,0.446917979357371,0.11080883431497339,0.20991450623365762
2014-05-14,0.7343249888584771,0.40803617557453326,-0.07204492660045865,0.16438924189885457
2014-05-15,0.7474702065198802,0.25571315774323317,-0.6328211060509865,0.4102302341263102
2014-05-16,0.8389803558464382,0.21390817610269802,-0.5409601107888763,0.3879492138929122
2014-05-19,0.9313704542277884,0.33294210102779226,-0.38801658442613757,0.4720626098391569
2014-05-20,0.6111584434628197,0.10758082907885672,-0.7438117931960937,0.38199103885646457
2014-05-21,0.5247325716941305,0.04372499016981533,-0.5108723353874763,0.4152357473718543
2014-05-22,0.261191918960958,0.10952290751095531,0.1553210461082481,0.6060332609149082
2014-05-23,0.254897428835893,0.19072229150420172,0.34797142739215536,0.5782951017167767
2014-05-26,-0.7471724211333514,0.24170299464882908,0.4675644561285875,0.5782320157459998
2014-05-27,0.2550588340143776,0.4108647225196456,0.4057999688424574,0.5167295083312284
2014-05-28,0.38892072562175156,0.39898087956145384,0.31989744807047427,0.5975696677443211
2014-05-29,0.23739136327739124,0.4628096417619543,0.6195741669028219,0.7070688809937239
2014-05-30,0.15366562636767286,0.3749704590004754,0.7116184749783656,0.5028016861899445
2014-05-31,0.05060323287719011,0.062228421314942814,0.7732708316911132,-0.12501337079432315
2014-06-02,-0.17194207789752183,0.28465459713458074,0.9355296757362187,-0.2517103378409507
2014-06-03,-0.1807423770157892,0.1816652944768148,0.9547496746630854,-0.22101802697874398
2014-06-04,-0.3239006314080086,0.1835236619112933,0.8221599377620711,-0.19651247457184481
2014-06-05,-0.3521727560380975,0.4603357919695511,1.1583876773489115,-0.24544267128076214
2014-06-06,-0.36379790294880027,0.9954542059561355,1.631061116972986,-0.1899115047800396
2014-06-09,-0.20044520032163754,1.1082229175700977,1.6526739888436581,-0.16265015921073547
2014-06-10,-0.21451679598092338,0.919126451984532,1.6907801501668198,-0.11697226692429893
2014-06-11,-0.2260527927508122,0.656022579056114,1.2996755285289283,-0.24959442887361466
2014-06-12,-0.2534742581441204,0.4976701160848906,1.0492961010190098,-0.3055421388655712
2014-06-13,-0.24255594616727028,0.6198665407851934,1.173812406017804,-0.3065616283444603
2014-06-16,-0.1863381678288768,1.0441722539350557,0.9297275727244055,-0.5703584548172521
2014-06-17,-0.21043096412500226,0.9934577414350375,1.1560077705971497,-0.5656173048886646
2014-06-18,-0.2317733134434065,1.4771475964147631,1.6437963643221785,-0.7052229553278743
2014-06-19,-0.32319978175348957,1.4579712327326504,1.4209586519988182,-0.5633566854077006
2014-06-20,-0.3947598538629643,1.4142140283816915,1.3966258587322136,-0.7776170310070082
2014-06-23,-0.5236958246002683,1.4353581251077994,1.605130489076175,-0.6245916607656057
2014-06-24,-0.4500615723419566,1.3601270691904819,1.1622718188145078,-0.5537131162810911
2014-06-25,-0.7282051740140755,1.2295738790335273,1.0966792069315905,-0.3434072582230126
2014-06-26,-0.7773763341811784,0.9743649429050031,0.8256868265217042,-0.154903348913895
2014-06-27,-0.795976937788513,0.8644524116780155,0.762511389975838,-0.06272549673139365
2014-06-30,-0.8302027891675009,0.5584441289087471,0.40839148773971506,0.09947411609829467
2014-07-01,-0.817399175072738,0.7133095291664772,0.6688802654216631,-0.0024807265791425667
2014-07-02,-0.7696956366058135,0.6493801322658093,0.8295103607510811,0.08721835293984745
2014-07-03,-0.6635885593760572,0.775399798717601,1.154808215929746,0.008346618543875495
2014-07-04,-0.6704658140540675,0.47471781614595976,0.8883277519670818,0.012715806316268449
2014-07-07,-0.6717949785320261,0.22515702260774106,0.5681192107078982,-0.09187512798601197
2014-07-08,-0.576262797377254,0.15315657228778565,0.33594024393665894,-0.0038068945200043043
2014-07-09,-0.6348068344703589,0.12038115302416662,0.29821234026683807,0.19361785197354886
2014-07-10,-0.6300910732373606,0.05582803134335924,-0.04350327542706277,0.7572803322341436
2014-07-11,-0.602811927641484,0.130669753577002,0.018724077792122342,0.6247860176477773
2014-07-14,-0.611131521868347,0.16622623005311235,0.24346013200019553,0.5595531928213828
2014-07-15,-0.512339341194312,0.08474528181983519,0.026778568005240554,0.7616504431808797
2014-07-16,-0.37872118205215993,0.12681683090786772,0.0578189290677418,0.8744840839245968
2014-07-17,-0.3846402204051219,-0.6429859605702553,-1.3732467769909338,1.3264511888208406
2014-07-18,-0.4034009509552386,-0.609348737204251,-0.856028293885287,1.675802188143926
2014-07-21,-0.39536681166549625,-0.7835591049736713,-1.2248386477855688,1.6456667582955482
2014-07-22,-0.35492076433902975,-0.6567208381317818,-0.8535054913487223,1.5470467131544734
2014-07-23,-0.32191645400832747,-0.8006711028748531,-0.6923592934704172,1.3650696624604017
2014-07-24,-0.42154469152474405,-0.807916777599648,-0.6612695013808381,1.1238906457178321
2014-07-25,-0.40044696528612433,-0.8377100667316935,-0.9406133008535348,1.2934977501087668
2014-07-28,-0.31453432286067157,-0.9042389484664798,-0.9046641889430109,1.241810660618945
2014-07-29,-0.26321178955690167,-0.8607259789296708,-1.0156825059932106,1.5516361587827883
2014-07-30,-0.06802871194798465,-1.147392947161281,-1.1339907045272095,1.7992669742972571
2014-07-31,-0.06723189770232187,-1.8261607841775427,-2.593084037920173,3.0
2014-08-01,-0.04825117451033611,-2.429740898369131,-3.0,3.0
2014-08-04,0.030402958588717846,-2.0673807101367867,-2.347601572611005,3.0
2014-08-05,0.006534530254341309,-2.2327839505267297,-2.6487890875596505,2.5837548263710564
2014-08-06,-0.02933245789675563,-2.27606538011336,-2.5144670765378256,2.560706332527204
2014-08-07,0.1154281146880068,-2.280181026722948,-2.6347459273623657,2.305543268768663
2014-08-08,0.08056949136979985,-1.7505484238973557,-1.8547261110954405,2.2463135680212467
2014-08-11,0.08072716357572542,-1.4342164304177802,-1.196155086803836,1.8234318676378758
2014-08-12,0.10289570749285908,-1.4901834221834247,-1.1970694224483727,1.6354175228351124
2014-08-13,-0.012575881059965979,-1.0148207357025212,-0.6399972888312822,1.4156687303729827
2014-08-14,-0.08156667568624641,-0.7141710322453431,-0.26065163924747337,1.1079022637538367
2014-08-15,-0.8005000683945294,-0.4204814707288183,-0.2002474168600845,1.0837987733163787
2014-08-18,-0.7179086966257601,-0.20977213888835464,-0.1627770611379802,0.7695835412595736
2014-08-19,-0.6829902580977313,-0.10982326077764432,-0.009910663807163406,0.6363245909759809
2014-08-20,-0.6583730618429254,-0.25748684731928106,0.028762950359771992,0.3529159290251732
2014-08-21,-0.5277827130831446,-0.06137357828894885,0.1082447090478895,0.5282345359143702
2014-08-22,-0.416501055509131,-0.19246028219711847,-0.00720302558878801,0.5006223533429556
2014-08-25,-0.37778167471509155,0.018968178547241525,0.1980617909468886,0.3477922481239563
2014-08-26,0.04130182838524366,0.0460495135305047,0.14233431621143053,0.42470482650694913
2014-08-27,0.0781155136037416,0.2003244899377777,0.17960617614621466,0.5938022261553776
2014-08-28,0.21111772434130813,0.41371814275261287,0.07434170694160225,0.636561461660134
2014-08-29,0.2808500120492483,0.9322273800463919,0.5976918896265091,0.45356479655967274
2014-08-31,3.0,1.3255446676847473,0.9859784997538281,0.6715465981768197
2014-09-01,1.176417747145284,1.009412764597145,0.601745991008916,0.6697811853215417
2014-09-02,1.1416899146588753,0.7092498168065041,0.5573109757910366,0.582148856554749
2014-09-03,1.1162144812535437,0.8313318016782739,0.5037664270054428,0.8045218857971677
2014-09-04,1.2439213415757138,0.6969390006425613,0.40410682412117,0.9678771824036805
2014-09-05,1.0710408416504094,0.5791148944489573,0.29642578088929766,1.3847578163699659
2014-09-08,1.0733286102836914,0.41395059654318234,-0.032302684635161186,1.3419288141831291
2014-09-09,1.125018284351072,-0.17558840448826127,-0.6446529946985836,1.450363777181266
2014-09-10,1.1073034539102367,-0.5282689477390414,-0.6659787161213737,1.7735428120493753
2014-09-11,0.9680886624728938,-0.8935116950194648,-0.9125218315590227,1.944152084760088
2014-09-12,0.9525210459898632,-1.418920124590281,-1.2148737739578435,1.8916571408689253
2014-09-15,0.8595042197748787,-1.7749008073424382,-1.864769206288226,1.9169108417345022
2014-09-16,0.8357325528708192,-1.7181042948848666,-1.632562924443567,2.0118914255718363
2014-09-17,0.8371389291734818,-1.6047762406779797,-1.3776682510444387,1.8255642078809053
2014-09-18,0.8701704517615786,-1.426220697311041,-1.0127920497159406,1.521854868314566
2014-09-19,0.8468399123372555,-1.1528984987122672,-0.8390894711477304,1.383390783574865
2014-09-22,1.0189420930849515,-1.5242481669181052,-1.4461150136529743,1.587309668476212
2014-09-23,0.91443697017676,-1.7376461863998025,-2.034694898927104,1.913636017572815
2014-09-24,0.9608294498746912,-1.7478543681433307,-1.627495717049216,2.120856765962682
2014-09-25,0.9450464559477,-2.179860568367,-2.4451430197580293,2.436184092860315
2014-09-26,1.1088309300512171,-2.529125729252148,-2.3769117428133764,2.627518193775141
2014-09-29,1.1228868950240642,-2.8794524134374195,-2.8934762145862276,2.6245212465708496
2014-09-30,0.25593946826092706,-2.494665067472778,-2.358741678125715,2.079084813624872
2014-10-01,0.2026822753744001,-2.231734720916533,-2.37400161182546,1.942075648766951
2014-10-02,0.277198769524779,-1.9824044430477201,-1.8807557408183806,1.8227673915111946
2014-10-03,0.4387222626010657,-1.3802315226003805,-1.0520529922206165,1.3832139336786042
2014-10-06,0.3990136518960117,-2.0228547707153886,-1.141874129413419,1.239381217880231
2014-10-07,0.43868751910630766,-1.9936050288122307,-1.641649103050062,1.582011887005271
2014-10-08,0.30174019127506163,-1.7381233130350962,-1.1327940182252372,1.7215100712216027
2014-10-09,0.33381746298562065,-1.7943644644046686,-2.078893287847735,1.813024599608879
2014-10-10,0.3577733120935999,-1.945247489559255,-2.6987951033319466,2.230061019344664
2014-10-13,0.32488887550540185,-1.5915961496426385,-2.7657095008007646,2.166917442312133
2014-10-14,0.46781742315020525,-1.7282400252879984,-2.8266040493135325,2.6572231834829387
2014-10-15,0.43260240045576687,-1.889878349912186,-3.0,3.0
2014-10-16,0.45699528872095985,-1.9815970682698483,-2.8282646614506786,2.6047563761022783
2014-10-17,0.3937204302211952,-1.5815578436741138,-1.993268095153868,1.5772806992039312
2014-10-20,0.4928916272204903,-1.5531079959052108,-1.386407847882759,1.550459774389345
2014-10-21,0.26939792468835444,-1.0240246208827295,-0.5462015627828143,0.9548217553931482
2014-10-22,0.320024372428312,-0.9558060953590422,-0.6779097348371188,0.813069867115816
2014-10-23,0.37010885064535654,-0.7221708214165063,-0.20833576026240466,0.6623984453896973
2014-10-24,0.37868477906356535,-0.43477617508077443,0.1985372629937561,0.6566016693724478
2014-10-27,0.35611016349847835,-0.013401054864708313,0.4053432062184577,0.7423549722637909
2014-10-28,0.28288155761042266,0.35074618325665063,1.0136276109854803,0.6987102786948195
2014-10-29,0.4830176072500965,-0.04190029174025139,0.37347970062261193,0.5258702177858371
2014-10-30,0.639026093650945,0.025489212907810577,0.5596850448375962,0.6213716407488602
2014-10-31,0.018801431571538404,0.08415887030240457,0.7435423436045908,0.4687996929155639
2014-11-03,0.1290695258690996,-0.22277610482144378,0.47197397317843065,0.40777426141769546
2014-11-04,0.08729639876871441,-0.2613915260559554,0.18919946889257883,0.5642254029919405
2014-11-05,0.05869940934044582,-0.25780333876883726,0.5082214948800123,0.4406344768431089
2014-11-06,0.021777074039657267,-0.23675808456234876,0.5970849051268377,0.40089694742457654
2014-11-07,-0.00735975492534604,-0.18986644464695104,0.7646205987570813,0.46808404420275024
2014-11-10,0.05990683080482359,-0.04194645324317034,1.178943951812779,0.42198112029539114
2014-11-11,0.08539715787576127,-0.037096680917566384,1.1861511426692595,0.42246119991826786
2014-11-12,0.14554795671323148,-0.14624514635420519,1.2832201368088059,0.3726705427469395
2014-11-13,0.24801391690555002,0.2035189328579544,1.311671291785475,0.4922590794119169
2014-11-14,0.25140923317141856,0.05550090031609377,1.0792027844226146,0.5386197409816686
2014-11-17,0.18013154826687328,-0.7092389136610315,0.3655652190063801,0.5524786261119377
2014-11-18,0.2273743911195342,-0.8201800549028466,0.18442793466703739,0.6707725887633076
2014-11-19,0.3715476160340078,-1.2414693786643762,-0.2361296724504549,0.8646837609998176
2014-11-20,0.5658858102398088,-1.2096547444463017,-0.1483363928058034,0.9104802094835039
2014-11-21,0.39007987377392467,-0.8275820816965321,0.045308359109450434,0.7445197209261831
2014-11-24,0.21118761830527838,-0.6214324994670678,0.24845590139521753,0.741080217755356
2014-11-25,0.2227125822466909,-0.42665103474163396,0.39723003866565476,0.6994030918466331
2014-11-26,0.041627000430013175,-0.3670976263713397,0.363567037640892,0.7606022292793784
2014-11-27,0.005486151484652075,-0.37628842050390393,0.3976268702435173,0.7581330216136902
2014-11-28,0.025451141654229466,-0.28892072883127556,0.19458006305773695,0.9010088164632969
2014-11-30,3.0,-0.6188089772374223,0.05678936106408732,0.9615536468527327
2014-12-01,1.0544649048494026,-0.939454136482355,-0.41553275424518815,1.5653980037369988
2014-12-02,1.027948516114698,-0.9216106064141721,-0.0999890017089607,1.5833301624030045
2014-12-03,1.0577777401142499,-0.9074549862728818,0.042432340517648985,1.4091807013447342
2014-12-04,1.0356535429062124,-0.6851436447483283,0.0016049261948985925,1.431854847205246
2014-12-05,1.081955391935598,-0.8271770789695112,0.02524538215005474,1.23039619716724
2014-12-08,1.2027825475159775,-1.1139725584787412,-0.7101130741023384,1.4477680825175516
2014-12-09,1.1380414075725278,-1.3042301017179148,-0.8878922257938751,1.9564307481581202
2014-12-10,1.244806939408474,-1.5354910798473844,-1.6532723065945403,2.2531396435159596
2014-12-11,1.3807063811421951,-1.7629807978575178,-2.049931773526346,2.313328128526295
2014-12-12,1.4180253756579473,-2.1002016251407896,-2.581653653899123,2.8250546342868996
2014-12-15,1.516283797895422,-2.362081679770349,-2.59675211621543,2.848625154026971
2014-12-16,1.4601221580469759,-2.6810335812375983,-2.9755126533665948,3.0
2014-12-17,1.401265578840053,-1.823566505210104,-1.3604864697999803,2.56937080459574
2014-12-18,1.1700166601207884,-0.9098147015793255,-0.8465522141132907,1.7778681829841934
2014-12-19,1.129724903436662,-0.9838263382675817,-0.3416436542042079,1.5767681105945914
2014-12-22,1.3287232599936138,-0.8561107899910722,-0.20302487197291097,1.4019046139497497
2014-12-23,1.3725269850371846,-0.9173267051172449,0.01192321630976773,1.2463864881338595
2014-12-24,1.4339576790445796,-0.8048667813033402,0.2029799548707742,1.2128643761906568
2014-12-25,0.3991663528861432,-0.9205236091439325,0.049862613655357796,1.2033189414275873
2014-12-26,1.427099557021875,-0.8259643385487814,0.11626561294638704,1.1808752821539268
2014-12-29,1.5544299569154525,-0.9114641519591742,-0.07866873589777656,1.2035624753101783
2014-12-30,1.4816285749271976,-0.7157430825577175,-0.291898854397895,1.238055935245023
2014-12-31,0.7887490272387176,-0.2903357270615095,-0.6541942958586779,1.3845127459351234
2015-01-01,0.47651434216737665,-0.18700882288779058,-0.5938625816379683,1.3707015591128024
2015-01-02,0.506258892065303,-0.3151171597827306,-0.5077529609541731,1.4021081268656401
2015-01-05,0.6909733770508627,-0.41764644956080094,-0.9364419421002862,1.6025809336619194
2015-01-06,0.6560593377537564,-0.46876763048943276,-1.0482550998008133,1.786472498591063
2015-01-07,0.779878850701821,-0.02805175515123844,-0.462026545637321,1.6697820272879194
2015-01-08,0.821633467528876,0.6177790433288413,0.6445491924179407,1.4429832197950607
2015-01-09,0.9500388061499472,0.7360580038833753,0.6327820686758591,1.3340241459205293
2015-01-12,0.9632141420960063,0.9266823550891335,0.52103292171555,1.4194708558267946
2015-01-13,0.9545857309386951,1.0752120168067638,0.23851822577230306,1.438962234441124
2015-01-14,0.7385973659618316,1.3909312544584191,0.12361339069506655,1.6069910314721116
2015-01-15,0.4795918478534262,0.763396800648591,-1.0619038964618166,1.4893898962895453
2015-01-16,0.5317639191207614,0.05190085451480288,-0.7202535136617109,1.6008495490213748
2015-01-19,0.49918527850862926,-0.1377767818037987,-1.1842435449651598,1.5108719604844492
2015-01-20,0.24475601821319243,-0.2516034155679406,-1.1864717579733504,1.4406003837779686
2015-01-21,0.15401511190198808,-0.13900537416622263,-0.8937348449676956,1.4535607153940604
2015-01-22,0.019194453239987593,0.12156312754745753,-0.3489896911212946,1.2208780047408565
2015-01-23,-0.06611902361335147,0.39241935851706894,-0.2815438234038095,1.1874503276653647
2015-01-26,-0.19127294283938676,0.6528657717525909,0.05118273067299147,1.099682505388223
2015-01-27,-0.5040523812917407,0.37422151782679497,-0.39837624615954836,1.1776616412591265
2015-01-28,-0.5086002435885814,0.375522677515966,-0.9197626627321339,1.1121491271355208
2015-01-29,-0.9901490120031052,0.5369699513401832,-0.46212831508158375,1.0693185655560187
2015-01-30,-1.1720427476301476,0.30745453278739204,-1.0019266415094221,1.1281800108382136
2015-01-31,-1.264234446171257,-0.12262120299012724,-0.8679515557841306,0.8474776852487995
2015-02-02,-2.440639613198292,0.8574747414445995,-0.1959309272672672,0.8833322843747263
2015-02-03,-2.6686868563774806,1.4507019016661258,0.716313041839418,0.7154606443402192
2015-02-04,-2.6802240605396825,1.1647635864784847,0.29785176445034567,0.527288089082767
2015-02-05,-2.8361404436134814,1.1969314201222134,0.5285568681213604,0.4161076269477323
2015-02-06,-2.8260605100863576,1.3103540219978969,0.8111378986176047,0.03481380591445372
2015-02-09,-2.742575375911202,1.3338924352936674,0.6541681616871567,0.1642567306449935
2015-02-10,-2.7123746209127746,1.5053532598400068,1.08575035317463,0.026536247329143954
2015-02-11,-2.627574864982623,1.603367694146972,1.2711985071531964,0.10794015081251417
2015-02-12,-2.7953324760995577,1.7923030997289173,1.7066048763248978,-0.024389224348686935
2015-02-13,-2.67484525586192,1.857312651690251,1.6489025222574671,-0.020346779507647975
2015-02-16,-2.6417674274972787,1.72061034066765,1.4864560434219787,-0.07505566090196646
2015-02-17,-2.818476485120487,1.5263333638151555,1.3146054516168963,-0.38740757211102744
2015-02-18,-2.818645574616682,1.6866822585653543,1.1364425827895017,-0.2994545181873657
2015-02-19,-1.469272188438574,1.403236409199079,0.8512970093276528,-0.37848385993730116
2015-02-20,-1.4522652574447212,1.4157275998436605,1.5500779080230644,-0.5120340100434424
2015-02-23,-1.3236659579070706,1.283985021819441,1.2580726959070916,-0.4647839559650351
2015-02-24,-1.3242226108062949,1.6998960746797132,1.537709135322134,-0.5448526918259378
2015-02-25,-1.2245919451980114,1.852640095266036,1.8148808008524988,-0.689589855908721
2015-02-26,-1.1779000115239435,1.794146281192599,1.7951341815669168,-0.8148694303569348
2015-02-27,-1.0369901545574844,2.033614650417903,1.9681889193046371,-0.8709343940467221
2015-02-28,-1.7197799061380776,2.7536013408238627,1.8738890450022172,-0.5246620336277983
2015-03-02,-1.02843522363977,2.158223258763528,1.9720175467813368,-0.527988326829707
2015-03-03,-1.1194125853857175,1.8497259495455658,1.6506704062453699,-0.46217042304458833
2015-03-04,-1.0799009285969063,1.8245571728104382,1.5483221559569098,-0.3273361534038861
2015-03-05,-1.0518670654083027,1.8955381395207411,2.029880808990633,-0.2656836122348718
2015-03-06,-0.9058169120605526,1.4742327163687658,1.6279734588738524,-0.14608300377933442
2015-03-09,-0.6396465468650822,1.5034004019258833,1.525166981825785,0.018667543239268537
2015-03-10,-0.6293834590181584,1.303845187020615,1.055956731863951,0.3135571993803814
2015-03-11,-0.6082873284883288,1.3736233374743512,1.0867257577112845,0.09158225003736811
2015-03-12,-0.6700366141404365,1.0701789013747935,0.876821529046275,0.13777114994156653
2015-03-13,-0.6377974864721511,0.5426057737340844,0.6672204153893985,0.2329077663640659
2015-03-16,-0.666344917514525,0.5662888087877116,0.3575454642429229,0.29226244109234717
2015-03-17,-0.7956381136888082,0.34782195976974606,0.2504774598647669,0.44207251513237406
2015-03-18,-0.8253422967304462,0.5793219149125307,0.6100652502314965,0.4816455346512594
2015-03-19,-0.8725277269848053,0.42457460854863316,0.5642057110646022,0.23167760251854497
2015-03-20,-1.831104652452335,0.491993834022177,0.554794543388098,0.23312883783850685
2015-03-23,-1.521137548161931,0.605305916576283,0.5659287924592398,0.26465839991728113
2015-03-24,-1.3132732394304418,0.5596806173850161,0.5204003080716325,0.17199512938197287
2015-03-25,-1.3734593266329405,0.31875793402972585,0.2710712822028452,0.042402035839046955
2015-03-26,-1.3193465266069748,0.10498237860124186,0.20821195391375003,0.11683516533733726
2015-03-27,-1.3039267627839317,0.09817903132318398,-0.2621500825638117,0.11783937107941964
2015-03-30,-1.3056760692571765,-0.20697210133450275,0.01919515565204476,-0.0424577589558835
2015-03-31,-1.5112621099620496,0.058607937778265944,-0.023414492189185315,0.45164496657962966
2015-04-01,-1.583560358207048,0.28568790110332537,0.1761348608943754,0.41906892153628006
2015-04-02,-1.3616572422700604,0.3311892484114152,0.22878686549385133,0.47555653745405085
2015-04-03,-1.4804358057922842,0.23488005737578427,-0.1483749278166425,0.47392524446867357
2015-04-06,-1.4876858469903502,0.5372972098704523,0.1569426781455446,0.35234638901478743
2015-04-07,-1.5045443758934551,0.9389562638960638,0.48384000940288874,0.07627353926679803
2015-04-08,-1.3038229930123806,1.1661892792979704,0.8984209309109639,-0.04602056592828773
2015-04-09,-1.2120999448490593,1.0507885181910286,1.0259684132036486,-0.07005761415113036
2015-04-10,-1.142489444342386,1.0802341801076563,1.142602197933494,-0.16950129718389603
2015-04-13,-1.0573652648110359,1.1728730292023353,0.8953516711588912,-0.1564844748186331
2015-04-14,-1.0554176079515425,1.1626177326346072,0.9203953415867131,-0.1898094529097404
2015-04-15,-1.0982993531730796,1.4770414448410636,1.2081269426673633,-0.3461163592180193
2015-04-16,-1.211733753771933,1.2019464784699307,0.9324995182351086,-0.23111775514747485
2015-04-17,-1.2239289052695674,0.8752428326734549,0.4377134594682437,-0.12163680074258387
2015-04-20,-1.2783131369504306,0.9201543240618797,0.6096708014020708,-0.2706493548381701
2015-04-21,-1.4050085544509554,0.7819120938160256,0.595883164631141,-0.3317373021536373
2015-04-22,-1.4096917345649662,0.7315659825286369,0.7992263029066011,-0.26755828684232147
2015-04-23,-1.5350266385854234,1.0037724237620027,0.9080610924181277,-0.25525113700409285
2015-04-24,-1.5316614605059113,1.0869617988071079,0.8186284728301715,-0.3224311579094131
2015-04-27,-1.4215842694035503,1.0969580047373726,1.0750708008339787,-0.3277840380209155
2015-04-28,-1.277390852831395,0.9135068524529327,1.0517343664080583,-0.2126332370244318
2015-04-29,-1.3954622695227497,0.4157036493641003,0.8178289831215777,-0.10538901458309549
2015-04-30,-1.7161209752975675,-0.02235428375355457,0.39817587549586575,0.03192575293156625
2015-05-01,-1.6436073190110765,0.05887541348013808,0.8050941443676928,-0.06939919765888919
2015-05-04,-1.3971269992960085,-0.017958673582931177,0.6965318130828669,-0.07984040327491669
2015-05-05,-1.4585942784236878,-0.29841827366298823,0.27608029081019625,-0.1095830839083691
2015-05-06,-1.4292182697049851,-0.600860818818851,-0.0802159387154559,0.03769515251082634
2015-05-07,-1.357965584062439,-0.7292889851420903,-0.24618660767888023,0.11987171437117689
2015-05-08,-1.2104700029262165,-0.3169220967743469,0.3120785493379522,-0.015274513552842189
2015-05-11,-1.1435315235740915,-0.6539077876725286,-0.015932911578660502,-0.0748607124003709
2015-05-12,-1.0679545579279754,-0.8470527070022331,-0.09903479418650579,0.26646688950254793
2015-05-13,-1.1317915837787669,-0.8208925417917493,-0.08868477237524017,0.10458563926288464
2015-05-14,-1.054875414789271,-0.6060152229328244,0.19791012819550033,0.07802856591092569
2015-05-15,-1.1038609356909748,-0.3141882790954105,0.394287169509118,0.10805340412282755
2015-05-18,-1.1049372559094794,-0.3580379531747224,0.4705333445222861,-0.0010039198960975092
2015-05-19,-1.0737323432793677,-0.6275014869981769,0.0695393260173921,-0.03187190351315883
2015-05-20,-1.0930499365386546,-0.6449473632435615,-0.0017374272500415946,0.006123806242742088
2015-05-21,-1.0224289790585912,-0.6310176363211869,0.09099227249488297,-0.004466548477228993
2015-05-22,-0.9446837502506107,-0.7786501412139614,0.08871433801369352,-0.10569234741836549
2015-05-25,0.6569372555097427,-0.8464408201653907,0.06006390260148097,-0.10261971358440916
2015-05-26,-0.8118588750575074,-0.7646845361337952,-0.2816601128929544,-0.09456289080133086
2015-05-27,-0.725935277270567,-0.5713763921258221,-0.07654280552499641,-0.21303843166318545
2015-05-28,-0.6996873307908825,-0.5397893612810539,-0.13562060574554283,-0.17501247597733086
2015-05-29,-0.671365696235921,-0.2855649667083561,-0.05714366368408581,-0.1484628233774546
2015-05-31,-1.2258988164268838,-0.5520866992334488,-0.2039149828191473,0.03676399986502223
2015-06-01,-0.8093009975518692,-0.683455627103437,-0.4571455068072146,-0.17192624554445138
2015-06-02,-0.9376829762289409,-0.6401995406306588,-0.2945594411212335,-0.11452422925433806
2015-06-03,-0.904826815964171,-0.6515377286944389,-0.08791554886312258,-0.10476638302768851
2015-06-04,-0.8467306242498411,-0.5907478075848204,-0.2567822995646814,0.2305078377043319
2015-06-05,-0.8601838843723033,-1.0645268691109313,-0.5404525665814827,0.3716625331386566
2015-06-08,-0.6609731151903172,-1.216324813170538,-0.8428609667192654,0.5295486201824019
2015-06-09,-0.6501875858806446,-1.0769755814687396,-0.5780235632401304,0.7416201664865092
2015-06-10,-0.6152863077135824,-1.0808914745264786,-0.25326615532382585,0.4857575422209951
2015-06-11,-0.5032759175553725,-1.0512369152919794,-0.2706501702184906,0.4578964300889157
2015-06-12,-0.43782881894942377,-1.4820978293607088,-0.8852576480600871,0.5310902797104659
2015-06-15,-0.43965943773747146,-1.7787093281316835,-1.352897221959596,0.8148459537501423
2015-06-16,-0.5682039359761568,-1.5725236924007364,-1.2573000444011897,1.0538700807077108
2015-06-17,-0.5804280249083955,-1.6558648391126927,-1.3472609955113413,0.9865462090515481
2015-06-18,-0.6349268497550827,-1.51031253395305,-0.9290630420127715,0.7319617217350269
2015-06-19,-0.5988895817865457,-1.3579135065166084,-0.9769383331441904,0.7558658392796064
2015-06-22,-0.6412350998909923,-1.082482124951694,-0.40588632152498927,0.37580650630701773
2015-06-23,-0.6405814628527865,-1.027117963242228,0.5914071222132797,0.41540651619379326
2015-06-24,-0.6117111871166334,-1.4028113042187427,-0.034099030380016465,0.5519518888012606
2015-06-25,-0.5697106731693646,-1.3770969504546609,-0.1498767839359302,0.6472172346394266
2015-06-26,-0.5737234162117026,-1.457894020493424,-0.20284709046282628,0.5977953043498743
2015-06-29,-0.48593273859760944,-1.904770117904733,-1.6699748332003193,1.6701559702672102
2015-06-30,-1.0891646712423804,-1.7875979417011045,-1.5064155056467974,2.0185847672872024
2015-07-01,-1.0382081520103974,-1.637915295874697,-1.0056963599665483,1.624310716598681
2015-07-02,-1.0284973853375161,-1.3792152674477403,-1.0980459012947283,1.66797761882472
2015-07-03,-1.0206749800367958,-1.2628812688824165,-0.9317512356006117,1.645380438589012
2015-07-06,-1.0131361541723078,-1.4521080935798631,-1.3797705498883883,2.0842791844351365
2015-07-07,-0.9744152390319257,-1.3312932664729933,-1.0992099136584208,2.221774538993784
2015-07-08,-0.7420031196154984,-1.3791209506173883,-1.8364621726205708,2.3692268857869836
2015-07-09,-0.7688868947471857,-1.4466997032836983,-1.811728099549658,2.1313303094941043
2015-07-10,-0.743508831935223,-1.3000567728478198,-0.89593829898206,1.679578951611942
2015-07-13,-0.6647367689763635,-1.0574487225090847,-0.06763177588203849,1.5670221556446169
2015-07-14,-0.6940023768896406,-0.6853065881757654,0.3016010643263347,1.5434269398529745
2015-07-15,-0.6660934906918888,-0.681044217661967,0.18069041531521446,1.4498247257286798
2015-07-16,-0.6209467951542326,-0.39693907901742426,0.6400822172184597,1.359910531683289
2015-07-17,-0.5599935117083331,-0.59981240165721,0.42237539985565414,1.4910044681833867
2015-07-20,-0.4865240857757603,-0.7337990421343659,0.3873039837264573,1.5331183431965776
2015-07-21,-0.42169058740587173,-1.0948033928035252,-0.2055103231186918,1.8461115295282817
2015-07-22,-0.3381722672952285,-1.326944420532207,-0.848444895610479,2.1217650339761773
2015-07-23,-0.17265722713201107,-1.2689195482552924,-0.8209052346219456,2.1440460515631234
2015-07-24,-0.07851405178239877,-1.5076921063390563,-1.2193048148255672,2.3869406005686216
2015-07-27,0.06854179335445669,-1.6617513778005326,-1.7529248487068656,2.735935869807058
2015-07-28,0.02897058334797776,-1.1214633867407213,-0.5903888244888706,2.570024596089846
2015-07-29,-0.041335416300710213,-0.8736900410514608,-0.12704469421898432,2.2268820582170994
2015-07-30,-0.0462084861018363,-0.9944134187310196,-0.21132178253853556,1.9504294921909446
2015-07-31,0.9121679935995136,-0.9029512530855688,-0.13941717526540975,2.1235870868868396
2015-08-03,0.9253012283751088,-1.0072229656526455,-0.34380370389097725,2.286035044452555
2015-08-04,0.9138945904945464,-1.052219933765928,-0.28912009377810205,2.2215526830685666
2015-08-05,0.9684399164376086,-0.8954573834324064,0.1433892318114348,1.9165772243044679
2015-08-06,1.0081150554755565,-0.9675419087915467,-0.244466163518534,2.106933182249491
2015-08-07,1.046222030008337,-1.0108345101548382,-0.5081437245073768,2.27153137725481
2015-08-10,1.3259794165662284,-1.3274186021887133,-0.7655910608796028,2.266818747827719
2015-08-11,1.3785446193423037,-1.6460264426916382,-1.5885373796615099,2.4255885315208765
2015-08-12,1.4139259170531082,-1.8866728026573771,-1.6400836149723623,2.5433965578199977
2015-08-13,1.397127883872939,-1.8688760897432393,-1.4956994091231794,2.265602037705498
2015-08-14,1.0538563975900979,-1.793728058235339,-1.2826171065504108,1.9436359531171434
2015-08-17,1.0467792496210604,-1.7041396548970353,-1.4141110988124657,1.9990615674176484
2015-08-18,1.0499497711855605,-1.7911523294159273,-1.5503720053212886,1.9228674689318377
2015-08-19,0.9168297984545892,-1.783445759816235,-1.8126418355353962,1.9509601258460172
2015-08-20,0.8908966227895043,-1.7002166678309576,-2.297480009892806,1.9391559865030417
2015-08-21,0.8880957712298366,-1.8851491230005128,-3.0,2.021182241873086
2015-08-24,0.849190296142976,-1.9886725119853217,-3.0,2.30486163311972
2015-08-25,0.8183334437070848,-1.7746319206803343,-3.0,1.9297010127958658
2015-08-26,0.8379935094403864,-1.659505278894657,-2.5889420677767396,1.9659850655703008
2015-08-27,0.9200288967558722,-1.2388697760388678,-1.828162848016361,1.8338312309533162
2015-08-28,0.7909779548654758,-1.2318613670687917,-1.8902681331645697,1.7111755166642049
2015-08-31,-0.42002285537799927,-1.224133810550622,-2.105084195177441,1.6881451582729268
2015-09-01,-0.3128831093979087,-1.2669025920081265,-2.4318508809392942,1.7075098813743226
2015-09-02,-0.32302377539486166,-0.9539705333873724,-1.771580473282587,1.6581188474101256
2015-09-03,-0.15341858768466946,-0.7775462682010819,-1.7343064630117202,1.5676164738132288
2015-09-04,-0.13431053666061035,-0.6484861730960118,-1.8660470581695272,1.5871149252628596
2015-09-07,-0.14200071650777732,-0.5791579571433713,-1.7390029333330834,1.5666287302822057
2015-09-08,-0.10264468777172965,-0.2726158530127187,-1.015801154801428,1.481478762913146
2015-09-09,-0.14858528638180526,-0.07733595834150654,-0.8705755659782212,1.4043701147303655
2015-09-10,-0.15646270884456712,0.22137250048717186,-0.3484129569793508,1.3924724509659878
2015-09-11,-0.24068226243966748,0.16608038293507665,-0.4163534401257817,1.38733269314314
2015-09-14,-0.15615063336904267,0.08813735447822035,-0.5537537880876193,1.3625296198437824
2015-09-15,-0.2996829016350042,0.006984334547689314,-0.317480559092353,1.3246993702111043
2015-09-16,-0.30575327029583926,0.1696030787994236,-0.12552290939195188,1.4295336979721007
2015-09-17,-0.4008665018655245,0.42542607475133354,-0.14691565904759363,1.5261961248171194
2015-09-18,-0.36675670729376153,0.4631282710163601,-0.5720268367370971,1.5693324081362727
2015-09-21,-0.184287555036406,0.4407101016443469,0.020965558954968308,1.5892804011651744
2015-09-22,-0.09945299411492727,0.7228673585771181,-0.2748424903901575,1.7776446704061533
2015-09-23,-0.08657743801091987,0.4513151483478653,-0.5046442912411735,1.7442214268880514
2015-09-24,-0.0276740822396859,0.19782296010761002,-0.9319206147744462,1.8534798178262952
2015-09-25,0.04715291710943772,-0.47017546618884837,-1.3791909483448859,1.838226521645197
2015-09-28,0.15814953399763546,-1.2501387729236921,-2.702394487087196,1.9831652772792152
2015-09-29,0.19466945627770804,-1.4376848242446232,-2.64920606290834,1.9215855346847965
2015-09-30,-0.9990107912745467,-1.3258531039976436,-2.321092412554372,1.8957153537283422
2015-10-01,-1.0331361980328728,-1.4550724834170028,-2.17194146943383,1.9005977471588629
2015-10-02,-1.2344050641107671,-1.5005865732230355,-2.1260955479456274,1.9636287361872349
2015-10-05,-1.2269886280097804,-0.9215209495718191,-1.4863476207699995,1.7900859268287794
2015-10-06,-1.2152374616070811,-0.6922272428902198,-1.421537450590012,1.6840225123333685
2015-10-07,-1.214877138082032,-0.456296393565258,-1.1723713458724765,1.524562628714608
2015-10-08,-1.0753906021233164,-0.3710140528591552,-0.9266087091292712,1.4445162570735703
2015-10-09,-0.9829304072676578,-0.17644952956083065,-0.8416404099377688,1.3037631997602055
2015-10-12,-0.9300643534697917,-0.16112849314009592,-0.7122572294725463,1.2878395672487621
2015-10-13,-0.8751229925965077,-0.369298579133611,-1.119321808284387,1.3831148625176473
2015-10-14,-0.8493517634562446,-0.42264624606915413,-1.2831317201429742,1.3092384815600604
2015-10-15,-0.7037823348391825,-0.2307452451456365,-0.8525289559311605,1.3468188365438982
2015-10-16,-0.5872043535054036,-0.05230803848322452,-0.46896098754587023,1.2693239204206626
2015-10-19,-0.5328460427872004,0.2251562391480968,-0.1125677281149702,1.2405851458140413
2015-10-20,-0.6511498901293218,0.3385952250742934,-0.19101489167860172,1.1690956127169594
2015-10-21,-0.5797176904257342,0.6906823383982674,-0.07784260928998352,1.1216439817841466
2015-10-22,-0.6011100913664381,1.0075102753256209,0.2876618486089852,1.1707895305035905
2015-10-23,-0.5300553804195528,1.4980440309933543,0.6268739128889547,1.1064587705608961
2015-10-26,-0.5924239206084715,1.6728264589528548,0.4680861298420666,1.1358040476886275
2015-10-27,-0.5975102981809796,2.1739509172232787,1.2687054673546947,1.1868540636916298
2015-10-28,-0.5334494314792727,2.2889603862484447,1.6383525706170938,1.0746074583868623
2015-10-29,-0.5837616047367609,2.167399013446854,1.5949116114095037,1.0239739905669294
2015-10-30,-0.58433280301222,2.264840045748404,1.5755558820257252,0.9708227060600305
2015-10-31,-0.2111384074946781,2.7880728448735614,1.605226200825059,1.002233401053229
2015-11-02,-0.32267554218680755,2.098822362697447,1.5878682406154903,0.9446272433368165
2015-11-03,-0.389786750130785,1.9768875549180231,1.5734016509176731,0.9002108112831293
2015-11-04,-0.2662414067117149,1.5268628714766024,1.094490578915662,0.8865310665639995
2015-11-05,-0.27888464264589696,1.4453455276162235,0.9752755209152038,1.010337119391562
2015-11-06,-0.3006794006615412,1.0450852314662051,0.848504364716992,1.1144326748359354
2015-11-09,-0.08307196354414473,0.8792323920124011,0.45734713994426623,1.2971638441100135
2015-11-10,-0.09728339354402457,0.9352826789892266,0.6348379410778536,1.3756517144160163
2015-11-11,-0.04516346458405021,1.0176136965373261,0.6610121063182414,1.3557950049918903
2015-11-12,-0.04234864777075524,0.6352899913207807,0.048501803466330505,1.4338149808749425
2015-11-13,0.11204531428094965,0.3991881922807676,-0.3712707796141784,1.4918001749175878
2015-11-16,0.1654000879240084,0.4153027812618723,-0.08982963129507139,1.50699607331708
2015-11-17,0.13199822460487678,0.5156121024136585,-0.02981519802177271,1.3776457430300957
2015-11-18,0.03988298846115688,0.6878609488604157,0.43209396337392575,1.3618251694204628
2015-11-19,-0.017286266577088486,0.38523600461027957,0.1394849541207342,1.4249681356452113
2015-11-20,-0.07548616525744366,0.019142308014639595,-0.11940246544547725,1.459779271003285
2015-11-23,-0.15948160984226448,-0.1105767383876722,-0.24648708818963383,1.4508010275867034
2015-11-24,-0.24508828706976943,-0.06835205846957061,-0.19839047791405978,1.4879749485068305
2015-11-25,-0.22523408033564507,-0.013502878313450345,-0.08598015843804056,1.402242936343778
2015-11-26,-0.20924419076221953,0.10301858096226414,-0.019287005015359956,1.3799212756451733
2015-11-27,-0.19059119805307545,0.037087093190764774,-0.04280572480583623,1.3563985648382564
2015-11-30,-0.33638157114157113,0.11017513405634281,-0.13598648522339904,1.3653338551838647
2015-12-01,-0.563977261484681,0.31529225393200583,0.20170339749260965,1.2745904510586792
2015-12-02,-0.4743048693534017,0.0273399836561416,0.024336037629040616,1.1953090048963468
2015-12-03,-0.5848543223657872,-0.4184474313524821,-0.42375161467862177,1.277154717660046
2015-12-04,-0.5866805165485582,-0.1435066566823111,0.02043036630996074,1.2919015288792706
2015-12-07,-0.4739096026846293,-0.25633942705708007,-0.27193622357690483,1.3648003535215998
2015-12-08,-0.5921348958893554,-0.5257556515275859,-0.5884496569479958,1.403164052112731
2015-12-09,-0.47618231445648485,-0.4555858383959251,-0.7934157310538453,1.4445986058543872
2015-12-10,-0.4827543727836895,-0.6812913451120368,-0.915439080144752,1.402076744127305
2015-12-11,-0.33409030702631404,-1.3399219300165102,-2.131511439711778,1.5357229788982623
2015-12-14,-0.3593610326361323,-1.4590708445684004,-1.8298585226155366,1.6785134321044628
2015-12-15,-0.4430760398771943,-1.244234625831032,-1.1212674945639096,1.4982521941765918
2015-12-16,-0.46337170710331393,-1.1351476505265388,-0.687402540132495,1.4064387622827297
2015-12-17,-0.5756879067381292,-1.2778287329028948,-1.1543870705201913,1.344002106028594
2015-12-18,-0.4921033013598013,-1.3514536351413777,-1.3472715241271145,1.4348219226500505
2015-12-21,-0.14714162514239654,-1.2788639518137543,-1.0889555185059516,1.4355713273985486
2015-12-22,-0.12542694062016646,-1.032084071816653,-0.5344851243873879,1.3645543843194652
2015-12-23,-0.24672225186796673,-0.5669155048101486,0.5605692376252608,1.2784888213426246
2015-12-24,-0.21252848143661757,-0.5554959540570918,0.5586847124539979,1.2497383788360776
2015-12-25,2.02370603001387,-0.5250697845428828,0.5258230530855604,1.2312789642923416
2015-12-28,-0.18030621875724134,-0.5440330118226007,0.253088437937727,1.2219863820270664
2015-12-29,-0.14746267632678706,-0.5802361802592297,0.5184859255797534,1.172765067334516
2015-12-30,-0.11542880634239057,-0.8497922358044974,0.12275227689615051,1.1519040606027928
2015-12-31,-0.8882223776395299,-0.6363824685957739,0.08894861173321754,1.1139371127370867
2016-01-01,-0.8535947977165065,-0.6363355228645143,-0.022415729517348895,1.0994550119231212
2016-01-04,-0.8888488389702192,-0.9977816839643763,-0.6433072725069058,1.1833900659121135
2016-01-05,-0.8630201666160984,-0.7017630157755635,-0.2443288112939074,1.1076141970281999
2016-01-06,-0.6958419680012379,-0.5053801947883862,-0.41503538273986423,1.08590402083451
2016-01-07,-0.5883163976051698,-0.7351974095806776,-1.0230842461526504,1.1360623797882046
2016-01-08,0.037142261895560615,-0.726863419247194,-1.210958967161423,1.0548013952346715
2016-01-11,0.03376277779084873,-0.3711437853757366,-0.4253276540521545,1.1443943958424432
2016-01-12,0.04548289619824609,-0.14915651259671805,-0.17813111792830272,1.0779463716381246
2016-01-13,0.049258171523175485,-0.8901519283274367,-1.2445636757026517,1.1382353149240785
2016-01-14,0.09972522215028838,-1.154417864498988,-1.1614981565012723,1.1387920546466659
2016-01-15,0.20997393721638866,-1.7329894516189606,-1.780602983232572,1.1987452165720214
2016-01-18,0.1487152470887404,-1.560482750065195,-1.619583634247422,1.1880967101458446
2016-01-19,-0.22118236262895546,-1.6423906839271518,-1.5496307859492233,1.1482399674326822
2016-01-20,-0.2876455433663215,-2.150151491756235,-2.1116919374910887,1.19882411462243
2016-01-21,-0.23273481955570952,-2.169030691879224,-1.9380739876312358,1.146775129424583
2016-01-22,-0.5002643006359987,-1.7023422008204239,-1.0562211676664564,1.008951224688912
2016-01-25,-0.3625618034664419,-1.6904929809398694,-1.319945790994202,0.9224383545485892
2016-01-26,-0.6015063870636636,-1.4964279832383882,-0.9517129460849825,0.8738167229958237
2016-01-27,-0.8718983441053623,-1.546709408654511,-1.1010952509481746,0.8304074888578985
2016-01-28,-1.7436468621070222,-1.5183868860621927,-0.9298363270453632,0.7640523941048966
2016-01-29,-1.7373309088058253,-1.3418071165585146,-0.6284674027611393,0.6771909110446546
2016-01-31,-1.4717784003316503,-1.5781843376403524,-0.5912828840788836,0.6974366779783139
2016-02-01,-2.250596534233282,-1.2597966957206006,-0.3799389584813409,0.7226878566250334
2016-02-02,-2.2277883101021936,-1.5824535442513852,-1.058616566801684,0.7196620235760296
2016-02-03,-2.2471932640860186,-1.4633064683805732,-0.6522148831712862,0.749323758300393
2016-02-04,-2.2575385502034226,-1.288899651942002,-0.5201978642097587,0.6969269246757124
2016-02-05,-2.09625258173877,-1.4510730986619005,-0.9238725434566727,0.7308652335728895
2016-02-08,-2.2358883748686083,-1.739855253928118,-1.5490378198423898,0.8520038280980486
2016-02-09,-2.107803951054284,-1.7265565119155826,-1.5558279197985179,0.8381862285060738
2016-02-10,-2.058397001425157,-1.4938636169926882,-1.3541003357836714,0.7297417526149382
2016-02-11,-1.8697330265292946,-1.7695189452120739,-1.8908553751867065,0.8213126186388168
2016-02-12,-1.919573020070706,-1.2078244050577163,-0.9062329752540385,0.7387697114038093
2016-02-15,-1.8318540071375133,-1.0669808105115233,-0.7753669172120146,0.7164754610667761
2016-02-16,-1.8532073225705639,-0.845415046019514,-0.4483621682703724,0.6622488531820633
2016-02-17,1.2871235348442749,-0.024703905821752862,0.40001674565718565,0.5767779037023373
2016-02-18,1.3398809292518128,0.13851264538926197,0.26993391379386666,0.5316402725894577
2016-02-19,1.4198688305519962,-0.2612781869651053,-0.0794616172447844,0.5655627820513429
2016-02-22,1.4683092818517722,0.10224480601532732,0.3564169353498633,0.5115014946173047
2016-02-23,1.3356391753698529,0.07719292841112417,0.00573574403945351,0.4931607830061226
2016-02-24,1.2274242785091634,0.03851112511607654,-0.022340024972866145,0.5493666966410193
2016-02-25,1.470787801458928,0.1812602583861338,0.06642531519970091,0.4643342092196448
2016-02-26,1.754078626929535,0.45838698697932184,0.24618825262616797,0.3554798657334834
2016-02-29,1.9268493496923738,0.9038808717103756,0.4503499579547193,0.3779939985570251
2016-03-01,1.9507698835619065,1.5055251656365187,1.2835221373487846,0.2594730719542802
2016-03-02,1.9832044445611883,1.9303478094129594,1.8169811229352277,0.1846188476974469
2016-03-03,1.8728685877899924,2.2505863683919305,2.014651426520372,0.1689423671461204
2016-03-04,1.8803045444602848,2.468589354711298,2.26959518037816,0.08630340365155588
2016-03-07,1.9215007392515338,2.658349035906246,2.4651504774291637,0.10196481358989795
2016-03-08,1.8319206931483831,2.987949385739688,2.6438713142597647,0.13780452325343945
2016-03-09,1.7548222603487085,2.896031401350207,2.6240256160008744,0.2088929544940898
2016-03-10,1.8095647001845092,2.8841163988230294,2.566836031842525,0.2298234682462253
2016-03-11,1.6383546131683566,3.0,2.605966966096906,0.1326676432782589
2016-03-14,1.671824683342181,3.0,2.498241159166384,0.09759029720033428
2016-03-15,1.6357882379537292,2.882835270892976,2.4345711080950703,0.21341575783433608
2016-03-16,1.550825724359199,2.886388451022886,2.4770162822741653,0.2122933729567021
2016-03-17,-0.11206429198169061,2.7833642899578046,2.3778602933942445,0.13080480979262274
2016-03-18,-0.1474340254060088,2.6526524955317328,2.368597716977687,0.02960393820642956
2016-03-21,-0.10610287655275388,2.657044264801874,2.3673752617153405,0.051574651325729366
2016-03-22,-0.04897819067857154,2.4436520041333982,2.0697411400165104,0.14743765705147288
2016-03-23,0.01120582590887968,2.3924171801923504,1.8944848700274395,0.18379802027807432
2016-03-24,-0.04115716292838139,2.233061251013223,1.7191282460638166,0.30529060647859746
2016-03-25,-0.02533771590795507,2.126129622895986,1.614902731427185,0.2994584607809316
2016-03-28,0.13542725458052945,1.9536514038817483,1.320775474295767,0.3403913983030525
2016-03-29,0.10308384955167665,1.7397234559694632,1.3276919104409608,0.38930107949523945
2016-03-30,0.07146956472648897,1.6832564282879592,1.2797070065821776,0.3065400660274752
2016-03-31,0.9678710458480657,1.6641297379934867,1.1909421365195538,0.3811797245351322
2016-04-01,0.9747933792502642,1.6137233896118963,1.2252821017343922,0.3728743015046197
2016-04-04,0.9093524466799279,1.5027473939426697,1.0282891813397612,0.3516395129119386
2016-04-05,0.9213078381116827,1.3797714755421384,0.8020407900944223,0.38949043096331193
2016-04-06,0.8932826645159448,1.4008553207998165,1.1499302634307433,0.3352199008971587
2016-04-07,0.9587947151894356,1.32252985353133,0.7921145235465705,0.3333080647638836
2016-04-08,0.8316112192111539,1.2506742118150973,0.8791686243232256,0.25621126420151535
2016-04-11,0.8748322401720839,1.0974448264108934,0.627759083099583,0.2424344127159099
2016-04-12,0.8437265126766799,1.1030152890136709,0.9382276999154356,0.18284142051332752
2016-04-13,0.8464488660669334,1.2205627308119993,1.1722424088730996,0.058451998797400866
2016-04-14,0.7675004397686938,1.2537228104777691,1.2193843072755208,-0.02955431660853639
2016-04-15,0.6806379744985888,1.1671262625835424,1.0781192303388716,-0.039012951714515444
2016-04-18,0.688841557116882,1.0835374181616708,1.0691429574860152,-0.02036711125393002
2016-04-19,0.33694219544067133,1.0828769727345489,1.050553395163442,-0.13573290304236943
2016-04-20,0.3022924972050196,1.2067232846416909,1.2457071000433513,-0.20263487811005898
2016-04-21,0.17777141715826772,1.1776735482657419,1.1714973323278959,-0.1904458915674394
2016-04-22,0.11779204186756828,1.2778390925914178,1.3221071432210703,-0.16259052835954912
2016-04-25,0.0855172335017301,1.1985331595649977,1.1326679488010747,-0.10227675569014019
2016-04-26,-0.09420675114115658,1.2071217628467663,1.170439610151288,-0.1779356080320398
2016-04-27,-0.16721737675095474,1.2772643973201052,1.2545179963597546,-0.2805581127228447
2016-04-28,-0.14300285526112635,1.2409709014749875,1.0351728366673565,-0.38726974029806516
2016-04-29,-0.09070286022529638,1.1218564594997709,1.0122124857752262,-0.32926382223450584
2016-04-30,0.8592479137569399,1.0729988001287856,0.964041554281717,-0.36101437999592767
2016-05-02,0.4127863665535383,1.0380651262749676,1.0928481033234791,-0.38816995477632404
2016-05-03,0.4287998101921899,1.0535251260563558,1.000808655304514,-0.27236860158462184
2016-05-04,0.5282311227597538,0.9676859672634498,0.8443778073421109,-0.16931856405646298
2016-05-05,0.46370969731631845,0.9643738699807433,0.8669271240722697,-0.1732428438283457
2016-05-06,0.3563627550830997,0.8767508855186806,0.8519865424656328,-0.07629945728867574
2016-05-09,-0.017890525569576994,0.8742595435106674,0.8668327101021073,-0.06873992280192359
2016-05-10,0.013115384315380016,0.8504362800946635,0.9217733480166054,-0.1337506994940903
2016-05-11,0.0635398337327052,0.8000382617962779,0.752680962558535,-0.2387637661125839
2016-05-12,-0.055562518764349755,0.7042070105824915,0.7211125550168666,-0.27258960455219494
2016-05-13,0.1634876616744327,0.6492740141893338,0.53901185994469,-0.25555853105521364
2016-05-16,-0.36645892161746374,0.6451727755807607,0.6454687404484232,-0.3411868481748181
2016-05-17,-0.27841686749604605,0.5080659106888867,0.4516366123414745,-0.36746831612898695
2016-05-18,-0.2673106374385735,0.32074716608754317,0.2945655446137107,-0.4229043601375182
2016-05-19,-0.14506232852295356,0.23956649394186147,0.20394140874713415,-0.2536200343820367
2016-05-20,-0.004962162485046777,0.24871221742094732,0.33304457840211665,-0.36223590819507956
2016-05-23,0.044740461490584145,0.2781913622775144,0.32974215136399126,-0.3781632010785489
2016-05-24,0.26142048706758186,0.2806283779046268,0.5323711561749871,-0.45695364221017404
2016-05-25,0.2666810881508187,0.30508253793825607,0.6062273193844856,-0.5544818106021379
2016-05-26,0.3895612077447518,0.2549042385768482,0.5058720942856714,-0.5499479792816755
2016-05-27,0.31391674553287985,0.2979844967383459,0.5547925098733147,-0.5259851937797929
2016-05-30,0.6180401512036032,0.2685014049936458,0.49681822008144316,-0.5232393073953685
2016-05-31,0.6051528167594125,0.2956851555613445,0.39287456997617765,-0.6951439109209481
2016-06-01,0.6363363903608147,0.301030325071858,0.4746299460967809,-0.6494193741020886
2016-06-02,0.6442873844116094,0.4268767319445667,0.6271494454096302,-0.6952280828919251
2016-06-03,0.5244431423933533,0.4757944763705272,0.6078433153917207,-0.6511568402924452
2016-06-06,0.5025678662455946,0.5588392472201338,0.7167930930798112,-0.735039707318584
2016-06-07,0.4499140213762643,0.5794395280081341,0.6816056195254486,-0.8849334024340634
2016-06-08,0.044168992823117315,0.626812915949979,0.6742838581466163,-1.040765303692022
2016-06-09,0.10355865885863408,0.5729674754283681,0.5930299528436609,-0.990481448884181
2016-06-10,0.18017054313854464,0.48109582146785357,0.17314708768513212,-0.8344588417924792
2016-06-13,0.2036859257993371,0.3636960432750474,-0.21457077472659333,-0.6863384534070768
2016-06-14,0.16341970556847646,0.2006176705900128,-0.352139901347772,-0.5127111291444564
2016-06-15,0.0980503447575947,0.14602566973967587,-0.36242858832490366,-0.5371180232718835
2016-06-16,0.11881988773761362,0.14286605458007023,-0.3310126476527339,-0.3534384921615705
2016-06-17,0.1312356317865912,0.252869564147655,-0.1675353145561015,-0.47382824695561004
2016-06-20,0.35449550225107146,0.3021678464261362,0.09443095669151427,-0.6999219226191606
2016-06-21,0.3743185887017137,0.33533225168752634,0.11408191718443494,-0.7052029988675944
2016-06-22,0.3188979058219735,0.3167509914350442,-0.17924693022581029,-0.8122938741653627
2016-06-23,0.16407583565750689,0.3178262403241798,0.1609284138995918,-0.9491207459042295
2016-06-24,0.19983983086972257,-0.07372527387497045,-1.0193052150236068,-0.2984166885529564
2016-06-27,0.3435267622120468,-0.18230715184710222,-1.1537496279193882,-0.07022430520920148
2016-06-28,0.36330092894120386,-0.07790705920471366,-0.5482624939886859,-0.1525102775357423
2016-06-29,0.2871054683231159,0.014343927991793048,-0.11783676391798512,-0.412512643185534
2016-06-30,1.0654191833462086,0.166142640571455,0.1301530128089843,-0.4895714488333585
2016-07-01,1.108358424683621,0.1836498293350381,0.17602546104201708,-0.6170742180128651
2016-07-04,1.1188379754093187,0.19739159513494692,0.2788835865941646,-0.6127183228051842
2016-07-05,1.162875502008045,0.1897774371978378,0.02005851596631923,-0.5540941690268438
2016-07-06,1.2173119554340708,0.174365277114979,0.054774041398851364,-0.5944498553804174
2016-07-07,1.296926218864694,0.14930368961391205,0.03755138333523261,-0.7705674605365852
2016-07-08,1.346047163880071,0.3754947491742425,0.42555584467439533,-1.0385115610875966
2016-07-11,1.3091015777764154,0.48777182176630474,0.6692738586149953,-1.3375080693301182
2016-07-12,1.2903511286842417,0.6698709213351355,0.9741290101623474,-1.527192346066674
2016-07-13,1.3681877949860495,0.7368569161618566,0.9737520528331742,-1.3608179466492363
2016-07-14,1.3761087025529426,0.7542163124691923,1.0145420844998057,-1.5268280386870028
2016-07-15,1.5166253172883946,0.7499430230815453,1.0436592959803983,-1.5581167215736276
2016-07-18,1.602224888250743,0.7476271785831944,1.0356729780094716,-1.5187186085045643
2016-07-19,1.5316095183833938,0.6585622877449451,0.8641655780715303,-1.4966899199069694
2016-07-20,1.5714679467870396,0.6610021145830052,0.9249436731078642,-1.5368312071680579
2016-07-21,1.7439136227523362,0.6340372967091484,0.774857316887399,-1.5121753715290474
2016-07-22,1.8358262270953,0.5681210121791741,0.7303533013325807,-1.5261479376475877
2016-07-25,1.8905573341367226,0.8263431628903853,1.0438909887952286,-1.5015062894965825
2016-07-26,1.9679260891229493,0.8671125572842501,1.159443459742007,-1.402245852608206
2016-07-27,1.9374743034678825,0.8016137435812498,1.0222708153137336,-1.3174124209469935
2016-07-28,1.882209126384491,0.6356894913258102,0.7346178399104006,-1.2551723003292194
2016-07-29,1.4472730101307385,0.6008180639462037,0.8251063575606287,-1.1112292409501472
2016-07-31,2.10600805610721,0.4107861391890447,0.7593247800514912,-1.0012855162308287
2016-08-01,1.2811576871338768,0.4036591564025867,0.6092102913082718,-0.9736966606724473
2016-08-02,1.3224875481031442,0.2793238321198309,0.5132952786913231,-0.8821374946563324
2016-08-03,1.2737502915433854,0.24922785392380525,0.566740499283174,-0.8960066034434765
2016-08-04,1.2442530305222297,0.28503157212850283,0.5583953494609836,-1.0150430196900175
2016-08-05,1.2224714349657788,0.19632482360143505,0.6788090485745487,-1.262129100267856
2016-08-08,1.3732516475310188,0.11635784339280629,0.5284698239872612,-1.3192500439201444
2016-08-09,1.1895628205537034,0.13695728480168481,0.45042826666559604,-1.4161846007113719
2016-08-10,1.189004025487364,0.17287112682256753,0.4260434336624071,-1.3849016197537183
2016-08-11,0.3734626421489873,0.11465807844820974,0.4831653081050699,-1.4300732089731734
2016-08-12,0.2990421997668074,0.18419178995209096,0.4737987580231948,-1.385576760751282
2016-08-15,0.23209765981999383,0.2903255654913041,0.5891989167010818,-1.492159264508115
2016-08-16,0.2523991820817879,0.26142481171287696,0.4968768381402717,-1.5229308830077009
2016-08-17,0.1997613952973292,0.2707236162585203,0.47881148274591623,-1.4830890554897556
2016-08-18,0.2316757942643363,0.282587660571813,0.5390613558188755,-1.4566993211301884
2016-08-19,0.2493243025423783,0.211543932826701,0.46294111925832454,-1.4438993257183201
2016-08-22,0.24726462023598553,0.22505182402815485,0.377032003077507,-1.4080615167087467
2016-08-23,0.4164585460493288,0.28025618664575275,0.49887149262212827,-1.4417713870140862
2016-08-24,0.44054102507526843,0.2706990253638421,0.39692334924751504,-1.40711331801054
2016-08-25,0.3954264210865569,0.2929751548632489,0.42623938512753473,-1.373383169509395
2016-08-26,0.3856796021607496,0.2664008083932707,0.42666934957637037,-1.4269324318189243
2016-08-29,0.5067231046319081,0.38021931600276265,0.5426734863662854,-1.380155548050162
2016-08-30,0.629606932487425,0.47580593355935696,0.5938268650416244,-1.383919670433797
2016-08-31,-1.2060816286753109,0.40310231901752813,0.496072054566352,-1.340010757593658
2016-09-01,-1.385918655459924,0.3451909125568307,0.37496331753053014,-1.3077588284112251
2016-09-02,-1.432973394377787,0.2292997326695876,0.48704806076213447,-1.3078886900110585
2016-09-05,-1.3932545140866859,0.16498055766360756,0.36350927220102935,-1.2924619108351616
2016-09-06,-1.6183768556002465,0.25736065351672216,0.4334425635282496,-1.3213344382163432
2016-09-07,-1.319096447213363,0.18254885582025762,0.42188842684393674,-1.3334306939318938
2016-09-08,-1.4004905920173742,0.13536972400490463,0.46498638453921876,-1.377088666196552
2016-09-09,-1.3579484883388084,-0.12254131051754026,-0.2655524013088709,-1.155307735680437
2016-09-12,-1.3190570498244145,-0.18254229538082853,-0.009614845987904738,-1.0601865988468155
2016-09-13,-1.3367902230120745,-0.4574520144340069,-0.5339623240145475,-0.9365258054534348
2016-09-14,-1.2795710855530795,-0.45978178811108156,-0.6728927313647213,-0.9301864389490662
2016-09-15,-1.3492961245242274,-0.4587077165448579,-0.4166613229061775,-0.9377812878550269
2016-09-16,-1.208552386193829,-0.5010513819712554,-0.3950174319644135,-0.9013787194621901
2016-09-19,-0.9152731363205532,-0.5205066270936692,-0.4286604111291775,-0.9103871610810508
2016-09-20,-0.9909134182206623,-0.5044512720124309,-0.2758737688906127,-0.9208773861852714
2016-09-21,-1.0207100191712584,-0.40990727199624455,0.18382428205637175,-0.981220625195971
2016-09-22,-1.0669353897447285,-0.30081246737526146,0.36600333756487174,-1.1504724877257746
2016-09-23,-1.0286294950346384,-0.32833999805141806,0.18716912678130093,-1.1233667828817246
2016-09-26,-0.994804818337239,-0.4348633076417884,-0.21105003458085392,-1.062366893860662
2016-09-27,-0.9532007297586524,-0.43839073904787906,-0.1789320391964555,-1.0582826550851003
2016-09-28,-1.0113848433051031,-0.43002537571945526,0.0006720118765157675,-1.0925008573537882
2016-09-29,-0.9030161337233252,-0.3499269246562704,-0.14093321746996415,-1.1533351981520812
2016-09-30,-0.13626262749639548,-0.3303493894270533,0.13220754647706018,-1.284398024115318
2016-10-03,-0.15655542167056932,-0.3137019819258073,0.055830791311044195,-1.3014572555430801
2016-10-04,-0.1381912689800217,-0.40343013057509286,-0.03392051561581897,-1.3480528009549908
2016-10-05,0.09997933103466677,-0.4330640985581585,0.04970381300066529,-1.4160036467507382
2016-10-06,0.03179864697836126,-0.3962433016746906,0.05018031926915479,-1.408898248862253
2016-10-07,0.12695336850076475,-0.357761920958544,-0.06656383210100297,-1.3836216741198653
2016-10-10,0.16922268811674782,-0.1537908659236999,0.12807473928023358,-1.3642460925154722
2016-10-11,0.09521652794895445,-0.1526028593202916,-0.10598010148342314,-1.3254795293648054
2016-10-12,0.06778833394701952,-0.011666418150096574,-0.007846854141647132,-1.3046282286109299
2016-10-13,0.13167391793194633,-0.019110474092123984,-0.16232355805522922,-1.1852142716893814
2016-10-14,0.13638525700911996,-0.019358100026710033,-0.07063092761338186,-1.3144492557917915
2016-10-17,0.08821938903056706,0.026569950138815992,-0.07533941312447051,-1.2439716663120215
2016-10-18,-0.11493474694572697,0.07732413148737063,0.028810305250335316,-1.3418117676052788
2016-10-19,-0.2175714337267017,0.24214417550162634,0.27374802554951416,-1.4111504260513497
2016-10-20,-0.19405132361948185,0.220008329512497,0.2691496708862191,-1.4208338060378196
2016-10-21,-0.1761344002430878,0.021444810448951277,0.15367763814506177,-1.4438947991794586
2016-10-24,0.007790200939503259,0.021606306110409056,0.2781079192081658,-1.4088707952372306
2016-10-25,0.03177434428466367,0.006674889341714491,0.23621426184005867,-1.4143686249385579
2016-10-26,0.13967739459035255,-0.17211824123092356,0.12073285844085731,-1.2701085307341913
2016-10-27,0.1827137000772708,-0.25849002176198094,-0.0859882783199972,-1.150439244645717
2016-10-28,0.2761416363511561,-0.32138444696716345,-0.24100389235085404,-1.0220143277385172
2016-10-31,0.21442605080887778,-0.5395783155499029,-0.6850547157545832,-0.7891735265333291
2016-11-01,0.16602999705474725,-0.7346969424566482,-1.0642608659407617,-0.5922291849064759
2016-11-02,0.1340207195878301,-0.7935620929296378,-1.3093240677269902,-0.4846770059224536
2016-11-03,0.07737410066875157,-0.9142675098631476,-1.6813075751755027,-0.48645240568375553
2016-11-04,0.11803777411138525,-0.973899981841964,-1.7483332109334397,-0.43773182275947875
2016-11-07,0.07185324311004213,-0.7867950055768926,-0.943296364186573,-0.6521460792207903
2016-11-08,0.1186311589009019,-0.7852723716133486,-0.923846605652617,-0.6419819607706928
2016-11-09,-0.04050027615287694,-0.9490429040037974,-0.3645683493727961,-0.4697304481990796
2016-11-10,-0.10524065135877593,-1.056195782897451,-0.6101176161734563,-0.3596430743524667
2016-11-11,-0.08538158127835829,-1.0227006532236924,-0.4479408453436456,-0.3570492066101458
2016-11-14,-0.003856203246983634,-1.3786881110504265,-0.8388551588431098,-0.032358873801466
2016-11-15,0.10709968479928499,-1.1396852330949534,-0.3521565181233655,-0.3524862441296977
2016-11-16,-0.01247639988169986,-1.22096352307555,-0.5007650628885458,-0.3339443965892616
2016-11-17,0.18717278500596524,-1.2963083509753075,-0.39660798934279407,-0.39955993041522186
2016-11-18,0.1650028205702192,-1.4065197744425033,-0.43753921090844616,-0.37485424111311094
2016-11-21,0.09367248499331099,-1.290874173569765,-0.23985879085629927,-0.5052719602380437
2016-11-22,0.045688347476089346,-1.2173261306221563,-0.03744131957546242,-0.6525272249313993
2016-11-23,0.0994307917456005,-1.1426289164322736,0.03278328958808933,-0.7048138432196279
2016-11-24,0.05336289736872079,-1.0737527639109496,0.08667487717023688,-0.6992172426192413
2016-11-25,0.049483253589590104,-0.9868474030265245,0.22756823879982668,-0.7210005475645022
2016-11-28,0.14456390412337977,-0.8332293893277525,0.2536420145622669,-0.7142585329017197
2016-11-29,0.2906451067856871,-0.6638200626500685,0.3942834033896935,-0.6708306730763368
2016-11-30,1.1552699068963557,-0.541412292622573,0.5386465387402679,-0.6580626384075082
2016-12-01,1.1727512062817187,-0.5022195544261929,0.532869998650019,-0.7054796890475494
2016-12-02,1.354697257200506,-0.41130214749390653,0.5403200046456328,-0.6894134906776735
2016-12-05,1.3228054625139505,-0.29645227321291107,0.9186554101083589,-0.778948361460117
2016-12-06,1.3210508996002237,-0.30806727227643754,0.8220881178638988,-0.905063371517391
2016-12-07,1.3559155189224046,-0.1002621882013713,1.0592285371262946,-1.0531592944867143
2016-12-08,1.3516178214034207,-0.099240962750401,0.8763197176274014,-1.0487275461333647
2016-12-09,1.2923823919327975,0.08618308356532374,1.3637564702342386,-1.1627435917988487
2016-12-12,1.278849955571379,0.054872804126010706,1.2498348778139838,-1.187685702867645
2016-12-13,1.2685765138199805,0.32720786086684805,1.4002650776532688,-1.2289527439408345
2016-12-14,1.1428162832999689,0.05706556741762123,1.050987418272471,-1.2348378114461238
2016-12-15,1.418016621745913,-0.009295968331048513,1.0532145139790956,-1.097713141381065
2016-12-16,1.1134612491421223,0.08560939222534433,1.0295877718667459,-1.0734168446500476
2016-12-19,1.4018301421433608,0.20624405455845776,1.027485615083443,-1.0643630482699142
2016-12-20,1.2894228655366546,0.13110090304440727,0.9429406618006179,-1.0719719338535647
2016-12-21,1.2802812464688516,0.12727098548284518,0.8639754201753981,-1.0907186347452755
2016-12-22,1.141169930409667,0.16427772204200292,0.8710666019244564,-1.0744902214320882
2016-12-23,1.2173626329098646,0.13527146863154177,0.9323618934847044,-1.0848851103488175
2016-12-26,-0.5422320215047278,0.08615036991703279,0.8168554685091407,-1.0738299719608868
2016-12-27,1.1875938082993844,0.09007706202988341,0.8362769637798825,-1.1197770123936666
2016-12-28,1.1925768956712464,0.06775869165772788,0.6077771588844432,-1.0860980816587034
2016-12-29,1.1758138402759477,0.12693794281780368,0.5206686231113479,-1.0323613311011253
2016-12-30,1.1087032740486171,0.18003181067598054,0.4600737886081262,-1.0080827733950823
2016-12-31,2.203822523480782,0.45615511055499713,0.416385347385752,-1.013987824367732
2017-01-02,-0.5349701129132729,-0.027387671556594932,0.31102738273632274,-1.0041382879508436
2017-01-03,1.5021123068020144,0.0251663267345246,0.5060050203266443,-1.0989047383838741
2017-01-04,1.4715869156639338,0.07872091594379033,0.6441035650672013,-1.2295798538456242
2017-01-05,1.553214660384459,0.18007108932204585,0.6445684454173368,-1.2447077704727243
2017-01-06,1.5120952645050236,0.042632553398290675,0.5248283872460898,-1.262725828171653
2017-01-09,1.512061615280906,0.09059202384029688,0.45027890811126303,-1.218384871055549
2017-01-10,1.4824725919385788,-0.03750011604316338,0.3329110855308183,-1.2302839555949
2017-01-11,1.457407195596652,-0.07024029361597287,0.33941069522571027,-1.1834500625361237
2017-01-12,1.43219754633002,-0.034657616931786574,0.29320742948635753,-1.143992556328211
2017-01-13,1.5215164899617852,-0.015264408317090299,0.3307641716790925,-1.1496939941339073
2017-01-16,1.5183268742378218,-0.055704296329805204,0.33160980389468914,-1.1673114837660863
2017-01-17,1.2636987619755624,-0.08630426401930961,0.13828569296889787,-1.1081818764612505
2017-01-18,1.307028018164349,-0.18823729528247035,0.13864035986224554,-1.1092336804545395
2017-01-19,1.3145851060297864,-0.27144676380912036,0.08036079776685177,-1.0912113448786538
2017-01-20,1.2875369959549599,-0.25750892303110745,0.25100432266980915,-1.039268751502183
2017-01-23,1.1714115789338715,-0.18919225085299357,0.16748623399496204,-0.9440012029024794
2017-01-24,0.8918343213419244,-0.1479577913726461,0.3999352152566825,-1.0002505745350736
2017-01-25,0.6555687263952118,-0.051959142599059815,0.6674791404280208,-1.0739715079904613
2017-01-26,-0.16796765721974813,-0.0626575225059679,0.715697555900764,-1.065817515631668
2017-01-27,-0.341736950035282,-0.021674180157874645,0.7465318195481592,-1.0656863060650303
2017-01-30,-0.3529978909868501,0.002270249753473401,0.5278755493128292,-0.9890164711157773
2017-01-31,0.2811578876514111,-0.03809679532828047,0.4166187237752598,-0.9803487602163705
2017-02-01,-0.27531951144628986,-0.25085954397747345,0.20845757238340984,-1.0403516114889475
2017-02-02,-0.7759717769524491,-0.37572269115585183,0.08077507169293047,-1.0514461642545727
2017-02-03,-0.5765780219862828,-0.279147776336622,0.5789822805433676,-1.136629400224188
2017-02-06,-0.5773637293046919,-0.19626046517198636,0.49075594155015695,-1.0917034567549926
2017-02-07,-0.596896341309013,-0.21173817745733264,0.4893428581692774,-1.0587659749855443
2017-02-08,-1.4231128289995625,-0.21130830841086612,0.48515482479312827,-1.0245536308224128
2017-02-09,3.0,-0.14656937868943917,0.5742662512455114,-1.036938684804405
2017-02-10,3.0,-0.06961895732936765,0.6767384269516086,-1.049917587010402
2017-02-13,3.0,-0.05022955953680745,0.6813719060253217,-1.06744224866021
2017-02-14,3.0,0.049231259794747156,0.790566204123869,-1.0896455400711815
2017-02-15,3.0,0.025269165142670382,0.6608790170689014,-1.0973973198617508
2017-02-16,3.0,0.08297665634071882,0.39505690627147294,-1.0111453694056745
2017-02-17,3.0,0.09862514572471388,0.4056558356609442,-0.9883713427876015
2017-02-20,2.963703746259719,0.1488596446077368,0.4117612832136662,-0.9611482045904448
2017-02-21,2.781372675775251,0.18601977027570976,0.553868241342927,-1.0226641537657544
2017-02-22,2.6605923912162384,0.22195103471861938,0.47687596157529444,-1.0767067219107758
2017-02-23,2.553113727710525,0.23456596834510265,0.3503397461014696,-1.0961045809466592
2017-02-24,2.4855136845569823,0.22832101175741784,0.26288736422477027,-1.0184535243400898
2017-02-27,2.2869299764447946,0.28940635808208115,0.32122452048702116,-1.1009242935463852
2017-02-28,2.422702774316661,0.2977382957805563,0.258247549521668,-1.095822504422392
2017-03-01,2.286537371912114,0.45533642619650433,0.62276535698897,-1.2609361295251105
2017-03-02,2.2279218163752863,0.3727490049018695,0.576409205922696,-1.2425011994822612
2017-03-03,2.146417086596566,0.3383784797503279,0.512627440252255,-1.1549839285001995
2017-03-06,2.096493484566163,0.11849114671064392,0.09193543948913072,-1.0518182905942168
2017-03-07,2.0204224417833134,-0.10589789837957861,-0.1217557282150809,-0.9340290052596152
2017-03-08,2.0308996295074238,-0.2614188813540314,-0.27169933050976885,-0.7787726192791742
2017-03-09,1.9508773806588564,-0.47816197805625765,-0.3911380617416115,-0.6143341902433237
2017-03-10,0.635405526680104,-0.46220625846306157,-0.38016349831355734,-0.6187366217583495
2017-03-13,0.6120852321599113,-0.6077144677037943,-0.46249127976463594,-0.49512033623115304
2017-03-14,0.6002152662433956,-0.7718466813871698,-0.8506719229156565,-0.34362584907708776
2017-03-15,0.6668924218680863,-0.5271592604299307,-0.5444270165534744,-0.477760624163056
2017-03-16,0.6238226297118645,-0.4965438004070322,-0.45344472129939617,-0.6523188634243311
2017-03-17,0.5938666487304524,-0.4268283364218417,-0.35727597137139705,-0.6325646545823623
2017-03-20,0.6380242868375362,-0.7087825969925564,-0.4549610080573169,-0.5564524770605356
2017-03-21,0.6383245668990402,-0.765524647385011,-0.8023310021793717,-0.4544087049649795
2017-03-22,0.616168970895459,-0.8449881146664018,-1.0049465823648243,-0.29429710842297724
2017-03-23,0.6244684039668106,-0.8534113749139705,-0.977757742799482,-0.35859651882126914
2017-03-24,0.5932561393498571,-0.8226177924099318,-0.7963536350713746,-0.42106711063258584
2017-03-27,0.571181666675694,-0.839656689806979,-0.9839940847898135,-0.36605417743415425
2017-03-28,0.5599307737084398,-0.8684151026142634,-0.7389366235182637,-0.4999801697198222
2017-03-29,0.5460055524200244,-0.7597365954372285,-0.5852431896961747,-0.6501727123097772
2017-03-30,0.5321668837977606,-0.8345391937616373,-0.6973078242518979,-0.758665240391736
2017-03-31,0.48438569496351724,-0.9690238372733729,-0.9465203093342536,-0.6886360874806999
2017-04-03,0.4444650659118371,-0.9624049258096856,-0.9878092891150309,-0.6228719646948552
2017-04-04,0.44297991134096,-0.9408360092476595,-0.7466781449213424,-0.6020891228201274
2017-04-05,0.4333287554079535,-0.6406893013711833,-0.697915301315954,-0.7488347208659851
2017-04-06,0.4610813024255934,-0.4596148421955999,-0.4662908294291396,-0.6964650223414075
2017-04-07,0.37617299223624256,-0.21149993989266883,-0.32144447724318326,-0.7689997994371155
2017-04-10,0.176806793187984,-0.16618017217840814,-0.4941710994652105,-0.7630869734703069
2017-04-11,0.20160232474133732,-0.06964136927722504,-0.6736153337405595,-0.6761649777997173
2017-04-12,0.16756519721888904,0.03562679878736109,-0.7261817917192598,-0.6830442225581351
2017-04-13,0.16806071517031831,-0.2208202578145337,-0.9886447862605463,-0.5598237225338424
2017-04-14,-0.49182830389712034,-0.34272488054751843,-1.0722585065706522,-0.5552063207722254
2017-04-17,-0.09807584217774873,-0.3748736715349004,-0.8694390612924701,-0.5977264288832843
2017-04-18,-0.15823191769508668,-0.1686934343991281,-0.8581885870915859,-0.5685526299535849
2017-04-19,-0.17346413226197846,-0.17295042032319669,-0.7694320761255417,-0.6283548024433002
2017-04-20,-0.19012504186355628,-0.037282210594816005,-0.3951855614423389,-0.6397416278617871
2017-04-21,-0.23042968328754132,-0.03886249140129147,-0.5524602022904846,-0.6364054779785296
2017-04-24,-0.3028089570067853,0.11607249616503441,0.11230551772020886,-0.7954071467254911
2017-04-25,-0.24872951006792032,0.18199649648798455,0.5360603156959176,-0.902214535710121
2017-04-26,-0.25090022639722914,0.15209004053674055,0.3354604016749317,-0.9543184610922888
2017-04-27,-0.31105700469099823,0.09944037918462158,0.31273349261868216,-0.9036657741815924
2017-04-28,-0.39662786277306306,0.047067464359802434,0.1931853789090461,-0.9722529699148577
2017-04-30,-0.6187928281642929,0.11569815728164547,0.187501226807232,-0.828470832157295
2017-05-01,-0.5944956833424896,0.08928108188419749,0.4137450316056839,-0.8542397106329626
2017-05-02,-0.5478151864758211,0.22126033539501053,0.09889798615446142,-0.8528973884607106
2017-05-03,-0.5371184394458066,0.14216919097669609,0.10033592028141829,-0.8876287746973598
2017-05-04,-0.5073171400441536,0.03365569626392862,0.003198674644869793,-0.7436607754102023
2017-05-05,-0.6250600189329542,0.0734800995057184,-0.02152971869465062,-0.7025366319066852
2017-05-08,-0.5045560770762306,-0.05835893656710501,0.025342438129842982,-0.6941977903566163
2017-05-09,-0.6971286173624806,0.06713877447039532,0.1467865898789028,-0.8179484441974031
2017-05-10,-0.7249423447234408,0.11036362638889076,0.2412327585485524,-0.8345843161253755
2017-05-11,-0.7588230456477184,0.2831117957182468,0.20365192280441638,-0.8409270125124219
2017-05-12,-0.8262864281156252,0.3676283322493527,0.17907969026681697,-0.7685435943474603
2017-05-15,-0.8380684067592178,0.5094379036356064,0.28037657640732366,-0.8449862673019485
2017-05-16,-0.8896409057999932,0.5594007923642638,0.3831686286743431,-0.8728401669419006
2017-05-17,-0.8610106980882573,0.382120972735096,-0.8147161957819298,-0.6830621803077208
2017-05-18,-0.8372765193851247,0.22383880417577026,-0.7736925992828855,-0.662653852380014
2017-05-19,-0.8451342905161048,0.3832742855919196,-0.2384150684466475,-0.7929766628187446
2017-05-22,-0.7967735709748183,0.23049468596962916,-0.15400869210583487,-0.91406005272753
2017-05-23,-0.9031180303677673,0.19974909418160308,-0.19564368584999936,-0.9544716169398745
2017-05-24,-0.8821358142017116,0.10706573640055222,-0.146791478567159,-0.9639852113070648
2017-05-25,-0.864336163005782,0.14767537491751653,-0.1065858511710032,-0.9709973127512036
2017-05-26,-0.835475048270654,0.08631032998786378,-0.21846797762067202,-0.9623765503345758
2017-05-29,-0.8966687377211501,0.18593127202912682,-0.1323303354847901,-0.9529387192900926
2017-05-30,-0.8611622780455828,0.26321740247962433,-0.32277622660887745,-0.965093825701915
2017-05-31,-0.6988956504146571,0.044870185339059114,-0.3241568345211086,-0.8632687787965491
2017-06-01,-0.6920142295232266,0.1940280073418743,-0.039399346974747625,-0.9437442924634195
2017-06-02,-0.7330036243087289,0.4620171220355335,0.19775842501771776,-0.9892232155672579
2017-06-05,-0.6703530130598158,0.4598280176326865,0.14517916347619564,-0.9730402988918537
2017-06-06,-0.6660207154014228,0.4996712025014703,0.0093447964244372,-0.9263935631236612
2017-06-07,-0.6791143390252037,0.3124087116341364,-0.10918450186047626,-0.8664630370775038
2017-06-08,-0.7865913726202935,0.21511752405659393,-0.118657638604445,-0.7641537790676974
2017-06-09,-0.7819370884207663,0.06710992559280565,-0.31324502750547767,-0.8224097047158969
2017-06-12,-0.7641578498791554,0.06534095885834147,-0.23655174024367198,-0.8459615521123128
2017-06-13,-0.7720088895437195,0.0332581539807801,-0.10848463391214101,-0.895362915757727
2017-06-14,-0.840954093833199,0.4049366477298582,-0.17179022228569438,-0.9306798461638083
2017-06-15,-0.8456040013444949,0.353989379158258,0.07431704632327212,-0.8483175821029181
2017-06-16,-1.0263306823624967,0.2175698927743811,-0.06050155920252764,-0.7526882652308959
2017-06-19,-0.9639260207491976,0.1667959136892931,-0.029213995142103287,-0.843536208956442
2017-06-20,-0.9387393012541505,-0.03143411875573144,-0.5539035293245939,-0.7043377166068439
2017-06-21,-0.9263933870507692,-0.3135782271124978,-0.7940686102736072,-0.5050843628984797
2017-06-22,-0.9489328012549414,-0.24268288710212513,-0.7256070070236137,-0.47314774471547616
2017-06-23,-0.9266269347671984,-0.11135297430887339,-0.5489120206243084,-0.4973626297631778
2017-06-26,-0.9694201703864103,-0.11422685534191541,-0.5077123933951648,-0.5633862509505875
2017-06-27,-0.9560580863239997,-0.2928224712287207,-0.8004258831843735,-0.6333853780844451
2017-06-28,-0.9660174300520362,-0.2155013769450899,-0.45565035317055086,-0.5787466514807038
2017-06-29,-0.9176675990235086,-0.1941961915260117,-0.8058733973620674,-0.5224678477022284
2017-06-30,-0.7196323247226727,-0.30597258101171354,-0.7495731712565522,-0.4564054603565569
2017-07-03,-0.6613130454139131,-0.42207754151855664,-0.6837065267760747,-0.5246000966023809
2017-07-04,-0.6454934893506985,-0.4318923982692535,-0.664263595884071,-0.5202915339810463
2017-07-05,-0.6706460383354568,-0.4141758099503177,-0.6501206797607578,-0.5157865219366478
2017-07-06,-0.6696399117535421,-0.47239227970579145,-1.0313432255478563,-0.299234911920463
2017-07-07,-0.5892593693204854,-0.4008280277903005,-0.6563603527820793,-0.13257147489314886
2017-07-10,-0.7695979110294198,-0.3598204832470346,-0.6763834030985725,-0.14131275132311522
2017-07-11,-0.8348083564857901,-0.44314546589754816,-0.7248979954364168,-0.10197720582435958
2017-07-12,-0.8155007766170216,-0.23004129951087593,-0.4545305695999276,-0.2430296007015496
2017-07-13,-0.824435171747618,-0.2288726562467364,-0.09979264349134731,-0.3043849790001519
2017-07-14,-0.9718992270855363,0.0394126025212325,0.1855430730323887,-0.4418402317153806
2017-07-17,-0.8319452000067986,0.3038411014785526,0.30085611832550996,-0.5149536497897726
2017-07-18,-0.8833523774890631,0.32247841627261054,0.12549128569504822,-0.5653032510491179
2017-07-19,-0.7762825244719428,0.4276898164662554,0.316467122351473,-0.6173843703878802
2017-07-20,-0.6688173225774282,0.6431295217515736,0.6055266712960719,-0.6839577195866143
2017-07-21,-0.6657455011978041,0.670908846751575,0.4779018196632213,-0.6488959159345917
2017-07-24,-0.6546433680675011,0.655607309574945,0.43613639658643094,-0.6014880669048699
2017-07-25,-0.671866316623924,0.5318288206194808,0.4851792306751266,-0.6204546271531227
2017-07-26,-0.6100206463111815,0.7023923374359805,0.4901276398299773,-0.6449396200716415
2017-07-27,-0.49870010091411665,0.557627884069939,0.21947886203085754,-0.5954386802455425
2017-07-28,-0.48453650646699986,0.5461509690884087,0.21566881938956034,-0.5344999282662118
2017-07-31,-0.4167602198972699,0.4852929519405255,0.16516400000802547,-0.5659695498821415
2017-08-01,-0.3823236464322433,0.6585994341767619,0.2396764335805435,-0.6298809371087272
2017-08-02,-0.3890880037173665,0.5715582334959826,0.20215108995301734,-0.6185756111620426
2017-08-03,-0.2803925468847338,0.5172827581047756,0.11520858127805239,-0.64238261362698
2017-08-04,-0.6763182404462464,0.48361366063938055,0.35327904898455437,-0.5755197395913867
2017-08-07,-0.671772671013147,0.40332162076620937,0.28876878155915353,-0.6001973081669472
2017-08-08,-0.8433349595716004,0.23103212452450686,-0.0633482858212475,-0.5808583307781794
2017-08-09,-0.8180968583479328,-0.15110806270407848,-0.41491190094807345,-0.19887006548908254
2017-08-10,-0.7816895477531277,-0.7567040315132804,-1.9519936758765732,-0.03508541756003435
2017-08-11,-0.8103145848508296,-0.9791428326916369,-2.004143629402825,0.09491289873619158
2017-08-14,-0.7507170685982578,-0.7260755933351274,-0.975258008682398,-0.10871508500095081
2017-08-15,-0.7127077983946264,-0.9474843060579752,-0.9611316726215932,-0.035894160099227926
2017-08-16,-0.7941886383188836,-0.9492079444407573,-1.0062166295262531,-0.08764011949055611
2017-08-17,-0.7519074435718941,-1.3126484236541187,-2.172234148451186,-0.014501962221053216
2017-08-18,-0.7264677878294956,-1.4507409524737578,-2.0085599441260094,0.10066672027334161
2017-08-21,-0.7011735798719102,-1.4193166427549972,-1.7101312187857705,0.126701128033481
2017-08-22,-0.7099942272199135,-1.33219421706407,-1.1422401085405551,-0.006754957967283329
2017-08-23,-0.7973419857251146,-1.2849525567041205,-1.504192746520114,-0.020780529374516403
2017-08-24,-0.8248469873770728,-1.3114302023370286,-1.3559420696701363,-0.08362348070714568
2017-08-25,-0.8392513407492134,-1.1770286370103231,-1.0674352134226253,-0.1704862767078208
2017-08-28,-0.82503656470578,-1.100250239663586,-0.9604975538955388,-0.20807090624419186
2017-08-29,-0.7927030970473645,-0.9884924091081263,-1.1036596874270042,-0.1872228595878568
2017-08-30,-0.7072120086453578,-1.0423647805451703,-0.9225429986031805,-0.2912865488594449
2017-08-31,-0.43678438766422895,-0.8915403790953947,-0.6953623076468347,-0.35148316897663634
2017-09-01,-0.48260574772441406,-0.7895355307696095,-0.35837739340841557,-0.352893509293132
2017-09-04,-0.4629154951802174,-0.6698348359684804,-0.2987709652423932,-0.3493750671062242
2017-09-05,-0.49240005964219047,-0.65008689921639,-0.9602147315457913,-0.21098530768595616
2017-09-06,-0.5192299132212487,-0.5900936243094069,-0.6897074941962779,-0.3786701293820259
2017-09-07,-0.5835215804179728,-0.24760094685404554,-0.508415035992484,-0.302137435033812
2017-09-08,-0.5367415581686146,-0.1760679015117098,-0.4847527932501751,-0.1818997361315133
2017-09-11,-0.5018977298929992,0.05940900171356409,0.2112273397437017,-0.3067237626214174
2017-09-12,-0.4752387071475631,0.01966727466383961,0.18449729628388803,-0.3788419459082982
2017-09-13,-0.445284566163692,0.11457462965898228,0.2644442362000712,-0.43335965248305397
2017-09-14,-0.4153340955925813,0.0444534259824607,0.1763630122403934,-0.5643030847537899
2017-09-15,-0.5864942469119606,0.3023072908000257,0.6073578236826108,-0.5511401188169129
2017-09-18,-0.6406651091874073,0.6197079638083325,0.8525288296999453,-0.6115419005502662
2017-09-19,-0.5854031453884669,0.6854446376894077,0.8790891859480768,-0.612219501128992
2017-09-20,-0.5299221424791303,0.2747226048138605,0.6545585926676262,-0.6716040803377371
2017-09-21,-0.40186866676869626,0.10854512519802738,0.592683552007387,-0.6035724823656138
2017-09-22,-0.40264127044087333,0.20306133922866432,0.6055998463243984,-0.5879833384320539
2017-09-25,-0.39052665306134593,0.18546155064257214,0.3339300623670355,-0.5893923590427006
2017-09-26,-0.4299088721448507,0.35386623561862124,0.5593961664432042,-0.618997577747681
2017-09-27,-0.44138813292796214,0.3526798825036492,0.8421743683569394,-0.5924236393932155
2017-09-28,-0.4453687200453867,0.47149226608123584,0.8065078065323611,-0.5443075274870356
2017-09-29,-0.4028246042913879,0.6251090936979656,0.9306942210596371,-0.47898356836150247
2017-09-30,1.3519747155029487,0.6495403860794472,0.8587353180689358,-0.4775548530704088
2017-10-02,0.5696011628455344,0.6915543579008583,1.0505549126117861,-0.4351025914623907
2017-10-03,0.5380178240250634,0.9404583147688823,1.2755104620244047,-0.40163592933453174
2017-10-04,0.6191875611181954,0.9060417696527197,1.1247862984053796,-0.3680455072949116
2017-10-05,0.6120030622285753,1.0563777733364592,1.437012327272995,-0.3190633305265071
2017-10-06,0.46766249436281826,0.9141488149051495,1.2180796446167346,-0.30247093429140065
2017-10-09,0.288834510876609,0.7471294674083906,0.7918099528974617,-0.3241842578858461
2017-10-10,0.2228643950018625,0.6767858878869446,0.7021348735163754,-0.28873485654480535
2017-10-11,0.21428144935478283,0.5329468776919293,0.6402861722339324,-0.30681171388155765
2017-10-12,0.1968416180287785,0.36547366118358726,0.44186964377346677,-0.24156137234962094
2017-10-13,0.223166433929479,0.3643553714403674,0.44884082975807,-0.23592005092049892
2017-10-16,0.21103399317324187,0.27917279190059346,0.48162468184245755,-0.34647725361673026
2017-10-17,0.2479064123772097,0.24785591474060234,0.5104219346550003,-0.42855605371565486
2017-10-18,0.1254323102240562,0.27090129542202296,0.5496200152537177,-0.40498470319676716
2017-10-19,0.12211772687827144,0.44825906966269347,0.6338683757080065,-0.3922662587343675
2017-10-20,0.08261382193153259,0.5736755444708473,0.876321309334182,-0.39570955374340233
2017-10-23,0.039347346582511995,0.6169819507747084,0.7212295642918686,-0.39980167348212825
2017-10-24,0.07830460319524486,0.4306787420981952,0.6007777685660536,-0.32465714245455507
2017-10-25,0.3801667965645464,0.09859839926733419,0.22173592087021757,-0.20330442721203107
2017-10-26,0.3938746122652844,-0.055563585373210225,0.11898113504413728,-0.206967648040636
2017-10-27,0.530395876535077,-0.029955372504897153,0.29178512678858065,-0.17020832218972715
2017-10-30,0.6214802588960834,0.13595026405688032,0.11427747147231042,-0.13056268739360738
2017-10-31,1.112997714923833,0.019411859743638217,0.1972960665966925,-0.05819378751717205
2017-11-01,1.0701983745332666,-0.16897532822302938,0.15754813157897343,-0.21503689143243193
2017-11-02,1.070400842504726,-0.22650010329566217,0.16119704284510003,-0.1911395167205125
2017-11-03,1.0051772220901452,-0.32587718661419607,0.17708451102493666,-0.21768262655929815
2017-11-06,0.932345165527715,-0.1573710079428112,0.4365378273926053,-0.1984117226857892
2017-11-07,0.9185398092097576,-0.4378972278063753,0.0712430116837383,-0.18664238912340866
2017-11-08,0.5411006201425367,-0.8872647926771327,-0.31698641500343794,0.10373595569716029
2017-11-09,0.5102260989764613,-1.2507791238703894,-0.903100084375133,0.5578678991419794
2017-11-10,0.4605758153866884,-1.3339407187681804,-0.8739841724450427,0.49844112698618753
2017-11-13,0.4048761238993886,-1.2963978422557707,-0.7515820366846019,0.5513377665875275
2017-11-14,0.3702454666586015,-1.628990057645095,-1.2371326843780546,0.7362681410391481
2017-11-15,0.34364804058585674,-1.8635155835441524,-1.7981154970707434,1.0077468040521245
2017-11-16,0.5094959211099593,-1.5634528240745977,-1.0298610906761263,0.4783278225798156
2017-11-17,0.7130331350962577,-1.3748230068061744,-0.9246547305411853,0.33273673270153503
2017-11-20,0.7512973964232191,-1.3623301014457805,-0.8830584302451245,0.17832093257967122
2017-11-21,0.8163612798189952,-1.153584023929609,-0.47501344078194213,0.06731992754708051
2017-11-22,0.7314842934056474,-0.9763325802970589,-0.49095447761569966,0.1524544913004342
2017-11-23,0.6954032625779079,-0.8179961781083501,-0.33730806366927646,0.1532120970178466
2017-11-24,0.5996625739237027,-0.8610608544616285,-0.32763268041706833,0.0766690386049052
2017-11-27,0.6561551905951899,-0.990546420463158,-0.6340233645514559,0.07232975292633566
2017-11-28,0.6499049852212402,-0.8642949620180691,-0.4056471255803217,0.11495882068489692
2017-11-29,0.6375209159642148,-1.0045105564566081,-0.6430260673292275,0.11514536581827031
2017-11-30,0.327025061231242,-0.6913193105537515,-0.5239594630318747,0.15311117465740587
2017-12-01,0.310279542076248,-0.6544470572369174,-0.5021255049440235,0.09251537584189233
2017-12-04,0.4020374492195765,-0.42809916745602067,-0.4040597485101194,-0.010053706726160887
2017-12-05,0.4048576140326916,-0.28904396895980694,-0.2577557748627136,-0.07737239587440446
2017-12-06,0.37152711140375194,-0.3181564671668817,-0.4251643420942266,0.09894590804188585
2017-12-07,0.3435030473840049,-0.08844233523116393,-0.0420794211281471,0.15758345159007148
2017-12-08,0.040860932339529456,0.28986590365509374,0.560319927312801,0.18002330878131215
2017-12-11,0.008792064447839362,0.5637591870474968,0.7380404612999045,0.18845256502262042
2017-12-12,0.049026060653439126,0.5466465617633686,0.6860291759613427,0.09901734760856738
2017-12-13,0.04553077370693531,0.843022089545066,0.8271979826624278,0.21813167960095192
2017-12-14,0.18556218646827377,0.9463172539660252,0.9017420266397237,0.19224846519479433
2017-12-15,0.07686704369145936,0.8435624187831852,0.6749319606237021,0.3128390636606472
2017-12-18,0.12720864159437806,0.7163062505366947,0.8345388884810588,0.3851021677959915
2017-12-19,0.14525315908798106,0.45160780292551883,0.6174174795818119,0.367287949594431
2017-12-20,0.15472881722421838,0.2467130726483412,0.572338349808775,0.4106768894582966
2017-12-21,0.047721982773552524,0.22004320201332261,0.5721992278163758,0.3554322632439396
2017-12-22,0.19355309185291952,0.05828976239746627,0.31275336730911896,0.3136710917205467
2017-12-25,-1.671730095145854,0.01662592183749354,0.21640022377374987,0.3131844496281249
2017-12-26,0.1514271626888341,0.000996374810658517,0.19061960628751493,0.3443897109966677
2017-12-27,0.11933042561897748,0.1594433665371068,0.05432203039286237,0.34748508944933343
2017-12-28,0.051957051962106385,0.19775815139348182,0.06018654513127208,0.28352631142554974
2017-12-29,0.0009999960957982259,-0.009033579889954568,-0.19537438138104335,0.2974639907116249
2017-12-31,1.3122493415283707,0.18699964342308306,-0.2336356896432524,0.502437679332882
2018-01-01,-1.7795384449640261,-0.3055962219524256,-0.4245744669759863,0.49979353491470285
2018-01-02,0.4217542349182712,-0.2762067056968099,0.04645536840522699,0.22679160739430343
2018-01-03,0.48293492364202567,0.2073435341758461,0.7044831111035895,0.01745416742485129
2018-01-04,0.5034415206454873,0.4019538778417474,0.9880130045403814,-0.26211010254961903
2018-01-05,0.37520842659410014,0.5243476596765871,1.0381288924638041,-0.2780002525796843
2018-01-08,0.3835437393270006,0.5032730879526837,1.019934973390452,-0.30398714847142594
2018-01-09,-0.051572170537107845,0.27909101361571736,0.5881824042069783,-0.11371161988709748
2018-01-10,-0.05245321543822841,0.0895796109129132,0.39391574647842936,0.29607056337122206
2018-01-11,-0.04171795179910491,0.2257599795236504,0.576425471129019,0.19911641504334482
2018-01-12,0.007202338350491965,0.1385816048375786,0.45170128802746906,0.19257219770239542
2018-01-15,-0.04472387071281481,0.19808704068428945,0.3846787022808532,0.11855028866051513
2018-01-16,-0.1810037595152561,0.13669125455964912,-0.1311883218480472,0.1577705707669307
2018-01-17,-0.15270904638754357,-0.05832172130123706,-0.2784354660021963,0.21941232656067391
2018-01-18,-0.2601564923877246,-0.24932515184420503,-0.4398000355064611,0.30834525213000674
2018-01-19,-0.27530617643645394,-0.2007540175460114,-0.04282636018091631,0.3449347910927976
2018-01-22,-0.4150294975450256,-0.07048649483494153,0.21496089795214862,0.22662251426333319
2018-01-23,-0.4500576026961067,0.12566616115682452,0.21356652888614824,0.14190982651946155
2018-01-24,-0.6089586726680396,-0.05649946197705466,0.1460285290441069,0.1677532821075293
2018-01-25,-0.7360575006351799,-0.07411922518629041,0.062192438592299934,0.12780968974075507
2018-01-26,-0.8772250913985322,0.23847714978934603,0.44888183609226234,0.19427929218569112
2018-01-29,-0.9054733818376892,0.11019079605547069,-0.25962806007348577,0.43002486839921844
2018-01-30,-1.091085556419546,-0.151781438276932,-0.749511223596221,0.7179633100046098
2018-01-31,-0.33790633079782606,-0.13962316206990413,-0.639474346378709,0.5491958035262308
2018-02-01,-0.5781736648531624,-0.6218325415489485,-1.0020114821825048,0.7187849005156741
2018-02-02,-0.6196177655423061,-1.2727576651539483,-2.669209495711814,1.119796082852984
2018-02-05,-0.4439170298124499,-1.923900614004951,-3.0,1.3007749906924884
2018-02-06,-0.5552451095799918,-2.104740732710332,-3.0,1.6968261856262186
2018-02-07,-0.5973878668854754,-2.058611936362554,-3.0,1.1615772802432134
2018-02-08,-0.9368744283487258,-2.7076359328816597,-3.0,1.6066440944811236
2018-02-09,-0.9345323543572285,-3.0,-3.0,2.294601901727486
2018-02-12,-0.9702159526075471,-3.0,-3.0,1.6499914333936712
2018-02-13,-0.983635286898042,-3.0,-3.0,1.7310869133006659
2018-02-14,-1.1261552854391956,-3.0,-2.3026909487960756,1.4382856713425178
2018-02-15,-1.218945896477964,-2.333821561498938,-1.8178878724440959,0.9660989013112873
2018-02-16,-1.1933386438735305,-1.9002448506421197,-1.6534141971785996,0.6530397753371326
2018-02-19,-1.2137570843836523,-1.856006351960509,-1.6482136040492776,0.6497476867379777
2018-02-20,3.0,-2.206593971793754,-1.9888755125859723,0.5806878849555418
2018-02-21,3.0,-2.4038804248846195,-1.9854604491571106,0.5265066381347803
2018-02-22,2.99458054356811,-2.589936706024885,-2.018283456585305,0.7175978286950276
2018-02-23,2.84486202301478,-2.3949891681356963,-1.536633475790706,0.8161076753689659
2018-02-26,2.5878657656343087,-2.1868815230733536,-1.3062763359804694,0.4676598292101312
2018-02-27,2.4628582903378287,-2.2729941683533044,-1.6216166095107878,0.3707623997846368
2018-02-28,2.122767098850152,-2.2347209085299324,-1.7213272571005849,0.20922769660216628
2018-03-01,2.132129185157164,-2.4940442826705564,-2.2563939136785045,0.49251477155888607
2018-03-02,2.0162355212480016,-2.457614905572793,-1.7900465895529374,0.7350305945187756
2018-03-05,1.9484865645047964,-2.1176624549180043,-1.3555574343262218,0.5303844926439995
2018-03-06,1.898044232610224,-1.8360142494788465,-1.022373824406337,0.2722965103781672
2018-03-07,1.8578897565430437,-1.664242716715685,-1.0648460823693744,0.3953994329524387
2018-03-08,2.039395461779959,-1.6577958324897448,-0.919328666379797,0.3179665102669369
2018-03-09,2.0695832051312797,-1.2246662404299207,-0.1490918187616946,0.18049019745687703
2018-03-12,2.0091398984435416,-0.6435224034205961,-0.024250747258164486,0.18292591714906473
2018-03-13,1.9492130168595965,-0.9761115718423657,-0.4381862199567254,0.24694066268866832
2018-03-14,1.8747387447724138,-0.8775053032464223,-0.5651663009302932,0.35250388971196245
2018-03-15,1.8127859768930061,-1.1372327291486521,-0.6302142615906071,0.23199985653357
2018-03-16,1.8353433785067939,-1.296375253128799,-0.7533765095410774,0.221158509477565
2018-03-19,1.771368372556257,-1.6812203190153054,-1.3979279482977747,0.40079587923428656
2018-03-20,1.7083261310600204,-2.259738228233503,-1.2097525836904548,0.2954665887690064
2018-03-21,0.08857867199996679,-2.0445078551009543,-0.9866431009456818,0.1340955232927735
2018-03-22,0.11448424331048528,-2.3026426861815183,-1.8982720088583016,0.3882191153455552
2018-03-23,0.18746007548501253,-2.3926270856710334,-2.187058547058733,0.5450589127407436
2018-03-26,0.16351566607407272,-2.1989378328589244,-1.4300481415244681,0.48042592780642024
2018-03-27,0.15751870067444615,-2.2945751444924496,-2.0724443961431125,0.5431390465112782
2018-03-28,0.18084175427185512,-2.163489390777873,-2.102793827126844,0.6622368706914155
2018-03-29,0.18223706515849783,-1.8646242422927397,-1.5532822777494755,0.7589881465678237
2018-03-30,-0.8369552732824326,-1.6022053628940083,-1.3348069029246474,0.7567398783628875
2018-03-31,-0.5397065446125971,-1.4281259411587186,-1.2853234081297744,0.29612000547653394
2018-04-02,-0.3219875365143378,-1.7064600011955844,-1.9577784290529607,0.5814215556311497
2018-04-03,-0.3647898355330337,-1.6705666388476696,-1.6021438361278832,0.28070444303712755
2018-04-04,-0.36798686927002144,-1.4245140995483894,-1.2243271326495562,0.3300215513247833
2018-04-05,-0.3911915152087617,-1.1958142739605202,-0.8516490217009289,-0.1787705746943597
2018-04-06,-0.4583663453328509,-1.1963773288242163,-1.3867830296014008,0.03673942092623828
2018-04-09,-0.3402169367148668,-1.0950697899471191,-1.3498801638617302,-0.10997041445472586
2018-04-10,-0.3945765321548972,-0.8549318903972677,-0.919076808871178,-0.5251262521093131
2018-04-11,-0.44394119508684576,-0.6907683819241319,-0.8268167034878183,-0.5726189673765454
2018-04-12,-0.4994754137381938,-0.45261844818550034,-0.40334716542957355,-0.7930656626124354
2018-04-13,-0.5378779888355323,-0.41155214449822847,-0.24289954790125937,-0.8863192076526203
2018-04-16,-0.5686669675527974,-0.08380685326848251,0.19872456333290706,-1.0668650056775502
2018-04-17,-0.5226685561513976,0.2437803685951484,0.2706148950347879,-1.1369929140367605
2018-04-18,-0.5510512383537176,0.1649567734612937,0.18662877662052751,-1.247269660460756
2018-04-19,-0.5738227863819868,0.17950368497522223,0.19099439792407083,-0.9281404171661486
2018-04-20,-0.5751799249155489,0.20604921333318013,0.21148651688750383,-0.8862796381124204
2018-04-23,-0.5480977667354827,0.053924917639396205,-0.0681915017299064,-0.7434587331890615
2018-04-24,-0.413415043418489,-0.07108543287282607,-0.1897274634552112,-0.5251740524509136
2018-04-25,-0.4155297676290961,-0.0847170419099905,-0.07343171717283248,-0.2734463116887857
2018-04-26,-0.40926694645931316,0.0202043856377136,0.2745506565259911,-0.4943278586350893
2018-04-27,-0.28611165950869694,0.014761626040423205,0.3484549787002034,-0.5127114380079864
2018-04-30,-0.42670713054127835,-0.15477066918175142,0.24052720336199188,-0.5222050374675867
2018-05-01,-0.4410012247943474,-0.06027401052933976,0.5635415383091976,-0.45748972138114474
2018-05-02,-0.453224613112836,0.0333394967237218,0.48321214178175315,-0.5466904850063098
2018-05-03,-0.4635053677257616,-0.3222447023880164,0.16304283892373567,-0.3781615225905437
2018-05-04,-0.49671439281173385,-0.4657948253432784,0.2832204916432417,-0.4197651097576618
2018-05-07,-0.5298104103695449,-0.25176180434902923,0.6698816789529785,-0.5422933169783735
2018-05-08,-0.5557941613124583,-0.3541149053634002,0.5632174867915701,-0.5070595672415307
2018-05-09,-0.583395903636405,-0.4715681559023828,0.518591571844966,-0.5884042136839549
2018-05-10,-0.6422016274015908,-0.25716283281864244,0.7421773787272772,-0.6716332821003554
2018-05-11,-0.6449002318248492,-0.3396474737560626,0.5779904366838079,-0.6743964570973134
2018-05-14,-0.660367562068418,-0.49521382650534096,0.29724758374452315,-0.7371631313769301
2018-05-15,-0.6978599986173307,-0.9214214222739833,-0.236715330329855,-0.7493697070735938
2018-05-16,-0.7756790193858325,-1.0384869711138522,-0.12070593545486284,-0.6907059076875873
2018-05-17,-0.7517441353577391,-0.9237547495188605,-0.047436207810910604,-0.7162890919775196
2018-05-18,-0.9843973517168265,-0.688659825425965,0.07977206306988567,-0.5150972033729964
2018-05-21,-0.9916971262664384,-0.5175746673607174,0.2513752350722195,-0.5441222486451252
2018-05-22,-0.9739311502396907,-0.46798236025525597,0.2812772189210692,-0.5714151612105557
2018-05-23,-0.9520210466845385,-0.4477279203037017,0.2727302285018581,-0.2023319262086322
2018-05-24,-0.9579293817954552,-0.2926776684205478,0.3556057910647326,-0.16583633352456784
2018-05-25,-0.8908871643398919,-0.3885094708698346,0.022389027669890496,-0.028645711299708446
2018-05-28,-1.4027945871358916,-0.31430959311695805,0.11655030356696552,-0.02218041206951009
2018-05-29,-0.8384017801817429,-0.57609236213884,-0.982126862249126,1.0182400491192445
2018-05-30,-0.9073997582202553,-0.5028909879169392,-0.3842606744241515,0.4876194294907358
2018-05-31,-0.583223736057393,-0.6021902250196828,-0.45615182950224026,0.4002453797623242
2018-06-01,-0.5622745639222364,-0.319069914702821,0.15102701786195075,0.0640723864014509
2018-06-04,-0.6380382869427277,-0.18414954142630255,0.31331846997293883,-0.148963070194885
2018-06-05,-0.6165599825837298,-0.2547054218547875,0.20388424380761463,-0.10110128166662187
2018-06-06,-0.6506303043814751,-0.21640241967780074,0.45598088723588354,-0.31862110312038544
2018-06-07,-0.6348126638903809,-0.42792308480350594,0.16487537894387366,-0.3672030525916949
2018-06-08,-0.8047324946326045,-0.6588906520970917,0.061530914181700175,-0.2910036480902566
2018-06-11,-0.8121022850494538,-0.5567767084471352,0.1640039853054852,-0.5180219180898353
2018-06-12,-0.7908719203035938,-0.563743458177757,0.14838450132316738,-0.5234484247619955
2018-06-13,-0.8100163981781239,-0.26992418907882226,0.3448739862410806,-0.6969879854924859
2018-06-14,-0.7069150247723335,0.2742934743938449,0.6150970303691082,-0.7778966558042155
2018-06-15,-0.7132338318867537,0.32819265706016215,0.5736858766602011,-0.6959304242089657
2018-06-18,-0.7258098613161718,0.3875445397600719,0.7165575698860938,-0.6055898170581102
2018-06-19,-0.719879015169448,0.2596569962785291,0.42605368150674255,-0.35383918559493177
2018-06-20,-0.7293879117345452,0.0235558103869435,0.35451588210025087,-0.5377598915696813
2018-06-21,-0.725466586334375,-0.05181612962884952,0.23280136599140053,-0.38276484070056815
2018-06-22,-0.8060186652896446,-0.07259236428958606,0.524442925709771,-0.36257548156079267
2018-06-25,-0.7733867524243002,-0.3660830811520241,-0.22820095142493335,-0.07381175727566178
2018-06-26,-0.7763948062703984,-0.31837157089578716,-0.1064922139443173,-0.012350414654935183
2018-06-27,-0.7821682436553526,-0.11952403945805648,0.12743559928855588,0.27736642327437316
2018-06-28,-0.8078192008872677,-0.22389363581014216,0.14150526816338355,0.7124921993875424
2018-06-29,-0.847799643508018,-0.03906988419045155,0.7170489425078718,0.5876876492390789
2018-06-30,-0.3664076761363682,-0.3678399521052761,0.272890595465171,1.0660964415108425
2018-07-02,-0.23680544697776276,-0.7305423528663691,-0.21154075835170574,1.5113490598455661
2018-07-03,-0.19267167384168934,-0.4703626484739095,-0.28637139102766423,1.3758424920742687
2018-07-04,-0.18265671054646657,-0.5449500067097873,-0.41219360166694646,1.368107481562494
2018-07-05,-0.18971513736663137,-0.23837598314672384,-0.1977418456995345,1.2150588176723771
2018-07-06,-0.16794354657858104,0.05289235230626533,0.0643032683695078,1.1963703823458027
2018-07-09,-0.38616621371867005,0.1609513081817851,0.05650537455674857,0.8250282162058807
2018-07-10,-0.37408150257821926,0.31916530066586857,-0.01913378262722099,0.5417313360558039
2018-07-11,-0.3586249252534281,-0.004989435098166541,-0.46539438821322143,0.9023459528410059
2018-07-12,-0.34060568903666644,0.1326589438429739,-0.19214097055934273,0.646195386160192
2018-07-13,-0.3688989785610163,0.2205878631835729,-0.061319212971207994,0.6723169455774404
2018-07-16,-0.3671348537887551,0.472370208108298,0.026968094273639012,0.5395082676411063
2018-07-17,-0.41265163022080503,0.7402057339667661,0.16751855763903817,0.4948320689436887
2018-07-18,-0.5437885931604254,0.8060625236264639,0.13410881296701954,0.4147013892400376
2018-07-19,-0.48937487824315723,1.0025357963487567,0.12764702740436454,0.5288364244857172
2018-07-20,-0.5483009838188733,0.953242998047448,0.08276905367511352,0.3851375023817963
2018-07-23,-0.5810798891307724,1.159931086596138,0.30892371038312516,0.23135511146557897
2018-07-24,-0.5681623304085563,1.361251606804204,0.4300319615903994,0.054190973497068334
2018-07-25,-0.6221751878485016,1.6993929185267826,0.6563716537448605,0.1195393414416787
2018-07-26,-0.5901791966500016,2.0256457776063046,1.0231777739199373,-0.20529705391721714
2018-07-27,-0.5728875125307277,2.0791834369159883,0.7884303458514745,-0.22977094581321364
2018-07-30,-0.5584084847360931,2.1389635548847155,0.7356079720533287,-0.15183287543197996
2018-07-31,-1.2606026746968468,2.191649314334195,1.0333130473178211,-0.025034927803029523
2018-08-01,-1.2605533701501184,2.0096883297756443,0.7783825832739429,-0.10248095321210346
2018-08-02,-1.232614981316128,2.023871957263481,1.0757494014429227,-0.11677908653796462
2018-08-03,-1.3675332772134265,1.8505206870525115,0.8368245923097125,-0.1701382650564982
2018-08-06,-1.3255749293946781,1.7478631351967726,0.6890502096044405,-0.17408818067820386
2018-08-07,-1.320879608301241,1.57189924106693,0.5878729311362889,-0.505775090846634
2018-08-08,-1.1712290423921594,1.3269460318612316,0.5584166175987262,-0.40025510237708345
2018-08-09,-1.1208649260568853,1.399717960758433,0.7812568168116928,-0.38243145641922605
2018-08-10,-1.089074316334683,0.9225575203073868,0.1182848579843365,0.26169566674198397
2018-08-13,-1.0499512252283039,0.6675633891055893,-0.1562875680397698,0.4054495486989423
2018-08-14,-1.03145032561324,0.7349361051596447,0.13383266576506592,0.22609463859079204
2018-08-15,-1.4573857198546487,0.5529476822242733,-0.06941131128318373,0.5376460537561075
2018-08-16,-1.54128159796629,0.7226084498236719,0.25002455417657443,0.22831707420621844
2018-08-17,-1.5656490581569775,0.8432610020802993,0.12628223633731958,0.20044885357299602
2018-08-20,-1.5284718091144718,0.7881822242419221,0.07264030795885802,0.31152936774865553
2018-08-21,-1.5247157270837506,0.938083839127036,0.028234315091340008,0.10103773477725685
2018-08-22,-1.5185158773035234,0.7364041699749081,0.06309629078668805,0.11023851791594275
2018-08-23,-1.5447781315489302,0.679370037340611,0.3183223535214375,0.09979561027510024
2018-08-24,-1.519075364862736,0.4062791591644031,0.1730205719538656,0.026889119723294518
2018-08-27,-1.5368318421128535,0.5527691055292503,0.35714976106112234,-0.09054392430756134
2018-08-28,-1.5124381642870353,0.5103884829585629,0.21871534256996752,-0.15868087894763164
2018-08-29,-1.4782814249831304,0.5598648183112959,0.07550265733488432,-0.22858071098223473
2018-08-30,-1.44232529847246,0.3581807144489031,-0.25526973298497097,0.05447087306366111
2018-08-31,-0.4281050139631698,0.2340018431896851,-0.05642527130103093,0.38602858368710224
2018-09-03,-0.4265397144834462,0.31030213052982764,0.018479486076183996,0.3928358949074495
2018-09-04,-0.28859662346891574,0.12374763523012504,-0.20368674361592162,0.28954975727368615
2018-09-05,-0.288910470120058,-0.06810194736422814,-0.5615206580540796,0.49413390398206714
2018-09-06,-0.2691206031666399,0.05333116242613914,-0.6305097343051371,0.608856764769685
2018-09-07,-0.28535829676630026,0.04134187549604078,-0.603518832475954,0.4517784690977432
2018-09-10,-0.3174612344983642,0.48866184854652367,-0.22305444051748877,0.31616035151806116
2018-09-11,-0.3476879086611318,0.6230466907073791,-0.0068571355450439886,0.03178323274780371
2018-09-12,-0.347594037633418,0.724747842301671,0.019396090424033906,-0.13087191840271006
2018-09-13,-0.4059864038136343,1.1359013620434222,0.5805172092855596,-0.31058761513236305
2018-09-14,-0.3980793047345284,1.059322078507494,0.5900544573681131,-0.589820970581844
2018-09-17,-0.4064857315739806,1.004522601999123,0.5618631283727629,-0.5899541015446834
2018-09-18,-0.42907195902570355,1.0484068155970852,0.499548114229397,-0.7535916432769542
2018-09-19,-0.44629231234915506,1.0007636593666587,0.5556123581007171,-0.7669796500109628
2018-09-20,-0.4164465681883936,0.6674363533218518,0.60559461787105,-0.7460309927945806
2018-09-21,-0.39465609051354256,0.8677638673827753,0.7622070344532628,-0.7493501804198872
2018-09-24,-0.30803749527552354,0.5304012981081279,0.6153497125699493,-0.6022708628075767
2018-09-25,-0.2979093915300489,0.518683037541306,0.30692115944301285,-0.6832367547074072
2018-09-26,-0.27038021934168294,0.7304823736787749,0.3393466278993705,-0.6579452440725552
2018-09-27,-0.3040970693569868,0.9179916996540743,1.2843117258167138,-0.7179676564575547
2018-09-28,-0.3365508996774076,1.1631250740728836,1.7506749940949917,-0.707370004640961
2018-09-30,-0.1519652049429457,1.3877137683641099,1.676579298929371,-0.5636282945551478
2018-10-01,-0.45946162342748725,1.1517117459511927,1.702250659763278,-0.7851663573679323
2018-10-02,-0.4522225603720762,1.0591310089537609,1.3081508065502794,-0.7767336647053102
2018-10-03,-0.2877198247814487,0.9220804413403847,1.284914539167634,-0.8990861733029961
2018-10-04,-0.24890826128850427,0.537096620240914,0.5791296198993047,-0.4005163501812189
2018-10-05,-0.321952165417436,0.2986445141721068,0.3038856791340794,-0.2617575805755455
2018-10-08,-0.2728250189101984,0.11751971044684854,0.0004432241432494391,-0.254187761774164
2018-10-09,-0.2749710582979279,-0.07007538722579473,-0.47745004910454375,0.23022070000014552
2018-10-10,-0.24893535476256085,-0.6231886816156694,-2.0541603239200925,0.8538331387122249
2018-10-11,-0.3325053435440786,-0.9858374939810297,-2.354734019346433,1.3952628545537973
2018-10-12,-0.3455680857772413,-0.9566583677116994,-1.724427650729856,1.1450801316520265
2018-10-15,-0.3991034836883074,-0.9005315008516241,-1.6693391527823036,0.8002688482447795
2018-10-16,-0.32275752607432523,-0.7827255664879087,-1.1413141953627297,0.5762518955118825
2018-10-17,-0.3588328195309206,-0.9398470791146998,-1.2375112962159727,0.5928634164412632
2018-10-18,-0.3166797760862691,-1.1238055307512271,-1.885251786265499,1.034856271131436
2018-10-19,-0.3278086273022027,-1.3029015000052555,-1.9604039282720647,1.0404949152241123
2018-10-22,-0.3107609307445941,-1.2799117759790883,-2.013941086734462,1.1517023390048025
2018-10-23,-0.34101483077857236,-1.5471061007977085,-2.2960020517369246,2.079931233572819
2018-10-24,-0.35355868368225724,-1.606303569984473,-2.9619766811059285,2.1305550167451126
2018-10-25,-0.30793661013300655,-1.9847916860628487,-2.683555577207459,2.431624646558097
2018-10-26,-0.3146770561139957,-2.1923111539414015,-2.823017015868951,3.0
2018-10-29,-0.2755082460960358,-2.0163711827394475,-2.710240316432679,3.0
2018-10-30,-0.24857528211600036,-2.1876474316752175,-2.584380003416213,3.0
2018-10-31,-0.33127696054232864,-2.1038863622423047,-1.9985566183358254,2.671374022759922
2018-11-01,-0.34992314004293834,-2.0088033449994778,-1.6466650359729538,2.546194147369112
2018-11-02,-0.33049732311693414,-1.5899581342909799,-1.1982984778034949,2.0271488685687746
2018-11-05,-0.26707958654198555,-1.2318742084191565,-1.0406188298779135,1.988110761005938
2018-11-06,-0.2852190851419703,-0.9786033909832331,-1.0002444651374423,1.7639148124292208
2018-11-07,-0.30522869846189976,-0.6171580208067765,-0.447063056468097,1.343979701469363
2018-11-08,-0.2888809643098495,-0.445930597003371,-0.19437010187888323,1.1487777462279185
2018-11-09,-0.23926342334645087,-0.5351905508238043,-0.6226851389242918,1.8419712872829337
2018-11-12,-0.2437489283182184,-0.6711107483812804,-1.045540740304685,1.8142099243062153
2018-11-13,-0.20740818026937577,-1.2441494679986518,-1.4050106394413944,2.625697416730576
2018-11-14,-0.1624100109433276,-1.7462201333953777,-2.014975796514067,2.831155421348458
2018-11-15,-0.13917544241209573,-2.1624039714934393,-1.6852252934866738,2.9801443203547313
2018-11-16,-0.14365922250026825,-2.0410043845621706,-1.5788546435836324,2.981419254230471
2018-11-19,-0.2124894619644069,-2.2583761048614,-2.009565372316184,2.9778058005242527
2018-11-20,-0.18178679324191796,-2.5697852570173954,-2.4924666409075944,2.9267358437442232
2018-11-21,-0.2776686559311371,-2.104897924073609,-2.0736853512013522,2.643026718294107
2018-11-22,-0.3017645720318295,-2.1225547874968336,-1.8895992482559851,2.578337935741135
2018-11-23,-0.2933576433364908,-1.9920914054530285,-1.9102291110687024,2.5626951523167056
2018-11-26,-0.33679942060739276,-1.5799090455191627,-1.4119885669954704,2.4365142470666865
2018-11-27,-0.281522077806863,-1.7022611609878109,-1.410748968371711,2.5184917181540234
2018-11-28,-0.41207691196384677,-1.2263811985316506,-0.8737424431440622,2.342450981316576
2018-11-29,-0.47457113866445155,-1.285384428863777,-0.7527830814509326,2.2073536015288515
2018-11-30,-0.6323502508682805,-1.4684935626762343,-0.7726448522104092,2.245016208959744
2018-12-03,-0.5867592533792526,-1.318534941427123,-0.6511201658885813,2.004623290123289
2018-12-04,-0.5674442939164575,-1.7319275309154558,-1.5695741958256422,2.076606371737601
2018-12-05,-0.5599691043214593,-1.818022393544701,-1.626935869805178,2.0332486940877654
2018-12-06,-0.5128682630752969,-2.284579358589669,-1.7620972985214687,2.2535113064254646
2018-12-07,-0.5772668954663989,-2.2673608492384285,-2.0706052131879344,2.129717246681322
2018-12-10,-0.3532559988017125,-2.126105445806387,-2.0601493256763037,2.209304653353825
2018-12-11,-0.322516848123114,-1.9182801169141008,-1.9653289398203864,2.033567359470188
2018-12-12,-0.3369612542590332,-1.2947911447385807,-1.463760460139325,1.9141042051596642
2018-12-13,-0.29721703081335576,-0.8600059319367467,-1.101052187339577,1.903259146221793
2018-12-14,-0.3181018063210526,-0.6676244169106128,-1.2766708728356684,1.9622320669175224
2018-12-17,-0.4215856531499847,-0.6058664243095417,-1.2655477557086074,2.1160463043008306
2018-12-18,-0.3094346326858872,-0.4679959708459113,-1.2725473814014923,2.2681454206913227
2018-12-19,-0.2456574839836001,-0.4112774399175986,-1.5121384857913258,2.3610487921147625
2018-12-20,-0.2717777771224955,-1.2186165210241666,-1.8217659682679515,2.6533918718576124
2018-12-21,-0.3561584871893123,-1.4441278331291727,-1.9056881687998921,2.686835123425266
2018-12-24,-0.2739521161956596,-1.499465497954449,-1.9002938290934543,2.732036406534704
2018-12-25,-0.40456890984166743,-1.5310185132104022,-1.8832248759328492,2.641483833104721
2018-12-26,-0.283113079222984,-1.263059469924715,-1.7106395497772608,2.611699713839551
2018-12-27,-0.2770216359488603,-1.4274013204805942,-1.831573355478529,2.487682424079325
2018-12-28,-0.22538301465313873,-1.222085141155272,-1.4893606257464194,2.28092654917461
2018-12-31,-2.4927339551241423,-0.9451110156989122,-0.9747715597552802,2.2210340716633987
2019-01-01,-0.11578954959728201,-1.020239556126549,-1.01498451231944,2.1682802225794067
2019-01-02,-2.3059771775252744,-0.7630499296418268,-0.74920290236341,2.0883687323653612
2019-01-03,-2.2530726794845304,-0.8158351313051315,-1.0403455830568955,2.064009084562144
2019-01-04,-2.0784742754833947,-0.06776374794064366,-0.3447539848863125,1.6423498955473164
2019-01-07,-2.028302202473956,0.3788351894531545,0.044075940193837995,1.4145297450873517
2019-01-08,-1.9688853816961551,0.7025300923923902,0.36569893347543087,1.204312765693593
2019-01-09,-1.5492428879873494,0.8678376313333305,0.36253920062696415,1.0363082860964645
2019-01-10,-1.4644816090833148,0.7913522273292688,0.4121454369836128,1.0775234271300336
2019-01-11,-1.4388191857612027,0.7178002436806173,0.34044464595903157,1.0570585538734394
2019-01-14,-1.3468373124800495,0.702261844236628,0.2547845887155083,1.1217970826119632
2019-01-15,-1.390151470139471,1.048834319816941,0.7108375843846153,1.0436858467785992
2019-01-16,-1.3028856771011996,1.3489177044851737,0.8574392159038299,0.9050056526574752
2019-01-17,-1.2356911029880775,1.6920915391588818,1.3003357576983485,0.883178941532995
2019-01-18,-1.271053722101808,2.350397801843057,1.753655249132225,0.7626030475864991
2019-01-21,-1.2159123080367071,2.4914241693571957,1.8537250563759156,0.7578285918223516
2019-01-22,-1.2014497412926382,2.4511221225537767,1.5041067413730724,0.9147759070436243
2019-01-23,-1.2004045334831457,2.4832523243205,1.605082535631981,0.8922302884529425
2019-01-24,-1.0040773762733795,2.4762902475225856,1.6192950525252694,0.9501514966393786
2019-01-25,-1.0138294330218824,2.5861519879425434,1.7958558790552357,0.8205585104698134
2019-01-28,-0.9843991817042763,2.405772797154613,1.4505689227973513,0.9075113322339534
2019-01-29,-1.1805811036700224,2.385359037015844,1.3769815174243183,0.8587208902676001
2019-01-30,-1.2905732738954423,2.5051626123588555,1.577202314049415,0.7745992427817507
2019-01-31,-1.6146899132956403,2.6185948493546567,1.9731026802540974,0.773924087688056
2019-02-01,-1.1935387317308213,2.615038884467302,1.8507141285885544,0.6487303476574965
2019-02-04,-1.3472032603758575,2.376212739816371,1.451970040254492,0.6304854943348803
2019-02-05,-1.3971903805705097,2.3154276852239906,1.3454967883097888,0.5044206661626878
2019-02-06,-1.3112114539822988,2.1164245191310975,1.1548967875991503,0.49310196142844437
2019-02-07,-1.2939916438559271,1.6948022406370074,0.8831310251634843,0.637957386191891
2019-02-08,-1.1460202312080594,1.742325345452648,0.8989035602252383,0.6633237095741008
2019-02-11,-1.0934244342841264,1.6622637336184967,0.974451600336564,0.6095507418932067
2019-02-12,-1.1529788548883486,1.8526981187516882,1.2467717844358779,0.4806594229408721
2019-02-13,-1.1803277605283355,1.7663501771264387,1.161619382396458,0.4385297152176671
2019-02-14,-1.6752564416670772,1.6612731201495619,1.072537517505576,0.45838587492464244
2019-02-15,-1.7124519097040256,1.6811167405713932,1.2661989669587004,0.40643175145158345
2019-02-18,-1.6254351431648864,1.5031075272345622,1.1023900507002606,0.40338831887865956
2019-02-19,-1.5834301159162512,1.552553509295566,1.0358622927821495,0.36483264036901464
2019-02-20,-1.6227988004896037,1.6193885111916175,1.2433550665859492,0.33062324381754
2019-02-21,-1.709266408334265,1.457983270974322,1.1247282457127574,0.3117533156391333
2019-02-22,-1.6626818417113665,1.469634772069576,1.170140706987138,0.30254709829053544
2019-02-25,-0.2893305544265474,1.3420305453209347,0.8671478183130965,0.23289218468774245
2019-02-26,-0.39056538728542883,1.393245918620955,0.921990520716507,0.23024831838759932
2019-02-27,-0.29622565217463387,1.3551292068107421,0.9879327896718847,0.15399526626521073
2019-02-28,-0.09147841213156806,1.239150908854936,1.142095104729952,0.15230253727495918
2019-03-01,-0.25093299691273424,1.2049470830961777,1.0512624101381856,0.11311206216002422
2019-03-04,-0.23450516762619464,1.1688349987250475,0.9087411124236727,0.17849426316974557
2019-03-05,-0.026229900675302373,1.0649817512445683,0.7814025837372157,0.18833243118725007
2019-03-06,0.04836411140416344,0.8859398942022711,0.5585667286549242,0.28026334280886483
2019-03-07,0.0795816550847718,0.811532190978372,0.4233037934883243,0.4286266042614979
2019-03-08,0.15836273872335713,0.8927325201317898,0.5516719469574968,0.5298913507444721
2019-03-11,0.3131089137620368,0.9706424776442083,0.7775325429917509,0.45448154550613956
2019-03-12,0.1926275691698544,1.046615789370636,0.8165263434455724,0.371631654579834
2019-03-13,0.27588023693860386,1.033827227397399,0.8942344983271251,0.22046721587303592
2019-03-14,0.23738877533277597,1.0331566852781406,0.9407328025395965,0.16986230257350476
2019-03-15,0.20121231741908288,1.1019630338136828,1.0883946313529884,0.14222947084241788
2019-03-18,0.253511867371789,1.0854131536260265,0.9932807145420245,0.15938412259066695
2019-03-19,0.25340610064082175,1.1498247155554466,1.0327755573820185,0.08811624101008264
2019-03-20,0.2764701322064391,0.986084938616868,1.0793625863804137,0.13539126024897005
2019-03-21,0.3725402055160564,1.0496257094544847,1.090655710528799,0.051604737843686674
2019-03-22,0.4750525129981055,1.014597416128028,0.6821162890881619,0.20889817513897393
2019-03-25,0.5284576597586754,0.8902511248799889,0.4580678893317505,0.35425329897206276
2019-03-26,-0.7385581828752268,0.8878404151633316,0.5833237728544258,0.3116079588704057
2019-03-27,-0.6598665414108916,0.856834133507381,0.5412210586920583,0.24026242932577316
2019-03-28,-0.7203435920286192,0.8156413278855882,0.6420767491657106,0.24843018266422093
2019-03-29,-0.66967431312661,0.9055606896816497,1.2119048405880544,0.08426022216768685
2019-03-31,-1.785554022700725,0.4874982224219911,1.1311917872414898,0.1993922024761372
2019-04-01,-1.2530241310405061,0.7733911219602603,1.0390197047889542,0.04384951533080387
2019-04-02,-1.208016913001162,0.6971601401958144,0.8186760159525223,0.0412634979028095
2019-04-03,-1.409876465303228,0.7888732083252245,0.8440757633462563,-0.027973842574434263
2019-04-04,-1.3199853660828342,0.8430687789479709,0.892756018415902,-0.03297291954796768
2019-04-05,-1.2780013128505439,0.9854625705808406,1.0674057799619872,-0.11824821449514798
2019-04-08,-1.3453946544824444,0.8716796404982899,0.9264763253924418,-0.14519923448991182
2019-04-09,-1.3471551043967982,0.8211266739472872,0.7514208298698238,-0.09272853041702267
2019-04-10,-1.457758294382441,0.8623706587114263,0.8251547101159293,-0.12362263945887234
2019-04-11,-1.3424824643981166,0.8551309762728194,0.8119690024658229,-0.2807042820188551
2019-04-12,-1.3707834518670097,0.9098015057743049,0.9911116078250097,-0.5429637247074908
2019-04-15,-1.2791345184800538,0.8744789763822126,0.9855022113061098,-0.5605253571571726
2019-04-16,-1.4395044711513665,0.7967935120912356,0.9193354062551244,-0.6512175257973337
2019-04-17,-1.3899364980386772,0.8608482351885592,0.910734602257399,-0.5701384029922816
2019-04-18,-1.312429628368172,0.799160287519485,0.945620515642,-0.4099144735472695
2019-04-19,0.17944861120572064,0.7962899304080391,1.0446911395133,-0.4098052259970585
2019-04-22,-1.3955044787951911,0.7576057403679184,0.9485612242926339,-0.3935349129283457
2019-04-23,-1.3354537831035505,0.7365633829005347,0.8936446974094046,-0.43806029128402313
2019-04-24,-1.2842799656949269,0.7559819095418021,0.8017209521944596,-0.44495073243327576
2019-04-25,-1.322252692705852,0.6788369576475862,0.7347209381506603,-0.3748084280510605
2019-04-26,-1.096444673199378,0.6325911198612327,0.6851129754895903,-0.3966918520665951
2019-04-29,-1.045907137863975,0.666106760690663,0.6904765544231843,-0.47539487500282035
2019-04-30,-1.6281281749209255,0.6139653575553025,1.0381810988809537,-0.4523167278835683
2019-05-01,-1.4695195492089825,0.557471515581296,0.5426491796661383,-0.5214266141314184
2019-05-02,-1.3633668063694073,0.4207078388506463,0.41257690548855913,-0.3791665237089157
2019-05-03,-1.3010124128545975,0.48069113536262004,0.4876073676734814,-0.4665987482280401
2019-05-06,-1.1769774800678465,0.37900499440088753,0.194565207613681,-0.19315481779693222
2019-05-07,-1.0468315058162119,0.24637788927423648,-0.19275283463093384,-0.011759209943796698
2019-05-08,-0.8092042361440485,0.13655299592586997,-0.2269304850132957,-0.02707156321412384
2019-05-09,-0.7730027909338527,-0.07121970487792617,-0.43539912519170676,0.241655342315604
2019-05-10,-0.8797017860827879,-0.13856025412008832,-0.2110625077062235,0.3130288009758511
2019-05-13,-0.6533433476505377,-0.46341113315872756,-0.9549580783276521,0.647148826697856
2019-05-14,-0.5600367585000849,-0.4503831366088372,-0.68344053587446,0.5148235577168883
2019-05-15,-0.6877004372302518,-0.42254393532160545,-0.4751464747303734,0.5431561617652838
2019-05-16,-0.5981582860706404,-0.333480289417227,-0.29023253658539244,0.3399897575704707
2019-05-17,-0.4230070580062694,-0.368235192954325,-0.3432491995250161,0.3436119465591227
2019-05-20,-0.37835174035073915,-0.3973399639968844,-0.4152817314712892,0.3548198402356225
2019-05-21,-0.40499618032491635,-0.3122055350403585,-0.23385638689950952,0.18515197474025494
2019-05-22,-0.30590924126231944,-0.37754583915955414,-0.3235536426387004,0.21985599986005236
2019-05-23,-0.5592904582429505,-0.5735855736788427,-0.6449024614158116,0.49851343484469307
2019-05-24,-0.5571261510596619,-0.511471051423146,-0.46744041483784765,0.37188641681928647
2019-05-27,0.985076534753172,-0.5716163149919143,-0.47132649301941976,0.3680927835716865
2019-05-28,-0.3867271362402755,-0.6370525195779733,-0.6589857716316508,0.3568779889516251
2019-05-29,-0.38583605107981,-0.8163276869673463,-0.8679688129418816,0.6096760368867167
2019-05-30,-0.3480872945499842,-0.6839244154752523,-0.7882554821533445,0.49820749127180486
2019-05-31,-0.5625446531235182,-0.8392970165181648,-0.9443288612612298,0.870379394839136
2019-06-03,-0.5789768465509156,-0.8952453103337304,-1.1864842008787881,1.0295870681252424
2019-06-04,-0.6081570701275455,-0.6735043931372698,-0.6969272355464136,0.6883126200834772
2019-06-05,-0.7793199205123408,-0.5029757096806694,-0.5232097691037927,0.6085812343768836
2019-06-06,-0.7446621860462622,-0.4247714979484788,-0.36271218236598674,0.4329222291221582
2019-06-07,-0.8252551818072368,-0.22452045260820389,-0.1800873849097135,0.2930881787974191
2019-06-10,-0.6118073096635035,-0.058962972450306884,0.0002289152804175633,0.12248267207406507
2019-06-11,-0.49001215295906086,0.15000411047266887,0.33343949509771775,0.04727148380593027
2019-06-12,-0.5185148696849453,0.038967003768984335,0.19987415603561146,0.06498972863875227
2019-06-13,-0.5112997587505718,0.10143474997008539,0.3275669425744743,0.08539904215328153
2019-06-14,-0.3285624826059269,0.08836391888666727,0.21792252622459288,0.052964103103484726
2019-06-17,-0.4125701976313481,0.12084748419310344,0.28297077157769734,0.060291102244292696
2019-06-18,-0.4093979898000435,0.4323516718666338,0.4971773054563799,-0.13410533994827123
2019-06-19,-0.48053465065317974,0.4826488104763521,0.6104828892067861,-0.1361248599264368
2019-06-20,-0.6206968827820855,0.713720475765892,0.8430326722456616,-0.391018621001039
2019-06-21,-0.5818917345573491,0.9283288149994128,1.063117083127167,-0.5617945974724725
2019-06-24,-0.4527162000446578,0.9171823187954147,0.9436829549003918,-0.43650141192083086
2019-06-25,-0.47955692168424646,0.7439930748767539,0.6556158487644423,-0.24643605637682972
2019-06-26,-0.4943484495679662,0.7851363755510252,0.7783427921146432,-0.26323554382180514
2019-06-27,-0.4546815713183291,1.0942754997157302,0.9207470938697428,-0.1974762245341933
2019-06-28,-0.46115282680061864,1.0924522703557682,1.2028000184234722,-0.24997482585680073
2019-06-30,-1.5164999030664104,1.1587371987158008,1.4501571915189755,-0.2527668029865744
2019-07-01,-0.7515801698762563,1.4651067101721882,1.4948480991697672,-0.45793218722833423
2019-07-02,-0.6267746745722539,1.307986938409534,1.3111281656252036,-0.3759316458663748
2019-07-03,-0.676202521109871,1.266444746560852,1.364615569808306,-0.45866608774419215
2019-07-04,-0.6354370316836143,1.2268607776529985,1.286115883842353,-0.454621523884082
2019-07-05,-0.6217822815386291,0.9985499383397911,1.1114638815669633,-0.4529360585464485
2019-07-08,-0.42463788962500554,0.7524117568083286,0.6161000608701149,-0.36740206266770803
2019-07-09,-0.4750521339495557,0.6391377082218618,0.45293206184412943,-0.25244703177782524
2019-07-10,-0.48471783987507305,0.7325342416486998,0.7550033680266381,-0.31630809684103284
2019-07-11,-0.40601525278027484,0.6626553383625529,0.6680652893287738,-0.2636389746931164
2019-07-12,-0.36912946904578575,0.6636421905309988,0.6752053931805778,-0.2129373274605184
2019-07-15,-0.3479740726035132,0.7028758742858606,0.7893005550813862,-0.3069519813736877
2019-07-16,-0.30021340457436185,0.5137276221867766,0.5973403616817841,-0.41878727898181173
2019-07-17,-0.2331312702374128,0.4628081310777922,0.42594987773649196,-0.3077088314277445
2019-07-18,-0.16017116475872625,0.24427472228278163,0.3828444440701541,-0.051230432189874615
2019-07-19,-0.2045179769225379,0.1459435716669498,0.14349995037862437,-0.10775521298306333
2019-07-22,-0.19975896715479385,0.1808855404543066,0.3053371186868146,-0.14138523328531424
2019-07-23,-0.2875997012931101,0.3402802613669619,0.602788334748353,-0.33933881841983027
2019-07-24,-0.25730081554058953,0.4185031951577442,0.5860287919153797,-0.42222942596293844
2019-07-25,-0.12549741056327843,0.3530094886375981,0.6293703478408317,-0.5381366128236669
2019-07-26,0.019365643615888314,0.36612432306575393,0.6752652588179018,-0.6840488157089376
2019-07-29,0.05295699576573547,0.3491545959090806,0.5641290439537663,-0.5470553120169843
2019-07-30,0.16374633427928084,0.1606861782070558,0.3461652734365193,-0.4188130476059245
2019-07-31,-0.12440355477652315,0.1293949075955269,0.3716297431767278,-0.6104091312678155
2019-08-01,-0.005803180444336105,0.015613793779372104,-0.47833742128852197,-0.1843446253702914
2019-08-02,0.08902817319141275,-0.09344445288742906,-0.5326633703537972,0.013460869460861627
2019-08-05,0.21844947621919622,-0.41451151922739016,-1.551075650910308,0.7470593810355688
2019-08-06,0.18277709414712875,-0.33065301364725325,-1.0906644269784087,0.4844669199849135
2019-08-07,0.19607150135984186,-0.3309935401106725,-0.9404385862340982,0.6348884186218102
2019-08-08,0.4595120510233715,-0.18503452234865939,-0.5898844933567893,0.0780719741382676
2019-08-09,0.4985876228636782,-0.2435593318214569,-0.6597255374532472,0.11192120991573269
2019-08-12,0.7028061045020945,-0.35586820204416636,-1.104716172880679,0.22027837621851631
2019-08-13,0.7761578604331952,-0.18891781803417096,-0.4362932042007455,-0.09940559812377808
2019-08-14,0.9366147936372278,-0.5105056957064966,-1.2339741468958363,0.36058844668462975
2019-08-15,1.139682291350331,-0.5039995585757561,-0.9242801599431874,0.3455628006164559
2019-08-16,1.1538901926358025,-0.30149385473706863,-0.49284442948463264,0.21214211658000617
2019-08-19,1.2722306240703922,-0.138232809539856,-0.23883851909312173,0.027136429947877166
2019-08-20,1.0529209414905514,-0.21003648785436796,-0.36626012360424504,-0.039988704754266004
2019-08-21,1.0258709900147935,-0.07718155433371936,-0.2383007712505897,-0.3314611358253811
2019-08-22,0.885068778754016,-0.07128835899819506,-0.26281627961195775,-0.4465240907768307
2019-08-23,0.9578664978225497,-0.16898108408573842,-0.7752188406213483,-0.24448166515359704
2019-08-26,0.9508539357566171,-0.2008079676520996,-0.6831922354641907,-0.3301905484513769
2019-08-27,1.0097879486522472,-0.05745268105760047,-0.5511931226246021,-0.4440005400143364
2019-08-28,0.9487343675832988,0.031541408483223524,-0.3801626420722081,-0.49249910072356884
2019-08-29,0.8003466232999867,-0.017968890230157845,-0.17762100874419726,-0.7518530251752132
2019-08-30,0.9956261246525426,0.12990249050091085,-0.04246309613845456,-0.7152287566153002
2019-08-31,0.508825988556468,-0.17864197520796002,-0.0023444940302930475,-0.5816551706657177
2019-09-02,0.5004446114280628,0.5442475404701406,0.3614532459094165,-0.575800695101533
2019-09-03,0.54110952768461,0.35597916007872704,0.01709590935620513,-0.2719200079277917
2019-09-04,0.6007360099311368,0.5391231582174754,0.36811115422792506,-0.26686738915927405
2019-09-05,0.7426088292849437,0.4216209893330892,0.5160750288058774,-0.7282242856484339
2019-09-06,0.739738302244498,0.4978959108028711,0.6301135647406866,-0.781853456625671
2019-09-09,1.1787415993948238,0.5771001070559342,0.7899426665819974,-0.9102627424671736
2019-09-10,1.060678434812114,0.26331537955911344,0.6749582140935708,-1.132809472889552
2019-09-11,1.0755812836236789,0.553055354484927,0.995213534106884,-1.0146988488759558
2019-09-12,1.158421807673566,0.6563709156185437,1.1010242763332565,-1.1919933770937816
2019-09-13,1.0152653151058186,0.4463436194376677,0.9912964692141266,-1.117104841223195
2019-09-16,0.9658656623256073,0.3576973410738358,1.1308971029083097,-1.2618655968371257
2019-09-17,1.060740899304538,0.35701977321719525,1.3091615136666468,-1.2683156443996524
2019-09-18,1.4297111416637311,0.2448229105923068,1.213517540904912,-1.221046663780529
2019-09-19,1.4414171392170816,0.18287829662996702,0.3112318295722567,-1.410722105764005
2019-09-20,1.481904630778704,0.023652313032056903,0.17582646760775197,-1.3180849423039003
2019-09-23,1.5324409692264842,-0.030227757282409715,0.12251483649371132,-1.1882173190868355
2019-09-24,1.5726846457097436,-0.14716743581172884,-0.0601773779479906,-1.0299451884474182
2019-09-25,1.5823918602956382,-0.34890685389120857,0.10796413717065131,-0.8866980623160384
2019-09-26,1.6222271066462208,-0.4301731219605141,-0.2295734105255754,-0.7738581189248122
2019-09-27,1.7032928469528459,-0.5380576720474263,-0.5717588176709482,-0.6290502741962205
2019-09-30,0.9370112634807486,-0.45384930988456484,0.30961505783653265,-0.5088952237192844
2019-10-01,0.8068550639982298,-0.44619008687555906,-0.5917910967973559,-0.3206639686060559
2019-10-02,0.8220207715437414,-0.5962995681837948,-0.8808112008072473,0.2529011966266158
2019-10-03,0.781313131285889,-0.6784183886709872,-0.8547740267457395,0.48228992068843557
2019-10-04,0.718212555782235,-0.6849303275796058,-0.7454286556735137,0.42144132557202624
2019-10-07,0.6553865293454156,-0.7108423648731478,-0.8273513453803751,0.26612651112956853
2019-10-08,0.9951869640816445,-0.822747190171122,-1.2027684622815762,0.4520311560869552
2019-10-09,0.9316604629175599,-0.7509666215586818,-0.9830858825358215,0.3100307760964919
2019-10-10,0.7355579826220905,-0.7140729748084264,-0.735316972821044,0.2538512570427765
2019-10-11,0.7488795225436793,-0.5986282787711436,-0.3223397355666853,-0.17968567233605284
2019-10-14,0.738459387791415,-0.5914489420754526,-0.2742377290547359,-0.24491227406094349
2019-10-15,0.7181638365015409,-0.5036658748968739,0.20013110835644557,-0.4510882059438611
2019-10-16,0.682481298430719,-0.45214541326473867,0.24793055329464853,-0.5103872701261014
2019-10-17,0.5352386811328784,-0.48901852436739335,0.07938559550074294,-0.5282007910686226
2019-10-18,0.49906369639070264,-0.5122300890124496,-0.08411967129258927,-0.4279961116007748
2019-10-21,0.45835064150635096,-0.3039700659594251,0.01183425561766413,-0.5594965143688078
2019-10-22,0.4338623868715327,-0.2445740522993957,-0.05420334379686616,-0.5607919213624402
2019-10-23,0.41666605161034886,-0.15010086437450287,0.12950753757311198,-0.5855125648043177
2019-10-24,0.38885747010928795,-0.03326002137491877,0.13209608220604527,-0.6672241358601538
2019-10-25,0.27965200622057773,0.14756021865991906,0.40933443763809113,-0.9388308872176977
2019-10-28,0.1856906520663653,0.2879607408115902,0.6147842366944861,-1.0218075944153322
2019-10-29,0.3065708232568015,0.22631401138807813,0.6070029169066389,-0.969432469173843
2019-10-30,0.4707256613840189,0.33102806911158794,0.9084549422154337,-0.6347587238817314
2019-10-31,0.43146766787217317,0.34107057828215137,0.7421518805089009,0.03584714898232916
2019-11-01,0.347502561366392,0.608443372142916,0.8613315889995433,-0.16895770677279262
2019-11-04,0.2263216505047768,0.5734012687127222,0.7527814660024892,-0.4903949072012267
2019-11-05,0.18518607379052096,0.49225999549917016,0.7488046911965843,-0.47284499498922267
2019-11-06,0.1677729808826944,0.6918584188817543,0.9213001533474987,-0.2698968992745528
2019-11-07,0.11879455058327641,0.5355061456874617,0.7201514634346576,-0.3840161109943165
2019-11-08,0.3976387359706198,0.5334273878093068,0.8275105128040882,-0.15674444923662675
2019-11-11,0.3438037204737984,0.3112322230228519,0.5193563607561362,-0.17799721544722066
2019-11-12,0.42811148622972434,0.1620976960385006,0.3442406599900414,-0.16517998892906388
2019-11-13,0.530655169752972,-0.06286874410299229,0.05192189299110771,-0.02530562456606645
2019-11-14,0.5860105364454833,-0.08619656425198163,0.04936198859930497,-0.02929941925231676
2019-11-15,0.421869565689485,-0.07925555817085408,0.1423194759565318,-0.07498232285270272
2019-11-18,0.17855797717511968,-0.10956916187537491,0.00984927373699414,0.027007646384688187
2019-11-19,0.287242128162761,-0.18733316630879635,-0.07631979893870128,0.09298940271409549
2019-11-20,0.3439916335277572,-0.38070421531873694,-0.2184731876457717,0.23873863723244373
2019-11-21,0.08384225925336027,-0.4055272490130034,-0.2622619643052413,0.2532196007221302
2019-11-22,0.20825381600007514,-0.39389260015312855,-0.12461226651197889,0.09134584845812747
2019-11-25,0.15860853028228217,-0.32843780019376106,-0.10107171387599534,-0.12625548705445683
2019-11-26,0.2721869575525942,-0.29262382618898947,-0.07233366572422183,-0.2871355627459294
2019-11-27,0.4552608689280837,-0.2393425895804689,0.023650265414526656,-0.5175536756203779
2019-11-28,0.4823798954747477,-0.1783359575551767,0.11443195591206332,-0.5153827696618503
2019-11-29,0.4831993036354056,0.09221824887722119,0.4691518583165125,-0.34784895179854386
2019-11-30,0.8338640601449627,-0.1785097626597315,0.2892360129451691,-0.33165374406082154
2019-12-02,-0.09593396006839496,-0.4742878746855122,-0.23718913382927054,-0.22516198017012504
2019-12-03,-0.08469097252460642,-0.48268350368639346,-0.6811219084229069,0.055340588402837974
2019-12-04,-0.33062187015507594,-0.2650168609675529,-0.2857644525334574,-0.33413047465385365
2019-12-05,-0.32905176313106305,-0.31146535075403137,-0.28459480498727535,-0.3859275932635187
2019-12-06,-0.19287992366779216,-0.024564598714386827,0.06528520659041084,-0.7963134026205018
2019-12-09,-0.06993324441090719,-0.08844883035063363,-0.3028144885724962,-0.8725600697336433
2019-12-10,-0.07861683514091009,0.050105356868150895,-0.2716128897636898,-0.9737888013118975
2019-12-11,-0.045416567739368696,0.2793020402874932,0.2426916873692909,-1.0870300305201124
2019-12-12,-0.3242723355207269,0.3629489817319455,0.6119133404777601,-1.475882421279923
2019-12-13,-0.38619773186371537,0.4242525941946532,0.7280380206696024,-1.461852843057714
2019-12-16,-0.46466092878210874,0.6166453101858829,1.202402343356758,-1.6745962294670853
2019-12-17,-0.19545697529265746,0.9850214877381801,1.1850720460233637,-1.733196697000068
2019-12-18,-0.23867588960010822,1.077969907691098,1.3072646252447129,-1.9440494030835573
2019-12-19,-0.3716335355903496,1.1377874962660066,1.2730333412265442,-1.7078537719036324
2019-12-20,-0.15827859704569935,1.0498737595609782,1.1667391168913699,-1.7278539470157557
2019-12-23,-0.0684121426471864,0.8758868475664989,1.070438497848955,-1.7266137126292664
2019-12-24,-0.04665892292275793,0.9206824308563042,1.0959189574964163,-1.6358250027292942
2019-12-25,0.8360924760412283,0.7789941081443386,0.9547372479182124,-1.6111484724669447
2019-12-26,0.015724140557683293,0.8392487541382002,1.0289236374338961,-1.5982279327373845
2019-12-27,0.09491004769832909,0.9060510244021143,1.0968496330611528,-1.4548849517393385
2019-12-30,0.16585046213896096,0.8695311294746576,0.9239510250755986,-1.2354784965832217
2019-12-31,0.04897360883262684,0.7322922608853325,0.938413183409606,-1.2187642433156851
2020-01-01,0.8575917617809579,0.8004894241495736,1.0779773313048213,-1.2063360874092912
2020-01-02,0.0017078412207241357,0.8200533185578694,1.2344719641114197,-1.4515534517675162
2020-01-03,-0.014558596420093765,0.6711112546103312,0.8997287042725496,-1.400990947365042
2020-01-06,0.12453992205598159,0.4300470289627191,0.7322954565906815,-1.5565107365640896
2020-01-07,0.2472944946415364,0.3035233723190127,0.6810039943087824,-1.7031493222844727
2020-01-08,0.2946180250241748,0.319222557746072,0.7297138966023582,-1.7366569129772005
2020-01-09,0.714957606321418,0.35630169219013613,0.6485468545402695,-1.7420514131341247
2020-01-10,0.7369569233652523,0.32761647229909174,0.44692910218395315,-1.781955243319333
2020-01-13,0.7005131631943812,0.1660126228674587,0.4084629232516417,-1.6637164270885627
2020-01-14,0.47991144054027723,-0.0008181128419652766,0.2317905011811141,-1.867040422437348
2020-01-15,0.541661056721833,-0.10949314456740905,0.15977713254612957,-1.8960698044273565
2020-01-16,0.7960199077329284,-0.0998238157493456,0.15458981188522855,-1.8813731159980172
2020-01-17,0.9326814015413777,-0.03259480568962839,0.20086559853628874,-1.852304576104977
2020-01-20,0.9187031609706969,-0.04651069362937083,0.19359683836255429,-1.8551596347620982
2020-01-21,0.9059717131847128,-0.12543652241508257,-0.07839101927922493,-1.5202045969904963
2020-01-22,0.8198183932962371,-0.18939998825435428,-0.13577529284756776,-1.4128659048007273
2020-01-23,0.7881595028106309,-0.29327308647288974,-0.30338969742220245,-1.1066329935533006
2020-01-24,0.8657084163395388,-0.43615721828896514,-0.6731457779939345,-0.7662816254604374
2020-01-27,0.9465228162722287,-1.0366535360578562,-1.6130460355881528,0.4534388504745251
2020-01-28,0.8285322749183219,-0.7622456957123521,-1.0451469412738466,-0.1906438461290799
2020-01-29,0.7628932444037422,-0.6022745797945659,-1.1227080153265103,-0.3896998122442821
2020-01-30,0.39693757345763014,-0.7554824064527612,-0.9631737462169805,0.006665345359590103
2020-01-31,1.1139197930626104,-1.1334948206876572,-1.5269552625318334,0.11960999725102295
2020-02-03,1.1719567499708763,-1.049261610490894,-1.3309886320894324,-0.1645291215835486
2020-02-04,1.0987738226184558,-0.7331803221943075,-0.7999870255845839,-0.45198801231211894
2020-02-05,1.4212962083268572,-0.43872937621858576,-0.458117295238055,-0.7145181429657731
2020-02-06,1.358605952583438,-0.3916315565100857,-0.45537628679052716,-0.9088062858514737
2020-02-07,1.461592014791077,-0.4850898535914971,-0.6470976438488855,-0.7305050676313385
2020-02-10,1.4157499513989131,-0.5431813654488944,-0.5573206122419144,-0.7761626604350804
2020-02-11,1.3675324948036969,-0.5084799561517072,-0.4425674541809265,-1.1331258839477205
2020-02-12,1.2534372992022929,-0.35318403657134084,-0.1983605461429011,-1.3007115311382351
2020-02-13,1.2143354070639487,-0.3480045251875435,-0.20785162211554856,-1.3924405551965622
2020-02-14,1.2425239561963652,-0.3442565243130639,-0.15989555785742154,-1.4525736172574983
2020-02-17,1.172196463014571,-0.4741106747123402,-0.1941304222432493,-1.4330969749758864
2020-02-18,1.150012940702285,-0.5286597619761478,-0.4683121662602724,-1.20763005012461
2020-02-19,1.4266473625753555,-0.4707381562181009,-0.2997605684581984,-1.3732952992370253
2020-02-20,1.422852766993686,-0.6312134613243445,-0.5096752503898371,-1.2175140343115103
2020-02-21,1.2790817558117804,-0.621294971563416,-0.6995962687144048,-1.1253583854033824
2020-02-24,3.0,-1.3626563755516423,-2.3101476338478704,0.21771863466143404
2020-02-25,3.0,-1.1704286375199422,-2.3329444424822476,0.6404194537446024
2020-02-26,3.0,-1.6952807844536404,-2.6728211792877126,0.9054966796716631
2020-02-27,3.0,-2.770191380409988,-3.0,1.845815825601065
2020-02-28,3.0,-3.0,-2.9346896825341875,2.6470728976990037
2020-02-29,2.7350520585763505,-3.0,-2.7478504034161864,2.6218390417412873
2020-03-02,3.0,-2.692003602857399,-2.4235023324214113,2.2427542565185306
2020-03-03,3.0,-2.6523978943458677,-2.4653746075841574,1.9551549130675452
2020-03-04,3.0,-2.397198658211075,-2.263924717684796,1.7661313091986353
2020-03-05,3.0,-2.7055780700949104,-2.604193597502288,2.150575001600997
2020-03-06,3.0,-2.6593268600444087,-2.483366439112546,2.724788160903531
2020-03-09,3.0,-2.750796284657469,-2.415131741587651,2.9318944469388257
2020-03-10,3.0,-2.831188698735663,-2.351747592586396,2.4663988834343593
2020-03-11,2.8560473702947875,-2.8432187402634117,-2.2926557228847773,2.4523318530627565
2020-03-12,2.7429732875468527,-2.8766395700411485,-2.237384112282154,2.5342328855704697
2020-03-13,2.5861794634039983,-2.8710594761963995,-2.1855305662340623,2.218552149784025
2020-03-16,2.183822907558834,-2.7415092272549564,-2.789320598104253,2.494858058253532
2020-03-17,2.0065258785776656,-2.8636127668628792,-2.3512197505112358,2.0577918408988745
2020-03-18,1.9297144210807378,-2.8535360635803872,-2.5938223118504813,1.88444040945936
2020-03-19,1.6446926673109794,-2.7584357221629205,-2.5666228933964454,1.5083497724233066
2020-03-20,1.5724461645262142,-2.5398817093616337,-2.5027563315743215,1.1599032036396075
2020-03-23,1.3523130930103546,-2.4860183009868484,-2.4180600842681956,1.289424876424664
2020-03-24,0.17717198311739765,-2.449392004736263,-2.3561034570487878,1.2761790017339845
2020-03-25,0.060824230963001914,-2.362283067608871,-2.2517556050964855,1.3344604824124195
2020-03-26,-0.5289724095644454,-2.2225826358303555,-2.08716171827741,1.1654289355427143
2020-03-27,-0.6160086918210551,-2.229225696685159,-2.1730808039134053,1.1083938732297371
2020-03-30,-0.7436097371465278,-2.143443136392313,-2.161806136035402,1.1163170071328488
2020-03-31,-1.4415897149045442,-2.066646545786507,-2.148500426330034,1.1913669359118368
2020-04-01,-1.2157088946043983,-2.0834625050748214,-2.075397398453013,1.3568400519097588
2020-04-02,-1.6497346931101615,-2.0169074037435935,-2.030498522159827,1.365878115715934
2020-04-03,-1.7059037108611879,-2.0349033231444853,-1.9836984063901864,1.4726328383924463
2020-04-06,-1.7707766970423495,-1.986754380428035,-1.896475160596497,1.419042202534439
2020-04-07,-1.7984260422136604,-1.5075723700807153,-1.539398046052417,1.351948851916812
2020-04-08,-1.731876943211369,-1.301335723323806,-1.455492124120268,1.4439425562827763
2020-04-09,-1.952448105933067,-0.49276533996100885,-0.9697584156337756,1.28790818131822
2020-04-10,-1.8697253890783256,-0.14960740753404464,-0.7004299673001355,1.2751825924132687
2020-04-13,-2.001267133620464,0.0008108415159095283,-0.8126872544598042,1.3629204744119219
2020-04-14,-2.009222527881029,0.4869930089481199,-0.27208400329351845,1.3073213357217888
2020-04-15,-2.071676402407643,0.7310351629609235,-0.5294143290390239,1.4647064602557889
2020-04-16,-1.9328071869986714,1.1769374563999697,-0.27107804699048105,1.4503261850535998
2020-04-17,-1.8876564858755385,1.6033387038841116,0.0981736766050019,1.2829984716151517
2020-04-20,-1.8514502329066271,1.6228439218521407,-0.07729364317835989,1.3758950719913654
2020-04-21,-1.8103994255418578,1.526681868293194,-0.07333205652719384,1.5448865479149276
2020-04-22,-1.7777581577043025,1.430465441796101,-0.17462389396970443,1.518929567248136
2020-04-23,-1.736469096036339,1.215145671228371,-0.32069206311883686,1.5579027196693005
2020-04-24,-1.6304565907637583,0.8899295438907349,-0.4621946074907031,1.65437424691571
2020-04-27,-1.612653535358587,0.7330744134506386,-0.34287988522473367,1.6297918689711857
2020-04-28,-1.503745869449473,0.7071405875738723,-0.374806980740704,1.6246681447217604
2020-04-29,-1.4745272856051739,0.7107799913932683,-0.17151891099982208,1.5384512619458268
2020-04-30,-2.208739004672347,0.9288525222927907,-0.017405223433219156,1.7358750982351017
2020-05-01,-2.15621073139205,0.8702030380723748,-0.17112209655681426,1.7394090041734271
2020-05-04,-2.090960517218108,0.8966790784131331,-0.06220098694801493,1.7497966595911636
2020-05-05,-2.0224561080737073,0.8646230308846881,-0.07302540343616619,1.6096337224829482
2020-05-06,-1.7507066180916464,0.656003535032487,-0.2224932329271481,1.5871921848813904
2020-05-07,-1.67409461803846,0.6051808921191786,-0.15877451925307653,1.5134638220379584
2020-05-08,-1.2058387154773618,0.16995551056258187,-0.2836731685329745,1.4210222643109092
2020-05-11,-1.2018002079123062,0.12375856271020759,-0.28140324565828273,1.3801580381020535
2020-05-12,-1.1733656923085556,0.060270667318206336,-0.45160939476117934,1.3094928290869599
2020-05-13,-1.074878519609055,-0.12844940357326273,-0.6775865808006215,1.449572931838898
2020-05-14,-1.023787078740207,-0.10961859883148828,-0.5267970078186701,1.532872935265579
2020-05-15,-1.1186554437619636,-0.13513413937636115,-0.4994432705685478,1.550080821350468
2020-05-18,-1.1279381828590895,-0.05888571966446299,-0.3269019162116324,1.394749161481759
2020-05-19,-1.0127430029215445,0.09074777199071019,-0.25302975465486255,1.4322222812396306
2020-05-20,-0.9461324520908293,0.36847317496521564,0.05584084719938012,1.3902022312773292
2020-05-21,-0.9001935546905495,0.39048174324688933,0.019926751363772553,1.3769390739930654
2020-05-22,-0.8425008126929675,0.37953920292992716,0.07455531025297416,1.3778470754171863
2020-05-25,0.14607845031687403,0.44160772064978443,0.15805004390269853,1.360288530195892
2020-05-26,-0.7630498400696428,0.586597490148744,0.32023003600529976,1.1763657388457474
2020-05-27,-0.7091170408521613,0.6221856512751247,0.3661441639933608,1.1961841822621515
2020-05-28,-0.6010494019104,0.5965515989202212,0.29730744703022544,1.146400969397207
2020-05-29,-0.5289129142972911,0.48888266205692515,0.3187378635946903,1.2805829512472677
2020-05-31,-0.431916408689263,0.6675852689277101,0.378425145023627,1.0820511649018847
2020-06-01,-0.5156421794658976,0.5953959118517175,0.5229431986508675,1.0149704535725577
2020-06-02,-0.4857348462977909,0.7108231301478853,0.6850573465230326,0.8259928536063518
2020-06-03,-0.14339157104728167,1.0041928031820464,0.9915638819071728,0.5893758846676832
2020-06-04,-0.13384748184384765,0.9832046387582013,0.9146286569418819,0.6877359098215152
2020-06-05,0.14732360308990433,1.2444736922136064,1.170864013708628,0.5693738398059112
2020-06-08,0.4267465590248545,1.3721978408118916,1.1895288940654916,0.6660020864570133
2020-06-09,0.4716126601976088,1.16465460851949,0.808768332520705,0.8502488975704637
2020-06-10,0.47296623575951047,1.2858615635389306,0.991661291602,0.9923398762433512
2020-06-11,0.5666781664473826,1.0932479941379174,0.3747844115054011,1.3226794310498533
2020-06-12,0.6173322271582115,1.2453468460102826,0.6949471061682453,1.176652730154092
2020-06-15,0.7183301824267758,1.2007495680278668,0.7480100824207544,1.1318198808686337
2020-06-16,0.7938585198764047,1.2826559781076357,0.8795064349444687,0.8611395470153664
2020-06-17,0.7681280357808206,1.0705116982824407,0.7700529337822836,0.9506343622904064
2020-06-18,0.824935055181819,0.9177675825611119,0.577597033672169,1.0895476495514969
2020-06-19,0.8404170977620835,0.851153137676277,0.39664988518723,1.1080587522533114
2020-06-22,0.8963221685721063,0.823754395992115,0.3860911644456887,1.1080911881815347
2020-06-23,0.8802164668173847,0.8288369725165902,0.3560353610922514,1.1038019914495227
2020-06-24,0.9076635390710251,0.6684425535324987,0.15848197301339087,1.2367031791300893
2020-06-25,0.8908187199175045,0.6196454465017097,0.2545111587785393,1.2902263130247706
2020-06-26,0.8997966669111492,0.6073033025009613,0.19015945764180772,1.3576198709734792
2020-06-29,0.8986356949945249,0.5824536162820503,0.21129947294193982,1.4379478821066445
2020-06-30,1.492177961893921,0.6104311810720273,0.30812055691726653,1.3657216968325872
2020-07-01,1.4531557666368513,0.5231764395246153,0.22250746071822197,1.283021441338555
2020-07-02,1.4230168698053378,0.470630300522747,0.1710119355124282,1.137726149555338
2020-07-03,1.4209215744499712,0.43159381684322784,0.09286255777380505,1.1440389972160976
2020-07-06,1.386723793014071,0.24748776957938584,-0.08732427626498869,1.0486314192132933
2020-07-07,1.3812144642345645,0.17029124455859032,-0.17942556012761823,1.0360055351670798
2020-07-08,1.4196413178737233,0.2356885115696222,0.05284550059164324,1.0481389745987433
2020-07-09,1.410323062264037,0.19585989395480086,-0.010522190823428597,1.09604623917484
2020-07-10,1.38500135264162,0.3339977147570811,0.29261266481857545,1.0871413739144293
2020-07-13,1.3650899662408695,0.36039621749401174,0.10325896958438396,0.9498471069373574
2020-07-14,1.3333347275118876,0.3209537901802404,0.12718591724633596,0.9653813032057552
2020-07-15,1.3197429265847018,0.26383069994601205,0.29893377713911123,0.7655933818868904
2020-07-16,1.3107881842628724,0.31850573066780974,0.3588962002030058,0.7248116173765711
2020-07-17,1.278450011900435,0.36224379975673526,0.49182701701736026,0.7398626720783182
2020-07-20,1.272976447840909,0.4415306014141494,0.619901628150535,0.6029395368070979
2020-07-21,1.2085958011814577,0.5093340501008791,0.6659048534982986,0.4294510990603532
2020-07-22,1.2210506526893927,0.5239426367784475,0.6596140535418387,0.3948065252753543
2020-07-23,1.2421066931023133,0.5986581826074584,0.6632127873009163,0.38092298417757237
2020-07-24,1.214258008041636,0.5528601574293122,0.6190200874333937,0.4023505423173777
2020-07-27,1.1984920924333082,0.5564534848149644,0.7506819304829411,0.350454880075351
2020-07-28,1.2071479126480062,0.5681146619706738,0.7663649838209095,0.37279700865912
2020-07-29,1.2056297070307724,0.602272064793694,0.8361892762627232,0.23802278747027963
2020-07-30,1.2509914950148637,0.5791443746832238,0.7999920539983615,0.22043381943443027
2020-07-31,1.336793007938026,0.5421626753361913,0.7806241918154057,0.23855354388783032
2020-08-03,1.2754101088152416,0.5593245480079763,0.7576574005929598,0.1465591793503192
2020-08-04,1.2692350854374737,0.5293584789590963,0.671548024254731,0.20913023352525018
2020-08-05,1.2148726055332366,0.5625050894172922,0.8407793512200893,0.1382564797237501
2020-08-06,1.2074410797732753,0.5925366729841909,0.8270789358697518,0.18428137017296656
2020-08-07,1.1965440871855593,0.5925351571313313,0.9226825142696888,0.21683352695153388
2020-08-10,1.1718125072303436,0.5748939035737209,0.8850519546332072,0.2640964026338685
2020-08-11,1.1394042355748566,0.47067395779416066,0.8037816440383123,0.22958670327067623
2020-08-12,1.1754544130130826,0.41737502340247334,0.783797521876598,0.33658221784167314
2020-08-13,1.155785275881655,0.268305456294284,0.6641771838250466,0.42832006053569427
2020-08-14,1.1583578967928938,0.16737344662860876,0.5763155276886733,0.5156262292888274
2020-08-17,1.0954033523931528,0.16580958809815285,0.617483436347373,0.5377753380319225
2020-08-18,1.019460550352849,0.10460693047530786,0.5618855029332769,0.47696668426691535
2020-08-19,1.026226822472243,0.015188151490889024,0.4495996744584828,0.46635250226644237
2020-08-20,0.9930734286498806,-0.024655495678261335,0.34679048687946046,0.4737858913951828
2020-08-21,0.9938318520915096,-0.05000340871387049,0.34482331726410276,0.44097340304873095
2020-08-24,0.9101913235569924,-0.01497538146543037,0.4004993475168025,0.3473238349675536
2020-08-25,0.8841751835419862,-0.017445550803052406,0.39706300339863015,0.22393965190046175
2020-08-26,0.8523166994874952,-0.03202015117113049,0.3780641206582742,0.15464454500326608
2020-08-27,0.8219448859037337,-0.1257367091028927,0.25293227010132296,0.12143895629460467
2020-08-28,0.7546699754718059,-0.10689143467023837,0.25635448377913084,0.145836725205223
2020-08-31,0.7760874253161503,-0.08193127203027278,0.14281241021502997,0.16658816168792087
2020-09-01,0.7836996942854159,-0.022264473939023085,0.181131434036079,0.10171641627088422
2020-09-02,0.7622844427343796,-0.05708276348789524,0.12606881206155268,0.07409094629099726
2020-09-03,0.7583410294347652,-0.13909426876085954,-0.22322444957819487,0.19602079861764862
2020-09-04,0.7326007283529689,-0.24017278252142343,-0.12391827981006545,0.35825939315125427
2020-09-07,0.7154690933707648,-0.2304397784957543,-0.13957078621817884,0.35620564742917055
2020-09-08,0.5861692057306641,-0.2069352662910944,-0.16900757976191355,0.4836196901022949
2020-09-09,0.5752285642844355,-0.16981934026287704,-0.041221342938228864,0.3671717974851277
2020-09-10,0.5752371636634669,-0.2086851869102045,-0.11971180515578697,0.356368867664922
2020-09-11,0.611041513566209,-0.18522690003506123,0.05356924724579036,0.4166983779166955
2020-09-14,0.600964588716809,-0.11746181231086407,0.15913268939178474,0.3790830162990578
2020-09-15,0.589357647406192,-0.08306913124537521,0.2288893319845682,0.32804076204295646
2020-09-16,0.582643840442722,-0.06444864284636448,0.258818910910916,0.2366680019727227
2020-09-17,0.5497319878122038,-0.10056621884970673,0.23180015936837362,0.3420511945738077
2020-09-18,0.5543714690141158,-0.14851627770676828,0.2150792683836902,0.3763300623808017
2020-09-21,0.5439564080591096,0.0024908121035964095,0.04050944654274191,0.6932288240312273
2020-09-22,0.5570607368091438,-0.017347585513739473,-0.024718866336020173,0.7290821802867836
2020-09-23,0.5651553656557864,-0.11182414591883186,-0.175500359402586,0.7499767809529311
2020-09-24,0.6011120703395768,-0.2275461321871891,-0.22315477209403647,0.8399451657804662
2020-09-25,0.5906103132314648,-0.24280884978858977,-0.1837678616056731,0.8004513938727659
2020-09-28,0.5528618037932911,-0.21025405665592298,-0.14044332441541055,0.6766400776218762
2020-09-29,0.5699251406809871,-0.2552626333192049,-0.18217262837872517,0.6450323085105926
2020-09-30,0.6226659893257837,-0.30216148259487596,-0.1738106419512164,0.5595755966973543
2020-10-01,0.6176102088539616,-0.3239924601028814,-0.18257302606746065,0.4885129600374043
2020-10-02,0.6147644635158647,-0.3000889508464602,-0.10820964025991715,0.5232540631554955
2020-10-05,0.5745305494799516,-0.17184252093815192,-0.04038056621751833,0.3098018027594237
2020-10-06,0.5819639288759563,-0.07935648705428368,-0.044994823420732445,0.1428049359044195
2020-10-07,0.5606894513522915,-0.0462797515635358,0.10741860499862348,0.08862674025932103
2020-10-08,0.511238762066092,-0.01897304649673479,0.15309189417953276,0.025897117183420987
2020-10-09,0.4975437615717185,0.022208300235246538,0.27594097798482814,-0.03222048437450197
2020-10-12,0.4571215662549963,0.013279683800855,0.2134135364728784,-0.030906882703191876
2020-10-13,0.4809476303682331,0.05591385227830038,0.16969229491189053,-0.0539882059958082
2020-10-14,0.5129181835118954,0.007511905359743323,0.08567162371185134,-0.04175998248258412
2020-10-15,0.5133384781247247,-0.0829785537159668,-0.0018439560075083578,0.11512784930770752
2020-10-16,0.49803675054408686,-0.04730074661263825,0.00895547297863803,0.029795939132343324
2020-10-19,0.478263071096092,-0.07330609469348943,-0.0649689879867595,0.005799648462711425
2020-10-20,0.48335543060711683,-0.14295286943938953,0.03638785261665489,-0.0029190726671980733
2020-10-21,0.47052397029067233,-0.1357768113803757,0.06934306207764332,0.04008221238750075
2020-10-22,0.47397618215438597,-0.09786940361000254,0.13698880330449342,0.02249749888534744
2020-10-23,0.46983586073424355,0.03291791232486309,0.24386781417134074,0.023287067494778255
2020-10-26,0.4341528373875014,0.005128903778957515,-0.03680966168038185,0.24557411802632426
2020-10-27,0.48134345910292675,-0.029250285290218215,-0.15232068940417431,0.3038445610281501
2020-10-28,0.49560866855469,-0.18728954841590778,-0.5777159879434626,0.6250514798699076
2020-10-29,0.5535520827601494,-0.2826105494238533,-0.48154956597009196,0.5593188793721089
2020-10-30,0.5883064532819321,-0.38857184966896463,-0.533705287921403,0.5451003755303726
2020-10-31,0.6844162339284253,-0.3646623378596304,-0.5989843009278372,0.6481041898565978
2020-11-02,0.7019031516828272,-0.35224897408702216,-0.5916427769040999,0.5280889958763256
2020-11-03,0.6880605876118063,-0.36109938072472497,-0.45671065584817105,0.26297140024651117
2020-11-04,0.7234810964576615,-0.07588264681780314,-0.09471816143621535,-0.137678852307584
2020-11-05,0.721479910567162,0.056493105358180314,0.1173209556294628,-0.43153639069577526
2020-11-06,0.711216595759671,-0.04375872075561119,0.12014991670806935,-0.31030482809072674
2020-11-09,0.6122674839578327,0.07355215946518666,0.3428085355466593,-1.0955559703522553
2020-11-10,0.5788835518154246,-0.04881041542844273,0.34822705704650164,-0.8229193149018879
2020-11-11,0.5569909118885512,-0.053459791016411705,0.39259274541884953,-0.8162940385143627
2020-11-12,0.51261042040201,-0.04808758946452317,0.18820558429101775,-0.37582830404561696
2020-11-13,0.4692724163078943,-0.06592915598495946,0.3088846519759943,-0.3409821928797285
2020-11-16,0.4330165848908682,0.04454489245937334,0.45804212505471786,-0.5978999672986075
2020-11-17,0.45473221615484083,0.10147920039026108,0.4084421890172583,-0.6447500423861099
2020-11-18,0.46107856868462654,0.11371022982151496,0.32709449842336763,-0.767567535261116
2020-11-19,0.4623395970666544,0.15499812492097476,0.33933916276607,-0.6843217088449072
2020-11-20,0.43822460426530385,0.10586937983717673,0.22156714675594594,-0.66427805977289
2020-11-23,0.4459644462281904,0.17362284242782164,0.39892324197227524,-0.7567626392125214
2020-11-24,0.4363807406383169,0.22904411512092954,0.5750609018122117,-1.003944474143783
2020-11-25,0.41137409633371314,0.33900482331452125,0.7214691440493632,-0.9713991981462834
2020-11-26,0.3910731362749494,0.34498810225838844,0.6898941275218451,-0.9643746619521433
2020-11-27,0.3518322893682729,0.44551641024795147,0.7181704808742957,-0.933779567982347
2020-11-30,0.27946135543468,0.5341823580772539,0.8213183677895908,-0.9714962681648711
2020-12-01,0.23316440609417896,0.44551598834844947,0.7820230238590444,-1.1430465457487287
2020-12-02,0.18430678918431836,0.4313092676444517,0.688100948848103,-1.1801686606826842
2020-12-03,0.18078046572296974,0.27720928366625613,0.6057715515930961,-1.3058350677165242
2020-12-04,0.1377418146748181,0.07387236538653344,0.5715357910447315,-1.438227528910832
2020-12-07,0.11980119839049107,0.18269982569593232,0.5708878712548229,-1.4241322141911221
2020-12-08,0.03675463101009934,0.03813194374113879,0.30926381935896907,-1.4542415854833137
2020-12-09,0.022983381423619803,0.01813518357213696,0.2752186924727568,-1.4416635027178355
2020-12-10,0.03213909537524984,0.024103855973090508,0.21594449180283298,-1.3304051289428922
2020-12-11,0.06876984765614359,0.0429225498846416,0.286078556667138,-1.2069247121076392
2020-12-14,0.05057197123204872,0.10931141454471277,0.23576435522890896,-1.3341544236423473
2020-12-15,0.019483169008292476,0.06385313305877796,0.2902566830686371,-1.3283849531633152
2020-12-16,-0.022910629433823555,-0.13496221448485285,0.30063920053908894,-1.2664399340568417
2020-12-17,-0.05121421661721721,-0.12098149193530712,0.3393768073091346,-1.234319165860352
2020-12-18,-0.06012715068990614,-0.1334766235194032,0.40068521115496425,-1.2744060831566495
2020-12-21,-0.2066900826589484,-0.18292570263049587,0.1777561026240071,-0.8985727462548241
2020-12-22,-0.20972333904654697,-0.14124799845249966,0.1656653971057779,-1.034717698580638
2020-12-23,-0.28412563873832036,-0.1805600129909006,0.14895487143705521,-1.1348681278105863
2020-12-24,-0.2966087059985637,-0.13216845162034008,0.30892074379562084,-1.1814588421128027
2020-12-25,-0.5979983742711685,-0.14815580298243652,0.3003555719651562,-1.170973516365986
2020-12-28,-0.3180961095860953,-0.09156089505672292,0.35933049735596334,-1.6121039489441031
2020-12-29,-0.3002480627642708,-0.09638460597198269,0.28995173189878337,-1.6832707300791803
2020-12-30,-0.3029654264926142,-0.08388107523010789,0.23445905631058758,-1.5918476654101072
2020-12-31,-0.00835350214588528,-0.05184852104649618,0.2220297703726533,-1.6008563785624073
2021-01-01,-0.6300854398623129,-0.1523009030621091,0.16255863092929013,-1.5780138704163946
2021-01-04,-0.02062455024129279,-0.22045266579937126,-0.1131115872954358,-1.3864434386633426
2021-01-05,-0.0016410555368910694,-0.3336673190771057,-0.051235422190563394,-1.392322520297792
2021-01-06,-0.03934614427816385,-0.3709176825780668,-0.009615366899747313,-1.6726626785061605
2021-01-07,-0.04631408627893528,-0.2935191060689818,0.18939600106097834,-1.677063092433527
2021-01-08,-0.030268658854197283,-0.3195777940353978,0.2594615754273131,-1.6933879661261164
2021-01-11,-0.16010364111012668,-0.3655763394796611,0.10079146376635542,-1.4892275371290102
2021-01-12,-0.17482725869907736,-0.4011753200034312,0.07566319749504728,-1.3965174731843504
2021-01-13,-0.17692551427462222,-0.2672376981452812,0.1583169326837005,-1.4282768655330251
2021-01-14,-0.2246869606658193,-0.28743649795937865,0.16333206416898274,-1.609636397342732
2021-01-15,-0.16880542888236025,-0.29390393512433177,0.04361687725347847,-1.5593426572158846
2021-01-18,-0.18652925934786305,-0.26481578149682056,0.042779820708768616,-1.5365233409246066
2021-01-19,-0.043559395283527626,-0.16077776465951527,0.19298579147845196,-1.5782969515926026
2021-01-20,-0.04922133318533411,-0.14939904241097543,0.2797582448699124,-1.6266801391090169
2021-01-21,-0.021289582638149066,-0.2017495026578767,0.2227909102258555,-1.6742079734347646
2021-01-22,0.09142995832216873,-0.2405236285945452,0.18012201132998173,-1.4489802470116968
2021-01-25,0.05684939099154292,-0.17670572083061528,0.14002784929066125,-1.4594435771150729
2021-01-26,0.04397424976347732,-0.2803632746590075,0.01695847907771078,-1.465931760681127
2021-01-27,-0.09437391546207714,-0.3914971188892936,-0.7922013643229467,-1.1939496172525959
2021-01-28,-0.1737258986219468,-0.45046064277599507,-0.3540639376834284,-1.399719046180884
2021-01-29,-0.1463848644748964,-0.5352326269044616,-0.5082429298653797,-1.2863843942718443
2021-01-31,-0.05711250103666354,-0.6247220952717703,-0.5670554383733605,-1.173991462698979
2021-02-01,-0.07523161254022827,-0.5776048678691398,-0.3493893503537833,-1.1973076378429826
2021-02-02,-0.433072045058448,-0.48941022691827785,-0.01569037657224267,-1.3663876224459428
2021-02-03,-0.49858274326254376,-0.4818424613949717,0.0701078894061534,-1.5195270340003928
2021-02-04,-0.6319696246549161,-0.3855117889733118,0.12876928343661007,-1.545245612815005
2021-02-05,-0.6510323660318381,-0.3393063949614999,0.13902456933628166,-1.6532136451932073
2021-02-08,-0.8262699320959932,-0.20822414275546217,0.23053457425071075,-1.6765074001219828
2021-02-09,-0.9035179147817316,-0.21485230927692284,0.2662327198533455,-1.7249404429257476
2021-02-10,-0.9367650330332913,-0.2605815456990449,0.1910977515740968,-1.7010327067347308
2021-02-11,-0.9688146464488246,-0.3163936851541873,0.20104090543184205,-1.6921211445665985
2021-02-12,-1.0097217268467678,-0.3938265881741683,0.2910567041848729,-1.718867164531946
2021-02-15,-1.061468550435673,-0.4031911549542931,0.2736320518782029,-1.6914634247446476
2021-02-16,-1.0915318060202666,-0.5189145746351084,0.24393476555932683,-1.7280386792197424
2021-02-17,-0.9710993143816271,-0.5154889645203375,0.17778938389793095,-1.6035721384850161
2021-02-18,-0.9365857944696429,-0.5635108497867415,-0.017813004787627682,-1.5383934402497161
2021-02-19,-0.9079419417381368,-0.5758183996958465,0.05068206602752118,-1.6213630145306193
2021-02-22,-0.9198769512172014,-0.736810312716374,-0.05216245535870521,-1.5631668428165169
2021-02-23,1.5260422682082126,-0.7209893324823295,-0.06828989047157268,-1.5369693331507859
2021-02-24,1.5265769605982753,-0.6321245686466755,0.16529066450602914,-1.5929149633582145
2021-02-25,1.5465042889064122,-0.9651116356058369,-0.39932476544626827,-1.5180054688502693
2021-02-26,1.516784775078216,-0.7590117201770872,-0.4270038087179617,-1.2810913904830317
2021-02-28,-0.06113554309753376,-0.5880270978274267,-0.4218399540229953,-1.143982945033627
2021-03-01,1.423477504134058,-0.6371036780835578,-0.06485879772158944,-1.2384000121473762
2021-03-02,1.3599875416454392,-0.6398349050279539,-0.14245106914534722,-1.2488046588388595
2021-03-03,1.2818476264670922,-0.7501281382318111,-0.3463440990349519,-1.2463698050868868
2021-03-04,1.2689622421243683,-0.9689234752009732,-0.5921036325494872,-1.183222743590685
2021-03-05,1.2212799994002073,-0.9455354067129433,-0.36252646673723793,-1.091983445506645
2021-03-08,1.240972094056253,-1.076995229014227,-0.49568449152675687,-1.1861774221475931
2021-03-09,1.1975192665473007,-1.045561278490765,-0.40967919240099415,-1.1212905367645345
2021-03-10,1.1060253341917774,-1.0009010452388434,-0.29424998698736626,-1.0826703763564962
2021-03-11,1.0674844920971795,-0.8974670826733484,-0.19473320349029136,-1.3229500715836273
2021-03-12,1.0807821908463884,-1.0044409443641087,-0.15449357682883885,-1.1709768311349003
2021-03-15,1.0650953500330185,-0.9732015664248617,-0.08284176938178013,-1.1717462283871438
2021-03-16,0.8880494458465965,-0.9069802403900145,-0.07400916994504377,-1.1285096431714094
2021-03-17,0.8287105456560764,-0.9803426737916958,-0.017104803087804182,-0.8768130326716561
2021-03-18,0.8693167788421029,-1.0716434163346487,-0.2238800351010192,-0.7707161188315659
2021-03-19,0.8447476761893356,-1.0603324613951361,-0.18243829987210097,-0.7338788736692995
2021-03-22,0.8175615920609669,-1.0098195225617042,0.0530554806495423,-0.939133445220662
2021-03-23,0.7819681704230224,-0.9482970967689464,-0.08951761128294851,-1.0202194737798276
2021-03-24,-0.4935268962004885,-0.9320550847110294,-0.17817429543335517,-1.1898228270276199
2021-03-25,-0.4938403483228927,-0.8092393369343505,-0.02330257618994181,-1.1285158618058124
2021-03-26,-0.525588184622479,-0.8557699252522897,0.1508233553134368,-1.1868710704962446
2021-03-29,-0.554242393445216,-0.8827657070895353,0.06502220702082274,-1.2476951317032594
2021-03-30,-0.518481949480206,-0.8768992566167253,0.05952718255240048,-1.1893220738319403
2021-03-31,0.008889721308254885,-0.8152432588997502,0.17378510446963755,-1.239259952074005
2021-04-01,0.044119939907813835,-0.5391444443013439,0.39100866140913465,-1.3044952055828731
2021-04-02,-0.8203824943145858,-0.4331569818445671,0.4332784665474877,-1.2892993566287494
2021-04-05,0.04683450274681469,-0.3666541040647721,0.4183777189500931,-1.3564841629653124
2021-04-06,0.05320194617299961,-0.19975226587400732,0.468765517989274,-1.3920890788084057
2021-04-07,0.02053964040159514,-0.19955386419690932,0.5817052273363648,-1.3864661776852163
2021-04-08,0.025188215074028776,-0.1647483411624974,0.5680931236364455,-1.4138608247994011
2021-04-09,-0.09013433318124958,-0.27234128776634187,0.4810545848692928,-1.3288803647809821
2021-04-12,-0.1138290018115036,-0.17150167004623523,0.49386909251367683,-1.2803558949410294
2021-04-13,-0.1047892431403,-0.1804120570698418,0.46600409461694897,-1.1983869008536703
2021-04-14,-0.12320387839729902,-0.17743924477704606,0.4673298588849647,-1.2557437171192012
2021-04-15,-0.09303704063133085,0.005426005435815522,0.5832615857147938,-1.2762634640859554
2021-04-16,-0.1123140471471717,0.020253387149155835,0.6589958492816645,-1.333743720242121
2021-04-19,-0.11474917255694132,-0.03070904817662696,0.5445619858655877,-1.2745143417682374
2021-04-20,-0.1191027227644861,-0.05511074106797388,0.29343877543901675,-1.1445837975965458
2021-04-21,-0.14471261117039352,-0.0756235013369532,0.41510585093593205,-1.1548991623502523
2021-04-22,-0.14079922307258633,-0.04878053713526959,0.32455039576003375,-1.1291745960314659
2021-04-23,-0.0889478717620941,0.03300075174646183,0.4722448847447764,-1.1725486424335227
2021-04-26,-0.1305738832238496,0.011210278273029626,0.4374476978383256,-1.2010096049607561
2021-04-27,-0.11857970831893014,-0.05466420978966501,0.449141369586001,-1.16681631021161
2021-04-28,-0.053356141548071875,-0.02744300193892521,0.46871326327004026,-1.1265976074402884
2021-04-29,-0.06582580531442261,-0.14870295328902106,0.370626885856174,-1.1357947374857786
2021-04-30,0.049636390740402304,-0.31176682987171517,0.19063449669316324,-1.081038878581818
2021-05-03,-0.02483594795591499,-0.2577966842244392,0.18543544106797755,-1.0846086503606478
2021-05-04,-0.02469265280085322,-0.32613814380685535,-0.014560297744509926,-1.0176317605681007
2021-05-05,-0.05901752196079412,-0.3103122278237599,0.007791242095251969,-1.0512609296734314
2021-05-06,-0.05044150403437643,-0.3260219166326356,0.04085061892568023,-1.0226213719967079
2021-05-07,-0.1059136869263957,-0.3474911138166851,0.18242673863157285,-1.0335180895942424
2021-05-10,-0.2784667214297535,-0.37939415349587235,-0.011766620957838994,-1.024991487065516
2021-05-11,-0.30097761949119917,-0.5022134646705522,-0.2428809529890126,-0.8460353644334313
2021-05-12,-0.1969235567961975,-0.6488160915399452,-0.6643569905062301,-0.8083488802291688
2021-05-13,-0.22091195020804666,-0.5848629181029119,-0.34636499715694646,-0.7917985305516968
2021-05-14,-0.34702018134184986,-0.5296347832714867,0.023259108543224747,-0.8162269507822222
2021-05-17,-0.4280485390771093,-0.5458402399747928,-0.09810154087665847,-0.7641116876756762
2021-05-18,-0.4698179567948867,-0.4861847498899034,-0.19265487932798617,-0.7646465891910686
2021-05-19,-0.4283842438918571,-0.5224731184399525,-0.18004410771607818,-0.6373242600999913
2021-05-20,-0.41737365721192404,-0.43803143471807165,-0.08260423566467735,-0.6200929458154335
2021-05-21,-0.5284804780587917,-0.45358391069423853,-0.005888746534506145,-0.7233740767240626
2021-05-24,-0.5583345029191795,-0.317852894257469,0.15678076014678066,-0.6988826022291761
2021-05-25,-0.5862132666617064,-0.19669248160591427,0.08152955133683762,-0.7885745613642501
2021-05-26,-0.5974752218830621,-0.2022538546486102,0.19644035593440567,-0.7480921564877646
2021-05-27,-0.6856805674272434,-0.2741900437205987,0.22411633355040442,-0.819026485141902
2021-05-28,-0.7095729299659336,-0.19734198259358277,0.21654199738761534,-0.8035472483604247
2021-05-31,-0.48574275082290047,-0.1612857045883533,0.24338940103694523,-0.7376390126877488
2021-06-01,-0.5062915443561792,-0.17584951547906122,0.20108107869276529,-0.7485819684809043
2021-06-02,-0.5055089213132256,-0.11595334854093028,0.2403727311501708,-0.7941565562189208
2021-06-03,-0.48429183687484995,-0.22083149010021016,0.21613434006183502,-0.8146354877306192
2021-06-04,-0.49278616187621116,-0.06950505932242974,0.3731596593664788,-0.8658947464150231
2021-06-07,-0.4640597305993544,-0.1884048572766788,0.2835159444717673,-0.8645435621306321
2021-06-08,-0.591217927922544,-0.08293861554158832,0.22712325809308756,-0.8976822789472413
2021-06-09,-0.5559227365291259,0.1524012963762347,0.2943132393443272,-0.9820378000109969
2021-06-10,-0.5237352707972041,0.3765684106145345,0.4879177235479759,-0.9369067237076696
2021-06-11,-0.4103255641263528,0.35113732262332736,0.5585195410668844,-0.9232045518147034
2021-06-14,-0.38889636227816443,0.17786002292318218,0.4560763945448054,-0.923738723210573
2021-06-15,-0.4260972107386805,0.2573889012467062,0.47979746767938103,-0.9164569554062931
2021-06-16,-0.4038654104425773,0.108668999446082,0.3325862427468894,-0.8586967484780711
2021-06-17,-0.3887414596187548,0.3612686251985195,0.51402364007008,-0.846278977176238
2021-06-18,-0.34508027907764205,0.3235796795428404,0.21502195983149683,-0.8078078840619346
2021-06-21,-0.3682215047501478,0.2885018360392367,0.4840171322226021,-0.8545344617995292
2021-06-22,-0.4042377736409037,0.2876132271196199,0.5754624016914842,-0.838059595698983
2021-06-23,-0.5150339653034485,0.15974717549438305,0.546421817143129,-0.8943763410071836
2021-06-24,-0.5065999518468575,0.2532938802939196,0.6213275327130322,-0.9221427616045859
2021-06-25,-0.5678739815135073,0.276603088700997,0.6852137011345899,-0.9235174449211759
2021-06-28,-0.5799109422133292,0.23848264799559535,0.5889862948445016,-0.9162368949243752
2021-06-29,-0.5577797284278803,0.2534887343112985,0.5608346159857627,-0.9415423737293996
2021-06-30,-0.573779168900899,0.28019397153148307,0.5453035500559957,-0.918097948956931
2021-07-01,-0.5980790719589534,0.23180506794574768,0.5600585844486952,-0.9768864869434665
2021-07-02,-0.5883661002332652,0.36764226060749805,0.6046102020642135,-0.9424295025528108
2021-07-05,-0.6071791106951587,0.2545075835547438,0.5825286291197834,-0.9507536922997204
2021-07-06,-0.6400591653997326,0.3596354165377752,0.38132593424676603,-0.9146296887716614
2021-07-07,-0.5984303875346986,0.32884500405976624,0.37996335799432074,-0.9406328250416024
2021-07-08,-0.7313387451228083,0.135030141843511,-0.00711208118487591,-0.9115792734409924
2021-07-09,-0.7878234526115137,-0.03965969453029459,0.3216082116171239,-0.9667578423101612
2021-07-12,-0.8343501421036693,-0.04624947803314839,0.2837470953126718,-0.987968142858137
2021-07-13,-0.7253138962772234,-0.17261444869040343,0.12573728972220496,-0.9565364689130741
2021-07-14,-0.6775913942330413,-0.04991758685038706,0.16681240999076896,-0.8593452197765562
2021-07-15,-0.6290470344311907,0.043954549058805734,0.06341141403077959,-0.8281989786562625
2021-07-16,-0.6559283583444716,-0.08426452158035148,-0.08048813193638685,-0.7925252305119607
2021-07-19,-0.6005387612610196,-0.24060781832049136,-0.6589770313216585,-0.3013271986453365
2021-07-20,-0.625483912466932,-0.16778525002711925,-0.395310329508046,-0.4709839424881706
2021-07-21,-0.644355884644719,-0.18084080561477986,-0.09875850924911432,-0.7398442775720278
2021-07-22,-0.6141724585777333,-0.09289289286716754,-0.10361641678250477,-0.7081401575002417
2021-07-23,-0.6661881773816345,-0.0915389817642837,-0.05566792948110166,-0.7423280957605634
2021-07-26,-0.7569401674765489,-0.1563521864086355,-0.1591559616590528,-0.7542450880546001
2021-07-27,-0.6425468428960777,-0.20118286843419914,-0.41746361384951064,-0.623796910357794
2021-07-28,-0.5866417285852311,-0.14436450040777507,-0.3154600002205497,-0.613534162486935
2021-07-29,-0.6792240490678021,-0.2127708843586188,-0.21338038053362415,-0.6775363110447123
2021-07-30,-0.6069937919857263,-0.16507541485419233,-0.3379695030275265,-0.604095611807344
2021-07-31,-0.8199490425868418,-0.2236712832347696,-0.3791428353362713,-0.49916281283237485
2021-08-02,-0.2799548472234602,-0.22632322935770322,-0.5520981829971299,-0.4217641951965248
2021-08-03,-0.2634902280521492,-0.373574703276075,-0.43334907863910316,-0.31198610811462735
2021-08-04,-0.1927234071235848,-0.44769292173794173,-0.4338807657467076,-0.30924194275644695
2021-08-05,-0.18014533699497035,-0.371311918296465,-0.1266424568585836,-0.42146876111226905
2021-08-06,-0.20255404588282405,-0.43299856125098773,-0.007917990439419306,-0.5383153942198855
2021-08-09,-0.41227579410024723,-0.537428322272575,-0.1593501555780981,-0.4822794833503335
2021-08-10,-0.4378350680169488,-0.6122576516497108,-0.2254569821812403,-0.5273531180891006
2021-08-11,-0.4706055369631331,-0.614625753812154,-0.10263939806347912,-0.39671572503811525
2021-08-12,-0.5098427874764797,-0.5843118828021967,0.11784642872081569,-0.46808109195053343
2021-08-13,-0.5953399702377389,-0.3073697455965833,0.17898419071245403,-0.3939599562160718
2021-08-16,-0.616616223244879,-0.18959867349784734,0.25773216342756183,-0.36817347977844106
2021-08-17,-0.5731473217731033,-0.2820843028586589,-0.06975244843194163,-0.39092264720731373
2021-08-18,-0.9552635342556121,-0.4257574766452591,-0.5781309758579579,-0.46295357954161565
2021-08-19,-0.9483270264597514,-0.47376417313831526,-0.5911154546142872,-0.3029575990860247
2021-08-20,-0.9288642024134582,-0.49416792560278305,-0.23631122541390354,-0.42518376114308354
2021-08-23,-0.9923926791206206,-0.3857893179936299,0.019133963981107643,-0.5057660615682552
2021-08-24,-1.044024695926177,-0.3933010407431723,0.16188046177864512,-0.6634714202221536
2021-08-25,-1.1328622569236748,-0.47605346913414837,0.24027731654651044,-0.7312882134300367
2021-08-26,-1.1258604878725678,-0.4728533814320019,-0.028798836138742127,-0.7401972417546101
2021-08-27,-1.179350516650449,-0.24356851661142673,0.40742850542302644,-0.7908750871425643
2021-08-30,-1.1730293590817664,-0.06495223656992997,0.5332516801688824,-0.8063524166179755
2021-08-31,-1.2699121257577175,-0.172740121617527,0.4884028300194253,-0.7056971446169883
2021-09-01,-1.2446116107982736,-0.09644564503423227,0.6002326037705089,-0.7378966268829098
2021-09-02,-1.228260996916322,-0.017223491155398493,0.6069309963485074,-0.7894326994278894
2021-09-03,-1.240688474927607,-0.08681438584527808,0.5269034917532633,-0.7969119357888707
2021-09-06,-1.2460225981429962,-0.0438368679784723,0.44731697798345277,-0.8092096709269029
2021-09-07,-1.270494865992665,-0.17960340267911248,0.24147174073289102,-0.7342256687838343
2021-09-08,-1.3828299102453214,-0.015598279066644334,0.2914506819868395,-0.7502804290263566
2021-09-09,-1.370045329169673,0.12127148621192461,0.22605399973072446,-0.7557317557737881
2021-09-10,-1.3552214676673617,0.07069119914245311,0.011974771344566013,-0.7965169932463538
2021-09-13,-1.3006010586711731,0.05138865118770692,0.2159915678182753,-0.8276314578626689
2021-09-14,-1.336195917648209,0.18122167923104437,0.2659446181199145,-0.7934619122459267
2021-09-15,-1.3008024265301208,0.1630398320109275,0.45214220495694607,-0.8354761093981806
2021-09-16,-1.2488743006291583,0.10405902565185789,0.4253352963180582,-0.8247360980636465
2021-09-17,-1.2320519411481599,0.06176872593331639,0.2088764928375235,-0.814748795103444
2021-09-20,-1.143846388497328,-0.42159287028472536,-0.6295121414781538,-0.5105930347711222
2021-09-21,-1.0762198775724732,-0.434968305465213,-0.4772626887248102,-0.6281964553018602
2021-09-22,-1.046446472929347,-0.21145574063210615,-0.03105458732592056,-0.7557403385383509
2021-09-23,-1.0955476889642473,-0.3957427800067567,0.2244982416233857,-0.7679940849262887
2021-09-24,-1.1186150304759852,-0.4522640090059989,0.27349950490288005,-0.6749983731914465
2021-09-27,-1.1174634182278724,-0.6823685239053786,0.08485644003352816,-0.598538118887638
2021-09-28,-1.1544127022019954,-1.0317793950006102,-0.607621794252034,-0.4694120203451867
2021-09-29,-1.1269792766766944,-0.8348375958426109,-0.43167222204049627,-0.5185174934845442
2021-09-30,-0.9555109579622313,-0.9819456846737236,-0.6266693695236901,-0.5213510548572372
2021-10-01,-0.901348374244345,-0.8933263358703153,-0.41947590967533444,-0.4201924270646672
2021-10-04,-0.8861866749342656,-0.9581378363671942,-0.6284334534869914,-0.4277345492319439
2021-10-05,-0.9032686808566186,-1.0752997586291002,-0.5308599491536988,-0.44849805123787223
2021-10-06,-0.8855264566362523,-1.0452983140921361,-0.5835447981119143,-0.18755622100647357
2021-10-07,-0.9037610544333061,-1.092700774802958,-0.3409702680361881,-0.40693959285462017
2021-10-08,-1.0135101298298026,-1.307736380224826,-0.4011766581557328,-0.34742599068945623
2021-10-11,-1.0349592087707293,-1.2545615799179446,-0.5353704497805089,-0.3444423071194593
2021-10-12,-1.007089382788032,-1.3880800548593557,-0.6353854070262963,-0.19016810428796843
2021-10-13,-0.9720797509273064,-1.2077710330798923,-0.3035048289276142,-0.30415062527855924
2021-10-14,-0.9511754210485263,-1.0253795175230216,0.061968480360288514,-0.49016749561740974
2021-10-15,-0.9683627591331495,-1.1041771634630833,0.08795637582275607,-0.5236488696425262
2021-10-18,-0.9957257052805207,-1.1132032153685472,0.11553830461271439,-0.5113447009093797
2021-10-19,-1.025331229487241,-0.8641841344593167,0.36943586659065203,-0.5108024760407706
2021-10-20,-1.0432688184516539,-0.8940322376275348,0.3501451681657563,-0.5367539714097204
2021-10-21,-1.0578867758942863,-1.140282891775516,0.2859995777053762,-0.5888638729759167
2021-10-22,-1.0324940623854977,-1.0019919364923393,0.15176153641053777,-0.5749622446077051
2021-10-25,-1.0159784076865137,-0.8956103252362594,0.10521225014391383,-0.4533029678552209
2021-10-26,-0.9632492368704416,-0.7190430864600226,0.20398105840156205,-0.5198185666031969
2021-10-27,-0.9188186819634415,-0.4014783029354612,0.15927803954252098,-0.5323486010725846
2021-10-28,-0.8792012394412543,-0.5682959293107257,0.23647977547922566,-0.5627705743648387
2021-10-29,-0.8564517123990519,-0.492168255433942,0.2652920182368864,-0.5873012525338399
2021-10-31,-0.4827267208026882,-0.08632120566779043,0.23200078723297005,-0.4416627508637106
2021-11-01,-0.4599156461653654,-0.5913370657977941,0.22131627220197275,-0.4347451153360973
2021-11-02,-0.456585729774187,-0.4831823475690899,0.2377889630145481,-0.3152834256254821
2021-11-03,-0.3986748603582363,-0.3490185181833164,0.6304790683108491,-0.32715251078134483
2021-11-04,-0.39690697923245916,-0.07711712217375907,0.5825746926435966,-0.37149791047718506
2021-11-05,-0.37796861053142344,0.3536194132634774,0.6521180170945549,-0.5571879129315769
2021-11-08,-0.3224935856416786,0.26256411252721373,0.6086052043497452,-0.7592026766769048
2021-11-09,-0.33181010642218906,0.33348065973040425,0.5745452574776095,-0.6685486023160989
2021-11-10,-0.3163419485207055,-0.17919699882996237,0.2793717616293269,-0.6346061312221073
2021-11-11,-0.31137066179749745,-0.32863249774923026,0.2789161396733761,-0.629091391994203
2021-11-12,-0.3871116940177117,-0.3599075564387323,0.3914045471445636,-0.5497395057862724
2021-11-15,-0.39412091464834176,-0.44542283799758675,0.38616007926546164,-0.46384710919594413
2021-11-16,-0.3225012870894557,-0.5566749842029988,0.33281725573892756,-0.4158678990332451
2021-11-17,-0.31119827188321036,-0.5432535193805484,-0.009343233842409163,-0.3542693788524117
2021-11-18,-0.27715012450184845,-0.4967397640173983,-0.2021755891547969,-0.30496357740212715
2021-11-19,-0.23672395783055286,-0.5457230735839707,-0.21602290203753854,-0.20821391748551707
2021-11-22,-0.20028699982700907,-0.7844858470586709,-0.3245249832938754,-0.27962625790005785
2021-11-23,-0.22959421870314867,-1.24716765762855,-0.6297049798888348,0.04381327467075074
2021-11-24,-0.264527937345425,-1.2769974691824162,-0.5718896337266909,0.09668079407906932
2021-11-25,-0.26885258138950563,-1.264942533502624,-0.6133031526161321,0.09810219823279871
2021-11-26,-0.2187644219928928,-1.518556529363041,-2.4278634995313495,0.7715426227210819
2021-11-29,-0.20690834487280935,-1.2571621822852468,-1.3122370057226511,0.427006694477128
2021-11-30,-0.2665869121254144,-1.3851902742509907,-2.1396628700159726,0.8268627579539801
2021-12-01,-0.2338074089086568,-1.2893710903865243,-2.49356600055144,0.48572470759097064
2021-12-02,-0.27121803612044115,-1.2670844738602587,-1.875883749917672,0.3268286764700982
2021-12-03,-0.16868306835976493,-1.212597696963293,-2.3778027761852307,0.39626131203326614
2021-12-06,-0.1792461979603332,-1.3339449986191063,-1.6683209416067373,-0.0610195359460356
2021-12-07,-0.23198217754608508,-0.9638021327263514,-0.7585539497753382,-0.7088180442213793
2021-12-08,-0.18273260464418592,-1.1255420645136862,-0.5312862874172899,-0.541956729682585
2021-12-09,-0.13523665145718736,-0.9430597256992315,-0.7560203036722462,-0.4266502874630168
2021-12-10,-0.09736666106039889,-0.8870506369116793,-0.377986967663338,-0.30582176890282026
2021-12-13,-0.0575302245921176,-0.7033890303922782,-0.6397806049014371,-0.2460805421183674
2021-12-14,-0.0714638032510951,-0.6878862072951126,-0.7984583964175899,-0.1601214378289272
2021-12-15,-0.12365748633845283,-0.2884648937143264,-0.27665279335061704,-0.25192547730697595
2021-12-16,-0.13836334852941515,-0.17454975780432144,-0.3647071185913096,-0.3006027765160518
2021-12-17,-0.12048556336272034,-0.24847763226097122,-0.5649568457066751,-0.14859529860812046
2021-12-20,-0.10691690475612158,-0.4628684471472481,-0.8337857539581336,-0.031169294957336183
2021-12-21,-0.1613250981267535,-0.11994326044394368,-0.3112047002282503,-0.5135202503355231
2021-12-22,-0.14836776913417063,0.34504602862607286,0.2047666436299776,-0.6199477806431954
2021-12-23,-0.17818321758752778,0.4084157794038873,0.5406909970340551,-0.8177161507282104
2021-12-24,-0.18113820951995188,0.43322936331691153,0.5288137468816424,-0.808221224435159
2021-12-27,-0.21828789952038624,0.9495636040434751,1.4111419644147165,-1.048593236932051
2021-12-28,-0.22606977468531608,0.8356312727675512,1.1007761262354199,-1.0267573159815262
2021-12-29,-0.2843946024480454,0.8131296927716646,1.4544973587524845,-0.881223413137803
2021-12-30,-0.307217693564983,0.7851112492302653,1.2921951864618193,-0.7350694528518553
2021-12-31,-1.0250861132154858,0.8131492917308101,1.1551576806829857,-0.7334140232707201
2022-01-03,-1.058998921014591,0.3448910601044684,1.2329247298559909,-0.7068380117004398
2022-01-04,-1.0339854979157712,0.25633610101317045,0.7515881742490037,-0.5346637756974526
2022-01-05,-0.9745080173228476,-0.2962037560257142,-0.19781533311577687,-0.48049355077475847
2022-01-06,-1.0115258015815765,-0.28359174623036965,-0.18546141875873154,-0.22758554042784646
2022-01-07,-1.0131681093723985,-0.5004520851541594,-0.15724898119577335,-0.02857711958602637
2022-01-10,-1.0376940412490643,-0.6950502503314228,-0.3534205959046231,0.07481432195725751
2022-01-11,-1.0714735982850938,-0.6079997693832598,-0.13964610966112942,-0.17487242896752042
2022-01-12,-0.9512059785093478,-0.35118390343216926,0.1671092370332342,-0.5175900348139166
2022-01-13,-0.9787344394204471,-0.4787171145833533,-0.4454742943419245,-0.4654147084787171
2022-01-14,-1.048309392983653,-0.843904800437122,-0.3056786062930831,-0.39742549232998886
2022-01-17,-1.0192837395229808,-0.7902967507822133,-0.2174055203624934,-0.39270023785679925
2022-01-18,-1.1097798494870597,-1.0147491567752447,-0.8142016155641325,-0.24438701737260252
2022-01-19,-1.0048111623726868,-1.210502619650228,-1.5148193154820617,-0.3059171320525493
2022-01-20,-0.9933044471860449,-1.373294901895083,-1.9887677793043896,-0.4196043221486033
2022-01-21,-0.9522733673097816,-1.5999952181695423,-2.64091431256502,0.0780816883657755
2022-01-24,-1.1321795571709083,-1.813970550762661,-2.7987873375746477,0.5867735214100682
2022-01-25,-1.070745429124974,-1.9245428674187088,-3.0,0.4153124975706471
2022-01-26,-1.0686083355008273,-2.073693137928895,-3.0,0.04625308790673994
2022-01-27,-0.9673689161956466,-2.247169171391711,-3.0,0.6632558331648876
2022-01-28,-1.0004007655742058,-2.2655100560008163,-2.5889431566917698,1.2138623615432784
2022-01-31,-1.2167272555111133,-2.172672045701804,-2.2422659620212646,1.277587117739807
2022-02-01,-1.2291792422778658,-1.793218191810387,-1.7960348288697097,0.8112790208466473
2022-02-02,-1.238428035057335,-1.7288866246565784,-1.7663180212096583,0.5722801535877883
2022-02-03,-1.2278068563513762,-1.95945101107831,-2.107364428843359,0.8518537245889577
2022-02-04,-1.2657114193237011,-2.1593264546071884,-2.1853885759473064,1.1247264791004679
2022-02-07,-1.2757895535672383,-1.9539223739198732,-1.9196518274998737,1.2544289289314718
2022-02-08,-1.355345413225046,-1.8534243340881054,-1.9256483131753768,1.0917343074277561
2022-02-09,-1.35532386954691,-1.6825381881342016,-1.7096588582190932,0.7152961079491189
2022-02-10,-1.331540177418979,-2.197675012351511,-2.694542702680243,0.7035449770106587
2022-02-11,-1.269510458762007,-2.1957021424137464,-3.0,1.4760636738671544
2022-02-14,-1.3163119565928638,-2.2003059349096534,-3.0,1.7473471199528174
2022-02-15,-1.3204573759527922,-2.0945975869468025,-2.6220380202424094,1.5131222586412147
2022-02-16,-1.1683769479099344,-1.8193131033948926,-2.294015857273948,1.458060624308384
2022-02-17,-1.1449477243670318,-1.8429013070334324,-2.505523596723754,1.5348235051939505
2022-02-18,-1.0987666773190032,-1.9091205849624437,-2.3658777860716227,1.6419995655291475
2022-02-21,-1.0728856584686943,-1.709989593115448,-2.1257606305230765,1.6193034112403846
2022-02-22,0.2742694597961139,-1.6092492932290592,-2.1091363837131585,1.5544077968355754
2022-02-23,0.17284733305826083,-1.7105087553232792,-2.1717501138402824,1.478202112142872
2022-02-24,0.1917765878959759,-1.8894178537814383,-2.0635018417988142,1.9831664051081013
2022-02-25,0.29222390250054625,-1.1214506143297451,-1.2769885110888843,1.1337021105674032
2022-02-28,0.0025794410186873993,-1.015211188055388,-1.4567900915824865,1.4124023148981038
2022-03-01,-0.022953479987629873,-1.173661342402824,-1.9888843156683982,1.5815295262316915
2022-03-02,0.05066878935592745,-1.3846481542860076,-1.6690122130485947,1.2366805112820185
2022-03-03,0.07695818266073995,-1.4780038943748939,-1.779609661681912,1.2000689464770533
2022-03-04,0.21541326713370418,-1.5337156724393801,-2.021693076830264,1.504740450998464
2022-03-07,0.16742062080720987,-1.8183388393899944,-2.4187636068084086,1.731249323406809
2022-03-08,0.16460319676646853,-1.9365799064975053,-2.260216089703101,1.734446935430418
2022-03-09,0.22685449641384212,-1.7671651194096527,-1.899437596623951,1.6215641561264063
2022-03-10,0.2444366574700889,-2.1205746518372313,-1.911079126172239,1.7472931358210526
2022-03-11,0.19576507188489356,-2.010154771705231,-1.9220866005612747,1.813766322355491
2022-03-14,0.22870298278815404,-2.2918177937947757,-1.957025783944989,2.059932161749697
2022-03-15,0.2706920962592659,-2.0405680838067664,-1.7927397887079386,2.101880911021088
2022-03-16,0.26913837562878284,-1.5077815000079964,-1.1630728742378968,1.697670996580968
2022-03-17,0.21452938373951064,-1.0060599477108145,-0.17289256900743574,1.4262430461764837
2022-03-18,0.2620786837413074,-0.8053383152505714,0.009069730432497649,1.4206546245329295
2022-03-21,0.2890409092572059,-1.2224135872205009,-0.14223896967218336,1.2500297225683448
2022-03-22,0.2974528369285689,-1.2172875315809204,-0.18941393024480407,1.42116316254395
2022-03-23,-0.8458435174534509,-1.09995904195514,-0.30708797924211656,1.3698501377404193
2022-03-24,-0.7496692981672815,-1.078199328679187,-0.16581600298624027,1.3236436105450105
2022-03-25,-0.7434222410916805,-0.9240062453850172,-0.02552507607678494,0.940558946539672
2022-03-28,-0.7062780238287426,-1.1440787504715921,-0.313256235886788,1.013505444288836
2022-03-29,-0.600193775040516,-0.5352184808042475,0.13803411067818402,0.5498604867512508
2022-03-30,-0.6130384183900757,-0.27389291521144915,0.2618446156423182,0.3791998037405764
2022-03-31,-0.7314775086276598,-0.1630429725841861,0.05755532016794229,0.5818660108537069
2022-04-01,-0.7786763772333868,-0.18032121470329848,0.17298764910348657,0.5358054874276675
2022-04-04,-0.7250856447693451,0.3536055841342446,0.5673257355673835,0.29861048755350317
2022-04-05,-0.7554046143151634,0.5453232664245768,0.20516328799512845,0.25183485662631117
2022-04-06,-0.7221062180077873,0.433373809584291,-0.14170712182553422,0.8833517167888703
2022-04-07,-0.6667649933168202,0.13468234216317163,-0.38325717664950265,1.1274593625846243
2022-04-08,-0.5679630198158474,0.0070556776261044805,-0.4528997290878887,1.261223548530624
2022-04-11,-0.6199327532932322,-0.22873052701566624,-0.832158463896527,1.757256741936773
2022-04-12,-0.6426245635358371,0.11463943883968045,-0.762137449254855,1.7588203084244618
2022-04-13,-0.5819751668362245,0.1738437300715065,-0.5743561834225526,1.7837217950353514
2022-04-14,-0.5824002035497203,-0.391633356934862,-0.9294876254347053,1.624158369827725
2022-04-15,-0.46965373672105465,-0.6620873258670621,-1.0212082263618518,1.602945076681652
2022-04-18,-0.5056189662959839,-0.8014640066785944,-0.9571865104550638,1.5029756860553947
2022-04-19,-0.498949148292896,-0.7277989384300969,-0.8774718708442008,1.3797017691941795
2022-04-20,-0.47791660600778785,-0.4516063232651915,-0.7340055775226351,1.243413826373255
2022-04-21,-0.544533048912948,-0.783608939968408,-0.9490444804625336,1.113472938876211
2022-04-22,-0.4841703210420603,-1.0639929238423105,-1.6027861571870319,1.5106236234020334
2022-04-25,-0.4425342496966885,-0.8802177609551938,-1.530619477715207,1.761280072631515
2022-04-26,-0.41170135991952334,-1.016686325228141,-2.070835809578587,1.7310165396594552
2022-04-27,-0.4460930333032624,-1.674025221875728,-2.1838836301421525,1.8506556718554683
2022-04-28,-0.7374451733155387,-1.6686961594312761,-1.9805823783553917,1.7061932492995882
2022-04-29,-0.7104008835446777,-2.1346926104887194,-2.296395978817778,1.9204132131800893
2022-04-30,-1.5714856222659521,-1.7125549383891843,-2.255104763290426,1.937732451175484
2022-05-02,-0.9033740968056708,-2.3084738589982376,-2.0456102489491066,2.0823526584975487
2022-05-03,-0.8304608703971117,-1.8804872396618943,-1.7356509287979955,1.8791842574949675
2022-05-04,-0.9444021134785046,-1.402316989453365,-1.274567029148956,2.0724989899342794
2022-05-05,-0.9541644560811299,-1.589947876645647,-0.7203784428816006,1.9414944853197935
2022-05-06,-0.9266824148972592,-1.831563834921761,-0.92777932794132,2.152113890290671
2022-05-09,-0.794581456789418,-1.6195207621985688,-1.2564799957905528,2.404821692672007
2022-05-10,-0.712372746643771,-1.416876584011951,-1.1895303428764028,2.3742136562658613
2022-05-11,-0.7132320680729969,-1.3810612794715778,-1.1973289224227293,2.3148030523516314
2022-05-12,-0.644385303009076,-1.3894980722378691,-1.4173546306313032,2.373496073216099
2022-05-13,-0.7874938278206157,-1.2853702392602397,-1.1431831006265538,2.236190571555938
2022-05-16,-0.9004037434286217,-1.2682700262775013,-1.1747167039463322,2.206127749139583
2022-05-17,-0.8745925944076917,-1.1237976334827515,-1.059893401030838,2.1071045525833743
2022-05-18,-0.890984493385413,-1.6247733420018242,-1.719195189763756,2.1708761687674736
2022-05-19,-0.9259908687254914,-1.4419269857636325,-1.5522517181716478,2.1329162632320213
2022-05-20,-1.0480402158951467,-1.0957232301778372,-1.421609589478354,2.040258896502037
2022-05-23,-1.1076010568247563,-0.9849475253464948,-1.150071827409068,1.980205695847085
2022-05-24,-1.204745665839024,-0.8358421665502732,-1.2191095525641664,1.9886904723042547
2022-05-25,-1.198986813076672,-0.1551384439191464,-0.7782941793756878,1.843824927242293
2022-05-26,-1.2526763358013953,0.2388622463389311,-0.3557069674687183,1.5620834323436086
2022-05-27,-1.2226110976315079,0.7309102957587236,0.009919486561963934,1.355027872608609
2022-05-30,-1.2061372161860624,0.8652393030049579,0.016021525150027197,1.335283329112549
2022-05-31,-1.2471891998463585,0.9258500702817896,0.07563026610985348,1.4087109733993004
2022-06-01,-1.2294219123239836,0.7995685328801284,-0.023911608493220875,1.3305820925481147
2022-06-02,-1.3128134327000032,0.7875862326327083,0.04734167601968656,1.3371936191765876
2022-06-03,-1.3131634394573977,0.7190983110072419,-0.19942296935607837,1.4001620606101775
2022-06-06,-1.2800713190552044,0.9509592867186413,-0.0631670979802882,1.3959335760673282
2022-06-07,-1.2362624046209607,1.1779139005029295,0.10302973663788732,1.517700398352494
2022-06-08,-1.2233094775702948,1.0406938457685975,0.055870619010666825,1.5126474799974086
2022-06-09,-1.2404313586638178,0.6596333620917407,-0.33650894750409704,1.5667283257251368
2022-06-10,-1.2506763105919938,0.0870383586671388,-0.8483218200398308,1.621428549053855
2022-06-13,-1.0981598692839607,-0.9982303287686504,-1.9484849163465325,1.841481885239417
2022-06-14,-1.0841405977455147,-1.1316727726937237,-1.7556239983757043,1.8323098465270016
2022-06-15,-1.1159827149497534,-0.4322250132408045,-1.3889985298475915,1.7387948622747962
2022-06-16,-1.131662348280913,-0.708839321190112,-0.8145371961204055,1.9328003700840681
2022-06-17,-1.1396994870834427,-0.5532710201526461,-0.6291202788046357,1.8693771338327994
2022-06-20,-1.1256027849445123,-0.6039829212021212,-0.5994732899659897,1.8353882727042987
2022-06-21,-1.087978627184044,-0.5117000308488862,-0.3807811448320557,1.7366840699573065
2022-06-22,-1.0277148834229632,-0.7753112461097764,-0.4257140409483005,1.8342313790655018
2022-06-23,-1.0929006964822698,-1.1585571880337304,-0.7507729858548479,1.8004013282987579
2022-06-24,-1.0563660445460572,-1.1935488203791627,-0.643990083231021,1.6585985460448351
2022-06-27,-0.9791657029684453,-1.4864952012897783,-0.6726950881858622,1.596388612940848
2022-06-28,-0.9480168620891399,-1.7564456331023002,-1.170816835523068,1.6446574750102647
2022-06-29,-0.8741238514473588,-1.8642713401141657,-1.399345104744598,1.8036255222057744
2022-06-30,-1.4152137058846899,-2.002532279918474,-1.516243480567833,1.8205564311936406
2022-07-01,-1.4322897354387703,-1.7220593089408627,-1.311049701208237,1.7640652390029834
2022-07-04,-1.3962779321689103,-1.5503819545824828,-1.2258162406814916,1.740112853406897
2022-07-05,-1.2879623689200022,-1.3348762188805914,-1.1068652893299449,1.6728090743793693
2022-07-06,-1.2138013728396275,-1.1783163223262663,-1.0958789793052321,1.6172401637300333
2022-07-07,-1.2249425525412907,-0.654826466241612,-0.6505101541597104,1.513309074254679
2022-07-08,-1.0024962960662656,-0.34769127628388735,-0.3041086630246884,1.4567488952590866
2022-07-11,-0.9475795818405967,0.014052189163364655,-0.5430166905972936,1.4518965909129362
2022-07-12,-0.9791130807501763,0.7737488023406137,-0.4664571872973724,1.4187000314515934
2022-07-13,-0.9242437506518645,0.8660585313986165,-0.6159767555054364,1.4024396759882147
2022-07-14,-0.9415161801355443,0.3915330847182188,-0.8205177389623733,1.418163571560274
2022-07-15,-0.9084384808294711,1.1416039126196815,-0.031992745123380587,1.3265230258645784
2022-07-18,-0.9075949689349477,1.21906008483415,-0.052446397830754096,1.263684143944254
2022-07-19,-0.8879061792162718,1.597045783430674,0.41356450330676864,1.1781453754148936
2022-07-20,-0.921559969998557,1.6468281314541473,0.48662808789610873,1.0525840149073946
2022-07-21,-0.8927781950857856,2.102231246614475,0.8184535016899845,1.058113489740605
2022-07-22,-0.9279045231348227,2.1430508927652627,0.7049374782290835,0.9854718825740607
2022-07-25,-0.893280913115199,1.8102311269269078,0.42935969011565844,0.963790587659678
2022-07-26,-0.8746446728980309,1.6954324474237688,0.22352035179857369,1.0126062973455394
2022-07-27,-0.8939723123245661,2.0949377402814906,0.7444368091548973,1.0176419623477282
2022-07-28,-1.030827503419408,2.5547576114452264,2.2451041422300615,0.9099968171245204
2022-07-29,-1.0211168220941327,2.814080541221245,2.4889067405614926,0.784686892485436
2022-07-31,-1.8777308179329264,2.9252775788210994,2.3493280950378295,0.8077301862938144
2022-08-01,-1.0496278933329741,2.547030348748894,2.3310840509710022,0.7577777291109759
2022-08-02,-1.0137333953539842,2.3723476700194253,2.104038281527076,0.7304066819680333
2022-08-03,-0.9012517039935131,2.5012309784507942,2.2322525652377427,0.6662933127873212
2022-08-04,-0.852227383826564,2.1877367142248305,1.9887914720330666,0.6619219452991082
2022-08-05,-0.7228044095846506,1.9666063638765008,1.8435564094432138,0.6469453344549917
2022-08-08,-0.5265150104487204,2.033684819103865,1.9356593690182602,0.5995131689160612
2022-08-09,-0.5148688966344883,1.792531925169356,1.611084601142455,0.6293278677770254
2022-08-10,-0.5217387059623022,2.154316820574572,2.148920884716618,0.549492223860584
2022-08-11,-0.5411979625841998,2.111791373120598,2.1672374313183473,0.5137429115086679
2022-08-12,-0.47648171960687014,2.2162349526876497,2.2014390317055867,0.5334222429430503
2022-08-15,-0.521551481811467,2.1292259288292663,2.0337610464696123,0.5073653912853047
2022-08-16,-0.49764558565386807,1.8851295352419408,1.6869040774316917,0.5210681372952117
2022-08-17,-0.7320912720306526,1.4857743804919148,1.334507397149445,0.6294973000773328
2022-08-18,-0.6853013150852943,1.4190057791878972,1.2978688179797349,0.6521666542323403
2022-08-19,-0.683889973965307,0.9726397939374722,0.9841952581957077,0.7401239498424705
2022-08-22,-0.624015302116163,0.7068816929602327,0.47374867171608853,0.8625144311367431
2022-08-23,-0.7204864282214664,0.7016616469074834,0.4890827040700234,0.8917633554715694
2022-08-24,-0.7529735910131444,0.6740589441639611,0.5156517251473607,0.8534848376557558
2022-08-25,-0.728226829876202,0.6854255238925321,0.537878135833732,0.8389489610631682
2022-08-26,-0.7062766375317397,0.3379326960500905,0.003546795313198155,0.8721375686755006
2022-08-29,-0.6670658887374163,0.13477663449574404,-0.2395562215597485,0.9427895361053859
2022-08-30,-0.5864295217289673,-0.042946313076056425,-0.36245218505140064,1.0084621597300603
2022-08-31,-0.7062649185647322,-0.1948055737188818,-0.49013842431377647,1.0831981698095299
2022-09-01,-0.628408707806443,-0.3984422954481614,-0.5144133564057193,1.095938184919329
2022-09-02,-0.6865066018683456,-0.3470784670448418,-0.4827205798470927,1.062551929305775
2022-09-05,-0.6469794089812402,-0.24462936682732941,-0.5204695085493269,1.0625497505211041
2022-09-06,-0.5882647509001865,-0.3158359179370122,-0.4672721265323388,0.9869046475512735
2022-09-07,-0.5340276106685379,0.18702219683187332,-0.021092158304833703,0.9692981035036321
2022-09-08,-0.3769180181909583,0.12992665933704514,-0.03877970568299696,0.8532005282540294
2022-09-09,-0.3638865919713554,0.30711402370459484,0.12078807400592637,0.7061716783647288
2022-09-12,-0.31411586177054884,0.3358421786546791,0.18854506305042756,0.6521074021642107
2022-09-13,-0.20210746698547002,-0.13550786547283275,-0.5451419697062373,0.779081325431391
2022-09-14,-0.21910026808688426,-0.0912980004746807,-0.41804640241365454,0.8173016543061329
2022-09-15,-0.21010121415945684,-0.12842890390271308,-0.5083013413826213,0.8405215578189253
2022-09-16,-0.16733734639656828,-0.23967492067786428,-0.5981484701005311,0.9880498360193188
2022-09-19,-0.12578482158844567,0.017247636586639685,-0.3200384307271179,0.8868954485664828
2022-09-20,-0.13431509163417732,-0.292883519287914,-0.4924922210901268,0.8839369644134325
2022-09-21,-0.09375911287887406,-0.22782061992885413,-0.5879266312406448,0.8680344575105653
2022-09-22,-0.10528340277908656,-0.46503528506814806,0.2376288860252115,0.8920350247056401
2022-09-23,0.021477905950376287,-0.8262372373800319,-0.13381148035604282,1.0296372182195137
2022-09-26,0.08360880612504337,-1.1165011549150918,-0.3304561399606715,1.0337787415623247
2022-09-27,0.10135343518350658,-1.1115409650518362,-0.626777184613832,1.0110583419591044
2022-09-28,0.11723552531822487,-0.8947805589681339,-0.3200605598206822,1.0642006431706663
2022-09-29,0.23493436503327034,-0.8650909004163942,-0.43297023457326905,1.0623541835838008
2022-09-30,-0.28783586081588136,-0.7866544103705174,-0.4002603356379854,1.017883565659781
2022-10-03,-0.3635726158632714,-0.5238192608281682,-0.22521034722477673,1.0370427984792028
2022-10-04,-0.41360141861504196,-0.09819513610409716,0.11660840396687867,0.8472729797925204
2022-10-05,-0.3642969445533838,-0.07855476030969981,0.1786285700933145,0.8206458444239926
2022-10-06,-0.36678606693110183,-0.24372980217984497,-0.01851424960072465,0.7269981373636623
2022-10-07,-0.4030907187199561,-0.5502915209177449,-0.2825103366479335,0.761354906981946
2022-10-10,-0.19428238951461937,-0.7457366802960513,-0.5156978611820463,0.7643191337426284
2022-10-11,-0.2277537603889898,-1.1914977633565083,-1.057028225819992,0.8624338093848948
2022-10-12,-0.19738076883294683,-0.9709980659255792,-0.9996364566525865,0.8470712409417513
2022-10-13,-0.15813029295014774,-1.0406848358565592,-0.9900062241972939,0.7960275075227483
2022-10-14,-0.16139513488024174,-1.0453934889038683,-0.9498444048939068,0.7309646899500548
2022-10-17,-0.19060070195796716,-0.6335091007336167,-0.5209241882581896,0.6379524998791034
2022-10-18,-0.1120538680349307,-0.4455387852560491,-0.4757399459446649,0.5853513925507718
2022-10-19,-0.10711140104266004,-0.47748241627554,-0.6354823459923448,0.588391502381745
2022-10-20,-0.13104576334144533,-0.5599963337222984,-0.562948195020823,0.5328644030805064
2022-10-21,-0.15936610008597965,-0.29430817932638986,-0.4251613422379305,0.5911091394318895
2022-10-24,-0.2214105510709314,-0.05055129224615692,-0.2651752578650461,0.5506025518320109
2022-10-25,-0.17896232457986166,0.4513023433572632,-0.0036555975009363822,0.5213141722548597
2022-10-26,-0.1341025162642269,0.73848303964424,0.37836458836883236,0.4680805817175914
2022-10-27,-0.1784433209141931,0.8816586881312016,0.4363571028991205,0.43110903267075507
2022-10-28,-0.20502125104119748,1.3165004582069153,0.99391937878499,0.30101336181536476
2022-10-31,-0.5237661513708066,1.0414160146081994,0.69456197358848,0.3697608523575705
2022-11-01,-0.4611900928938048,0.8627951154464611,0.6605617353467386,0.3686285303304288
2022-11-02,-0.43454273255709974,0.45015915834376385,0.14550121123842594,0.39372910685184787
2022-11-03,-0.3856885553916112,0.2213741496241558,0.7133725604156227,0.5083802076775438
2022-11-04,-0.3713185775799033,0.4218774780038755,0.9805178316339026,0.49317406084717963
2022-11-07,-0.3858303027586181,0.5444881146818054,1.0668121960567158,0.4661448517921227
2022-11-08,-0.24799795279241416,0.6214649954157808,0.8046279513087387,0.5204032847757396
2022-11-09,-0.18155299312663312,0.6506522418117415,0.572782138683286,0.6756637481664665
2022-11-10,-0.22417618176713847,1.4978114836774037,1.3441138809341986,0.5297365033151494
2022-11-11,-0.24365558619940453,1.4935570174224906,1.3469346165592548,0.5346364399285923
2022-11-14,-0.20454231506628037,1.7224650761904952,1.3643468007316049,0.4818714512589271
2022-11-15,-0.14165237578645304,1.7126014392544515,1.1256309339565769,0.4755427513159558
2022-11-16,-0.07016182862336859,1.6625393911652682,1.0175060135606349,0.5246792398674477
2022-11-17,-0.051910432471851516,1.7596209800740865,1.1170777255146098,0.5549474758300514
2022-11-18,-0.011776945621426354,1.8783994575602792,1.2716367274194906,0.49599286036842477
2022-11-21,-0.025999957261755312,1.839410557479962,1.2676723829097647,0.4896491339853461
2022-11-22,0.012860579250705441,1.838602913880619,1.336293688568709,0.4239113634234193
2022-11-23,0.0012324525105656993,1.946287839817984,1.5124215175576168,0.3660117011239283
2022-11-24,0.04781076599239309,1.834787977530654,1.4858942234125279,0.36334236661236574
2022-11-25,0.06875978750983755,1.8072975686659958,1.4443659962643671,0.3717778371054065
2022-11-28,0.1379412731280542,1.4640109587021488,0.8479245412575587,0.47336932404196363
2022-11-29,0.14772537870105837,1.487632756349724,0.9582167437783571,0.4708438393215868
2022-11-30,-0.2297637213329963,1.715188591577094,1.2305101780505916,0.38802428369167435
2022-12-01,-0.20425381279093255,1.8469802325756948,1.368439567304816,0.31270872609991723
2022-12-02,-0.16758863755810433,2.0023210123225255,1.519608715296009,0.33240480962119484
2022-12-05,-0.05339451316028562,1.6432523847223763,1.1219113354385217,0.26820081415490765
2022-12-06,0.02481394961862932,1.4378201235639148,0.6721487287126834,0.4073150781153556
2022-12-07,0.10265065723873155,1.413073862788081,0.6260226464492272,0.5032393560430515
2022-12-08,0.22144785041561169,1.5319093595582831,0.9546600788295274,0.38606893702085515
2022-12-09,0.28060952822875757,1.2254157800682728,0.8297862143228354,0.2881727111737536
2022-12-12,0.22139368932046952,1.2969772707242218,0.8146148537860934,0.22440799967731334
2022-12-13,0.24238702503893522,1.3972756744531742,1.0986424699603514,0.15529559541495358
2022-12-14,0.2703930254275763,1.2498746327203676,1.1509035012064435,0.18443273996363874
2022-12-15,0.2323308103288307,0.9755739857712139,1.2836420854002062,0.368509223045315
2022-12-16,0.19856454089048606,1.0337264895923672,1.2035012266314302,0.49416359498220463
2022-12-19,0.21218072810460295,0.8431836550005656,1.1083372525537,0.4938375193739172
2022-12-20,0.07159119076791252,0.7112053116992485,1.0758727885293873,0.49755977454375905
2022-12-21,0.06995837458704285,0.9007181098487377,1.3770063600952147,0.370826318662968
2022-12-22,0.23837343538363562,0.8158676701869517,1.14930027877228,0.4207983795278368
2022-12-23,0.22769211894358968,0.8760743205478562,1.4675559179484807,0.4055996660915449
2022-12-26,0.9214141393274733,0.7432335289191475,1.343957468585019,0.4024019367137132
2022-12-27,0.1952861452110145,0.8312422254320914,1.4878561964264887,0.35850217801498735
2022-12-28,0.22289320686458153,0.624682328866802,0.9664973472030568,0.5837080881700641
2022-12-29,0.23904577816362674,0.49363714396236846,0.9744723695281707,0.6205320943526246
2022-12-30,0.24729296657782557,0.2361393673959435,0.8131020186267998,0.595396471454156
2022-12-31,-1.861788696965669,0.17761521456674362,0.8190186559434336,0.6168810781293738
2023-01-02,0.8573935952793296,0.2584726842337487,0.8654008049337729,0.6118124250456316
2023-01-03,-0.8374097332630874,0.5729651562484898,1.1179435713376438,0.48285153990661955
2023-01-04,-0.7271259791642908,0.7230398229701889,1.155506847132442,0.39060282367875776
2023-01-05,-0.596968956261925,0.6474842554612807,0.9620593946875533,0.34358408441639143
2023-01-06,-0.720953485558829,0.95415923427071,1.2063138721467446,0.2037209477678926
2023-01-09,-0.7167450154243614,0.9991325928195053,1.0536224850394618,0.07535223596720372
2023-01-10,-0.5548603186041519,0.9327327137083397,1.0850913255371606,0.04826386870376448
2023-01-11,-0.5270935917371522,1.02704843794143,1.0054821307161248,0.028823565468712713
2023-01-12,-0.4549711339656416,1.2606904444394536,1.4225199472937302,0.019797893888401256
2023-01-13,-0.3573984523041785,1.4040423024885373,1.6421844754008006,-0.07745242462397457
2023-01-16,-0.32583770428799014,1.5262425038650531,1.6319570566922772,-0.10535596647986759
2023-01-17,-0.415363877194818,1.547921796980986,1.4859739223363269,-0.10926254218053026
2023-01-18,-0.4892146067418119,1.43811727181121,1.0373558869494421,-0.03186269021687725
2023-01-19,-0.5221150369561354,1.2673799867689033,0.8957857227459706,0.150307010963228
2023-01-20,-0.4862469747499094,1.2218276352791875,0.9747196457965066,0.10053220455431341
2023-01-23,-0.48548194375962256,1.2909995719445895,1.0909211281011877,0.0026794279812408033
2023-01-24,-0.5015857556245387,1.2339894600282584,0.9408379346728135,0.07733163412569528
2023-01-25,-0.6084476470445095,1.4638980908805292,1.2256996573913317,0.10303595802855084
2023-01-26,-0.4672619994904565,1.4154467961538733,1.2149166499464874,-0.025238410728100517
2023-01-27,-0.4148545140918664,1.450545681953406,1.26533771954516,-0.033405935419924905
2023-01-30,-0.3657937614903602,1.3948311924454107,1.1384454392432735,0.015708544320588883
2023-01-31,-0.10819180060129713,1.4026260275417837,1.1675803904416928,0.0615954111658854
2023-02-01,-0.13541930527695165,1.3907340277884659,1.2390603508925042,0.06531454057816102
2023-02-02,-0.38848145936452627,1.556634178320339,1.6562239593377777,-0.5643613547244498
2023-02-03,0.023842349620163673,1.4239016621216312,1.5947548692811686,-0.5390380568822586
2023-02-06,0.018786321757237594,0.940635204760342,1.0974022175986358,-0.46046619594698257
2023-02-07,-0.0359214041677613,0.778432025879732,1.1265669908106755,-0.45815877474849864
2023-02-08,0.20553321401986896,0.7361351084185653,0.911766551933978,-0.29994632504551344
2023-02-09,0.10727320947209709,0.5370019230536194,0.6682935813561807,-0.33595843658102575
2023-02-10,0.1170938214363774,0.1744992142005928,0.4352194085917565,0.006274368828348688
2023-02-13,1.5157437618423515,0.19892682596981995,0.46966066099944426,-0.01197946597666412
2023-02-14,1.5023582259739787,0.18830882249486078,0.5532009139673243,-0.1459549319084124
2023-02-15,1.5762634758157192,0.12751852669367944,0.5838688590725772,-0.09456326498041215
2023-02-16,1.4179144532582668,-0.08057621918357356,0.3379027652210239,0.011345818060986458
2023-02-17,1.4563778821916245,-0.05878327019855783,0.37409195822173746,0.21962169795591208
2023-02-20,1.4230308887429621,-0.07785521460048458,0.22885290525779553,0.21678523380201745
2023-02-21,1.3768843336799013,-0.44393251785086335,-0.1854956517425252,0.3591060842896674
2023-02-22,1.420950084891085,-0.31490793256002897,0.02577865996975733,0.24222135404791945
2023-02-23,1.5017427172282407,-0.18468990069796123,0.24175164925217105,0.06344644710032325
2023-02-24,1.555699696050315,-0.4438680919716628,-0.032493501811329976,0.03386570159819843
2023-02-27,1.6060692083191495,-0.3494829806482309,0.15625358300412334,-0.08917300210033753
2023-02-28,1.3419115341233327,-0.33878386636596863,0.1813303172624937,-0.07512290277609493
2023-03-01,1.3108752784031212,-0.33396383814426944,0.23691055182993767,-0.1596174573553877
2023-03-02,1.2244006039780606,-0.376479744683663,0.3154566665087323,-0.13506464623795014
2023-03-03,1.4223575494675356,-0.36467080050481593,0.36351018989503675,-0.3611636687048591
2023-03-06,1.3900319504541596,-0.2319701809529751,0.4484152030741547,-0.5360888786545117
2023-03-07,1.5010967225943157,-0.24907915651145904,0.1795924554358867,-0.5096478029317898
2023-03-08,1.8811019706101295,-0.4146764670900004,-0.07205573327798069,-0.2833023580420812
2023-03-09,1.9065473246004316,-0.6072289538989667,-0.5406576010809747,0.024917948478849587
2023-03-10,2.047191909262568,-0.8290893190716335,-0.9353543074209476,0.46189017286988504
2023-03-13,2.117009704639605,-1.111204388964553,-1.1765618261385724,0.9158543854969042
2023-03-14,1.1234191776589961,-0.8573118164445533,-0.6247304164803219,0.5488047607991385
2023-03-15,1.1044747178390497,-1.241708526263131,-1.018478981968844,0.9221539948845044
2023-03-16,1.3017239696588594,-0.9256929755067942,-0.41507988565149223,0.6062894736146895
2023-03-17,1.3560271603951353,-1.0209493005591561,-0.6484406126387442,0.8862999457136027
2023-03-20,1.260597880672592,-0.9547744779961529,-0.6639871620525604,0.8615759331187383
2023-03-21,1.2012379841440946,-0.4779617087954747,-0.10602644647177882,0.6326363250424389
2023-03-22,1.1815704235348679,-0.20078911598442659,-0.2952265041360181,0.8208138475450605
2023-03-23,1.1459210542587732,-0.40035270161846287,-0.21330061940143888,0.937925597438689
2023-03-24,1.326475683390322,-0.4835855729143968,-0.1754154684690542,1.0426445003267166
2023-03-27,1.2399884616921177,-0.3825941985075014,0.0685055609355464,0.8301423440308091
2023-03-28,1.156911861923629,-0.5254418502477579,0.023416911792880944,0.7880771339467977
2023-03-29,1.0899636237226333,-0.20209746972310125,0.34625950708010217,0.5644706553633697
2023-03-30,1.0672926695121208,-0.04381189228035027,0.3288787678231476,0.4659601445026039
2023-03-31,0.3456382032591327,0.20461017939326004,0.7033790859479626,0.2601691896012178
2023-04-03,0.32373201605146446,0.025974549545816072,0.39961812054266843,0.2550085651337623
2023-04-04,0.33912072479089433,-0.12371783617788008,0.06809139477207769,0.4575321019733192
2023-04-05,0.230901755044986,-0.2918232147186214,-0.21504179348859576,0.5990814636556514
2023-04-06,0.16564062107956162,-0.12811515488145925,-0.027473790442320994,0.5826699371918087
2023-04-07,0.8789818951931502,0.023897767666228847,0.2860107531212338,0.5778165613924551
2023-04-10,0.1327572703497161,0.23275432172430982,0.3781823903354908,0.39359704352996666
2023-04-11,0.18934334194600752,0.824624635570751,0.8658204230123454,0.300557283474976
2023-04-12,0.19449277813958754,0.6551979018460818,0.4866344181336938,0.27658268832372973
2023-04-13,0.18522283187486402,1.1827386965837554,1.1961886019353722,0.07356531239118515
2023-04-14,0.22089828470145245,1.0645283243295611,1.0087569819899125,-0.004886790650472554
2023-04-17,0.36608912345155187,1.1554122964497044,1.3363807707985964,-0.038883516541686564
2023-04-18,0.3553963937720525,1.2663432629424691,1.3041008697114627,-0.10284435163739737
2023-04-19,0.3373168820987302,0.7348468366612356,0.7873337783430662,-0.03043304803646984
2023-04-20,0.23389696674888097,0.5719206092037881,0.7794173956187729,0.16446316171956676
2023-04-21,0.3330588851135795,0.7211404840443622,1.0625841804184173,0.029247018425697678
2023-04-24,0.31767098755402506,0.8621870867326659,1.1536896620922075,0.049464831003012535
2023-04-25,0.3822565005961117,0.6694651420984866,0.5412045430880125,0.31785308241436827
2023-04-26,0.4313464641022518,0.6322917977875984,0.4311758083674423,0.3045351105684767
2023-04-27,0.37106879400682347,0.5790967188704106,0.5723141895993881,0.04818103420144161
2023-04-28,0.5641291057287559,0.460472138392026,0.6433948682959827,0.07450190970174779
2023-04-30,0.7366673976574373,-0.016167933737432662,0.3804480326993686,0.1251077646109079
2023-05-01,0.7698135804967499,-0.10882965400052222,0.34589000577037976,0.004728254000272099
2023-05-02,0.7926560338056486,-0.15812785038641494,-0.016980079514608143,0.3995711080576108
2023-05-03,0.8801482235027392,-0.05177653551944855,-0.0985181892059905,0.5111013626899807
2023-05-04,0.8782829185421105,-0.3419494688973153,-0.18136579816881163,0.6980860257093477
2023-05-05,0.8989692055693512,-0.1757008562329828,0.2827654534945103,0.43607509176797465
2023-05-08,0.849831384055782,-0.2476265069665059,0.2541866728414237,0.3729143513381726
2023-05-09,0.8589453585801312,-0.35034039128994526,0.09812949279484928,0.39983523162351287
2023-05-10,0.9303459177394292,-0.23527591728142133,0.17482882427599053,0.4433381302045757
2023-05-11,0.7441834551397977,-0.33192389331987454,0.012391238638473535,0.47999287734018903
2023-05-12,0.6176416538848951,-0.4227553971636481,-0.037493842092591566,0.40578797304293784
2023-05-15,0.4535107459094029,-0.4290331310457862,0.06774830346878648,0.42742124885503685
2023-05-16,0.5095057903946671,-0.6356084347911707,-0.23750556006535256,0.4685525760979554
2023-05-17,0.43184368885875957,-0.46728642563314954,-0.017431096452821364,0.3983172012504125
2023-05-18,0.4884447432756731,-0.27302228663727485,0.35661154550101176,0.30762336923297934
2023-05-19,0.5429528951908243,-0.25097691561324276,0.22641024157401388,0.2276451490767895
2023-05-22,0.5154786212000576,-0.18442730152954406,0.3510751223220055,0.09453664399573325
2023-05-23,0.43505369991573684,-0.08156123544444742,0.34916088968814984,0.19733993537985173
2023-05-24,0.4824516280756484,-0.19562993767326717,-0.03317563760945099,0.34495865160798755
2023-05-25,0.591793502848839,-0.2003028159587091,0.12565460924284835,0.1693380839525047
2023-05-26,0.8233678253929275,-0.10748049966138058,0.3706164241264341,0.07010783725572403
2023-05-29,1.1800132303434985,-0.08219318836765768,0.4134868819816583,0.08790793615369473
2023-05-30,0.865818283214358,0.11693973130596105,0.341480754435825,0.1483223226389601
2023-05-31,0.6109341363739328,0.17451545839920507,0.23076027866073734,0.3497519069244703
2023-06-01,0.7042271388403182,0.41708083806619084,0.7880193220461673,0.27303209562743114
2023-06-02,0.7906160680688242,0.926263721610107,1.4225658949456115,-0.2755964197307712
2023-06-05,0.6206546569831369,0.8309139252271379,1.3310720401649812,-0.23805060415000223
2023-06-06,0.6619609489776673,0.9679530714961364,1.5250975549017252,-0.24205402245552252
2023-06-07,0.6375371149700395,0.9937858984141322,1.7210955132694827,-0.3476810014743046
2023-06-08,0.7113572506001965,0.8524852937458548,1.6770082688547656,-0.2210565658491887
2023-06-09,0.7023599149376465,0.9451666124840957,1.83920475285259,-0.43711611663422795
2023-06-12,0.71241479163264,0.7835926076214692,1.5420098646295457,-0.3205901409973804
2023-06-13,0.6620348335819983,1.0299607347015705,1.8205831080838821,-0.6910533976107522
2023-06-14,0.6672883878565316,1.099946150013345,1.8525487833832026,-0.7020012044894973
2023-06-15,0.6576013845021075,0.978840774318481,1.5519558750273705,-0.6391382779762608
2023-06-16,0.7192449598970023,1.1025080054536025,1.6827580773532975,-0.7401565112569625
2023-06-19,0.6802939516104053,1.0185406169809097,1.6251406274667861,-0.7366546137267902
2023-06-20,0.869310614349156,0.8682450658918045,1.358725200705277,-0.5564067419468067
2023-06-21,0.871064334286923,0.7648524527647741,1.1673793373495942,-0.34886141648192326
2023-06-22,0.8168766935565536,0.841309635878547,1.2756468054432744,-0.3640858066516377
2023-06-23,0.7390519690190834,0.5815670223622367,0.8109837950819923,-0.1629423565243872
2023-06-26,0.8064943256520066,0.39690944841737913,0.48405635423148097,-0.06484876809551428
2023-06-27,1.0779521125599247,0.5416158270207884,0.7121860922751546,-0.37516307637043167
2023-06-28,1.1023119008871491,0.5798964870269787,0.7708479803957664,-0.439236328935445
2023-06-29,1.2471242163887768,0.7153751275480534,1.0858579681265932,-0.6905369729031208
2023-06-30,1.5454606906386998,0.8480653597070823,1.3776470661173406,-0.9138376702788658
2023-07-03,1.4957406073180262,0.6291111469909866,1.0284157598783037,-1.0787707967092888
2023-07-04,1.4963967367957256,0.6093916850955723,0.9909674101347256,-1.0707179703260086
2023-07-05,1.38953992834679,0.4604630310823549,0.7646295009235474,-0.9768053788222151
2023-07-06,1.6398669923914269,0.2252302635175832,0.3953059993993233,-0.7170127963155484
2023-07-07,1.5611568244225584,0.2539471948890145,0.4923467268572462,-0.7601001469143079
2023-07-10,1.5729296448590953,0.24319048647093378,0.38827560854863585,-0.6427667309023113
2023-07-11,1.4899422937573235,0.4494465572236062,0.5496478503549113,-0.8496946567952851
2023-07-12,1.2959288332806749,0.6854476142356369,0.7291110675713621,-1.1246609365019749
2023-07-13,1.3931302147500473,0.7239429918320962,0.7022543034467728,-1.0812739930335016
2023-07-14,1.5018334799960886,0.5234501170236145,0.7054965363821557,-1.2379285358165537
2023-07-17,1.4213495098014466,0.4659562478365891,0.6603684099017315,-1.0790762556869182
2023-07-18,1.3362138173273794,0.5270122330827576,0.7282695962871398,-1.2412366686081497
2023-07-19,1.1849376615007576,0.5778151085715058,0.7513717850228238,-1.2534887076270462
2023-07-20,1.0084595386183297,0.6092542494276673,0.8944178570596085,-1.1863953795746407
2023-07-21,0.916681344487242,0.6917834469293833,0.9273125749014849,-1.2018130707176349
2023-07-24,0.8260679784045847,0.7673563374400522,1.0185331622899634,-1.3429396800891715
2023-07-25,0.9650778400707988,0.8202100526742382,1.036603138231717,-1.2618162696949766
2023-07-26,1.033362628242662,0.6995972886178972,0.892169313624085,-1.082069860233274
2023-07-27,1.2562421159563415,0.6016387815586318,1.1724185786161372,-1.3014420560261333
2023-07-28,1.276990145648835,0.6918776734555686,1.2616043407710107,-1.205138930590325
2023-07-31,1.21092912086598,0.6012956721129948,1.155276420411826,-1.2292822972233601
2023-08-01,1.2407688591566561,0.42138543373271176,1.0469210437610277,-1.1415629770808626
2023-08-02,1.3116530518358653,0.06055058408365957,0.5654988947975272,-0.8504847532341868
2023-08-03,1.3447834936254246,-6.34569080799207e-05,0.6235741731736962,-0.8011238577351963
2023-08-04,1.3518594110737367,0.35565313342790594,0.6156166444749559,-0.7025830990887659
2023-08-07,1.2904651709000765,0.3004665522231516,0.7329012621380865,-0.8245905533344897
2023-08-08,1.1401935341113263,0.2395949760491655,0.5911053937314192,-0.7397273648570367
2023-08-09,1.2675076176292124,0.1766666503442018,0.5070443620683913,-0.9177977722562424
2023-08-10,1.2203133377969213,-0.0902039143915874,0.47674828458314594,-1.156572218931136
2023-08-11,1.1377239201757035,-0.10147637421834785,0.6953164236769888,-1.143488590937086
2023-08-14,1.1353123412026658,-0.07712338298632399,0.6581894440524821,-1.224427074415719
2023-08-15,1.1924952823098738,-0.22350700703869936,0.38482140908013546,-1.077087483236025
2023-08-16,1.2738536637669875,-0.4184973088839375,0.19009523106893597,-1.1782385560525372
2023-08-17,1.392642448693138,-0.7713390521646917,-0.1639035401330871,-0.8346697402341897
2023-08-18,1.505568614015746,-0.6966710147994027,-0.1042140995133366,-0.6260844719448461
2023-08-21,1.3192009829965707,-0.7027054169360241,0.01445894582289921,-0.7715814257671639
2023-08-22,1.258682488669643,-0.7215247286861294,-0.04698242574264218,-0.8698599391630129
2023-08-23,1.1644708138449016,-0.38988973913469505,0.18696715272188238,-0.8910576639915418
2023-08-24,1.1882525496917078,-0.4919947756011197,-0.08163405480124067,-0.8852989259348946
2023-08-25,1.1887258459185255,-0.4613363714174384,0.023628942926821703,-0.8960405996276221
2023-08-28,1.1724231109085141,-0.37427774205645886,0.1575858611381941,-0.9875762970739193
2023-08-29,1.1224452771539537,-0.2928240084876209,0.27554041972752474,-0.9583523801896346
2023-08-30,1.0534200589750287,-0.15800046661975364,0.36924005027513124,-1.129472547381366
2023-08-31,1.4483347323354394,0.08043535090796891,0.5334326629678218,-0.9906466444320638
2023-09-01,1.2796966633674862,0.14277666603258704,0.6747748797466168,-1.0809900329584765
2023-09-04,1.2788145498837862,0.09673367759441827,0.6742802069466711,-1.0697938399833342
2023-09-05,1.1909603221203633,-0.14153897359288523,0.4127668220112978,-0.9973530372170281
2023-09-06,1.2292009443764385,-0.22875347814206531,0.2822329812376234,-0.9052232729355908
2023-09-07,1.2485250678983089,-0.24259864335811804,0.2813597041660398,-0.7995480029568696
2023-09-08,1.1500117038182802,-0.223479427452725,0.2319462032280974,-0.922980928565705
2023-09-11,1.0924236434594585,-0.11244018095729212,0.34348674199912127,-0.9950856551793501
2023-09-12,1.0723720668950756,-0.25056529909808745,0.1784964520043817,-0.9258308034344517
2023-09-13,1.1134926855519995,-0.06574286033118136,0.3252432576076823,-0.9018665613045882
2023-09-14,1.0897018267987852,0.13285560076564246,0.5242804632360187,-1.0690302879202522
2023-09-15,1.0910901864641749,0.241876906737125,0.6111418980464568,-1.033141502888504
2023-09-18,0.9298190894637492,0.3348106226328595,0.6640538843067527,-0.9477258796499638
2023-09-19,0.8696005955776313,0.2853273702401618,0.6019019149135078,-0.9411299510620769
2023-09-20,0.9117307659099902,-0.09065319381971446,0.44108528429436006,-1.016255429193481
2023-09-21,0.80648357721939,-0.6583558968461984,-0.08478561546232802,-0.6875179267800957
2023-09-22,0.7785125225360904,-0.584582339594251,-0.08779943857326236,-0.5696801859791418
2023-09-25,0.6763815892715407,-0.8836363743021429,-0.1822532716175701,-0.42013891123463865
2023-09-26,0.7464491384911054,-1.1231385837139911,-0.6348470321573512,-0.21174023518257648
2023-09-27,0.7274793697607703,-1.3995552733968066,-0.9351352524230777,-0.2675300347618781
2023-09-28,0.6798437317871443,-1.423399409760979,-0.899952343532843,-0.09389674945618387
2023-09-29,0.8288864393629951,-1.353892658769487,-0.8553122087796612,-0.2795032077971805
2023-09-30,1.3056291473754722,-1.44595218732124,-0.8485643547710331,-0.2802265578948886
2023-10-02,0.9886427801220434,-1.483175483206447,-0.9238238533465705,-0.04172921440796536
2023-10-03,0.9304852076632351,-1.8491502190189915,-1.443418317157153,0.3198581072221774
2023-10-04,1.0582068312270472,-1.7342440230096663,-1.3639114520207307,0.5696586838786598
2023-10-05,1.1024547179361308,-1.848496231173165,-1.4827222940948004,0.5847025303700631
2023-10-06,1.200436241745354,-1.8099102895471582,-1.3308571343233697,0.4632665307297935
2023-10-09,1.1443282187018862,-1.8074871740419483,-1.3676452956441734,0.49061529922946856
2023-10-10,1.0903041731581098,-1.3902054077206958,-0.9979631776994996,0.2854883566231606
2023-10-11,1.0763292460858052,-1.2167958038123585,-0.9176079134313867,0.27150341322997423
2023-10-12,1.001142094084846,-1.532690177105692,-1.197074443057928,0.29213564811538845
2023-10-13,0.9656654140934825,-1.5061287293831762,-1.4928767929547118,0.39971506806372464
2023-10-16,0.8004526419545516,-1.449215692579603,-1.11648301198996,0.3423851917242104
2023-10-17,0.734747491761514,-1.5861731095412792,-1.2088927671299041,0.29143712500332225
2023-10-18,0.6100394729339104,-1.7741345432841775,-1.5591788177152064,0.4462066449014218
2023-10-19,0.45180466779484574,-1.8602222029922253,-1.7144530807788927,0.5639178226716443
2023-10-20,0.5196246288379343,-1.9208603741584966,-1.794129330474751,0.8970618949910365
2023-10-23,0.575759530567052,-1.6093142384129908,-1.475198218980138,0.8675238611412801
2023-10-24,0.6364884129683382,-1.239344875043697,-1.0748318667025856,0.6553433882770591
2023-10-25,0.6119823801785936,-1.4110767302289438,-1.2417507377125534,0.5537688373876654
2023-10-26,0.8042329695991176,-1.3016697112701183,-1.2600655678975743,0.8632790944227098
2023-10-27,0.8403078635090164,-1.3128065166438312,-1.2989570120443497,0.9208778503234301
2023-10-30,0.684799013872448,-1.282150698714188,-1.0936560718453598,0.8332458680979073
2023-10-31,0.18794818408300037,-0.9465914467576378,-0.6342143292513888,0.6404243093980505
2023-11-01,0.22365183982701792,-0.34360862779129625,-0.2174856937326874,0.7328855203523125
2023-11-02,0.3328249684560672,0.28698763959523704,0.5579415832858441,-0.10233981488958548
2023-11-03,0.2516632718820539,0.631717215873658,0.9376066946057288,-0.43254925324869753
2023-11-06,-0.03440103124084574,0.4410259632962198,0.7197752678495198,-0.5698817869802297
2023-11-07,0.07614908695002229,0.555195239178097,0.7200345230643623,-0.2916379873123197
2023-11-08,0.11838203503144773,0.4279568394403705,0.5848078387250911,-0.29139963643941114
2023-11-09,0.10344204704462946,0.22030031384130352,0.8093636070140596,-0.3997355037350155
2023-11-10,0.10300025010265038,0.492548935417466,1.1816837794976391,-0.43266964107348155
2023-11-13,0.08340942570896591,0.641655594761348,1.264662047620493,-0.42110379608563864
2023-11-14,0.16541980378420132,1.1567826274631205,1.5463764272636722,-0.794828531148543
2023-11-15,0.22721469907138145,1.1388921644893226,1.4656125132211695,-0.8933887366578354
2023-11-16,0.20277545327254068,1.4111563880494231,1.5108927851246932,-0.4408852893559026
2023-11-17,0.30678536775884724,1.6350943003537681,1.6464288873878845,-0.5074232027441311
2023-11-20,0.22687942044992918,1.880273272892949,1.9463717454993215,-0.680352036249929
2023-11-21,0.37188975983332556,1.6897599034650113,1.789390443872077,-0.5782565005690253
2023-11-22,0.29626352431563263,1.6024815275581836,1.688540213136657,-0.6355113299904367
2023-11-23,0.2731988413746256,1.651367823003725,1.6617920262633474,-0.6308097392797943
2023-11-24,0.23811266830436348,1.5796904985490805,1.8000528375848401,-0.7475946251365333
2023-11-27,0.34539977723248294,1.6966114644667263,1.7368933479784436,-0.5653398808883063
2023-11-28,0.24813030838250888,1.7896070550650214,1.6454591960367984,-0.5218725862213413
2023-11-29,0.48885578097775884,1.9249747187930666,1.583294753129055,-0.7239409611176748
2023-11-30,0.447717147969736,1.6485686777657418,1.5942237634921868,-0.619219945651738
2023-12-01,0.4304793310262557,1.3798289945917421,1.410510324670479,-0.5198388236313325
2023-12-04,0.33288459866106584,1.1239790234994849,1.1548669936791198,-0.716935829860256
2023-12-05,0.5269607789094715,1.1942096895987828,1.0899548430630273,-0.7694344059173608
2023-12-06,0.6009475082177578,1.1533118702103615,0.9551421264792843,-0.8452907829579859
2023-12-07,0.5596017229710496,1.14353399711667,1.0204673608583534,-0.8534305602354477
2023-12-08,0.4007980692323454,1.1352068578401244,0.9798333520605724,-0.85612626069029
2023-12-11,0.4133067345451721,1.0309647364286099,0.8189691179991315,-0.7210219622730737
2023-12-12,0.4997414345897479,1.1712679504630723,0.9610394361730471,-0.7063670892176221
2023-12-13,0.39090649040590053,1.2251096681985874,1.0547289981453434,-0.5758735299781308
2023-12-14,0.3417930979944158,1.602303134274144,1.2770635224772375,-1.4502935217737407
2023-12-15,0.2250227352937938,1.6614089963337755,1.3587040418917753,-1.3110107100006556
2023-12-18,0.20139977774678922,1.5607372729233664,1.3267316890081176,-1.2912568749766473
2023-12-19,0.3354298296988395,1.4912848475350367,1.3176463517937669,-1.4662163814734854
2023-12-20,0.37692204510295835,1.4624107859179083,1.1529984440383922,-1.5865212311716512
2023-12-21,0.3024955205695448,1.4811356126807118,1.3100749344327058,-1.6153832249132267
2023-12-22,0.3325120714233088,1.427901401800341,1.4472192616854334,-1.6450411707086368
2023-12-25,1.368168374480968,1.4019967133925924,1.3733096827394335,-1.6191201899880527
2023-12-26,0.30911961914020303,1.4010015677260337,1.5350723722931412,-1.6258529958109833
2023-12-27,0.391164736330205,1.4928886474504894,1.5887405372144163,-1.6961904965820385
2023-12-28,0.2576766600841378,1.321001572312435,1.5402949541229434,-1.6629030598686991
2023-12-29,0.2017727440938594,1.4109070963502242,1.6205035031967023,-1.5582758118398912
2023-12-31,-0.16975120292622786,1.018544275461508,1.5004850800124698,-1.3727061763156931
2024-01-01,1.4650689150839193,1.2258388972970242,1.4702862739007128,-1.3555681282139278
2024-01-02,-0.43598250450380505,0.8524654846158819,1.1435070133308125,-0.9348722693759647
2024-01-03,-0.37644704245399635,0.5861964608646797,0.7951470436231317,-0.5223255182476461
2024-01-04,-0.28782869525080723,0.49033808252425304,0.6308290317881755,-0.5589992340711896
2024-01-05,-0.29115771678211816,0.4318343119793552,0.6742700428909305,-0.546751721773723
2024-01-08,-0.28527431280409304,0.6765177307685213,0.9035208182101865,-0.6645197420946839
2024-01-09,-0.31450686661254024,0.7312916569362894,0.9250082984865292,-0.7140729602868813
2024-01-10,-0.2790368376049262,0.6233306785408694,0.8887717569871498,-0.935110677501884
2024-01-11,-0.24439913125094062,0.39416504735913577,0.6614728170988955,-0.724231731151546
2024-01-12,-0.4612139677198664,0.5382022067496639,0.740329338301568,-0.6516003057452112
2024-01-15,-0.4834794981194077,0.6504770905910948,0.7783147656105527,-0.7182115134303491
2024-01-16,-0.6861034896169073,0.43320624965545146,0.574939625533349,-0.548546571579932
2024-01-17,-0.6134339785897011,0.24496991492424933,0.3806173525417746,-0.41831047853406694
2024-01-18,-0.6978612692073731,0.22911532103664228,0.36812005721590935,-0.443613492027884
2024-01-19,-0.5057267545443918,0.3470249487671238,0.5706385061286162,-0.5911264975622571
2024-01-22,-0.40918255846934265,0.4064033897230497,0.59139602507636,-0.7655810933014011
2024-01-23,-0.5528217496851712,0.31815578920847953,0.5997860441750197,-0.6894232009895561
2024-01-24,-0.5229793761584133,0.20038540094329438,0.5187931038856766,-0.8663236379079471
2024-01-25,-0.49488478164404476,0.2755454410394298,0.5378591324148186,-0.7869844299348571
2024-01-26,-0.46148504295889986,0.30229086312510994,0.5425436195227316,-0.928893808728715
2024-01-29,-0.41293400595645835,0.28018908146366717,0.44064890298762205,-0.9180341278171251
2024-01-30,-0.3811051250253586,0.1843570670980811,0.34054160851780835,-0.9237650748219143
2024-01-31,0.835320225744794,0.24645638501322764,0.21909879707563434,-0.4834868238345248
2024-02-01,2.107401971380587,0.5336736062916352,0.5134726744012504,-0.6747970526809054
2024-02-02,1.8854811194733894,0.5434475265288387,0.592673464894588,-0.8324343066932521
2024-02-05,1.7622371281985714,0.3838206058035177,0.3796300190711684,-0.6646883675756285
2024-02-06,1.7122336547328922,0.2729021775722501,0.22679261777661627,-0.5980347136285148
2024-02-07,1.615357984884248,0.19581236335628208,0.28116092979773544,-0.8961101874074686
2024-02-08,1.4436507264144227,0.03878963256831689,0.14308387801279318,-1.020359918145963
2024-02-09,1.387187770987231,-0.015136465349557225,0.2824578140128807,-1.2262023414614136
2024-02-12,1.450628829997568,-0.02542500962668399,0.20658495869979746,-1.1307281195809613
2024-02-13,1.308065000574214,-0.25260104871472466,-0.08418067661499519,-0.9934892977651837
2024-02-14,1.243282073915869,-0.030703390461894797,0.08109683624861617,-0.9164088877630261
2024-02-15,1.1861061089712295,0.23307571564600454,0.3175182913234237,-0.9268821372787013
2024-02-16,0.9277882153507707,0.057748944788529544,0.1390091479482609,-0.9027028227909784
2024-02-19,0.9074619239991156,-0.025460373205073727,0.041584737517108096,-0.9439045274740959
2024-02-20,0.9115135562868989,-0.015449341225368646,-0.05400696570022868,-0.769584934849676
2024-02-21,0.9066629148254162,0.06493866362648955,-0.021389224783358533,-0.8320666558797777
2024-02-22,3.0,0.20446209230395032,0.1560582517167966,-1.1843099973573377
2024-02-23,3.0,0.06186027329314279,0.16189324955392378,-1.2312743918082623
2024-02-26,3.0,-0.17112055803337772,0.051046100296949684,-1.2977184032023712
2024-02-27,3.0,-0.23613625625273701,0.09672737420663788,-1.1619612883739598
2024-02-28,3.0,-0.33505956129527703,-0.001328789939957307,-1.0839492967443407
2024-02-29,2.969776947937656,-0.1294064558284917,0.3493711129792173,-1.2068957100774347
2024-03-01,2.41397091566281,-0.09191692297067311,0.35095042980422914,-1.1393677086453788
2024-03-04,2.368023761053527,-0.10265565547537932,0.2709772323439952,-1.2938477278269163
2024-03-05,2.2381612543313345,-0.034486511542772866,0.1507045743601831,-1.1530041019332276
2024-03-06,2.2013758763044904,0.08119600183558708,0.2242807377960965,-1.280743800340025
2024-03-07,2.1838521557286588,0.07608959330732726,0.12023736565417635,-1.2434376936542604
2024-03-08,2.3314523190763894,-0.015142316089565261,-0.09211988865154844,-1.2431814916656125
2024-03-11,2.2357066337348157,-0.0878370410650395,-0.23222059760226516,-1.2262849976303993
2024-03-12,2.116237894966613,-0.004780366277127413,0.026890646365970525,-1.346917369772438
2024-03-13,2.066663744286072,0.19260310665917468,0.13862584522527818,-1.4106691074124338
2024-03-14,1.9798624980192507,-0.012821888555822574,-0.034351206078362465,-1.2911867738015548
2024-03-15,1.865223237203007,-0.18657977510006868,-0.11298795375875577,-1.2365428288869305
2024-03-18,1.8174835380802794,-0.14179125995205788,-0.10486401438153958,-1.2555678783033037
2024-03-19,1.8145445626694174,0.021592883161522,0.046966948504304225,-1.3542796316422074
2024-03-20,1.7053478846840724,-0.1894944553655082,0.18793644724886868,-1.2366100736257617
2024-03-21,1.7126276412408086,-0.06226682896937976,0.262368005141179,-1.4829141173624352
2024-03-22,0.2645558082526388,-0.32946596182420607,-0.017883570387514675,-1.4041613320835176
2024-03-25,0.2766492306964459,-0.3984027989977572,-0.04842144154044624,-1.2644413542977542
2024-03-26,0.2583943318315804,-0.3437060723769755,-0.018292662607694216,-1.1409637085294306
2024-03-27,0.2841787148179995,-0.1561733843768114,0.11078259844245666,-1.137609985132887
2024-03-28,0.30212811443339904,-0.018170995509758866,0.19976716133675532,-1.2014040836500453
2024-03-29,0.29349583014388775,0.060976525631916564,0.21112797640461076,-1.1885792180980455
2024-03-31,0.23452177516136818,-0.09460468298202238,0.24553654146415538,-1.1265968179560173
2024-04-01,0.4722490521347957,-0.225562153765767,0.10188679446329466,-1.165547310687459
2024-04-02,0.4649342592870239,-0.3385484625619167,-0.11674926791824952,-0.7470217090785527
2024-04-03,0.4523267249809053,-0.3810550817818763,-0.24845488999347545,-0.6859431420344148
2024-04-04,0.4083230204739393,-0.5556205800555254,-0.5360186657567079,-0.6780863082170653
2024-04-05,0.430287073791225,-0.6257375447274753,-0.45791549825211014,-0.8601657800926757
2024-04-08,0.4008648817862994,-0.534858214657728,-0.3226695234295254,-0.9345599736174915
2024-04-09,0.41227550429921517,-0.5401698821565426,-0.36042712453397624,-0.9721956495826987
2024-04-10,0.3668350268088336,-0.9092846780776559,-0.7161168710145889,-1.0427033401808896
2024-04-11,0.3505990270384326,-0.9039600019235117,-0.6148532505340859,-0.790637846423924
2024-04-12,0.33066088733014876,-0.9661370664150573,-0.9204709912869469,-0.51067784146761
2024-04-15,0.2683787919091967,-1.4276661777638988,-1.3691640036793542,-0.4391759093051289
2024-04-16,0.21071556903404648,-1.732364474756974,-1.4922093665776655,-0.18396192103287087
2024-04-17,0.22192682553868892,-1.495629634661927,-1.5864675735599099,0.02985814929041411
2024-04-18,0.18199883700059827,-1.6561793286048276,-1.6197326787271076,-0.07544599061341788
2024-04-19,0.18004677200435107,-1.505905679399587,-1.4882093506671825,-0.15476812726791922
2024-04-22,0.12241590559345485,-1.193636523559262,-1.099647148231278,-0.44290312847108465
2024-04-23,0.05262284001686484,-0.85219311580844,-0.6576557146020023,-0.7530120307970402
2024-04-24,0.0364056944685179,-1.026890328843456,-0.9229047249652392,-0.7791230287314402
2024-04-25,-0.08684259042164906,-1.1923984549575102,-0.8873990095412343,-0.5730253319104813
2024-04-26,-0.10018949024064182,-0.880468451663822,-0.5509975403621179,-0.8583889939400726
2024-04-29,-0.12852821787177024,-0.7119294459568092,-0.4671904787589228,-0.9955768919645434
2024-04-30,-0.5061388306105554,-0.9784456921323923,-0.7600394429519791,-0.7859845691342683
2024-05-01,-0.519943221598272,-0.6865456595184418,-0.5978674344514755,-0.6703727881394361
2024-05-02,-0.4695937523043464,-0.4899837764210642,-0.3637930413945707,-0.8470145200486939
2024-05-03,-0.5675245075003156,-0.15859482765083874,-0.018210573909189114,-1.1248358328802068
2024-05-06,-0.5294567205047802,-0.07439265901757015,-0.027983130561997926,-1.2657325969417577
2024-05-07,-0.47000866262658153,-0.17211274501734083,-0.1502038446219873,-1.1371996956358732
2024-05-08,-0.559725060312546,-0.3785148894135727,-0.21819622317058116,-1.000942836931017
2024-05-09,-0.6187558369030584,-0.18987244957250524,-0.08230850366900833,-0.8335347642529839
2024-05-10,-0.7085931828429854,-0.205157689765914,-0.014533788720266984,-0.9316206747385227
2024-05-13,-0.6786374391276491,-0.14485604242847025,-0.06344578633172544,-0.8478266397084951
2024-05-14,-0.6055014888703607,0.21383338179150407,0.16718157229350017,-0.844330314839945
2024-05-15,-0.6395238701979783,0.6602313905542427,0.48570283148109517,-0.8871007561622026
2024-05-16,-0.6838759418880096,0.6210523940349923,0.5656193175517059,-1.0656267629386116
2024-05-17,-0.7194511094591843,0.5615932292322243,0.580708441737485,-1.007577521302266
2024-05-20,-0.7437082017314218,0.5023495280907645,0.5000247259651022,-1.0458539809842573
2024-05-21,-0.9653119396185553,0.3515516707176238,0.35827007370785846,-1.0412018640690126
2024-05-22,-0.948986712981767,0.0009299730535558724,0.03641100798131345,-0.8899021376021161
2024-05-23,-0.8232152338538777,-0.03882158058259176,-0.05573813121069281,-0.8891050448690555
2024-05-24,-0.7698985799421716,0.19235610649372525,0.22207141231826333,-0.8403166529365985
2024-05-27,-0.7568375729701822,-0.0466143269853335,-0.007635245690687522,-0.7880520833616047
2024-05-28,-0.6802959791548586,-0.2748778276563587,-0.18660313525780756,-0.8576312756885941
2024-05-29,-0.7853599625814175,-0.2597594456637926,-0.32343384993341096,-0.5715616961508672
2024-05-30,-0.7548262010045608,-0.20457204893775371,-0.3237757283964369,-0.40676087670474653
2024-05-31,-0.19205009941909149,-0.3437845501552929,-0.2487610630584433,-0.4227664059566868
2024-06-03,-0.16934142083298587,-0.4345432254453095,-0.35330984182991787,-0.5643829565820594
2024-06-04,-0.16609074049463696,-0.6441861169305011,-0.6379814325302542,-0.3865646164895821
2024-06-05,-0.10137239964479079,-0.5871073238429688,-0.45191494187505016,-0.5299457393909077
2024-06-06,-0.05865253803591916,-0.5452668366488601,-0.44305506649012294,-0.522682370477039
2024-06-07,-0.04442667507309805,-0.6590616690468454,-0.3212243721578349,-0.6935272254742604
2024-06-10,0.060352747893338256,-0.574682726885077,-0.33442317639632946,-0.6819294350776447
2024-06-11,0.108965192726105,-0.4851329030574086,-0.30687256464893736,-0.5127815755674486
2024-06-12,0.12081782036954185,-0.27139222302547295,-0.11308055517689952,-0.9766105343635217
2024-06-13,0.15587193665130683,-0.6485513233186267,-0.4776994867098691,-0.5284785746338312
2024-06-14,0.13681399488911122,-0.9525872679098695,-0.8961398804246921,-0.216958885077183
2024-06-17,0.026773273289356827,-0.9434912555165484,-0.7884495193029406,-0.31781594008826586
2024-06-18,0.024471873003594408,-0.7741833981659694,-0.6203284379521405,-0.4298650698507955
2024-06-19,0.008077222652862584,-0.8320296893863982,-0.6271224389125469,-0.4595890267608917
2024-06-20,-0.16082522215053827,-0.7993188830117842,-0.6787120025530106,-0.48758498146609064
2024-06-21,-0.0745098256241089,-0.7834712152286777,-0.6511782092504871,-0.5685831689533069
2024-06-24,-0.03974516737796672,-0.7709792329792112,-0.6412135377407294,-0.6660337809864205
2024-06-25,-0.03483211357104132,-0.8160623216540606,-0.5390293721468882,-0.6555492864881051
2024-06-26,-0.14489935992413108,-0.9212774063652284,-0.5506558654811209,-0.6645114162901892
2024-06-27,-0.1635380522328423,-0.6145488460711808,-0.3460393991755728,-0.53350612479206
2024-06-28,-0.22838852864296266,-0.6769327042076141,-0.25245704628654425,-0.6236746763996274
2024-06-30,-1.4815936331541901,-1.1699772288557149,-0.3365485291054863,-0.539884712921311
2024-07-01,-1.1476480668121627,-0.8309926771140901,-0.0921188100356721,-0.4345704457738197
2024-07-02,-1.0769502374478666,-0.6068881706332753,-0.08399104890624018,-0.320078115374415
2024-07-03,-1.2143988825062675,-0.5024615820858336,-0.27580821100717307,-0.23093201909347552
2024-07-04,-1.1953387789884355,-0.4888122222436035,-0.2722413773557877,-0.22949842651108648
2024-07-05,-1.164814172666818,-0.279839130831042,-0.2735699860097357,-0.15193502933404016
2024-07-08,-1.3417767006542338,0.003345080476172452,-0.058890841463153994,-0.4839326425443921
2024-07-09,-1.3092347758802199,0.009972605622974891,0.10033603475074888,-0.4183716718384663
2024-07-10,-1.3137304674678403,-0.03878604708380491,0.06905484012844008,-0.6204392873127768
2024-07-11,-1.236115476412798,0.286777905819229,0.42384401932839283,-0.6136558873019343
2024-07-12,-1.234463727429479,0.6777601436241442,0.738543384240789,-0.5560811752038597
2024-07-15,-1.2652395335975413,0.6080214731477179,0.6425401893130038,-0.8362033377418184
2024-07-16,-1.1925105764740112,0.682183425805073,0.7295699926968997,-1.1017194073905074
2024-07-17,-1.0936911956605497,0.4718179326228359,0.323791725379096,-1.045175177014669
2024-07-18,-1.0603349704544518,0.2895413492823604,-0.0258408176527019,-1.018962808550952
2024-07-19,-1.0838111454572896,0.1942199127209374,-0.11562415127309095,-0.9959916413534724
2024-07-22,-1.010157457740415,0.32248074497961177,0.2567039249526542,-1.1635965722102262
2024-07-23,-0.9952959148818279,0.31368250085802096,0.309698712304751,-1.2763073698723235
2024-07-24,-1.0170145804407775,-0.043089933435576745,-0.39042754319105066,-0.9377891876876346
2024-07-25,-0.9729360314029555,0.05361358492468551,-0.2848623337094879,-1.0376475147298931
2024-07-26,-1.0365092816998451,0.22969181219739088,-0.010451970160683478,-0.9376348251589829
2024-07-29,-0.9238814636734002,0.23050828939953724,-0.21821948046094,-0.7897333301171952
2024-07-30,-0.8019073799975883,-0.05406669706987792,-0.5703710194215521,-0.4634814305049728
2024-07-31,-0.3513445607199013,-0.1280969569933539,-0.2748096578577191,-0.318036249760668
2024-08-01,-0.3466882769309051,-0.592566819471703,-0.9952013661312626,-0.0266788374836216
2024-08-02,-0.18764252467374254,-1.295129978599789,-2.215767322210487,1.068985593540298
2024-08-05,-0.14118009569687284,-2.0823359403079675,-3.0,1.4876528382769445
2024-08-06,-0.19575972989908116,-1.8050332449133892,-2.687105063526057,0.8121146193746797
2024-08-07,-0.22647161443818684,-1.671491906720487,-2.5098082200589844,0.5025542360468835
2024-08-08,-0.33695438704867803,-1.3770254816725007,-1.7508949537094673,0.21987055265487315
2024-08-09,-0.27455717027807697,-1.3601021792556145,-1.468305216083017,0.2909145096648414
2024-08-12,-0.26758012890136135,-1.5641319451736861,-1.6387850309864267,0.36161019698328517
2024-08-13,-0.18809760676198894,-1.3017316082473287,-1.2652217977725513,0.4701680842210204
2024-08-14,-0.1845649268889518,-1.066245308465323,-1.0158724119795228,0.22643737778736334
2024-08-15,-0.33180594584641865,-0.5450795013370221,-0.39866402100598486,-0.24622158589653992
2024-08-16,-0.7404882845176021,-0.22656596599539747,-0.1917825954030296,-0.280587018068695
2024-08-19,-0.7740231075086339,-0.01005530809174738,0.036967297462584175,-0.6860555934508302
2024-08-20,-0.7708259418083178,-0.15640861492192892,-0.284434453805847,-0.5456640724848693
2024-08-21,-0.7887517344639234,-0.11495835536883137,-0.29813261928703627,-0.4347082740924592
2024-08-22,-0.8728943909093742,0.1970357445458616,-0.22481129126141006,-0.6819445768916912
2024-08-23,-0.8145510247038413,0.4844535515332919,0.3593352726611693,-0.7545464361112265
2024-08-26,-0.7460818321223294,0.4506511104576302,0.3387243254920656,-0.9028598895232928
2024-08-27,-0.7063555278499541,0.42898771437261857,0.49795685341783674,-0.7841176254975294
2024-08-28,-0.7061613838332979,0.41341352648609686,0.3047221136994754,-0.6675427328806074
2024-08-29,-0.6847260969006158,0.4514917296104606,0.4928522985461225,-0.8662738033031183
2024-08-30,-0.6631296853772335,0.715683593380332,0.8476231393150887,-0.9111890353147734
2024-08-31,-0.4235275546865066,1.1916903413507216,1.4596092631257458,-0.7200935608506609
2024-09-02,-0.7449161716080318,1.852512731866039,1.73655093404672,-0.7137840489741792
2024-09-03,-0.6845217620269393,1.0431458739041894,0.4471119861722575,-0.15310973682407092
2024-09-04,-0.6151948403474232,1.074942859522845,0.3400487466256483,-0.01480826025728564
2024-09-05,-0.5874294982438135,0.8930412074697758,0.2635705331530021,-0.3162118882657171
2024-09-06,-0.5438494610277866,0.580130949288037,-0.24372242923727194,0.13713860649901466
2024-09-09,-0.29207534126881024,1.0453839673187648,0.5535750795758532,0.022732239170899466
2024-09-10,-0.24225766563207682,0.6041105181478419,0.3527664017057395,0.39030113297085023
2024-09-11,-0.2026445543215784,0.3820475706097174,0.3125690006528906,0.3061073009157017
2024-09-12,-0.23192627621159187,0.15024529576387552,0.28769765699095534,0.12131263404654802
2024-09-13,-0.258080834860004,0.2606890245010523,0.6100881133140609,0.050641930424486545
2024-09-16,-0.2228008309697343,0.3336701129175047,0.6715440146280351,-0.1847835639812094
2024-09-17,-0.21474302620133248,0.49470946166196894,0.8289141889335749,-0.4250338388731027
2024-09-18,-0.19823837020420762,0.538119477665581,0.8760935450477703,-0.5836367406786342
2024-09-19,-0.2693966614524165,0.8874210356555029,0.38454084285415013,-1.136728024886605
2024-09-20,-0.25978134303504974,0.16539567795609184,0.3300312108881193,-0.8526877157125198
2024-09-23,-0.34483007192209747,0.07557169633006222,0.3336684245065135,-0.8152782993867221
2024-09-24,-0.4302124093214944,0.1435888534319359,0.3955030188496147,-0.43102570452887795
2024-09-25,-0.41271935372988966,0.02970161249709958,0.43287285043499585,-0.5393595286252535
2024-09-26,-0.2829394605170815,0.038368363476714365,0.4712689602526239,-0.8387514587327675
2024-09-27,-0.25370158888601896,0.02015124329270071,0.05922595622388154,-0.8451583139625588
2024-09-30,0.45084726028443817,0.11169100770047276,0.5161347744500081,-1.4480235370399523
2024-10-01,0.4679317044114987,0.0022522029268428924,0.31886413779779843,-1.2502327907617947
2024-10-02,0.4351795594908864,0.3678318132989548,0.45943014973201596,-1.2580248802357532
2024-10-03,0.4805078016437686,0.32956666962512704,0.1477360374191,-1.2961487162024794
2024-10-04,0.5270999000535638,0.4173539996464515,0.39564700358894817,-1.7535842668800328
2024-10-07,0.41609050006085446,0.4369537769630193,-0.03459260893606123,-1.422890678488698
2024-10-08,0.4187177395518194,0.24771630262085187,-0.014989493178700835,-1.2559403533562254
2024-10-09,0.38155232101103687,0.5201655944693984,0.2776242994281745,-1.3422756917699858
2024-10-10,0.24438485968214665,0.4502090649484721,0.02267933960710658,-1.0458305238113375
2024-10-11,0.23655256249803236,0.43998326161789014,0.08849715167462947,-0.9682470428285065
2024-10-14,0.1594933776022772,0.35398309470393613,0.1523164024406314,-1.000814529773751
2024-10-15,0.25921904750305014,0.4191370509633534,0.16334427709345647,-1.0611592065646267
2024-10-16,0.2725892413110757,0.33753007434497845,0.1912502850881457,-1.1824811992855881
2024-10-17,0.30978156091706605,0.2014226733228001,0.06516281211418586,-1.082532871355518
2024-10-18,0.3262390835457685,-0.05217663509744992,0.13112026780733796,-1.222237203700143
2024-10-21,0.29424994088421713,-0.0412905535346419,0.07453566206704708,-1.3645283893299593
2024-10-22,0.2829870192273082,-0.23635299292040268,-0.011446179892671904,-1.178153521166299
2024-10-23,0.3062194576874221,-0.4747831397014087,-0.20258298439035446,-1.1035561986310773
2024-10-24,0.4031073620838292,-0.22283091117033108,-0.04754217139706874,-1.1906557565199083
2024-10-25,0.4579783923738,-0.328670310252091,-0.45049615400002346,-1.253602183467787
2024-10-28,0.47992435962818936,-0.09815946785452297,0.16801530418533758,-1.4043664046838602
2024-10-29,0.4905915076396478,-0.017134825936139825,0.272012789786131,-1.282790791110624
2024-10-30,0.5694292914460232,0.0556492637124121,0.43798620917563796,-1.4424170369425307
2024-10-31,0.944307532195276,-0.3312315119222494,0.040923807899860845,-1.2667973262632488
2024-11-01,0.755962904503788,-0.22869868293741716,0.35619047657940767,-1.355234529807505
2024-11-04,0.9254483408512445,-0.6033976135928982,-0.4262046704922128,-1.2056623003779
2024-11-05,0.9458501456851448,-0.1728727442780058,0.15425191199854615,-1.161304571194512
2024-11-06,0.688345818979029,0.362402363591844,1.3553256966756142,-1.06445381250737
2024-11-07,0.772813261154139,0.5973513138861619,1.4079336925131996,-0.8911642903840876
2024-11-08,0.7588286011695144,0.742936843368273,1.1660582785372857,-1.201962460355056
2024-11-11,0.7571838346867245,0.5168504521664327,0.9274413833525265,-1.1885418066914435
2024-11-12,0.8087336325288824,0.22831432304248334,0.75934381198047,-1.1207114969566778
2024-11-13,0.806167978324486,-0.19654806051748,0.7295516478098226,-1.1894888629192273
2024-11-14,0.8749767087742684,-0.3471234023267609,0.489347457524027,-1.4577481637709713
2024-11-15,0.9947233329066146,-0.6127259104210847,0.07469627161042605,-1.0423099336495598
2024-11-18,0.9468862693990779,-0.425310337180529,0.13062160429548372,-0.9338845870858559
2024-11-19,0.9471357278693078,-0.1437907831079471,0.009454814434236458,-1.0564619716170358
2024-11-20,0.9011266275648514,-0.14136306050505182,0.029343880731479952,-1.2286917596556222
2024-11-21,0.8709737615666071,0.11102053754890485,0.3597718453963704,-1.4616689370509979
2024-11-22,0.8983558090597085,0.13213677709368193,0.5572811550093372,-1.3525027146105002
2024-11-25,0.9913451874291954,0.3424419790869964,0.6828124667829449,-1.2477664960852695
2024-11-26,0.8830367625899233,-0.01966377624164767,0.5447377356579173,-1.1428490910372735
2024-11-27,0.8516940007748356,0.033443843308544885,0.5305582120307256,-1.2134939435297978
2024-11-28,0.8127762996056507,0.042208259908014745,0.5104488050354886,-1.19959319857572
2024-11-29,0.8038898200294651,0.6007157936190083,1.0437935603003095,-1.1079435036107161
2024-11-30,0.8279774141332163,0.49260940855099705,0.8696507174159256,-1.1138218226430552
2024-12-02,0.34583945432790164,0.6149799540432265,1.3300619839087053,-1.1511063283404723
2024-12-03,0.2482419110146072,0.5202145764878318,1.3499206083017408,-1.1130368402026103
2024-12-04,0.1505824521246871,-0.052106556390161096,0.6584513936962229,-1.2138011619162072
2024-12-05,0.17297501638990517,-0.217465763699429,0.6803598866852897,-1.2037598087096029
2024-12-06,0.2168798470610023,-0.6041161858707692,0.6112986850273507,-1.246474255197191
2024-12-09,0.13111599337780427,-0.7274271693083295,0.33786922120148216,-1.1171404620232892
2024-12-10,0.08670996754337058,-0.6659783582833024,0.3592563127036545,-1.0051593054325316
2024-12-11,0.00310084723622979,-0.33772604727695976,0.543680360100893,-0.8979629310929995
2024-12-12,-0.1458970439736801,-0.6150584221144325,0.4127050791979826,-0.875101761544625
2024-12-13,-0.21675984273964932,-0.4991364501650515,0.4705050272123522,-0.6507776542225933
2024-12-16,-0.2538012036774494,-0.6489224469460781,0.38501519013756097,-0.5973748691804628
2024-12-17,-0.3526587176980579,-0.6666793840204047,-0.11105101423355468,-0.43035295320675193
2024-12-18,-0.32329099470077455,-1.0462374115360666,-2.159950464583658,-0.3793178636796655
2024-12-19,-0.21121204526605067,-1.8410114829821556,-2.8133781739476253,0.007211008271780829
2024-12-20,-0.2512913465966859,-1.4769069617090174,-1.672583930098247,-0.22268096710256077
2024-12-23,-0.4171529210324709,-1.727264890398884,-1.5390239742075345,-0.2549810957149887
2024-12-24,-0.4802945552721936,-1.3945522126701877,-0.7405313068636976,-0.10747057860853362
2024-12-25,-0.45286935023600294,-1.3659130600449225,-0.7261903095595063,-0.10692220575561392
2024-12-26,-0.43316156509601944,-1.1262990469979577,-0.3154996836378771,-0.01078094501582064
2024-12-27,-0.453072758861918,-1.4320944683359174,-0.648829699781247,-0.09524146932844747
2024-12-30,-0.46541933939118346,-1.439216332381737,-1.2899455411498304,0.2531421764286688
2024-12-31,0.33876223722295457,-1.7280230459187058,-1.2146710080053176,0.06589660629952249
2025-01-01,0.3450264355327375,-1.632985984589792,-1.166727120867085,0.06492928895759696
2025-01-02,0.3984957643327661,-1.4915719454564862,-1.3298176449550538,-0.12442224198088561
2025-01-03,0.458377452751455,-1.4140555526270606,-1.0831935252405438,-0.4375547763464615
2025-01-06,0.3606378355422981,-1.372455526363559,-1.010432780444834,-0.7438229205221617
2025-01-07,0.3506324412218787,-1.668975167197764,-1.43860029111487,-0.7101608015602577
2025-01-08,0.2851813175520233,-1.74394828944009,-1.5378482266727942,-0.3687956976925545
2025-01-09,0.3094211953683391,-1.8415401505174978,-1.6232651575230403,-0.45739388119177393
2025-01-10,0.3160105002619808,-1.9373241906439818,-1.894998395880263,-0.49418584937274745
2025-01-13,0.25248028646845544,-1.9983050186609856,-1.8243000456277718,-0.41195311272720986
2025-01-14,0.270527621396437,-1.7896936145421811,-1.5924280872954715,-0.6422437973382298
2025-01-15,0.32327145525703804,-0.9189392757009193,-0.6595756049361502,-0.9120371770831908
2025-01-16,0.6041885224737309,-0.6560682405636511,-0.5733313488335089,-0.8639911997990126
2025-01-17,0.6477431952401475,0.17797875516916017,0.14024865456336175,-1.1976267166572034
2025-01-20,0.5977043389356697,-0.09124143668102917,-0.09786195358891371,-1.1832550105736666
2025-01-21,0.5471341146074177,0.28807047419996595,0.27218996393997924,-1.3265649255168204
2025-01-22,0.5491210756673702,0.08883786300547399,0.10680089282910102,-1.314667987111885
2025-01-23,0.36199531663496365,0.13833112220951757,0.28144543744216594,-1.105563378046512
2025-01-24,0.3071569874066516,0.10977386267255589,0.2435272990366035,-1.1513608545697338
2025-01-27,0.330137377471072,0.20597455822360353,-0.1824361197752603,-0.9542747294319122
2025-01-28,0.3056800758283709,0.4299423233267678,0.3415836596149958,-0.8609902458723957
2025-01-29,0.2355255601315309,0.42435475781891435,0.20726005348681736,-0.8329342728266961
2025-01-30,0.1356815369248491,0.37379715207276637,0.2716503169830888,-0.879318109702979
2025-01-31,0.4007202438269857,-0.08913625186600516,-0.20641427406673596,-0.8880770429275917
2025-02-03,0.456414740998609,-0.38051806271693167,-0.8958876346437655,-0.7204090850883619
2025-02-04,-0.07398646859795142,-0.2697345932739291,-0.8252507876029328,-0.8253972258182521
2025-02-05,-0.1031142292047465,0.16329772821451286,-0.4479217604872079,-0.9368160499618512
2025-02-06,-0.23259737237489025,0.1869642105904497,-0.11446553417143274,-1.1742261901925277
2025-02-07,-0.36951409241419464,0.020428471184667788,-0.3713572321767513,-1.0896200753321503
2025-02-10,-0.6962873816758055,0.3141115524190485,-0.06695987537834286,-1.1306579660246796
2025-02-11,-0.9393751508384981,0.5013951221756108,0.005629786695072404,-1.0175179270253407
2025-02-12,-0.9108875869977999,0.33887427122696145,-0.18006604609234908,-0.8762735002796559
2025-02-13,-0.9345380861462765,0.16536507530597122,-0.3064975486697326,-0.8200947721899143
2025-02-14,-1.0818998454513487,0.32925688194456776,-0.12808376851208939,-0.976896292438357
2025-02-17,-1.098425979933339,0.11994231860454509,-0.46333434039500815,-0.9669397406598008
2025-02-18,-1.1804626599639212,0.09799925246644249,-0.34375624969914026,-0.7285585242246133
2025-02-19,-1.1626970566030577,-0.24881283888393949,-0.7527858646340724,-0.5063189199213302
2025-02-20,-1.2578483602872523,-0.22434888595622526,-0.8011921024845273,-0.6295107279389759
2025-02-21,-1.229817474962348,-0.6180675948069673,-1.56061794976267,-0.2048905482957126
2025-02-24,-1.0267332887351361,-0.6339655170531334,-1.6575348760538648,-0.21462702306064518
2025-02-25,-0.8263432005099617,-0.5994337402084368,-1.682521802769833,-0.12228348126045706
2025-02-26,3.0,-0.6707262611756811,-1.6365657940918368,-0.3944635718762971
2025-02-27,3.0,-0.8396464862857074,-1.9627437269521646,-0.49577099213038944
2025-02-28,3.0,-0.9897687887733793,-1.704776355719353,-0.587667238158068
2025-03-03,3.0,-1.0575568781444626,-2.4610861565785953,-0.3379672491327446
2025-03-04,2.922832066832974,-1.086042591064101,-2.383988131019429,-0.09653160288157342
2025-03-05,2.8635712977515038,-1.006405801314394,-2.123133324559027,-0.40290907782345337
2025-03-06,2.7965581774973756,-1.6373914663856985,-2.815620120062826,0.04949660790801847
2025-03-07,2.645859885070355,-1.590948558314904,-2.5229570475255234,-0.0940555518295951
2025-03-10,3.0,-2.1259946388027253,-3.0,0.864677002730073
2025-03-11,2.946961740486378,-2.568372273204089,-3.0,1.24100418551927
2025-03-12,2.713838859853589,-2.546817542915584,-2.868163372868555,1.0805266406800296
2025-03-13,2.733108721401435,-3.0,-3.0,2.070059316979356
2025-03-14,2.5623832727224434,-2.5473517955058878,-2.55169364938721,1.3958138292147384
2025-03-17,2.445208961740338,-2.096702759280064,-2.060424025404114,0.9334954911649329
2025-03-18,2.452591927733867,-2.0280110931176667,-2.2099267335836132,1.2492571854401116
2025-03-19,2.293113324567041,-1.6931393666775185,-1.9337532965935693,0.9779855481681414
2025-03-20,2.2266740235034232,-2.0555109868167016,-1.8408222877015459,0.8359030686425697
2025-03-21,2.1836105652133573,-2.3309085949320236,-1.9389918124782801,1.083628482873642
2025-03-24,2.075421164624311,-1.632006979722511,-1.093132310693532,0.1484146827182133
2025-03-25,1.999040944681452,-1.6099383025808647,-1.0471739857785993,0.38412220202533315
2025-03-26,1.93441884045268,-1.8107502025718452,-1.252984711918262,1.0405668185177608
2025-03-27,0.021946592891143014,-2.031304602385873,-1.4731339286607956,1.54061658066105
2025-03-28,0.07807445335496799,-2.246748533527604,-2.144844091776571,2.444387564309392
2025-03-31,-1.1742301167658014,-2.217443763339592,-2.0727901990648196,2.566523232197101
2025-04-01,-1.1099910160367397,-1.9377004041575538,-1.8199509765569146,2.165581583661494
2025-04-02,-1.069774688640656,-1.4472874690026674,-1.9205526089810414,1.8696953204325262
2025-04-03,-0.9406007937981316,-2.9591115152433423,-3.0,3.0
2025-04-04,-0.6710048104848806,-3.0,-3.0,3.0
2025-04-07,-0.7540020505798003,-3.0,-3.0,3.0
2025-04-08,-0.5563013036499772,-3.0,-3.0,3.0
2025-04-09,-0.7813943175082942,-2.939218508364813,-2.5076432885162268,2.767127996307312
2025-04-10,-0.5089295373437732,-2.9636533062479278,-3.0,2.966938893292376
2025-04-11,-0.7293727241835019,-2.5772084555295036,-2.591869003433112,2.46293116217625
2025-04-14,-0.7862490542679536,-2.3949571838429837,-2.194784026250226,2.2190479543029844
2025-04-15,-0.6761408439349216,-2.2511867490780495,-2.0219181292081525,2.0986037337980017
2025-04-16,-0.6524556023297303,-2.1760897447760628,-2.2814585647868775,2.243733680338672
2025-04-17,-0.848602752368478,-2.0646002285252383,-1.918810665238542,1.9669542453446758
2025-04-18,-0.8371083511107132,-1.9342691554034896,-1.8867985078382123,1.9290037224758243
2025-04-21,-0.802449823257138,-2.152268883079226,-2.240464489933744,2.2076029252144966
2025-04-22,-0.9652700339432593,-2.0238998536602617,-1.9921245689964615,1.7867659510312943
2025-04-23,-1.0177079728631366,-1.4934564379303814,-1.515029511410234,1.3165883306840223
2025-04-24,-0.8329314269256881,-1.0335163222314876,-1.1425996704985668,1.321811140744766
2025-04-25,-0.7048963267260824,-0.7273447700006767,-0.8712699393260283,1.1988322728631695
2025-04-28,-0.6516468229722898,-0.5474148665776849,-0.6891007497517257,1.3294582060899653
2025-04-29,-0.6521045299909305,-0.4373941117931398,-0.5637494969512382,1.244048463890953
2025-04-30,-0.6353784811105897,-0.7223261125979833,-0.7069031227536596,1.5767420159363843
2025-05-01,-0.7155995030840705,-0.8773177114622238,-0.6252830224137783,1.1089266166198972
2025-05-02,-0.7735133385219054,0.27337559953667867,0.2045611251972644,0.8851912440936369
2025-05-05,-1.5720857491475182,1.0497625469653087,0.5368541087080768,0.9286402898679769
2025-05-06,-1.5108510664133765,1.5734765781834936,0.574463111539498,1.0496815359985434
2025-05-07,-1.3768084754106555,1.773067901796604,0.7125870857892667,1.089223869895721
2025-05-08,-1.4535256466797741,1.6012613146775945,0.4314664981746704,0.8234774861399194
2025-05-09,-1.3719868182336679,1.7001418363333942,0.6278263114138702,0.8758607749542777
2025-05-12,-1.2676832476939714,2.2301473245203676,1.1241045874996034,-0.14487440567270576
2025-05-13,-1.33522225574655,2.040618789582177,1.154682186474339,-0.28336142601535297
2025-05-14,-1.3602605719710368,1.7489996053090529,0.9535773562536722,-0.19943295170594877
2025-05-15,-1.2293070514553903,1.7764357817276608,1.100751231841323,0.15192915213665528
2025-05-16,-1.1955889717314363,1.6685336346686293,1.0293757251322695,0.0391947132009646
2025-05-19,-1.070817804475834,1.6395048358494793,0.9107186635645068,0.2568932519746531
2025-05-20,-1.0247669880943822,1.8471656370747973,1.0856951017282883,0.2230211102578228
2025-05-21,-0.974521859631864,1.3916009621785788,0.5969179247223482,0.4587850297399721
2025-05-22,-0.8261369399932994,1.042945937180272,0.37173935199911134,0.685374403665609
2025-05-23,-0.8396742573566628,0.6905302392076694,0.09362040829057706,0.9361227202384113
2025-05-26,-1.0244159445054555,0.5346561202088942,0.1508718525181739,0.9287334991891623
2025-05-27,-0.8877940157210292,1.0233428152538653,0.6864023683942095,0.35250308221266047
2025-05-28,-0.8881339889565674,0.9969426685958384,0.6189412559979283,0.3185257751601227
2025-05-29,-0.8707540025153371,1.2907500936749257,0.8129334178989881,0.2603434745147322
2025-05-30,-0.7658873774731716,1.1834629537631802,0.7061082081273465,0.6023931892001977
2025-05-31,-1.3449192376621506,1.0349773733067613,0.5043382181050104,0.6330704506385494
2025-06-02,-1.2323570081104611,0.9912021308163704,0.6407075007805555,0.4722294599801492
2025-06-03,-1.219393518879296,1.1516426812296634,0.7746331209532573,0.14187983043057803
2025-06-04,-1.134709093884225,1.2124061535006643,0.7152120718758648,0.2914994158592112
2025-06-05,-1.1144714225799057,0.9952452923214843,0.5649656167001502,0.06801693641745456
2025-06-06,-1.2327090268026244,1.0986205009095666,0.8219729447846555,-0.24343303661380566
2025-06-09,-1.297910633242322,0.681935019588157,0.3945080675700291,-0.07788002744827846
2025-06-10,-1.146689639910908,0.5273004664335651,0.3222785753253121,-0.07835746801124643
2025-06-11,-1.1640831966800298,0.6048784896872871,0.3133010396472592,-0.09478550762842668
2025-06-12,-1.0862480833231307,0.6047858617035684,0.27173933799830907,0.07319445572695078
2025-06-13,-1.0721254168417866,0.3330397243573446,-0.06254274098883103,0.12709033780015677
2025-06-16,-1.1995637717733594,0.5826686588813019,0.3010920648851129,-0.125122401837143
2025-06-17,-1.2652024404807187,0.4427812608445191,0.04092408108835046,0.07798386924606043
2025-06-18,-1.2598040528715,0.5918057280261274,0.1679946712484762,0.03248847471743061
2025-06-19,-1.2320043125626112,0.6314061237736694,0.07812511888981517,0.032233504400702516
2025-06-20,-1.2649351391404933,0.8138568154605059,0.36278143326478307,-0.11517112152388966
2025-06-23,-1.0723541261061558,0.892412283536312,0.5731377327382386,-0.20179116262362565
2025-06-24,-1.0452810998559654,0.8632998488281061,0.7415306432886671,-0.4563964312265907
2025-06-25,-1.0468849475230693,0.7887719610212302,0.8070524709711693,-0.5503127965095385
2025-06-26,-0.7633514220598259,0.823927269909387,0.8636201465075478,-0.5812542854341998
2025-06-27,-0.857879056163001,0.8795075766452062,1.0693334448025689,-0.6161565535135493
2025-06-30,-0.45634669678986756,1.2607172309526635,1.378529871012803,-0.7510551379036086
2025-07-01,-0.4822634298502836,1.3742892749849207,1.4178142347578901,-0.7864783445697922
2025-07-02,-0.6239337141015191,1.4200331224765717,1.4287506207616574,-0.6462054067265051
2025-07-03,-0.6191946246023763,1.5695601882010992,1.5449066829513094,-0.7743494089466064
2025-07-04,-0.5971101169852853,1.282630623699465,1.0717090976395898,-0.7683324893519967
2025-07-07,-0.6472563252964564,1.179940820452291,0.9704932219896191,-0.5911186931564391
2025-07-08,-0.577290424360555,1.0157741095074775,0.9192307582020653,-0.3606466642379267
2025-07-09,-0.5420452117575842,1.008745501313799,0.926063906395446,-0.4418664907710443
2025-07-10,-0.5210746301797062,0.9450501840256964,0.9331367994765427,-0.43611694719650784
2025-07-11,-0.6332581029617688,0.8639795535608448,0.9106447376991257,-0.23321506573089532
2025-07-14,-0.6746574785342144,0.8650872649379949,0.8731619970065978,-0.2890669179935991
2025-07-15,-0.6813225788676189,0.6945619374059624,0.7377405734058194,-0.15533451269303494
2025-07-16,-0.6939155555684036,0.8711546644541196,0.8722751811397487,-0.042799638334977484
2025-07-17,-0.641582398124925,0.9640921484347093,0.9718814116264348,-0.32139411650498884
2025-07-18,-0.5786133952047311,0.8985907358387563,0.8167002251831286,-0.261377071053638
2025-07-21,-0.5948075877097825,0.8684640865945422,0.721956895155771,-0.43071685383692704
2025-07-22,-0.582676538991087,0.8218026167734211,0.6915075447786146,-0.4521505261945224
2025-07-23,-0.5556094241154155,0.7449426729260143,0.7321693845751983,-0.6039569385568835
2025-07-24,-0.6705536967437459,0.7603617004648722,0.7148722666362752,-0.555497172771686
2025-07-25,-0.7313898592795071,0.711235484473568,0.7946324076996161,-0.48242627945799116
2025-07-28,-0.6888229381577927,0.6938024295364661,0.7711831547710382,-0.45802552110535566
2025-07-29,-0.6437446367770184,0.4563801476767322,0.471982949287655,-0.4967223916459228
2025-07-30,-0.5296695745024552,0.31675120495197134,0.350619732754041,-0.27862451315823844
2025-07-31,-0.589876934209655,0.2430007885262789,0.3656130065948034,-0.4009664634071209
2025-08-01,-0.4473876419452353,-0.14678456915292887,-0.2976783780519936,0.3489076187082547
2025-08-04,-0.33729847955188025,-0.004787645106371417,0.06147019283470159,-0.2043891416195551
2025-08-05,-0.31684722493778533,0.16551584838222377,0.17374275650382318,-0.2720570887408973
2025-08-06,-0.35584496853033587,0.1352398090317278,0.14416978930877625,-0.20332680182681717
2025-08-07,-0.4045054477722469,0.14418705340158305,0.12148629567460982,-0.2487659386207039
2025-08-08,-0.42513034524275056,0.13077276786665368,0.28954229088858996,-0.26265307554646844
2025-08-11,-0.40695557602422555,0.2097329191919047,0.21714680707524336,-0.258956124680973
2025-08-12,-0.32642284943509364,0.2923867129317223,0.43436368083914767,-0.24555226011626677
2025-08-13,-0.3045635950112416,0.46878697176453465,0.5319805131171064,-0.2578128558282892
2025-08-14,-0.3582894323671978,0.4701693953009499,0.5308475407254186,-0.16203394939007948
2025-08-15,-0.3356659265285721,0.4194651913919178,0.5080372543813019,-0.08465196176026493
2025-08-18,-0.35727735032798114,0.39990541422845033,0.46348143249832413,-0.07892013637963798
2025-08-19,-0.274232378902272,0.337093239654293,0.4072212871697766,-0.1126804171665808
2025-08-20,-0.2874350981460016,0.2858882322909203,0.304521858137275,-0.05057918049363336
2025-08-21,-0.6806201247764523,-0.01706099992638146,-0.0010732805334991444,0.015276020164325138
2025-08-22,-0.6538921411829968,0.2530444589429478,0.5103019026081764,-0.26304606485977877
2025-08-25,-0.6383797170521618,0.2975469044083502,0.5073907347904966,-0.4930798606435767
2025-08-26,-0.5899061642839212,0.2346868718034172,0.5700519269541218,-0.7613443627317722
2025-08-27,-0.5909028750771773,0.23186605931641818,0.5461463070810887,-0.8547951386360668
2025-08-28,-0.491771900713738,0.3038961008267142,0.5864995545359608,-0.9781870273713872
2025-08-29,-0.5440752649756196,0.09951583048732154,0.4377762729761581,-0.7914114628264948
2025-08-31,0.31179692444124807,0.2607933313687009,0.7134908046549039,-0.74759393348326
2025-09-01,-0.02327723660186536,0.19437546125655145,0.5206867894611059,-0.7416473618548879
2025-09-02,-0.05539966387273221,-0.029403763436663084,0.4254466611741343,-0.4186572982234285
2025-09-03,-0.05569621783435351,0.09147390357408929,0.49904991432629475,-0.572148386005414
2025-09-04,-0.05501151426794662,0.265507112489703,0.7058852028275348,-0.6849237596628015
2025-09-05,-0.05115701627076333,0.34179953748239833,0.7677928162277471,-0.7505254694831565
2025-09-08,-0.02873393582007059,0.35505491419835467,0.7246244363721562,-0.7534510583608276
2025-09-09,-0.08109119072438378,0.25922149343574685,0.6943361338990408,-0.6053031410493136
2025-09-10,-0.035380482304314446,0.22331954252429476,0.6084665997208463,-0.6996055159955794
2025-09-11,-0.169977527478607,0.48441756962368787,0.8880571321257558,-0.8202154362574977
2025-09-12,-0.22835544221862902,0.41452661670104424,0.8527223282712555,-0.672293466726862
2025-09-15,-0.2458493278890406,0.6099528008027651,1.0466299567481838,-0.6322075490832585
2025-09-16,-0.20558658714244687,0.5669278482750656,0.8373632127830775,-0.5739343410096941
2025-09-17,-0.31224444511509175,0.4980581400830648,0.8434764722994332,-0.553188128525564
2025-09-18,-0.2565934009530831,0.6324801786815116,0.5866391466919163,-0.6702250519811842
2025-09-19,-0.25283955654273316,0.43178358466319655,0.447325415080182,-0.503796978190509
2025-09-22,-0.26051475258836293,0.07977137474328246,0.3855218139778234,-0.6277671295577211
2025-09-23,-0.34308116282132856,0.08354108029533756,0.2267799994188872,-0.6593494868004169
2025-09-24,-0.2948855750814792,-0.02228411497138501,0.2298240854897381,-0.7948185791039036
2025-09-25,-0.06544324029334762,-0.28837249898658485,0.09494901062116876,-0.6162093892875121
2025-09-26,0.38148796761351095,-0.03999480948322685,0.33870041145902563,-0.5503717331334135
2025-09-29,0.44294162243672497,0.12601224476395992,0.17012517112915956,-0.501162328461412
2025-09-30,-0.1423153518521956,-0.025853819301458348,0.3155271710825361,-0.5378294560719521
2025-10-01,-0.20492577981873794,0.224766749883563,0.37904364651493827,-0.5097563916722869
2025-10-02,-0.12693260155173286,0.20757302418853812,0.31220449295491254,-0.4145356446025298
2025-10-03,-0.17559202420951395,-0.016344720598261562,0.16009681852017665,-0.3426640786773965
2025-10-06,-0.21927696709462646,-0.04739903941973995,0.24469597240032848,-0.4020002022550471
2025-10-07,-0.25193675613458005,-0.08966153739403679,0.15818954555369577,-0.23834985267914632
2025-10-08,-0.3151064542440755,-0.047838915899000134,0.16701901129328214,-0.1452653332550407
2025-10-09,-0.2918981151227166,-0.41910877012880343,-0.041904502712876164,0.10242627187903536
2025-10-10,-0.1502022487867479,-1.0578285676013255,-0.9623045619768091,1.0151197563350247
2025-10-13,-0.19086123925240475,-1.0839242198012111,-0.7976409288281081,0.994902863861135
2025-10-14,-0.150179601435171,-0.9351682333944032,-0.670751033133991,0.5540108047414485
2025-10-15,-0.06445343227693501,-0.5667320942632398,-0.26917431542853354,-0.07741114170835195
2025-10-16,0.014115788492251966,-0.7072840349835229,-0.8130732694351702,0.17956740001411337
2025-10-17,0.033111877495211016,-0.8673926122021767,-0.6954357358433647,0.18260441645792513
2025-10-20,0.05725752978280885,-0.6472376727976107,-0.2976308459383484,-0.007363387101197089
2025-10-21,0.07345176075989923,-0.553159815355576,-0.20715005037162934,-0.14398204564709258
2025-10-22,0.01499369784480417,-0.6077554868959886,-0.32780804734009855,-0.014342649769197014
2025-10-23,-0.043362685682103254,-0.38284826776866004,-0.04453758664638221,-0.13852845634034366
2025-10-24,-0.029707134870399724,-0.04928867924758987,0.2978684039528404,-0.37524564018655054
2025-10-27,-0.020847195189367663,0.11566074890892533,0.582818830527705,-0.6908240655580736
2025-10-28,0.01649855414120671,0.04428062680064324,0.6489488042326129,-0.5865516162403681
2025-10-29,-0.017261062274585237,0.034664968459106694,0.4377818121252873,-0.7354597104370432
2025-10-30,-0.02303129966591952,-0.23169602548171575,0.02732724196761268,-0.46207744019377095
2025-10-31,0.5758339676777146,-0.5945236978335245,0.16484721451063894,-0.24367033747419523
2025-11-03,0.49348927602045634,-0.8676262260285091,-0.17466750244439366,0.11387193812245763
2025-11-04,0.5468677891623527,-1.0278559166979238,-0.7742254048886175,0.6204600291500391
2025-11-05,0.5560980953704435,-0.7862232360399517,-0.5778256454107914,0.3089447396988119
2025-11-06,0.6920703905643246,-0.8874954841810977,-0.8098768526838339,0.6118992269473886
2025-11-07,0.6026599237153973,-0.7414670994090032,-0.6146670199675573,0.5517502018282133
2025-11-10,0.5094504535410234,-0.10317634942036913,0.14984992011068568,-0.1001492825643548
2025-11-11,0.5475388321058021,-0.08981971620741976,0.1850169154867669,-0.09887859488744472
2025-11-12,0.6632348587131398,-0.2227836885019474,-0.01077609156347098,-0.12504167998257748
2025-11-13,0.5872692363581112,-0.7804379247149504,-0.5814741275900462,0.2055584888732854
2025-11-14,0.6868159138992037,-0.6008123023478118,-0.4018443831974404,0.09956425786904191
2025-11-17,0.7085156391695409,-0.6842225008561712,-0.6646837926141208,0.47065307566188375
2025-11-18,0.722462088824605,-1.0363091429413196,-1.2924209178023547,0.8321506652648143
2025-11-19,0.7331268546900892,-0.9197297585776731,-1.1060030403374779,0.6377231243484461
2025-11-20,0.9101131194189518,-0.9313711569335776,-1.412546864879889,0.5369319408568555
2025-11-21,1.4189470949838376,-0.948349985652176,-1.0324125491149982,0.5929216362368016
2025-11-24,1.4821510702764042,-0.9059104920813602,-0.6898059853186292,0.3627519256807092
2025-11-25,1.3655164553715493,-0.8676663967902609,-0.36408558063789126,0.09126616072647499
2025-11-26,1.3662454730267835,-0.5868291516904631,-0.07806672341678561,-0.3085255353538074
2025-11-27,1.3586742048108458,-0.567638189647042,-0.12884565987151805,-0.3059601600604933
2025-11-28,1.3698686882658753,-0.23250737348373715,0.3409801127494445,-0.4425529482659778
2025-11-30,1.4691578299881485,-0.18488660196559895,0.48565588362699375,-0.6708699156442428
2025-12-01,1.1378234008137007,0.08187638211008075,0.4984131240131567,-0.4508286831386553
2025-12-02,1.1919913967351194,0.26391248124391115,0.5907292053738907,-0.48310047323785893
2025-12-03,0.9884974366259788,0.17971978627377735,0.5159877952832767,-0.6409556099068273
2025-12-04,0.994605281515789,0.29969735999663927,0.6797645243041892,-0.6252274363143892
2025-12-05,1.2784336168477872,0.4365254282394804,0.7525210641876197,-0.72636567583643
2025-12-08,1.4487137054287924,0.11566973048877548,0.3252268003278476,-0.437671489478185
2025-12-09,1.528446733123121,0.04561801898145048,0.21186819783208663,-0.4195017392399028
2025-12-10,1.4552240335059867,0.14804412256049723,0.3982831477303069,-0.3435038646067833
2025-12-11,1.3704473282156882,0.3802554862985859,0.31748313542335843,-0.5002407610092638
2025-12-12,1.2752723062044733,0.18494975652935994,0.20516943681295055,-0.3420746130866254
2025-12-15,1.2526547338375313,0.22424187560160994,0.3265451077658247,-0.377570200677138
2025-12-16,1.2464201866203408,0.3034142407780232,0.2744775637015676,-0.07387531053666216
2025-12-17,1.138113377251849,0.3104762480170382,-0.015402229175984198,-0.014521601449289283
2025-12-18,1.0761522595398127,0.5713771780294576,0.2501782222717637,-0.23772011394745637
2025-12-19,1.0192466360926935,0.6167786442709469,0.4487439619593757,-0.4553919159874327
2025-12-22,1.1744864354904707,0.5164392487584301,0.5142661557143217,-0.5558137865759079
2025-12-23,1.1776066785219959,0.4536843627047472,0.4662552152654947,-0.8121310702332939
2025-12-24,1.2174998345298622,0.2974265606857163,0.32682710427495976,-0.7432672822377174
2025-12-25,1.188085396745269,0.27377414374222825,0.3125446422258266,-0.7371822455723364
2025-12-26,1.2020011536241737,0.15475128544876987,0.37012384147568433,-0.6171470079865821
2025-12-29,1.0217633634709367,0.14481931125408695,0.2588437591149597,-0.5697317991729858
2025-12-30,0.9873422541482809,0.20185558548057791,0.36778544919678,-0.7591893188479253
2025-12-31,1.4917450588295722,0.06578054551521202,0.3878262898758108,-0.8868139241960509
2026-01-01,1.4670103719891547,0.026856233483580422,0.36441981482557695,-0.878587173016292
2026-01-02,1.4285934434349434,-0.09110023571106093,0.16047423038474093,-0.7355857418537565
2026-01-05,1.3340977750757121,0.0465219730951525,0.1766373976701297,-0.8708477259438231
2026-01-06,1.272762942468927,0.3327762402516369,0.4236529795128367,-0.9521741169713276
2026-01-07,1.2180211002830945,0.2945809028633987,0.298341496498635,-0.9849430670139383
2026-01-08,1.2630865837031209,0.07328168898092936,0.1795081744576983,-1.1085000886913967
2026-01-09,1.1795301615502718,0.1389669483746521,0.20463046693888107,-1.1303350970907329
2026-01-12,1.0771967900425605,0.3651131587755122,0.29633367453152104,-1.1055288292202352
2026-01-13,1.0284362085631626,0.39462843077364745,0.13138164157238327,-0.9548204244550539
2026-01-14,1.0818425483365548,0.4602153576351642,0.009470280905388024,-0.9410625927187921
2026-01-15,1.1472836412115395,0.5959824133131593,0.700076753410162,-1.0781788312281544
2026-01-16,1.0083407619306053,0.5213449175422562,0.7498412616097707,-1.2596517605714819
2026-01-19,1.0327111067078956,0.3976834780388654,0.34239537277656024,-1.2447579483839792
2026-01-20,0.9307871286297222,0.031178377711703207,-0.15923911112721806,-0.6892255960672562
2026-01-21,0.8122621359649648,0.16211237493334088,0.11062157718295879,-0.8569272230737579
2026-01-22,0.9102144901376422,0.28930492963942644,0.375860478149387,-0.904143077485089
2026-01-23,1.08717216797901,0.1792323683300219,0.24814566682281392,-0.8014316451768705
2026-01-26,1.1058235081833365,0.28877151705569054,0.3559894243455064,-0.7442705906217293
2026-01-27,0.9022589975613536,0.267958818902093,0.36849739714375235,-0.5916903659315789
2026-01-28,0.7606212738600338,0.3478644194484908,0.22342329075853665,-0.4035810392382425
2026-01-29,0.9217505197219218,0.3039598594179472,0.11994767484043405,-0.24697194330971498
2026-01-30,0.9044744629052913,0.20786228380463012,-0.008902885470600027,-0.06343365482003892
2026-01-31,3.0,0.13999516159306455,-0.005431651061192687,0.3333415249609669
2026-02-02,2.3809691811428793,0.2341592181597826,0.1827413399547089,0.17368533222149732
2026-02-03,2.2055953844979794,-0.12056618019972183,-0.28107784218194976,0.2912016202696066
2026-02-04,2.0713986853494335,-0.18016495427684523,-0.45510840085557946,0.23735254597081779
2026-02-05,1.7637425427567028,-0.4003528115267253,-1.1547153276364452,0.7079225823715833
2026-02-06,1.7489935573915825,-0.20913604971580996,-0.37686927235936185,0.08761263781461616
2026-02-09,1.5130651057264881,-0.13669434274097156,-0.2889228783272971,-0.11509406212744888
2026-02-10,1.3723152492590955,-0.19582983208419996,-0.2961804391314874,-0.2509390839215982
2026-02-11,1.2929875509016122,-0.22919410567056944,-0.1827893990566306,-0.3492922248183164
2026-02-12,1.2127115056886888,-0.5131193522931959,-1.1065126937464504,0.01924001868722426
2026-02-13,1.173636339566455,-0.5757458347540145,-1.126360840465034,0.11306092499084987
2026-02-16,1.137766650335715,-0.6127233396990338,-1.2441822374674996,0.043465026460959996
2026-02-17,1.1228094943001605,-0.5346975479274796,-0.9653504410025197,0.02890619948564647
2026-02-18,1.0317847993611318,-0.5413197492044233,-0.8515519196397804,-0.4011451344441325
2026-02-19,1.0786922301568935,-0.8062657905796068,-1.1969669197244297,-0.26965016568819317
2026-02-20,0.8499031250125935,-0.6387524408179629,-0.9412359879042842,-0.395223588746076
2026-02-23,0.9689887876389489,-0.9117951255056778,-1.400841736688277,0.10631328003970711
2026-02-24,0.8999552642531223,-0.9903881578094677,-1.255109847482066,0.2055888401231909
2026-02-25,3.0,-0.876167225583621,-0.9171682839631753,0.042117688545928934
2026-02-26,3.0,-0.988611742270251,-1.1504081695774897,0.19939402504346004
2026-02-27,3.0,-1.411216719286993,-1.5333052055601515,0.6002875728027445
2026-02-28,2.587034252957781,-1.827547820516525,-1.4553023242869478,0.6755255091890672
2026-03-02,3.0,-1.3722115333625289,-1.4589771559018703,0.2427921909411313
2026-03-03,3.0,-1.3817025274896868,-1.74118332590161,0.5936733713958539
2026-03-04,2.9698350797322766,-0.8282739355028005,-1.2187485524310335,0.1891444211311488
2026-03-05,2.7508326645725,-1.0522338639739812,-1.5080148914581055,0.3382254325562561
2026-03-06,2.4654690667114227,-1.7743215323634614,-2.663666860958772,1.0793950234669578
2026-03-09,2.4916151728863265,-1.5091053216495196,-2.0704611359641736,1.4225080238298184
2026-03-10,2.344107925027565,-1.3595722561856791,-1.8704591113144406,0.5332456547815124
2026-03-11,2.1761345334160955,-1.8067088011760333,-1.9824420368498923,0.609672339092549
2026-03-12,2.0948493202098497,-2.253399579495692,-2.4049315962572266,1.2140304585265833
2026-03-13,2.011936697359526,-2.5990732431847925,-2.5157724264314294,1.9223452208126173
2026-03-16,1.998488779197723,-2.2719654668236635,-1.8692454119380535,1.7372077270709751
2026-03-17,1.8705467433243905,-1.786927499321599,-1.6104705771972563,1.3863646314729599
2026-03-18,1.7550230562878397,-2.2646261420296327,-2.250351773164668,1.3440451091705674
2026-03-19,1.796116706340487,-2.101680641753846,-1.9901371694431125,1.7709549877715665
2026-03-20,1.7115645958545345,-2.721246080994716,-2.4378787770099826,1.7283863791703438
2026-03-23,1.7243783536594877,-2.0632939316268715,-1.8699903761678451,1.3192251064441052
2026-03-24,1.7342154890245987,-1.7756041265811082,-1.7135588779435726,1.3843938740005919
2026-03-25,1.6915484278091877,-1.836049110995768,-1.7141063763645923,1.187450732343032
2026-03-26,0.7411467729668239,-2.093024814033042,-1.9409554292439886,1.4854050287151386
2026-03-27,0.6942027274135779,-2.2379447763009734,-2.4994256226059,2.540928118786982
2026-03-30,0.6809200877421974,-2.1226926865335867,-2.424826132957029,2.567613909743205
2026-03-31,0.5421117424632736,-1.528765672403795,-1.5444963020329747,1.6386041539180998
2026-04-01,0.5331932819583212,-1.5889340515547268,-1.4689053179567917,3.0
2026-04-02,0.48971965038722115,-1.4548795368817258,-1.3409534296150936,3.0
2026-04-03,0.46764488824377637,-1.4243581018878466,-1.3233182268057904,3.0
2026-04-06,0.4527093244753329,-1.0316977409078005,-1.1306905874832633,3.0
2026-04-07,0.4362474856470343,-1.2171693593400317,-1.4132871383372578,3.0
2026-04-08,0.4303341722245999,-0.47418648730117685,-0.5605703931852515,3.0
2026-04-09,0.2931709115400975,-0.023797804217202127,-0.19977624683426073,3.0
2026-04-10,0.14021075855031861,0.0010781131210396962,-0.20315846141436802,3.0
2026-04-13,0.07909747112032653,0.33915155484095133,-0.005670871614488032,2.9248018462036574
2026-04-14,0.07902505839827949,0.29171606264436906,0.15777917819287254,2.6281631419245333
2026-04-15,0.040275108830951575,0.1324591605839963,0.2743255922401539,2.7007839843117374
2026-04-16,0.0023412413673093765,0.1895536950226953,0.23469487717702225,2.698545027526309
2026-04-17,0.040746759247878205,0.46954923683467414,0.3519989958233292,2.383904155487217
