Date,F,M,S,V
2013-02-01,,,,
2013-02-04,,,,
2013-02-05,,,,
2013-02-06,,,,
2013-02-07,,,,
2013-02-08,,,,
2013-02-11,,,,
2013-02-12,,,,
2013-02-13,,,,
2013-02-14,,,,
2013-02-15,,,,
2013-02-18,,,,
2013-02-19,,,,
2013-02-20,,,,
2013-02-21,,,,
2013-02-22,,,,
2013-02-25,,,,
2013-02-26,,,,
2013-02-27,,,,
2013-02-28,,,,
2013-03-01,,,,
2013-03-04,,,,
2013-03-05,,,,
2013-03-06,,,,
2013-03-07,,,,
2013-03-08,,,,
2013-03-11,,,,
2013-03-12,,,,
2013-03-13,,,,
2013-03-14,,,,
2013-03-15,,,,
2013-03-18,,,,
2013-03-19,,,,
2013-03-20,,,,
2013-03-21,,,,
2013-03-22,,,,
2013-03-25,,,,
2013-03-26,,,,
2013-03-27,,,,
2013-03-28,,,,
2013-03-29,,,,
2013-03-31,,,,
2013-04-01,,,,
2013-04-02,,,,
2013-04-03,,,,
2013-04-04,,,,
2013-04-05,,,,
2013-04-08,,,,
2013-04-09,,,,
2013-04-10,,,,
2013-04-11,,,,
2013-04-12,,,,
2013-04-15,,,,
2013-04-16,,,,
2013-04-17,,,,
2013-04-18,,,,
2013-04-19,,,,
2013-04-22,,,,
2013-04-23,,,,
2013-04-24,,,,
2013-04-25,,,,
2013-04-26,,,,
2013-04-29,1.4280636679539678,2.5502407933311257,-1.022382339224875,-1.684158750375617
2013-04-30,2.4917301755042804,2.02489529407126,-1.170776079875207,-1.1394596819489693
2013-05-01,2.3802666657337737,2.4499745274910496,-0.6772406734865554,-0.7094398621301777
2013-05-02,2.201172294182387,2.0865115216396486,-0.9359781603216364,-0.9000058259857793
2013-05-03,2.016976471094745,0.8804771121314936,-1.4083831737754247,-0.49791305136976866
2013-05-06,1.9060314038580424,0.7082110693248808,-1.313681716856836,-0.6928329306213423
2013-05-07,1.8038419999645015,0.7231047772998672,-0.7503784481604571,-0.508154407890899
2013-05-08,1.4502909937639663,0.9739046899975009,-1.2558873612914063,-0.44872951516784726
2013-05-09,1.411745447955716,0.9263981193976375,-1.0774471155047753,-0.41149656427717596
2013-05-10,1.4021059543525294,-0.13890792114115608,0.3980275212582011,0.6001105273913394
2013-05-13,1.410716239677262,-0.2073853952324763,0.7095558085205906,0.8139703185382987
2013-05-14,1.3420699127985023,-0.8709144554514043,1.1514499207723823,1.5153956775980126
2013-05-15,1.299275732336231,-0.3634733993161354,1.3060644623927984,0.8664814564436519
2013-05-16,1.3251521298058335,0.4804737935296414,0.8205518812853985,0.23882790499877793
2013-05-17,1.3213221262087271,-0.5326473645320973,1.8859000900379856,1.604755784133919
2013-05-20,1.2930168548359464,-0.4109431534345148,1.900111308223267,1.1009459107214783
2013-05-21,1.3079009307248886,-0.5595056728197205,1.8133540147892933,0.7614241480729117
2013-05-22,1.3284522509780003,-1.322544245311372,3.0,2.2572814655019258
2013-05-23,1.303825785469123,-1.769761685847603,3.0,2.492015984119762
2013-05-24,1.2941995587964286,-1.5883549165972628,2.5930854073047693,2.29719422510237
2013-05-27,1.264269094285762,-1.9245778946011718,2.4447190982386044,2.1889770103210777
2013-05-28,1.22506804660719,-3.0,3.0,3.0
2013-05-29,1.2217674017635123,-3.0,3.0,3.0
2013-05-30,1.2310730423147132,-3.0,3.0,3.0
2013-05-31,1.3083372049884987,-3.0,3.0,3.0
2013-06-03,1.2847083423695582,-2.630251290877305,3.0,3.0
2013-06-04,1.2714393018604597,-2.6714120658488723,3.0,2.9688961612225024
2013-06-05,1.2398803101244964,-2.455533411695446,3.0,2.690578560490558
2013-06-06,1.2145143253974502,-2.4295942497612546,2.8949921107685515,2.61834197582461
2013-06-07,1.1621064494037439,-2.7666235485998354,2.2565250562730683,2.7963950305743253
2013-06-10,0.9907886191017952,-2.6222268391021832,2.4334349362205776,2.7724323384705287
2013-06-11,1.0470276406197094,-2.6686023258775338,2.361418074123032,2.7350419829145878
2013-06-12,1.0262381219058656,-2.6913647570216033,2.4161783981604934,2.623280235533264
2013-06-13,0.9523954675389414,-2.1035242351441124,2.0575995958314555,2.109026577373783
2013-06-14,0.9042643989425817,-1.7516776256494186,1.8122884961406718,1.750708858704462
2013-06-17,0.9021491653510331,-1.5958570421815508,1.7132649648330165,1.5378757544955217
2013-06-18,0.8207774251693232,-1.6904119546276013,1.8082486342666042,1.46550774698779
2013-06-19,0.8224306040859197,-2.6085159664436266,2.1281910849312906,2.220664102746599
2013-06-20,0.9229812795029658,-2.9279219208029224,2.9951182929736944,2.395243034988842
2013-06-21,1.0229135802523799,-3.0,3.0,2.489319149637028
2013-06-24,1.0317229811247883,-3.0,3.0,2.504285506264671
2013-06-25,1.0105129957813759,-2.9248821436087336,2.7611017500054134,2.3816567940349955
2013-06-26,0.9515183922968032,-2.4662388199667302,2.2653850575830847,2.209369469866532
2013-06-27,0.8432570468872064,-2.1317174771617418,1.8505549086576099,1.9520426334141392
2013-06-28,0.7297833850690214,-2.0397531122924035,1.9100514096368537,1.8983934439510788
2013-06-30,0.9709964006320028,-0.5583006730817701,1.846586457794498,1.8390671738647526
2013-07-01,0.9572136458151439,-1.9285356528397486,1.8140176974239015,1.7398298356806263
2013-07-02,0.9286608358993287,-1.7939660017149,2.0263072341032737,1.6642949140170857
2013-07-03,0.892878939023388,-1.8790395516958998,2.0012480866983893,1.6869893524137907
2013-07-04,0.8788306251935613,-1.7983294090311888,1.9278667214131961,1.6434470809515869
2013-07-05,0.8370943079176433,-1.9868516633212165,2.0905970128336846,1.7382578808757916
2013-07-08,0.6949773601849519,-1.6228466477606145,1.6125759055329392,1.5597761842129185
2013-07-09,0.6815177374139133,-1.4517901575223893,1.2137934313831589,1.5367213569806994
2013-07-10,0.6499715681628881,-1.344902974672424,1.1592622321150505,1.4738325733520772
2013-07-11,0.6627255247814232,-1.1555956896922057,0.9085436101844092,1.347733224925175
2013-07-12,0.6182921597891334,-1.289318934100691,0.919662516706149,1.3303499028143713
2013-07-15,0.5627001998488377,-1.1870846072840833,0.7015517442062209,1.2409538896643548
2013-07-16,0.5261288122167751,-1.0304163526680898,0.6892587618072319,1.1655004513117282
2013-07-17,0.5279427747741849,-0.6230984177563744,0.38326128058240666,1.0385841856423674
2013-07-18,0.5201773897920402,-0.39753431324001387,0.19648230925263527,1.048261661297583
2013-07-19,0.5237743976946505,-0.010374309748155217,0.02900293787590956,0.9472397238641023
2013-07-22,0.5616208983691475,0.20168346527627556,-0.12815099104032374,0.9530942528760478
2013-07-23,0.5954840855949285,0.31340142585721836,-0.03427762294135221,0.9534128437448441
2013-07-24,0.6395511241697049,-0.11573872813576658,0.2717854449151357,1.0919736799810116
2013-07-25,0.6531419814489966,-0.24587559035329795,0.3551403430870693,1.0434781455924944
2013-07-26,0.6821627035819106,-0.10039700286127053,0.2903239132172455,1.0200249348503623
2013-07-29,0.6709450072350978,-0.15713444892623918,0.41378218806459693,1.0311047546537053
2013-07-30,0.6495789347743158,-0.1694740764440185,0.4149885738922869,1.018517353898626
2013-07-31,-0.2899109219597836,-0.14919171609810963,0.3883836988828851,0.9661190672385995
2013-08-01,-0.3045097491840912,-0.2894783706336529,0.7261250314825154,0.9753152899502029
2013-08-02,-0.31767450423925125,0.13180741323576556,-0.16926800236817477,0.8295377079196421
2013-08-05,-0.30382063059353154,0.29790467439303,-0.2010535670214988,0.8546834675523088
2013-08-06,-0.25087718512957646,0.050208919516976994,0.1278750608672163,0.8678614789903593
2013-08-07,-0.21425761729026926,0.15326334164813668,0.02773900182814812,0.8578364932882118
2013-08-08,-0.532893132301708,0.13365916693103042,0.0024577758168798152,0.8614744157495915
2013-08-09,-0.552886730889396,-0.06989121566430269,0.06758715508872819,0.8383248602480585
2013-08-12,-0.5142586115196145,-0.09700605482281635,-0.047712336706622914,0.8797158295799226
2013-08-13,-0.5651517512713802,-0.5578479370893834,0.2598108328861423,0.9988090572118302
2013-08-14,-0.5427330213762179,-0.514370154723243,0.2916053907916573,0.9996272910866961
2013-08-15,-0.5111274114756168,-0.8707389793114747,0.7205121826464833,1.100666886270204
2013-08-16,-0.47065540920738974,-0.945012875435775,1.0479851752071794,1.0964256297136874
2013-08-19,-0.43924223474321356,-1.1007832080383022,1.321609748308403,1.145566306061267
2013-08-20,-0.4176146847175136,-0.8994218289825389,1.1080799431135078,1.0959229388474925
2013-08-21,-0.36624134254078494,-1.120109147755005,1.3259265725834777,1.198717828761881
2013-08-22,-0.3349972844686076,-1.0629812482902903,1.3923908699663579,1.252999988684392
2013-08-23,-0.37059981477882153,-0.8455693748599595,1.1426844123432087,1.1479531006305492
2013-08-26,-0.3962725558337926,-0.7199423030103358,1.037121562072635,1.0882699001600749
2013-08-27,-0.48529955878316827,-0.523274529040597,1.1452293087303393,1.0352290529266595
2013-08-28,-0.5215691266233069,-0.8004436439725853,1.264380359585838,1.1515926420248341
2013-08-29,-0.4378809571164261,-0.7302182836397413,1.2852202566762976,1.147918843878734
2013-08-30,-0.3519835018823795,-0.6219107504499026,1.4857492782616066,1.149067570856539
2013-08-31,-0.7312032772709474,-1.057367662458896,1.4545655347399769,1.8431370522254757
2013-09-02,-0.12129481344174635,-0.7471520247929574,1.424815158630955,1.081188768810615
2013-09-03,-0.1430514607423199,-0.8845146092266841,1.4569461261895933,1.1221844964460879
2013-09-04,-0.09059274165607609,-1.1847826691549164,1.596582538899311,1.168287094404795
2013-09-05,-0.05864019534905322,-1.4251948240026633,1.663814962304544,1.201649293553085
2013-09-06,-0.11824282926126209,-1.0660952524975866,1.2715893248116104,1.1352617132375014
2013-09-09,-0.3698853557239066,-0.807838818409026,1.031950934237699,1.1165664909675195
2013-09-10,-0.34337100689768263,-0.9423303490530123,0.9671432652547048,1.1161152441329907
2013-09-11,-0.3529276173141961,-0.7236353383320059,0.7324960709788602,1.0481411322315561
2013-09-12,-0.3535022143788456,-0.5698532507011602,0.6977104545740652,1.022943755078962
2013-09-13,-0.3301255676235225,-0.4461308138136787,0.6702093735612766,0.9960307027808312
2013-09-16,-0.33757597630483455,0.16432613788799597,0.6142127533667854,0.8722270470743311
2013-09-17,-0.18750933382666465,0.39317812528768625,0.4628442838518344,0.7998249032089796
2013-09-18,-0.25341725025373113,1.15417999056018,0.026770259392205932,0.5718444604730194
2013-09-19,-0.19102402374458144,1.2883765495790558,-0.1166700895562213,0.5626775019691259
2013-09-20,-0.1764451852550329,1.3544045252280457,-0.23293963444150395,0.5279385232862343
2013-09-23,-0.056275092518592015,1.2148497450540312,-0.22627241742815207,0.5358644039831082
2013-09-24,-0.009205150261476402,1.2133213442835702,-0.2688373121215788,0.535696934237146
2013-09-25,-0.02987835416118084,1.3503814930974092,-0.25175795888676356,0.5585023376471793
2013-09-26,0.007482259826455248,1.3306807090291997,-0.14411029429867167,0.5643732365919683
2013-09-27,-0.02908234731967772,1.3631090535904973,0.008888796105109583,0.5575588439897551
2013-09-30,0.5627868307324231,1.3866679912884707,0.21517700404150614,0.5439219568333663
2013-10-01,0.5623756537638481,1.2755518141961681,0.4419717806548753,0.5649786650568349
2013-10-02,0.5199530231852152,1.6445210841964204,0.30110096568123185,0.46679960373573764
2013-10-03,0.5013377918499796,1.9016639920972542,0.3184335162644356,0.4467690977529462
2013-10-04,0.5628792693836858,1.9188659932326853,0.32595176985576,0.4921281096991844
2013-10-07,0.5599519897932391,1.5589358789993473,0.48143386708981767,0.5352722083048793
2013-10-08,0.4338688684273,1.1665831801090962,0.6077036948170654,0.6824947198109104
2013-10-09,0.44891225164798587,1.447623214624514,0.5152651445241847,0.581843707480214
2013-10-10,0.3488536857516781,1.3275995468931652,0.16968510541859505,0.4644179950032307
2013-10-11,0.3013533220975414,1.3018451250343461,-0.048823306797959605,0.45840969115579405
2013-10-14,0.3008716253208204,1.1972778792570449,-0.013239333436471297,0.4549923100929056
2013-10-15,0.28916986878183987,0.9005663798183415,0.18547623661399792,0.4784059423787343
2013-10-16,0.31817254397106826,1.0028324888604583,-0.34408552251960406,0.34336697217810697
2013-10-17,0.3513002853679279,0.9688507372363028,-0.6161811358706345,0.2076280325968042
2013-10-18,0.3752833282732603,1.0084046223944065,-0.539265442428075,0.16331193255131443
2013-10-21,0.40080578395599226,1.0043830351462466,-0.5711874908273417,0.15778800376597676
2013-10-22,0.41796854095638414,1.2744431636090994,-0.9612284465355868,-0.05356883222885078
2013-10-23,0.5254968600245379,1.1348236424040303,-0.9897043947389284,0.06566359544927274
2013-10-24,0.5206000702153247,1.1547072143517207,-0.9466362945833622,0.051570382561585935
2013-10-25,0.5471480987720865,1.2027625253614365,-1.0441432667540527,-0.01447204356743774
2013-10-28,0.5600297505461821,1.166101202252082,-1.1349060982946122,0.02669047970742317
2013-10-29,0.5368231513449032,1.2132017526221484,-1.0954591365445616,0.07273920121143045
2013-10-30,0.5318349431172656,1.1145773565717263,-0.9696511604831971,0.09416683103803887
2013-10-31,0.7346031692406109,1.0460702835494309,-0.8948584227827888,0.05922370839302624
2013-11-01,0.7658420285371855,0.8353424173091248,-0.5457577793623876,0.17683437272606736
2013-11-04,0.8541537990099192,1.0176292962452205,-0.8408358180200596,0.09850263698942756
2013-11-05,0.8864134121311174,0.9432047813452239,-0.5817731896210391,0.15260193561677157
2013-11-06,0.8626912263879062,1.2369166522660304,-0.7126901154353747,-0.04029113228714648
2013-11-07,0.9690647607388289,1.2272367143588634,-0.6045208707366075,-0.16777127796405042
2013-11-08,0.8781736321872563,0.8663847367311708,-0.5336055468304398,0.23765773242356728
2013-11-11,0.8691413460994887,0.8694830453880553,-0.5675186630657925,0.23600241628345545
2013-11-12,0.851745665604533,0.7910235921305802,-0.5460062656399537,0.38416584220291694
2013-11-13,0.6851034224225298,1.0780920028617733,-0.7662341689149313,0.1018789728856774
2013-11-14,0.6197275751783649,1.1318217842276175,-0.9702195368641461,-0.060984005019642955
2013-11-15,0.682000216255976,0.9083981077992189,-0.9656504696819002,-0.07174850280802529
2013-11-18,0.7030594461299676,1.1046881342740538,-1.0534214957425494,-0.29792710695274927
2013-11-19,0.7189019164659802,1.0538840964858749,-0.808136380673579,-0.16551754442219502
2013-11-20,0.7135026541966341,0.8517014069446024,-0.5866516350533653,-0.21652311966952806
2013-11-21,0.6018641018045227,0.9229188718831123,-0.5626679594719971,-0.2829021674607486
2013-11-22,0.5320590997417823,0.8946261377565011,-0.6792794280078356,-0.24033096798995124
2013-11-25,0.605632358502334,0.9718878265725759,-0.7064294249801306,-0.22726526079490594
2013-11-26,0.7237690287355831,1.0081174567733417,-0.6864325815803219,-0.09846525998943498
2013-11-27,-0.6080498758768357,0.9969796886921151,-0.5308242906365721,-0.14651712417369522
2013-11-28,-0.6014387016743384,1.0108001390470989,-0.5259845759618558,-0.14584253758266838
2013-11-29,-0.5469264519317101,1.0418514151225966,-0.4330802777874619,-0.12964254229001862
2013-11-30,-0.46428433262328805,1.211976504165243,-0.42929733596395153,-0.12907283672372957
2013-12-02,-0.2128706224131252,0.9961530845158856,-0.09160345300792665,-0.10159120583930616
2013-12-03,-0.2313928831535758,1.0972713358900088,-0.11217617174810464,-0.08886819211026072
2013-12-04,-0.2656487714002524,0.8905711992991219,0.10607412293047369,0.015122003293354702
2013-12-05,-0.2786441511809961,0.6932975010797269,0.16511858018351755,0.14740317864376024
2013-12-06,-0.3207136778174873,0.8209421476252816,-0.35449915922172287,0.18843201340772409
2013-12-09,-0.7054652298899954,0.9365850791564748,-0.46627601576672306,0.12033530887612064
2013-12-10,-0.7174003216335427,1.152933884459259,-0.26308475926819,0.08028165283255496
2013-12-11,-0.6831277032632328,0.9290450628934995,-0.017987947522112684,0.19776203618499608
2013-12-12,-0.6836685051327233,0.6759943555806016,0.05309872129118109,0.3145158862729648
2013-12-13,-0.7306807741043514,0.6317787462136184,0.0682716939964733,0.3122712417783721
2013-12-16,-0.7790992586355473,0.43053702469687694,-0.051819705305725355,0.34415619308999523
2013-12-17,-0.7578573461820624,0.6263784064021336,-0.1122198610830906,0.2259240566085478
2013-12-18,-0.7737828084508633,0.48639047177248274,-0.5928727058326978,0.3572113063413405
2013-12-19,-0.7485269834395379,0.23275100804778287,-0.38760419443107885,0.49456397282360925
2013-12-20,-0.7969946197400019,0.20705934317175542,-0.45185310353953545,0.6432762406336192
2013-12-23,-0.792075681294715,0.06961944589895998,-0.6026658205722284,0.6469051756111209
2013-12-24,-0.8082199330000646,-0.016698770925439345,-0.570657070507323,0.7104692388339987
2013-12-25,-0.3589518742124924,-0.09280943269965052,-0.5652878544203218,0.7041851620292442
2013-12-26,-0.8549068287509202,-0.10759515032323738,-0.6366103732857409,0.7199951617676773
2013-12-27,-0.8790039210117784,-0.007378693813412528,-0.6690971112888096,0.6684992692553908
2013-12-30,-0.9379533793897172,0.11064612670611707,-0.34045056023113895,0.639171117122702
2013-12-31,-1.1040818657862421,0.05702528751729496,-0.053516162391009495,0.6371036507730148
2014-01-01,-0.13397337515248248,0.08415657343340135,-0.05238055774217725,0.6317139931818854
2014-01-02,-1.0932531094871003,0.24231813644520578,0.0025569139400135592,0.5769945689284101
2014-01-03,-1.0592461301509055,0.24139540948337987,-0.09393858970508594,0.6637305882295235
2014-01-06,-1.0604598010964073,0.3876396903577951,-0.29140507634183244,0.5570995073290169
2014-01-07,-1.0539080738816733,0.4341332176104873,-0.13087922689300888,0.47360103578733803
2014-01-08,-1.6431204420243906,-0.0015834789282901725,-0.043286457704164456,0.6663005802664168
2014-01-09,-1.6165133398665181,0.0836312928937377,-0.13423964556595203,0.6007286281847275
2014-01-10,-1.6384628877090452,0.7320198270314802,-0.9983961366173436,0.39912615984839034
2014-01-13,-1.5706737302833371,0.8077874025637776,-0.9817598704952007,0.3352998681546933
2014-01-14,-1.4866327661325411,0.5129399047612568,-0.9292951496814003,0.4156076443144259
2014-01-15,-1.4699748569830977,0.3135865121750411,-0.9684021060014136,0.5246448130749554
2014-01-16,-1.4010269211984652,0.5124740947945519,-0.9264176016081419,0.4687785609529617
2014-01-17,-1.413983003997014,0.6936773433851333,-0.9587698505436085,0.4100886279030441
2014-01-20,-1.3873627935253683,0.7072094403479987,-0.9472986035428635,0.4068680989590564
2014-01-21,-1.3465701547706588,0.7730454086913714,-0.9267401641586392,0.4404783341969944
2014-01-22,-1.3505937157070111,0.5625897688762016,-0.8599344104046832,0.5508759905541077
2014-01-23,-1.335641074408188,0.930191831416611,-0.6283173068763829,0.3112887268715166
2014-01-24,-1.380034301898222,1.0314659271749538,0.01646538174106341,0.19756971681895613
2014-01-27,-1.3457743678372698,0.8452716530343934,-0.0315470621642396,0.20706311440772568
2014-01-28,-1.3685245943286246,0.8674610000010199,-0.22035539445492341,0.19087093758889048
2014-01-29,-1.384249778614121,1.0158834667141994,-0.014252206545005208,0.18280675901646182
2014-01-30,-1.3849726649156888,0.9619838670881927,-0.0015077735100730019,0.14287585997495805
2014-01-31,0.27509026585833624,1.0850013750806564,0.13867833448960631,0.02842713395335832
2014-02-03,0.2856985763034648,1.4051746716659945,0.6077970163211631,-0.28550008264702725
2014-02-04,0.2879511601306073,1.1042949570196892,0.35988845620394,-0.11442759563804286
2014-02-05,0.26858844974191926,1.1196436598726571,0.5003473052362631,-0.09863764113764639
2014-02-06,0.22721562190838387,1.2626656233852405,0.12864939378356902,-0.07309295428837569
2014-02-07,0.14807294901748416,1.5042848231758519,-0.29169858192884784,-0.2105050976708338
2014-02-10,-0.4048109866201942,1.074412277542542,-0.4559887533992873,-0.1852953912833585
2014-02-11,-0.41257409455685967,0.7176190738835843,-0.6036420437423461,0.046076563565874175
2014-02-12,-0.47908579135937235,0.7474657354428766,-0.6585596201086447,0.08657016309193755
2014-02-13,-0.5054135722132165,1.0831408750945266,-0.8652395840361955,-0.12026904801695457
2014-02-14,-0.5323124023026458,1.0257317740054173,-0.9844460936741346,-0.024669342504679934
2014-02-17,-0.5327839281435439,0.9813429496639609,-0.9722647318575112,-0.030866120493285958
2014-02-18,-0.569627846364736,1.1310991610611103,-1.0051392039331104,-0.3412715342207947
2014-02-19,-0.5466067718480285,0.9655085008787627,-0.685576692869099,-0.08540185601353091
2014-02-20,-0.6015161438317933,1.0160598998445942,-0.6814991806712929,-0.04221603284316506
2014-02-21,-0.6153782396559091,0.8184484797527299,-0.7106014645113826,-0.04721211518386164
2014-02-24,-0.6753012376302613,0.7445120855332236,-0.8325878738141681,-0.04830234535953005
2014-02-25,-0.6688202773572751,0.9353612893296555,-0.9374150636667568,-0.11184976451890398
2014-02-26,-0.6652320399931352,0.9232634657472759,-0.7662547907238465,-0.05562393410124642
2014-02-27,-0.6225235945516473,1.0598442832304737,-0.7780150119466076,-0.1518220801839036
2014-02-28,-0.1479265836699157,1.001484272139592,-0.8064895670544086,-0.1419943817725174
2014-03-03,-0.23478541290836313,1.1321837332912879,-0.5123037966529509,-0.37672437690256066
2014-03-04,-0.18887881566100326,0.6348241318733135,-0.41100333785218235,0.04906016640120946
2014-03-05,-0.16237944527239584,0.7866920251962877,-0.5949288041609969,0.02862551373867756
2014-03-06,-0.16572148919499272,0.6110076288589723,-0.5324087406793897,0.06897522201649527
2014-03-07,-0.1709592946983475,0.30235816500739765,-0.732060377270406,0.32914371793043506
2014-03-10,-1.0884881151262886,0.23398000532761348,-0.8787164598132929,0.2515023916847339
2014-03-11,-1.0885960910374748,0.30197733211798017,-0.794102999301218,0.28646178932300714
2014-03-12,-1.0404862875977938,0.4924042146824734,-0.8613805887087733,0.25205119066248594
2014-03-13,-1.0302683227347722,0.8177339706280213,-0.4371796256845938,0.11312313836222548
2014-03-14,-0.9941601421374052,0.48125655884929214,0.1663410467571327,0.19918585412212916
2014-03-17,-0.9240978339791062,0.3077570846601669,-0.2191942699205605,0.25762776241042445
2014-03-18,-0.8283416013308521,0.4960453022452407,-0.5613296080584944,0.17496700140637503
2014-03-19,-0.718100703605344,-0.24809399393026763,-0.022686006075057896,0.7939844938288292
2014-03-20,-0.6969907283816887,-0.11626099819185019,-0.44479196144175775,0.7306741598896134
2014-03-21,-0.7303623900417375,-0.02409831146174509,-0.36934337929715944,0.7064868058531047
2014-03-24,-0.7211556469617111,-0.1118472406752652,-0.49997127365561495,0.7388284062092169
2014-03-25,-0.6933619618616154,0.01084595822171223,-0.6802475230892723,0.8252975154177116
2014-03-26,-0.7058442429581494,0.01785687792649011,-0.5767299166749773,0.712204527969967
2014-03-27,-0.6866323807076126,0.03918706528474398,-0.5004161959585475,0.7409930769156661
2014-03-28,-0.6890950407447954,-0.060363043763837984,-0.3481326679075687,0.8052289861475108
2014-03-31,-1.1657752467246763,0.0638623819867574,-0.43330322499038165,0.7397129892923984
2014-04-01,-1.1058267862623687,-0.1357473776673233,-0.5679504177377699,0.769957770549349
2014-04-02,-1.06401546443344,-0.15720500923732286,-0.221633081142697,0.853142801446667
2014-04-03,-1.0374034071221034,-0.1450349703838859,-0.2535531046110298,0.8522715397542939
2014-04-04,-1.023029118867155,0.37985199244665174,-0.627056352529191,0.6343040270346468
2014-04-07,-0.9781670530430642,0.8389963914874569,-0.5983583748103911,0.677204207025464
2014-04-08,-1.9953618905954955,0.8337221891137693,-0.6770244079918553,0.519954960225129
2014-04-09,-1.998778109736132,0.9357809894580528,-0.9224199878920122,0.29521082528152887
2014-04-10,-1.9033112608208445,1.099771064348303,-0.5378984760077357,0.14356141571217637
2014-04-11,-1.8664937448724963,0.9545082665010274,-0.1177441841869079,0.24222634161935633
2014-04-14,-1.8192926135868204,0.8890710937138783,-0.22222130668268758,0.2563910554290228
2014-04-15,-1.8792287676217212,0.9270967972515857,-0.295554035712726,0.32579425494141423
2014-04-16,-1.8904992559736207,0.722323275009879,-0.6054400416989956,0.3121260467176064
2014-04-17,-1.8875343958683508,0.822124848634102,-0.6208833250540206,0.2899166795765449
2014-04-18,-1.585130847549847,0.8092792309999509,-0.6142935639997841,0.2875139843663372
2014-04-21,-1.5143017394464158,0.9422374955434766,-0.8230807230850473,0.20662601599303634
2014-04-22,-1.4760154681282678,0.8058889790186203,-0.8031538610520755,0.2857280407594872
2014-04-23,-1.4024134982446421,0.6448151242666608,-0.8197004742613178,0.3463293970113316
2014-04-24,-1.4163995805061116,0.7144841083275006,-0.7068407673337271,0.3341867954572013
2014-04-25,-1.3638066271800406,0.7540274207142055,-0.5628690522993061,0.33476267401489035
2014-04-28,-1.2755958234047,0.7019108768590593,-0.49352275597402256,0.37606175735420194
2014-04-29,-1.2522935686389733,0.49357688350435275,-0.4666954022497325,0.3948703635743241
2014-04-30,-1.1930932866617627,0.8274469634665919,-0.5912191696777493,0.19365730008180276
2014-05-01,-1.1578644924130728,1.0158028207165493,-0.6145269790093854,0.15100020463254943
2014-05-02,-1.1107448316525361,0.9246014740038293,-0.9297724178679623,0.20793495678074317
2014-05-05,-1.032668019896949,0.6159402082167883,-0.8559863400498094,0.27712092887337936
2014-05-06,-0.9726516517372267,0.5404668013687882,-0.50787731629569,0.3006499388237549
2014-05-07,-0.9561921188267242,0.659170380320034,-0.6703906983281017,0.1344934968913252
2014-05-08,-1.5738896855052729,0.6129741518647657,-0.6578816343120732,-0.013060246644108315
2014-05-09,-1.4682969081885962,0.5221871350816286,-0.8310447877630126,-0.019079529598422906
2014-05-12,-1.4078637814250186,0.4257270362707742,-0.9291488890811749,0.1702446844009906
2014-05-13,-1.3830818388871768,0.6179195442438372,-0.9402294801691065,-0.028524740056260885
2014-05-14,-1.4070156244391556,0.86603571179348,-0.9845482108485115,-0.2858573636810778
2014-05-15,-1.39608333152703,1.076116969964745,-0.7713356825854357,-0.5387513221567144
2014-05-16,-1.3221257044775592,1.1106638000731206,-0.6540564422542621,-0.41724085963384167
2014-05-19,-1.2678836166029381,1.2436782611683865,-0.6906965781161549,-0.5231479337211701
2014-05-20,-1.260869439430492,1.3495368803699594,-0.44897540475223235,-0.6400645627717344
2014-05-21,-1.2288813087131967,1.2559095416606656,-0.6904656211317175,-0.6166651840721111
2014-05-22,-1.2148183311262313,1.3761209728395087,-0.7321802552280184,-0.5685554444839069
2014-05-23,-1.120621640532087,1.3561583224040188,-0.8367570677732146,-0.6181534904036451
2014-05-26,-0.024209505098871827,1.2438030445545827,-0.8266010423374777,-0.6145943788355999
2014-05-27,-1.048603858207568,1.2785709846001954,-0.9053864639570604,-0.5338745607514089
2014-05-28,-0.9938203127440784,1.3811807393090991,-0.9910273426008469,-0.45937365297005595
2014-05-29,-0.9307048458907516,1.032687566534243,-0.901382842660979,-0.37233846991214764
2014-05-30,-0.8844935287380613,1.0496176465757039,-0.768456250059241,-0.2661559164911934
2014-05-31,-0.548388903735431,1.083835523531009,-0.7592754482750813,-0.2621576662061417
2014-06-02,-0.25159078582957733,0.7559982674528856,-0.6062572286613346,-0.0027036954179035524
2014-06-03,-0.15678923981558188,0.5900128491721932,-0.4530923582526169,0.22469902865227362
2014-06-04,-0.15572589926093428,0.5616898829031948,-0.0935198846534728,0.19295117630064082
2014-06-05,-0.18885198222255425,0.5987547022641079,-0.1430418485392316,0.0017269357077160285
2014-06-06,-0.16519189626147915,0.4688279517478392,-0.7768248995676934,0.21848548288929412
2014-06-09,-0.46405514166985,0.4200621899439204,-0.8510411231721969,0.31322365678557207
2014-06-10,-0.467476331490398,0.11319004954122626,-0.9028691742369441,0.4687384957386836
2014-06-11,-0.4391651576596127,0.1184445312786925,-0.9084027769264259,0.42132003553111025
2014-06-12,-0.5236660387241122,0.15550118446926312,-0.6724037642820215,0.3070780855509345
2014-06-13,-0.4821552819668617,-0.03813347132713235,-0.5440750581627182,0.5030473415529677
2014-06-16,-0.45395212927695977,-0.09631803153958195,-0.4812916367798669,0.5787723041966507
2014-06-17,-0.5416009523365362,-0.35430209162128,-0.5531902571244294,0.6291925449530753
2014-06-18,-0.5900432964031906,-0.026849652385611527,-0.7154178220485968,0.3625554889989046
2014-06-19,-0.6276430670294092,0.08135799308118478,-1.0242633443018538,0.27405649183927594
2014-06-20,-0.6283616728041985,0.024257028842131535,-1.023196401774052,0.2946232135152279
2014-06-23,-0.6049479154793775,-0.06891988804427175,-1.0098556509972532,0.3033655970507463
2014-06-24,-0.6071378681407144,0.14209085007492306,-0.8543406316953185,0.17009539619364225
2014-06-25,-0.5294553737295605,0.21207820375420858,-0.921932197154544,0.23571982180494283
2014-06-26,-0.5062803874942655,0.35710370697281224,-0.968003113742093,0.09952037209478817
2014-06-27,-0.502165460927918,0.36507674188549866,-1.0176008664522809,0.06549135430529249
2014-06-30,-0.015992714828664396,0.41964929093226455,-0.9930972374755147,0.09209491182569197
2014-07-01,0.017245364904907936,0.3711012496163385,-0.6027358009382007,0.23894371325033392
2014-07-02,0.012847130184781293,0.08672476471664249,-0.5449546653420342,0.3805720070627077
2014-07-03,0.020370810716489877,-0.23401197876233226,-0.8478301500937843,0.41645548060101567
2014-07-04,0.02752055830479787,-0.36175417090188666,-0.836748588054778,0.41318069586432443
2014-07-07,0.07527050528026764,-0.24336874583989482,-0.798433005369347,0.4698642902199475
2014-07-08,-0.35952075011507667,-0.02431464243074903,-0.6798235690361063,0.39805915935006525
2014-07-09,-0.3197853656767452,0.31804251742307293,-0.7136868362085628,0.33788286984650384
2014-07-10,-0.2477308421726017,0.4626983216228952,-0.499095370940131,0.15009016055607954
2014-07-11,-0.19239692514154044,0.5686272199756914,-0.6548525883489711,0.13116552738121748
2014-07-14,-0.13033052185696697,0.5347439634367911,-0.7224007472556997,0.2509819650062377
2014-07-15,-0.048021940058188696,0.6044223399608176,-0.7208758083151572,0.4643244709122786
2014-07-16,-0.018757580076567377,0.6782198910946712,-0.9801352402562659,0.5450897932364077
2014-07-17,-0.10051093112768185,0.7988406555491596,-0.19036915413818772,0.17878711591968977
2014-07-18,-0.019263084946217025,0.4966041585086439,-0.645450732258352,0.4648826558511281
2014-07-21,-0.017212099607764098,0.40880042674132566,-0.5474579657068888,0.49765781507528445
2014-07-22,0.18960668926351007,0.5836019085759039,-0.6488037863851466,0.5086273762989384
2014-07-23,0.20787532710887502,0.525533506516954,-0.8072943892724127,0.4870406236324225
2014-07-24,0.2223079958475914,0.31599885122954163,-0.6642012714663951,0.6634632758571669
2014-07-25,0.196497430808527,0.3330261154684292,-0.48435755792671203,0.5023654477216721
2014-07-28,0.22169358647971957,0.072683633311121,-0.5313974696875109,0.63396388126603
2014-07-29,0.1996689003824913,-0.17746632332740772,-0.4139365587395125,0.653698742406217
2014-07-30,0.27303086593636705,-0.46882978674942405,-0.21867237029288156,0.7849091616703759
2014-07-31,0.40637548496226794,-0.15699265635792442,0.5165107559666606,0.7199728380960637
2014-08-01,0.5375341021375387,0.5685261957029513,0.16708681514343904,0.4806284684811718
2014-08-04,0.5834052965858499,0.6488399908294945,-0.18992385190763214,0.4887877045358533
2014-08-05,0.5511050936089831,0.6090920327544783,0.532470004456959,0.49500452289263486
2014-08-06,0.6141324027663517,0.5614367703917309,0.4576248343973656,0.4715430265361829
2014-08-07,0.5953607207137038,0.7057257270556755,0.7395306604772028,0.15514219574281649
2014-08-08,0.4737973641212704,0.3706543426411068,0.8266915946417915,0.4347978143410291
2014-08-11,0.46112490381156096,0.28290409794751037,0.33065804747727984,0.39537723648619216
2014-08-12,0.49576755228609204,0.32537548305355013,0.23088304925067632,0.3391199545964756
2014-08-13,0.5027217193949639,0.7137166250907434,-0.05705281074146096,0.029717120320519607
2014-08-14,0.6786629869094919,0.769301817176488,-0.17459844381071146,0.14909305263111083
2014-08-15,0.7123087008063127,0.6496996566172376,0.14131326074979078,0.03378508747217361
2014-08-18,0.8408504901890684,0.7226856905059975,0.0961764032054391,0.07731600947756255
2014-08-19,0.9809801162652864,0.7385485121885724,0.10138647209468539,0.3447651090758025
2014-08-20,0.991549681776952,0.10422942677111087,0.09208487288133371,0.686938318520217
2014-08-21,0.9857307498336398,0.20278492979436272,-0.14838024494435287,0.6729765526058095
2014-08-22,1.023474289068569,0.17234843753431647,-0.23487625911076326,0.8529011818864778
2014-08-25,1.0045882121870429,0.012348808399456495,-0.4331213495166718,0.9018455393934288
2014-08-26,1.0110909740892338,0.26146811287695176,-0.5063234828681132,0.7604212850245741
2014-08-27,1.0005954426972121,0.4923815200433651,-0.43042291812564437,0.7952086466761785
2014-08-28,1.0069878180464378,0.962235181829713,-0.09707405956268365,0.7767380458189233
2014-08-29,1.0164555888575986,0.924065459170279,-0.04088512445338473,0.7794878391616352
2014-08-31,-1.2646475492355955,-0.23996785705376936,-0.037875578967300955,0.7727188568397204
2014-09-01,0.2954778341831434,0.484123287439267,-0.034875517538517566,0.7660323105591048
2014-09-02,0.3672905014767069,-0.12297649006511267,0.10624858372174634,0.9676998552684748
2014-09-03,0.3571489050806495,-0.07600331134404725,0.4719859815379888,0.8986993552831021
2014-09-04,0.3981737362626419,-0.5176697225837098,0.5347957023614756,0.9813754922652318
2014-09-05,0.4106375944508684,-0.2885587822251821,-0.034742844791499534,0.8604781625426273
2014-09-08,0.06129814599499129,-0.5160319768438795,0.06589900263015103,1.016345371248277
2014-09-09,0.09911289286437235,-1.044751684558757,0.3907266077342676,1.1950508196720941
2014-09-10,0.1774970668779812,-1.3544741048143845,0.4255032757164921,1.2878394002481668
2014-09-11,0.19939682079539203,-1.3119318532260953,0.3729036334491951,1.1838427840447863
2014-09-12,0.1958073137610241,-1.5268528590736352,0.7535870755646232,1.266306313379121
2014-09-15,0.211099797695107,-1.3046985526636123,0.9717540962534423,1.1964578560903243
2014-09-16,0.23020117093306094,-1.1502953038481012,0.7656327020456647,1.1372460917604121
2014-09-17,0.5544054142363662,-1.1175177130357947,0.26548932664328845,1.3141407622493073
2014-09-18,0.6822623007007805,-1.1636762693361435,0.10875170103312799,1.2748678620630725
2014-09-19,0.772987354586242,-0.9569586730588313,-0.09288863958347256,1.233640472565531
2014-09-22,0.814610301072769,-0.6913792901956324,0.07255048159551443,1.1675717524459925
2014-09-23,0.8055384419023061,-0.634389302540849,0.290779428676238,1.1333156132005768
2014-09-24,0.8260739557656178,-1.0487688435501696,0.01479613627293648,1.2940102354085177
2014-09-25,0.8560198834347121,-0.7653575489092052,0.6287707867089926,1.2148640710813778
2014-09-26,0.9199437386500673,-1.2117502588291122,1.0006175564627553,1.3311906458908098
2014-09-29,0.9271836876710411,-1.086197633811306,1.016254507758885,1.3086587831431056
2014-09-30,1.6398824662861595,-1.0906044987986947,1.2742277136029059,1.3032325599108567
2014-10-01,1.5830441657086372,-0.07366864020130341,1.3571309785622223,1.090784705752831
2014-10-02,1.6491654116534302,-0.3317378749398299,1.4093747883511767,1.1245140805269263
2014-10-03,1.648318286667604,-0.5419987972700333,0.6715382668520843,1.2237063623495656
2014-10-06,1.638672786978385,-0.4341308256314069,0.6614455523567542,1.1178237342879462
2014-10-07,1.5199723676422359,0.13906839985156505,1.529569295706725,1.007176666985841
2014-10-08,1.6929814710767028,0.8423988190992066,1.021431748977723,0.6684485187106112
2014-10-09,1.7768735610171322,1.0645442412044337,1.9552928080820644,0.6576654359767863
2014-10-10,1.8238329387132195,1.0748013740891178,2.638701441251922,0.5153013340776523
2014-10-13,1.7921662767537976,1.150324877061684,3.0,0.5113531980811431
2014-10-14,2.0111132014479063,1.5286142582885551,3.0,0.12595747726089868
2014-10-15,2.1995186267632008,1.9777815441369657,3.0,-0.6051755740211785
2014-10-16,2.143420808349701,1.5694415696275366,3.0,-0.10773616165436409
2014-10-17,1.9312322720138713,1.367988593768773,2.8940056978388946,0.12233464563766756
2014-10-20,2.03059612618013,1.4716755410047921,2.0498883748145693,-0.1985561383907565
2014-10-21,1.9797531930031778,1.3295270392093386,1.6170091304374328,0.024816371647208565
2014-10-22,1.9589346717742435,1.0987239124659962,1.7441205110709364,-0.09281506077167799
2014-10-23,1.74742843607406,1.119076703184532,1.732413979037505,0.4029106913255657
2014-10-24,1.872323150590889,0.8309243595462279,1.722926087773016,0.3580671978992643
2014-10-27,1.801201649856936,1.2494353096125739,1.4150067222916143,0.35085656781666563
2014-10-28,1.7696210968189996,1.1161053789654527,0.9644060663438422,0.429385493376212
2014-10-29,1.6495726403512128,0.24118132951449586,0.952536419371662,1.0461838970013007
2014-10-30,1.6873226578844278,-0.025716887754080778,0.6184498168767341,0.927305636059553
2014-10-31,1.94913135255244,-0.21985733501554283,0.4830760106562007,1.0274125875562743
2014-11-03,1.914711356726167,-0.24707032811700796,0.4999687813636288,1.0813862976967437
2014-11-04,0.6054967829368704,-0.5612036747529584,0.5981070838045845,1.1611435492679538
2014-11-05,0.5939968563418896,-0.9015402693872179,0.7899357691996981,1.1625443843663943
2014-11-06,0.5972225827239138,-1.4981426298178946,0.44714861381800225,1.2394265616627014
2014-11-07,0.5427895971303272,-0.9863095654614841,0.18589970220970714,0.9003847685475324
2014-11-10,0.20627631550354764,-1.4730233367866614,0.11169184811479173,1.1592800131790426
2014-11-11,0.20707192723274404,-1.492247315298994,0.15055067399750985,1.1465011170261459
2014-11-12,0.2166671391069183,-1.972390301071253,0.18241849238828528,1.243589068302044
2014-11-13,0.2926359459933658,-2.0622727095969213,0.31774492441803054,1.1770429290794282
2014-11-14,0.24597244050783004,-1.6382522122889713,0.2391648205498787,1.208063094644488
2014-11-17,0.28219172597317865,-1.5314524027544851,0.34003545590611867,1.2167800639756194
2014-11-18,0.2778206884159769,-1.6654437551640213,0.4885088912906946,1.1860690757400836
2014-11-19,0.36241189739930874,-1.7618961895864327,0.5591832973951615,1.265266336554606
2014-11-20,0.3054273341820779,-1.6368187109687227,0.4346572516268655,1.193846119567124
2014-11-21,0.3081391159566961,-1.1958609399418347,0.1640577449990574,1.1030188632003004
2014-11-24,0.36893521273372776,-1.0928153223641208,-0.06971777876412973,1.0722890438569643
2014-11-25,0.4518557570929525,-1.09045577832754,-0.10804823802867831,1.0995638110878865
2014-11-26,0.4713467089328258,-0.8901353265536617,-0.1342676656861654,1.0811632493384913
2014-11-27,0.4693505606314222,-0.37889329516813625,-0.13219512599808325,1.0700080621625823
2014-11-28,0.5389604578204521,0.01536448637736997,0.2178250154538433,0.8203916468121487
2014-11-30,-0.5358887430984919,0.01998400352711303,0.2177667214218956,0.822558649438455
2014-12-01,0.24576503084212897,-0.047106217097837216,0.42821892961874963,1.0018252661718978
2014-12-02,0.31779013153266106,-0.4510674078990424,0.23624187130003466,1.261774629686217
2014-12-03,0.32595426323653093,-0.5659900742743521,0.011242250032909693,1.3233207630622374
2014-12-04,0.3397072126407624,-0.21313622423477782,-0.09047323102941152,1.2609366779691207
2014-12-05,0.4209205751009859,-1.2091221173950175,-0.16595257793775295,1.5337794241494378
2014-12-08,-0.19709430847400125,-0.8332792453219574,0.07707615986136929,1.5614070936805355
2014-12-09,-0.26521973539032423,-0.6657244290500967,0.48753393362152553,1.614503115065046
2014-12-10,-0.20469512192625897,-0.14941106799896148,1.21960780375619,1.6372002202997276
2014-12-11,-0.15098722477642762,-0.668159266331666,2.275320483015351,1.7647864632777919
2014-12-12,0.025099750084030575,-0.18179362906692742,0.6094795731832637,1.7624684617051298
2014-12-15,0.13187535590820135,-0.5839997267202254,2.170757000090813,2.0149624100994603
2014-12-16,0.21556081362828416,-0.4708726550595389,2.8114407324516506,2.1835537218581607
2014-12-17,0.4408555229202055,-1.0570097795649385,1.5150659699022584,2.2000609783148417
2014-12-18,0.4873039199056142,-1.0817450507930506,0.9971098101445102,1.934910117178226
2014-12-19,0.41954546597382425,-1.1052089700809222,0.905005426074335,1.8566824692945656
2014-12-22,0.411546136951346,-1.1493757294781792,0.6576310547560253,1.7683395423017132
2014-12-23,0.44191077142026264,-1.7849274474300532,0.4858135846484296,1.7932509819318379
2014-12-24,0.5131777378360599,-1.7739469275907398,0.4229067163587128,1.7693171053783128
2014-12-25,3.0,-1.8044464780655245,0.42129680979206624,1.738403603486012
2014-12-26,0.43608279677863815,-1.8207162124818401,-0.5656587465965865,1.7048268432182907
2014-12-29,0.4655938367917525,-1.7289084192188808,0.5614327510711281,1.657450479247426
2014-12-30,0.5227315894466854,-1.2932331070310783,0.6846310320422322,1.5887401706511077
2014-12-31,1.571078296725541,-0.8261688594562885,1.2027601568481656,1.5776413941758327
2015-01-01,2.9183638275274197,-0.7344467307798255,1.190387175534145,1.554007221802608
2015-01-02,1.4423201090776503,-0.761828893162334,1.0327531247717772,1.5528237061446202
2015-01-05,1.5360729716118973,-0.046435033008615165,1.4760607250656586,1.605861184505415
2015-01-06,1.6643012011053524,0.17262001839636898,2.5917511033859966,1.6990001210513392
2015-01-07,1.600781050664708,0.2808107767252333,2.267906768279391,1.6370944078753227
2015-01-08,1.231732555247963,0.0332050533150609,1.8696460250283136,1.518116774239764
2015-01-09,1.2026127860230824,0.5370168702063267,1.6019762705248115,1.3974831965190833
2015-01-12,1.2981884364885707,0.26942494579531706,1.9652912846904311,1.36064021653695
2015-01-13,1.3041718079652687,0.7980589919111676,2.1369256310255103,1.4452176568037332
2015-01-14,1.2076210828209073,1.1219492413961702,2.364227252942735,1.2840461069061873
2015-01-15,1.0829333915119854,2.0888445329664505,2.4231932508229352,0.7849542338512491
2015-01-16,1.0281781916480104,1.3545619795209418,2.614803357834278,1.19084110910548
2015-01-19,1.018701406331979,1.386757905575373,2.530004627065026,1.1474705287916873
2015-01-20,1.0301790785626654,1.4708167708148574,2.195650590371185,1.1761062298971148
2015-01-21,1.0292699307112838,1.6162904214107359,1.8735559195205507,1.235380059332226
2015-01-22,0.9870816487763011,1.4580166394213068,1.337469515543035,1.218218069286726
2015-01-23,0.8810827713522075,1.8666479460501446,1.6396785243879106,0.9672273276710286
2015-01-26,0.861816146962613,1.7755271954287808,1.192817971693773,1.0061704515634518
2015-01-27,0.7876518910787972,1.5570541563367573,1.449436099936044,0.9401489319624357
2015-01-28,0.7287837595406014,1.9210445618134846,1.8487598525401614,0.7329359311211571
2015-01-29,0.702439516922965,1.473465767557967,1.6176516889764723,0.8942018819579666
2015-01-30,0.5270402880247739,1.9422052195035693,1.960315024951756,0.5661806872327323
2015-01-31,2.3559124660733666,2.3232831363276945,1.9195593645792859,0.5845456573156453
2015-02-02,2.1034514989391155,1.7979389921762645,1.6869727020617924,0.5602786201305913
2015-02-03,1.896434513038186,1.2835118103112846,1.6597983108213028,0.6817975955145111
2015-02-04,1.8835380518595977,1.175643829578084,1.7258449461662964,0.6488551607895144
2015-02-05,1.783723657855748,1.0202580518236943,1.555157630944335,0.6788281363464742
2015-02-06,1.597366149797706,-0.026057289177754357,1.6231019990903852,1.1653809487753302
2015-02-09,1.0707750232264228,-0.15613499330651198,1.8180910963632797,1.1434583347406677
2015-02-10,1.0920549118024172,-0.27326015129482045,1.6426178007200731,1.1811127322947992
2015-02-11,1.0794233212748525,-0.4623670150762662,1.5226368543979707,1.2134749377485954
2015-02-12,1.0185813988833443,-0.5335331073241476,1.1730842725394164,0.979793824223583
2015-02-13,0.8877575460679521,-0.36208892809550147,1.0674361615933672,0.9907494491954245
2015-02-16,0.8746228577336931,-0.25637875446043495,1.0556363911672009,0.9814532852622203
2015-02-17,0.8565732742602447,-0.5969132490025917,1.1989353096973445,0.9124267828072008
2015-02-18,0.8323350723749269,0.10795473090017008,1.1202260275658102,0.6667456329366896
2015-02-19,0.8610102324361517,-0.026030824694144597,1.4601176802314555,0.7042742714568515
2015-02-20,0.781458177870908,-0.3335778818097947,1.3142295531882964,0.7118498176650558
2015-02-23,0.7396574447134329,0.027410288265497827,1.2940544672987346,0.6395245862922324
2015-02-24,0.7209637650862271,0.5967666705382584,0.986682737429517,0.4371392316380688
2015-02-25,0.5795020696792803,0.14194036501804014,0.855121585157427,0.565663269866674
2015-02-26,0.3367044340669151,-0.038506188887761084,0.8057373734959803,0.5058066757545717
2015-02-27,0.1855755025641128,0.06060055285108701,0.7757025803171148,0.34627793571121895
2015-02-28,1.4139245712874462,0.015012246079749493,0.7685206125124291,0.12793072166815972
2015-03-02,0.5855698929840976,-0.1864122548068536,0.663354426718993,0.26583729474986895
2015-03-03,0.4908038371369217,-0.2015581924459915,0.8371214949156183,0.2996721028137926
2015-03-04,0.5139008887739571,0.0434889998964104,0.8156881536230604,0.15110102098179526
2015-03-05,0.5804590225411475,0.2647273405304472,0.7151311030135644,0.21721891577488497
2015-03-06,0.5405985996212553,0.020355908654103073,0.7038196256796964,0.493353002892374
2015-03-09,-0.05434374026484346,0.388136316502258,0.5451446621650679,0.5072137511333659
2015-03-10,-0.004397566835500427,0.5932245993280986,0.7585577925273195,0.5855585862607086
2015-03-11,-0.047700246390894166,0.5293385963958305,0.8050974475185464,0.4943572168563597
2015-03-12,-0.021427416392480796,0.5511182666874977,0.6563617249739755,0.49834381769701347
2015-03-13,0.060728242949886664,0.47997863342635283,0.7489112271933916,0.4928478431004766
2015-03-16,0.059406590524991046,0.6417476719303489,0.6229552387114297,0.5530270207866721
2015-03-17,0.1506274742703147,0.4898679978779351,0.7091680975658247,0.6193805142651525
2015-03-18,-0.1269820850251252,1.2152977584860336,0.46076856960204937,0.12286782937288637
2015-03-19,-0.07333070146577306,0.7172093728425801,0.5831429681014435,0.08568718839174977
2015-03-20,-0.08175379412748039,1.2598266970346872,0.3798105528590503,-0.11535735945832315
2015-03-23,-0.08528865074901101,1.3134944310044716,0.3384155689581149,-0.15774533347955402
2015-03-24,-0.18521730736718206,1.12874913274322,0.2948023544645775,-0.3718818974161822
2015-03-25,-0.21594305962345764,0.8635922461853824,0.5497258197618939,-0.22191611859499003
2015-03-26,-0.33276003776528934,0.6408927732035329,0.7025347164966922,-0.07787634993603686
2015-03-27,-0.3206240631783104,0.8223082803310301,0.6046516388889281,-0.1957138562325015
2015-03-30,-0.30014434659618144,0.608842621851279,0.542291035934747,-0.14084255244852553
2015-03-31,0.43442621994138103,1.2056435356168043,0.6189157498931928,-0.4236214924429763
2015-04-01,0.3186026168831941,1.4671358951464832,0.5644790092633103,-0.7627304142671444
2015-04-02,0.4240015429998925,1.2059557443982054,0.42905475269469606,-0.5931031273647154
2015-04-03,0.41608487301958724,1.2981053783366598,0.14373145503059548,-0.5904275228926282
2015-04-06,0.2809481449001494,1.7126114165303061,0.13546845446630926,-1.045332294947568
2015-04-07,0.2687463554396593,1.510057044604583,0.07215530958251153,-0.9365565996939864
2015-04-08,-0.4182708064918242,1.2832309501472299,0.0947854967804585,-0.7161621839208823
2015-04-09,-0.3663358730189572,0.9562561186304244,-0.09507700099513325,-0.5644179992222806
2015-04-10,-0.36791508863557415,0.7594007713816326,-0.21683053301515592,-0.4552959062778921
2015-04-13,-0.3811015916035136,0.9402462423290234,-0.15420292355056125,-0.6434483253366103
2015-04-14,-0.4157853953491414,0.9702770397012652,-0.24643938599870532,-0.7661720852292392
2015-04-15,-0.5293495405555876,1.3438729265953273,-0.4612360487572523,-1.0004214983235655
2015-04-16,-0.5539707594562567,0.9084917497301898,-0.5255559616150901,-1.0900025230307275
2015-04-17,-0.669912611162786,1.0451253574763,-0.23207620582242292,-1.1275746638476463
2015-04-20,-0.6569749772065835,0.7744524352710545,-0.3597363854677574,-0.8786509719733144
2015-04-21,-0.5871283594930876,0.6949810313017427,-0.4002091055215085,-0.7843039430495656
2015-04-22,-0.5841392201284235,0.18990579454676984,-0.47165681540317345,-0.531730024672069
2015-04-23,-0.6402005327732919,0.6859443827016689,-0.4874465154738693,-1.0130804739950077
2015-04-24,-0.29176582115753025,0.9872130099761958,-0.6038242535378882,-1.2553580274933311
2015-04-27,-0.2814553258804765,0.5755405877634545,-0.522179642553815,-1.1154923882627648
2015-04-28,-0.21965696614145339,0.19583999481235642,-0.5036798648681743,-0.7436934210831087
2015-04-29,-0.2262194296027502,-0.3572589250918042,-0.30145205263894054,-0.665357172190274
2015-04-30,0.9567988167093149,-0.6658755965683611,-0.05205594809546054,-0.6149491621502126
2015-05-01,0.9936100333304796,-0.9086742829218072,-0.09085404980141636,-0.3000966876789838
2015-05-04,1.0023036989499694,-0.9723059139886577,0.06958304223425345,-0.23182652860006625
2015-05-05,0.9653225800452545,-1.3604982094031266,0.6808790365791831,-0.14549415963059356
2015-05-06,0.9639889399817467,-1.2299772228656574,0.9985493848502965,-0.0008698923066539105
2015-05-07,1.0277575741306226,-1.0877307536479621,0.8993384458113144,0.050507103370434035
2015-05-08,0.6472860071368572,-0.4220489779014185,0.03058160115246333,-0.25758553338465456
2015-05-11,0.7249340794819414,-0.9084333403647158,0.3742962026231879,0.06613176425175879
2015-05-12,0.6446526906580646,-1.0207655853699866,0.5741298988416451,0.02554799991208284
2015-05-13,0.6276376261097916,-0.9304019264243204,0.44360378770725467,-0.1490498656363624
2015-05-14,0.6292685989189071,-0.6518233096384463,0.14542908548938088,-0.4076657964350654
2015-05-15,0.6391134738203487,-0.29699783090650345,0.1718365314685515,-0.49618045010595613
2015-05-18,0.6841964915887137,-0.7859821055534068,0.4600074110592301,-0.17198271666810241
2015-05-19,0.7884293714220404,-0.995462044226014,0.4378322540237392,0.12967434189879917
2015-05-20,0.7169396583100899,-0.7625176606961704,0.43770563957625647,-0.06833201969853181
2015-05-21,0.7085559202309689,-0.5079924389959962,0.2216671932646428,-0.11486513563033995
2015-05-22,0.7501370434764099,-1.1914300044793766,0.32429947032184375,0.06061727853754175
2015-05-25,-0.4257405643093141,-1.332256280349137,0.321978727562148,0.059370241762534214
2015-05-26,0.9005219754066585,-0.8842331155290583,0.4572350727194617,0.19271504233484968
2015-05-27,0.9775746291449194,-0.8702600103462382,0.24686288169480736,0.4008264636334289
2015-05-28,1.0233265526920503,-0.5363143579481836,0.16805882347232176,0.32501832542274
2015-05-29,0.9696879783916287,-0.18689623421380347,0.24578487738096802,0.12474765673190572
2015-05-31,1.8826104677588413,-0.20776988301940263,0.24424298731697325,0.1478048079805059
2015-06-01,1.277981007388783,-0.6913396686536397,0.31893513017276337,0.4744919929688312
2015-06-02,1.2174903469976748,-0.8691647948571312,0.6192899201138329,0.5405104413577616
2015-06-03,1.218499052868832,-0.9525039638272956,0.8122507615300049,0.7836841542902123
2015-06-04,1.2777635202917905,-0.7216707650136942,0.99121793385431,0.6669120588749268
2015-06-05,1.241057475353683,-1.641119315037747,0.6880699196996471,0.8493721577731389
2015-06-08,0.7423702288901707,-1.28342940117987,0.7600718361540749,0.7762868455810705
2015-06-09,0.6259891039084023,-1.5852418448680528,0.5976252349977054,0.8445215416824228
2015-06-10,0.5126219039265948,-1.9316046911223432,0.572045604859872,0.9606287428011562
2015-06-11,0.5202794819177956,-1.784176090755638,0.37579053687491926,0.9157094279324414
2015-06-12,0.5178826303721888,-1.9443476671637707,0.5128945713947192,0.8914332806389279
2015-06-15,0.5649911022819833,-1.8598155778342005,0.6483745898058563,0.8380370325053962
2015-06-16,0.5122036118281199,-1.4100428173640254,0.5313097205487949,0.6721736543659805
2015-06-17,0.4778007931966396,-1.2916546982569388,0.25504899116811186,0.44470248994197803
2015-06-18,0.5299765247951841,-1.3849128407048596,0.05400071712248617,0.44994217102831113
2015-06-19,0.656772443237107,-1.0202901021649824,0.32729282612123983,0.40475178727610656
2015-06-22,0.7336961647367596,-1.2913099770874723,0.10846066482432498,0.6381754811505032
2015-06-23,0.6433493904072928,-1.376453991843792,-0.011359240822742991,0.7304143911532855
2015-06-24,0.6455450252859731,-1.320636636204588,0.06913499453672001,0.8065854136102737
2015-06-25,0.7211204323550181,-1.487256949011423,0.2358605634783924,0.8752178775847783
2015-06-26,0.7204651388697834,-1.9418493742642713,0.3058247702863138,0.9010683600851075
2015-06-29,0.7223848852888075,-1.4748493097543516,1.4696073119605326,0.691264864554343
2015-06-30,1.8119438326462827,-1.2248955832222117,1.5202559714804007,0.7402992115255371
2015-07-01,1.7951603279097341,-1.5831430111627307,1.019945355650128,1.0250607211017544
2015-07-02,1.7767956138251357,-0.9155215622718663,0.9617892371199398,0.5586326391140195
2015-07-03,1.729921864878124,-0.9973755766970726,0.9524986363602833,0.554582789292855
2015-07-06,1.9150089422351617,-0.3240901992030127,0.8558657841225125,0.3838548114969869
2015-07-07,1.91853003090766,-0.30722627837950117,0.995690202965803,0.4378286796657541
2015-07-08,1.821570092050709,0.11329665401770052,1.4886722729268576,0.3265182402093095
2015-07-09,1.7297140601328418,-0.28161466648471783,1.5102525431981184,0.6156973925783823
2015-07-10,1.7349273700684575,-0.9600966433232878,1.0477568249627438,0.9706949217785585
2015-07-13,1.8034664114536267,-1.1107158105846262,0.18270088648493638,1.222279609727964
2015-07-14,1.805377732496195,-1.0053755363770782,-0.1770731861450392,1.0451199007030143
2015-07-15,1.8374890254566956,-0.9178821045864166,-0.320169484086152,0.9921430400986544
2015-07-16,1.8381726299692551,-1.2390058463619165,-0.7199458956920693,1.2157100503930984
2015-07-17,1.8156718886734275,-1.2947882879880575,-0.8626653494522553,1.3138294493882152
2015-07-20,1.7821464372054294,-1.617066721659294,-0.9023874599914739,1.4742736762173123
2015-07-21,1.720657255007166,-1.273145341188813,-0.9290924848287196,1.4228373621827617
2015-07-22,1.7801482680725853,-1.3539769973446776,-0.9593377596087841,1.6080979918673033
2015-07-23,1.7842881673516964,-1.203126199863277,-0.8297330112401192,1.5908983317606362
2015-07-24,1.7814342931520792,-1.1039012785756914,-0.6148419627703691,1.6919290383577725
2015-07-27,1.8526513214658382,-0.6956750588933912,-0.3580975077282589,1.6426988928748196
2015-07-28,1.8478588374220235,-1.1422535759476404,-0.7425807894891006,1.7636294500896494
2015-07-29,1.8060719534307859,-1.180318991883068,-1.045482483426033,1.7538753279776713
2015-07-30,1.766415666229931,-1.0844156054967584,-0.9909507955589183,1.7743697773313027
2015-07-31,0.5482610069802065,-0.8558631576829949,-0.65995303327874,1.6065021323006723
2015-08-03,0.6465491090532447,-0.712767223743875,-0.6538318391306341,1.7260553320098342
2015-08-04,0.6698155502113122,-1.5099983513066508,-0.16265467467078826,1.9278653182451961
2015-08-05,0.679623215967668,-1.7450899876364407,-0.22816401527769847,1.9143209387668456
2015-08-06,0.746501905030776,-1.599937805952387,-0.040928785613377046,1.889914358917155
2015-08-07,0.7924561047500452,-1.3544393979932199,-0.40514423039072545,1.9354442238243477
2015-08-10,0.29224130370364954,-1.25930843250888,-0.6705081390396922,1.9120429701418893
2015-08-11,0.3412610872547648,-0.7219102913749194,-0.20756830572529242,1.8025049681022904
2015-08-12,0.3866518975954166,-1.03281514818185,0.028611823886729622,1.7754002176936072
2015-08-13,0.4566377036200785,-1.3756645664522984,-0.1013072949510888,1.9236711843222307
2015-08-14,0.6079428025846717,-1.2621759345217167,-0.43467910737652615,1.9197453608975092
2015-08-17,0.6063318497684937,-1.0193038780567085,-0.4751136659101932,1.8484851107039117
2015-08-18,0.6423616756141729,-1.0464831648402788,0.16377261291018133,1.8708988462926446
2015-08-19,0.7659200768547345,-0.6210559447932893,0.3320137034337938,1.6314235162599027
2015-08-20,0.8301248456734281,-0.43239742801833125,1.243782887749053,1.6132931886870652
2015-08-21,0.9316423074482884,-0.3398051745734676,2.981274609465622,1.4437288167597102
2015-08-24,0.9740390327715717,-0.13786755466183265,3.0,1.2619007686731032
2015-08-25,0.9716474299908311,-0.8127168298058307,3.0,1.4092209423651023
2015-08-26,0.9692355102154113,-1.059058072501634,2.9918277250148537,1.7148635399453258
2015-08-27,0.8984808672464955,-0.6982245504053963,2.307283684057253,1.658936195980508
2015-08-28,0.803586577459756,-0.6769074938690998,2.2152869172362144,1.6805718474795124
2015-08-31,2.156064164947342,-0.9499843253323564,2.2626299602985007,1.6774521938933207
2015-09-01,2.1984028966281404,-0.7491946030435718,2.4977653997719518,1.6188161184317302
2015-09-02,2.139016887068962,-0.3095544061637219,2.13409078838251,1.6179746858208166
2015-09-03,2.0514268946496053,-0.07318114657259207,1.9259023543836968,1.5324476840925167
2015-09-04,2.032114671702614,-0.03959296349672926,1.8843193001194087,1.5510503318347608
2015-09-07,1.9738976830282289,0.12411819072661351,1.8408253398468573,1.5290670902142407
2015-09-08,2.1188748462025235,-0.1709920902265468,1.3698080747944994,1.5757869680795182
2015-09-09,2.0897044194991046,-0.29408672161829175,1.4967233872218808,1.5732044709476283
2015-09-10,1.9567239309726308,-0.4180205661233466,1.1688963006829836,1.5118634566521478
2015-09-11,1.920736367108519,0.0426531142323742,1.02496491801982,1.3851829402013678
2015-09-14,1.9678616986544324,-0.03010749853423736,1.076628030265612,1.4464866899799165
2015-09-15,1.9328986693035473,-0.7564435421314004,0.9923330188537919,1.5515701587777495
2015-09-16,1.8542140011427275,-0.7730725041843406,0.8336617135590799,1.5198294514703317
2015-09-17,1.823838810866986,0.0717860914101688,0.3867891730033336,1.1734793241096018
2015-09-18,1.8955340121731863,0.33463157684896605,0.4108517986572364,1.1626294710372198
2015-09-21,1.8867155967949236,-0.20657784335069426,0.07319792938600628,1.269732050374336
2015-09-22,1.8494200816232498,0.039020475519407516,0.41636956848806445,1.1705035934130976
2015-09-23,1.8116024256179166,0.1692927225910031,0.31094325935114947,1.2650664972313952
2015-09-24,1.7958871435420973,0.4134847917400266,0.5809480523121768,1.255067619399066
2015-09-25,1.7295186104249116,0.15780555393730655,0.5635866421301624,1.307884207893841
2015-09-28,1.7683064768766752,0.47299987062573934,1.1083068589240606,1.2450564439617784
2015-09-29,1.6943543973179707,0.43673078685137107,1.3682221797155791,1.1234793032230885
2015-09-30,2.1083896003068743,0.3814352428411111,0.9648890888344093,0.98275759055843
2015-10-01,2.0111643375563353,0.11547655287635594,0.717677151538729,0.9965275057759132
2015-10-02,1.9621832961630405,0.4203429635764544,0.3584806640702517,0.6470655800491938
2015-10-05,1.8623352573730612,0.16622284162873419,0.10038453995362195,0.7472528527583531
2015-10-06,1.7126558869003663,0.5206511573585098,0.24895434055183585,0.6329321806615044
2015-10-07,1.6698049296844095,0.7264765036520733,0.10712824930751469,0.757568063818098
2015-10-08,1.9004689487426332,0.6199600955350288,-0.04395529034523855,0.7707023247981197
2015-10-09,1.8666422297269591,0.6749903814840227,-0.16428894627501767,0.8273476461914314
2015-10-12,1.8052737397423315,0.48665456859391104,-0.2779995347243747,0.8190882950480124
2015-10-13,1.8323052397992163,0.8943355874473033,-0.20487924690991977,0.7231275288895727
2015-10-14,1.8771005940530516,1.8651866279206841,-0.25308713370615743,0.41717658558765586
2015-10-15,1.7582251531021875,1.5441498724768268,-0.5156894202742343,0.6107161082945455
2015-10-16,1.619624501196352,0.7754587926578512,-0.6347504944110566,0.6747987900895227
2015-10-19,1.6575031861939165,0.8680263186519314,-0.8710324340072693,0.6353070986885204
2015-10-20,1.5925158139251379,0.7107803437710489,-0.7579119566186899,0.8227309623957575
2015-10-21,0.4181641782294474,0.8054711036875556,-0.7210842149606147,0.7815630022510788
2015-10-22,0.3795650145773588,1.113413533504732,-0.9852034835057599,0.6408180475226747
2015-10-23,0.32682848930157016,0.8006846915350226,-0.923764266613811,0.8272024358607585
2015-10-26,0.316931536697877,1.122432919010198,-0.8807568799636188,0.7946040884844972
2015-10-27,0.3058168927098471,1.274612359987804,-0.8484087222991853,0.7101363863684874
2015-10-28,0.2740004509706609,0.4583822197183814,-0.9544841954115368,1.1303798525899635
2015-10-29,0.24691772293623881,0.012413629976156311,-0.7315009352463934,1.185283228432166
2015-10-30,0.1838151003633413,0.2709669420111213,-0.6699026847788802,1.136635393077365
2015-10-31,0.8968352910077062,0.0798504044811701,-0.6658149070852258,1.1004262130260005
2015-11-02,0.341181936773578,-0.11323513153388863,-0.7733123885619887,1.172731058819833
2015-11-03,0.2886325032493851,-0.2950918553459963,-0.7116020014374499,1.1184271650512978
2015-11-04,0.29793438436276765,-0.5385981305546849,-0.3051119945610417,1.1629223923394978
2015-11-05,0.28473731591253054,-0.4602047700224057,-0.41997095435733,1.179523523737416
2015-11-06,0.2730770654749401,-1.142238617039445,-0.6728762673696225,1.188547865620892
2015-11-09,0.08208075485200189,-1.0522356589414128,-0.5383220620125511,1.1688651497230544
2015-11-10,0.07909018866453316,-0.8969768708438208,-0.7834844971233224,1.163260955363042
2015-11-11,0.06780604378029388,-1.0462049785010263,-0.6755411096720053,1.149249365330903
2015-11-12,0.10104547140451564,-1.219603960983024,-0.4289234456818815,1.1513348152468197
2015-11-13,0.10391454513730485,-0.7595954813525798,-0.2722684776945646,1.1375031134249345
2015-11-16,0.12396272761783245,-1.0190889713329054,-0.5712829822667547,1.149535510271249
2015-11-17,0.06775224958609391,-0.8030793987606991,-0.1682347051902663,1.109699443477003
2015-11-18,0.04830066973262861,-1.0164161627831911,-0.4846260634132279,1.1314516637050287
2015-11-19,0.024541100324600655,-1.1608022538784761,-0.5373630952285106,1.111140025706175
2015-11-20,-0.007688732438239145,-1.0137677043155238,-0.7443096837827433,1.089963551330188
2015-11-23,-0.02876855488266587,-0.9200537502013689,-0.6992257404189012,1.060348567420626
2015-11-24,-0.07193072875097206,-1.0076837378488215,-0.6468570411162549,1.036251232919311
2015-11-25,-0.08722299306723343,-0.6633806359123029,-0.8013663427560402,1.077653503354979
2015-11-26,-0.09744766671133179,-0.49402931896637126,-0.7957133706547233,1.0653409106788139
2015-11-27,-0.11914612695507662,-0.3750781727230013,-0.8292228102049787,1.0189786189983858
2015-11-30,0.235728418852114,-0.362570589512882,-0.6635396451038132,0.9917681354900653
2015-12-01,0.20432918082243165,0.020881947155971296,-0.7894183026518853,0.9111198325868358
2015-12-02,0.20126488316505006,-0.28810027035665703,-0.5195115848727755,1.0605095742115245
2015-12-03,0.17857690672987672,-0.7397850106874947,-0.05211926023055452,1.0602805678749887
2015-12-04,0.1694983497638936,-0.33949733707376045,-0.7462129110634589,1.047003771793029
2015-12-07,0.17806429955366013,0.11780650484188976,-0.6441498325417963,1.063921010988619
2015-12-08,0.014352655565623556,-0.10910072670000491,-0.240666232012389,1.083945897737923
2015-12-09,0.02024302096902829,-0.03531301210514276,0.026089492857648985,1.067789343951378
2015-12-10,0.02164936482251173,-0.320627377812932,-0.01909089834455415,1.1067916338532306
2015-12-11,0.04592560309460684,0.35054256090492797,0.8937835893058234,1.0195950810755414
2015-12-14,0.0921465635602729,-0.7170050716805294,0.8749580231365599,1.1311806254866084
2015-12-15,-0.004487774903933083,-1.1399292872972973,0.7049064906341598,1.121590169288849
2015-12-16,-0.008892776579951404,-1.552563618562019,-0.4099410888325805,1.113037765652879
2015-12-17,-0.05801207300703389,-1.0588298074295652,-0.4323786982390548,1.1085081332987552
2015-12-18,-0.06136177938598416,-0.9583140257303423,-0.1638694587483814,1.0828368158972825
2015-12-21,-0.03641779510895545,-0.778256419493623,-0.5592144500396353,1.0976061907001027
2015-12-22,-0.07562216873195823,-1.094708045720168,-0.8251376342880906,1.1168648347790455
2015-12-23,-0.14050912518577557,-1.0349819169897803,-1.031771411493977,1.0711891488061633
2015-12-24,-0.17379105794338395,-1.1057587610176063,-1.037316510287272,1.0709507865194638
2015-12-25,-1.1373198830288598,-1.092484763246593,-1.027920444258355,1.058778541426807
2015-12-28,-0.1625458056238969,-1.1295533112549185,-0.7227364124714223,1.0416300271597736
2015-12-29,-0.22101680316844624,-1.7307908614687666,-0.8371017002328622,1.0368561040540754
2015-12-30,-0.2275185031853725,-1.7924367424951224,-0.6455734588324644,1.005956279372307
2015-12-31,0.19762334294357736,-1.283977972907375,-0.4688272176661927,0.9596557183648112
2016-01-01,0.17858086488135694,-1.1670231591554023,-0.4663360177919837,0.9493164777727175
2016-01-04,0.13223889567281516,-1.1277699386330433,-0.018797591929965364,0.937620708462087
2016-01-05,0.10265079092263575,-0.9306311687421545,-0.03320620101300279,0.9061977508230189
2016-01-06,0.13646319048893887,-0.41801014110728846,0.1746693819327525,0.9040759471869265
2016-01-07,0.11472285058546096,-0.37684926684709286,1.0215886006355361,0.8906886231608604
2016-01-08,-0.07692066928560315,-0.0740293772939743,1.0715480772807058,0.8563962512387893
2016-01-11,-0.04762095366023127,-0.5336605022801697,0.6541682297044651,0.9030240818826921
2016-01-12,-0.058462727766815256,0.14665971554495894,0.44344649414084,0.870260466071418
2016-01-13,-0.019785120002454554,0.37165669289543657,1.0361218149298175,0.8290921945834598
2016-01-14,-0.06941315564779821,0.19881529545873455,0.7712492352705362,0.8528257915699053
2016-01-15,-0.023189842913849887,0.278532501611179,1.544024621972837,0.893527101684584
2016-01-18,-0.03947194789958262,0.08638958075864409,1.5153558978370982,0.8842656968837312
2016-01-19,-0.06795774601689492,-0.3168825810254897,1.2942716415295472,0.880442000671604
2016-01-20,-0.055265159366063875,-0.15400446580419003,1.8179626131830673,0.9284926027193962
2016-01-21,-0.0751852575685305,-0.38398602755319233,1.5752573491999127,0.9572201240264233
2016-01-22,-0.19476701202693392,-0.5049333046424769,0.6891258416500774,0.9319359470856435
2016-01-25,-0.21250696036460634,-0.2982601391794315,0.8003121717913131,0.8782418334755776
2016-01-26,-0.2608332700309696,-0.010458582184193004,0.536674712984347,0.8234435417015377
2016-01-27,-0.2944073571950553,0.3925738466156799,0.3819989909791194,0.7920638791204171
2016-01-28,-0.3192236085320289,0.41169969563711084,0.20746880025416203,0.7034085401927258
2016-01-29,-0.3239811696221548,0.8722629912254612,0.1078140718921629,0.6233951664861418
2016-01-31,0.9445597231211776,2.3414762668004374,0.10667550150651792,0.6044701397311517
2016-02-01,0.07063132430085774,0.4212542342079326,0.032056155361137706,0.6703496502483933
2016-02-02,0.05659630610755018,0.8477970926841374,0.6311633997108073,0.5439581176384766
2016-02-03,0.018723593487980784,0.724687521003595,0.7383573812941434,0.507311417455606
2016-02-04,-0.017832592283275252,0.76589371882223,1.072057870750986,0.45034039233146056
2016-02-05,-0.052322964555775564,0.579844916099452,1.127806492802671,0.6057398501034619
2016-02-08,0.2776167786750665,0.9119365151321753,2.047764099604087,0.47241517174496445
2016-02-09,0.320814079256025,0.6117721531516926,2.2382484649837027,0.5936435513787255
2016-02-10,0.27349561692219687,0.4837144045786627,1.772227241347742,0.5487915523790023
2016-02-11,0.3266949081838902,0.4164629807430864,2.774569030650783,0.3767113441341143
2016-02-12,0.17247080510521742,-0.2506943988140868,2.0437931597272763,0.6068155088537537
2016-02-15,0.14376868026731418,-0.2225194966400422,1.9951579986335934,0.5977938532178237
2016-02-16,0.0944199036762358,-0.05650069626805751,1.3244490314545851,0.6535902834167234
2016-02-17,-0.01919326288825076,-0.18009027982401102,0.9339861018562637,0.7329478591616692
2016-02-18,-0.058824281286104375,0.5739807759280304,0.9281657683445532,0.5142308117472018
2016-02-19,-0.2175248584995896,0.4564050188263115,1.0447053792369156,0.6476153493660038
2016-02-22,-0.2720450123164331,0.4605361692422653,0.5434231722769162,0.5924789909365954
2016-02-23,-0.3218472250115407,0.707328909677576,0.6702856405048784,0.4773094853554263
2016-02-24,-0.3849648918000114,0.5182590828445435,0.7072489781413754,0.4512206888448748
2016-02-25,-0.5078287036933357,0.9427839865967469,0.4420606385704749,0.21711002537519689
2016-02-26,-0.6136159677390386,0.221931900332449,0.40015614489468104,0.39702191260146197
2016-02-29,-1.0103498531071433,0.6064361655156625,0.5553969059745639,0.23262373648075763
2016-03-01,-1.0205240007918703,0.5942152231450107,0.22506874299817597,0.29883163958657627
2016-03-02,-1.0487959377115355,0.2684235781162951,0.10070058953540849,0.20972448823243472
2016-03-03,-1.0703385583574185,0.4762645102493265,-0.09127398637647714,0.13503880254950862
2016-03-04,-1.1064298543068203,0.26087345934577433,-0.3335500788464265,0.21242967419341266
2016-03-07,-1.1401693831115924,0.2951816288497615,-0.2781070344459891,0.29756678056733377
2016-03-08,-1.121623068399122,0.7161326811688263,0.11315371628930689,0.13433048019722982
2016-03-09,-1.178025071076102,0.5794416789868213,0.04016639805211291,0.17475405377379444
2016-03-10,-1.1503706742826592,0.6403609659154013,0.03476371999850434,0.3423353141857012
2016-03-11,-1.1877568373779683,0.769925136088478,-0.14181281916840444,0.2776123464842911
2016-03-14,-1.1625087528700386,1.5215382678758518,-0.2513892066734461,0.2870334181178899
2016-03-15,-1.137634490799713,1.3709465110913666,-0.3093759805211491,0.34163789943244377
2016-03-16,-1.3816412739473432,2.087288847525832,-0.8877673529494933,-0.1606704828991098
2016-03-17,-1.4370010172369168,2.32890697126458,-1.0863619845990915,-0.23526856967631002
2016-03-18,-1.461099979149608,2.3492659113895593,-1.2192727127429317,-0.48314518108998494
2016-03-21,-1.4503897430819934,2.298325533020993,-1.270389335039564,-0.4540082806227117
2016-03-22,-1.4624983979380994,2.1488378681271967,-1.1821434294091064,-0.31708618190507876
2016-03-23,-1.4244483961760654,2.4016177066657036,-1.0657513008572477,-0.3833175380056274
2016-03-24,-1.3992014452234567,2.19823363403723,-0.9678152540535879,-0.2929554760616432
2016-03-25,-1.3888824833264597,2.078345440328822,-0.9599618761383247,-0.2944676304786315
2016-03-28,-1.397724672193164,2.3813245140867543,-0.7340033612471115,-0.30281748179161605
2016-03-29,-1.4255812481774683,2.504232223362468,-1.079119629351432,-0.69352848602905
2016-03-30,-1.432616800858672,2.8243350583911413,-1.2598978352233714,-0.9026242903054515
2016-03-31,-2.06454673432588,3.0,-1.3181993062159478,-1.102358972947586
2016-04-01,-1.9909772843270996,2.7566410708679463,-1.550705054439074,-0.9967212601655793
2016-04-04,-1.897071907334808,2.632056147941116,-1.5056816394767425,-0.9759507762705759
2016-04-05,-1.8453487003061133,2.7368970505274994,-1.0947264301691655,-1.0267450625021097
2016-04-06,-1.829018389833259,2.3442181444915757,-1.167915846664908,-0.8895640248987988
2016-04-07,-1.784601071310373,2.6500991440033,-0.7688206458236406,-1.175528890858744
2016-04-08,-2.131712900260985,2.517847093940713,-0.890903964481496,-1.1329837154856566
2016-04-11,-2.0891899897408526,2.4786055810621197,-0.83940144996038,-1.0606792613327505
2016-04-12,-2.071488255984676,2.170959550240911,-1.102119651285253,-0.7522991046063382
2016-04-13,-1.99096333050091,2.1677457624057874,-1.3250378305419048,-0.8020334989973184
2016-04-14,-1.841632791902405,1.7694810375844436,-1.3236104605165917,-0.7680842426623045
2016-04-15,-1.7907036574462767,1.9353702444681293,-1.3958925839189782,-0.9265821313970212
2016-04-18,-1.7273339619641284,1.7522334685280154,-1.4256818393247075,-0.8837517122394778
2016-04-19,-1.6997734465049312,1.8948591844319829,-1.4152264812834414,-0.9279928185835562
2016-04-20,-1.684562995742383,1.719876186710234,-1.2976863268371763,-0.8978904325111381
2016-04-21,-1.6624968956303257,1.586523851369588,-1.1328166818899847,-1.0142804037259159
2016-04-22,-1.3433223643319803,1.6156605533709956,-1.2789688252100326,-1.0156261930939214
2016-04-25,-1.314695389039591,1.5523937760855244,-1.140416428083397,-0.9783197570080455
2016-04-26,-1.3443864843838853,1.3956575447617816,-1.197261585541211,-0.9718528775340972
2016-04-27,-1.3307769307679207,1.4023738157565688,-1.3803512756032812,-1.2078052693798695
2016-04-28,-1.323436373091581,1.5493222210479327,-1.1744258233528404,-1.5138871016760598
2016-04-29,-1.2853833425949888,1.325637221933302,-1.0777919154604538,-1.4748085636250579
2016-04-30,-0.8861166626344551,0.46875956669670443,-1.0675552488602107,-1.417940004468685
2016-05-02,-1.1557638716138816,1.2198433382354321,-1.2124475014513572,-1.2843027497230088
2016-05-03,-1.1303438818909952,1.340954233850087,-0.8114303361396052,-1.369896404734248
2016-05-04,-1.1085105793976753,1.343938222646623,-0.7649263395475614,-1.3142065358354675
2016-05-05,-1.1017184576826238,1.3086004337786048,-0.7396890236148612,-1.414144494970995
2016-05-06,-1.0768878410010456,1.1623171928315872,-1.147324231538906,-1.2113972319221868
2016-05-09,-1.1380475536729093,1.262645198580835,-1.2291206109981,-1.3431266883585617
2016-05-10,-1.1277775599703348,1.2771439466177537,-1.3534531199633502,-1.3239023510636496
2016-05-11,-1.1511316198415469,1.4299566908472432,-1.199245714402376,-1.2747826334829884
2016-05-12,-1.162551307647568,1.2133421960078559,-1.2221100571361756,-1.0909768621509033
2016-05-13,-1.140035050649193,1.236066452606369,-1.1133048682859217,-1.12742488722271
2016-05-16,-1.153102254122536,1.032296772992596,-0.9490482788604798,-0.9951418744659198
2016-05-17,-1.2312473208933024,0.8001770494074566,-0.8071634380645522,-0.9273541359986162
2016-05-18,-1.2340518273403231,0.43954405933165275,-0.5552971047008612,-0.5704932525643988
2016-05-19,-1.2029565859303053,0.5648359192137947,-0.44906614625232455,-0.5121408992623386
2016-05-20,-1.1626931769696147,0.5565113083640539,-0.7491132681468965,-0.5138180397311662
2016-05-23,-1.1494536375315052,0.5476038952169353,-0.7104324402864294,-0.44845733775103763
2016-05-24,-1.124573127585738,0.49102355566537065,-0.7827211416001739,-0.45410071514982475
2016-05-25,-1.1073659820182387,0.45683266568545927,-0.9836542886331734,-0.5042287032284992
2016-05-26,-1.0934566199338789,0.5849760844936776,-1.1387796722448964,-0.672149630167455
2016-05-27,-1.065184091624033,0.518610098244536,-1.126246900251097,-0.5743577352560744
2016-05-30,-1.5364267377036245,0.4830457891839082,-1.1148824011781626,-0.5717209146190534
2016-05-31,-0.843886737812263,0.6057287468820027,-0.8738920018094212,-0.6069767252607229
2016-06-01,-0.841271611278381,0.36708591084859765,-0.8054586558477562,-0.5368185175998927
2016-06-02,-0.8474003256645684,0.435257515620041,-0.8202385118989498,-0.6459622052044325
2016-06-03,-0.8297456718345555,0.8728431361193438,-0.9781023687620569,-0.9807786752940396
2016-06-06,-0.8497812122139492,0.9188370140200582,-1.0397939414513009,-0.9846974851238591
2016-06-07,-0.8335334429246979,0.944956513969814,-1.1054630458580683,-1.1946976128722395
2016-06-08,-0.8302213777574882,1.0414139047822273,-0.8403769676140357,-1.3457418683856643
2016-06-09,-0.8125306520854053,1.058397441109879,-0.5637899198074182,-1.3096875124273624
2016-06-10,-0.7463268838468171,1.2997458577160552,0.10903898449176931,-1.3856620360202774
2016-06-13,-0.7212905790472623,1.1913545778917902,0.9921183440336261,-1.3063354161952678
2016-06-14,-0.6772636207506458,1.133785176730242,0.8831640078787236,-1.15550815357006
2016-06-15,-0.661879703549803,1.3646158039105407,0.7933837903056928,-1.4674042902288378
2016-06-16,-0.6369946168464201,1.5628390770553142,1.0358410337930335,-1.240050162777892
2016-06-17,-0.6406482844404661,1.3994457397181719,0.9612302479356785,-1.1899653575759472
2016-06-20,-0.6777997479440316,1.152573178894002,0.4184935171968468,-0.9168567908073931
2016-06-21,-0.6507075508324311,1.1545475641456917,0.4052977626801757,-0.78559268552289
2016-06-22,-0.6301863989911484,1.2572072588916843,0.9761439109141332,-0.9274101883257679
2016-06-23,-0.6548865987881622,1.0834292521840934,-0.0009800734972705532,-0.9826780788249501
2016-06-24,-0.5707990745664049,1.3127696938700404,1.5018583985936556,-1.3870312825651836
2016-06-27,-0.5184523916892423,1.6217751991637548,1.4767821765036884,-1.4096232799844728
2016-06-28,-0.5121801937088197,1.5172588843078503,0.5271024838484624,-1.4471959834938928
2016-06-29,-0.5434533380844725,1.3944697618036779,-0.2904261139010891,-1.3941244333617648
2016-06-30,-1.078177097320773,1.5413594322588176,-0.37119103910863227,-1.685533727422526
2016-07-01,-1.073149441322738,1.4920192924856097,-0.3644154244847361,-1.7506721965762302
2016-07-04,-1.0613397806870468,1.155559463258857,-0.36250879450420526,-1.7221572376051
2016-07-05,-0.9803457889596495,1.4126655171319171,0.04366847541489557,-1.8643559471581184
2016-07-06,-0.9733091099693645,1.250509905040596,-0.2018724836004611,-1.7885083068918584
2016-07-07,-0.9343452399278207,1.23231133070084,-0.18179450768514263,-1.7630645426637943
2016-07-08,-0.9887566395163783,1.2742018434444817,-0.7499252687985608,-1.7719836133537588
2016-07-11,-0.9535982554854242,0.9236913975534293,-0.8882411459860976,-1.5730074892349755
2016-07-12,-0.9566259307860051,0.7924966450231805,-0.752905941906121,-1.4678077404418364
2016-07-13,-0.9270581453325333,0.9579457168635085,-0.8058501854105821,-1.5228584379119907
2016-07-14,-0.9269075783152784,0.7601900212673034,-0.6837453392565332,-1.5378922203061893
2016-07-15,-0.9003183627924437,0.6893069103838944,-0.6072781883107413,-1.474553123143729
2016-07-18,-0.8417135382997649,0.7656930963947991,-0.7810948875160454,-1.375776870575463
2016-07-19,-0.7871119474297726,0.8917451038928216,-1.030766552102563,-1.3599283119444439
2016-07-20,-0.7646293246358635,0.8450018928064186,-1.0414450530101822,-1.2327462118086676
2016-07-21,-0.7499462464732292,0.9762600723650058,-0.7934948997181339,-1.415029086179152
2016-07-22,-0.6895057832593098,0.9848413995277003,-1.0459013800305907,-1.2267988489985433
2016-07-25,-0.6635650171597959,0.5032231974429132,-1.0007146200916286,-1.039255071291419
2016-07-26,-0.6261016855053192,0.2844736647266052,-0.9641011516988933,-0.9167050913533891
2016-07-27,-0.5828292155904135,0.4701815110638196,-1.1527493845263699,-1.055424553489993
2016-07-28,-0.5336296301371009,0.5371433364172927,-1.154415459022225,-1.114018096134226
2016-07-29,-0.4966383290988081,0.5768577772207043,-1.4610986787993903,-1.3312017941696792
2016-07-31,-1.311137911631405,-0.3969482374251437,-1.4408354645968542,-1.3163546813323166
2016-08-01,-0.7382621527868073,0.4218901599970266,-1.3752721660715312,-0.9848107707008793
2016-08-02,-0.714190857384716,0.2098503410697153,-0.9030239189481714,-0.9007534494899825
2016-08-03,-0.7494709869888754,0.2507708005864971,-0.9738762224642435,-0.9845841042930035
2016-08-04,-0.7550216788370947,0.4677444960234183,-1.0822745356874177,-1.3005022284393515
2016-08-05,-0.7595626061867783,0.07185331659564363,-1.2605022716780463,-0.8921415377743436
2016-08-08,-0.7174789719147361,0.1448165251944764,-1.3122851208681319,-0.9249316081365522
2016-08-09,-0.6952485923512576,0.41955703005309114,-1.3641478733433003,-1.020921991374241
2016-08-10,-0.6080973617478886,0.5199722291836231,-1.363715411853818,-1.143022823199082
2016-08-11,-0.6329403231792915,0.237662364217609,-1.2516492973477982,-0.8650585152976658
2016-08-12,-0.5962430150459885,0.4886639752676142,-1.3247789332462199,-1.068530948964508
2016-08-15,-0.6046805527980874,0.6089205824387671,-1.316354778142734,-0.949760742360799
2016-08-16,-0.5544684555527519,0.47782333630604545,-1.1897824133899484,-0.8153407633225244
2016-08-17,-0.5982623597424376,0.6160760262388775,-1.2500573245758722,-0.9760267122773008
2016-08-18,-0.629051112896647,0.6967470407947852,-1.3341262749038634,-1.1627143920078902
2016-08-19,-0.613921126255346,0.5265653976594161,-1.2429954299359174,-0.9194458690300953
2016-08-22,-0.5917331365740395,0.6787283815424251,-0.8683283830246012,-0.9830074579870165
2016-08-23,-0.5649886943400638,0.6490701799847256,-0.9397657690120743,-0.9548286337670898
2016-08-24,-0.5474132109727243,0.5566482356008627,-0.7874445166630547,-0.9111918770273582
2016-08-25,-0.5253420588920344,0.40001951070756425,-0.5395571669585538,-0.8211360308553288
2016-08-26,-0.48688482708050074,-0.05236076868559679,-0.3893614991254473,-0.5810481771041975
2016-08-29,-0.45060944015004495,0.2222954347939497,-0.6907474201284263,-0.6981283897901127
2016-08-30,-0.41432639082643086,0.2968433272114186,-0.6208271801217599,-0.6916388248925408
2016-08-31,0.7993991423342993,0.1526355511568115,-0.5755914486320393,-0.6081815786689776
2016-09-01,0.8182828891766415,0.20545344966321238,-0.4728435211541538,-0.6048631651981982
2016-09-02,0.799753539763488,-0.004942373173106689,-0.9804570169354302,-0.6271354765540518
2016-09-05,0.782743145490776,0.1840001945675477,-0.9711489849597561,-0.623912117720921
2016-09-06,0.7317872010179421,0.4732540924095326,-1.1873419314355795,-0.9381238894547336
2016-09-07,0.6668647115228963,0.3357189751647455,-1.1387132652392975,-0.9520098539604308
2016-09-08,1.3769883364984723,-0.12321492630859385,-0.8993647158895268,-0.8003961625634158
2016-09-09,1.354936379309985,-0.0786784601579816,0.08274614592913346,-0.6344014848781723
2016-09-12,1.2444530029951417,-0.26467426600985827,-0.2782925366759091,-0.693465255400611
2016-09-13,1.2386191792909207,-0.4592942896063948,0.2543496882079616,-0.4716366773165805
2016-09-14,1.228453538988546,-0.11977919830697485,0.18746324283243693,-0.6351122771167733
2016-09-15,1.1790904415208021,-0.08516587727247174,-0.0951655136321177,-0.7810007119088161
2016-09-16,1.0514081176869197,-0.30596966194881137,-0.22722493987449358,-0.711080402338068
2016-09-19,1.061514805047151,-0.21875936357437248,-0.20045755831972195,-0.6724697308553668
2016-09-20,1.043694370016307,-0.2011059318887766,-0.18876502990797922,-0.6914866998110086
2016-09-21,1.0007763648585384,-0.23977834849293256,-0.9771411641711801,-0.7516205773891409
2016-09-22,0.937886816961874,-0.16082872545136362,-1.3612338499688068,-0.9140721592849124
2016-09-23,0.9370119039700362,0.0379401616028592,-1.415493042964901,-1.0504019250470724
2016-09-26,0.8958798894017173,0.34400875095247296,-1.1394621978441537,-1.1317012240747877
2016-09-27,0.8875127552466777,0.18310636516755943,-1.3038896190198705,-1.023408949960752
2016-09-28,0.7881434098024244,0.0362573692374656,-1.5170148826259233,-1.1173832321412314
2016-09-29,0.7109781548455495,0.17518935485178969,-1.159917400157445,-1.2171814306971813
2016-09-30,-0.8306864135579641,-0.2442936588019779,-1.1207572508786225,-1.0802714070338568
2016-10-03,-0.8356866133251927,-0.31085059011463445,-1.076917106714396,-0.9690403630183049
2016-10-04,-0.8571222734989915,-0.5854822533632656,-0.9280746525304213,-0.7547890679096491
2016-10-05,-0.8867004343074403,-0.9259250039805521,-0.9756559490159401,-0.7588666655463384
2016-10-06,-0.8854025336290122,-0.8962144572993135,-0.8538702102917384,-0.7289724343039761
2016-10-07,-0.8959541716679903,-0.5872424434382417,-0.8650358135489945,-0.8387319106163702
2016-10-10,-0.6576653242163027,-0.5496068559300824,-0.872181923233468,-0.8622829297154435
2016-10-11,-0.639498576381217,-0.6340392696464558,-0.48042178283029296,-0.7512869020164585
2016-10-12,-0.600418113363268,-0.4606858751395939,-0.3691514343191093,-0.7289915258421769
2016-10-13,-0.5789914577223141,-0.40631194350583577,-0.22604774172450567,-0.8463370099831876
2016-10-14,-0.5937014185822601,-0.5137844174081594,-0.27661354198524307,-0.9353305339962001
2016-10-17,-0.6120061548006579,-0.2112311704192636,-0.3059301095766751,-1.1132848494856795
2016-10-18,-0.5778569186522579,-0.10853678450030697,-0.5458124978713769,-1.1512181701301396
2016-10-19,-0.5808697474776615,-0.06956081896502427,-0.7995335486738819,-1.2233100992247925
2016-10-20,-0.5411949210634459,-0.13027321477182566,-1.0560756272080014,-1.1348542606253498
2016-10-21,-0.5740749300016462,-0.23152851138401045,-1.308448956444318,-1.1237189617694001
2016-10-24,-0.5268109370150014,-0.4571445226559073,-1.3627375039804812,-0.9293236028285179
2016-10-25,-0.5152413447553779,-0.5742061249472856,-1.2283522824856414,-0.9583146930115971
2016-10-26,-0.4871484337951726,-0.8424225964417236,-0.928913260593654,-0.8977745515717271
2016-10-27,-0.4722743160524803,-0.9407115197057621,-0.5075806019863495,-0.746302893285497
2016-10-28,-0.48649512803198436,-0.8960325372270321,-0.22745566303294837,-0.8738949138038709
2016-10-31,-0.8022767342599072,-0.7353669817775174,-0.0024705383141225275,-0.8483451286885151
2016-11-01,-0.7825703936109586,-0.7004813138452733,0.41861173305824934,-0.8536032979408226
2016-11-02,-0.7221887686075092,-0.4188588784925312,0.6559207115463268,-0.8634876696479767
2016-11-03,-0.6540160293249472,-0.3950483942973228,1.3475865343036182,-0.7417267233599519
2016-11-04,-0.6212281622664441,-0.2924002388898689,1.5586644357838069,-0.8410819216846515
2016-11-07,-0.6285116041776455,-0.6322120728584856,0.7751603757607843,-0.7722141010290348
2016-11-08,-0.011621192820056995,-0.7665939240709746,0.4595840073117351,-0.5524203548901003
2016-11-09,-0.05230052618750768,-1.288552927985825,0.4214432485132078,-0.41189622886144833
2016-11-10,-0.020133805542273182,-1.3970183647048016,0.9857128935420805,-0.34457336989032233
2016-11-11,-0.020770806163867124,-1.4886744790504163,0.888763906564402,-0.3433074988066268
2016-11-14,0.10345503528656365,-2.07886403464846,1.4665874678612096,0.07702462696358063
2016-11-15,0.07229566796296706,-2.152595378840657,0.8650055228800109,-0.02333231941860562
2016-11-16,0.06460985219452461,-2.1604286351232482,0.5874275863363402,0.0652187506432634
2016-11-17,0.12099415495926187,-2.4035562622204036,0.3135994092509053,0.07238860955788377
2016-11-18,0.17432196171358277,-2.4321051743751827,0.5727831041567651,0.1567730568286182
2016-11-21,0.07490731441931674,-2.3222028121832348,0.4136171517633409,0.13754420702203468
2016-11-22,0.0750793112126014,-2.256085633687711,0.06789159278322174,0.12946648196975394
2016-11-23,0.04260020156462184,-2.232072817166643,0.2535406271668466,0.20879304498433898
2016-11-24,0.04136973249720975,-2.1949681179934113,0.2528875111179665,0.20730939001829826
2016-11-25,0.06207427346714775,-2.112988442688245,0.3265586387312453,0.20351643582531947
2016-11-28,0.0936223747660945,-1.933351313000833,0.3747512107684587,0.2400947904936005
2016-11-29,0.1346293777161174,-1.8312960594278611,0.21117000297308097,0.1935894694623664
2016-11-30,-1.4299737882703776,-1.8925337175336219,0.5916602728825893,0.05254620850236696
2016-12-01,-1.5380318438801792,-2.0513648166523835,1.1884274261057548,0.090020415896801
2016-12-02,-1.5069338110713053,-1.8142232430527014,0.7976364834982894,0.05754600875384445
2016-12-05,-1.4936690700628175,-1.8756091739038434,0.280616055266509,-0.009557514463044396
2016-12-06,-1.4510948759462476,-1.6714151437864564,-0.059015204719438004,-0.042704872585134925
2016-12-07,-1.433387369235244,-1.3606217041809257,-0.25737085875491533,-0.10313998071885715
2016-12-08,-1.3093412685930343,-1.2699293483303435,-0.2148067569023998,-0.17080056987651313
2016-12-09,-1.2468863894671343,-1.3347473638892409,-0.1476655873170092,-0.029341498886426898
2016-12-12,-1.2947939833553037,-1.3785011712854414,0.07616791795340416,-0.06914748829689922
2016-12-13,-1.3283537783519883,-1.1400061038943143,-0.0014662766297432411,-0.0761560829168553
2016-12-14,-1.2465885851790681,-1.4838580403679769,0.12044215727851107,0.14052241361109505
2016-12-15,-1.1562400303290554,-1.581105483962132,0.29967284329367244,0.2894809381662228
2016-12-16,-1.1556704915215623,-1.4163849701404387,0.1638912693888721,0.2837364806457419
2016-12-19,-1.1606552768709921,-1.152419589413373,-0.18649480238520835,0.23656389223719243
2016-12-20,-1.1409249765333498,-1.1809284560157118,-0.20960615946315733,0.1935892514033586
2016-12-21,-1.1779914846342514,-1.043760633036267,-0.37274267729583377,0.22664638190734163
2016-12-22,-1.1794850521713631,-0.9728124657001529,-0.3345511663080388,0.0547673914767228
2016-12-23,-1.1642092044763357,-1.0058561859039392,-0.46519358505905706,0.09211793729454297
2016-12-26,-0.3001411070014273,-1.0003758445804798,-0.4614567996866637,0.09099036642128593
2016-12-27,-1.3103019284500954,-1.1730282136976213,-0.5380638922567376,0.07587464366770605
2016-12-28,-1.328389082611184,-1.1068935879669133,-0.3557973792299561,0.04299833894406649
2016-12-29,-1.3468369502248072,-0.8440163570654888,-0.2349999595234049,-0.008705592018679582
2016-12-30,-1.3778007866124387,-0.5992345153866818,-0.08283431354619997,-0.12555511705537303
2016-12-31,-1.9504628992473199,-0.1241400259840605,-0.08199954267286996,-0.08757997048718251
2017-01-02,-1.274401387231964,-0.7006160737710561,-0.0811668643784985,-0.08785717592251296
2017-01-03,-1.5469862771052219,-0.7513275255289805,0.19080585896972033,-0.13749360687926432
2017-01-04,-1.5559333143798117,-0.7840242910160051,-0.018775900463301663,-0.155627290447705
2017-01-05,-1.5409145475642971,-0.5255881294405337,-0.04090086571057177,-0.27093681204611636
2017-01-06,-1.551370067140733,-0.693694036925838,-0.22402326494871597,-0.1587568863229112
2017-01-09,-1.4327654863980874,-0.4714469269156219,-0.21782554411568078,-0.2666260679048312
2017-01-10,-1.3817333434681227,-0.4903103940023663,-0.380300772831492,-0.2435049538050919
2017-01-11,-1.3967604125423705,-0.27972259508439373,-0.4608510283896541,-0.24209526445785398
2017-01-12,-1.4421005211294482,-0.20525608726783337,-0.3165387728946936,-0.3679584373120025
2017-01-13,-1.5026034453048212,-0.28930812407454887,-0.2962873029475071,-0.22470441416801573
2017-01-16,-1.4747382574913135,-0.3720654355541727,-0.2935068907995739,-0.22434650742648277
2017-01-17,-1.6033628029116762,-0.23316098081847106,-0.2284788296267154,-0.40538800897067634
2017-01-18,-1.5694129075049603,-0.5756037166873764,-0.11320041520458105,-0.14567194883613568
2017-01-19,-1.511517793590606,-0.7265331369603822,0.3812581516027864,-0.16201585432445584
2017-01-20,-1.6786896916859944,-0.5784162351295753,-0.013466697035857986,-0.29796119356457046
2017-01-23,-1.659132572374694,-0.2857540744388781,-0.08907246621575984,-0.3690008476188995
2017-01-24,-1.6255519132156757,-0.42051548935004124,-0.21786214428339357,-0.3803472961775469
2017-01-25,-1.5958859308555686,-0.5199107436623794,-0.10864267599439902,-0.2701864084110961
2017-01-26,-1.5902727883183996,-0.5735300465584334,-0.3824429135367841,-0.35670517753918646
2017-01-27,-1.6095176715689636,-0.5756568934868658,-0.6447729111590478,-0.43521915506364084
2017-01-30,-1.5878741195467307,-0.5359392127381972,-0.37508038999363597,-0.4307655187784925
2017-01-31,-2.140936177321247,-0.45485041188820485,-0.33479103598999715,-0.474082453288951
2017-02-01,-2.081016688022488,-0.4792878312584581,-0.5404190598748327,-0.35023018863301997
2017-02-02,-2.0131956660224746,-0.438223827898044,-0.6081977705192703,-0.40460736910063166
2017-02-03,-1.9685963934848192,-0.5305292662251592,-1.0495721347173932,-0.3363400171595249
2017-02-06,-1.9055609901459236,-0.003376110055593342,-0.9453150435705123,-0.5461164559652695
2017-02-07,-1.8390147377402615,-0.07075110988162191,-0.8979480403752296,-0.47088160372335336
2017-02-08,-1.8755407065587926,0.04288065847541614,-0.7889449223285687,-0.44240741405626466
2017-02-09,-1.8115453223085285,-0.057729370778385365,-0.8699726020144476,-0.3369609321681281
2017-02-10,-1.777894934566647,-0.12701284824151313,-0.7961124944099276,-0.3364172858198409
2017-02-13,-1.7094465759809416,-0.1601806187807069,-0.8302550313562755,-0.23213866712834755
2017-02-14,-1.6576460226571597,-0.24339256657033176,-1.050294507270894,-0.04606574065606211
2017-02-15,-1.6889668633260246,-0.42163589237679344,-0.9855957015221828,-0.1405274261492937
2017-02-16,-1.63599448804955,0.07529919847171666,-0.7315357134360596,-0.277096537544052
2017-02-17,-1.618223811510722,0.1775459534319347,-0.613527163268931,-0.23029094791961663
2017-02-20,-1.57919954265017,0.13239363410441343,-0.6084624389466842,-0.24752427523412396
2017-02-21,-1.5568232032000011,-0.05639004732008844,-0.7007127970141761,-0.23267729130422024
2017-02-22,-1.537962082686548,0.1357191143848241,-0.6041264448493637,-0.4302548088549126
2017-02-23,-1.5117143766497785,0.38905119574271835,-0.6715162063768989,-0.6048523410288512
2017-02-24,-1.4847184654444772,0.5858604304087494,-0.5834167698784166,-0.7859612132344814
2017-02-27,-1.4647208989623797,0.3788801374019507,-0.3444153053851898,-0.46929233865934317
2017-02-28,-1.6118324127827601,0.2461440755474611,-0.13387052471312688,-0.4203353059240559
2017-03-01,-1.5851973863891886,-0.11526332041681098,-0.33449231931972795,-0.012510880904093205
2017-03-02,-1.54101816262217,-0.19928803373983153,-0.5419970626538222,0.023635194355582857
2017-03-03,-1.5142214727612675,-0.20422403905712377,-1.1148231592007594,-0.20085263000462095
2017-03-06,-1.4631407856172811,-0.25643530790065805,-1.0880001979358909,-0.1521699833354126
2017-03-07,-1.4219149380857898,-0.5704730760206536,-0.9671845315746024,-0.08801844296843449
2017-03-08,-1.4473096860274879,-0.671504288063618,-0.8137112926425071,0.05392167274131458
2017-03-09,-1.3150404631794255,-0.9470408397741226,-0.4371003733060939,0.24963907445802486
2017-03-10,-1.2282251703968805,-0.7344164458097533,-0.7246383985466311,0.18425674018696808
2017-03-13,-1.1822324876173875,-0.7247772723053529,-1.0065221750496334,0.28792427936826553
2017-03-14,-1.1384408768191074,-0.6575430973585736,-0.8570012256982388,0.2947896514597732
2017-03-15,-1.1908901812180328,-0.11540327425096897,-1.3709043942004273,0.13506237225519124
2017-03-16,-1.1073117396864776,-0.1986081589634427,-1.5610432621870252,0.12679561459956984
2017-03-17,-1.0750304293090078,-0.26906970154446336,-1.4923510362030206,0.03765632314756816
2017-03-20,-1.045361409069158,-0.1889094384265785,-1.5542008387525534,0.023350699399736212
2017-03-21,-1.004576440489075,-0.03870164806804985,-1.0643520993694167,0.05755426697776166
2017-03-22,-0.9676310488974249,0.0843447073355093,-0.7761669434255407,0.07394028144258605
2017-03-23,-0.927371779021544,0.034253385182554594,-0.5864845111883763,0.17272927810162597
2017-03-24,-0.9008059024261489,-0.059855327822337386,-0.6964547839628189,0.17720718183714843
2017-03-27,-0.8782155709706173,-0.21175754079875975,-0.9729598332740554,0.1132909050962001
2017-03-28,-0.8915731590561587,-0.3233852604313454,-1.2320950048125034,0.25819198858693154
2017-03-29,-0.8908777927166651,-0.021881389334107583,-1.337571739017402,-0.027890359053596887
2017-03-30,-0.896185578042506,0.025072244637675656,-1.3051029344426177,-0.014351856897687417
2017-03-31,-0.47853296618428626,0.19749471600157895,-1.1519574826113155,0.10278607571384814
2017-04-03,-0.47745565057891276,0.38618177232059636,-1.0798590887893968,0.05087741886652822
2017-04-04,-0.47551583187609014,0.19977685795238856,-0.8041672608119426,-0.015610571284942016
2017-04-05,-0.4972902039349625,0.45932175392634983,-0.693965959906573,-0.1276401390493485
2017-04-06,-0.4891834379898185,0.5495004334929802,-0.2948295994425778,0.11206319975252665
2017-04-07,-0.4649405157257587,0.44250528553282414,-0.15235020601201746,0.2906493033117696
2017-04-10,-0.6386335450937702,0.47573415820496073,0.06733665526840696,0.24218218858128154
2017-04-11,-0.6235860287745991,0.8073386458666596,0.49963260036205936,0.007489601161437551
2017-04-12,-0.5929085983432637,0.9511479724860316,0.9528612201581775,-0.11552285050865327
2017-04-13,-0.5537758504986399,0.798029756350052,1.09975566760204,-0.36912482745474196
2017-04-14,-0.8570747828135664,0.7803105515266548,1.0899444921296055,-0.3679505116101784
2017-04-17,-0.4432579800905407,0.7529626250479315,0.43137530929386914,-0.14445416814463696
2017-04-18,-0.35447420056072143,0.9594118362661003,0.5930961654134119,-0.33953385348560944
2017-04-19,-0.28392101127515906,0.7390243141689807,0.7222638917556625,-0.254402594312521
2017-04-20,-0.2881695414151818,0.44977091978338013,0.640983746676689,-0.7106867109035612
2017-04-21,-0.09820892442448517,0.5976628669019951,1.1018950267416863,-0.6624847180279813
2017-04-24,-0.10825963706325709,0.440050616098692,-1.228827527697527,-0.5348467565036392
2017-04-25,-0.12201383411183464,0.17305843632296494,-1.3290105052862222,-0.3796150704069552
2017-04-26,-0.10908587963078044,0.3816036518644541,-1.4466785864903733,-0.4776111887150997
2017-04-27,-0.07331869216715664,0.3693838878402674,-1.6436981582529726,-0.5322356653748799
2017-04-28,-0.032482873608148555,0.40849301259630916,-1.4856445024627558,-0.5218987924372359
2017-04-30,-0.06483048683953788,0.30434968291335035,-1.4627439293678568,-0.5197225557224469
2017-05-01,0.02827012638285454,0.17293691445795908,-1.6613796228411104,-0.2988808779578094
2017-05-02,0.039177489162991935,0.38555991423352376,-1.4428550350230216,-0.39263680740631907
2017-05-03,0.04159759754860495,0.17967364380857004,-1.5026481944149326,-0.11306947064393454
2017-05-04,0.0831086935309732,-0.03925566655797101,-1.4480745185754578,0.03798840335932668
2017-05-05,0.07275737444345978,0.11401291841911303,-1.5460947573800075,-0.02239468367641694
2017-05-08,-0.011687594118033438,-0.03186524741596464,-2.0067781340681474,0.011252249131476974
2017-05-09,0.005696499588459395,-0.1770155453402846,-1.944866107382852,0.08093389525677441
2017-05-10,-0.007071773206526776,-0.2967299031186886,-1.8754402884410941,-0.07906309649469631
2017-05-11,-0.04378760811335831,-0.09944087231572944,-1.820870311395374,-0.29399117201388053
2017-05-12,0.009101820712054278,0.2702216363646726,-1.698173360970148,-0.3692718915477285
2017-05-15,-0.008411027640819104,0.3060251453499456,-1.56424483443108,-0.32557789690827743
2017-05-16,-0.0016535989382324354,0.1730874479825865,-1.6157060404935155,-0.32491123925216536
2017-05-17,0.01337977856374684,0.5796466825512437,-0.010475809030011923,-0.614726987326696
2017-05-18,0.02547266737172723,0.4021197460000698,-0.5344825230690042,-0.5070468121652837
2017-05-19,-0.011692125574770541,0.4181599517830284,-1.1170410618038409,-0.6335474932616731
2017-05-22,-0.006482182211225026,0.46356111263735195,-1.5291600330654977,-0.5691555918285824
2017-05-23,-0.02966069288218529,0.3832778233849416,-1.5118535803814366,-0.4875372316412116
2017-05-24,-0.029983545352649108,0.4464448035237089,-1.738254585488701,-0.523870707668958
2017-05-25,0.0012499842085567734,0.42532758961383343,-1.7172964565332072,-0.41887197424032935
2017-05-26,-0.005835947035588462,0.43117178901167086,-1.739435076363865,-0.5464382942098984
2017-05-29,0.18826385054186967,0.5290759075726432,-1.7050661913475855,-0.5442448481502121
2017-05-30,-0.008206409626607054,0.783787515417376,-1.627271590142491,-0.694935225932717
2017-05-31,0.12933030772996754,0.6551599871480993,-1.550569515980898,-0.5367247819889439
2017-06-01,0.11793292804778432,0.7067785054203808,-1.605987942810147,-0.5103357375393114
2017-06-02,0.15001613624528945,0.955054920213923,-1.6232344595477195,-0.7260406871545237
2017-06-05,0.1526956340159881,0.9451176476645246,-1.606032041676886,-0.5960617972402873
2017-06-06,0.15658228872219104,1.2099368325696143,-1.494856726166785,-0.7259038828070542
2017-06-07,0.189896207353874,1.0628281780493072,-1.3405424163139963,-0.41190932380705225
2017-06-08,-0.05827445158799121,1.042120629956564,-1.4511240701044008,-0.34951840014421615
2017-06-09,-0.04656939065477404,0.8610573289249907,-1.4414401439446285,-0.20276043128996446
2017-06-12,-0.008571058345010922,0.438115536978055,-1.315352513616227,-0.17330031052065062
2017-06-13,0.055388840797575244,0.40185597396885986,-1.5181892017605856,-0.13147513100620864
2017-06-14,0.30545358589328975,0.6796019970227135,-1.4092774237301562,-0.11315954600302248
2017-06-15,0.2598416639265953,0.1874192657146091,-1.3973593517853469,0.06499167080760211
2017-06-16,0.25824852428281514,0.4255302068765614,-1.4659559882023905,0.052747244876025154
2017-06-19,0.25517563750554756,0.1556486538501719,-1.4324812925228847,0.19673637542804978
2017-06-20,0.2857089521223307,0.3488633010544728,-1.3315191993932716,0.1495877439146224
2017-06-21,0.3044048701277685,0.33934796457669353,-1.324128531903989,0.24457207766971115
2017-06-22,0.28554380240298527,0.26084695444746825,-1.387203698502976,0.0696297792607249
2017-06-23,0.2956040431142872,0.37263017327651865,-1.433709053805133,0.03172165147447462
2017-06-26,0.30591197143960974,0.37056806651002167,-1.5204531245157655,-0.04205164976655404
2017-06-27,0.2899083071519195,0.08018669633793414,-1.1442421194948573,0.11486714292199782
2017-06-28,0.2719245451429913,0.09557354563499822,-1.2545626184573033,-0.1215728716703708
2017-06-29,0.28951623355113687,-0.05880087064031665,-0.8414513401379667,0.13069099797991876
2017-06-30,0.5225699714523737,-0.17852307726228436,-0.8263223039589037,0.21155380201595478
2017-07-03,0.5110510175730241,-0.4501561811236283,-0.8075492678512736,0.1874749929295197
2017-07-04,0.5106243799446104,-0.39361497061604295,-0.7981619531997307,0.18560112061364184
2017-07-05,0.5289023853203381,-0.31042335802781945,-0.7152631802092639,0.18001462703036658
2017-07-06,0.521371555928765,-0.2646761896109453,-0.43213235550806794,0.14822067230293057
2017-07-07,0.5521001643946318,-0.3329185867681965,-0.7406058784992618,0.19933149497486677
2017-07-10,0.5207477049720551,-0.061548985539044636,-0.9576225957577902,0.2325564469324559
2017-07-11,0.5113725971859033,0.020522106454855915,-0.9760609221902081,0.14466447335917101
2017-07-12,0.5308749779930619,0.34460709532447853,-1.1210382906513305,-0.02537326860760745
2017-07-13,0.5330433483826518,0.08234529455994385,-1.1860559312877812,-0.02347630822273722
2017-07-14,0.6036206342996264,0.2498138496196707,-1.3249966056415738,-0.030161728720848102
2017-07-17,0.6092895097813603,0.24276713329921396,-1.3379930483604316,-0.12870511580015973
2017-07-18,0.6050700471833398,0.611826597501373,-1.3411934600829565,-0.23171404549394625
2017-07-19,0.5909515228835279,0.52406880196674,-1.436505298647593,-0.2894596099098199
2017-07-20,0.5907495181080977,0.6497616328232438,-1.5413112026995204,-0.2279423166915132
2017-07-21,0.6195622401835195,0.800190393831754,-1.5095710883220208,-0.3048025126377097
2017-07-24,0.6028368794739707,0.6366368694531196,-1.5053721543902103,-0.1494047690906767
2017-07-25,0.563519730448186,0.23056865070216598,-1.2784840207136954,-0.04082879166508754
2017-07-26,0.5387011374958915,0.7410518468016243,-1.4079107977855254,-0.3537074297473859
2017-07-27,0.5305203028778115,0.6006466225912226,-1.2198084645739122,-0.36146846103211133
2017-07-28,0.5180562037018407,0.7210036832957819,-1.1647355748728971,-0.4681111023380581
2017-07-31,0.8443189697965677,0.8043875388452489,-1.1807691077480786,-0.36296886483515944
2017-08-01,0.8564495678230283,1.1337478494020932,-1.0481220504719684,-0.3439668283280292
2017-08-02,0.8371184020544826,0.9811038146809756,-1.0974468887027231,-0.22008945181518275
2017-08-03,0.8242537460600072,1.0977611246964307,-1.1187384037923784,-0.39237541562842504
2017-08-04,0.8094095528012203,0.8511246613637118,-1.210992910249605,-0.3436627267854399
2017-08-07,0.7966830452767611,0.8390341551294048,-1.233653330309915,-0.3689349547421084
2017-08-08,0.6591531734303201,0.6073730309532166,-1.0285984664253667,-0.41465853968674954
2017-08-09,0.6652627088897756,0.48645997421638437,-0.8159326960732692,-0.5292680742121139
2017-08-10,0.6848922601090758,0.3152989979118933,0.11613118803485473,-0.506440923568205
2017-08-11,0.7382293223040942,0.5111134798866855,0.0433095978652701,-0.5163010387125547
2017-08-14,0.7785771311998766,0.16685486619854942,-0.6487752776681638,-0.12366571742559529
2017-08-15,0.7844189963739057,-0.04527915710234855,-0.7338477396695472,0.033400437013931306
2017-08-16,0.783427087953697,0.14044096406224912,-0.7816525495479865,-0.1979809250036011
2017-08-17,0.773112098826176,0.33559667183960945,-0.15754550089090444,-0.36091265875551204
2017-08-18,0.7277048756265956,0.28739684847707064,-0.2504916587904006,-0.2465395687925438
2017-08-21,0.7604766792244321,0.25041806496917135,-0.26550380943559326,-0.21852672727185068
2017-08-22,0.7669855201757313,0.08054198947684844,-0.604482180926113,-0.0564420058218756
2017-08-23,0.7303165655972277,0.48564165946355314,-0.39637966176882744,-0.151314191556333
2017-08-24,0.7445390594623579,0.035393031285339195,-0.36221094511799734,-0.0912903747676159
2017-08-25,0.734491487339201,0.0784392324296691,-0.6550520713636596,0.03902047745611661
2017-08-28,0.7144973290958346,0.12304260893952756,-0.7702623813045415,-0.11372485349430606
2017-08-29,0.717101842928648,0.32880637403280966,-0.5038075076046085,-0.23004004305067502
2017-08-30,0.71200355985222,0.08954280561624339,-0.5608577220126553,-0.2724730374587419
2017-08-31,0.40831889935654037,0.2844192518442394,-0.6860711863023096,-0.3339646904273118
2017-09-01,0.4122908774748241,-0.043587662339905374,-0.8805132636028736,-0.4293615030002198
2017-09-04,0.41547157135155427,0.08849206796112483,-0.8681991123629462,-0.42801989826653847
2017-09-05,0.41447217917201623,0.660065725267162,-0.22153604430429305,-0.7302514354813274
2017-09-06,0.40764913202522135,0.44217348869528533,-0.34454801438699373,-0.5687520354445575
2017-09-07,0.39303197083725994,0.7668071218437068,-0.26676904170811605,-1.0297970738469315
2017-09-08,-0.05598057655906714,0.7013983932138105,-0.10348362656533804,-1.1037827724258813
2017-09-11,-0.07116992631726154,-0.008324810254079917,-0.5599950638929455,-0.42774460442008955
2017-09-12,-0.10605333905382455,-0.05257435743753158,-0.59549640196972,-0.47453046730810305
2017-09-13,-0.14988492851849733,-0.0290246567671706,-0.6221918036030447,-0.37422629470363106
2017-09-14,-0.22286561583734635,-0.18286070175104588,-0.6742514243227016,-0.4058819972921855
2017-09-15,-0.2923703866335853,-0.4532172085418283,-0.7167143302675756,-0.42739065805594906
2017-09-18,-0.30643016662505623,-0.4392793451702742,-0.7473971316368607,-0.5227552292957666
2017-09-19,-0.3030546030674018,-0.4628846052226512,-0.7561150094086505,-0.491024112879821
2017-09-20,-0.29103113125173835,-0.6279468300752251,-0.8666914447759148,-0.07293429676218335
2017-09-21,-0.2547476869106889,-0.7481021398959176,-0.9384267841796137,-0.009400576600266962
2017-09-22,-0.2962899941297017,-0.37922618646213635,-0.764506824742609,-0.14154710044833418
2017-09-25,-0.3681984368965091,-0.13617831622550486,-0.6053373016517034,-0.35615005743746975
2017-09-26,-0.35949564908996345,-0.20460252701814335,-0.6413217600810044,-0.278583737607651
2017-09-27,-0.34528327305668827,-0.5904559020785582,-0.5677489075297173,-0.1749075224695693
2017-09-28,-0.3344886785930154,-0.2060722102992819,-0.6303364823052298,-0.25023142060610926
2017-09-29,-0.2907298365918924,-0.3420644549602877,-0.5475666978189713,0.16794368434016652
2017-09-30,-0.9098826941183906,-0.981328259409037,-0.5401277566928747,0.1731555066974247
2017-10-02,-0.54110770555621,-0.2934860973913602,-0.4159338039804938,0.03325096782172126
2017-10-03,-0.5128095753703313,-0.2782725848435865,-0.38868599770801276,0.14887784769785853
2017-10-04,-0.49340871871664804,-0.28796052311590464,-0.37109262654870284,-0.10675748705095593
2017-10-05,-0.502483523720934,-0.598243486967123,-0.3511381510079958,-0.02174080222872143
2017-10-06,-0.4423095844865983,-0.8411065633886651,-0.3169180575321021,-0.09015645385342944
2017-10-09,-1.2263641073904248,-0.6487623403137264,-0.19628265304506687,-0.0908654353603133
2017-10-10,-1.180126133366889,-0.3713087336923182,-0.32462101661627907,-0.013456116281367737
2017-10-11,-1.173805611745801,-0.39989120094262803,-0.45706775067706223,-0.012227639104642987
2017-10-12,-1.0757605240719814,-0.27948466237133096,-0.5112193104381476,-0.2927864869607573
2017-10-13,-0.9357211084983719,-0.020097515928772267,-0.6353291085811029,-0.011615784116726778
2017-10-16,-0.873589134670483,-0.3560201913137322,-0.7028410422938711,0.3204977513386363
2017-10-17,-0.8161707315140262,-0.372389296446981,-0.6456996123107002,0.29406027289768377
2017-10-18,-0.7924380978730015,-0.47719418359846816,-0.5739837327842712,0.32621455158381063
2017-10-19,-0.758749694766962,-0.1741802839638305,-0.4699868384769108,0.3851804905640466
2017-10-20,-0.7930611565482425,-0.4814953616779337,-0.2693934111726378,0.24274090951540633
2017-10-23,-0.7907084555445671,-0.44686465598493835,-0.06231168506190011,0.38850601955408504
2017-10-24,-0.7780534883448711,-0.5969223504412349,0.11134425823854634,0.3899003486847848
2017-10-25,-0.7738086095301018,-0.7104557991517055,0.24577450254057437,0.3891094633525417
2017-10-26,-0.7475714141290836,-0.8758231840756727,0.2586776472372801,0.33694329213426155
2017-10-27,-0.7510495117901355,-0.5294012790580968,-0.23469491163597941,0.21674570826719178
2017-10-30,-0.7418959375342414,-0.12373099364140344,-0.35908536177280836,0.07620533851535058
2017-10-31,-0.4468887816645099,-0.41623233924894726,-0.4564221368840067,0.04782911506006987
2017-11-01,-0.4368388492662057,-0.5296522034222227,-0.5493538879286315,0.33229969512570734
2017-11-02,-0.38616425638327434,-0.5075227125717298,-0.6923275649320649,0.01661619124144518
2017-11-03,-0.32808478767059884,-0.4227493909802034,-1.0694722813007551,0.20715478304751656
2017-11-06,-0.3845896247690116,-0.31695886223647446,-1.0716529405508692,0.10384179131635377
2017-11-07,-0.36529561328914045,-0.41422386065342565,-1.0379070791518663,-0.0705328617720338
2017-11-08,-0.8382311117834919,-0.7072852083197276,-1.0594499490933353,0.25042124989414116
2017-11-09,-0.8141196849949001,-0.7292274570029277,-0.8272574191881199,0.10227372901529502
2017-11-10,-0.7461793164175295,-1.101657054964188,-0.4781978083361071,0.3911216065003526
2017-11-13,-0.6404844675955276,-1.4533887827343568,-0.508361821379933,0.4217662988955247
2017-11-14,-0.5170688769978241,-1.2937489893007068,-0.3652263047585123,0.38128047168311696
2017-11-15,-0.5150854539569268,-1.2088935226258215,-0.05773326749257109,0.3861988055602393
2017-11-16,-0.4273351617282855,-1.321275399812645,-0.3255332546602991,0.4277335231365237
2017-11-17,-0.30505991722638365,-1.3814339949815957,-0.26395844695959325,0.5077166769254466
2017-11-20,-0.22506244322882515,-1.3855994283651325,-0.4869090464718906,0.6860461104059568
2017-11-21,-0.17829113755952294,-1.4978383799579391,-0.6491793208817779,0.6838586592822007
2017-11-22,-0.15168168149007513,-0.9006246185801204,-0.7156685745241435,0.3999280003379192
2017-11-23,-0.1338035288462416,-0.8329810386186801,-0.7045182709029991,0.3967305864771074
2017-11-24,-0.11378175203200828,-0.9639664097970164,-0.793635223899469,0.6748304228021252
2017-11-27,-0.005523820226518471,-0.9079550581836016,-0.818459571686893,0.66310726440446
2017-11-28,0.09371213726350888,-1.07838739034385,-0.8064175505649056,0.6822788834694977
2017-11-29,0.22578967461761998,-1.108819317131708,-0.6169396366471503,0.7295426658160239
2017-11-30,1.283402476823217,-1.2425871852270143,-0.38674226473471446,0.6695734831274994
2017-12-01,1.2167674138293645,-1.1182361814339041,-0.061288364935350455,0.697539996727009
2017-12-04,1.2469319451765837,-1.1921155672987345,-0.13204140151112137,0.6228536563638709
2017-12-05,1.2613270897808462,-1.2056177065798908,-0.15179568055972045,0.7360973308722202
2017-12-06,1.2956555365043747,-0.922220341530463,-0.19832170451570746,0.55775488329855
2017-12-07,1.2454727517902628,-0.8339366318878573,-0.36500401633084156,0.6206740169254605
2017-12-08,1.2850841874826315,-0.7307720356901973,-0.6222374845979185,0.6742181233780301
2017-12-11,1.2417500714057776,-0.5943093197980742,-0.7388489754839309,0.595231529863102
2017-12-12,1.1932524488669491,-0.5673739133099874,-0.6006007554929118,0.5930360697682471
2017-12-13,1.481575742507826,0.07074164147423005,-0.6908218153039478,0.4922463213159037
2017-12-14,1.4058045536278359,-0.09459666873210279,-0.6369090820778014,0.5165745702797578
2017-12-15,1.4121679917881034,-0.21552888701467693,-0.692482828780071,0.5398713196459198
2017-12-18,1.3830063940744548,-0.21521721285583967,-0.6342379537615913,0.6702300013307106
2017-12-19,1.324736314713757,-0.48921270367636543,-0.3296881291988588,0.7050858474613644
2017-12-20,1.2374839175293408,-0.5591768786941261,-0.2951668194763388,0.712853527611277
2017-12-21,1.1749020816658515,-1.0027677280645506,-0.1614433392509452,0.5600797840765637
2017-12-22,1.1163911792665242,-1.0940960326497886,-0.21066733822688305,0.5971051824568869
2017-12-25,1.7579510164709529,-0.9439411029811695,-0.2050996347796108,0.5922872957719225
2017-12-26,0.949070544175004,-0.9150300553210624,-0.2704134704211992,0.6825470419516282
2017-12-27,0.9116654519702847,-0.5866922534734106,-0.3186168422365978,0.48837371981496935
2017-12-28,0.867747640212655,-0.6101456388473583,-0.5083329052608128,0.3806215532956037
2017-12-29,0.7139573835298364,-0.3504215773399262,-0.29018671216835934,0.28319804328508696
2017-12-31,0.1545456130316702,-0.40848954486198363,-0.2829998249849366,0.2805289405532941
2018-01-01,0.7670774612360128,-0.30784913043869555,-0.27586197951107566,0.27787229388364376
2018-01-02,0.4029788605911521,-0.6138713842314566,-0.29171315393774994,0.3515903961292183
2018-01-03,0.3666339815399387,-0.6322404130574621,-0.5548653804929006,0.40475105909878445
2018-01-04,0.3450083956379126,-0.9234957139589148,-0.5515779566256251,0.3158891443684596
2018-01-05,0.3070740151599533,-1.0108803305831062,-0.6625532347866923,0.26058489908267846
2018-01-08,0.18958153846708178,-0.813148542090973,-0.6056600860607668,0.39439636423304786
2018-01-09,0.061250958964857875,-0.9625771941629222,-0.35265703660431147,0.39316527973064797
2018-01-10,0.028437258579548826,-1.2844542142354243,-0.22500587637933536,0.3895243731843151
2018-01-11,0.025678296554860255,-0.9724160123157819,-0.2970415783744022,0.5452096032240982
2018-01-12,-0.42168971835800034,-1.0951626624344644,-0.28606107235434997,0.5374777402103275
2018-01-15,-0.41529586257043044,-1.0708409361638949,-0.2791524484059091,0.5330933340796314
2018-01-16,-0.41261087342672054,-1.0102969407163565,-0.11575660740037919,0.499552029694452
2018-01-17,-0.4759489495874558,-1.2722698102967427,-0.05957418065537862,0.6536829756938263
2018-01-18,-0.5238970739335067,-1.2751942219376267,0.2632559804058007,0.5499320633589515
2018-01-19,-0.48159171820129343,-1.4068233965564012,0.38929121129680544,0.567354799005715
2018-01-22,-0.5244509279189526,-1.389606036697878,0.396880302966819,0.5784999781340784
2018-01-23,-0.5948273893178342,-0.9432910316336087,0.4086932702881039,0.6795839257190749
2018-01-24,-0.6754422952425813,-1.3353158322066163,0.6376725095257585,0.5812322326167398
2018-01-25,-0.7117051765801885,-1.3265251738606385,0.5906274867485112,0.6619884827863929
2018-01-26,-0.852377833619254,-1.6744234333134203,0.6983740122710657,0.6945184759117432
2018-01-29,-0.8138662909730684,-1.6491191638884342,1.3215617249572154,0.6918319353923724
2018-01-30,-0.794660862689263,-1.7439259075256581,1.6311301099752962,0.6832589121055449
2018-01-31,-1.284681745750179,-1.616992834550143,1.338543285300183,0.6803131269362322
2018-02-01,-1.2920977470060722,-1.775315517677349,1.3698856805552009,0.6826877011550034
2018-02-02,-1.3493498553734544,-1.647731331628895,2.371309044042473,0.670381930974719
2018-02-05,-1.3360953341179256,-0.751265248840971,3.0,0.6095601882068191
2018-02-06,-1.3392058111057357,-1.2138751688295213,3.0,0.6777444360702585
2018-02-07,-1.4200248610999124,-1.349653119799103,3.0,0.6861091020634164
2018-02-08,-1.9108649541100713,-1.3426436244197775,3.0,0.6722528324443999
2018-02-09,-1.9197780271585765,-1.3240343397392758,3.0,0.7394652482410323
2018-02-12,-2.1602514467551757,-1.4555778094685867,3.0,0.7381185945250193
2018-02-13,-2.1038611416588044,-1.7688497137270638,2.946720277878297,0.7682611463066503
2018-02-14,-2.611080278832634,-2.233483184873401,2.166022749009623,0.8032466740387081
2018-02-15,-2.520921117701003,-1.919606237397555,1.9312141795080473,0.761131975194945
2018-02-16,-1.36206016980551,-1.777172611823823,1.7183331304576257,0.7468768154312491
2018-02-19,-1.3321507075241734,-1.7105064015467033,1.6908222909660497,0.7405285162879747
2018-02-20,-1.30479651835039,-1.877494706188074,1.6407657207197979,0.7335423079586162
2018-02-21,-1.2654629512228341,-2.261736551824971,1.5977453493818026,0.7386540220820371
2018-02-22,-1.269209744875324,-1.8971122374262648,1.4145633163529823,0.7454771867813647
2018-02-23,-1.2737249870494358,-1.7051343684756803,1.3280856149059244,0.7469528344160835
2018-02-26,-1.273731724043831,-1.3429405584776843,1.1766703749870895,0.7079591931456178
2018-02-27,-1.238275174669616,-1.706157713468671,1.5188667948211267,0.7482579352040541
2018-02-28,-0.8238582589659817,-1.6264167932094116,1.5946477349521084,0.8234479054171941
2018-03-01,-0.8160240545047294,-1.2116726102295383,1.9209587142675464,0.883664508124989
2018-03-02,-0.8069471358295142,-1.5798941681613896,1.6394449150024073,0.9713579668230486
2018-03-05,-0.7983247505059851,-1.6812282698251027,1.4800888003139787,0.8988711777153816
2018-03-06,-0.7751786026826267,-2.111785221704006,1.3487793049497547,0.8850611361255455
2018-03-07,-0.7593662747386427,-1.7663328161078728,1.2540348916127064,0.8828078441910225
2018-03-08,-1.086002293410192,-1.6362545780539106,0.9964003230237792,0.9338296386915893
2018-03-09,-1.0511210887094533,-1.7931677028486053,0.6118366829786656,1.1013311862130535
2018-03-12,-1.006424537258257,-1.8177253833051779,0.7063908994671846,1.1061919127749043
2018-03-13,-0.9721603722001118,-1.7601573020196821,0.5842658667182626,1.088354014006901
2018-03-14,-0.9460279124017138,-1.5193830861824444,0.8489076379897875,1.124406634009712
2018-03-15,-0.9342370265444958,-1.4356981838515235,0.7580092970267517,1.183041139179882
2018-03-16,-0.8979887699882954,-1.3949220245039364,0.7343038015312192,1.1832492771031293
2018-03-19,-0.8630595267512594,-1.406349564123435,1.1744119806343598,1.2205863445663785
2018-03-20,-0.858015481397239,-1.7023246786432,0.943463175005984,1.2389492579925778
2018-03-21,-0.8879661458822542,-1.5452620403191657,0.7687058648792846,1.294936195065697
2018-03-22,-0.8606035457236227,-1.1033655122665014,1.4317755947107351,1.3032647013394367
2018-03-23,-0.8486087230404149,-1.1194885792731815,1.6035401385101784,1.3267141458956215
2018-03-26,-0.8142224276652643,-1.3784512019942443,1.0357927393457436,1.467395452413255
2018-03-27,-0.8065297903818115,-1.1555236891804777,1.2975162266201659,1.453741335557533
2018-03-28,-0.7542681937284037,-1.0291323837211368,1.442597881268304,1.4775464885549427
2018-03-29,-0.7266429014802297,-0.8726720940990653,1.0977586523383516,1.4152072767833244
2018-03-30,-1.107986876967497,-0.9379205809464987,1.0874632409880105,1.3969479766929438
2018-03-31,-0.2843957122584993,0.23646291680323173,1.0773574296582478,1.4702625605710138
2018-04-02,-0.5075002657739262,-0.6976772802813768,1.4949555232131513,1.2873337020371431
2018-04-03,-0.48461058496790893,-0.9439792359632406,1.034670803202018,1.4140009597057266
2018-04-04,-0.4417238273007068,-0.9263176308626603,0.8665912392774119,1.2721238045186196
2018-04-05,-0.4150543331974498,-0.9916950043508284,0.636699383409955,1.2225061634638728
2018-04-06,-0.36875914816177235,-0.5469838933666237,1.0642974340238096,1.022333179680664
2018-04-09,0.11617782946984691,-0.5015131932785135,0.882717864816238,1.047597399209833
2018-04-10,0.09206621287170445,-0.7033835748787675,0.6629454147725502,1.127033084075928
2018-04-11,0.048700273848310494,-0.5502542710650666,0.5785865380361449,0.9871418512667152
2018-04-12,0.061416837721391546,-0.6847686898367886,0.4279779259284433,1.0275256199309355
2018-04-13,0.07545492821341562,-0.6799104412098073,0.27935884804683614,1.0372584861354328
2018-04-16,0.11149063825646698,-0.5814327800285951,0.09660835608144429,0.9548405283843
2018-04-17,0.11578691192859815,-0.4128650043025087,-0.1404871676258083,0.9833267462384465
2018-04-18,0.08819764439224503,-0.801324912282684,0.0020671779227639142,0.9925406727991226
2018-04-19,0.07000862005242757,-0.9503229095562569,0.11195215976943847,1.00403459671895
2018-04-20,0.3141158237165416,-1.324972302308875,0.3194985707140409,1.0411277680140667
2018-04-23,0.2988614328777801,-1.3344494790749486,0.2585660760086695,1.0414931717868068
2018-04-24,0.3697393632363272,-1.3301168282006313,0.47566558620301025,1.0346407370589819
2018-04-25,0.38089206803626774,-1.3955718964145443,0.583811784563956,1.0403338305942136
2018-04-26,0.39227252722470285,-1.3176157523055636,0.26106761758222047,1.073186349391941
2018-04-27,0.429663320460114,-1.254644723261271,0.04560099403569693,1.1084150221602758
2018-04-30,0.08599342561618102,-1.242113031673948,0.05617410566828437,1.333626292821181
2018-05-01,0.12000121674449589,-1.512392419869616,0.08961910122287067,1.354898309849263
2018-05-02,0.11559244881035388,-1.162750912401443,-0.016043355326315362,1.4133521006673777
2018-05-03,0.12498984386582096,-1.160992045677575,0.0006236276992013267,1.5393488416391896
2018-05-04,0.10702651542834392,-1.2729149597311828,-0.19878198091494556,1.6552945305991387
2018-05-07,0.09527236419884709,-1.3592377462869394,-0.2267454606069853,1.6072096393232826
2018-05-08,0.6975083019146899,-1.4106553514795326,-0.17906214718713648,1.637741351667854
2018-05-09,0.6461888496693733,-1.4076243985871635,-0.30695205732952574,1.5011642857009506
2018-05-10,0.6358512525190804,-1.2294524890264755,-0.4252931903577271,1.3951354355129175
2018-05-11,0.6280396735550672,-1.0010798632422815,-0.5419882627419979,1.2856666703421045
2018-05-14,0.6136302525019847,-0.9100191946848692,-0.42010156938262083,1.1945293072675287
2018-05-15,0.585545955468565,-1.2419323809544112,0.0764115377854824,1.1988630414144794
2018-05-16,0.5536793275439881,-1.29178132352965,0.07515454674161967,1.190204120741207
2018-05-17,0.5438622126025593,-1.0325452521634477,0.01767914770962951,1.1701043091335344
2018-05-18,0.5525025228728824,-0.7135487495112082,-0.04194035634671292,1.2620393723724668
2018-05-21,0.5404028520569443,-0.5729201823355714,-0.09705439026942163,1.2562549839371675
2018-05-22,0.5366789734627005,-0.5186436235049657,-0.10930406247390133,1.2536063778866877
2018-05-23,0.5643735664569413,-0.18211905243659224,-0.1482302042072812,1.2538772565542946
2018-05-24,0.5980271550893224,0.01435383203435,-0.22451949469739702,1.2326147375862562
2018-05-25,0.6690761377172932,0.33856571175742084,-0.0031943593184532693,1.2872747009920773
2018-05-28,-0.04190552533221035,0.33362279129099043,-0.0019961202948999717,1.2725067270061252
2018-05-29,0.7647818970422057,1.3214042046536136,1.0958889522826922,1.5351387782268004
2018-05-30,0.7228512123678708,0.7913248916522572,0.7316105552422442,1.7395280416878374
2018-05-31,-0.3514435734782008,0.6750479674248968,0.7077867397117906,1.8448564761658164
2018-06-01,-0.33199637687398076,0.2511800190315006,0.19734568614259468,1.776282964704483
2018-06-04,-0.29432057573499926,0.14667764631108685,-0.07668233763786533,1.812895786663863
2018-06-05,-0.24832335724146107,0.28754352767002866,-0.11106153055483321,1.7315274153134514
2018-06-06,-0.22707453204601882,0.1346838596587591,-0.08293092905995994,1.7866030808103046
2018-06-07,-0.2547534047241127,0.40331030408949553,-0.003668646521506401,1.712878978513302
2018-06-08,0.5737281236435596,0.2763584976869131,0.2058389348297685,1.8181876467396056
2018-06-11,0.5941161516591715,0.12217221004125274,0.11175966284763765,1.8376766006366074
2018-06-12,0.6213755594720147,0.10799693120385247,-0.016062749169495804,1.8499153817452128
2018-06-13,0.5934453674296964,0.13252622853186935,-0.0777367231143444,1.7631296900107336
2018-06-14,0.6328469823549415,0.3479728979024756,-0.28178640039880326,1.7053331841818617
2018-06-15,0.7522399515541129,0.4463337616200228,-0.258807670561265,1.6567468740913593
2018-06-18,0.7062512924563462,0.3291371421810068,-0.26049277831323026,1.8219006902852326
2018-06-19,0.7483613508121266,0.4178463062148602,-0.10221514828069443,1.8074562685855018
2018-06-20,0.7689167976394664,0.16605943537612775,-0.21483198180275828,1.9537964958794636
2018-06-21,0.7821721045420975,0.09988815081311729,0.13914703381009272,1.9565578228280083
2018-06-22,0.745494710697802,-0.15266065207268462,0.007845250531564988,1.8761264800474997
2018-06-25,0.7667929444794792,-0.2101410072098681,0.5344452884473155,1.8962462737795718
2018-06-26,0.723850718992354,-0.26757462678955835,0.20154460875126035,1.847403228942144
2018-06-27,0.6911215107534696,-0.6786843476786915,0.21749891172420632,1.7717825559947669
2018-06-28,0.71353431404934,-0.3240559066312218,-0.15684588683624212,1.7777546428538415
2018-06-29,0.6958771041012368,-0.19655806331690837,-1.4279758137841738,1.772831628836113
2018-06-30,-0.955113871841359,0.4685641436072117,-1.2733172269898623,1.7870959779040807
2018-07-02,-0.40842330125823256,0.007425436267816239,-0.7208810242301875,1.8222275355372521
2018-07-03,-0.40389292184757697,0.21799321937363741,-0.14290299969382178,1.680204092729493
2018-07-04,-0.39044726767901033,0.20872571582831048,-0.12961207589209073,1.6542201997299024
2018-07-05,-0.4060845777403019,0.16386452690950204,-0.1401443727249936,1.600265279570841
2018-07-06,-0.3804854758353217,0.3573334617146328,-0.10565869235114883,1.5244826967077776
2018-07-09,0.22010358265232058,0.38214507222107225,0.13111344368515046,1.4951021644697038
2018-07-10,0.24616105188105972,0.5198417481412667,0.23425751554336444,1.4345235761739286
2018-07-11,0.40335438790836314,0.722127891826174,0.26380773291247955,1.4057170415480118
2018-07-12,0.47211688251639855,0.7536899077220831,0.06807727606810796,1.3581770222574192
2018-07-13,0.5012911475085294,0.7783936938472441,0.059726131159347134,1.2845959531589877
2018-07-16,0.6854073468532954,0.825103110101041,-0.16338410796356453,1.1807757251983177
2018-07-17,0.7159998996812762,0.7592586170842555,0.10313551640875565,1.2353288573758123
2018-07-18,0.720230596438172,0.9274791979534261,0.12086075813352015,1.2335156778829264
2018-07-19,0.7725031167340033,1.1450145238313614,0.18823584879305094,1.2005638002704813
2018-07-20,0.8143595151828554,1.0340233074235394,0.3214941666674271,1.1264931654556203
2018-07-23,0.8548490939516372,0.7276652731941026,0.3784867776603152,1.0757768499493792
2018-07-24,0.848184961350746,0.8764752013712489,0.2948448506757592,0.8994149394349821
2018-07-25,0.8040288332884524,0.7127973688126332,0.44978044066649375,0.784883019526221
2018-07-26,0.791580101985975,0.5690549925285759,0.19622044683691825,0.5828583638398123
2018-07-27,0.8517024615127602,0.9278985802876254,0.4056644931385759,0.49765892217729396
2018-07-30,0.8516560285710902,0.9549518406269693,0.5492099893690765,0.49064664950581166
2018-07-31,0.7998340238947665,1.0531552358125027,0.18376905810783642,0.5762421514188937
2018-08-01,0.8574883617778235,0.759423855775527,0.6530111125138413,0.4983080298467286
2018-08-02,0.8431554142780687,0.9556168314592811,0.19474263189525967,0.4795904241643243
2018-08-03,0.8402404900871686,1.3014512629488144,0.5004097767817708,0.45601405376986226
2018-08-06,0.8377641211135279,1.328201439012113,0.478497091306029,0.45466015531189286
2018-08-07,0.806731634745284,1.1036320213014674,0.6524533147952553,0.3813277583291274
2018-08-08,2.1458469552982367,1.0346721240598995,0.5623219519695538,0.4734458588800939
2018-08-09,2.111097238245021,1.1908181982141153,0.3514070849786147,0.5427674277137312
2018-08-10,1.9883449669137745,1.6221001736692189,0.7643996831868282,0.8241930253636168
2018-08-13,1.9933054889981772,1.4080326198168747,0.8180568470375957,0.9966132266141939
2018-08-14,1.9536014472849974,1.2925451260598089,0.6987717934447595,0.9243371931120035
2018-08-15,1.9716620827776752,1.5610318715193026,0.4104866792274098,0.9755595250365077
2018-08-16,1.958287580846077,1.4597239161171236,0.09384109385817249,0.9000742956086292
2018-08-17,1.9461493356185955,1.4045215400475592,0.6237717676294038,0.7860158395069115
2018-08-20,1.8782944758790205,1.5935958024669592,0.615514450705447,0.8178422623798985
2018-08-21,1.8534271336761667,1.6250963786618355,0.8908470453044398,0.7414525234982845
2018-08-22,1.742508460242801,1.5009778975222536,0.8347617387910461,0.8043112896157517
2018-08-23,1.7318739099096652,1.4146527205937427,0.5162134105241599,0.9197200652028381
2018-08-24,1.6652722963858269,1.173334627831122,0.5077495240714593,0.9157441780996282
2018-08-27,1.6240492161419446,1.0677615381849104,0.5936643554531867,0.8340258742786165
2018-08-28,1.6214133646463413,0.7906219584111608,0.7708096362899647,0.8980901443990624
2018-08-29,1.557702206222713,0.8887877218983822,0.9097892862090763,0.8009430922457836
2018-08-30,1.518517106929364,1.1500365881121184,0.9011462747314247,0.9647609457004087
2018-08-31,-0.5854861413302467,1.139952327284821,0.5000544157122108,1.019134743624795
2018-09-03,-0.5623131248198088,1.0710192249445343,0.4969554387581533,1.0100250249834697
2018-09-04,-0.5404188589808482,0.6844192402059944,0.7560204445400001,1.0704231150857637
2018-09-05,-0.4719594011217265,0.8423048511308766,0.947534250123236,1.0586170765288019
2018-09-06,-0.4397668168168392,1.1320241134093247,1.0635190353459927,1.023497681318061
2018-09-07,-0.4845656210938299,0.4884845314888538,1.1688375964022895,1.0117990731533792
2018-09-10,-0.07360164512230968,0.40667479279033697,0.9273812546883385,1.012699855132881
2018-09-11,-0.1452807214359769,0.20639911091665203,0.9725522148446296,0.89393096424182
2018-09-12,-0.15363433059445258,0.38986864717248326,0.8477783482840154,0.7659464557335599
2018-09-13,0.12007257899179856,0.27189067689997415,0.7063671907479913,0.6548073658740003
2018-09-14,0.14099268896438044,0.15172574249928222,0.7294062047960527,0.42939757792330474
2018-09-17,0.16888886048751064,0.1709742929957063,0.4719108132262255,0.4245625012517839
2018-09-18,0.11144426541894915,-0.21057934194104608,1.0439422323721337,0.3248057666789387
2018-09-19,-0.0026977956682262857,-0.15199962886423551,1.1134047898575294,0.21190413494896065
2018-09-20,0.03474796785325875,-0.14900506515332057,1.1268198456976188,0.10960942980093419
2018-09-21,0.0007034662333003537,0.10526123675928366,1.0695518804007718,0.009267505280656806
2018-09-24,-0.06164531570261519,-0.08126848679689458,0.8437866074288616,0.10934166591997865
2018-09-25,-0.034818476002170466,-0.11122346338465895,1.3905374710735787,0.018666476024276197
2018-09-26,0.02901710573619316,0.3482513674095863,1.2639989767940454,-0.000765977124982383
2018-09-27,-0.02548587760977461,0.41535376249074496,-0.8687763891277093,-0.06741572449676039
2018-09-28,-0.12551118401995745,0.39747264859148623,-1.4546438073677472,-0.11907909387112246
2018-09-30,-1.4618498533548503,-0.010509213534085451,-1.4135415507069247,0.0033086952892128524
2018-10-01,-0.6555747852143364,0.23021986600843672,-1.242318332903466,0.008026694010330732
2018-10-02,-0.642331653151416,0.47077449731983845,-0.9355138841609728,-0.01359784363277451
2018-10-03,-0.6786697699119607,-0.1479858027373252,-0.6700775941305549,-0.08684334291954
2018-10-04,-0.6161100751806037,-0.37665359088225925,-0.016780583920997842,-0.036166554822348415
2018-10-05,-0.6171890384908355,-0.3251671881206079,0.1796202760785131,0.05537168119287223
2018-10-08,-0.07086777539341542,-0.2431295391176463,0.2750201015063801,0.05412735250259501
2018-10-09,-0.07101607699480486,-0.0309491490518968,0.4928105311159257,0.04996358169263208
2018-10-10,0.12497167506855066,0.046151745319894424,1.5559739712477567,0.036516336582116254
2018-10-11,0.5992488266616652,0.2590776671756877,1.580198205770546,0.5150093640020701
2018-10-12,0.5527923896747265,0.23769081118736193,1.0530334257662077,0.5133753666525491
2018-10-15,0.5204723171192889,0.20882535541707958,0.7556824550074674,0.39119198886984036
2018-10-16,0.43799216258698703,0.15818776004669716,0.7462830167661464,0.5137500630525401
2018-10-17,0.6188601045140871,-0.06265675148371089,0.7015154296313438,0.5452381904191542
2018-10-18,0.7050428475196283,0.17141064552870588,1.0700023023168859,0.6538469031329467
2018-10-19,0.6815406597673224,-0.2540037256003816,1.0103030965122035,0.6699246261498635
2018-10-22,0.7498974231184244,-0.20403940023247183,1.0356869690172186,0.805776643050793
2018-10-23,1.0140389354978672,0.04554946166648519,1.5616705389595518,1.1802199722292421
2018-10-24,1.0859010425271594,0.38476721883044834,2.0563548665465867,0.9719207067851328
2018-10-25,1.189914372696648,0.0751617360251889,1.753357937485294,1.3717008389860792
2018-10-26,1.1446167119234167,0.3491711306944548,1.941883658111319,1.4764201464158746
2018-10-29,1.1558809823594083,0.37249356046516696,1.778773163660135,1.469579954906703
2018-10-30,1.2676873054238003,-0.057367293894903984,1.8507780649015437,1.6786066650042961
2018-10-31,0.9039643425197091,-0.4876069603304281,1.2470484175271672,1.68415341773097
2018-11-01,0.9891798449920189,-0.04825124973390797,0.9166424285967818,1.7257394856556976
2018-11-02,1.020443046302221,-0.41155684925928016,0.814660371570254,1.664548653397424
2018-11-05,1.0550706864058408,-0.1403916977423027,0.8325548885140046,1.6450539658776355
2018-11-06,1.1152051134144116,-0.23490773556973513,1.1538728901695274,1.4637517809540945
2018-11-07,1.179033105973609,-0.3924013318391812,0.9500204989916637,1.3610626326673776
2018-11-08,2.099483760732179,-0.6861321154163388,0.6428939166210111,1.2348631680562878
2018-11-09,2.161761533639568,-0.35044072544311644,0.8463172098689643,1.4165771001287304
2018-11-12,2.112880995642223,-0.3811632535782342,1.1413825786258425,1.3989414288804916
2018-11-13,2.3640405171434162,-0.1731897026549418,0.9638468419098037,1.6129399525094967
2018-11-14,2.321348476775882,-0.11788988974974016,1.4258250157523906,1.7742749524859167
2018-11-15,2.267981645793575,-0.40044591716002037,0.6021389636864797,1.8900312674085373
2018-11-16,2.126109184712179,0.062391054420731305,0.6988107430301669,1.8462819767205596
2018-11-19,2.1359416122680703,0.2852117613113292,1.0270132255198814,1.860747851913441
2018-11-20,2.350330269758608,-0.07335856450998259,1.8182760054911042,1.9558524993247048
2018-11-21,2.2418688614671196,-0.14494183762940444,1.8387354361960835,1.8859512962624272
2018-11-22,2.1828123276334686,-0.5069751402580767,1.7975623347437153,1.9029309660151084
2018-11-23,2.480139679023004,-0.17631856632622284,1.4297112631341804,1.8684089341771435
2018-11-26,2.3823625634101675,-0.5122803459039746,1.1339707989840306,1.8102811837006767
2018-11-27,2.3549284882609247,-0.6353448429460674,1.1620735942586253,2.0581358269445236
2018-11-28,2.2977644623286455,-0.2030029160232724,0.9834451159038573,2.021240031696865
2018-11-29,2.244262122122637,-0.11344063238997468,0.3939834113263195,1.9762811287790745
2018-11-30,1.0837954179555302,-0.1768103152318413,-0.01744811048640046,2.0959321830333217
2018-12-03,1.0806117987865465,0.2419618556960214,0.07521546120219678,2.051308411724098
2018-12-04,1.0773888862804377,0.303186698816712,0.9345437317164897,2.0818071968345335
2018-12-05,1.074129936886245,0.4903420020386643,0.9257958562281606,2.0345180984029354
2018-12-06,1.0708380284732997,0.5640550723912188,0.642010146282812,2.0793086101905525
2018-12-07,1.0675160701452129,1.1783695814589412,1.0320871333959267,2.0262099076171007
2018-12-10,2.21000738062001,0.7050753611003351,1.5012387895139336,2.031480315656085
2018-12-11,2.161328649202214,0.4252356002952968,1.69953036615383,2.012337229542714
2018-12-12,2.1154468025540414,0.43064610125751784,1.768282044585772,1.932172943950145
2018-12-13,2.0720994407121385,0.6708775727816396,1.3702726471542706,1.8470064932955195
2018-12-14,2.0310574903888634,1.1712524427043374,1.480678465853706,1.7991568848234827
2018-12-17,1.9921199483684318,1.275536111375087,0.6606395792653382,1.7413787899785107
2018-12-18,1.955109604404483,1.5795209084008806,0.8650457980760219,1.6668185052778774
2018-12-19,1.9198695349302568,1.9005732647917477,1.0797680994358472,1.6480205626917965
2018-12-20,1.8862602085754971,1.2505510324420441,0.3233763262200113,1.7904773976729556
2018-12-21,1.8541570811730177,1.3421116419939616,0.5488772780055733,1.747131386326092
2018-12-24,1.8234485853174691,1.7370413497480264,0.6554046060886625,1.6382336186863746
2018-12-25,3.0,1.7690349563963144,0.6661152785028479,1.6109688069767656
2018-12-26,1.6484689771215824,1.2075192766159548,0.7325276449306822,1.7133737874663684
2018-12-27,1.6257308451319128,1.5482425607013162,0.7573732142984757,1.6302631052568686
2018-12-28,1.6037725911238592,1.7535761435842057,0.20723986439369102,1.5258221409851558
2018-12-31,1.7704000113025433,2.2204953727416723,-0.6024190221092702,1.45827364903831
2019-01-01,1.2242350616302162,2.1725458249161957,-0.6033290365233042,1.436885992505554
2019-01-02,1.7193081329117543,2.29173325097084,-0.9666462529699262,1.3956568834296486
2019-01-03,1.6799223295289574,2.6147839055126494,-0.4658684192315476,1.366168957177643
2019-01-04,1.6427590203747966,2.037473689095951,0.4408453710338698,1.3873041148759673
2019-01-07,1.6076153320490287,1.6327465952962195,0.408688366122453,1.4150520116863612
2019-01-08,2.81091653113168,1.3936962189164304,0.3414044315002178,1.4286085345918142
2019-01-09,2.698782000379122,1.9894743426647368,0.04039449864736827,1.2685009809558598
2019-01-10,2.5974701951751373,1.8997537837246739,0.036407405957740446,1.291656058968708
2019-01-11,2.505334043813444,2.0678515405209468,-0.05924765031592288,1.16407602868316
2019-01-14,2.4210576346985615,1.953172766341679,0.029599168867577002,1.1455940401887568
2019-01-15,2.3101302534794175,1.8026117523269252,-0.35660066076546026,1.136298542283989
2019-01-16,2.208761714581749,1.7269227032818557,-0.27627325813969883,1.064630439697032
2019-01-17,2.102909331024207,1.673743064890449,-0.26056058545747585,1.0664640951010296
2019-01-18,1.8983847013576989,1.8375731752736282,-0.3387187885923617,1.0580888859421504
2019-01-21,1.8471632210640532,1.7116986709700834,-0.3343213576583826,1.0457657537022276
2019-01-22,1.850051634724954,1.8390666678663325,0.051201454888586025,0.9735842837836041
2019-01-23,1.8247803100504465,1.7855126180101333,-0.02965754916921739,0.8951826210156711
2019-01-24,1.7409393055859756,2.341931118959942,-0.3489512238986248,0.8059911458759098
2019-01-25,1.6251856000708187,2.0173329788952428,-0.42456580112286707,0.7719622147215323
2019-01-28,1.6237670173874552,2.035667858444583,-0.26780341147926895,0.7200275909939994
2019-01-29,1.5432047337039647,2.0416041573610806,-0.22208078463302736,0.6635197260385373
2019-01-30,1.4058609663220576,2.4705067383860957,-0.336575835305713,0.46758712802613217
2019-01-31,0.8222120678777337,2.771169272292252,-1.501703338624925,0.27094342802879595
2019-02-01,0.714607211048092,2.1338557325568,-0.9821843992346715,0.1701419970689397
2019-02-04,0.7028465779064451,2.402792320957293,-0.6818600849728248,0.15293228337999784
2019-02-05,0.6641039571917381,2.6569112815464293,-0.5675452947894343,0.09122814214702522
2019-02-06,0.6323494292200916,2.677192592195381,-0.48410196784049847,0.07676304903662483
2019-02-07,0.5936883119959735,2.5250177111671346,-0.37962144572605094,0.027228174158512312
2019-02-08,1.1014810805678175,2.5437635958153093,-0.26945060245600483,-0.01895916291614226
2019-02-11,1.0147366645788343,2.1923221438729645,-0.41775326527916523,0.03847190324573099
2019-02-12,0.9016091079737449,2.117098452005707,-0.38403848423581094,0.05383344667092702
2019-02-13,0.5954586705801812,1.8787419635797014,-0.32670516131973065,0.06859417783169525
2019-02-14,0.49940453156083364,2.003923958574007,-0.4034463154859131,-0.02001890641578309
2019-02-15,0.2901855997230714,1.958279053569577,-0.8348383072762247,-0.01198118534242805
2019-02-18,0.2790935492024197,1.9764746035363983,-0.8257431065870762,-0.015482178105936863
2019-02-19,0.20206775289041073,2.10468871921957,-0.6934696342856778,-0.12798069890137775
2019-02-20,0.12287604916899138,1.8655498571591536,-0.6406200574241899,-0.14915899919691694
2019-02-21,0.03513062979738681,1.6549420386623404,-0.4536238627593296,-0.07583447811240764
2019-02-22,-0.14756041995037278,1.7295882421772133,-0.5617739031168206,-0.2228773149368813
2019-02-25,-0.23145541983867907,1.7644786093191975,-0.3715260680660707,-0.21390074277360654
2019-02-26,-0.3246576173615365,1.8336293971096675,-0.353957840185254,-0.31551286060056466
2019-02-27,-0.40620743454130975,1.5936215908026263,-0.31379909672846945,-0.2644458917741667
2019-02-28,-0.709823714878681,1.3415458113803487,-1.517915569321364,-0.21950031347891935
2019-03-01,-0.7011352882527542,0.9578346590695751,-0.4436813599015358,-0.11063575648706395
2019-03-04,-0.7096047560013305,1.2109817604543487,-0.42466469024884107,-0.1953295868394038
2019-03-05,-0.7183894564612813,1.2536989260577882,-0.38947036845919414,-0.16944914919595458
2019-03-06,-0.7092047587463048,1.2268011242616887,-0.22103864386144242,-0.2694728956542874
2019-03-07,-0.7250938273252794,1.4470499315668306,-0.13801302979380023,-0.4095642929290704
2019-03-08,-0.7287686776848304,1.378066570647113,-0.2853189536999057,-0.4264370305236704
2019-03-11,-0.7270824054488186,1.290963216113011,-0.5358719408061143,-0.4388765425985346
2019-03-12,-0.7946020744407208,1.481930325553646,-0.5644107864765191,-0.508848417007615
2019-03-13,-0.8040321753070823,1.449583711990353,-0.6890735107375477,-0.5088763976543872
2019-03-14,-0.8246799724936963,1.4367719859387456,-0.7689049375404757,-0.5416888038030415
2019-03-15,-0.862579434781375,1.4612046087472337,-1.0291175053939525,-0.6218365468564206
2019-03-18,-0.935225166927938,1.415224608426378,-0.7554283219933833,-0.6716953122166106
2019-03-19,-0.8881175527597058,1.4306818631574392,-0.7516017749840582,-0.6600969876899152
2019-03-20,-0.9418104845201948,1.654787929936604,-1.013848802534831,-0.768948612646611
2019-03-21,-0.9724044222900922,1.6378275889694989,-0.7262327321092874,-0.7868849422528832
2019-03-22,-0.9854426835021843,2.048173000250234,0.1493134313064861,-0.8537613717004815
2019-03-25,-0.9939589487871,2.207627246888302,0.37565652889502077,-0.9374986482652066
2019-03-26,-1.0039182796270356,2.09793632873175,0.23150014594692453,-0.9569675906599988
2019-03-27,-1.0330790601008577,2.1133805739063845,0.33217056126726424,-0.9465541734378564
2019-03-28,-1.0658336562800614,1.9326029664856652,-0.036496875270018686,-0.8852659775577781
2019-03-29,-1.1176326647417758,1.7924467672163087,-1.7435490261015605,-0.9235024217030947
2019-03-31,0.7631272064797375,1.590995544721903,-1.676698521133269,-0.8174186031803972
2019-04-01,-0.5746585155432192,1.4414878133405389,-0.8812898122381894,-0.7507563187334688
2019-04-02,-0.5864954763533717,1.4349275604380785,-0.5827646713837684,-0.8001164090331948
2019-04-03,-0.5903055788894012,1.3694570563771242,-0.5628706412056124,-0.8134878116302001
2019-04-04,-0.5939149709203562,1.2956385371227193,-0.6203338525118381,-0.8117336573900228
2019-04-05,-0.5973327327501056,1.3084155896139829,-0.830753486090782,-0.835778065262996
2019-04-08,-0.7814835543167709,1.2464262907246655,-0.9110176179433788,-0.8634818600198635
2019-04-09,-0.7850385878738815,1.271437642866959,-0.6896743728425153,-0.9174516305530614
2019-04-10,-0.7302847419547255,1.363091468617328,-0.7922485396829428,-1.0816005496382337
2019-04-11,-0.7921738353910668,1.254615718437131,-0.7880038294360946,-1.1329444371126811
2019-04-12,0.3855095453336413,1.0701473547886968,-0.7615656787253007,-1.2891431999388945
2019-04-15,0.37605474036830144,1.0812580203977662,-1.102473147661686,-1.3619523317391784
2019-04-16,0.36681113982510605,0.9836511450524859,-0.9644493796009761,-1.399241110281646
2019-04-17,0.357782342045843,0.8673106760442442,-1.0135596313899262,-1.3818406862073844
2019-04-18,0.3489533845042592,0.9048648785717869,-1.1311441094691779,-1.3293446542766556
2019-04-19,-0.6836200550858478,0.6661444769199099,-1.1146577790498635,-1.3183732992982138
2019-04-22,0.24496801976226185,0.3831951653827253,-0.7599663594194707,-1.3050084665360844
2019-04-23,0.23653530515206533,0.4471793201225209,-0.6819691745344442,-1.3530102932910661
2019-04-24,0.24181614294665293,0.5346214022505529,-0.4892342455485484,-1.4345361018071008
2019-04-25,0.24166579903353577,0.5027915372432491,-0.5935614045139038,-1.38446058567328
2019-04-26,0.27313744663619743,0.7196999020066139,-0.7545994361696803,-1.5728717765562394
2019-04-29,0.2796247690536544,0.6678963038977835,-0.9243303172852411,-1.5891125190683872
2019-04-30,0.4793744010126671,0.8552818130839938,-2.449128021867855,-1.461917420270678
2019-05-01,0.4758505349891174,0.701240867909781,-1.086258888451695,-1.32299456039343
2019-05-02,0.47975261798642355,0.5404784193680185,-0.8076132177063255,-1.1697908028885802
2019-05-03,0.4696826590510932,0.5846039811054747,-0.5886962336691476,-1.2031359316558756
2019-05-06,0.4525755462034711,0.696514469278516,-0.18177755444528454,-1.1969507441607383
2019-05-07,0.46947028805292645,0.7627204139926539,0.37112220583842953,-1.1173648151753097
2019-05-08,0.6949884325496023,0.5746372105238299,0.4556162348428318,-0.969484257189036
2019-05-09,0.6890480119265894,0.5651699304676675,0.7005994643305523,-0.9079430383341193
2019-05-10,0.6727812381842276,0.5682051299039722,0.3549172154719968,-0.8245726296066364
2019-05-13,0.6558446236909439,0.8549472923024682,1.100641917550885,-0.9041751994387789
2019-05-14,0.6227585256284114,0.7471204446564321,0.5657368495839796,-0.8945080529674467
2019-05-15,0.5894801178707588,0.9574578235839003,-0.059669907759617495,-0.9761697688511827
2019-05-16,0.5487302251745197,0.7799762661680878,0.06300414858759103,-0.9707232848151409
2019-05-17,0.5628077173923829,0.7070617163687665,0.13481589606907493,-0.8580715385857696
2019-05-20,0.5609611227872048,0.5877278601012275,0.29528892114082883,-0.7733111307207395
2019-05-21,0.5433847139717122,0.5322483310691868,0.1458087024935661,-0.7225194527266492
2019-05-22,0.5560175784999675,0.5465507547881758,0.14124626834800863,-0.7056769063269075
2019-05-23,0.5937251467770784,0.6503074028891717,0.6498441098637432,-0.5912746741293161
2019-05-24,0.6022155342029256,0.5559491904867059,0.3900591496425504,-0.6197899772282397
2019-05-27,-0.43081367317926345,0.42357284715115856,0.38986041415124945,-0.6197015333332146
2019-05-28,0.5944160637902435,0.5981343753773488,0.4246205699827825,-0.5643649338364363
2019-05-29,0.5858560507104575,0.5293677853860675,0.6498123665949763,-0.49310959573506175
2019-05-30,0.588304027600226,0.736372280452311,0.616559338165074,-0.5838068988422513
2019-05-31,0.48103637768869634,1.1041842345965927,0.643065046510965,-0.672352566811666
2019-06-03,0.4900013916309334,1.159133667929091,1.2178835495750107,-0.8461168048911487
2019-06-04,0.4918547529251523,1.0497841543095907,1.2460859635803165,-0.8005391071461107
2019-06-05,0.5230890234480274,1.1056390471729733,1.1936369840959677,-0.9255377709308684
2019-06-06,0.5058955571606096,1.0863490826186044,0.7084665480830011,-0.8302002092829539
2019-06-07,0.5095365902626791,1.1536193458532533,0.3002438512845193,-0.9550117982946909
2019-06-10,0.6978692748044703,1.0245835389272446,0.0999710468723196,-0.8593370282263385
2019-06-11,0.683744911006545,0.8445415086265137,-0.027660994926754005,-0.7253847325585391
2019-06-12,0.729191760616127,0.9460060255990224,0.02710273084043549,-0.7596998226519455
2019-06-13,0.7439732131945063,1.0112702442285877,0.31573679210864025,-0.8331012432124263
2019-06-14,0.7531794895419561,0.9976401027017205,0.5323446395211292,-0.7352337848206033
2019-06-17,0.779268364844957,0.9168100666757639,-0.017309912435269557,-0.6646465547176573
2019-06-18,0.7552482537751022,1.0782630428693822,0.32547922085325026,-0.8546293131861306
2019-06-19,0.7375020201602517,1.2640355119449453,-0.22890712783376807,-1.1651801521813492
2019-06-20,0.7166092196088779,1.3625448918149026,-0.3167901338037921,-1.544429277429171
2019-06-21,0.736616464317328,1.1524789066161936,-0.3095953953405581,-1.540191733631766
2019-06-24,0.7460574872981172,1.3734107950781655,-0.47482203935949796,-1.715859097104217
2019-06-25,0.7437347199601666,1.3559048669848102,-0.3244557977464186,-1.5129830953888324
2019-06-26,0.6991999055474656,1.101122825730657,-0.33035490600819495,-1.448075544753051
2019-06-27,0.6854251285238814,1.3174432520643342,-0.5523708490268932,-1.5319854034441909
2019-06-28,0.6905544544529518,1.2126790651066,-1.3022889774887594,-1.5687553015984037
2019-06-30,0.7692424574195709,0.49729516097460635,-1.279879406206032,-1.4875378705222573
2019-07-01,0.5745306223241331,0.8246329434834142,-0.9853501218876357,-1.510775856615834
2019-07-02,0.5844113600892671,0.9494122476373912,-1.0734737703007842,-1.5324261748440449
2019-07-03,0.5671603817967774,0.9136210263675167,-1.2592697557961576,-1.6303144410486725
2019-07-04,0.553798432392739,0.9326233858892308,-1.2111409741590693,-1.6065366188105483
2019-07-05,0.5518043142744061,0.4887078228307618,-1.3532346620256133,-1.4458500559581526
2019-07-08,0.9562932274300431,0.42182967472031113,-0.646232856948189,-1.3629518971335557
2019-07-09,0.9234624314166051,0.3750044890258039,-0.4029343662876302,-1.2439274700428138
2019-07-10,0.8484763293021353,0.511689644268117,-1.0070848091416336,-1.4944301503601112
2019-07-11,0.8057820095398099,0.2915363091701472,-0.8585649124164714,-1.5064314951169666
2019-07-12,0.7926581036296002,0.35009010801120344,-0.6779428609332544,-1.5242476816106043
2019-07-15,0.41071513980745916,0.46954841379741025,-1.2500569828155046,-1.547662524961457
2019-07-16,0.4121056719358176,0.3044614327996486,-1.1981410225685634,-1.5112605137833015
2019-07-17,0.4243251138166028,0.22903020661616563,-1.1304884854580308,-1.5209872921821999
2019-07-18,0.43726039825117535,0.37242740663171214,-1.5278116389355512,-1.654121176255584
2019-07-19,0.4329051345556022,0.13385714291767625,-0.8362372165653834,-1.5630306426506808
2019-07-22,0.4186022115884873,0.09018833425464126,-1.02389150024979,-1.5725824958520547
2019-07-23,0.39000511285689593,-0.0018269950035529432,-1.2232133678897796,-1.5698843692497755
2019-07-24,0.37325082455400443,0.09301108451244385,-1.0854356120950077,-1.6124775219470533
2019-07-25,0.36192182271218976,-0.020446005296700778,-0.9739292314119974,-1.5526119917866752
2019-07-26,0.36393031503168033,-0.043893126978479115,-1.0248915370676601,-1.6356392432546618
2019-07-29,0.3618698444878581,0.024972849188710653,-0.9583534344715647,-1.6204767212276725
2019-07-30,0.33964402710209496,0.04230499633202848,-0.9805406194568358,-1.5603367644645763
2019-07-31,0.24882330849967346,-0.08028474272807835,-1.6496810508295032,-1.4751238193744782
2019-08-01,0.2782060342908666,0.34724932101824013,1.061858289605861,-1.4604695351174148
2019-08-02,0.2621084562143047,0.2858236012990623,0.9966974604830643,-1.3366073788115433
2019-08-05,0.27711500216436646,0.8726596376472652,2.504187916193874,-1.2502811071738098
2019-08-06,0.26486427212247715,0.8370202894348797,1.9773090182960664,-1.2370176985748431
2019-08-07,0.28456536756225487,0.8451925496581355,2.1116856303026506,-1.1168942656132521
2019-08-08,0.5700080987528804,0.6161588723515644,1.7763278943318472,-1.2120357942544178
2019-08-09,0.5446341026892707,0.5363963297345382,1.6887635091043756,-1.1413494501882318
2019-08-12,0.5511407428151077,0.6867061632889463,2.0410326399743934,-1.1397274588450332
2019-08-13,0.4367266656808515,0.3495796162545515,1.2687278662273844,-1.0683227222955514
2019-08-14,0.4774708190354178,0.6147694263238803,2.196848009021401,-0.9185990232448974
2019-08-15,0.4822812144486407,0.7329608520893959,1.7298908718239838,-1.0941457597645183
2019-08-16,0.4763023782287017,0.7034849349459998,1.4981705366268177,-1.0956457718898718
2019-08-19,0.4585488782228473,0.6082237225691787,1.4004837965113859,-1.0077650673651604
2019-08-20,0.4547190318626035,0.6400592430340741,1.4219631228446605,-1.1109287797843945
2019-08-21,0.4302708627855974,0.6129766842181218,1.52053464303474,-1.0017711432507097
2019-08-22,0.4218997622622231,0.47299780164632876,1.6165264696335617,-1.020237223679459
2019-08-23,0.43737855106502366,0.8032577813359444,2.1953475847881876,-1.3483019523400048
2019-08-26,0.41817036253556666,0.6733127741865419,1.9901637381229331,-1.2065065204222196
2019-08-27,0.3830097298458815,0.7494254365652311,1.8495622633769147,-1.2990864030116502
2019-08-28,0.3391990085058316,0.7385501590820474,1.9324483485263773,-1.4087185295356928
2019-08-29,0.30428332907108374,0.5672619526137458,1.6079520036073522,-1.3780075513238432
2019-08-30,0.32197073906744544,0.3569113864541918,1.5139214979305133,-1.3157381146615934
2019-08-31,0.2531317839587982,-0.5798580013681646,1.491789844081439,-1.2433759535920264
2019-09-02,-0.03563027878945967,0.15029691552454366,1.470360974242548,-1.2301866826328725
2019-09-03,-0.00039200300712652895,0.30430243734876206,1.287503177419002,-1.1248744783301567
2019-09-04,-0.035236190429767715,0.4294959393689661,0.6731527267204857,-1.2983431852298413
2019-09-05,-0.08417391105606542,0.037125146657222184,0.5181640494799289,-1.118113125019381
2019-09-06,-0.10991286917355662,0.1164188639783582,0.579297508284817,-1.125907124513666
2019-09-09,0.31283148971056757,-0.1614958161785383,0.6070864640277512,-1.004367714243065
2019-09-10,0.2892717324835961,-0.48977265991665386,0.4835161332443274,-0.7636416215276594
2019-09-11,0.28565896283280773,-0.5602165605520735,0.413994834660882,-0.7184385958705221
2019-09-12,0.2668313944732289,-0.8486271279173286,0.22889962867652983,-0.7907645517293088
2019-09-13,0.24681501364103484,-1.2642419037361095,0.5858196031278181,-0.6902318856538614
2019-09-16,0.0935289286151113,-1.0272720110219415,-0.17145016098147728,-0.8971834535269833
2019-09-17,0.14378382693870922,-0.9907165359235951,-0.694955979707547,-0.9572631003828953
2019-09-18,0.1674078667172281,-0.9210458744945914,-0.9895247137924126,-0.7060613296479566
2019-09-19,0.12684112505776182,-0.8333479279870957,1.2107212178706261,-0.8457738406673743
2019-09-20,0.11953549780337777,-0.7816928554802038,1.701128780944982,-1.1150607198800695
2019-09-23,0.11853788922250832,-0.6430310535586409,1.6736348798907459,-1.1771940536131464
2019-09-24,0.15035910002191674,-0.46960142176131264,1.6145314937810462,-1.1755340854711818
2019-09-25,0.1567580152029429,-0.9002784609714083,1.057571461337616,-0.9601194955866403
2019-09-26,0.16109927149709258,-0.7267647481032999,1.367582855725357,-0.9594946602106119
2019-09-27,0.17801814271103497,-0.7130572350582111,1.4899643989181726,-0.8515978527294524
2019-09-30,0.3558413854034197,-0.7218603699291288,-0.685499516948783,-0.7867112662088692
2019-10-01,0.3369092674263715,-0.4781646502588747,1.6097399748147936,-0.9105949963926583
2019-10-02,0.3711143890136772,-0.3444144081080794,1.9246271418610847,-0.9259193553694158
2019-10-03,0.36371928922137065,-0.1316593975415075,1.5636064013181177,-1.021109423789455
2019-10-04,0.34724561174941454,0.15935884037950332,1.169332302139934,-1.0618400758752609
2019-10-07,0.3219937080455302,-0.06471708131936169,1.2130999898910175,-0.9501556084590189
2019-10-08,0.6941992982536038,0.18179529155074672,1.1894215343617915,-0.9073916328310873
2019-10-09,0.6671707753615552,0.20902312372123869,0.9650505139518355,-0.7378985013996264
2019-10-10,0.5709431871014926,-0.08615253557900943,0.864644248341565,-0.6607687869970682
2019-10-11,0.5028602376406283,-0.2153379465262434,0.6241154618049978,-0.5871976341831507
2019-10-14,0.48424122237046485,-0.06584777061548282,0.5203196115012101,-0.5836070387791346
2019-10-15,0.5024074326871634,-0.2323305824065117,-0.1953747189616766,-0.6801294426053661
2019-10-16,0.449064702102515,-0.14163959197198836,-0.4471108596014636,-0.890164086377249
2019-10-17,0.38214531188551315,-0.13184809112892923,-0.03250188326553861,-1.4253205291822022
2019-10-18,0.563952959414384,-0.07731235981448419,0.30801409950682684,-1.526973907720019
2019-10-21,0.5544727874882438,-0.35644583958564957,0.43099933372409327,-1.4653760494675883
2019-10-22,0.5221076097743033,-0.24746393785391402,0.32516624221841317,-1.5712412162905627
2019-10-23,0.48588707838959594,-0.36691679954812756,0.04478436552752512,-1.5231157208606967
2019-10-24,0.4541871075515865,-0.17377656988237775,-0.10479313785247937,-1.5796445562167598
2019-10-25,0.4186873245313784,-0.36740495488565567,-0.21379132533972908,-1.619507778392857
2019-10-28,0.4076334870088044,-0.500756448046263,-0.19025385897012756,-1.5177512589307809
2019-10-29,0.4024156221079929,-0.6152511148872829,-0.22629261546515986,-1.443532906533197
2019-10-30,0.42061764057903617,-0.6827061082998666,-0.6782080073189355,-1.4423209098595748
2019-10-31,-0.06947610138277345,-0.5474042977108244,-0.401480366539477,-1.406943758649974
2019-11-01,-0.11671010045443463,-0.847920814001709,-0.26216127194321764,-1.57647498926355
2019-11-04,-0.14499256118885812,-0.9947855627025871,0.10237144398366156,-1.6338003134008947
2019-11-05,-0.16215205621865028,-1.0970151832240038,0.15694869240431833,-1.5551456126022092
2019-11-06,-0.16825169656494818,-0.9668943270127663,0.17330556021654506,-1.6175036964266654
2019-11-07,-0.17132515554407687,-1.2145605356291547,0.5055873913588128,-1.4293821635847228
2019-11-08,0.051086921860266775,-0.9869207388817482,0.2706164870537101,-1.4585013653622143
2019-11-11,0.044544898561672555,-0.9050711314970662,0.33644096960500086,-1.476135987168817
2019-11-12,0.06188763672322469,-0.8653628478545562,0.6301945923839465,-1.3768260196025395
2019-11-13,0.035433400225226744,-0.7539029676544154,0.490466280942468,-1.3786876745113248
2019-11-14,0.035684960066658666,-0.6637062280832667,0.3340937936919204,-1.4290617484653887
2019-11-15,0.023144169073685574,-0.7389892464128011,0.05150630257122732,-1.3225670256959634
2019-11-18,0.005788253164136343,-0.7299581178179437,0.3125893624308429,-1.4334319020266943
2019-11-19,0.017056675942976957,-0.632201327216318,0.2505560829284161,-1.3364939620035607
2019-11-20,-0.006368216612976878,-0.7159191702102284,0.3938258762451202,-1.3919747407876628
2019-11-21,-0.030014782946555643,-0.8896990742329592,0.23640780556347366,-1.2758480921498374
2019-11-22,-0.03421771007124624,-0.9915304056371665,0.22430555185325288,-1.2324412468944101
2019-11-25,-0.033395506291417416,-0.7829378384449401,0.23677443193426465,-1.342626671994046
2019-11-26,-0.05965363429705494,-0.5815571824168191,0.23155618734358527,-1.466311885344783
2019-11-27,-0.05947473762724314,-0.7586895846863688,0.10593047243104498,-1.3429728258032019
2019-11-28,-0.06522951648495075,-0.8464706663455037,0.10519724925903867,-1.3275835578178918
2019-11-29,-0.03989671006640722,-0.9938149841199921,-0.387767432213983,-1.2768571474400796
2019-11-30,0.6618898269839469,-1.251200537296613,-0.3851341868775612,-1.1706274754860593
2019-12-02,0.12702167892859548,-1.0589950401663062,0.08042715357351912,-1.2528711669834445
2019-12-03,0.13157100791843343,-0.4470155223495649,0.822763931196702,-1.4488844478452028
2019-12-04,0.09229485771964639,-0.6367929576959701,0.5560832396238872,-1.4320452997232098
2019-12-05,0.08173801004578947,-0.5806424652170216,0.47750069306531606,-1.3943871440441697
2019-12-06,0.059512055284510965,-0.48961528170497076,0.29903240109284845,-1.3634903659196889
2019-12-09,0.02649979997406876,-0.42732853313966357,0.7793170300068634,-1.3509977194290108
2019-12-10,0.010522688641646927,-0.47421719614711366,0.8485926710640433,-1.2899834516163793
2019-12-11,-0.03644287732617897,-0.2434822670445929,0.5629556520347229,-1.4702848997409055
2019-12-12,-0.01865882168700174,-0.7385754713806866,0.4396972951137926,-1.233813305442385
2019-12-13,-0.060499951842426014,-0.3959244021440735,-0.004668270205747975,-1.5235883462025468
2019-12-16,-0.07254468394437567,-0.5794161068045272,-0.45039647621820406,-1.3737087645681862
2019-12-17,-0.10368847110019873,-0.5423494806313243,-0.12058823981293698,-1.4784853843210783
2019-12-18,-0.10834665854608738,-0.6569606576068687,-0.12734031453705133,-1.4738355930190032
2019-12-19,-0.138121705169783,-0.5802058182792257,-0.09628414933954871,-1.5088227969953083
2019-12-20,-0.1419300174100821,-0.5821787074870883,-0.043983521627963505,-1.4538715262503492
2019-12-23,-0.1377787485817008,-0.6866720656829202,0.047415886819818016,-1.355347477746467
2019-12-24,-0.16886631147610245,-0.6185501596394982,0.27319439626399306,-1.4849863684408362
2019-12-25,-1.3674812076028289,-0.5912651080744258,0.27131740837072305,-1.465713236128142
2019-12-26,-0.1914123373424943,-0.5614929341597378,0.1599392546813141,-1.390744085912494
2019-12-27,-0.1859455281668237,-0.4098990055593449,0.0600672377773031,-1.5236353490643797
2019-12-30,-0.18832550566341527,-0.3845699920477093,0.314296626133507,-1.580991181610394
2019-12-31,-0.47720450638909073,-0.500733739813609,0.13403637779657432,-1.571449693779255
2020-01-01,-0.8989328331401187,-0.7629377301494099,0.13341822114630775,-1.549424542071633
2020-01-02,-0.5026729654762415,-0.5801043854849415,-0.14794557663635405,-1.6297706131610232
2020-01-03,-0.5237496484683593,-0.32239957606313885,0.08874012806149353,-1.6496087094357692
2020-01-06,-0.5154199506015541,-0.3762876113439193,0.2997366888313408,-1.5803572307760427
2020-01-07,-0.505909323244754,-0.3866764940176161,0.23863723980959894,-1.4945069480592132
2020-01-08,-0.5531946781696165,-0.44363074085939097,0.13305955860346183,-1.407699574616616
2020-01-09,-0.5680741116274237,-0.48046111480926884,-0.15177932015594686,-1.4430310960843804
2020-01-10,-0.5822699005055716,-0.1935845712558995,-0.3985862908454567,-1.491778038373519
2020-01-13,-0.5830972068906031,-0.5592205877939467,-0.3111485517736382,-1.4804633303110628
2020-01-14,-0.5805645321434416,-0.417095547692807,-0.32440948791045365,-1.4867537822031145
2020-01-15,-0.5636680651871714,-0.38932063827762087,-0.48620435811743146,-1.4784360284652083
2020-01-16,-0.5709399205748408,-0.4144084866192651,-0.5144917317472658,-1.458590649224309
2020-01-17,-0.5854309654487093,-0.4247851283436806,-0.4888508150466541,-1.4832947726959416
2020-01-20,-0.586462011864894,-0.439302101064376,-0.4853668358956275,-1.463999251253482
2020-01-21,-0.5755662409837259,-0.07955434172904247,-0.2599035638012088,-1.526005427133208
2020-01-22,-0.5151577972906528,-0.16265915654742216,-0.32050446601310867,-1.4712025245671125
2020-01-23,-0.4845352605104917,-0.0967820479002212,-0.04308198373230483,-1.4788770345270668
2020-01-24,-0.41189733813955487,0.06567484933133898,0.3792287580857737,-1.4816082909310841
2020-01-27,-0.35875556646305723,-0.027729957646686832,1.3454815462476597,-1.368635446179107
2020-01-28,-0.3967183616750542,-0.2853564609689215,1.1015671922440924,-1.368742339867382
2020-01-29,-0.44137521410289393,0.053121412373820454,1.1117648247706795,-1.438589796519513
2020-01-30,-0.377953069240376,0.10519897671950726,1.0400926622128286,-1.4231334377134808
2020-01-31,-1.0335935065785313,0.4438487926178608,1.4177865904512417,-1.6098818762897877
2020-02-03,-0.9938842240399224,0.1114912926502857,1.411312969690062,-1.376110046742119
2020-02-04,-0.9829674437242127,-0.030363693810330748,0.7959871536837626,-1.295953881756015
2020-02-05,-1.0534331708770197,-0.11131469214644477,0.4756679663651476,-1.2842579997992458
2020-02-06,-1.0702397835087378,0.06965939539090303,0.28834420737385463,-1.308633530545937
2020-02-07,-1.103796754727628,0.26290735581376107,0.59198847961404,-1.3736507498513328
2020-02-10,-1.2826521385959706,0.24290645438369612,0.7428523601526026,-1.4080901450836596
2020-02-11,-1.2847904456740953,0.021730803971619445,0.5953631810847718,-1.3284511524000238
2020-02-12,-1.3432960344396527,-0.08938778729300723,0.4312294999011259,-1.3457828547723736
2020-02-13,-1.3507098871108594,-0.20361080792414812,0.5128211497779597,-1.381431026148313
2020-02-14,-1.3629493079547617,-0.047325820696634074,0.2726176585535296,-1.3769718627036553
2020-02-17,-1.3471987388998863,-0.16352558637598524,0.2712614752404841,-1.360541975412659
2020-02-18,-1.329856689936314,0.015167665371883046,0.639280808333236,-1.4074659781124923
2020-02-19,-1.3592306285897529,-0.23034233430461196,0.6786474349075341,-1.364021801077259
2020-02-20,-1.359346473694982,-0.15996429472375112,0.8710006324440887,-1.3485122829513696
2020-02-21,-1.3561785005226858,-0.049946900537859884,1.3715791854559005,-1.4090664763651155
2020-02-24,-1.2864114308148298,0.18433470766531043,3.0,-1.51931507630921
2020-02-25,-1.2008355614487676,0.20752061156086712,3.0,-1.3936188243343361
2020-02-26,-1.1616410882458692,0.4082955855185966,2.9514526232755824,-1.3541113559163924
2020-02-27,-1.10829332859829,0.11404621192738491,2.7652184429382496,-1.0002216830981412
2020-02-28,-0.9774845820948509,0.40233128335160084,2.338788005224009,-0.7064559463446733
2020-02-29,-1.2123527136396905,-0.07350582628023972,2.289469648494474,-0.722081244374746
2020-03-02,-1.0864638090231429,0.42735096355754193,1.8859997796118115,-0.6527095421283872
2020-03-03,-1.0561330172012278,0.7981349169883215,1.2244641251598116,-1.0761981737855595
2020-03-04,-0.9891669511063986,1.0746678395451,0.7235343961493127,-1.0993235345514525
2020-03-05,-0.9148630334182849,1.0029671237693554,1.1458406198318056,-1.270449824545907
2020-03-06,-0.7632158250483512,0.8213865216585983,1.2055487759019634,-1.1771371397625763
2020-03-09,-0.0387689600105844,0.026364641565761945,1.193908364497521,-0.7577858163545447
2020-03-10,0.08765423424752262,-0.7776429349793805,1.1825099286721794,-0.08640560400923619
2020-03-11,0.13861815059396468,-1.2993643766294054,1.171344823462072,0.10369016415901737
2020-03-12,0.3849080323728926,-1.9273206185577305,1.1604048359453638,0.18122146134026457
2020-03-13,0.4623525987069281,-2.105956509705046,1.1496821577843062,0.5479048600448739
2020-03-16,1.1486572091715614,-2.1677732238466842,3.0,0.32080693657557247
2020-03-17,1.4019058287342616,-2.4992420183115165,2.0170278945787548,1.049402949134198
2020-03-18,1.6556864834536513,-2.592474493741453,3.0,1.2019881730778947
2020-03-19,1.7166587601202117,-2.546760174216543,3.0,0.9580327452450865
2020-03-20,1.6964162781052747,-2.4922776334496226,2.9882045200098237,0.18661986918608647
2020-03-23,1.7108030834449603,-2.443927344449491,2.863339110950189,-0.3036450891977263
2020-03-24,1.62253868415339,-2.3814709519843964,2.6968466289342325,-0.1684787435596092
2020-03-25,1.5213096342337362,-2.2840259438821446,1.7639392260377602,-0.46732570094168197
2020-03-26,1.528419357860976,-2.229028215501623,1.6393069419627202,-0.7508496361566477
2020-03-27,1.5062407012277426,-2.289852243988973,1.860604414616552,-1.0116212033656589
2020-03-30,1.5249376373690762,-2.06992320947603,2.0455838732012555,-1.1949028780873583
2020-03-31,2.0154066197542972,-1.9501561883269158,1.9376829921457757,-0.9611033441577747
2020-04-01,1.9763482327126842,-2.1933894573792414,1.818284690184001,-1.2633908568651067
2020-04-02,1.7652486328248298,-2.163021115794643,1.4754333355555964,-1.4829175503419934
2020-04-03,1.6667602758058284,-2.2592141542717,1.2518595500598175,-1.499054035735518
2020-04-06,1.6216532495178217,-2.3282288265142697,1.2599876883501995,-1.2068569623988923
2020-04-07,1.568416468721528,-2.267475389429458,1.604896684361163,-1.2061347420246264
2020-04-08,2.1329459593756184,-1.8127672398340964,1.7097254943177178,-1.294296535494653
2020-04-09,2.0201185143732903,-1.194486778089306,1.686761188290207,-1.5584477652918682
2020-04-10,3.0,-1.0529834043297952,1.6520429788624813,-1.5375879282092544
2020-04-13,1.860113205783388,-0.6992703218974545,1.5872941708692705,-1.366306866684476
2020-04-14,1.8200809584754385,-0.48069403877833433,1.0258783048104532,-1.5392511089355783
2020-04-15,1.8284556064139186,-0.07303969007869843,1.144243512003695,-1.5639726442482922
2020-04-16,1.8289843557072498,0.19863996476223095,1.0688973652295215,-1.3922113967616212
2020-04-17,1.7993633208957058,0.23954582358461288,0.9316893596576191,-1.3259834336387746
2020-04-20,1.826595856632693,0.1664572591030607,1.0854893775003387,-1.119131844180912
2020-04-21,1.8641301110271093,0.12267270547700067,1.2759650205248254,-1.1542523669214457
2020-04-22,1.7445983272392762,0.1342778724112782,1.108779354766944,-1.2805678436583634
2020-04-23,1.784599202549731,0.02033481118387035,0.9274839425562058,-1.2282373871435506
2020-04-24,1.3552106482106046,-0.1276458428123889,0.6732377743490185,-1.2795311611619027
2020-04-27,1.2851916723439054,-0.36104125667902526,0.4641127592033611,-1.2974739218052453
2020-04-28,1.2463597756314333,-0.40262218415432965,0.3959718361955842,-1.3392056569262716
2020-04-29,1.2147593794493492,-0.4344324897340508,0.2651618864145673,-1.3727495306569744
2020-04-30,2.9794602307534093,-0.3294358984432286,0.15934234915868845,-1.3473077787689087
2020-05-01,2.8571579766571915,-0.3529338191546687,0.14363497483955037,-1.28263930771289
2020-05-04,2.7283369511311135,-0.3125317557250455,0.06305343846405075,-1.289981256450707
2020-05-05,2.6093439637231035,-0.2882575083326941,0.02678389196271636,-1.3047356517832709
2020-05-06,2.5278401404403392,-0.4553764043095646,0.0888630392406366,-1.2849295128942886
2020-05-07,2.4200501664584437,-0.444606753900172,0.07461495071215662,-1.3474874819564508
2020-05-08,2.2624154200774824,-0.7746804206394341,0.010862396215794283,-1.3273188946608603
2020-05-11,2.210316910969809,-0.88124110934183,0.14005854969922765,-1.2896024672097697
2020-05-12,2.105712496401167,-0.8518995733134018,0.3596621978197735,-1.2726765505263722
2020-05-13,2.0061654617702698,-0.9458986794204709,0.36452643117509326,-1.2844634168151432
2020-05-14,1.8835448751182147,-0.9704153345336628,0.35587812567335936,-1.2685825710137493
2020-05-15,1.763376198333389,-0.9333279714209525,0.14793794378169126,-1.3033649783520973
2020-05-18,1.6084891441062459,-0.9130494008083055,0.14634102260711776,-1.319681026559337
2020-05-19,1.4954576303172102,-0.7576731038108144,0.27092478133777964,-1.3288611536472201
2020-05-20,1.413712944550586,-0.6054868582609664,0.22517212115692647,-1.3349879782908283
2020-05-21,1.3312043310494146,-0.562996253417722,0.13084954290040032,-1.3039620244323944
2020-05-22,1.2752417826713922,-0.5825364006783377,-0.10117740505600968,-1.2921544058475538
2020-05-25,0.6794836924219063,-0.570601349787803,-0.10176312145565249,-1.2786363080228516
2020-05-26,1.18133731684131,-0.4399401944123927,-0.12950145802173568,-1.2781597004414098
2020-05-27,1.1289302870271383,-0.46984743987067706,-0.05813682509286187,-1.2689298940378073
2020-05-28,1.0538467139832521,-0.43567764941381404,-0.10218643857865652,-1.2888969429066977
2020-05-29,0.9963594032407317,-0.49477015636218447,-0.13062161568432387,-1.302945079952906
2020-05-31,1.2782743303289494,-0.058510153228975584,-0.13100603257406104,-1.2765121538869493
2020-06-01,0.9543150928860532,-0.44408082181254116,-0.0018807970861372094,-1.2936809658309867
2020-06-02,0.9115118626190539,-0.35376926887973986,-0.03719379643760433,-1.300793557218708
2020-06-03,0.8658203653736918,-0.2856198582272117,0.15939414600223348,-1.3031035906203494
2020-06-04,0.8202931380092184,-0.12922179597066122,0.11512096506050938,-1.3402426840337194
2020-06-05,0.7221942642261938,0.22175982096618183,0.1045963099123934,-1.390253792200118
2020-06-08,0.26724586824831076,0.45439151737388617,0.21630307267106563,-1.3824082324746845
2020-06-09,0.20714003416165325,0.7401262217242423,0.27063579656237946,-1.4351274531380391
2020-06-10,0.14818458873142892,0.9537141617923693,0.20683486873396362,-1.4558745466444323
2020-06-11,0.20831105373477163,0.7887607196038682,0.5805561856868403,-1.3174691401540761
2020-06-12,0.1491064534076482,1.0544868808154686,0.3224182822187278,-1.3119798094845805
2020-06-15,0.11829632118930931,1.0897945726929794,0.2986229378807982,-1.3061818053970702
2020-06-16,0.07574407555971871,1.1779167851751389,0.3442746047804479,-1.3906213036487038
2020-06-17,0.05719408098692148,1.1508302556721952,0.23471792806691988,-1.3851540158840097
2020-06-18,0.02064347634198212,1.1027343809814523,0.08036425846339368,-1.4098386446324986
2020-06-19,-0.05115761734398473,1.1142426593900854,0.10214175745964314,-1.3892774689256724
2020-06-22,-0.09679818524684985,1.0835852481014252,0.01448105709593333,-1.3795942359525815
2020-06-23,-0.12703860532105857,1.0997301035980735,0.027712460031265828,-1.3959965497975446
2020-06-24,-0.11454233505541704,1.0193702996917449,0.10249289604317877,-1.3367164190703857
2020-06-25,-0.12066116592957006,0.8998182746067487,-0.12064537254627394,-1.3180776348714682
2020-06-26,-0.14174184637312573,0.80146726305232,-0.0010591266099422181,-1.3016629960892456
2020-06-29,-0.17524876012121202,0.861156663384838,-0.08681341502521227,-1.320159227552285
2020-06-30,-0.6530438025574221,0.8690928575920951,-0.1385467469456787,-1.3348330240904533
2020-07-01,-0.6528455206443666,0.8606499165794625,-0.2817104458114906,-1.335380174855057
2020-07-02,-0.6765650258782452,0.9491095479555933,-0.39759476412713923,-1.3594875660510004
2020-07-03,-0.6781743349054735,0.8542389271194362,-0.3960536071297187,-1.3473556941662883
2020-07-06,-0.6866767868642859,0.7606839905108174,-0.30356956518902,-1.355957727740409
2020-07-07,-0.690843669658201,0.5656248598605893,-0.25693528511989205,-1.3392852849516217
2020-07-08,-1.6412375795235747,0.5337821262019538,-0.3775628447087919,-1.3165187339630278
2020-07-09,-1.5910954278593443,0.3929669324408293,-0.35699305112024426,-1.2942161990745007
2020-07-10,-1.5694520843605921,0.3591549590063333,-0.47714587534007696,-1.2797011134687777
2020-07-13,-1.543533573760225,0.38334128625123054,-0.25428999461185514,-1.2974618117406302
2020-07-14,-1.546684188575283,0.3929827176518825,-0.32544155168604383,-1.2852921233644303
2020-07-15,-1.524902733223019,0.3449781115244634,-0.6310156788166336,-1.2906703406516806
2020-07-16,-1.4909745944713355,0.39845186079652506,-0.6955644485048025,-1.3020241828497487
2020-07-17,-1.486230148036662,0.44307415127935706,-0.8035654462524117,-1.3217940826986663
2020-07-20,-1.4676860813759611,0.4535581807363166,-0.7996988314924746,-1.3244993813891996
2020-07-21,-1.481266987648708,0.5328891485437823,-0.7438634560602488,-1.358909731336259
2020-07-22,-1.4761393760267711,0.5277893407567232,-0.7587670593391491,-1.3666264665076258
2020-07-23,-1.4658396738583164,0.5832730510222998,-0.7529642366914366,-1.35012549137588
2020-07-24,-1.4489579797495489,0.5212486038285218,-0.8314025357809818,-1.3145972248698348
2020-07-27,-1.4255692098146882,0.4336882243109405,-0.8945208973418678,-1.293991911275123
2020-07-28,-1.4007304477007394,0.4351779838886553,-0.8835639206010885,-1.279529598481039
2020-07-29,-1.3809796389416022,0.4873110421124833,-0.8932970814604605,-1.2998764117430477
2020-07-30,-1.3508942526941434,0.5592179084899394,-0.9734721023400074,-1.2715047700710167
2020-07-31,-0.776396663450199,0.5433791541969816,-0.9272285552969776,-1.2741130892076094
2020-08-03,-0.7839919930256125,0.5656416449181577,-0.9082230545736877,-1.308019454306592
2020-08-04,-0.7874791655798201,0.5703652786865724,-0.8096422598664328,-1.2962582897160129
2020-08-05,-0.8026425143636774,0.6079818636700179,-0.8986780720639101,-1.3222458421371157
2020-08-06,-0.8019706181115293,0.667924093055465,-0.9032618435897727,-1.3202148311630022
2020-08-07,-0.7699727886897871,0.5848879094169185,-0.9564202040061239,-1.3110134441219825
2020-08-10,-1.3447124465182136,0.5825981293757738,-0.9127332389494451,-1.30894603118197
2020-08-11,-1.3392035043919823,0.3685481067482503,-0.7214443179103049,-1.2996313025270865
2020-08-12,-1.430134534310148,0.3184672704286978,-0.788253945650375,-1.274369492440541
2020-08-13,-1.3999608423286416,0.16377184083724516,-0.7819394254746228,-1.2503097921795934
2020-08-14,-1.3663303805417855,0.08717115386736254,-0.8646956074440908,-1.2413732134228292
2020-08-17,-1.3643676539606762,0.03247436156243249,-0.8298007063900564,-1.20154242875323
2020-08-18,-1.3533884829244633,-0.007875453001754552,-0.7459922455218937,-1.1916386339394607
2020-08-19,-1.3277158944442962,-0.0427492929205366,-0.757535895322206,-1.1753350108472278
2020-08-20,-1.3038495236172458,-0.01948905661477867,-0.6736219692674073,-1.1385159067371018
2020-08-21,-1.2867977728068214,-0.05557657248446606,-0.655278837508954,-1.14681549110986
2020-08-24,-1.2943647205167879,-0.06557528137999354,-0.6695473260454133,-1.1308329498730592
2020-08-25,-1.2901769661115878,-0.13160333696239207,-0.5936364359998773,-1.1441669628736428
2020-08-26,-1.2779445425115477,-0.1943666093651499,-0.49115891396761824,-1.1343472725528396
2020-08-27,-1.2294760984592128,-0.31430007300961965,-0.37039031219521895,-1.1028001300928327
2020-08-28,-1.218021793486945,-0.19899166807388846,-0.47694011730897856,-1.1912092376595107
2020-08-31,-0.9108485870533332,-0.1449259856106962,-0.4485101024397635,-1.2058732457278118
2020-09-01,-0.8965757172838222,-0.07301257669241046,-0.55809279903691,-1.1888712724762913
2020-09-02,-0.8708628503216561,-0.07570236145694023,-0.5074947158985396,-1.1671118898707826
2020-09-03,-0.8454040066935484,-0.10130341839185829,-0.20819987800248566,-1.124068554837647
2020-09-04,-0.8175568168884548,-0.3596809110307404,-0.22368627022944612,-1.0946417895388962
2020-09-07,-0.8094080391463998,-0.3883325375781424,-0.2230373725133209,-1.083648905335525
2020-09-08,-1.121209223156921,-0.3311396194762946,-0.012931994735697111,-1.0466064112236761
2020-09-09,-1.1072424381413135,-0.3186271049306124,-0.22990139503379683,-1.010306166726929
2020-09-10,-1.0821763109991052,-0.27517637198771927,-0.32214091669804995,-1.0119000031680314
2020-09-11,-1.0629191085544807,-0.2899879610969235,-0.5375840724330939,-1.0049840028751718
2020-09-14,-1.0397869820129264,-0.32480703226448354,-0.5531302702071362,-1.0138649570111833
2020-09-15,-1.0378372092972694,-0.31035752601661126,-0.6575571075866592,-1.0170234224427073
2020-09-16,-1.0516919212683127,-0.316518418887558,-0.6916702432329939,-1.0346404499303445
2020-09-17,-1.073395185632439,-0.3310278336910984,-0.8611971299544472,-1.0260767298365636
2020-09-18,-1.0393092447916386,-0.3668649462680002,-0.8967989220075963,-1.0130110614010401
2020-09-21,-0.9660146701383006,-0.4397095432502024,-0.7104553777360754,-0.9456748164232075
2020-09-22,-0.9443733543024262,-0.3931972172124257,-0.6437323190506473,-0.9398837475132019
2020-09-23,-0.932445244848788,-0.5063983667835913,-0.5321886289870983,-0.8660543581085509
2020-09-24,-0.8989763425794979,-0.6382838107165155,-0.6222700812375366,-0.8028715933541801
2020-09-25,-0.8790511105140266,-0.68538606649196,-0.7763306519685823,-0.7428850744357429
2020-09-28,-0.8985481428093913,-0.6747922613371623,-0.7606349219897781,-0.7758516431030147
2020-09-29,-0.8509619977682535,-0.6313890741691317,-0.740374843808733,-0.7822102288372994
2020-09-30,-0.6182570567817354,-0.6704907994167367,-0.6586778930958475,-0.7768747727001023
2020-10-01,-0.6114175119148211,-0.6672018919602022,-0.6901770972089142,-0.7905562589679226
2020-10-02,-0.5776118217952074,-0.7149453656380197,-0.6805162332082941,-0.777932550353248
2020-10-05,-0.6043089171780403,-0.6873979257911685,-0.6196283586057598,-0.776777315614907
2020-10-06,-0.6095090084752363,-0.5854059528078439,0.1556065028460991,-0.8133656607059875
2020-10-07,-0.590764346154765,-0.637454114663187,0.10885425661972402,-0.8398612927909204
2020-10-08,-0.8288904842587672,-0.577796055334281,0.0885985836775848,-0.872805378022534
2020-10-09,-0.820963880000681,-0.6035025426401909,0.00823080989351702,-0.8666140199820266
2020-10-12,-0.8122747779931366,-0.6478896594636335,0.011156568641051372,-0.8590787645690551
2020-10-13,-0.7542222334760241,-0.48937984303343435,-0.040892594373226586,-0.9116905844230796
2020-10-14,-0.7506097359991724,-0.499422507532184,-0.07652337965259784,-0.9043872660861111
2020-10-15,-0.7392480624177423,-0.6113494273804307,-0.020218287397691322,-0.878884417439537
2020-10-16,-0.7142562931732822,-0.6337211565084774,0.08837825446093801,-0.8785615009727589
2020-10-19,-0.7143708373136539,-0.6888030019349112,0.32879417599636435,-0.8649119428330324
2020-10-20,-0.7032545057302368,-0.711962213472897,0.3776753675496579,-0.8674041929241617
2020-10-21,-0.6758131998995673,-0.7187106694137853,0.325803923287761,-0.8585369525983981
2020-10-22,-0.6730901128348302,-0.7362309836541734,0.3000253214894764,-0.8932481343701768
2020-10-23,-0.9243998026961256,-0.6750080625737284,0.16439847239384758,-0.8886987938172072
2020-10-26,-0.8870734523434156,-0.5715302294056428,0.3454716856624789,-0.8805045782527856
2020-10-27,-0.8903225468953329,-0.5402527476634472,0.38620150858430313,-0.9102287351986396
2020-10-28,-0.831185385824662,-0.6782385526170198,0.7506300835273791,-0.8418492783509384
2020-10-29,-0.7656469423109306,-0.8043118043757611,0.7156170587950184,-0.8128796025776978
2020-10-30,-0.7446735605132104,-0.9157146794182738,0.7564166986496934,-0.7620765194930957
2020-10-31,-0.6969755380578818,-0.8869156819196892,0.7484703601394382,-0.7557479070329942
2020-11-02,-0.5506845116907533,-0.8724447350254075,0.6667580446570381,-0.7493637555654272
2020-11-03,-0.557483915346389,-0.9215171753137097,0.6948417485663331,-0.7553839192587718
2020-11-04,-0.5509849386267683,-0.6003146475674909,-0.38164216857741745,-0.8503280926242538
2020-11-05,-0.5350670565674571,-0.5241318457225066,-0.696752431799686,-0.9311592900343406
2020-11-06,-0.5088266819823354,-0.5447209118887861,-0.9616305467174855,-0.9309478479886809
2020-11-09,-0.9286704037479171,-0.6188722158241806,-0.6555306464870558,-1.1077252881709607
2020-11-10,-0.9528607411975935,-0.704264948599529,-0.635993470612509,-1.1505685714786376
2020-11-11,-0.9408448644637704,-0.7274979258989852,-0.699883846724897,-1.1384776094885884
2020-11-12,-0.9003632161477704,-0.6433304299029419,-0.6703809486099706,-1.0576984235293132
2020-11-13,-0.8895082492073192,-0.6303475736429413,-0.8345859342769554,-1.0073911547490777
2020-11-16,-0.9061414484142393,-0.5713052344812565,-0.9615031595288919,-1.113848385072312
2020-11-17,-0.8948940872474842,-0.4973423760709348,-0.8663941712290852,-1.15168013782565
2020-11-18,-0.9119727424833587,-0.447751185868794,-0.7176052410673932,-1.2026458777889943
2020-11-19,-0.9095064411976349,-0.39197224366721517,-0.7611477169490074,-1.2435775928986588
2020-11-20,-0.8834731829490585,-0.3304946453404517,-0.6989113359771831,-1.2386010801728058
2020-11-23,-0.884205410103433,-0.36749881268078094,-0.6864095387467276,-1.2180746179807613
2020-11-24,-0.908880265495762,-0.32550022707142856,-0.8299406142059284,-1.303543474950981
2020-11-25,-0.9160400864938761,-0.2991162075779382,-0.9947539443473656,-1.3694169763534152
2020-11-26,-0.9053256455100451,-0.3184822823115308,-0.9849423451212478,-1.3524332810192619
2020-11-27,-0.9003376936385568,-0.2389108377333566,-1.023114900492672,-1.3694827701277497
2020-11-30,-0.45239208410286347,-0.17021985514579546,-1.0477994793202214,-1.4096401145966073
2020-12-01,-0.4446875684598183,-0.34185940979414237,-0.9009374742032166,-1.4067535334723689
2020-12-02,-0.46317893133719795,-0.19009596483356822,-0.7640791262093353,-1.4554112835612472
2020-12-03,-0.47496937849960524,-0.2043124809439682,-0.8364518345156599,-1.5053957589922398
2020-12-04,-0.48337203851376087,-0.3601980950868738,-0.8553339353091529,-1.5204305137233836
2020-12-07,-0.48679024458581077,-0.2445281087759611,-0.5238559338009126,-1.5504855184565263
2020-12-08,-0.8052790113096406,-0.3271882790922995,-0.5377728225574188,-1.4715157818247935
2020-12-09,-0.8090261710055056,-0.4405802370936242,-0.5282942104751178,-1.4172800643166676
2020-12-10,-0.8514345900365089,-0.3375426626902927,-0.5660734816613779,-1.4424192903745434
2020-12-11,-0.8452639465305029,-0.27913408113804816,-0.5321148762392757,-1.4299910642004288
2020-12-14,-0.847736951036757,-0.22833514699028812,-0.3891448333790141,-1.448318439675636
2020-12-15,-0.870097187180247,-0.2691163993194701,-0.5705493682791039,-1.4567080793191656
2020-12-16,-0.9052221900864623,-0.24644550655134567,-0.5993062153862879,-1.4664847726581287
2020-12-17,-0.9232061290936041,-0.20761388102376918,-0.7353796559510835,-1.4718093024073402
2020-12-18,-0.9250728024262189,-0.2711370234364954,-0.7262088642271894,-1.4541897781287683
2020-12-21,-0.9015281497540398,-0.3202592356857798,-0.43194496330825327,-1.4302641224474482
2020-12-22,-0.889842747950629,-0.19519056376212357,-0.5164438742708422,-1.4222218443949959
2020-12-23,-0.9106846731786686,-0.20397324191046629,-0.5437797686823889,-1.4209091862761336
2020-12-24,-0.9105016095820009,-0.2068019054091658,-0.7691989875547126,-1.4026878081246923
2020-12-25,-1.0144233774223863,-0.23585791754747407,-0.7629403987482865,-1.384965557026192
2020-12-28,-0.8971606854369075,-0.21624587159525685,-0.6347440977855662,-1.3883089380669764
2020-12-29,-0.8979579993742657,-0.2475456199253844,-0.5510503850140422,-1.3871558822507477
2020-12-30,-0.9187419391732147,-0.15153843149560647,-0.520878050990053,-1.3965065483251964
2020-12-31,-0.8501310751268749,-0.15389836336305973,-0.35855263630213624,-1.385999195194777
2021-01-01,-0.4809004198158351,-0.2526350137794988,-0.35658540545956247,-1.3687458389245977
2021-01-04,-0.8498516711056844,-0.25169958230814704,-0.2778761089801016,-1.3430836776940343
2021-01-05,-0.9042357944859432,-0.47804590930136504,-0.39836653141145945,-1.2907295725763994
2021-01-06,-0.9247134173491186,-0.6418839332671715,-0.529156388034555,-1.2778249033726559
2021-01-07,-0.9514658399343953,-0.6523124977481333,-0.6742115086412244,-1.3042647365009994
2021-01-08,-1.4478762788782482,-0.7908129991700014,-0.6961473878879182,-1.3064180294729748
2021-01-11,-1.4061060095509093,-0.913213896210254,-0.3789964674597323,-1.2709959616341462
2021-01-12,-1.4010101282879144,-0.9403680367596976,-0.2415885415506591,-1.2635774216651976
2021-01-13,-1.4075173809895678,-0.7765922827786427,-0.5047485363192455,-1.2614418271051924
2021-01-14,-1.423582928124454,-0.7658685059345057,-0.47386603805204613,-1.267204414444867
2021-01-15,-1.4540985019785284,-0.6867235914216605,-0.44599350007536737,-1.2710530928418955
2021-01-18,-1.4301236570040439,-0.6828935578276515,-0.44309179158379736,-1.2639844460344147
2021-01-19,-1.4466774003999623,-0.57957769677826,-0.44434215711360503,-1.2565551566398128
2021-01-20,-1.4367095610394103,-0.6112110790258947,-0.6021501518147685,-1.2572842202393073
2021-01-21,-1.436973303714485,-0.6777782754610752,-0.48513166810356806,-1.240882934797301
2021-01-22,-1.4248831713741883,-0.7203053300016526,-0.5155741016009799,-1.2117291700495834
2021-01-25,-1.4095236922769454,-0.6061162488475746,-0.5014100437096723,-1.200664363932028
2021-01-26,-1.4178901849290013,-0.6256955734451802,-0.3511800286212428,-1.1793616310819641
2021-01-27,-1.3979373158046637,-0.640192339093814,0.5490065303028652,-1.1571986337330538
2021-01-28,-1.370358949013946,-0.7390208000104058,0.08130981110218173,-1.1467399646137748
2021-01-29,-1.3646921078536558,-0.7005473084108534,0.1676182451618856,-1.1592593920691523
2021-01-31,-0.6999405376049929,-0.7668488342947588,0.166019892670619,-1.130421764536451
2021-02-01,-1.09071789638029,-0.7911096410801539,-0.12446312992491348,-1.1009456843777037
2021-02-02,-1.1088448892779883,-0.8708607100763547,-0.43539598321615103,-1.1082669226634672
2021-02-03,-1.1142816045841066,-0.8495469101471597,-0.6002550014048873,-1.109536256497832
2021-02-04,-1.0920050448901284,-0.7048188286073238,-0.6165894365553719,-1.1241530749514104
2021-02-05,-1.1163337837993856,-0.6341308674476143,-0.4838717317345492,-1.1281916635539686
2021-02-08,-1.40314660333657,-0.5810490067449693,-0.35778862111286125,-1.1241677603612135
2021-02-09,-1.396321630605467,-0.6472824537214488,-0.6268293560349805,-1.107273394556922
2021-02-10,-1.3482125236583675,-0.5382395816298452,-0.6245878871563884,-1.1072099720911224
2021-02-11,-1.3344974742400983,-0.6871754319671676,-0.7004426584905531,-1.0953120891429489
2021-02-12,-1.3766758826405145,-0.8745316787436259,-0.640731280934244,-1.0819427195256228
2021-02-15,-1.3540694494788974,-0.8843060998331295,-0.6362872285012783,-1.0791401758626655
2021-02-16,-1.3667576239936552,-1.1924008670099555,-0.09406666529520318,-1.0560379168918141
2021-02-17,-1.3701863567398305,-1.121079780721615,-0.14363497903253863,-1.0707443957360991
2021-02-18,-1.3348095771653317,-1.1343612026427718,0.10445852073450365,-1.0551405639175226
2021-02-19,-0.7363356952596202,-1.2454111866995516,0.3633239941587852,-1.0417889006892507
2021-02-22,-0.7534538110469269,-1.3904973027294087,0.4878981370721407,-1.0227139952398954
2021-02-23,-0.7777697981810956,-1.3718585975307322,0.5595830954800423,-1.0060332897557274
2021-02-24,-0.7881026373967224,-1.3791338613156594,0.4171874861081263,-0.9773153057347296
2021-02-25,-0.7411136642538106,-1.8811802034230367,1.538541404516234,-0.8331884369552983
2021-02-26,-0.7732027736417643,-1.406713981758402,1.6683778189613674,-0.9507592190630139
2021-02-28,-0.3778379389177258,-0.6708121323538967,1.6412900089383116,-0.9423218870614287
2021-03-01,-0.5960026570419903,-1.2362876755075212,0.8639982979246439,-0.9493310841364755
2021-03-02,-0.6001118856159958,-1.1436387515475162,0.18343706841190444,-0.9404157884126298
2021-03-03,-0.5999885809959662,-1.2540765627026242,0.7972396512159765,-0.8934605396692124
2021-03-04,-0.5967713932491016,-1.4024848457642354,1.1420123374127844,-0.8570711150615379
2021-03-05,-0.6181579987445237,-1.3539820433898,0.9503211935468285,-0.8440012144821152
2021-03-08,-0.7284071915142832,-1.4776457478265754,1.1612804572468223,-0.7268602074705314
2021-03-09,-0.7245911585853905,-1.4475572322934558,0.794606379032324,-0.6805427787016922
2021-03-10,-0.7415896731168293,-1.3353922276210144,0.47237862524421514,-0.7254710776404157
2021-03-11,-0.7733243664461915,-1.245813548863979,0.5391563896283974,-0.791482355618196
2021-03-12,-0.7644330867572908,-1.488545169003124,0.7911921644204292,-0.7685268219381921
2021-03-15,-0.745042862579617,-1.555116880047396,0.6665087429263136,-0.75024209731617
2021-03-16,-0.7409316028022906,-1.5455845509601598,0.6287986684132846,-0.770431408189465
2021-03-17,-0.7217474441703879,-1.511573173169966,0.31654876600038145,-0.8103084532467816
2021-03-18,-0.6561409069153625,-1.7032758818432674,0.6660222671519863,-0.7331744256599134
2021-03-19,-0.6495179776548419,-1.7233033198891814,0.49841218831260103,-0.7435871973658722
2021-03-22,-0.6437597570563393,-1.5833863223006013,0.29308859113867025,-0.7633993683405107
2021-03-23,-0.6041404897048444,-1.4627758991201592,0.02778634767026937,-0.7598493482644093
2021-03-24,-0.6430324238663997,-1.4291589008223105,0.15097078053879134,-0.7369976603733566
2021-03-25,-0.6280922612138226,-1.3424703705461587,-0.009443370282089646,-0.7522900633515528
2021-03-26,-0.639587550083764,-1.4457892842400555,0.038145041654478164,-0.7660128968751997
2021-03-29,-0.6358527860113353,-1.654467975520981,0.3822087533160846,-0.7618257578214545
2021-03-30,-0.6085742186356907,-1.6829161827872698,0.4180692534156131,-0.7340903960614015
2021-03-31,-1.6216141166824987,-1.7272288006654877,0.632058914047423,-0.7030831337892958
2021-04-01,-1.5834999457054038,-1.52728809447611,0.10298726243841155,-0.7167299465678253
2021-04-02,-1.5953916432565312,-1.5916759473740494,0.027555713799778503,-0.7110926390893255
2021-04-05,-1.48372923301301,-1.435283974058783,-0.025520544977054516,-0.6879474906039086
2021-04-06,-1.4310471261467723,-1.1272312903574673,-0.10954318049473728,-0.707785428952118
2021-04-07,-1.3983044135024938,-1.0699746401309567,-0.07300502443610857,-0.726426798178354
2021-04-08,-1.098357908143141,-0.9883097222945553,-0.24394221009424813,-0.7456472976508534
2021-04-09,-1.0977312211684729,-1.0959199288121788,-0.20383435448145243,-0.7012884531838575
2021-04-12,-1.0768559262178135,-1.1525310098409096,-0.02956812821749996,-0.6652485992307645
2021-04-13,-1.0785903359451963,-1.018890143694045,-0.1661330825379712,-0.6882758075788938
2021-04-14,-1.0817105908548197,-1.0611246979045168,-0.18851031270845706,-0.6814192755537637
2021-04-15,-1.0500922593663176,-0.9920783339906802,-0.32206320997501015,-0.691202730002628
2021-04-16,-1.011046137329653,-1.0702842573135034,-0.12840503465066813,-0.6699122182187438
2021-04-19,-0.9849937571943748,-1.0903386175717087,0.07442908132367093,-0.6632094639531482
2021-04-20,-0.9489726771986888,-1.000360010366483,0.19849228268492303,-0.6835660815140716
2021-04-21,-0.9078323699411941,-0.9875302778271612,-0.006868278931415254,-0.6916357761982296
2021-04-22,-0.8909900816599171,-0.9854108437795948,-0.09447209647447614,-0.6663501501289958
2021-04-23,-0.8212415299621677,-0.9968715290713557,-0.1730222724936818,-0.6337539093316966
2021-04-26,-0.8037553786449808,-1.0610562031612965,-0.12990252964503818,-0.5984685234474635
2021-04-27,-0.80816378420943,-1.1232971859192822,-0.22041668376655071,-0.5936382944300189
2021-04-28,-0.8326021760331018,-0.9828464650431006,-0.21926545870412353,-0.6227233026628941
2021-04-29,-0.8289229127295353,-1.0117541349874188,-0.2868809451307043,-0.6239545381398467
2021-04-30,-1.2258711046784843,-0.9681924936952433,-0.2675305596806007,-0.6228017735374136
2021-05-03,-1.2376161889248918,-0.8660248623196928,-0.3293040321306964,-0.6437180389379527
2021-05-04,-1.24203237640765,-0.8728486010148545,-0.14072515627792143,-0.6365238804442885
2021-05-05,-1.2295793681666798,-0.8447564453148814,-0.27907002591833746,-0.680664600896848
2021-05-06,-1.2116050530778157,-0.8741796580562894,-0.2712263737285996,-0.6584700321998194
2021-05-07,-1.1946822862817068,-0.8122211459791079,-0.6479546800345499,-0.7176050423663523
2021-05-10,-0.6514242604298714,-0.885727913886654,-0.3728439608601623,-0.6620615658566205
2021-05-11,-0.6323536799070161,-0.9604344454021915,-0.0014377662996283961,-0.6270397144453405
2021-05-12,-0.7185354024087466,-1.142833651856602,0.49796259374333596,-0.6046010683007593
2021-05-13,-0.690283479143734,-1.0083582710578647,-0.0005455434138615544,-0.6314289797809178
2021-05-14,-0.728873520105779,-0.8843504367036157,-0.4920038757304016,-0.684350395774685
2021-05-17,-0.7570139144572737,-0.8982108493248357,-0.14175184029467028,-0.6421728632844832
2021-05-18,-0.7490417714130115,-0.8745111491196854,-0.1200079635743082,-0.6611865284367296
2021-05-19,-0.6811407197909125,-1.0050121272762278,-0.04411775453405267,-0.6079843246997616
2021-05-20,-0.645643501138958,-0.8038387184640876,-0.31880605049525546,-0.6646612457878881
2021-05-21,-0.6667339380657609,-0.8210621545208286,-0.4370811502605995,-0.6144504856756617
2021-05-24,-0.6901475242384864,-0.7121099956791309,-0.5154085871755517,-0.6370726975909582
2021-05-25,-0.6762064165096203,-0.37293239035343934,-0.5129259033318518,-0.6819617111443483
2021-05-26,-0.6593490842064503,-0.48304961911142474,-0.7033211717344512,-0.6357971323987381
2021-05-27,-0.6587012957274251,-0.5705054434514175,-0.7280391605581717,-0.6469773454436468
2021-05-28,-0.642658417587556,-0.514208339093144,-0.7959135573002271,-0.6582035602865272
2021-05-31,-1.2772331119385865,-0.44517094949019115,-0.7901344961709909,-0.649585312517011
2021-06-01,-1.2694793143574985,-0.4722188799309832,-0.4627124800045307,-0.6206351043608678
2021-06-02,-1.2544674586753584,-0.352779017664026,-0.44256922485730155,-0.6285446021993993
2021-06-03,-1.2386697579200918,-0.5182551191998884,-0.46950613662247975,-0.5311117611805156
2021-06-04,-1.2278623394692363,-0.33219422734464615,-0.8931587474354687,-0.5974965747104212
2021-06-07,-1.191262124216997,-0.45979686361801664,-0.8651687557342774,-0.5258378908380488
2021-06-08,-0.6229331199035075,-0.37213571831498476,-0.7411907520697472,-0.5285001145214744
2021-06-09,-0.5355116236229904,-0.17988062544188987,-0.5002945742208537,-0.501355403902247
2021-06-10,-0.5782663624187143,-0.027139450598244654,-0.9568187893443313,-0.6016425119603502
2021-06-11,-0.550720189276328,-0.10277761185799132,-0.8034469448337165,-0.5621685889717473
2021-06-14,-0.5346626516913228,-0.27397908526648773,-0.5606923029191003,-0.4782211676805482
2021-06-15,-0.5337431633952119,-0.18502535998521544,-0.5837194534245788,-0.45477353055153996
2021-06-16,-0.5063115729461988,-0.5498583603089127,-0.2738156821048681,-0.3530693268405485
2021-06-17,-0.5168615528513373,-0.462393568763814,-0.6373245025600424,-0.28762349120524716
2021-06-18,-0.4768070173323178,-0.6326242907276111,0.055357748078025834,-0.15940496379083172
2021-06-21,-0.4863343003227686,-0.6608792456748405,-0.08239426834715506,-0.15875764703687079
2021-06-22,-0.491589973777284,-0.5143057083090301,-0.4351119968115431,-0.3078626612996736
2021-06-23,-0.4918054961923411,-0.7087965422485993,-0.6060538428856418,-0.1307594905589755
2021-06-24,-0.466869578120057,-0.6534170160035027,-0.6106583779958463,-0.07448349378442268
2021-06-25,-0.4509926802214655,-0.6654673981920397,-0.6080849022988161,-0.09781139445690973
2021-06-28,-0.4404134325750827,-0.5624687968819682,-0.5631394439614419,-0.17792670661286236
2021-06-29,-0.4361411236543826,-0.5295411900628292,-0.489172337863584,-0.20405170071215933
2021-06-30,-0.8510222222671728,-0.39296770724453,-0.4945056450325503,-0.2112956200263497
2021-07-01,-0.8444276577084546,-0.5158582190112391,-0.4770310940058651,-0.1763553365789916
2021-07-02,-0.818608540551566,-0.3432592605633515,-0.9048685895659029,-0.2947433472425497
2021-07-05,-0.8101419246607451,-0.414562461715281,-0.8974544967276671,-0.29186506464217504
2021-07-06,-0.7733690412853894,-0.20392916602938968,-0.4331051436655414,-0.35957078502229844
2021-07-07,-0.7435388027118127,-0.16089305310488128,-0.12889851901116578,-0.34325368732722705
2021-07-08,-0.029649413068058544,-0.0931805887386705,0.19947618411198142,-0.36462601391219224
2021-07-09,-0.02915108057996307,-0.4219040250269633,-0.21561521220840071,-0.3386389784039039
2021-07-12,-0.031128675200128256,-0.4497748341017808,-0.1220735666744949,-0.3048897865945769
2021-07-13,-0.17752815795161814,-0.6630273687378985,-0.04792706468170815,-0.18312945594509097
2021-07-14,-0.17974789516093626,-0.35916754319439803,-0.3753467357683788,-0.34225213890857387
2021-07-15,-0.20495184448364204,-0.13826667673661258,-0.39279983396872464,-0.3353891108062247
2021-07-16,-0.17220519950039484,-0.20874877224822022,-0.132753520500113,-0.32943819136332175
2021-07-19,-0.07086959729218689,0.08276879547691607,0.9128645933620662,-0.3052857639389553
2021-07-20,-0.06997280538200293,0.1546838905971611,0.8290847955447112,-0.322118174336904
2021-07-21,-0.11092147513081559,-0.09432095204191429,0.3825831011857208,-0.3185139816903315
2021-07-22,-0.11386002338269492,0.1630806008025249,0.30644910711988377,-0.36055556680724715
2021-07-23,-0.12157278996004865,0.19639174584786973,0.2846089515979748,-0.381312318853433
2021-07-26,-0.1419992297289683,0.15795119294925966,0.5875816510418048,-0.3935444474776761
2021-07-27,-0.14091277496450202,0.16935390694130478,0.8465091494170225,-0.36516714870256883
2021-07-28,-0.1584540002188025,0.2018157271465499,0.17359924979448763,-0.38612614273506896
2021-07-29,-0.144866036332432,0.07289780746805932,0.060296086725235315,-0.37632867522971114
2021-07-30,-0.09222721787905815,0.2643195558819962,0.010054085982143754,-0.4119226052851705
2021-07-31,-0.9958566669964224,0.45828619123053776,0.009980459189769857,-0.38998077898100697
2021-08-02,-0.8490692861365178,0.29454311109276016,0.3939668561000288,-0.3783492735727881
2021-08-03,-0.8184338953802289,0.23250977838544667,0.34782794603754125,-0.3696891856545872
2021-08-04,-0.7873062531772868,0.041489053274621976,0.15810291228018858,-0.341341489378088
2021-08-05,-0.7659171742357994,-0.23408655546970267,0.16464474293346576,-0.2814126600253484
2021-08-06,-0.735399753579794,-0.39400427768955565,-0.0234512868682985,-0.2510192445690034
2021-08-09,0.055683894803458,-0.3770788208970857,0.28903882566121364,-0.21482332660285156
2021-08-10,0.0408424333225707,-0.47458093823043296,0.3789561102124955,-0.14187127083129883
2021-08-11,0.040296423701492196,-0.44758247882978014,-0.14411468744109113,-0.23387624035668014
2021-08-12,0.056653655942099895,-0.4769627339520093,-0.5273132442360133,-0.20352968656718007
2021-08-13,0.10836136915737526,-0.22780997389092003,-0.6555933702087,-0.2635772247015102
2021-08-16,0.13622733206114623,-0.0880063726713253,-0.07896515436306338,-0.24545672810290659
2021-08-17,0.14325722010812822,-0.3332741982960587,0.19143130395387356,-0.2169475297736483
2021-08-18,0.15963347898561345,-0.3845567452016252,0.2732957429294957,-0.16909260577794347
2021-08-19,0.19742577738298173,-0.42941148556650205,0.27027650700565703,-0.12797360752239073
2021-08-20,0.27735212422519495,-0.5670321910948523,-0.029528691547069715,-0.067901482443587
2021-08-23,0.2525072072550699,-0.487379794920419,-0.006948714803810994,-0.09893895148624587
2021-08-24,0.22621610836427666,-0.45880926329793076,0.10223668503371625,-0.13011341795792888
2021-08-25,0.18742052254240193,-0.6632853571380046,0.2034451848030302,-0.08752027050546263
2021-08-26,0.19555649204141037,-0.665498907230937,0.30127786652477834,-0.08959679006350021
2021-08-27,0.1567033515337601,-0.3997331789977235,-0.4195848808153376,-0.24219689299352176
2021-08-30,0.14722183951316364,-0.2503659258796147,-0.3116229271150515,-0.27839693863108755
2021-08-31,-0.4779135377257756,-0.3011941056760801,-0.3660310815276551,-0.2307701650170969
2021-09-01,-0.47391635681905864,-0.3675423887813679,-0.5327164164531928,-0.2205412742572401
2021-09-02,-0.49084471582413985,-0.2480278709401991,-0.670280726817852,-0.22238687445983513
2021-09-03,-0.48142147151633835,-0.23525983415688434,-0.9265012176277159,-0.254430011526917
2021-09-06,-0.47745468871160696,-0.1802370582277209,-0.9188036014152614,-0.25145404936662574
2021-09-07,-0.4675100958038284,-0.39565282714214145,-0.40395848461679623,-0.20013148626207516
2021-09-08,0.4520092318709975,-0.17992788294574816,-0.3732987358400217,-0.19960230941102347
2021-09-09,0.45501336690937416,-0.04206381362875139,-0.6995279840048402,-0.27045405777743153
2021-09-10,0.4362935346169867,-0.11430974902048377,-0.5618565068731405,-0.26975059257174827
2021-09-13,0.4324713929071371,-0.00553847559892542,-0.5856846828614958,-0.25726897831211953
2021-09-14,0.4942501708445069,0.11295933838438482,-0.7486870646777699,-0.2591770657629942
2021-09-15,0.4662876414662702,0.029747796963947887,-0.6793637570491778,-0.23929734632620775
2021-09-16,0.4822646464683561,-0.12756998489444654,-0.6920816926292027,-0.21159341559254835
2021-09-17,0.4960397743303114,-0.23939898131088824,-0.20388130232778387,-0.16467426542695757
2021-09-20,0.5267092090995357,-0.027289865396464146,0.539856022493292,-0.14834170337592914
2021-09-21,0.5311831346145423,-0.018135122596920145,0.2662335576536868,-0.1512524969954748
2021-09-22,0.5489527929333687,-0.08630985296013433,-0.34061037847328346,-0.047179292947983974
2021-09-23,0.5518931485017431,-0.42028528591478065,-0.46935273537219296,0.11090618231614721
2021-09-24,0.5609526151247249,-0.4989051422505042,-0.3710560255968501,0.18398734064511807
2021-09-27,0.531884423214984,-0.7538304051127538,-0.13321021610961145,0.19284619969782515
2021-09-28,0.5243802818602331,-1.0591997905316524,0.6354605995679141,0.31511104085522784
2021-09-29,0.5230664761406776,-0.9020585180259959,0.4285618147364224,0.24302402775075493
2021-09-30,-0.5787425540623682,-0.8955115244062075,0.5321093257372239,0.2239805673071269
2021-10-01,-0.629346569557563,-0.69948298021078,-0.07087790728790502,0.13460977307387312
2021-10-04,-0.6853613111305025,-0.8696064134036883,0.3765559130807611,0.2211142819937031
2021-10-05,-0.7225094452056681,-1.0133173319530584,0.5105077230348466,0.21068282984264228
2021-10-06,-0.6864463181560012,-0.9612314731055371,0.33355181800887007,0.2955761931518733
2021-10-07,-0.7076258001230098,-1.147319565276658,0.2812237412333014,0.3511277445509007
2021-10-08,0.22033597484780496,-1.31233058495468,0.23298621294912925,0.4067216143269907
2021-10-11,0.22302490673312167,-1.346474544171885,0.37467276500640484,0.4069328015052798
2021-10-12,0.20806326863806818,-1.475601011466718,0.47748211769818033,0.49443553625091113
2021-10-13,0.12673398557590052,-1.5349035460813998,0.10334003025666046,0.534612588110323
2021-10-14,0.08418542884965396,-1.4222259014198562,-0.29445983228680295,0.501624589504629
2021-10-15,0.03586468821127163,-1.6614684027009334,0.03578296954867717,0.5810965541919015
2021-10-18,0.037920435753879926,-1.7641037070165149,0.8332169852108249,0.6441815088122971
2021-10-19,-0.022331218177817747,-1.7483355064843291,0.8196852832934218,0.6040856308074809
2021-10-20,-0.12236058294378964,-1.6902179411789788,0.5645145305490976,0.5315234169985972
2021-10-21,-0.1759991446782831,-1.996417478502473,0.9231739354404425,0.5773514273102304
2021-10-22,0.18346062492404006,-1.8439395440453379,0.9852756176798425,0.616195693718503
2021-10-25,0.14777402522502991,-1.6138789549739894,0.774064701539304,0.493373766001743
2021-10-26,0.1415184567927101,-1.5071510195949045,0.4740683633300562,0.4849913249446003
2021-10-27,0.15627682560733286,-1.4219924236734927,0.8956385137493924,0.5902260808036369
2021-10-28,0.20639735180223595,-1.599048485393316,1.0274589386705117,0.6176364676289935
2021-10-29,0.20045237212392963,-1.6397347874825146,1.3762455676504022,0.6432186241417015
2021-10-31,-1.6679614740069721,-1.7356675378039057,1.3580565348656315,0.6704686761465896
2021-11-01,-1.2587725116150748,-1.6569084851039877,1.5310642663534508,0.7385893930813521
2021-11-02,-1.233645763321894,-1.231532667189065,0.753950825759281,0.629163803025902
2021-11-03,-1.2106342688636944,-1.211729179921607,0.6167605248804318,0.665296210447567
2021-11-04,-1.214878266822801,-0.7439388048670887,-0.07856188560834622,0.4896049414092932
2021-11-05,-1.1971361198124408,-0.3705403669889384,0.28213260942366725,0.4077080054777904
2021-11-08,-0.4136740736762322,-0.7015310732212329,0.7677017882083057,0.47557636787990093
2021-11-09,-0.4253725055615302,-0.4329332085824735,1.057908176261589,0.4416110856395292
2021-11-10,-0.5150482541547456,-1.1441270645042991,1.806630726469812,0.6067166806442265
2021-11-11,-0.5030343671213798,-1.1693891777439775,1.648264513566968,0.6042872582850736
2021-11-12,-0.5765200919114635,-1.1316040374229697,1.4715843176175054,0.6258556825780872
2021-11-15,-0.6621865728673235,-1.1149097606732914,1.7253287342840942,0.6349391145584596
2021-11-16,-0.6919064726961505,-1.2786934663044343,1.603961525467557,0.7168532396128782
2021-11-17,-0.7193061272023102,-1.1212665936326454,1.7727346527565815,0.6913871976267726
2021-11-18,-0.6872844350550764,-0.8709133736417941,1.3253802664164913,0.6994239654047136
2021-11-19,-0.581198928022992,-0.7819012710951739,1.0311557345754545,0.7449002796172506
2021-11-22,-0.5356410226509175,-1.390183345853605,1.7015834582085148,1.0153937801683426
2021-11-23,-0.5625616759008369,-1.6386540260879507,1.822069363448704,1.142081464478119
2021-11-24,-0.6206258960022502,-1.5304354893810657,2.0967604303592178,1.1440449584930747
2021-11-25,-0.6102350716015469,-1.6255764865831104,2.047105509988497,1.1344964652004692
2021-11-26,-0.4762625879883638,-0.7718103270152381,3.0,0.8862117028295342
2021-11-29,-0.48750402297090145,-0.7406485445033814,2.6397759658589814,0.8951001588482257
2021-11-30,-1.2687650976512292,-0.9299307996005853,2.626645217300851,1.1866610848845438
2021-12-01,-1.220807623216321,-1.033273532316005,2.7788361534095247,1.263163956768355
2021-12-02,-1.2182175845838898,-1.3487118603554582,2.266603577359346,1.4076384529331358
2021-12-03,-1.2118152316707314,-1.1593937843142978,2.319969834817966,1.266991790409314
2021-12-06,-1.2120908534039239,-1.5427563186203046,2.5444899742370195,1.2931250668835554
2021-12-07,-1.239048303733036,-1.5987699127440729,2.2079012740617734,1.3475477979420338
2021-12-08,-0.47154682832307826,-1.682882172490843,1.405135262434926,1.285775851132493
2021-12-09,-0.4150200100742537,-1.287315837029491,1.3915620724231605,1.3404770945714803
2021-12-10,-0.3224392644085078,-1.1788663217144126,0.6981971367558801,1.2673236626225375
2021-12-13,-0.2802109466365626,-0.9141044997784755,1.0077990513503285,1.220901159190632
2021-12-14,-0.21034353336668327,-1.0043720075135598,1.2553231187362184,1.3286735292111258
2021-12-15,-0.22835957283892097,-1.0123791752204956,0.624192699788201,1.3772355313596336
2021-12-16,-0.22094650375674874,-0.7722223568364196,0.31908323307711867,1.1741245011605974
2021-12-17,-0.16278091036635872,-0.830977731332611,0.6314551757485874,1.237286641608927
2021-12-20,-0.10034939447200328,-0.8502862656394821,1.2839090422584394,1.251739914276836
2021-12-21,-0.11442496984848458,-0.6337694486211212,1.3309555507982316,1.3292643921620495
2021-12-22,-0.12215165035453189,-0.3551239309938381,0.9603311214698159,1.2497239197868921
2021-12-23,-0.08909075044720052,-0.3710930939848613,0.9374076466887307,1.2718267835572448
2021-12-24,-0.08070408567514305,-0.3074752333458492,0.928040116881255,1.2595481410702587
2021-12-27,-0.10291436943397878,-0.7745174924939439,0.9041843849112203,1.236844362413087
2021-12-28,-0.07763702748985755,-0.9138238266235825,0.703449726910845,1.321033444719169
2021-12-29,-0.0912160023561572,-0.8259017602292053,0.6009998628685029,1.2713486263501685
2021-12-30,-0.08180118895349275,-0.633086055030884,0.555676491863099,1.165997526328411
2021-12-31,-0.10215744531612429,-0.3494137499287307,0.5483093633022466,1.1740026104676402
2022-01-03,-0.12014918457000408,-0.9505980312122434,1.2281988437020832,1.2404121086298383
2022-01-04,-0.12638609411963594,-0.6682983074843933,1.3843750895260518,1.211048751717577
2022-01-05,-0.12860782015144406,-0.8208290734350915,1.4038511328249892,1.3171139324194099
2022-01-06,-0.15027774112188932,-1.1238356741037305,1.3954011334681031,1.4856705796791536
2022-01-07,-0.14064002466865722,-1.1696333642924046,1.0599783020522446,1.4786303837384087
2022-01-10,1.0796370106778383,-1.4761997941232003,1.343381401349953,1.557841542043004
2022-01-11,0.9810707279550098,-1.4768584965848932,1.4897710660779988,1.457350953281994
2022-01-12,1.0308682241264973,-1.3923597551743006,1.1867918073785269,1.5077942713087429
2022-01-13,1.0527597154304031,-1.1581833946834923,1.2419026405447675,1.5006162019755929
2022-01-14,1.0796457159398276,-1.804143063143809,1.4610580928931522,1.5783162636313914
2022-01-17,1.070740764307723,-1.6945106651373443,1.4392596286722532,1.557511059809564
2022-01-18,1.083921092919887,-2.1004733267220836,2.4387880715820174,1.6406777343256371
2022-01-19,1.0782967999348876,-1.9165465649969176,2.574827160899088,1.6555662261332023
2022-01-20,1.0771317613909992,-1.8310670517146683,2.789657665974574,1.6451637087048914
2022-01-21,1.0603390445408303,-1.5905253872610883,2.8041694282077545,1.680103253977917
2022-01-24,1.0408176088701981,-1.5555479147387212,3.0,1.7056887608852909
2022-01-25,1.0146797875261733,-1.6576846663633042,3.0,1.6573260689475842
2022-01-26,1.047712322665757,-2.0818667638163983,3.0,1.6627351944868822
2022-01-27,1.0302118011570358,-2.198735576549499,3.0,1.8106411083664866
2022-01-28,1.009601872909022,-2.1722060954001394,2.5210418882324204,1.8003154405424397
2022-01-31,0.028674114189558626,-2.0584240621635557,2.259634841916984,1.8021046566384795
2022-02-01,0.025913054765129517,-1.858865421625863,2.1226642181641373,1.7538586013166244
2022-02-02,0.011551060673251014,-1.7720723490887353,2.0154821088599233,1.676419354968897
2022-02-03,-0.017779310661426264,-1.767823388970088,2.196877306955086,1.748065739643636
2022-02-04,-0.06171587293109933,-2.18855998354842,2.404693456682428,1.8397697025325574
2022-02-07,-0.06543084012150979,-1.9472633288143524,2.197748913055873,1.8371834475313173
2022-02-08,1.2931789980346178,-1.974161979020233,2.266618792159939,1.8443379093218257
2022-02-09,1.2383293184657729,-1.939863443220611,2.1768661734179684,1.8162624513573258
2022-02-10,0.9716956818868571,-2.329440912825132,3.0,1.879024126264745
2022-02-11,0.8605118348592747,-1.985339317640832,3.0,1.8676789915929881
2022-02-14,0.740023317442887,-2.0811127139476553,3.0,1.8979308993298052
2022-02-15,0.7780811999390119,-2.0926998352036605,3.0,1.8764981923126078
2022-02-16,0.7527706246572479,-1.7657722649088974,2.77364965605236,1.854292908779569
2022-02-17,0.7017748398837919,-1.4946946862703803,2.7953726930778635,1.8787071679183072
2022-02-18,0.6957097522877644,-1.4902345782371633,2.511094543594503,1.9489609367489364
2022-02-21,0.6887074850294705,-1.4957462785305813,2.4200174692681617,1.9125064496550206
2022-02-22,0.6110283171038229,-1.7665353861477984,2.448209984634094,2.038112357745502
2022-02-23,0.5006795606352042,-1.927509990900508,2.50056036667618,2.0677401211445607
2022-02-24,0.4230778957806188,-1.6263507276023388,2.353316986744485,2.183374308146702
2022-02-25,0.4733701128083714,-1.4102898444751295,1.9567431959492914,2.055869311378276
2022-02-28,-0.5653306322025079,-0.9433592081230656,2.174537450755764,1.9047171369887248
2022-03-01,-0.6856572664501436,-0.4710994629074587,2.5818913200413744,1.7832968067510226
2022-03-02,-0.6742217241152979,-1.2676413345354878,2.4547198813697753,1.8895068755750448
2022-03-03,-0.5804441144836222,-1.2516173729702873,2.3993883368055373,1.9032901235000639
2022-03-04,-0.6208272272221619,-0.9486522881857453,2.3138822462977227,1.8367430412424506
2022-03-07,-0.7114498360667081,-1.0363971633610238,2.413231379460354,1.8931748841855323
2022-03-08,0.2891608540684362,-1.4509163989635216,2.406492318978313,1.9219288634308198
2022-03-09,0.5336257198685903,-1.542713547963587,2.2701740363757,2.011108150390314
2022-03-10,0.42796672565356797,-1.6991100202288585,1.9625249356340884,1.9598046677344017
2022-03-11,0.2683052131187304,-1.3395138929807113,1.7747834114404752,1.917345145166742
2022-03-14,0.32173333162135925,-1.9907115699059281,1.9782606240023564,2.0282948759894186
2022-03-15,0.3829656566638573,-1.7744487458210845,1.9435819507436387,2.037537772083951
2022-03-16,0.5096993539757673,-1.802768801569147,1.645797381865148,2.0516125491699078
2022-03-17,0.29337802055982404,-1.6068328897539839,0.3421624949607418,1.8448202500309423
2022-03-18,0.32036640521648224,-1.5939471467996607,0.28807071683240354,1.7957062947024383
2022-03-21,0.23236595527096252,-2.0591078643582046,0.795613427220287,1.8142165288884597
2022-03-22,0.24586497160947082,-2.0351095062731894,1.038572303796284,1.784736125370261
2022-03-23,0.10199360991230212,-1.6628602204850917,1.0278747315837578,1.7079117754372986
2022-03-24,0.1556188263326304,-1.6967732692388091,1.1805760572868735,1.7162616527660435
2022-03-25,0.12268865123280422,-1.994441250714301,1.2846441021680426,1.6998642649904525
2022-03-28,0.28089935749404565,-1.9347712706205213,1.2614503230298284,1.6936064332030054
2022-03-29,0.38588817472791076,-1.7386930446986308,1.249723952030985,1.635654314529064
2022-03-30,0.3875333219477142,-1.6457212189330768,1.1195079910985994,1.5758246709737467
2022-03-31,-0.7384510483134423,-1.4234077800009997,0.7935450932062201,1.423371170095457
2022-04-01,-0.710037042943405,-1.5332579721837223,0.8225557205767781,1.3989205850633801
2022-04-04,-0.6832679016849684,-1.3676376923372435,0.9032512722919441,1.2918683735598737
2022-04-05,-0.6300042609738824,-1.4031863506121367,1.4977298613279952,1.2750471633507614
2022-04-06,-0.5904232716593879,-1.320817909201593,1.6390686901746254,1.2854167761324822
2022-04-07,-0.5670153175001234,-1.2630542169598273,1.6049215373920895,1.2958373940513201
2022-04-08,0.5521331573727806,-1.3683675323510591,1.5895404936009951,1.339556174220979
2022-04-11,0.5355187308167845,-1.3604691319714508,1.7130872285587644,1.4079596020060934
2022-04-12,0.5483656579625109,-0.8785628797559669,1.7201278593164115,1.390678758160461
2022-04-13,0.5438900935723088,-0.7572323002409909,1.5740426970143937,1.4326383261842932
2022-04-14,0.5609485387734174,-0.9225863037129274,1.6424209838983264,1.4238632103297946
2022-04-15,0.5628286755999818,-0.9666521659337998,1.6107219049024812,1.4058073731674887
2022-04-18,0.5416199437006478,-1.0434785612615525,1.6149999679083038,1.3808883828057785
2022-04-19,0.580963745792998,-1.1175178229624783,1.5653830399547806,1.499924569108144
2022-04-20,0.5663607098769609,-0.9449693906923006,1.5314225009084665,1.4710412039089125
2022-04-21,0.4836684581404984,-1.31987403493434,1.5884685231894087,1.5350085396221067
2022-04-22,0.817754016267205,-1.245791224811715,1.7452818196965039,1.5497971249277078
2022-04-25,0.8744440232010273,-0.818922293988039,1.6792946885187272,1.5676365459103814
2022-04-26,0.8999051016597,-0.44146821345577475,1.8594608484451005,1.4569193933778586
2022-04-27,0.8691519220462588,-0.7211913767100698,1.7662169444030995,1.5308350462809601
2022-04-28,0.8120394558572559,-0.9012457653521813,1.687104935037595,1.498226804433551
2022-04-29,0.8832886943192598,-1.1482370184528985,1.766090234107648,1.5760662451669687
2022-04-30,0.9003453399795858,0.48047017907743284,1.733950402204118,1.5713484929643315
2022-05-02,-0.019400659931096218,-1.1941982351794695,1.516006016362018,1.7099896875274414
2022-05-03,0.004117850197689617,-1.0779587161902524,1.50915112737798,1.6773839067942284
2022-05-04,0.00596819507748904,-0.6219808910918565,1.2923818032580388,1.525045787012155
2022-05-05,0.021699505459509525,-0.8185662692238879,0.18251142133808354,1.5887335159088176
2022-05-06,0.019012995937393577,-0.8301736618729472,0.18854107891372107,1.6299780262359247
2022-05-09,1.3858868453282178,-0.5228455286075456,0.35302662935805823,1.6397866597944073
2022-05-10,1.4745924182461077,-0.510574527716554,0.5084232970324115,1.6944784147397156
2022-05-11,1.3452640521453907,-0.6362508066060181,0.339100208080642,1.6214300683515077
2022-05-12,1.374179498264601,-0.3368569227034816,0.3934499644141086,1.6004370245488388
2022-05-13,1.2566313171568044,-0.3920312239620232,0.30985313054073216,1.5494032743256902
2022-05-16,1.223307362710687,-0.32636796929533396,0.3659239499653696,1.484976952046792
2022-05-17,1.1902834039343682,-0.4567801290140648,0.4848455543486998,1.5695195976653182
2022-05-18,1.1863447902973556,-0.36646674390708533,0.4647946685159837,1.541323757216052
2022-05-19,1.2010685602364377,-0.09713325501889888,0.390297795224825,1.5209477865377463
2022-05-20,1.2150352727326534,0.06659016081933078,0.36316352701192445,1.5246191672485512
2022-05-23,1.2079325452303529,-0.01577684745650965,0.2953084988793192,1.536802037004442
2022-05-24,1.2305669728274709,0.1312767924026745,0.4485124932592885,1.4024234803271591
2022-05-25,1.1935916545867185,0.41740130257732555,0.3141344320204209,1.329195574918691
2022-05-26,1.1678458925610682,0.5405149742977614,0.20363368639330756,1.2072233451588201
2022-05-27,1.1967036466696186,0.6809079628620417,0.08218933532493926,1.1838383536729218
2022-05-30,1.1828269631803872,0.8344869025824165,0.10542508304635534,1.1801693889975726
2022-05-31,0.16149477401664436,0.729569362902382,0.22243924087832642,1.25641219787727
2022-06-01,0.10779153569804532,0.5233955854075881,0.39523995030452963,1.327376162765625
2022-06-02,0.09576654654309236,0.37355702912836297,0.2104037243742492,1.3022160333748594
2022-06-03,0.07074063952075585,0.516648231309782,0.31157433880587465,1.274891059985114
2022-06-06,0.08497176673904337,0.42291628582201135,0.4616357614832945,1.2934833579464053
2022-06-07,0.07865366800795116,0.3127587737508705,0.5782209244925365,1.2896151708815762
2022-06-08,1.1400989533390176,0.2632402903312772,0.6263999681895116,1.2660468017076494
2022-06-09,1.0850106696845008,0.23542844299216265,0.7383331128336382,1.294923451582721
2022-06-10,0.8967994722862523,-0.533970900026987,1.1174006421373146,1.4780416598686064
2022-06-13,0.8577942269119517,-1.3014876212882454,1.724871265633183,1.7107042704564392
2022-06-14,0.9450277404665042,-1.5275254174071111,1.6540693231511683,1.7751469418146264
2022-06-15,0.9514763169271042,-0.675628902976962,1.4985149991843503,1.6275558766419207
2022-06-16,0.9942397809122588,-0.481299966350116,0.32789706804888125,1.6687420294288713
2022-06-17,1.1229697551186215,-0.6827993274497677,0.33917549795026825,1.6712075720243826
2022-06-20,1.110350560923906,-0.7381245634175528,0.3260704974507553,1.6455492796904074
2022-06-21,1.0984071410625542,-0.6894238444351077,0.23965685534724848,1.616584571325459
2022-06-22,1.195352216017465,-0.548964113199781,0.07480448480290496,1.588042405661158
2022-06-23,1.2203007118698925,-0.503671516142823,0.11704942265294926,1.5601525379098202
2022-06-24,1.1741326979576325,-0.7090963490844748,0.17235541805455984,1.5025637978543174
2022-06-27,1.1967385836688877,-0.9190624666020958,0.17709194045855545,1.5132159849043203
2022-06-28,1.1975524700592173,-0.9074241355335594,0.3640443186714415,1.5296917150870517
2022-06-29,1.2408474260151128,-0.5569053600650715,0.24824777161604472,1.5268728506055442
2022-06-30,0.6152442903030586,-0.2644937105102114,0.24842837828386374,1.473634895979752
2022-07-01,0.5908170410586085,0.1583593113779661,0.2388800886840962,1.3732541431598166
2022-07-04,0.5869887879314017,0.23685690065422135,0.26607398439191676,1.3568402296277629
2022-07-05,0.7281832262684361,0.43963314278661875,0.28079363239467403,1.3571291176386655
2022-07-06,0.8036953997454999,0.09006832162014214,0.7159136429615247,1.4312587101678873
2022-07-07,0.7561185131400848,0.1974026147768854,0.740371399962365,1.4139467929174911
2022-07-08,2.1187403626970385,0.09002153677830488,0.6964850719748743,1.3891762059401107
2022-07-11,2.130679611764338,0.7394079140048113,1.0374601471711298,1.3686962261957512
2022-07-12,2.2206396511615627,1.4842686564991006,1.3623455237357367,1.3594721026614867
2022-07-13,2.11225636267428,1.5114118604546678,1.2387744832050593,1.3496976783085142
2022-07-14,2.0758682605408714,0.9717405930806148,1.231180443811885,1.3409187821046218
2022-07-15,1.9409053668414198,1.0820181820575563,1.0184575118511505,1.2938235110768115
2022-07-18,1.8294896565410248,1.1277144651670183,1.0100042010849357,1.2557219829862252
2022-07-19,1.739031551176945,1.034718136305049,0.9250790892868781,1.2564272062719364
2022-07-20,1.7328877256723734,1.1106191438584265,0.866161764719139,1.2551252894283982
2022-07-21,1.7265221115841738,1.3223885537763134,0.8038326298122044,1.2089667494714769
2022-07-22,1.7362883081687601,1.5808189218566013,0.8317144801545299,1.1310674249996837
2022-07-25,1.6757404389714632,1.5179936319012455,0.9035938216699111,1.1280410430756869
2022-07-26,1.6658874121917584,1.5324420402257546,0.9438270978899264,1.1369726709702153
2022-07-27,1.5973874818087286,1.7800156404200822,0.7123757481050393,1.049274592371423
2022-07-28,1.5557194188877268,2.091862141777931,-0.7239271581397881,0.8561337213982699
2022-07-29,1.4871076718174652,1.9999292205215784,-0.7876401947133099,0.8104478274668193
2022-07-31,0.8174275329073544,2.0807378998618016,-0.7845419694516095,0.8088905671315018
2022-08-01,0.4295228819273579,1.7193850945602955,-0.7503156087263482,0.7793581543457164
2022-08-02,0.46040772213695114,1.249662494447994,-0.31478575382422846,0.9562808655276621
2022-08-03,0.4724072521982258,1.539627245252023,-0.4856112856951901,0.9301164515185546
2022-08-04,0.5205454371413067,1.6288405558529522,-0.621125506164231,0.9048180127345348
2022-08-05,0.568950691664593,1.227812075568151,-0.43834999610376096,1.0480490060527847
2022-08-08,1.6866953015547244,1.314624357303332,-0.38040613908654425,1.0013533091406264
2022-08-09,1.6136471441955815,1.0638617699098367,-0.18171330433026,1.0218250579254016
2022-08-10,1.642890843261065,1.4213367703621356,-0.4524156931242173,0.9955570404790293
2022-08-11,1.5852756201733527,1.3252839299641117,-0.5777981529445569,0.9593378293636834
2022-08-12,1.5976267635090717,1.5053537121533742,-0.6583691457304351,0.9339430939384896
2022-08-15,1.611351406668334,1.645955126820487,-0.5062930151277204,0.9085156940930341
2022-08-16,1.6489313209999277,1.534465422326968,-0.33866477340569584,0.9298709516176771
2022-08-17,1.6206016268587364,1.3070470206635858,-0.3325967739549283,0.9523949483131352
2022-08-18,1.5977233256138077,1.2932100333118817,-0.2502368833371144,0.9043662218305443
2022-08-19,1.6169651008523989,0.7861385572782811,-0.1123465274439099,0.9528603536794986
2022-08-22,1.5948676161964979,0.5163041183379953,0.30273195369426564,0.9734843740342839
2022-08-23,1.5377871098101024,0.5749217917875536,0.2842736920851576,0.9633887324517343
2022-08-24,1.5023508757840787,0.3556130800396745,0.310803081183996,0.9507636476649444
2022-08-25,1.525691530727386,0.33340819914252157,0.2251694119789889,0.9174413209556149
2022-08-26,1.5807950075572552,0.18894757788631306,0.35522146534014637,0.946931990942908
2022-08-29,1.5439527933945707,0.06595565370550063,0.5853964819336557,0.9944405883051344
2022-08-30,1.5724729749767794,-0.029392639282265966,0.5838403415046272,0.9976784819336177
2022-08-31,0.5352340098019088,0.1145374651846158,0.5352855645654506,1.044737643709956
2022-09-01,0.5666193606294874,-0.0265799933811106,0.5493983293470301,1.0827382388221758
2022-09-02,0.5377513739005987,0.17423610846306148,0.3649541432428297,1.0494781729299054
2022-09-05,0.5370220838446083,0.5185059787282402,0.37471111169586097,1.03995543914968
2022-09-06,0.5783234003185052,0.1560309579808374,0.6790931891823786,1.0548915802689822
2022-09-07,0.6254054030089006,0.633753094724989,0.7433891947040963,1.0421626911184068
2022-09-08,1.833569982072951,0.5420539723198904,0.570213088450871,1.0328908304595983
2022-09-09,1.7183345506929744,0.5737642076582018,0.4983323475205975,1.0067979298765737
2022-09-12,1.6350546343632824,0.4208258241724822,0.6266850452247263,0.9930770224447113
2022-09-13,1.5267170735776718,-0.11794650381997791,1.043973392393121,0.9997976035762964
2022-09-14,1.430354285731594,-0.03680372497221604,0.9334528836863465,0.9774070021049742
2022-09-15,1.45075767877268,-0.09554321399941453,0.8200742281586972,0.981129949693914
2022-09-16,1.4428473040169278,-0.19927580529731223,0.783020153404363,0.9994922137996368
2022-09-19,1.4326524695586775,-0.2713097488626015,0.9108917207086142,0.9946640150887415
2022-09-20,1.4136689248426197,-0.2712364563860646,1.0817930049371922,0.9780769085177213
2022-09-21,1.412737679444077,-0.30515044823206705,1.0378611943470362,0.9699530432818768
2022-09-22,1.4091263595381314,-0.4887500333111205,-0.38349202188325027,0.9715027303000966
2022-09-23,1.4534187372298266,-0.7567661646930163,-0.23481934418663558,0.9823897007583792
2022-09-26,1.519617335103431,-1.1708440397280477,0.20609365470340532,0.9942542567270181
2022-09-27,1.4848432533146874,-1.2041580869948014,0.380234700838826,1.0019849066474267
2022-09-28,1.3886883446925977,-0.7662214508308469,0.3614330879395569,1.0296901399149212
2022-09-29,1.442728102980556,-0.8612778873591347,0.2432251107976288,1.0239944454977112
2022-09-30,0.5425268504912106,-0.8958224517211576,0.028753350678263383,1.0135595965818236
2022-10-03,0.4387574477536317,-0.5152723331154643,0.013572847868615075,0.9910824113326714
2022-10-04,0.38614614244525386,-0.30953899993427275,0.15872420672537152,0.9694605661573831
2022-10-05,0.35468927405367146,-0.2875286731808901,0.12003268729275607,0.963949577802281
2022-10-06,0.32833741184853293,-0.6410269324515577,0.20280917565983983,0.9431073529412769
2022-10-07,0.28368021174276375,-0.7611540957115749,0.11088108120023904,0.9481834110457319
2022-10-10,1.3894128886067525,-0.72460566234734,0.1486440692911404,0.9402478239411481
2022-10-11,1.39216230727806,-0.8245122230638563,0.46826436785143033,0.9556423100150625
2022-10-12,1.37207890746952,-0.5898122470662538,0.9017504318881364,0.960354274406823
2022-10-13,1.2221712436701386,-0.8586920800164259,0.9027406475316033,0.955302152389578
2022-10-14,1.2398691194198397,-0.8337293563646888,0.8754193628280181,0.9454105105656578
2022-10-17,1.1655176565717724,-0.6790652345456597,0.8639897221748575,0.9344478349030614
2022-10-18,1.1502655650197748,-0.5462972686340305,1.0009656753933107,0.9230004741722106
2022-10-19,1.1215046239568758,-0.927425275555071,1.1844334408440784,0.9223928267358086
2022-10-20,1.0857176632961538,-0.9777436735561238,1.2613513006978416,0.9098930167856909
2022-10-21,1.1615227860856043,-0.5084259262280736,1.2492739388456569,0.9044796046778604
2022-10-24,1.133437007929948,-0.3797589920015371,1.2322351686595003,0.88638142008411
2022-10-25,1.1342694850848802,0.1021804985433856,1.063234779962433,0.8781413115272175
2022-10-26,1.1266833725987149,0.2913546575065512,0.8380595410546524,0.8648020577601067
2022-10-27,1.1077459171927035,0.33509770418398394,0.8530686530092102,0.8570305696606888
2022-10-28,1.0883736420305468,0.37656874341836694,0.8372720035659457,0.8425272372981412
2022-10-31,0.17069934761019595,0.27799723022092204,0.8732618702320114,0.8394165098508743
2022-11-01,0.14622289759728446,-0.12577684111214163,0.9380863939548517,0.8270472418091018
2022-11-02,0.14500112948453703,-0.20592316727036583,0.8130265472291066,0.8150122796207293
2022-11-03,0.17534282497770243,-0.3715346822593043,-0.6128793313471033,0.8232538879395855
2022-11-04,0.1379699715848669,-0.05628970442565869,-0.7998735967726419,0.804631718254024
2022-11-07,0.13223026265940702,-0.03816883008073233,-0.8272520029370509,0.7821773532059242
2022-11-08,1.1508312994681484,0.22190446281908402,-0.6198745388154413,0.7744614384652037
2022-11-09,1.1733501646523432,0.42500692327709644,-0.6020027059236471,0.7764097077051535
2022-11-10,1.2365808838438153,1.2765785954737388,-0.9432691821057138,0.7398804184927363
2022-11-11,1.2158466996695443,1.5414699791485058,-0.980413117315271,0.7345035900210374
2022-11-14,1.2159245054543402,1.6491898857528449,-0.8223261985813677,0.6969733753263637
2022-11-15,1.2167968704162122,1.7886455001964343,-0.6448910867634718,0.6596653517189309
2022-11-16,1.2253576046317138,1.8464781903930736,-0.5813176905849874,0.6548661048323298
2022-11-17,1.257228381901377,1.8430325934873415,-0.5472874049649356,0.6466710313366444
2022-11-18,1.2759953849980492,1.8020883038778517,-0.5899559217401072,0.6287320001786814
2022-11-21,1.2436297038697752,1.6056287940367504,-0.6500666174935206,0.614433436522378
2022-11-22,1.1897756272287545,1.6706027582629706,-0.6580727395164343,0.5968970446830482
2022-11-23,1.162219214790791,1.7256319180435966,-0.534089410097199,0.5785312029381875
2022-11-24,1.14440555523947,1.6233326927110858,-0.5322320506631033,0.5746053572597488
2022-11-25,1.1361495418532872,1.4900640600276094,-0.6134200797211741,0.5562661686920602
2022-11-28,1.1314080729005456,1.6835184317611946,-0.5049701317733102,0.5554049405485173
2022-11-29,1.0844446001858348,1.6720894011180227,-0.4808077358568932,0.5677940382387638
2022-11-30,0.13909214493545474,2.0149525987209542,-0.5734557237564377,0.5598117740243597
2022-12-01,0.15441658282633994,2.3312061641162205,-0.7939441864745045,0.5251136069127769
2022-12-02,0.12873147587043646,2.5036813588942954,-0.8703920365646084,0.5105378454581231
2022-12-05,0.15261771002987512,1.9927907711490764,-0.6935648797833004,0.507922395170142
2022-12-06,0.1922621906279929,2.1216524149025062,-0.5102045848303908,0.5044339527979113
2022-12-07,0.20564312780466554,2.1967665460508536,-0.4902365102808082,0.5017921047694005
2022-12-08,1.1406387898487815,1.9583643355739309,-0.5914921563181156,0.48516766105004605
2022-12-09,1.1495985398610191,1.4698579776234895,-0.4719733667354953,0.47290143083606895
2022-12-12,1.1043623403608545,1.4262476677980236,-0.24683594179298615,0.4576309384931015
2022-12-13,1.1363044095307362,1.7579690677664985,-0.3477196995288398,0.4418600049977511
2022-12-14,1.1212960180201932,1.646798113459556,-0.6830488344695584,0.4392104982645374
2022-12-15,1.148213900739352,1.600640525325343,-1.7350053580745153,0.46748336900041104
2022-12-16,1.1706586049878351,1.7642273475523689,-1.7296492265553431,0.47176559134303075
2022-12-19,1.1439902018342787,1.5988033620200506,-1.6548003499373614,0.47392447693563294
2022-12-20,1.115753806814672,1.5617848675453925,-1.5609573802430385,0.4952448018343278
2022-12-21,1.0653618025706666,1.6061005587891422,-1.6384387678656356,0.4739386498404065
2022-12-22,1.0911685939533409,1.576886984719128,-1.5826796647573842,0.4675146469197172
2022-12-23,1.0437847340975752,1.5392229915617823,-1.6099291778880613,0.46154811872679713
2022-12-26,0.4553319200248028,1.3745149009918778,-1.58724064842503,0.45840121848442633
2022-12-27,1.0091003496421538,1.263656311309168,-1.4065807263398122,0.446938998784855
2022-12-28,1.0054140897191006,1.3072688272682882,-1.1557004435188887,0.4733504012384311
2022-12-29,0.9673838364793687,1.0803178577201396,-1.2668880582862478,0.44041051076852883
2022-12-30,0.9198344739700487,0.8069227200238098,-1.2546396500476786,0.4456537285089247
2022-12-31,0.9761372683999077,0.773718016474013,-1.2426277659201748,0.46005229601755004
2023-01-02,-0.8928333030861414,0.9749601241599386,-1.2308771456224965,0.4568973469230589
2023-01-03,0.7627898404585037,1.1279571457203068,-1.0776052893347534,0.46122573980952875
2023-01-04,0.786500953209639,1.1754873847619014,-0.8978634616004205,0.4543859792755984
2023-01-05,0.7664637756964908,1.0091931624375465,-0.7964272744047997,0.4657684846070984
2023-01-06,0.7723128570612791,1.534703024562491,-0.9401026097146664,0.4216997701750606
2023-01-09,1.870891655738732,1.6959932556413693,-0.8498063219745884,0.3634347547245797
2023-01-10,1.8005037673612654,1.5064986326662047,-0.8612234736091828,0.336638730817652
2023-01-11,1.7288221370494548,1.612204010404431,-0.7729980053747977,0.31101484028208526
2023-01-12,1.6510448716283037,1.8118409131248503,-1.0523516823708254,0.29181009294212257
2023-01-13,1.6122540220451733,1.5882076147664965,-1.033513148009287,0.2870926009731146
2023-01-16,1.5675176905238073,1.7159328442735486,-0.9762561303601162,0.2848796669548833
2023-01-17,1.5454151769635731,1.8298692824295015,-0.873496825418899,0.2288113365093964
2023-01-18,1.4854029980462777,2.0286594590595484,-0.8220494132502879,0.21696644296829393
2023-01-19,1.396331566122514,1.9123682333498873,-0.8232326309085688,0.23097483364955154
2023-01-20,1.3099499130462084,1.739381654433064,-0.8251646875586364,0.21665878542833997
2023-01-23,1.2397774836318285,1.6253534745977862,-0.8103166320250159,0.2095207796120543
2023-01-24,1.1985192521075076,1.6829759572009235,-0.8205285457953506,0.20370556974762705
2023-01-25,1.169579355995034,1.79083627164655,-0.9270801024903276,0.19409358102192106
2023-01-26,1.1222460832266241,1.7339186558885604,-0.9686012245359139,0.15970759082790284
2023-01-27,1.1024902479123988,1.701543639064095,-1.023669030812561,0.14818356995074894
2023-01-30,1.1127663910787169,1.6310652778192904,-0.9340364751729721,0.15889427880308254
2023-01-31,-0.15994952859691425,1.7390495974840554,-1.0169294523486736,0.16329533367420138
2023-02-01,-0.16761606933550635,1.8435409954808017,-1.1359056098372875,0.14490092553150002
2023-02-02,-0.14688509727306429,1.8326961921233706,-1.581819593966881,0.06380814676852861
2023-02-03,-0.1422167665548186,1.567637167824729,-1.4956707182024038,0.059963608567621215
2023-02-06,-0.17696497043239837,1.0263495637860598,-1.3442033939690683,0.08808426666624829
2023-02-07,-0.22343625524692567,0.805412191881713,-1.357900062352057,0.1016458677523572
2023-02-08,0.49079407069606373,0.8906334145393549,-1.267212897514024,0.08832087466871359
2023-02-09,0.4864701557415574,0.7018227883461041,-1.1047962904539408,0.10239663399268148
2023-02-10,0.42711632947878153,0.4278487042437615,-0.9894004873192837,0.17537918982250955
2023-02-13,0.4086290723421317,0.4854767333947435,-0.9579483940914622,0.1979378013751704
2023-02-14,0.32814648940320235,0.36596149665172917,-1.045746442689947,0.18433511360857932
2023-02-15,0.28567865155170885,0.28423963276744646,-1.0575132535112584,0.18176987400916556
2023-02-16,0.26880113865896416,0.07724352969983109,-0.8751348190063124,0.18102625691321358
2023-02-17,0.21121046079535782,0.15489869854529775,-0.8839350560321593,0.23028534631087397
2023-02-20,0.20758308986132537,0.1781325733427008,-0.8251987637535418,0.22824320738818485
2023-02-21,0.17370863084493396,-0.012649311699186656,-0.5953378369825193,0.26429394624368596
2023-02-22,0.18651405339255273,-0.001699655129489067,-0.6124115419913315,0.2632581187804056
2023-02-23,0.1694937779074386,-0.016615621295444603,-0.6926219446994452,0.2598717453638836
2023-02-24,0.12984054869746472,-0.14762523130480698,-0.609694733941608,0.2732133402715239
2023-02-27,0.10617854503157499,-0.09058306374251954,-0.7299654535104165,0.26806731536895106
2023-02-28,-0.627214643486082,-0.13785402619321818,-0.6254171764918245,0.27271404820440204
2023-03-01,-0.6403964111028512,-0.3188084699371578,-0.5844697093325584,0.26463808181234283
2023-03-02,-0.6618018786643617,-0.40651287898636007,-0.584730141719534,0.24500497751809575
2023-03-03,-0.68488641403919,-0.30507972696815855,-0.6594606532364125,0.19433153412290838
2023-03-06,-0.6809925331741588,-0.1697908633371412,-0.565870110441228,0.15569529947177568
2023-03-07,-0.6406114094029808,-0.11683892831115904,-0.2670490183364186,0.20041889838049062
2023-03-08,0.025977248003195008,-0.18612427384201652,-0.23004487799909545,0.2544228769040393
2023-03-09,0.09376056459580065,0.02252207887267778,-0.12155854864792566,0.29989616924307116
2023-03-10,0.12707375754656636,0.4080852195295767,-0.005740503735515647,0.3785838915099299
2023-03-13,0.23593362933316578,0.9954350037444822,0.33075245448211354,0.5005186396069168
2023-03-14,0.14052568878494007,0.6755068229798274,0.1483458876273454,0.5071952614827265
2023-03-15,0.19553273903158827,1.10078588952171,0.14310542685182037,0.5853122186587687
2023-03-16,0.1963153670037528,0.8250787439443811,-0.24257718448142632,0.5901599397673678
2023-03-17,0.28168149138612075,1.2706169343738183,-0.4522544863443743,0.5724742308510625
2023-03-20,0.2045159501619334,1.0789764456856215,-0.09923813452005367,0.5679556814967346
2023-03-21,0.17630906022556359,0.9728403926683622,-0.3705145586910984,0.5016705311045606
2023-03-22,0.11525019950376163,1.508004849634021,-0.542478759865498,0.43482838857423795
2023-03-23,0.18598975294716047,1.5700629447863255,-1.0252539022620037,0.447961849039205
2023-03-24,0.26866709236257913,1.5390420863231455,-0.7323125649363946,0.4803357347622995
2023-03-27,0.20514252611722383,1.4222763935996814,-0.9087552001786514,0.46182264920229504
2023-03-28,0.19322068841893,1.2193319789526647,-1.050789390559929,0.46957532184334694
2023-03-29,0.16186497249011358,1.2547559632097511,-1.0320684343994013,0.42756695749147133
2023-03-30,0.15911902703645847,1.337339585936225,-0.9892505882406395,0.3884177949734677
2023-03-31,-0.09910743335077371,1.496065320769617,-1.3301168516927573,0.3384581198803625
2023-04-03,-0.12872470001719474,1.5217427059512647,-1.2169747559092026,0.2899654745397257
2023-04-04,-0.09532650440097232,1.5807448135804112,-0.9416686292877516,0.287243550051568
2023-04-05,-0.08269364842781832,1.5046873285083004,-0.7548111673993156,0.3170514274637989
2023-04-06,-0.09239555116540196,1.4879183148154256,-0.8459573822286717,0.32385145709724233
2023-04-07,-1.4161074655744523,1.34952965739009,-0.9619864951804973,0.32122178404624424
2023-04-10,0.7774749316903995,1.0287393049974944,-0.5628951776374091,0.3404167845661028
2023-04-11,0.7623369088929205,0.6426793710625692,-0.5883648939404441,0.3031128631246652
2023-04-12,0.8449427406737203,0.9481062261816235,-0.6921170754318184,0.29482286251453077
2023-04-13,0.9333058785486127,0.7402684496479147,-0.9020027477648782,0.27717632554387694
2023-04-14,0.8891107675785135,0.7958200768586613,-0.8475344152885874,0.23408427938993143
2023-04-17,0.8890703544779694,0.3409074589261597,-0.7734603230932774,0.2021931341823533
2023-04-18,0.8760638202079648,0.5022378053570608,-0.6575229924344846,0.1901527515417567
2023-04-19,0.8867532717022986,0.5214026655304096,-0.6431271110611559,0.20196852569768806
2023-04-20,0.9194033776309025,0.42419598638848816,-0.7480229637993495,0.21503405559788957
2023-04-21,1.1782701934892943,0.25910387271186996,-0.7811943699397984,0.19592952865578622
2023-04-24,1.1316152083843416,0.3814152338839075,-0.8301778054561297,0.16652879978997345
2023-04-25,1.1759068114374116,0.7793345993436798,-0.4941687703509485,0.2155464752262499
2023-04-26,1.1870342711235176,0.7926136273483988,-0.4065566322158886,0.216221121184327
2023-04-27,1.1528545509497465,0.6292622189184328,-0.5769929227273304,0.18876504099818978
2023-04-28,1.1036773321907674,0.7055425355385263,-0.8406053680564868,0.20981423546585665
2023-04-30,-0.4504042755871186,0.3603217926465839,-0.8354669414765742,0.2510674402068621
2023-05-01,-0.11192375383493204,0.2118318924349871,-0.8059396374057473,0.2560778395540924
2023-05-02,-0.06407814466041385,0.3282049072533061,-0.31340018215256465,0.3169798874414177
2023-05-03,-0.04541674202995818,0.5324136511371041,-0.1940035094602483,0.3079873580060389
2023-05-04,0.0012041996953106445,0.5715814380629776,-0.54305032863194,0.38663509085870135
2023-05-05,-0.057442499071441284,0.43484341362897133,-0.8341970258298245,0.3658252189902618
2023-05-08,0.7909079121063395,0.4263900081137072,-0.7818821456078533,0.3796582985889088
2023-05-09,0.7967632901889388,0.4266062718625039,-0.7562029204938652,0.38341855470894154
2023-05-10,0.9116396358777735,0.6268892540290297,-0.8986377827685671,0.3572370946768627
2023-05-11,0.9507208042021317,0.6356384484405547,-0.9655243293279461,0.3560510254342043
2023-05-12,0.997392846803223,0.5939364014080957,-1.042458396418383,0.357744364062167
2023-05-15,0.9704919060181009,0.6216663599030808,-1.0274366024841102,0.3815623762170197
2023-05-16,0.9004910462244534,0.5332494317527844,-0.8484145801425715,0.41895115560078683
2023-05-17,0.7986488590965585,0.45043117943714484,-0.9017813720934702,0.40830409788002087
2023-05-18,0.7677057551326594,0.2537169445035835,-0.896867873737866,0.422312225639951
2023-05-19,0.776282252933842,0.30753490011470724,-0.762922250078326,0.3937641126795394
2023-05-22,0.7546725198290155,0.21830050653392763,-0.6606660804286033,0.38819813557530625
2023-05-23,0.7105691768060316,0.1271505915071866,-0.5531874356856853,0.3763539311453611
2023-05-24,0.740446846399375,0.04043727142049252,-0.29641770694397573,0.39813668524587353
2023-05-25,0.7814915080117553,-0.08474640718159122,-0.3389700617462282,0.37602388867371306
2023-05-26,0.7527125248285295,-0.11267871652388314,-0.40746121057089624,0.3564038709215306
2023-05-29,0.7822912191738113,-0.08808672523002643,-0.43361556973567894,0.3764143269229933
2023-05-30,0.7768334424895967,0.40017851841037905,-0.4895807050048593,0.31886325248181796
2023-05-31,0.08794227441777944,0.2868410421709762,-0.272541707371721,0.3548773673654704
2023-06-01,0.07930323046807772,0.26147840209260065,-0.6536094300300664,0.33253943264840846
2023-06-02,0.055975302352644016,0.11248976147304798,-0.7264086617273192,0.2988009003905152
2023-06-05,0.0613017705251394,0.2563939954905487,-0.8974228402157843,0.2826671449362744
2023-06-06,0.06507298945600408,0.29810687420879356,-1.0411815091166836,0.2903764982711688
2023-06-07,0.04464045527387934,0.062197372890560515,-0.8954296158375517,0.30593786314871924
2023-06-08,1.0493567791750227,0.009498393420415871,-1.102149728576952,0.3225749651352545
2023-06-09,1.055376813327321,-0.10338505397844837,-1.0509228157503137,0.3086348570543113
2023-06-12,1.0737467283814568,-0.023956456878765724,-0.9686965088338781,0.3367467870938343
2023-06-13,1.0757754994014612,-0.08739991746382864,-1.01756074447847,0.26020166566707376
2023-06-14,1.071424809649429,-0.08126271188936238,-1.0618687639983595,0.22808830172290512
2023-06-15,1.0030353667714165,0.20061684329451365,-1.205055442546604,0.20548880874702655
2023-06-16,1.031915507256809,0.21955912769883915,-1.2436697911261032,0.16901359515085215
2023-06-19,1.019322917370601,0.1106806797325639,-1.196509942383688,0.16686295244446347
2023-06-20,1.0429006688041114,0.16519990106102778,-1.0503406174809726,0.14755257097890617
2023-06-21,0.9735785751470423,0.1340139093474915,-0.9713523549530704,0.16191854479421336
2023-06-22,0.9760288591855304,0.10856243062704445,-1.021781682681347,0.15443288163072277
2023-06-23,0.9813437334618098,0.3523555503313687,-1.014010145407628,0.1660297839686839
2023-06-26,0.9740447664348536,0.4260008280928465,-0.8664755957251821,0.16432208688606267
2023-06-27,0.98763519311969,0.34692878294257734,-0.9039222850811738,0.14983926814068207
2023-06-28,0.9350299487525982,0.25904491061175766,-0.8732236567501825,0.12184086178111773
2023-06-29,0.943291961560342,-0.09103720887404003,-0.7848636378829126,0.086655254937667
2023-06-30,-0.24846141866482208,-0.16287842107296904,-0.9885993347323352,0.06207640005656311
2023-07-03,-0.23696339704143018,-0.08494628383148743,-0.900031937836523,0.0365638669563064
2023-07-04,-0.23490515744181703,-0.12426501087217023,-0.8864826630865895,0.034892182472236084
2023-07-05,-0.23597159847740765,-0.14019779529209667,-0.7486036434999409,-0.010403749958424541
2023-07-06,-0.19989760351442915,-0.2319418858855658,-0.2777519252164923,0.012365274809563747
2023-07-07,-0.14775789069703724,-0.24802367649998538,-0.3657146329861394,-0.01478027818634217
2023-07-10,0.7440490249948746,-0.0212783074839323,-0.3304943831387712,-0.0001650495134322499
2023-07-11,0.7509012434295608,-0.011230753292505365,-0.3262032179525627,-0.024841399418155434
2023-07-12,0.8217846735211695,0.4345340386088524,-0.6111652132557891,-0.08198818580009463
2023-07-13,0.8306367093480406,0.7235085591920597,-0.6540855646369579,-0.12282927429451375
2023-07-14,0.8638602463422012,0.3486133774087676,-0.6415504234642491,-0.060764538333225
2023-07-17,0.8722234262279543,0.43427121263407675,-0.6090198942748486,-0.047136962161367174
2023-07-18,0.8799261082035332,0.39348149777852975,-0.6269435087253958,-0.04450636192244853
2023-07-19,0.8640235362688508,0.421150635918399,-0.6327174646694926,-0.07143718966539554
2023-07-20,0.8266016075550712,0.22376900780777892,-0.5541902711771312,-0.08592953104991646
2023-07-21,0.8103297101104631,0.2571833479841734,-0.6329279220382198,-0.11377195317601929
2023-07-24,0.7228807356937765,0.14953940088925635,-0.5524143099790805,-0.16282778041076812
2023-07-25,0.712895751504675,0.22432190663274398,-0.5167421071783399,-0.17898095107785977
2023-07-26,0.6992738695091285,0.2980493575114945,-0.6711209580989574,-0.19375283403219143
2023-07-27,0.6712447149189895,0.0898649372084456,-1.1216613472918449,-0.24666412835649798
2023-07-28,0.645281277412301,0.29812540411256877,-1.1801081289246653,-0.2540653714735821
2023-07-31,-0.1623240051904168,0.31341527211688847,-1.16241626372002,-0.26184195730346405
2023-08-01,-0.14590369463063313,0.20944752201668176,-1.0840464920327981,-0.2529954274665684
2023-08-02,-0.10396974868199362,0.16893995006309384,-0.9453186791884481,-0.20824713041942586
2023-08-03,-0.09029760374364776,0.10820879811205482,-0.8086143213271579,-0.1828373915266035
2023-08-04,-0.10983820547759608,0.5551114343225323,-0.879652295539084,-0.21546010493643641
2023-08-07,-0.09398184774394862,0.4177339338448127,-0.8488605418656258,-0.2192049637681543
2023-08-08,0.7883645785437293,0.36530748289244586,-0.789478308548297,-0.20096672832284207
2023-08-09,0.731082985852383,0.3491210296820809,-0.8808599128968326,-0.18443039751645535
2023-08-10,0.755020036195062,-0.01710535868496429,-0.9620884620589922,-0.19566472491256964
2023-08-11,0.6966050693411426,-0.28966925475573196,-0.980683674306431,-0.17419030291094217
2023-08-14,0.723515055520326,-0.20445774649466322,-0.8169071834570306,-0.1619219997367593
2023-08-15,0.7534255916058868,-0.21259724363173757,-0.7007045182021117,-0.13462944041027958
2023-08-16,0.7670220268018468,-0.27636371517818287,-0.7108274074700166,-0.10866964255302719
2023-08-17,0.7528829851907142,-0.32539275217383584,-0.5997760984972532,-0.05905667267959687
2023-08-18,0.7599964307190725,-0.1771892073490024,-0.6535565665977205,-0.030798090390462933
2023-08-21,0.7430812115327438,-0.30133545218804014,-0.488646314759773,-0.04755722711440463
2023-08-22,0.7262548600246108,-0.2166054718152628,-0.574814341010375,-0.07615267971616374
2023-08-23,0.7590603530127022,0.07164376604202359,-0.7146391187434277,-0.08584178697862735
2023-08-24,0.7391921295987436,-0.06357233109328432,-0.6152048945486053,-0.13389308167044864
2023-08-25,0.7147043007952462,-0.14296821877318439,-0.7827681435695789,-0.15648549465171369
2023-08-28,0.7512886983208328,-0.13849223379202116,-0.7747983851359038,-0.15926543015497643
2023-08-29,0.7578311007434176,0.12379569011315056,-0.9141706575654539,-0.18590442984362823
2023-08-30,0.7122956781844516,0.24263329205202624,-0.9177282850564168,-0.18748252772983307
2023-08-31,-0.3477476873336113,0.3505382810023599,-1.0268101521066537,-0.19831908323190414
2023-09-01,-0.35785827211585497,0.25883755327666597,-1.2019381186235936,-0.18599206159383386
2023-09-04,-0.35398043332142026,0.1316813946024234,-1.147943447972953,-0.18536925081448782
2023-09-05,-0.3701432392042463,-0.12023849274472748,-1.0000595073774798,-0.16043108046532484
2023-09-06,-0.39192096681410366,-0.26990064122724644,-0.7966505908834445,-0.11178916173223856
2023-09-07,-0.37955782732226834,-0.04947722442664177,-0.9697679992715472,-0.12866918726650134
2023-09-08,0.19818133844771751,0.04210752813041809,-0.9703489894950115,-0.15997073523739722
2023-09-11,0.15781159473532422,0.12888713781820074,-0.9293434634775102,-0.15875316515014776
2023-09-12,0.0938089430275511,0.09503988727381601,-0.9474930385179373,-0.11292913438709413
2023-09-13,0.05839307614987109,0.24618432242704175,-0.9722171163474537,-0.09745129261346598
2023-09-14,0.03990372735816195,0.25920498806283704,-1.0934389882980682,-0.15322860448623113
2023-09-15,0.05844347204070908,0.10296009982274047,-1.0801040460629692,-0.14438834222757513
2023-09-18,0.02538425836003687,0.128538091306176,-1.0153517681398365,-0.14235700382907604
2023-09-19,-0.040732119547938234,0.1412652216455403,-0.9997692940308407,-0.17564040562106623
2023-09-20,-0.0051965352979532605,0.047362228877387974,-0.8973860234739158,-0.2134287601491658
2023-09-21,-0.010658402794024299,-0.2899899190155861,-0.5939094389863293,-0.21283786522194945
2023-09-22,0.0760012484943255,-0.005076532396828273,-0.6851562399587592,-0.21313243668979256
2023-09-25,0.14611515081855056,-0.12158377283147243,-0.4720547346044886,-0.22641025593628553
2023-09-26,0.18118465799026767,-0.13057720142424942,-0.3684003849059625,-0.20888504915265985
2023-09-27,0.077705311560095,-0.5575730979064065,-0.31052464747463177,-0.18721261710818213
2023-09-28,0.13028145689073697,-0.3996674884787296,-0.5075026703060226,-0.12496131040784307
2023-09-29,0.17655090722842345,-0.4291652589083533,-0.5630558839302287,-0.1274553502541779
2023-09-30,-1.3661863964728838,-0.3047242181403795,-0.5600923741426058,-0.04766450351182619
2023-10-02,-0.39150343611387983,-0.6109986666345305,-0.29586897802310486,0.00010311490101185317
2023-10-03,-0.3021813339412848,-0.706570657041573,0.1366064219563015,0.09897106514947314
2023-10-04,-0.14698235385904296,-0.32872213903022773,-0.13044277132582832,0.1095352322143849
2023-10-05,-0.13744744092510655,-0.38160152293474375,-0.10075617017527606,0.13278219002391461
2023-10-06,-0.07520300138197729,-0.5369451221200819,-0.16943223317794712,0.11429828292973995
2023-10-09,0.6417127114869954,-0.6400281813188033,-0.15424627526861381,0.11368569856344089
2023-10-10,0.48657201195889754,-0.23833015476095018,-0.09047702266548531,0.08168611445748564
2023-10-11,0.5430133926036749,-0.13990424183718397,-0.2747785086025744,0.05139809846665544
2023-10-12,0.2971968324316713,-0.44773080629968376,-0.2386201234282962,0.0493236285810758
2023-10-13,0.1539291769091544,-0.32092985249229256,-0.0745195214882201,0.07244341760265208
2023-10-16,0.12358132088636418,-0.49087915993290915,-0.1763260756808639,0.052674719191609765
2023-10-17,0.1948187333868205,-0.7579536140769236,-0.09990543418489074,0.06871094099723941
2023-10-18,0.20587961829682352,-0.8265501178397617,-0.030169163405276048,0.13493750619418823
2023-10-19,0.15880420225054437,-0.9037081108070905,0.1477693086217198,0.1954183633730457
2023-10-20,-0.4855234691226585,-0.6822851055004244,0.1293827502048333,0.2775401558005042
2023-10-23,-0.4042767423375583,-0.5866524941921811,-0.022675660668108874,0.26867547373890593
2023-10-24,-0.35442738097422033,-0.42473291040058225,-0.256238390493967,0.18592219025939616
2023-10-25,-0.37351897138869383,-0.5903468845794159,-0.014311566009482907,0.15434913692495633
2023-10-26,-0.3090834107618485,-0.40781381856181864,-0.05866922771790049,0.155504785405018
2023-10-27,-0.35621353931395705,-0.3194030186263328,-0.061675818761217284,0.17357003885249705
2023-10-30,-0.2884284580974975,-0.4685126524986823,-0.10094087474574727,0.23845622460004362
2023-10-31,-0.08976462637599494,-0.32783696609547847,-0.39365302946023756,0.25154056058510516
2023-11-01,-0.07437225768176549,0.18683218723228978,-0.5263037099448952,0.21974505631110589
2023-11-02,-0.09762341944224259,0.1893401709471568,-0.7644148601034065,0.08019107701190843
2023-11-03,-0.045161793321264215,0.5160324100438889,-0.8405085833025022,-0.03283594562501737
2023-11-06,-0.08076808884296655,0.37259714953791223,-0.7405185629926135,0.014387466141847827
2023-11-07,-0.03253888523080077,0.5767275366363908,-0.7566227427203016,0.0059770236165953665
2023-11-08,0.7173474496836504,0.4348041359674377,-0.8092379818175363,0.012998150253069406
2023-11-09,0.7370077404820111,0.09292718926262887,-0.7639543600662828,-0.018375762231650977
2023-11-10,0.6910471344013158,0.27949046396726107,-0.9042037750307401,0.0038451407788017197
2023-11-13,0.632262195472202,0.3610532210783538,-0.6605241553496519,-0.04963830143729212
2023-11-14,0.7302077955619313,1.160046887719058,-0.7890324001326616,-0.27141265303225254
2023-11-15,0.7480983224470306,1.1099544964092714,-0.7578754677991633,-0.27931578555262854
2023-11-16,0.7897597259263178,1.527648545847405,-0.9130190144236854,-0.3712209629172914
2023-11-17,0.7021672147364856,1.4720440882793289,-1.0255094316139608,-0.3994681649791957
2023-11-20,0.6074776883947263,1.2584371455872845,-0.9493675500543559,-0.43868178804058705
2023-11-21,0.5934255313209941,1.2835598148391552,-1.0172250106143244,-0.4513139606499629
2023-11-22,0.6323282958473337,1.3517468476372234,-0.9682673922638723,-0.4883686292236484
2023-11-23,0.6247702716965253,1.3365098513522577,-0.9632084888212388,-0.4861487132524668
2023-11-24,0.6310657504075756,0.9288654158154436,-1.1346112252767417,-0.4712054035024435
2023-11-27,0.6287983991211955,1.1482349567060979,-1.0789404981961146,-0.5060313451147587
2023-11-28,0.5896217155521715,1.5332795851058676,-1.003185930647453,-0.5938493708948572
2023-11-29,0.542862403241259,1.9080491126008938,-0.9138347475821941,-0.6539134222326718
2023-11-30,-0.06289760729073554,1.4565878173448323,-0.9855040997252315,-0.6148368087456094
2023-12-01,-0.06744989687945491,1.8130717178302824,-1.3300241277880926,-0.6707726771236437
2023-12-04,-0.03988802080218531,1.3727582077949614,-1.0687111357124297,-0.6465954809864515
2023-12-05,-0.020737833813213164,1.638758593369547,-0.8209787599870211,-0.6536020474731161
2023-12-06,0.0437766046963919,1.6038904290271456,-0.6906484973059731,-0.6243309110379737
2023-12-07,0.06270454521792797,1.5885901213101463,-0.6170304859884005,-0.6420918938081239
2023-12-08,0.6778487197085329,1.4207797102800692,-0.8542221654878285,-0.6013691444285402
2023-12-11,0.6537074325692858,1.4478831561211638,-0.7090322532195579,-0.6024266830809728
2023-12-12,0.6831139154393971,1.4840873767088647,-0.8693025523089232,-0.601152936694046
2023-12-13,0.5572137565131333,1.8327814030947809,-0.9631988062668013,-0.7571527595917937
2023-12-14,0.48672404140286296,2.1867801325473177,-0.8641602366364204,-0.9168766863996313
2023-12-15,0.4371410016646957,1.9346544251047324,-0.9341601350241828,-0.8879708021365704
2023-12-18,0.4044733256276039,1.87019793773067,-0.8488271213882062,-0.8779279548908885
2023-12-19,0.40579749920386404,1.915805698428189,-0.930844169655911,-0.8487702651712677
2023-12-20,0.40223029679275796,1.962299460755766,-0.8580450409927622,-0.8754073975146913
2023-12-21,0.43269818966245044,1.9268081978544207,-0.8889452975378396,-0.8622743848095697
2023-12-22,0.3907165435762388,1.916070821079564,-0.9735232917728249,-0.8613868345772908
2023-12-25,0.8686166665945944,1.9938203892308408,-0.9647299270760142,-0.8556407940416649
2023-12-26,0.3337726726001402,1.8177783076108935,-0.9720270481698683,-0.8595472849639614
2023-12-27,0.38515154568435345,1.877364134466179,-1.068499362231133,-0.9582878297901933
2023-12-28,0.4600022914085765,1.6966560581903152,-1.1577917656478303,-0.9658400320086864
2023-12-29,0.4230307566948963,1.8410819270291805,-1.195322804534757,-0.9752669228074928
2023-12-31,0.08918176959663952,0.8723528344672445,-1.1814036560065506,-0.9679391779195919
2024-01-01,-0.17735459759775746,1.627130382591266,-1.1677860557935922,-0.9607217865857346
2024-01-02,0.34720246208589955,1.3100914923105353,-0.851523685544542,-0.8464845848369901
2024-01-03,0.3173854694834519,1.2777729897291414,-0.7208361178267235,-0.747791731669094
2024-01-04,0.3855940998431075,1.0799231078985976,-0.5439260011416334,-0.6961979711917319
2024-01-05,0.3452377091488501,1.024879975852405,-0.6993927324850427,-0.7099996992416651
2024-01-08,1.1240305449641612,1.1306466560438906,-0.6542705954064085,-0.7668270092601496
2024-01-09,1.049343543835488,1.2624448318066188,-0.7414112027344326,-0.8172493776297125
2024-01-10,0.9817151059274888,0.9346272960164905,-0.8431800764603327,-0.8689447644678238
2024-01-11,0.8839687603805851,1.0543133858099105,-0.9954499659175458,-0.9937902309502237
2024-01-12,0.7172386973228182,1.316139036220446,-0.9456845698755337,-1.0990124410973094
2024-01-15,0.7034885215298349,1.3607768056337872,-0.9001137000207805,-1.0896324700873028
2024-01-16,0.6662675035962912,1.1715633357124486,-0.7564592588716317,-1.013097411641278
2024-01-17,0.5831148133603883,0.7798426081489058,-0.7937990836324712,-0.8935810587603288
2024-01-18,0.4999752016719165,0.7402039101328226,-0.8096768695368395,-0.9489623917147938
2024-01-19,0.393129258079751,0.6325150528884935,-0.9440370034853306,-0.9109754746851447
2024-01-22,0.31810702960562937,0.7432554204663188,-0.8809827951572676,-0.9106110392737066
2024-01-23,0.3151674576264144,0.7049961590402894,-0.8976843395356806,-0.8950678160226809
2024-01-24,0.2676622476430933,0.5411466726075699,-0.859269670900395,-0.8967612706177827
2024-01-25,0.15701370328309885,0.7532489493839483,-0.9067455137724678,-1.0047935111560269
2024-01-26,0.051671988492749406,0.6626522008368815,-1.0197933178088447,-0.9798200162130108
2024-01-29,0.07319833836411532,0.6985695013497516,-0.8233036772366987,-1.0088217429527222
2024-01-30,0.004946380695429589,0.5937818333550642,-0.8800914833710534,-0.9395003442320334
2024-01-31,-1.7157254880920292,0.871034852926009,-0.7506981616434382,-0.9636517377313063
2024-02-01,-1.5653382173050767,1.0250290728504328,-0.645438412075091,-0.9167407735158039
2024-02-02,-1.5324288083727795,0.7215844262103485,-0.7700208091921319,-0.8039305253721318
2024-02-05,-1.5874883396969706,0.4529570959112633,-0.6949042431962862,-0.7439892704047131
2024-02-06,-1.57524955388988,0.6674610412321177,-0.6852571787425908,-0.8088023579819836
2024-02-07,-1.5833050573793048,0.5464012888949021,-0.7319279697694385,-0.7835675589774546
2024-02-08,-1.588610670694555,0.4428968375946022,-0.698166500259646,-0.7826403602575025
2024-02-09,-1.653394835065636,0.0835583858910608,-0.7455316421549602,-0.7134938788422405
2024-02-12,-1.6699283227710058,0.015218214285004127,-0.5617166902112255,-0.7183455747492512
2024-02-13,-2.0040059645382273,-0.4153372684152616,-0.3485082060139279,-0.6883324353263753
2024-02-14,-2.034927714971773,-0.13156004103416571,-0.4430263888689852,-0.7203479459409682
2024-02-15,-2.02221108245534,0.12394338017980426,-0.5458679264645753,-0.7775043555146975
2024-02-16,-2.0372167810469897,-0.0379589590063969,-0.5521613819032221,-0.7561087247968504
2024-02-19,-1.99423995392005,-0.02028401099073565,-0.5150624758337843,-0.7257229942151867
2024-02-20,-1.9350089391511496,0.07976370386561402,-0.4541507547763709,-0.775060043089625
2024-02-21,-1.9573927262806892,-0.006771019857518546,-0.28844790604517245,-0.7605658134457635
2024-02-22,-1.987705575543386,-0.08185767467172318,-0.29019468738631354,-0.8044060588263492
2024-02-23,-1.9478378409273018,-0.21775625955405128,-0.5236367475641323,-0.7386258560753722
2024-02-26,-2.0070168957304317,-0.33956668717324023,-0.45153768787070436,-0.6626008770711094
2024-02-27,-2.0591558137162074,-0.3855483134943638,-0.5653826610313968,-0.6722990490759221
2024-02-28,-2.0639133344803273,-0.3669708929929708,-0.5404658458030684,-0.6638758588061735
2024-02-29,-1.3299194371364291,-0.4510097336108919,-0.6507304362717152,-0.6053815011850924
2024-03-01,-1.3354114924807223,-0.2916110727647118,-0.710033438801156,-0.6571512438928454
2024-03-04,-1.3010276140961226,-0.19932673895458206,-0.5975508126048233,-0.64596176090262
2024-03-05,-1.2301095618177997,0.0593694532666337,-0.5370242482497586,-0.6536648607860324
2024-03-06,-1.2897378975742537,0.04241145951499577,-0.5682501370471654,-0.6540144002431816
2024-03-07,-1.243654476937641,0.21115858899515746,-0.5793379526501847,-0.7117923449077562
2024-03-08,-1.2849049134575707,0.2770920622196285,-0.6583129073017361,-0.7769854497956636
2024-03-11,-1.2640177106709027,0.05890364239105799,-0.4376934171158958,-0.7202951288803455
2024-03-12,-1.3141819973375553,-0.1613534484431278,-0.6827343026137492,-0.7227463518366225
2024-03-13,-1.3492134509796025,0.06426642004154604,-0.7485112268061294,-0.7401179409037572
2024-03-14,-1.3972534156352423,-0.2434353307530285,-0.6554865034614221,-0.7225722629484809
2024-03-15,-1.3689317860011216,-0.3808014352525482,-0.6939292106005491,-0.694077598389033
2024-03-18,-1.4411484595287183,-0.3168626220670562,-0.5843755419798172,-0.7615977224851902
2024-03-19,-1.4256773515756194,-0.16352749542963924,-0.7218720153201381,-0.7978330982072319
2024-03-20,-1.359916925848008,-0.09969329489173104,-0.911631281927984,-0.8317424675157277
2024-03-21,-1.3561982650556694,-0.031737355218806114,-0.9484313805308213,-0.9035493321127708
2024-03-22,-1.284881872417743,0.10583422417182527,-0.9957091126578681,-0.9054695119025505
2024-03-25,-1.2672454518623253,-0.09240843281439136,-0.8906671071935316,-0.8567173405623083
2024-03-26,-1.2380156309053127,0.0414895896350266,-1.0657773549049805,-0.8130276471766544
2024-03-27,-1.1805613631222467,0.1251419008087466,-1.178730332846896,-0.8388974816543017
2024-03-28,-1.1429659850403038,0.021973360952763123,-1.203288588459012,-0.8360015185138534
2024-03-29,-1.1324202960083765,0.07293789761666879,-1.189753846770239,-0.8305874334500403
2024-03-31,-0.8470473678302636,-0.5106772252026421,-1.1765072880611451,-0.730620107828778
2024-04-01,-1.3843307512571876,-0.3516272704207038,-0.9619187249750331,-0.671211489037329
2024-04-02,-1.4097126081491849,-0.3277480480101693,-0.8277908834426977,-0.6852051279010153
2024-04-03,-1.4024591679840634,-0.21983912770391215,-0.7305564961115654,-0.7945495085281419
2024-04-04,-1.4208255369192653,-0.2793032434577561,-0.6304834030897757,-0.7622166203747817
2024-04-05,-1.4106318890188958,-0.6147110741738336,-0.6437541796784702,-0.7261997468434588
2024-04-08,-1.5786553940782408,-0.6390629052496781,-0.5341281541779653,-0.7491409104399093
2024-04-09,-1.5028859288303755,-0.4836528576077187,-0.6139412307724541,-0.7744754556872738
2024-04-10,-1.7021188201250066,-1.077359907320331,-0.11207593516151544,-0.7113498533092969
2024-04-11,-1.664745357205249,-1.0418198296395556,-0.22180637179910628,-0.7119284392863667
2024-04-12,-1.6376956894196988,-0.760796560589766,0.011682608345483635,-0.6560098870618909
2024-04-15,-1.650089460902783,-0.9102999264124322,0.30777066443490975,-0.5098030902577204
2024-04-16,-1.6210790514726714,-1.1853007537318894,0.1898336538239363,-0.34400154765523716
2024-04-17,-1.519792961705405,-1.0371409508073497,0.1578217832117088,-0.3862610607218233
2024-04-18,-1.478922829314505,-1.231822802019773,0.07446189618503775,-0.3170677680727114
2024-04-19,-0.11404001495090839,-1.2350917807665331,0.14078369153483117,-0.3226607067171593
2024-04-22,-0.09719334676765677,-1.1025701792515423,-0.0640607360140293,-0.38793078906724643
2024-04-23,-0.07997606897615879,-0.9864839608745619,-0.32383651007322817,-0.5414871030427906
2024-04-24,-0.07006765380778016,-1.0320204685638061,-0.01416719080964379,-0.5321024753613162
2024-04-25,-0.06908804285444,-1.2134339285087579,-0.15699914706319945,-0.4632518007214581
2024-04-26,-0.04961524245580378,-1.113559322610844,-0.37255738638062724,-0.5257177386961107
2024-04-29,-0.0482130734324875,-1.0047175359874956,-0.3722432022377856,-0.6062229617947823
2024-04-30,0.38134796376521546,-1.0789929162043586,-0.33970440903587407,-0.4277407369627009
2024-05-01,0.40940233221058003,-0.796920348295607,-0.374889058229667,-0.48451061466635265
2024-05-02,0.4064907309224643,-0.5010883597391922,-0.44079222387050865,-0.6411003120012971
2024-05-03,0.4584133321014902,-0.3303066816186421,-0.6820785085024349,-0.8134715373583841
2024-05-06,0.4482489715127308,-0.11803896421268191,-0.6995930333412932,-0.8467880581035265
2024-05-07,0.47934053766553886,-0.015042930194952838,-0.6118526647037741,-0.8301095164740614
2024-05-08,0.8410720195907586,-0.18043926103880695,-0.6685699093771965,-0.7560828668388475
2024-05-09,0.7899718756518224,0.23836868343617898,-0.7538667029711357,-0.7974161006142007
2024-05-10,0.8286638249251691,0.16650399869016472,-0.7489532651424589,-0.6739748879147098
2024-05-13,0.8455295751826737,0.08883388676481196,-0.40050549868088814,-0.6779530021599397
2024-05-14,0.8847407676239001,0.2912198788965103,-0.40793320969377406,-0.7216715541338771
2024-05-15,0.9496546734548993,0.7760081236478121,-0.7512409295769361,-0.7905468584145822
2024-05-16,0.9090651287687709,0.4784218062062294,-0.812927813912291,-0.800805603256327
2024-05-17,0.9092394943855526,0.42882637892365044,-0.9104933617669082,-0.7776936227007605
2024-05-20,0.8633031271050885,0.39383823562005793,-0.9235932620396294,-0.8054469840342792
2024-05-21,0.8597874230332355,0.43771572217752447,-1.036468948662536,-0.832699038290854
2024-05-22,0.8618345889458439,0.16803115843097263,-0.9833990882644353,-0.7118591116752594
2024-05-23,0.8657837935860198,0.007471619837490563,-0.8437825667189556,-0.6672015447270522
2024-05-24,0.8800489587610878,0.15327414897011002,-1.0395783377702401,-0.6577840645056517
2024-05-27,0.8692650834840933,0.0750028801755934,-0.9931482287966273,-0.6542729600066715
2024-05-28,0.8327199827719315,-0.11402408144109837,-0.7716153363608905,-0.6386661478354457
2024-05-29,0.8438190126347401,-0.15406449120072244,-0.5704825731509557,-0.6277274571202214
2024-05-30,0.8568574751194324,-0.043153061336726556,-0.6212778980029328,-0.6938807298840998
2024-05-31,-0.40805088210911783,-0.06762880985870753,-0.8230851838976648,-0.7244490868851683
2024-06-03,-0.34582241628110044,-0.021299416089933153,-0.7777492382279646,-0.8194806217024977
2024-06-04,-0.28952566471267327,0.0787751632972756,-0.5320950358964407,-0.7684707839754973
2024-06-05,-0.3005475229449766,0.14295048515563089,-0.48572334209521306,-0.668453945643507
2024-06-06,-0.29521184797747363,0.1724129697509847,-0.5588732012169249,-0.6587027670226497
2024-06-07,-0.2596040382188143,-0.34538202683053115,-0.8389303554113834,-0.5351764434055378
2024-06-10,-0.21881226307227572,-0.22250100337973489,-0.7060876400761955,-0.5238319665783505
2024-06-11,-0.2287776886627202,0.013990127309846067,-0.6928008732479174,-0.6027258182510389
2024-06-12,-0.061185341288177604,0.2060465559131791,-0.7616326169177805,-0.6471898027254226
2024-06-13,-0.03185450687116208,0.20747966461841486,-0.7747941993364291,-0.5797073909778493
2024-06-14,-0.0006177251223104085,0.17506319252651723,-0.5030991795885662,-0.3717376317270716
2024-06-17,-0.040680041428175925,-0.008928191940539117,-0.6020995382909776,-0.2899027873920347
2024-06-18,-0.08217844339708837,0.18470595150953778,-0.6905518131248305,-0.37879717875372143
2024-06-19,-0.08124991289631059,0.0852352161920407,-0.6690435670630936,-0.3230482773682406
2024-06-20,-0.09962447959770963,0.09756425217303058,-0.6908046165503606,-0.3048410099330029
2024-06-21,-0.058570640759076094,0.23390669817761678,-0.6944673841306112,-0.2955489458009279
2024-06-24,-0.05931685880701323,0.2783954829960815,-0.7080861807226164,-0.2915328716939157
2024-06-25,-0.028143789474028333,0.2472863418944076,-0.7974048038763663,-0.28110138877901986
2024-06-26,-0.03586177775910668,0.09513929269901436,-0.7090975773795157,-0.24926425089932355
2024-06-27,-0.06857516547014364,0.3620619901717675,-0.8208135180598274,-0.3291242430466271
2024-06-28,-0.039666220731736916,0.09461783661118983,-0.736016625958548,-0.3216498898082471
2024-06-30,0.8371408536314873,-0.4091915725147084,-0.7295503235698325,-0.20591555892754587
2024-07-01,1.2100204698755272,-0.2996491961900567,-0.8623459141094768,-0.33641790027542845
2024-07-02,1.2039502150317911,-0.20809029262439233,-0.5426305124994344,-0.45068870984148823
2024-07-03,1.2104791564451647,0.03348441946936603,-0.47320924494815597,-0.51969748931899
2024-07-04,1.19039144603796,0.027881824634437807,-0.45403156551651436,-0.5173207874689335
2024-07-05,1.1931413162071978,0.5512942471098959,-0.5320779684116126,-0.6392887709755718
2024-07-08,1.792395239123254,0.8065954822609857,-0.5846204465605493,-0.6950019332655567
2024-07-09,1.7738358981404598,0.7130918138823135,-0.8241487477417657,-0.689270540382831
2024-07-10,1.7763760574992062,0.5495914331121724,-0.7854988842700551,-0.6944942772799511
2024-07-11,1.9506415507266996,0.867044608025332,-1.0074926217166724,-0.7037227942822099
2024-07-12,1.9223815452628537,1.1177185209980456,-1.150904981649688,-0.8347902125935918
2024-07-15,1.91828019082423,1.0702354421661147,-0.8913973581917995,-0.8327589394006372
2024-07-16,1.9272877381208764,1.2007281244981103,-0.927557282168289,-0.890441323210695
2024-07-17,1.8876376701659088,1.097527657669373,-0.8468866211110577,-0.7831812439028307
2024-07-18,1.8755883103162487,0.9578484730130016,-0.6389571617114352,-0.7179963041491243
2024-07-19,1.875600823733571,0.7520677958585319,-0.5450205252407467,-0.6502049301107272
2024-07-22,1.8680364065914634,0.7768566975446379,-0.6763153733970337,-0.6359735554007462
2024-07-23,1.8563978521491369,0.8545359405904411,-0.8383464088581214,-0.6538755028096329
2024-07-24,1.8282622410341234,0.7752029641023666,-0.47413386995280304,-0.4752215574968693
2024-07-25,1.7578590229139834,0.7750734210226798,-0.38267569276942826,-0.5408389671223752
2024-07-26,1.7272319089427892,1.0761904632902173,-0.6822970745678155,-0.6117159244873019
2024-07-29,1.7132823365030823,1.1259910730025346,-0.5704985559324308,-0.6040068026106037
2024-07-30,1.6915113202136285,1.1245529082012322,-0.3996704501833934,-0.5753472061908951
2024-07-31,0.6392584944574103,1.2818260301379323,-0.8215202835538953,-0.6154092814068539
2024-08-01,0.6747727986501452,1.3438416880557547,-0.5282966316113551,-0.6446800480364241
2024-08-02,0.7592775973049631,1.8712589557807864,-0.1574695488200026,-0.4520203227051466
2024-08-05,0.7170736884816544,1.347393762551729,1.8563429046552034,-0.2206942769187197
2024-08-06,0.6800416559480259,1.1565962101067575,0.6683171695636175,-0.3092588411605658
2024-08-07,0.6636702215380974,1.1517584734532678,0.5846088602480521,-0.30093441570243706
2024-08-08,1.114269430521648,0.9793358664822996,0.07975926763430312,-0.3314186253035937
2024-08-09,1.0723903103226526,0.8116213769836256,-0.34291270833402143,-0.3769129718029227
2024-08-12,1.0097009888540456,0.7093391821802403,-0.015998767676503507,-0.424314185266355
2024-08-13,1.0181189675792572,1.0516668513382583,-0.42054723026627433,-0.5487883740765556
2024-08-14,1.0573074603986639,1.0237860607361762,-0.7618331352245542,-0.6053751041588894
2024-08-15,1.0128262045349201,0.7581520479867111,-0.9482763650668383,-0.6897057461127571
2024-08-16,1.0541963290563048,0.9497946451541766,-0.9007175599623299,-0.7386494994641577
2024-08-19,1.058018653314374,1.0693608500553027,-0.7691457998587123,-0.719922194214696
2024-08-20,1.0747760938516822,1.3048257603071252,-0.7175997134805705,-0.7778833570881684
2024-08-21,1.0933894849042323,1.4122938911740117,-0.7564681808804437,-0.8515254257032493
2024-08-22,1.027436146773449,1.1666621723771333,-0.6248792924439434,-0.7968554994480125
2024-08-23,0.9459035043643609,1.4772671145850116,-1.1300112818791257,-0.962785794289129
2024-08-26,0.9266949082160005,1.3500863290074048,-1.114451657965506,-0.9948491313983605
2024-08-27,0.9394438586759294,1.3438578723520687,-1.2606301048506579,-1.0005010071660594
2024-08-28,0.9359997010052358,1.2424271888154605,-1.0803837170250723,-1.0030151314752291
2024-08-29,0.8871672576011997,0.9030300795544157,-1.0843980071767128,-0.9788226775186673
2024-08-30,0.88761878757761,0.6350601404648252,-1.0866491959660889,-0.9976801023938892
2024-08-31,-0.7334554403758361,-0.5379771883760038,-1.0689166574328537,-0.9260261586018724
2024-09-02,0.2928301098910933,0.43151441685936925,-0.998987098471081,-0.9194904676128275
2024-09-03,0.3331015553650372,0.6122293540516381,-0.38768878351524544,-0.7947060676654066
2024-09-04,0.3695031010337645,1.0328520971795783,-0.40335922943237135,-0.7811422307075603
2024-09-05,0.3885698466951399,1.2119533080472005,-0.7370662739788738,-0.7705348741020648
2024-09-06,0.3871905765756774,1.3382577509467775,-0.70311634276709,-0.7238313779943311
2024-09-09,0.8717551584128156,1.246179368044436,-1.2040630560253966,-0.8143486461359231
2024-09-10,0.9038744894374565,1.148995105814439,-1.335577644091436,-0.7057381681326934
2024-09-11,0.7781724543252188,1.0159377657455622,-1.3442053162682674,-0.7124041805361496
2024-09-12,0.672789093080276,1.151145798409239,-1.758114913063924,-0.7784914767834079
2024-09-13,0.6687235848820203,1.251540374584401,-2.0764722852276507,-0.8731052697176176
2024-09-16,0.6251823498171294,1.3678666851289611,-2.2299478725218638,-0.941443346829409
2024-09-17,0.597178779415216,1.1948058967793838,-2.1528326935217206,-1.0167589377820703
2024-09-18,0.6170626045026245,0.9936381525203494,-2.162563911002345,-1.0518937331516933
2024-09-19,0.5127579296808914,1.2065715506781527,-0.5274830332947573,-1.309699312942566
2024-09-20,0.5122057335183785,1.046218762336597,-0.8795667871599253,-1.2051108014703158
2024-09-23,0.5235150270146574,1.0724413108673192,-1.0010039043581567,-1.2727532182231638
2024-09-24,0.47452415674476867,1.1547900001445468,-1.1127560206253249,-1.392734212788992
2024-09-25,0.5048564117356457,0.9270242982146526,-1.1273412374932197,-1.3501777192270947
2024-09-26,0.5484887478469309,0.8400865765624138,-1.110536003862129,-1.286354249501876
2024-09-27,0.5057328866217239,1.036063189459617,-0.9612088997375224,-1.316397174197329
2024-09-30,-0.698503163640817,0.7788639832966897,-1.3555765523879848,-1.1612035700684844
2024-10-01,-0.7386840650550561,0.9286147551619944,-1.4182944399559203,-1.1994188149638874
2024-10-02,-0.7566288140954517,0.7332445096517529,-0.8569611964475861,-1.2732177272085226
2024-10-03,-0.8127569112465676,0.3779235948028854,-0.44453660474838325,-1.4185102087112467
2024-10-04,-0.8347256643688162,-0.14286462094497435,-0.3532652619489127,-1.4888557072130153
2024-10-07,-0.8914071970560745,-0.43803126907679574,0.7954868124162368,-1.4708199645513018
2024-10-08,-0.7601302271681696,-0.43892264031409184,0.5501894890322057,-1.4782202594677338
2024-10-09,-0.7365051479456839,-0.7281133879178144,0.6059918608766187,-1.4376333577432023
2024-10-10,-0.9270537117240215,-0.4880884152370621,0.4316533677810192,-1.5265313986894038
2024-10-11,-0.9199823480917307,-0.46674138157909933,0.43862285118827266,-1.5390380889065134
2024-10-14,-0.9106608721940855,-0.6155558019622526,0.36826773090484816,-1.5189728317304683
2024-10-15,-0.7853451894567766,-0.5196575623857842,0.4735888957448794,-1.4966764756741548
2024-10-16,-0.7283148569523973,-0.35323095792891257,0.21444163703238736,-1.4682007717346839
2024-10-17,-0.7726467896083339,-0.49078054871572724,0.2972439780819366,-1.4044802942328776
2024-10-18,-0.7609212936228105,-0.6325611379227262,0.23394130261773308,-1.4313782943884197
2024-10-21,-0.7758613866521142,-0.991003103581079,0.512310905562731,-1.2470494200958082
2024-10-22,-0.8185167824894775,-1.0862979554766306,0.46959571501002445,-1.2347504580766582
2024-10-23,-0.7777222891432398,-1.393418716581651,0.5844577342109382,-1.0988726177103192
2024-10-24,-0.743324201357743,-1.2718596792598937,0.43773992390969224,-1.2196492858556738
2024-10-25,-1.519591932522145,-1.235485660898481,0.6900215685387798,-1.1725908319323814
2024-10-28,-1.4176598380452898,-1.4890129609410456,0.6338152330446775,-1.1042606581130476
2024-10-29,-1.4191051329301396,-1.2799280416850485,0.5301978111612577,-1.1451493400339856
2024-10-30,-1.4162655474920425,-1.6525775874220159,0.5698836722580324,-1.0998999871850796
2024-10-31,-1.512476098788914,-1.6707668979511547,0.44499447544546,-1.0400478539933806
2024-11-01,-1.4808501713066835,-1.6451613110502867,0.27788983971444076,-0.9488447501775981
2024-11-04,-1.4658410749783963,-1.0566444964489123,0.6356316693865298,-0.9719723172173877
2024-11-05,-1.4557058988482456,-0.901064247493877,0.3481864341665747,-0.9912324257369565
2024-11-06,-1.517109706617622,-1.190699460554677,-0.4014085133767551,-0.9553483591696699
2024-11-07,-1.5023696599491851,-0.7149191982828316,-0.9561488128440369,-1.0734671492903878
2024-11-08,-1.6552429362651015,-0.9236185951476092,-0.15322800944862155,-1.0098476423672127
2024-11-11,-1.625240608882803,-0.976912360099523,-0.14800045862482789,-1.0020363799762158
2024-11-12,-1.5945000916649534,-1.256105375410052,0.11130443024993973,-0.7911051072806691
2024-11-13,-1.577832767461346,-1.3254603854980442,-0.2796365274235308,-0.829346081580534
2024-11-14,-1.5901174216355192,-1.5272980266051575,-0.15076070209808656,-0.7377269033160108
2024-11-15,-1.5452472357419815,-1.4425903519573946,0.055476292728129255,-0.783808911617294
2024-11-18,-1.5923715297691954,-1.3362620059583947,0.0535035895481664,-0.8287172830112349
2024-11-19,-1.578058098189462,-1.051269561183662,0.26573416721738297,-0.8527776143448046
2024-11-20,-1.5832558107772945,-1.2301110980403285,0.5117695560673629,-0.8076238395561856
2024-11-21,-1.5723882037196995,-1.1857569790797144,0.31714231350352623,-0.7320345167916584
2024-11-22,-1.5489911572878299,-1.2254616382403956,0.05334485191948111,-0.7185389586988282
2024-11-25,-1.488407118604606,-0.7391269738272829,-0.11677199450088536,-0.8772340994465098
2024-11-26,-1.448591008741122,-0.7513947224337388,-0.3600967023766226,-0.8475198321586133
2024-11-27,-1.415603689692545,-0.6839118648239071,-0.3180945012239505,-0.9344792217233637
2024-11-28,-1.3943360676677594,-0.5660933546257534,-0.33617383001809004,-0.9278077472806568
2024-11-29,-1.377459672014904,-0.37682880497701454,-0.5940663585373942,-1.0623663596237471
2024-11-30,-0.7134116516457338,-0.38685059140305794,-0.5883917884801929,-1.0494134681970604
2024-12-02,-0.6253792528594168,-0.4594484694669442,-0.8769145021563649,-1.013875078607688
2024-12-03,-0.6396910920595459,-0.5630964666099653,-0.9848813700813648,-1.0235848788660324
2024-12-04,-0.6407722585018016,-0.42046103160036247,-0.8309180864409953,-1.0924417034559262
2024-12-05,-0.6340785760649175,-0.5545264531508443,-0.8971469288517477,-1.0426993603940429
2024-12-06,-0.6156324440944704,-0.5137861041482826,-1.5223381068633328,-1.0462096375494088
2024-12-09,-0.6132690300398751,-0.5980819617683671,-1.4058717697139684,-1.0219235930174713
2024-12-10,-0.6164835902175793,-0.5450261340055289,-1.373020481092453,-1.0082305238208122
2024-12-11,-0.6571770767421606,-0.5688827793101976,-1.645306464269168,-1.0056648711946412
2024-12-12,-0.6633282225979112,-0.7132283736383661,-1.7154602665771312,-0.9060522329554802
2024-12-13,-0.6614607463332267,-0.9291742430796576,-1.5358105110991271,-0.774514009934289
2024-12-16,-0.6388611036709422,-0.9281686950241772,-1.5319968221268505,-0.7395159189337731
2024-12-17,-0.604893609978744,-1.0149737370631817,-1.188751542247863,-0.7019464454193138
2024-12-18,-0.5809554942700886,-1.3577260978757149,0.23655174555015698,-0.5103065466870136
2024-12-19,-0.5582458095684057,-1.4060934885002143,1.1756006110056973,-0.455843291233423
2024-12-20,-0.5664237892571219,-1.2816686145140521,0.5778712370647587,-0.488550431606498
2024-12-23,-0.570388283463318,-1.4736192663043235,0.47758365936346625,-0.4399816450394623
2024-12-24,-0.5707353272521511,-1.4469458576480951,-0.17897854973267396,-0.47666903626804236
2024-12-25,-0.5682321186452073,-1.4880402770548193,-0.17648439384074155,-0.47459823267839696
2024-12-26,-0.5672078916501286,-1.3987018561974225,-0.7420885511330831,-0.5142274763229766
2024-12-27,-0.5449729923566973,-1.5885273593066185,-0.5148133510604799,-0.48706367450633
2024-12-30,-0.551097710218413,-1.3234056148491926,0.21879469926450978,-0.5909325353371256
2024-12-31,-1.250396588271479,-1.3693432133378671,-0.18805018291155964,-0.5692509514433894
2025-01-01,-1.233027364219352,-1.2690704278179297,-0.1843308275410078,-0.5665165075342127
2025-01-02,-1.2615873901154588,-1.2402791828908362,0.19523268097451932,-0.5851638577088135
2025-01-03,-1.2507390667853144,-1.3184727672069525,0.2635007304196795,-0.49286466609098306
2025-01-06,-1.2520036740779976,-1.377662504592869,0.5937108205141318,-0.4734362811565496
2025-01-07,-1.2522651561572546,-1.4940554199303668,1.0100269813111065,-0.44680592498781985
2025-01-08,-1.5253351614048276,-1.3850239321218745,0.8336063720788951,-0.4857064825851323
2025-01-09,-1.4989820085923153,-1.3653080380752158,0.7697788109394217,-0.4924158350642707
2025-01-10,-1.567077319430691,-1.6757071105922732,0.8917799961671902,-0.27968305949888206
2025-01-13,-1.5994049560494046,-1.6706908559524074,1.13104892728773,-0.2901974328398283
2025-01-14,-1.6255431869545593,-1.5606641090095332,1.0172861059001073,-0.32164530463354685
2025-01-15,-1.5989306518038904,-1.0292285250500923,0.3847827849764685,-0.5411962436149191
2025-01-16,-1.6101875886362569,-0.6082907438572229,0.3588720361126282,-0.6580852432879195
2025-01-17,-1.6098815830372943,-0.6176339630262667,0.37193779565820434,-0.5693709975445486
2025-01-20,-1.5837740495332737,-0.6332278898517918,0.35306143725534656,-0.566645489810852
2025-01-21,-1.5377378625096767,-0.4520678969586543,0.32658481477760604,-0.5466334144646271
2025-01-22,-1.5127141346513877,-0.5503260095833978,0.13022648514441518,-0.5363100336321808
2025-01-23,-1.507701057175175,-0.5452006430668108,-0.2032286605975205,-0.5912434321189981
2025-01-24,-1.4982805247026698,-0.48835600049837324,-0.27293657194465654,-0.6497577842917593
2025-01-27,-1.4833539904113404,-0.1842174282840776,0.3131455708024811,-0.8228539411459892
2025-01-28,-1.4784183002954148,-0.264519875013802,-0.026861983196078285,-0.8850181303835281
2025-01-29,-1.4783913915585514,-0.27481849056238344,-0.06671924628889749,-0.7811401536181379
2025-01-30,-1.445471226631732,-0.23836234584897675,-0.2231135367461904,-0.8179222999390963
2025-01-31,-1.242420923733229,-0.31986844815446336,-0.2194248809828461,-0.7691492420599676
2025-02-03,-1.276092038649036,-0.3220661821050708,0.3213559676026257,-0.7794972398606382
2025-02-04,-1.273360912788081,-0.2586032617244633,0.20910792470293438,-0.8494861457631406
2025-02-05,-1.263853856935691,-0.024130669506285295,0.23400673491436447,-0.945313818154908
2025-02-06,-1.2546702321101741,-0.21591751925340064,0.03158478984972669,-0.8339668866271169
2025-02-07,-1.2913225351101023,-0.4064862241210598,0.23472726404739463,-0.637895212325247
2025-02-10,-1.7608232914977135,-0.10921191096720971,-0.04591208311328475,-0.6731647224905909
2025-02-11,-1.7993059161125822,-0.09946907849624903,-0.10479227977718635,-0.6849045289564673
2025-02-12,-1.840307967735125,-0.3890672685847851,0.07388648420938032,-0.5256691336854832
2025-02-13,-1.8402633505180281,-0.3769150445505123,-0.2041386642811361,-0.7693068014721075
2025-02-14,-1.8260993071064486,-0.2736599179865875,-0.26353443091348305,-0.8982957315245977
2025-02-17,-1.7965472620751213,-0.19217371612972572,-0.1877900088322973,-0.8921520897051401
2025-02-18,-1.7856877471049433,-0.3559839855318827,-0.4109281528039473,-0.7970205816885555
2025-02-19,-1.785694546694627,-0.30147762037273235,-0.29269391269506023,-0.8991640008785118
2025-02-20,-1.7841616635642186,-0.3522494297183401,-0.09753930616989664,-0.9286620255221282
2025-02-21,-1.733334389539861,-0.15283330646934007,0.3226689941510382,-0.9984142323818039
2025-02-24,-1.720577969043765,-0.15109258798862485,0.2314753405756314,-1.0619608744849305
2025-02-25,-1.6858629714256468,-0.052928190125518366,0.6387747552839111,-1.0782332642669414
2025-02-26,-1.6375847652235942,-0.059590305770743535,0.7007967820328947,-1.078310852366363
2025-02-27,-1.6603156615840609,-0.04135831123224102,0.7147332705730223,-1.0593248441502714
2025-02-28,-1.2262811764289632,0.06178492179425508,0.6747735394313644,-1.0112753902935745
2025-03-03,-1.2153969159826563,0.1758209252593053,1.448406733375291,-1.0175103226925515
2025-03-04,-1.1877511929801232,0.13937226888683524,1.5965044131299924,-0.8589223744152942
2025-03-05,-1.1635887057168184,-0.08974623412977473,1.2548033047107714,-0.968340688781895
2025-03-06,-1.151312065212464,-0.15053494858262081,1.691116684653037,-0.9505826100129954
2025-03-07,-1.1392888430735175,-0.2081046373431454,1.3646421276838276,-0.8178812000774759
2025-03-10,-1.553098406299067,0.26496955115203485,2.1332830766009607,-0.6816297147967351
2025-03-11,-1.5592142005452436,-0.09393876693118876,2.128611621604429,-0.2819727368865125
2025-03-12,-1.5310544466103082,-0.23180203237212677,1.5206393970908034,-0.11049014596352699
2025-03-13,-1.4955036510876865,-0.06335427558669363,1.655820006142664,0.06721965456414011
2025-03-14,-1.438724983900701,-0.3042765292148956,1.0839997608933623,-0.14807543933112788
2025-03-17,-1.4060813323864105,-0.2735020721015926,0.7569583588688715,-0.22214055914513867
2025-03-18,-1.3487055629099398,-0.1225857695818133,0.7942472627909677,-0.246468063985481
2025-03-19,-1.3573540713852816,0.26677474889946007,0.5683639311029561,-0.5974923447974394
2025-03-20,-1.3260122506423673,0.31622208807129504,0.6792879237820418,-0.6300511825158462
2025-03-21,-1.2774516453110472,0.2691204722755428,0.4980382083409909,-0.5540164219508871
2025-03-24,-1.2566324932559474,-0.1408300301354389,0.24068260450758083,-0.6142286317144452
2025-03-25,-1.2397970506188656,-0.0691266207309801,-0.01705341894048374,-0.6723970822522405
2025-03-26,-1.2689888392614028,-0.2945649894177733,0.023866330894263862,-0.5432306354847117
2025-03-27,-0.8040267983423726,-0.4096747903803232,-0.004719049984824734,-0.4824207155511851
2025-03-28,-0.7960401261180498,-0.023497421625251223,0.687328561750941,-0.29234047651028666
2025-03-31,0.5021814364522633,-0.05029675793172711,0.5688501383475956,-0.08608742722669112
2025-04-01,0.49722485982571474,-0.08399995044074711,0.7510977707993496,-0.028048560082665076
2025-04-02,0.4269951200417381,0.14570125879884202,0.926099974652478,-0.12589439320226573
2025-04-03,0.38669730306426764,0.4605125946613253,1.9841968567869521,0.3345527990691107
2025-04-04,0.43807905797591096,0.061442385971833456,3.0,0.6502379908522462
2025-04-07,0.39390730075835756,-0.7957495231320909,3.0,0.8524752824072863
2025-04-08,0.2602867495613755,-1.0505665658256147,3.0,0.8213286372391132
2025-04-09,0.30064354182146125,-1.1863386781618468,2.474652235088952,1.0156063594555864
2025-04-10,0.4732327398504376,-0.9386329635354647,2.952820104363411,1.0619303946465175
2025-04-11,0.39097636653798157,-1.288194749802778,3.0,1.32824833188536
2025-04-14,0.44902570282216475,-0.7422697120677625,2.336691597748153,0.9131279731244636
2025-04-15,0.501503113840007,-0.6278769468558513,1.7719703798066588,0.8954539915520685
2025-04-16,0.521462283368257,-0.32538704652372386,2.106852325728345,0.7890275930080624
2025-04-17,0.3949043364094214,-0.5192198822063601,1.6576807510053317,0.8489021450653087
2025-04-18,0.38545446468470485,-0.6105458223855309,1.6305073137553114,0.8428475145988593
2025-04-21,0.4335446868541033,-0.7412476464260863,2.346513784624014,0.9030137469904607
2025-04-22,0.3698239292037182,-0.606789689211271,1.7831103169650806,0.8237717597431802
2025-04-23,0.37947054615149806,-0.6261880746356278,1.6345909267732137,0.7622282993821314
2025-04-24,0.33152764910994076,-0.20641309770875851,1.1358394826416645,0.5399906412663182
2025-04-25,0.3148518894797371,0.09383172236902335,0.7354071282934349,0.44339420183874767
2025-04-28,0.30660671668870354,0.20584930818810177,0.7259735796329808,0.3589544189247144
2025-04-29,0.32490783150100927,0.29868960618394647,0.6746013984979277,0.41088972098444465
2025-04-30,0.18740284889163636,0.3323602614343555,0.5136520652228411,0.44167225244620606
2025-05-01,0.17567002746209132,-0.14545630406756319,0.4767797493952946,0.5583409377017651
2025-05-02,0.24455739611332558,-0.6688156273334431,0.36551712004862347,0.623116814878472
2025-05-05,1.2547946476118466,-0.49389134590498146,0.6455461279173742,0.5988504154290587
2025-05-06,1.1815719813095094,0.2989977525948883,0.8065451148330571,0.5140408888676706
2025-05-07,1.1049100938436927,0.4433716603660072,0.6572162958009287,0.4384304504995747
2025-05-08,1.2998077343596195,0.5200682960098103,0.5974489263024741,0.4654409918013459
2025-05-09,1.193808930155123,0.41600649038222215,0.6156587007590247,0.47599604340595975
2025-05-12,1.2626306054677074,0.5834625076626685,0.6675757504414335,0.41575986231939
2025-05-13,1.2053672404204017,0.21780317893418238,0.4499940306038565,0.20658627366054372
2025-05-14,1.1177145815160534,-0.1351455591779311,0.5799195147464472,0.16716766389367252
2025-05-15,1.0685424700211414,0.08142518582584314,0.2388342855904707,0.0182391228242099
2025-05-16,1.010199837241854,0.16618817645028147,0.09254236125675482,-0.15679919761274203
2025-05-19,0.8228721107201754,0.23882872671807417,0.43494371044618385,-0.3009276404936369
2025-05-20,0.7762022674271819,0.26314702959882424,0.37188480169613386,-0.4227782191631679
2025-05-21,0.6992033906456139,-0.17343306772657868,0.7378078154942254,-0.23128871430998627
2025-05-22,0.6907364402695679,-0.08265951251508372,0.6064666404453057,-0.20660456221980242
2025-05-23,0.7755169510488663,-0.4913585672673488,0.7993177122042878,0.018213292833206926
2025-05-26,0.7455858466332844,-0.7330562901304323,0.6443348370434094,0.017830516475312516
2025-05-27,0.7431225934439376,-0.4721670123222206,0.05723196946176086,-0.46334770656936525
2025-05-28,0.7256807836514352,-0.6775117578992019,-0.04509931011389726,-0.5524952122821851
2025-05-29,0.7525363947576909,-0.47249522511873004,-0.027196285117531104,-0.7088586267238404
2025-05-30,0.6359464981734377,-0.013204388395887697,-0.1975748954666829,-0.6430675972987627
2025-05-31,1.4992584498764123,0.4095635289386341,-0.19625157796730958,-0.49292278903129283
2025-06-02,1.0166245335095576,0.026197092115644787,-0.12670464497996714,-0.5289264853501142
2025-06-03,1.0033036822381407,0.035548863639697295,0.06500896608958573,-0.8648725489391287
2025-06-04,1.0000312467760732,0.4587016752338743,0.2157178200120441,-1.0508890351332107
2025-06-05,0.991497722122731,0.12431453811852325,0.140036084297737,-0.854947993049265
2025-06-06,1.0451902290818595,-0.16901630261817907,-0.15788796579132958,-0.6779848980273983
2025-06-09,1.2321212314062728,0.1456441521171408,0.014272071047343817,-0.8629041771353416
2025-06-10,1.109135276526044,0.09333498566019943,-0.05522755885633754,-0.8061289484358468
2025-06-11,1.1449705418823601,0.5170579743480311,0.005498869442818047,-1.0217902426817678
2025-06-12,1.1382443684299006,0.6032451525410155,0.12473682976499544,-1.067345887016557
2025-06-13,1.0695199325896008,0.22538616612018578,0.5260756736481738,-0.9636457799966146
2025-06-16,1.0510128146137572,0.026642788111213914,0.10497689924740954,-1.0126777958040738
2025-06-17,0.9856581998223846,0.07844129460004766,0.2953684650836362,-1.0618211858712552
2025-06-18,0.9568505058554957,0.24968527279784378,0.26641347534253174,-1.1163195686731693
2025-06-19,0.934455695190185,0.3931923733093387,0.4580125388301645,-1.1067537563784986
2025-06-20,0.8858491159394224,0.4950334283256994,0.029557157229185782,-1.1911887949616635
2025-06-23,0.9120329917670277,0.7432557257510287,-0.08588913356621966,-0.9963076711838423
2025-06-24,0.9525203223144261,0.9586160226102938,-0.40767551732484697,-1.280438203790884
2025-06-25,0.9367645264406035,0.832169835457484,-0.7084701301787109,-1.1860717644725371
2025-06-26,0.9037895244622632,1.029788638562812,-0.8783508695470319,-1.267574136770295
2025-06-27,0.8909678456084184,0.7293507303284992,-0.9769714260065819,-1.3496368103193948
2025-06-30,0.2669114209140797,0.986670668910847,-1.1674245713472668,-1.537691632472547
2025-07-01,0.37110969499672236,0.7962094514165782,-0.8348419888899415,-1.5368545647176377
2025-07-02,0.35532755108732605,0.8750789017080183,-0.6839594302371419,-1.566694746206946
2025-07-03,0.3326281552737502,0.5853835673732749,-0.5126146421422868,-1.532013005774632
2025-07-04,0.3259433083356552,0.8667358292923761,-0.4016974439627924,-1.5122271941841399
2025-07-07,0.26771132943726894,1.020803515952146,-0.22500175878187517,-1.4296748684279907
2025-07-08,0.3100323757200006,0.8213554316630384,-0.3657204147542341,-1.3716176918647582
2025-07-09,0.3108323664282797,1.210111232047721,-0.42270028664068177,-1.3880785940007718
2025-07-10,0.3314597759965245,0.7698175659818388,-0.5209749144930762,-1.3854011798338495
2025-07-11,0.30427169094926554,0.33835018983152865,-0.38327485505631836,-1.3359993215911028
2025-07-14,0.28703911619160055,0.3649008778269926,-0.25371842077251033,-1.333702923805459
2025-07-15,0.27920076409054834,0.1454299226754147,-0.49864027181876486,-1.3261614220808906
2025-07-16,0.260668120489209,0.41372773472378677,-0.3405346913118698,-1.4168946756235736
2025-07-17,0.22287809816130616,0.48219263253884503,-0.5240801541080666,-1.4733517690771492
2025-07-18,0.21292112537413335,0.6652627583397985,-0.41955613315880735,-1.528010540289358
2025-07-21,0.1993097758732597,0.7253047853473921,-0.21788273766700764,-1.5568378883413267
2025-07-22,0.20873470827340673,0.5594490546766888,-0.1759734667441557,-1.4882801057609445
2025-07-23,0.24777482800370487,0.081542132838526,-0.25140555236702505,-1.4822528499203387
2025-07-24,0.272522828060524,-0.17295203346773763,-0.4538143947882278,-1.4633947655237203
2025-07-25,0.43451997611248006,-0.27275494890428476,-0.8597946360392837,-1.4310616100640667
2025-07-28,0.3794208692264811,-0.26165904090791464,-0.8499691310389458,-1.4231729743395043
2025-07-29,0.3142515787482298,-0.050798346353433915,-0.686177488178369,-1.4988520816920137
2025-07-30,0.2950683650049542,-0.19981931319065893,-0.6155963284042318,-1.3537794627176345
2025-07-31,0.4894814367579055,-0.2698533006696315,-0.9531714228316315,-1.2811072639051089
2025-08-01,0.5281522003888567,0.8634299686282079,-0.4786347636498944,-1.3448823432722323
2025-08-04,0.32167337286830056,0.930604474573039,-0.7312992557711602,-1.3611194400383675
2025-08-05,0.3274562853617385,1.0027675787197226,-0.7708891340137451,-1.3568300756969782
2025-08-06,0.3744898377355485,1.078607226619552,-1.08060772892923,-1.4014480828259872
2025-08-07,0.3492385129129913,0.9739183517889349,-1.2616648223673617,-1.4440363843808255
2025-08-08,0.45509349860906767,0.6744785389833955,-1.414165484662043,-1.4149453907204979
2025-08-11,0.4267645313893345,0.8837001396321242,-1.0942852281706885,-1.3996224649014748
2025-08-12,0.47668588981183835,0.927281868958516,-1.6218937387448582,-1.4549194988024512
2025-08-13,0.4709274511334178,1.413637818461759,-1.5761813551753598,-1.5706452401900268
2025-08-14,0.4499461354473549,0.9450689636945402,-1.5296240718109857,-1.5094490073442197
2025-08-15,0.4703202919903448,0.8861471858038286,-1.5985755611201198,-1.4521430282356176
2025-08-18,0.45915378726156714,0.8269345425057567,-1.2370301964922843,-1.4223628637886707
2025-08-19,0.46770154909588496,0.7907832906089919,-1.2282457836395768,-1.4177843304774502
2025-08-20,0.4567873290405542,0.7059485795574909,-1.0760586389543527,-1.4020800899627617
2025-08-21,0.41813810510684524,0.44176731405855496,-0.9322526101537014,-1.332476367112894
2025-08-22,0.20878898008134375,1.0269669062940283,-1.6962440552668072,-1.503897954992726
2025-08-25,0.20842190160282484,0.9210778798987616,-1.6493955774087563,-1.467219278159299
2025-08-26,0.2082007179677327,0.9723595139800629,-1.7183474212562941,-1.4697901554080761
2025-08-27,0.1585669122068246,0.9717898458157039,-1.634578686496891,-1.4604848892344933
2025-08-28,0.15812993468117806,1.184198704890637,-1.5444058214291443,-1.4339239892780666
2025-08-29,0.17565975103038636,1.100656041306495,-1.529960837723266,-1.30362502283466
2025-08-31,-0.3297875482928339,-0.40722988943450816,-1.505334731803182,-1.2156127689581282
2025-09-01,-0.3890300778159616,0.26844242058854095,-1.4084631275276978,-1.2040131673321117
2025-09-02,-0.3877414929924606,0.09860222156102473,-1.4364746507372805,-1.1046240595498473
2025-09-03,-0.36562017770931987,0.4773614584624625,-1.3728721400331847,-1.1788948196912623
2025-09-04,-0.33112470635015456,0.8330966026738607,-1.7937739483216268,-1.3428697540212804
2025-09-05,-0.31806993355626656,1.2964849924131545,-2.250090521501528,-1.3650798270225317
2025-09-08,-0.3432245847321104,1.3769250606381758,-2.0655975955241885,-1.2908902977727577
2025-09-09,-0.369306598779522,0.8479939318629988,-2.0655054248566627,-1.251455066968595
2025-09-10,-0.3570193664328354,0.9042833629584996,-1.9735957602259224,-1.31805746827162
2025-09-11,-0.34901579871498223,1.0853326752842285,-2.2340829397443698,-1.389619899699167
2025-09-12,-0.3815290534398933,0.974174097785942,-2.257653033915773,-1.377810910456087
2025-09-15,-0.38261096774484843,1.2542998787422024,-2.524329235248088,-1.3939802286732348
2025-09-16,-0.39541465935944,1.3198263361489413,-2.00458334784008,-1.3973926210061927
2025-09-17,-0.3964226787840321,0.9930658119324118,-1.9654659963196948,-1.351040716592979
2025-09-18,-0.40716430063686465,0.9423757393359947,-1.033177675526453,-1.3132334213669092
2025-09-19,-0.35829594619926736,0.6903591107791922,-1.0468030835146445,-1.292632141407687
2025-09-22,-0.3396963989296504,0.43966872303551835,-1.0054082425203674,-1.2379513889485996
2025-09-23,-0.3532633429098753,0.5092415670238631,-0.8620868205424825,-1.2504850210271614
2025-09-24,-0.3948431148398411,0.10335375296391486,-0.8915587958966973,-1.2084754855282323
2025-09-25,-0.4038637591274559,-0.3273623173964564,-0.9557146635242767,-1.1264170028625624
2025-09-26,-0.9852670749171291,-0.16388280831920246,-1.106138812124552,-1.127673293761605
2025-09-29,-0.9490452589313298,0.14936890723574847,-0.8449843710407835,-1.1474155436827853
2025-09-30,-0.16396504401040393,0.12897778085142372,-1.2960483624212673,-1.1165199993961046
2025-10-01,-0.05245600988984323,0.6879883129148691,-1.2556139806344349,-1.17143217079999
2025-10-02,-0.028286682847654038,0.672004424809714,-1.218072847393619,-1.1691102228947674
2025-10-03,-0.04755628701427191,0.2853238404229905,-1.1336846471125597,-1.1256802510026147
2025-10-06,-0.06659564357652449,-0.15783549892559948,-0.958795776315854,-1.092902087540576
2025-10-07,-0.07199571418774803,-0.08690028634300376,-0.8608482793207365,-1.126947712236767
2025-10-08,-0.0797779677884778,0.16533570715009763,-0.8071341983272244,-1.1037417759869859
2025-10-09,-0.05296758460931026,-0.22047409725965866,-0.7723769978485723,-0.9918502655707545
2025-10-10,0.01330963427725611,0.06690606428781307,-0.22131082883991784,-0.8439105009881679
2025-10-13,0.011282542747583557,0.0004052172691473802,-0.4437948918301483,-0.8384429735549692
2025-10-14,0.018920638032145356,0.1691996671805815,-0.5323550342011497,-0.8628654357260205
2025-10-15,0.017427904331678585,0.11664110760535752,-1.0243902302961114,-1.0332463422252154
2025-10-16,0.04044460810988603,0.533107212447274,-0.5453845460693526,-0.9494867951388466
2025-10-17,0.039782609520450755,0.24404611849701519,-0.5783993470657705,-0.8993345032243556
2025-10-20,0.039016660719377955,0.43510891910796623,-0.9242715559642279,-0.972030114170409
2025-10-21,0.04146511623842618,0.6244289771285918,-1.2502620542264546,-0.9215269323648624
2025-10-22,0.012730984247552242,0.4424673344897465,-1.1144465399069547,-0.843240244441449
2025-10-23,-0.0006055539124051127,0.4036667792335175,-1.3589047864357338,-1.0245010409216002
2025-10-24,-0.2242997319595803,0.7816321898184382,-1.6847680321255736,-1.0964301802570446
2025-10-27,-0.18437170466012393,0.7718138272145681,-2.0046813430616366,-1.0981818088306028
2025-10-28,-0.15371403036458353,0.6270550782460393,-2.098312779185509,-1.0917487812739775
2025-10-29,-0.11066716827989194,-0.2636361212997199,-1.6036932289982704,-0.9586068512142574
2025-10-30,-0.058598193900169585,-0.7579022770233665,-0.7928997526150626,-0.8691180961777325
2025-10-31,-0.7227288794140643,-0.9029692190691239,-1.544281339990764,-0.6586441100975154
2025-11-03,-0.6039896989736485,-1.0676456703140271,-0.9819396010628456,-0.513948818755208
2025-11-04,-0.657687251654324,-0.8544896012078912,-0.26199527544423085,-0.5427910898248707
2025-11-05,-0.6178352318682462,-1.133723071355014,0.1695795666528902,-0.5414753427938098
2025-11-06,-0.5830160300770569,-0.6480426335454937,0.13304247477569792,-0.5514352022210118
2025-11-07,-0.5853084876422769,-0.6132883799348828,0.11002024062698322,-0.5041442698177967
2025-11-10,-0.7430505779381283,-0.9584559200740402,0.12212626612438722,-0.4614764034290244
2025-11-11,-0.7362349956291928,-0.8886556896239359,0.0952688562505987,-0.45950805776484976
2025-11-12,-0.7771495091257393,-0.7621668773820834,0.06526154449494934,-0.514580141855421
2025-11-13,-0.7993679751549171,-1.14497913674016,0.18172468751937318,-0.43092626612887913
2025-11-14,-0.9618481123085998,-1.5077504692159713,0.36742513485817213,-0.38221276580399444
2025-11-17,-0.879397306887612,-1.3593058477977167,0.4040226766199341,-0.3844879085300249
2025-11-18,-0.8705025817243639,-1.2031983270289848,0.8393724940046118,-0.4194434681973591
2025-11-19,-0.8324134584076616,-1.4254698333457738,0.971899915568663,-0.3718380325100586
2025-11-20,-0.8136286905028893,-1.0755861135638078,0.9794000522346539,-0.40863377876033924
2025-11-21,-1.4678795673271507,-0.8612172412946024,0.5009155034344345,-0.40522259659648624
2025-11-24,-1.4176029094829938,-0.8302347047344383,0.02721604425265616,-0.4586195610154301
2025-11-25,-1.3743179603256164,-0.5309156152981953,-0.6527020970459595,-0.5610734860705391
2025-11-26,-1.383114836924837,-0.3991408356682306,-0.6792261868996133,-0.6325474545037159
2025-11-27,-1.3545626502011658,-0.026441942908935777,-0.670372934096897,-0.6293004336579916
2025-11-28,-1.3479628883234176,0.10446613794000109,-1.2786900064840003,-0.620690245698221
2025-11-30,-0.9774246153627112,-0.8075286802392296,-1.2588066185474553,-0.580470309596405
2025-12-01,-1.0964765781831114,-0.21431014870708615,-1.2183632051150157,-0.5050612999037397
2025-12-02,-1.1367461404037085,-0.14746438055640768,-0.9320486043027357,-0.5587882156204642
2025-12-03,-1.0951942160338801,0.012689964907528275,-0.9924768659059305,-0.6387055369630923
2025-12-04,-1.0836872976512335,-0.3723559508497101,-0.9244154910973144,-0.6374893157315632
2025-12-05,-1.4082874132234662,-0.44216342533668485,-0.9606913320265209,-0.667042981422873
2025-12-08,-1.6814886180143742,-0.5277848560026841,-0.7796060068060978,-0.6903845211482573
2025-12-09,-1.5699676691603333,-0.826269886540843,-0.5375218845619973,-0.6025899627998945
2025-12-10,-1.510506514919091,-0.28877374712441706,-0.8574196481441732,-0.7640385461027906
2025-12-11,-1.422465845178616,-0.3197596941544348,-0.01479486913776995,-0.753221705631326
2025-12-12,-1.3449928908131894,-0.4505017018898977,-0.11937128298041604,-0.6349000132183854
2025-12-15,-1.269216535325885,-0.2575703846196992,-0.2311346482967279,-0.5368113770360438
2025-12-16,-1.1275700766282053,-0.13491600573296272,-0.18725387247874334,-0.47441151798180226
2025-12-17,-1.1310924621997258,-0.14041757156964133,-0.18268726956225792,-0.47769882976061695
2025-12-18,-1.0358372467464272,0.044462480539060455,-0.27090138467411495,-0.5300715647057083
2025-12-19,-1.0348850694803966,-0.2788016672410617,-0.4699382322252412,-0.5674965592752669
2025-12-22,-1.309806144843136,-0.43788237020558846,-0.5197815015870457,-0.49184681698123406
2025-12-23,-1.257594747912091,-0.6059483350603201,-0.5591043221877801,-0.560448766446837
2025-12-24,-1.2291002529136648,-0.36629264020758223,-0.4335526351561712,-0.7091680605076878
2025-12-25,-1.1837695990662058,-0.45859789917861427,-0.4283295944811609,-0.7052235091892235
2025-12-26,-1.1102820103895827,-0.2836686428125145,-0.9320148657836866,-0.7466777952049157
2025-12-29,-0.8431144382102798,-0.13577791709324058,-0.905522679739857,-0.7815417801476952
2025-12-30,-0.7901128808614086,-0.02055386988829951,-0.7808921154761741,-0.6809560041236372
2025-12-31,-1.2152233891203696,-0.34347232929813326,-1.0720792225607427,-0.6109657587352497
2026-01-01,-1.1868924403596808,-0.43463701994094817,-1.0582358385390038,-0.6079192761504308
2026-01-02,-1.2368182769608278,-0.6336419444665494,-0.679092028758066,-0.6226623350696029
2026-01-05,-1.249760362362365,-0.2026635828642368,-0.43548862185426007,-0.6871413483147735
2026-01-06,-1.246342616012312,-0.06333122008459159,-0.28131425581441044,-0.789165540501032
2026-01-07,-1.2303849736963517,-0.03143569306138857,-0.12467158613376193,-0.6878009597931963
2026-01-08,-1.5820263451306589,-0.7513827452973937,-0.05915094366636725,-0.6113787392837005
2026-01-09,-1.6167856150659996,-0.8551809376856194,-0.2877519957317982,-0.7534425288144201
2026-01-12,-1.5831219182249183,-0.8343037834309894,-0.095070575382373,-0.7760933723260884
2026-01-13,-1.5307079854367902,-0.7658196678150203,-0.017693130650266335,-0.8559459176965305
2026-01-14,-1.5194900962198223,-0.5765196831069761,0.04237666496867761,-0.8873604368240462
2026-01-15,-1.4628614623613887,-1.0025290719379685,-0.18208025804838504,-0.8067307540988745
2026-01-16,-1.508143683094406,-1.4192695649584264,-0.12954783867337,-0.7707051640688622
2026-01-19,-1.4741280222993065,-1.3364981802574263,0.16706623501645446,-0.7661274646294373
2026-01-20,-1.463271496589475,-1.395838316581513,0.6966725870679259,-0.6936872609845691
2026-01-21,-1.4852961425912476,-1.0193169813117202,0.2919950697151342,-0.82676616773961
2026-01-22,-1.450733637632312,-1.2058221365694184,0.008165401596547685,-0.7671601397700781
2026-01-23,-1.6435067761710838,-1.1746581504870062,-0.004572230770684694,-0.8450160108319665
2026-01-26,-1.6016840238272723,-1.0257694625170142,-0.10942925089438657,-0.865831493899271
2026-01-27,-1.6229022865704559,-0.9791191520849725,-0.11927011327163753,-0.9441999088277017
2026-01-28,-1.6419036221745764,-0.879721707755424,0.12670538160243575,-0.9778954169042999
2026-01-29,-1.687824117061843,-0.6207187137486153,0.21559439981645337,-1.031966248831108
2026-01-30,-1.7028569318419025,-0.41436205024392675,0.054245538699403864,-1.1012101240818002
2026-01-31,-2.660788303497671,-0.844119847643119,0.056559492315271395,-1.0652040546743642
2026-02-02,-2.426311492623968,-0.6756487829853774,-0.07070037571503182,-0.9672023684624852
2026-02-03,-2.3847064515634457,-0.9456391947123904,0.0762383759488455,-0.9567500835255898
2026-02-04,-2.3236986705637146,-0.9367773752284383,0.385428063703259,-0.9188397302839991
2026-02-05,-2.226992817888513,-0.061308548208281605,0.7879798407480259,-1.1099138564645346
2026-02-06,-2.185920830480794,-0.21648296015196625,0.5096112491810587,-1.0315132153288693
2026-02-09,-2.707772758674098,-0.19275717258170239,0.5174677080051745,-1.0620335808670878
2026-02-10,-2.5517843657666885,0.01695328793211144,0.5006371115276101,-1.026173917112224
2026-02-11,-2.4259004052819044,-0.5317419434058919,0.46003754541327196,-0.8848127181684622
2026-02-12,-2.3017856170509585,0.019939329346965264,1.002592469510753,-0.9546968372567578
2026-02-13,-2.1612942856380015,0.33173437292598124,0.9265262533201772,-0.9218472688993397
2026-02-16,-2.062725060208885,0.40455811894565447,0.9836294257965286,-0.9153945867367548
2026-02-17,-1.9577372863998581,0.19479613449304087,0.5893671275038723,-0.7249297245629807
2026-02-18,-1.9339056621145354,-0.004413026759905264,0.32707250848962377,-0.9167682809868734
2026-02-19,-1.8899839721852725,-0.10140091403080188,0.7754593634680391,-0.9232625989480329
2026-02-20,-1.8528900549489957,-0.18354520496975113,0.5673450160282963,-0.894381144884722
2026-02-23,-1.7862681366813848,0.017433941613110068,0.8580778553048901,-0.7442276529368879
2026-02-24,-1.729190858398375,-0.3299299428365961,0.5350147329885919,-0.5528502340145782
2026-02-25,-1.7013377777635124,-0.47910574174445575,0.2922665583547208,-0.7008615632773547
2026-02-26,-1.6893131097696017,-0.1305162736344568,0.41872159829285466,-0.5503767908881187
2026-02-27,-1.7306751517421182,-0.1370989193329322,0.7584128692571513,-0.3987819887620958
2026-02-28,-1.5501756194753271,-1.4214713412180593,0.7543317643003385,-0.3336925558655678
2026-03-02,-1.6608704210012062,-0.9799622326730428,0.8086883775794278,-0.3247533274711487
2026-03-03,-1.614789705446217,-0.9639807839477497,1.2740370449710328,-0.2399669202462022
2026-03-04,-1.5525997406246212,-0.9845353826328707,0.9176389751655063,-0.29513839090822624
2026-03-05,-1.5655862831486418,-1.7160237164832497,1.3442660266286244,-0.15869938446763768
2026-03-06,-1.58854869547737,-1.803564564100487,2.180008310630379,-0.16418508477928972
2026-03-09,-1.9903016586033169,-1.652441876722684,1.7121038534900632,-0.16351735327773712
2026-03-10,-1.8826175779767813,-2.040952762502557,1.5733069300617544,-0.042811483660337386
2026-03-11,-1.908122942789524,-2.4882933866227486,1.605284643908164,0.2462264905999714
2026-03-12,-1.9331130283849434,-3.0,2.4000139961340428,0.6728125701776978
2026-03-13,-1.855859072757409,-3.0,2.187299915444485,1.0021962228250292
2026-03-16,-1.80489176997163,-3.0,1.3539141174132205,1.0327198596350238
2026-03-17,-1.8294416597031098,-2.658337689655315,1.2662972746766235,0.7043277387013569
2026-03-18,-1.8541347145392089,-3.0,1.7946588534913195,0.7368408873753094
2026-03-19,-1.785974910318129,-2.9418681064772874,1.7471300079011287,0.8323906425885641
2026-03-20,-1.6929509739508999,-3.0,2.7309746862820967,0.8987200727269025
2026-03-23,-1.524574186657909,-2.9755342772978413,2.233663871259903,0.8668509125722146
2026-03-24,-1.4955562256264399,-2.975059578095984,2.3379558622312135,0.8107407399336835
2026-03-25,-1.4247989482697303,-2.596131583336755,1.9872584384207117,0.7397303954267362
2026-03-26,-1.4499281718961003,-3.0,2.594731522602077,1.2520173927698466
2026-03-27,-1.3867837787184905,-2.991178884990446,2.7134336515019464,1.3847494800283513
2026-03-30,-1.3853712180016766,-2.4908544937471255,2.4977233079330583,1.3260129334768513
2026-03-31,-1.0907913285898863,-1.8442951377678547,1.4187013292654989,0.9058346744434009
2026-04-01,-1.0689941819480278,-1.7500786594237308,1.372058193110619,2.5687175415920587
2026-04-02,-1.093730343875889,-1.5473727120864231,1.1137514083770341,2.379840408631374
2026-04-03,-1.051939916822505,-1.5778285813285953,1.0322347240621341,2.316202176979085
2026-04-06,-1.0560241952884022,-1.617820959319686,1.149522032277723,2.3381594573815274
2026-04-07,-1.0450316253464236,-1.3982249746952218,1.3549287586870593,2.1092878042558816
2026-04-08,-0.9141509562283017,-1.0015003850521145,0.9293476937964745,2.1099524220894934
2026-04-09,-0.33810572874942113,-0.6838361547712631,0.7052500788763197,2.0164421364623526
2026-04-10,-0.2906998591500613,-0.5619510267074843,0.47522954147739777,2.04140958465444
2026-04-13,-0.30247967982181684,-0.45380772697701177,0.4842056179769369,1.846487306624116
2026-04-14,-0.2863200066232846,-0.33517658316032106,0.25324271961246164,1.7069125968730767
2026-04-15,-0.2835775615939658,-0.47501201806494064,-0.1106333474112405,1.7210695560184075
2026-04-16,-0.2839620644182174,-0.3198867295834332,0.007122937278216998,1.7626529201674344
2026-04-17,-0.191161578782008,0.19095452405502483,0.004873290245218129,1.5800074690117856
