Date,F,M,S,V
2000-01-31,,,,
2000-02-01,,,,
2000-02-02,,,,
2000-02-03,,,,
2000-02-04,,,,
2000-02-07,,,,
2000-02-08,,,,
2000-02-09,,,,
2000-02-10,,,,
2000-02-11,,,,
2000-02-14,,,,
2000-02-15,,,,
2000-02-16,,,,
2000-02-17,,,,
2000-02-18,,,,
2000-02-21,,,,
2000-02-22,,,,
2000-02-23,,,,
2000-02-24,,,,
2000-02-25,,,,
2000-02-28,,,,
2000-02-29,,,,
2000-03-01,,,,
2000-03-02,,,,
2000-03-03,,,,
2000-03-06,,,,
2000-03-07,,,,
2000-03-08,,,,
2000-03-09,,,,
2000-03-10,,,,
2000-03-13,,,,
2000-03-14,,,,
2000-03-15,,,,
2000-03-16,,,,
2000-03-17,,,,
2000-03-20,,,,
2000-03-21,,,,
2000-03-22,,,,
2000-03-23,,,,
2000-03-24,,,,
2000-03-27,,,,
2000-03-28,,,,
2000-03-29,,,,
2000-03-30,,,,
2000-03-31,,,,
2000-04-03,,,,
2000-04-04,,,,
2000-04-05,,,,
2000-04-06,,,,
2000-04-07,,,,
2000-04-10,,,,
2000-04-11,,,,
2000-04-12,,,,
2000-04-13,,,,
2000-04-14,,,,
2000-04-17,,,,
2000-04-18,,,,
2000-04-19,,,,
2000-04-20,,,,
2000-04-21,,,,
2000-04-24,,,,
2000-04-25,,,,
2000-04-26,,,,
2000-04-27,,,,
2000-04-28,,,,
2000-04-30,,,,
2000-05-01,,,,
2000-05-02,,,,
2000-05-03,,,,
2000-05-04,,,,
2000-05-05,,,,
2000-05-08,,,,
2000-05-09,,,,
2000-05-10,,,,
2000-05-11,,,,
2000-05-12,,,,
2000-05-15,,,,
2000-05-16,,,,
2000-05-17,,,,
2000-05-18,,,,
2000-05-19,,,,
2000-05-22,,,,
2000-05-23,,,,
2000-05-24,,,,
2000-05-25,,,,
2000-05-26,,,,
2000-05-29,,,,
2000-05-30,,,,
2000-05-31,,,,
2000-06-01,,,,
2000-06-02,,,,
2000-06-05,,,,
2000-06-06,,,,
2000-06-07,,,,
2000-06-08,,,,
2000-06-09,,,,
2000-06-12,,,,
2000-06-13,,,,
2000-06-14,,,,
2000-06-15,,,,
2000-06-16,,,,
2000-06-19,,,,
2000-06-20,,,,
2000-06-21,,,,
2000-06-22,,,,
2000-06-23,,,,
2000-06-26,,,,
2000-06-27,,,,
2000-06-28,,,,
2000-06-29,,,,
2000-06-30,,,,
2000-07-03,,,,
2000-07-04,,,,
2000-07-05,,,,
2000-07-06,,,,
2000-07-07,,,,
2000-07-10,,,,
2000-07-11,,,,
2000-07-12,,,,
2000-07-13,,,,
2000-07-14,,,,
2000-07-17,,,,
2000-07-18,,,,
2000-07-19,,,,
2000-07-20,,,0.006597425384210466,
2000-07-21,,,0.10282964201675558,
2000-07-24,,,0.2441910911528873,
2000-07-25,,,0.0595222337340677,
2000-07-26,,,-0.0766183828794489,
2000-07-27,,,0.3114514211884145,
2000-07-28,,,0.07043218346702466,
2000-07-31,,,0.3188875963456914,
2000-08-01,,,0.41742702761055683,
2000-08-02,,,0.46524859711402095,
2000-08-03,,,0.46224079036346605,
2000-08-04,,,0.865068364915014,
2000-08-07,,,0.4944894040008547,
2000-08-08,,,0.6979327905327265,
2000-08-09,,,0.7936791795488402,
2000-08-10,,,0.9911149752060497,
2000-08-11,,,0.5535294298473811,
2000-08-14,,,1.3887863031458814,
2000-08-15,,,1.6050281170777811,
2000-08-16,,,1.6034586275880527,
2000-08-17,,,1.6014884633309678,
2000-08-18,,,1.1566511765553233,
2000-08-21,,,1.0826525822487887,
2000-08-22,,,1.21280454758839,
2000-08-23,,,1.286252861197994,
2000-08-24,,,1.4534281594634497,
2000-08-25,,,0.9682424167266678,
2000-08-28,,,0.5447647852398891,
2000-08-29,,,-0.3435205573847159,
2000-08-30,,,-0.6978017861478022,
2000-08-31,,,-0.0005820972860955183,
2000-09-01,,,0.2685400303977381,
2000-09-04,,,0.05220955443622329,
2000-09-05,,,-0.1090368782351354,
2000-09-06,,,-0.3787019384354959,
2000-09-07,,,-0.6981650051088031,
2000-09-08,,,-0.7898465329023893,
2000-09-11,,,-0.6601657542715209,
2000-09-12,,,-0.8084985049576926,
2000-09-13,,,-0.40058224144548416,
2000-09-14,,,-0.5029138368647572,
2000-09-15,,,-0.7706034529698438,
2000-09-18,,,-0.6948655543620164,
2000-09-19,,,-0.33826318858773763,
2000-09-20,,,-0.15739094042724225,
2000-09-21,,,-0.26786299088715393,
2000-09-22,,,-0.02636886426535118,
2000-09-25,,,0.036518412181979786,
2000-09-26,,,0.8145797826852128,
2000-09-27,,,1.6783768911352137,
2000-09-28,,,1.9633537552362463,
2000-09-29,,,1.2307481547240928,
2000-09-30,,,1.2080449493500445,
2000-10-02,,,1.1295416426140275,
2000-10-03,,,1.3931820898420058,
2000-10-04,,,1.7486501489518615,
2000-10-05,,,2.421644504550209,
2000-10-06,,,2.3484343265590435,
2000-10-09,,,2.4209196591454947,
2000-10-10,,,2.559964628031196,
2000-10-11,,,2.8579839218420293,
2000-10-12,,,3.0,
2000-10-13,,,3.0,
2000-10-16,,,2.7203412430498854,
2000-10-17,,,2.782771236419779,
2000-10-18,,,2.6407106371390348,
2000-10-19,,,2.5175020282640688,
2000-10-20,,,2.338134810983333,
2000-10-23,,,2.3189839157496412,
2000-10-24,,,1.9460005936618479,
2000-10-25,,,1.5096755226290757,
2000-10-26,,,1.5218787791032782,
2000-10-27,,,1.3985778208980681,
2000-10-30,,,1.2409859864745034,
2000-10-31,,,1.5706537433741883,
2000-11-01,,,1.4858174700307833,
2000-11-02,,,1.4695098824477184,
2000-11-03,,,1.168890862895989,
2000-11-06,,,1.0318872719974184,
2000-11-07,,,1.0051142015674175,
2000-11-08,,,0.7942711272600781,
2000-11-09,,,0.6320750994003653,
2000-11-10,,,0.4946134719703832,
2000-11-13,,,0.3805247972654488,
2000-11-14,,,0.4389523058820036,
2000-11-15,,,0.043478528926756195,
2000-11-16,,,-0.08901555681278366,
2000-11-17,,,-0.02278807327062621,
2000-11-20,,,0.1766968303990052,
2000-11-21,,,0.3748201245696982,
2000-11-22,,,0.7468468705333647,
2000-11-23,,,0.8637221243634848,
2000-11-24,,,0.6691074050109687,
2000-11-27,,,0.7886553863762924,
2000-11-28,,,0.9682306435581838,
2000-11-29,,,0.9657063778552272,
2000-11-30,,,1.787140511510635,
2000-12-01,,,1.4427071534966773,
2000-12-04,,,1.6356140598612052,
2000-12-05,,,1.6695450002274963,
2000-12-06,,,1.5878271944715774,
2000-12-07,,,1.5659441852499403,
2000-12-08,,,1.2853018672968755,
2000-12-11,,,1.0450661928600171,
2000-12-12,,,0.7836899192448774,
2000-12-13,,,0.6750627693786041,
2000-12-14,,,0.7302322060870703,
2000-12-15,,,0.5164938887572039,
2000-12-18,,,0.5053830088678658,
2000-12-19,,,0.24161580353835238,
2000-12-20,,,0.16332401448424666,
2000-12-21,,,0.04880960865945366,
2000-12-22,,,0.06489604087492713,
2000-12-25,,,0.08089382052467628,
2000-12-26,,,-0.016075183810624852,
2000-12-27,,,-0.24558587294300502,
2000-12-28,,,-0.6650737881803783,
2000-12-29,,,-1.3573869318249352,
2000-12-31,,,-0.8838421415794198,
2001-01-01,,,-1.0252270508721593,
2001-01-02,,,-0.7085221669948638,
2001-01-03,,,-1.1769056694759947,
2001-01-04,,,-1.2147392946319315,
2001-01-05,,,-1.1014299173797324,
2001-01-08,,,-1.0668034153187316,
2001-01-09,,,-1.2386654662169878,
2001-01-10,,,-1.4015362957903033,
2001-01-11,,,-1.7658546543894598,
2001-01-12,,,-1.9179153577924062,
2001-01-15,,,-1.9983437630372825,
2001-01-16,,,-1.840944880217333,
2001-01-17,,,-1.9810873158557027,
2001-01-18,,,-1.932707930135968,
2001-01-19,,,-2.0896842392019757,
2001-01-22,,,-2.0500888158499952,
2001-01-23,,,-2.077474725422061,
2001-01-24,,,-1.9918829130144804,
2001-01-25,,,-1.8515858928548328,
2001-01-26,,,-1.775568410299052,
2001-01-29,,,-1.9194134231377085,
2001-01-30,,,-1.843333474746603,
2001-01-31,,,-1.8509280542120983,
2001-02-01,,,-1.8113646992625894,
2001-02-02,,,-1.7739488104067016,
2001-02-05,,,-1.7384886462528115,
2001-02-06,,,-1.7048156994325765,
2001-02-07,,,-1.4653449587607796,
2001-02-08,,,-1.3100945151121024,
2001-02-09,,,-1.0812197630422071,
2001-02-12,,,-0.9124859042831354,
2001-02-13,,,-0.8752394326421479,
2001-02-14,,,-0.9344347559801491,
2001-02-15,,,-0.9996222464946037,
2001-02-16,,,-0.9209280288132984,
2001-02-19,,,-0.7517385989763548,
2001-02-20,,,-0.6916181257808027,
2001-02-21,,,-0.5762384523285035,
2001-02-22,,,-0.4726228362828236,
2001-02-23,,,-0.39929799182839565,
2001-02-26,,,-0.3751364977327341,
2001-02-27,,,-0.36094890102216637,
2001-02-28,,,-0.32737552193251784,
2001-03-01,,,-0.19568484117897192,
2001-03-02,,,-0.19346573122899532,
2001-03-05,,,-0.12139117204702712,
2001-03-06,,,-0.09978236651298793,
2001-03-07,,,-0.007305794777433255,
2001-03-08,,,-0.04758474553447576,
2001-03-09,,,-0.06726449923636171,
2001-03-12,,,-0.02486633977200337,
2001-03-13,,,0.03832898395941603,
2001-03-14,,,0.30083328798934506,
2001-03-15,,,0.4149780160630908,
2001-03-16,,,0.6549958612247414,
2001-03-19,,,0.553590408344294,
2001-03-20,,,0.6127883821758277,
2001-03-21,,,0.7350239662477271,
2001-03-22,,,0.886431131306284,
2001-03-23,,,0.7051278423883233,
2001-03-26,,,0.515524945147637,
2001-03-27,,,0.3053655610681081,
2001-03-28,,,0.3689468235196442,
2001-03-29,,,0.39933116865939816,
2001-03-30,,,0.4957412855403813,
2001-03-31,,,0.5138959815746599,
2001-04-02,,,0.5763420042680418,
2001-04-03,,,0.8926126509641193,
2001-04-04,,,1.001525865616868,
2001-04-05,,,1.0299498177102429,
2001-04-06,,,1.2079693032597763,
2001-04-09,,,1.1415134171780845,
2001-04-10,,,0.8413211000001724,
2001-04-11,,,0.5471138748173305,
2001-04-12,,,0.4319073255670193,
2001-04-13,,,0.2950731199777625,
2001-04-16,,,0.11365842003270508,
2001-04-17,,,0.14686064295780166,
2001-04-18,,,0.0663630466884084,
2001-04-19,,,0.031668455984009664,
2001-04-20,,,0.18139689478494928,
2001-04-23,,,0.5962248664877716,
2001-04-24,,,0.9228663032380465,
2001-04-25,,,-0.02575216006570153,
2001-04-26,,,-0.04893016811657521,
2001-04-27,,,-0.2723795343499909,
2001-04-30,,,-0.37665776299145387,
2001-05-01,,,-0.5393629727855017,
2001-05-02,,,-1.0274916229417552,
2001-05-03,,,-1.125118196085796,
2001-05-04,,,-1.0919585254452047,
2001-05-07,,,-1.2188056272710233,
2001-05-08,,,-1.2482174970070117,
2001-05-09,,,-0.9066379008653795,
2001-05-10,,,-0.9373359770938829,
2001-05-11,,,-1.067248992431264,
2001-05-14,,,-0.935529021820341,
2001-05-15,,,-0.8640412825212501,
2001-05-16,,,-0.9062472796111488,
2001-05-17,,,-0.9688963503558693,
2001-05-18,,,-1.1381065428042487,
2001-05-21,,,-1.17859047147348,
2001-05-22,,,-1.4171025081307143,
2001-05-23,,,-1.4897720875656408,
2001-05-24,,,-0.7475269361543624,
2001-05-25,,,-0.7680935443325182,
2001-05-28,,,-0.6073432791987682,
2001-05-29,,,-0.5136313213109654,
2001-05-30,,,-0.3455842450414903,
2001-05-31,,,-0.047760014483080246,
2001-06-01,,,-0.11271704740897305,
2001-06-04,,,-0.100248962925556,
2001-06-05,,,-0.010016490000442151,
2001-06-06,,,0.0018063921869195861,
2001-06-07,,,-0.09893850701127783,
2001-06-08,,,-0.04101086594385903,
2001-06-11,,,0.22206672505552574,
2001-06-12,,,0.18666672512763668,
2001-06-13,,,0.3820907008653807,
2001-06-14,,,0.5881740916542771,
2001-06-15,,,0.537357106923437,
2001-06-18,,,0.7314619154270992,
2001-06-19,,,0.8643832582974812,
2001-06-20,,,0.9596137249072927,
2001-06-21,,,0.959907605954514,
2001-06-22,,,1.1327478024100546,
2001-06-25,,,1.0934031983086578,
2001-06-26,,,1.0208849702195835,
2001-06-27,,,0.9503245407505206,
2001-06-28,,,0.83531737338049,
2001-06-29,,,0.5361936787846535,
2001-06-30,,,0.567307817037668,
2001-07-02,,,0.5393727667877192,
2001-07-03,,,0.35768670695649646,
2001-07-04,,,0.37929747914203044,
2001-07-05,,,0.37686446581373434,
2001-07-06,,,0.49488825350971627,
2001-07-09,,,0.4429150120125034,
2001-07-10,,,0.439859951065621,
2001-07-11,,,0.35117219782016146,
2001-07-12,,,0.15170216619697507,
2001-07-13,,,0.20062143368679453,
2001-07-16,,,0.02463843140522319,
2001-07-17,,,-0.05071837313916568,
2001-07-18,,,0.00046879913607336974,
2001-07-19,,,-0.06294786229286811,
2001-07-20,,,-0.19032208306940857,
2001-07-23,,,-0.18874130891766652,
2001-07-24,,,-0.14831947592025108,
2001-07-25,,,-0.1209848881939487,
2001-07-26,,,-0.10679515098902219,
2001-07-27,,,0.07898350532385741,
2001-07-30,,,0.13188328654830184,
2001-07-31,,,0.03772348061416348,
2001-08-01,,,-0.0967594138583703,
2001-08-02,,,-0.29857802813319073,
2001-08-03,,,-0.28250866566181926,
2001-08-06,,,-0.3755992629587714,
2001-08-07,,,-0.42706506401688,
2001-08-08,,,-0.4094782792052308,
2001-08-09,,,-0.44722017270004927,
2001-08-10,,,-0.45696304170314506,
2001-08-13,,,-0.32736123726068994,
2001-08-14,,,-0.3805603691743507,
2001-08-15,,,-0.5316839361984563,
2001-08-16,,,-0.6528565526826927,
2001-08-17,,,-0.4624323270659106,
2001-08-20,,,-0.4722280171630865,
2001-08-21,,,-0.3678931821521924,
2001-08-22,,,-0.3788950722934391,
2001-08-23,,,-0.23119044919478718,
2001-08-24,,,-0.2000709754561835,
2001-08-27,,,-0.19824496601831487,
2001-08-28,,,-0.181737912195367,
2001-08-29,,,-0.046986598786129014,
2001-08-30,,,0.22165160595458291,
2001-08-31,,,0.1607473155805833,
2001-09-03,,,0.19025864932948716,
2001-09-04,,,-0.053056498095921674,
2001-09-05,,,0.13068108265692588,
2001-09-06,,,0.2222955580185951,
2001-09-07,,,0.45244495669914436,
2001-09-10,,,0.3567432135331554,
2001-09-11,,,0.23005062954515948,
2001-09-12,,,0.2760130738471069,
2001-09-13,,,0.4007017701314953,
2001-09-14,,,2.1450274036371506,
2001-09-17,,,2.1735899844753823,
2001-09-18,,,2.0576063602296313,
2001-09-19,,,2.0466376878463413,
2001-09-20,,,2.113682492692135,
2001-09-21,,,2.2458820782688282,
2001-09-24,,,2.257724409292892,
2001-09-25,,,2.071948141173256,
2001-09-26,,,2.0462947858062064,
2001-09-27,,,2.0435094244962273,
2001-09-28,,,2.1708509442696458,
2001-09-30,,,2.187845988304658,
2001-10-01,,,2.078787749088153,
2001-10-02,,,2.0907855636289283,
2001-10-03,,,2.00072232082362,
2001-10-04,,,1.7599436718168486,
2001-10-05,,,1.568784467650562,
2001-10-08,,,1.4874326335165413,
2001-10-09,,,1.392020195321888,
2001-10-10,,,1.2831014873884041,
2001-10-11,,,1.1513300944202463,
2001-10-12,,,-0.05841505875220374,
2001-10-15,,,-0.3433925975465766,
2001-10-16,,,-0.29206048533233625,
2001-10-17,,,-0.3996600322981379,
2001-10-18,,,-0.4868750750155909,
2001-10-19,,,-0.693089841516844,
2001-10-22,,,-0.7470172607877246,
2001-10-23,,,-0.7002803375826379,
2001-10-24,,,-0.7443234532454294,
2001-10-25,,,-0.8277007149228461,
2001-10-26,,,-0.9990149801747327,
2001-10-29,,,-0.8970230472502602,
2001-10-30,,,-0.7570084840790227,
2001-10-31,,,-0.9002056579841056,
2001-11-01,,,-0.9100885723110933,
2001-11-02,,,-0.9695548974832927,
2001-11-05,,,-0.927720410858753,
2001-11-06,,,-0.8568538394805882,
2001-11-07,,,-0.7572629529074114,
2001-11-08,,,-0.8402266217510023,
2001-11-09,,,-0.7909364351910119,
2001-11-12,,,-0.7324009527501507,
2001-11-13,,,-0.6645958794158998,
2001-11-14,,,-0.8206604526908665,
2001-11-15,,,-1.2325346605719127,
2001-11-16,,,-1.4463928600994396,
2001-11-19,,,-1.3088765730235667,
2001-11-20,,,-1.3896905706720089,
2001-11-21,,,-1.4459775736710647,
2001-11-22,,,-1.4604889123197953,
2001-11-23,,,-1.5191526087838738,
2001-11-26,,,-1.4638462570385324,
2001-11-27,,,-1.438442389655753,
2001-11-28,,,-1.529055734096432,
2001-11-29,,,-1.2082991838214212,
2001-11-30,,,-1.0880239082617138,
2001-12-03,,,-0.9899095986175437,
2001-12-04,,,-0.912632566336923,
2001-12-05,,,-1.1117236507866137,
2001-12-06,,,-1.231454870171561,
2001-12-07,,,-1.1548959427522079,
2001-12-10,,,-0.9082674280705728,
2001-12-11,,,-0.8078954646372055,
2001-12-12,,,-0.6484609319248983,
2001-12-13,,,-0.5619149391698629,
2001-12-14,,,-0.1565441626340087,
2001-12-17,,,-0.09240596226077366,
2001-12-18,,,-0.0373546822011744,
2001-12-19,,,0.135594915882974,
2001-12-20,,,0.20810955450894977,
2001-12-21,,,0.17048028286730812,
2001-12-24,,,0.23438317900996933,
2001-12-25,,,0.21472361857670616,
2001-12-26,,,0.1670791498914594,
2001-12-27,,,0.27903639666420404,
2001-12-28,,,0.08883395627099515,
2001-12-31,,,-0.053814753921430376,
2002-01-01,,,-0.04358467383352315,
2002-01-02,,,-0.2444567992821323,
2002-01-03,,,-0.1170624081560456,
2002-01-04,,,-0.028623010832007075,
2002-01-07,,,0.14764679978779535,
2002-01-08,,,-0.04928731994084922,
2002-01-09,,,-0.1670403072428373,
2002-01-10,,,-0.23494520318411877,
2002-01-11,,,-0.05351816786746521,
2002-01-14,,,-0.06284660161976446,
2002-01-15,,,0.2002967431451071,
2002-01-16,,,0.047195035089515336,
2002-01-17,,,-0.08541271733250891,
2002-01-18,,,0.018131724404113286,
2002-01-21,,,0.08034113510900638,
2002-01-22,,,0.08022269166127934,
2002-01-23,,,0.027878344981316385,
2002-01-24,,,0.02807764804541959,
2002-01-25,,,-0.08792084176138967,
2002-01-28,,,-0.11884192258894245,
2002-01-29,,,0.13865516196515584,
2002-01-30,,,0.1704246950850065,
2002-01-31,,,-0.13275329966174523,
2002-02-01,,,-0.12065977202160857,
2002-02-04,,,0.0333980127615768,
2002-02-05,,,0.03357534527460233,
2002-02-06,,,0.08900916791596826,
2002-02-07,,,0.09996807650858751,
2002-02-08,,,0.12210412117174642,
2002-02-11,,,0.031800968253159693,
2002-02-12,,,-0.0358509894945086,
2002-02-13,,,-0.18297426533688493,
2002-02-14,,,-0.12427608252124374,
2002-02-15,,,0.0033009638406497066,
2002-02-18,,,-0.05411709561768862,
2002-02-19,,,-0.06500820953557601,
2002-02-20,,,0.040988641675140644,
2002-02-21,,,0.11168142804596218,
2002-02-22,,,0.25327201306112285,
2002-02-25,,,0.33527317976870336,
2002-02-26,,,0.2977278892600729,
2002-02-27,,,0.1881584418743974,
2002-02-28,,,0.00612071317855101,
2002-03-01,,,0.2495414238749885,
2002-03-04,,,0.26061699161894075,
2002-03-05,,,0.02592881358263287,
2002-03-06,,,-0.13447731874755542,
2002-03-07,,,-0.504888897015756,
2002-03-08,,,-0.7104180453211282,
2002-03-11,,,-0.7890855219668689,
2002-03-12,,,-0.8045614813082121,
2002-03-13,,,-0.6714620202936741,
2002-03-14,,,-0.8128980468413517,
2002-03-15,,,-0.9018148802171112,
2002-03-18,,,-0.9391842571086036,
2002-03-19,,,-0.9631713210451612,
2002-03-20,,,-1.0718666817709077,
2002-03-21,,,-1.1158492944940468,
2002-03-22,,,-1.1338261964097627,
2002-03-25,,,-1.2347963765169403,
2002-03-26,,,-1.1643032906182293,
2002-03-27,,,-1.072498112257444,
2002-03-28,,,-1.150031357598885,
2002-03-29,,,-0.9878591205453727,
2002-03-31,,,-0.7704613027659725,
2002-04-01,,,-0.7725902305072959,
2002-04-02,,,-0.5827846895988493,
2002-04-03,,,-0.3950491286204625,
2002-04-04,,,-0.07425890940382104,
2002-04-05,,,0.2093185127856152,
2002-04-08,,,0.18402149786420624,
2002-04-09,,,0.2208149075557926,
2002-04-10,,,0.10779215770007713,
2002-04-11,,,0.3337083544524663,
2002-04-12,,,0.470872711675855,
2002-04-15,,,0.4557239851502766,
2002-04-16,,,0.40247339517020236,
2002-04-17,,,0.43887341938825947,
2002-04-18,,,0.39808538842948077,
2002-04-19,,,0.4348986438923861,
2002-04-22,,,0.5104923033683242,
2002-04-23,,,0.40338126783083167,
2002-04-24,,,0.4407083968871464,
2002-04-25,,,0.4910704663107048,
2002-04-26,,,0.5147970049319813,
2002-04-29,,,0.48532621487822913,
2002-04-30,,,0.1753468567215304,
2002-05-01,,,0.10764765879043806,
2002-05-02,,,-0.04114053844718832,
2002-05-03,,,0.05491943587840438,
2002-05-06,,,0.0005199779231684583,
2002-05-07,,,0.12488095754384432,
2002-05-08,,,-0.08259614483376217,
2002-05-09,,,-0.011957991658636879,
2002-05-10,,,0.07259926667967657,
2002-05-13,,,-0.06771311388855702,
2002-05-14,,,-0.1795635466660027,
2002-05-15,,,-0.03580581182450647,
2002-05-16,,,0.23632155290302997,
2002-05-17,,,0.19245200683667688,
2002-05-20,,,0.2640698534929165,
2002-05-21,,,0.2630770665205797,
2002-05-22,,,0.3349956040245039,
2002-05-23,,,0.2162435977526926,
2002-05-24,,,0.15656878099482682,
2002-05-27,,,0.1265894206445333,
2002-05-28,,,0.21591253522460738,
2002-05-29,,,0.783151630268901,
2002-05-30,,,0.8517693001176784,
2002-05-31,,,0.9640708803457492,
2002-06-03,,,0.8358074503213028,
2002-06-04,,,0.918905833779345,
2002-06-05,,,0.7607242935003953,
2002-06-06,,,1.0106249660674629,
2002-06-07,,,1.0906138499600095,
2002-06-10,,,1.0640735218857396,
2002-06-11,,,1.2023087647410222,
2002-06-12,,,1.48345213405188,
2002-06-13,,,1.4745062001385543,
2002-06-14,,,1.4947084941328062,
2002-06-17,,,1.456014504233795,
2002-06-18,,,1.3466958532646776,
2002-06-19,,,1.4422699100113097,
2002-06-20,,,1.333990442237201,
2002-06-21,,,1.6543043470517693,
2002-06-24,,,1.7193772402165923,
2002-06-25,,,1.79315059580681,
2002-06-26,,,2.7647630985360174,
2002-06-27,,,2.6507045194994383,
2002-06-28,,,2.5709270468199743,
2002-06-30,,,1.8331638421401122,
2002-07-01,,,1.72881192450849,
2002-07-02,,,1.875899225559798,
2002-07-03,,,1.9746750887461482,
2002-07-04,,,1.8735399601052218,
2002-07-05,,,1.6907067253674848,
2002-07-08,,,1.6074776491583271,
2002-07-09,,,1.4629148438317807,
2002-07-10,,,1.3800719727901753,
2002-07-11,,,1.5177411764133928,
2002-07-12,,,1.3253006515851673,
2002-07-15,,,1.2807827770120503,
2002-07-16,,,1.1950080370093188,
2002-07-17,,,1.1121723503137486,
2002-07-18,,,1.192185087862326,
2002-07-19,,,1.088367983790546,
2002-07-22,,,1.1470879944069898,
2002-07-23,,,1.2769150068291806,
2002-07-24,,,0.6841917294957589,
2002-07-25,,,0.6132233607336232,
2002-07-26,,,0.6719716831139263,
2002-07-29,,,1.0499954519035464,
2002-07-30,,,1.0773735459735345,
2002-07-31,,,0.5078169190245649,
2002-08-01,,,0.22254472486689655,
2002-08-02,,,0.4597196724215409,
2002-08-05,,,0.6836865094641968,
2002-08-06,,,0.5355275188076726,
2002-08-07,,,0.6288217622173881,
2002-08-08,,,0.49145023841384766,
2002-08-09,,,0.3440272777224169,
2002-08-12,,,0.42969685487434134,
2002-08-13,,,0.6694826621097858,
2002-08-14,,,0.7840208553609694,
2002-08-15,,,0.4983111357222055,
2002-08-16,,,0.32629077014611735,
2002-08-19,,,0.1998772969431283,
2002-08-20,,,0.07369323115436156,
2002-08-21,,,-0.24593805412584593,
2002-08-22,,,-0.7921892008308246,
2002-08-23,,,-0.8426465693563481,
2002-08-26,,,-1.084790871804715,
2002-08-27,,,-1.061483729785707,
2002-08-28,,,-0.9821833324240304,
2002-08-29,,,-0.6197357183645116,
2002-08-30,,,-0.4317384943442957,
2002-08-31,,,-0.5563199180931128,
2002-09-02,,,-0.7377250804622183,
2002-09-03,,,-0.43024619778720813,
2002-09-04,,,-0.5329483608317451,
2002-09-05,,,-0.40051843023327793,
2002-09-06,,,-0.6339149573012722,
2002-09-09,,,-0.7237613112678901,
2002-09-10,,,-0.8831335533966096,
2002-09-11,,,-1.0628487294055733,
2002-09-12,,,-0.7807856529810399,
2002-09-13,,,-0.6558846080816224,
2002-09-16,,,-0.6986701917283596,
2002-09-17,,,-0.7171658539205316,
2002-09-18,,,-0.5798895323529503,
2002-09-19,,,-0.09305175162790527,
2002-09-20,,,0.06535887042119852,
2002-09-23,,,0.3944545340160761,
2002-09-24,,,0.6966600364500086,
2002-09-25,,,0.543579200718135,
2002-09-26,,,0.48995862158972886,
2002-09-27,,,0.6584715749365742,
2002-09-30,,,0.5537550353314971,
2002-10-01,,,0.4125729701624221,
2002-10-02,,,0.3719522297210822,
2002-10-03,,,0.5570000408167322,
2002-10-04,,,0.5522670799229127,
2002-10-07,,,0.9109081591094744,
2002-10-08,,,1.0989959263198747,
2002-10-09,,,1.4388643317974845,
2002-10-10,,,1.579274080171544,
2002-10-11,,,1.3421931924092216,
2002-10-14,,,1.3180572157194343,
2002-10-15,,,0.9122248718387376,
2002-10-16,,,0.9130469092572523,
2002-10-17,,,0.7327396034166083,
2002-10-18,,,0.5304810921948763,
2002-10-21,,,0.268312152312604,
2002-10-22,,,0.006677890510364212,
2002-10-23,,,-0.15539946649967273,
2002-10-24,,,-0.06745303033706622,
2002-10-25,,,-0.004673733599127869,
2002-10-28,,,-0.1946065247706427,
2002-10-29,,,-0.07959455819932644,
2002-10-30,,,0.009827578131413129,
2002-10-31,,,-0.19613463330466646,
2002-11-01,,,-0.5306076091528753,
2002-11-04,,,-0.8366730907246641,
2002-11-05,,,-1.175455622474357,
2002-11-06,,,-1.4773668950223888,
2002-11-07,,,-1.7999086620412554,
2002-11-08,,,-1.749023074927689,
2002-11-11,,,-1.5316023305676327,
2002-11-12,,,-1.5654586697042832,
2002-11-13,,,-1.151882436299125,
2002-11-14,,,-1.3435670254101808,
2002-11-15,,,-1.4076934275940283,
2002-11-18,,,-1.4923472744063586,
2002-11-19,,,-1.44331663212446,
2002-11-20,,,-1.663795706170072,
2002-11-21,,,-1.9136428384467277,
2002-11-22,,,-1.9754650789032078,
2002-11-25,,,-1.997714145749566,
2002-11-26,,,-1.7817930701736053,
2002-11-27,,,-2.075401338511945,
2002-11-28,,,-1.9613763022341741,
2002-11-29,,,-1.8051472456267899,
2002-11-30,,,-1.819820304959647,
2002-12-02,,,-1.7632194973643847,
2002-12-03,,,-1.612158730558265,
2002-12-04,,,-1.3521881041458337,
2002-12-05,,,-1.2699202448521627,
2002-12-06,,,-1.1809288962230442,
2002-12-09,,,-1.1046561168037479,
2002-12-10,,,-1.0892553922471542,
2002-12-11,,,-0.9961611782209483,
2002-12-12,,,-0.8465441534406432,
2002-12-13,,,-0.7488091524737526,
2002-12-16,,,-0.7709318287987081,
2002-12-17,,,-0.6543361096904462,
2002-12-18,,,-0.3895496089769792,
2002-12-19,,,-0.05523462040116527,
2002-12-20,,,0.016073409127333353,
2002-12-23,,,0.056867305012711346,
2002-12-24,,,-0.06592591071241587,
2002-12-25,,,0.1402449729774601,
2002-12-26,,,0.15000284719733809,
2002-12-27,,,0.1701487836702168,
2002-12-30,,,0.37814619915296815,
2002-12-31,,,0.30265257193113,
2003-01-01,,,0.3010664938850829,
2003-01-02,,,-0.11400111418059755,
2003-01-03,,,-0.28354713477821925,
2003-01-06,,,-0.5696061056433875,
2003-01-07,,,-0.8095483980141087,
2003-01-08,,,-0.8540719883000586,
2003-01-09,,,-1.1294792113425374,
2003-01-10,,,-1.1130733179286947,
2003-01-13,,,-1.0238849035572455,
2003-01-14,,,-0.8529976643719329,
2003-01-15,,,-0.8643788982529633,
2003-01-16,,,-0.8649532778208694,
2003-01-17,,,-0.8339005771743357,
2003-01-20,,,-0.771769324982972,
2003-01-21,,,-0.7635042916697592,
2003-01-22,,,-0.6493871714790103,
2003-01-23,,,-0.7174727087611631,
2003-01-24,,,-0.6674954186525477,
2003-01-27,,,-0.6715274165823045,
2003-01-28,,,-0.7288790726005643,
2003-01-29,,,-0.4853081530426014,
2003-01-30,,,-0.4702500706303133,
2003-01-31,,,-0.15126339843728007,
2003-02-03,,,-0.14990259875809667,
2003-02-04,,,0.10438999813780785,
2003-02-05,,,0.21479944834992754,
2003-02-06,,,0.43610507600874715,
2003-02-07,,,0.7339922354402013,
2003-02-10,,,0.7174660958279875,
2003-02-11,,,0.7345700425731982,
2003-02-12,,,0.8296647511424339,
2003-02-13,,,1.0346187399349145,
2003-02-14,,,0.9126715943392315,
2003-02-17,,,0.7365175058478372,
2003-02-18,,,0.69721342879206,
2003-02-19,,,0.6469675345770783,
2003-02-20,,,0.4948255614506764,
2003-02-21,,,0.469043861287263,
2003-02-24,,,0.3974216821074295,
2003-02-25,,,0.3490853747628179,
2003-02-26,,,0.38211036869901777,
2003-02-27,,,0.34508591659535964,
2003-02-28,,,0.3081376928458506,
2003-03-03,,,0.15330690543476358,
2003-03-04,,,0.271310563385944,
2003-03-05,,,0.21043654911174597,
2003-03-06,,,0.24546884025752277,
2003-03-07,,,0.13592103041874884,
2003-03-10,,,0.1354394932705262,
2003-03-11,,,0.1227798603775334,
2003-03-12,,,0.08563103583289615,
2003-03-13,,,-0.271484344784048,
2003-03-14,,,-0.4914997117017323,
2003-03-17,,,-0.5616653318590693,
2003-03-18,,,-0.6682318316587713,
2003-03-19,,,-0.6744668668439093,
2003-03-20,,,-0.6806155909705565,
2003-03-21,,,-0.8355701247666255,
2003-03-24,,,-0.5653601502010953,
2003-03-25,,,-0.5604746895191651,
2003-03-26,,,-0.6309344485829544,
2003-03-27,,,-0.6377415769625063,
2003-03-28,,,-0.5940256806394794,
2003-03-31,,,-0.6013578737524353,
2003-04-01,,,-0.6212937318815835,
2003-04-02,,,-0.9573953995203206,
2003-04-03,,,-1.0336343279002895,
2003-04-04,,,-1.0825793424395425,
2003-04-07,,,-1.2665267468256733,
2003-04-08,,,-1.1715311739164256,
2003-04-09,,,-0.9678866340095695,
2003-04-10,,,-0.9803316482159447,
2003-04-11,,,-0.8557252860326752,
2003-04-14,,,-0.970013441489245,
2003-04-15,,,-0.8580162280929804,
2003-04-16,,,-0.7106021580217112,
2003-04-17,,,-0.7656270293960681,
2003-04-18,,,-0.7070100458239504,
2003-04-21,,,-0.573676410684871,
2003-04-22,,,-0.7948578406410165,
2003-04-23,,,-0.9612569453136259,
2003-04-24,,,-0.9484946046838783,
2003-04-25,,,-0.9234778138361037,
2003-04-28,,,-0.9489217090616162,
2003-04-29,,,-1.0109642826996372,
2003-04-30,,,-0.9966705666796059,
2003-05-01,,,-0.7585156706967667,
2003-05-02,,,-0.8246546953513615,
2003-05-05,,,-0.7394392135243848,
2003-05-06,,,-0.4540424363611374,
2003-05-07,,,-0.42419014918710024,
2003-05-08,,,-0.43270305471981835,
2003-05-09,,,-0.4156290141494055,
2003-05-12,,,-0.32174233336241936,
2003-05-13,,,-0.20248100992406226,
2003-05-14,,,-0.018643836403688337,
2003-05-15,,,-0.0829306245144228,
2003-05-16,,,0.1282509063016469,
2003-05-19,,,0.1678374750427965,
2003-05-20,,,0.379597154159776,
2003-05-21,,,0.49767018146007647,
2003-05-22,,,0.774857009599676,
2003-05-23,,,0.8094040265216872,
2003-05-26,,,0.8168726275284315,
2003-05-27,,,0.8777373179513744,
2003-05-28,,,1.0045212024934607,
2003-05-29,,,1.1154840698899489,
2003-05-30,,,1.1174800521182902,
2003-05-31,,,1.2255992407406329,
2003-06-02,,,1.0523347739338031,
2003-06-03,,,1.0289346668747419,
2003-06-04,,,0.8053346318243912,
2003-06-05,,,0.5162329757368209,
2003-06-06,,,0.404774717913673,
2003-06-09,,,0.4438231091225739,
2003-06-10,,,0.5375552880476924,
2003-06-11,,,0.3003845811071604,
2003-06-12,,,0.36846685637547316,
2003-06-13,,,0.22752624244705896,
2003-06-16,,,-0.02538583848404313,
2003-06-17,,,-0.41830677754719425,
2003-06-18,,,-0.5973688693749397,
2003-06-19,,,-0.6056690290215472,
2003-06-20,,,-0.6420757823044413,
2003-06-23,,,-0.4373667609618475,
2003-06-24,,,-0.33360592111379567,
2003-06-25,,,-0.5451587449447701,
2003-06-26,,,-0.6829609064284228,
2003-06-27,,,-0.5899134546130267,
2003-06-30,,,-0.41125310073159305,
2003-07-01,,,-0.18989142993603464,
2003-07-02,,,-0.2608893619754028,
2003-07-03,,,-0.30234504128661266,
2003-07-04,,,-0.12285980938645896,
2003-07-07,,,-0.06212184714403911,
2003-07-08,,,-0.22469331055048497,
2003-07-09,,,-0.32698827364544886,
2003-07-10,,,-0.15890433802642406,
2003-07-11,,,-0.05148103583864944,
2003-07-14,,,-0.18693912694175013,
2003-07-15,,,-0.27633405682077156,
2003-07-16,,,0.03253783476534208,
2003-07-17,,,0.17173617783184503,
2003-07-18,,,0.10953820083698061,
2003-07-21,,,-0.12378382474816568,
2003-07-22,,,-0.23160732944455634,
2003-07-23,,,-0.26065823869519195,
2003-07-24,,,-0.06882874351719154,
2003-07-25,,,0.1704167134301473,
2003-07-28,,,0.042561185002888705,
2003-07-29,,,-0.14927251410202394,
2003-07-30,,,0.1424967275707332,
2003-07-31,,,-0.16528023380426207,
2003-08-01,,,0.11326179537098596,
2003-08-04,,,0.22793300898640925,
2003-08-05,,,0.26025222015432486,
2003-08-06,,,0.8197534899295215,
2003-08-07,,,0.961587946917924,
2003-08-08,,,0.8712840141240099,
2003-08-11,,,0.6993781342113906,
2003-08-12,,,0.9598325677935933,
2003-08-13,,,1.0672533099246806,
2003-08-14,,,1.1230295379977702,
2003-08-15,,,1.1446302754374147,
2003-08-18,,,1.08344638512754,
2003-08-19,,,1.2372835078485815,
2003-08-20,,,0.8278209553688556,
2003-08-21,,,0.38819000150162714,
2003-08-22,,,0.4368160642273574,
2003-08-25,,,0.23206498402455333,
2003-08-26,,,0.40108127368865526,
2003-08-27,,,0.262779207106701,
2003-08-28,,,0.0044850803907649575,
2003-08-29,,,0.16032257291836538,
2003-08-31,,,0.038623331192842905,
2003-09-01,,,-0.08300145504257049,
2003-09-02,,,-0.4841087205643615,
2003-09-03,,,-0.9849349889258239,
2003-09-04,,,-0.9729189455537064,
2003-09-05,,,-0.6308262268510125,
2003-09-08,,,-0.6598036841001947,
2003-09-09,,,-0.7584873391627501,
2003-09-10,,,-0.3633407826708898,
2003-09-11,,,-0.5902869542271675,
2003-09-12,,,-0.4960000366242206,
2003-09-15,,,-0.43799096308729807,
2003-09-16,,,-0.3802987395250078,
2003-09-17,,,-0.03432964946149953,
2003-09-18,,,0.16622258590468134,
2003-09-19,,,0.038296557581573645,
2003-09-22,,,0.2405125379510602,
2003-09-23,,,0.31351766424612315,
2003-09-24,,,0.5342707084552593,
2003-09-25,,,0.4572129938398019,
2003-09-26,,,0.7342515045522964,
2003-09-29,,,0.5800973907451176,
2003-09-30,,,0.7828113415781673,
2003-10-01,,,1.187615733482634,
2003-10-02,,,1.0449300902481056,
2003-10-03,,,0.5293867888394228,
2003-10-06,,,0.3373121861698165,
2003-10-07,,,0.24073660959572474,
2003-10-08,,,0.20169296495850284,
2003-10-09,,,-0.10682254287427065,
2003-10-10,,,0.010556189717121302,
2003-10-13,,,-0.12498709611707445,
2003-10-14,,,-0.3968695746538154,
2003-10-15,,,-0.5889187622439939,
2003-10-16,,,-0.8568237974089233,
2003-10-17,,,-0.5541944618632223,
2003-10-20,,,-0.4309529451662291,
2003-10-21,,,-0.46674696068980565,
2003-10-22,,,-0.3234029715726472,
2003-10-23,,,-0.34050595416652557,
2003-10-24,,,-0.21692215428836747,
2003-10-27,,,-0.5575567243112401,
2003-10-28,,,-0.30978633249761406,
2003-10-29,,,-0.732841288123875,
2003-10-30,,,-0.8062841143859328,
2003-10-31,,,-0.4930030987775094,
2003-11-03,,,-0.283731514964772,
2003-11-04,,,-0.3634072214131702,
2003-11-05,,,-0.23599211176945326,
2003-11-06,,,-0.29601971564997065,
2003-11-07,,,-0.20968134875428002,
2003-11-10,,,-0.24950015634926806,
2003-11-11,,,-0.22595191905538944,
2003-11-12,,,0.1581959314082923,
2003-11-13,,,0.7539466781790405,
2003-11-14,,,1.1089307747601918,
2003-11-17,,,0.9714619806479989,
2003-11-18,,,0.9420885289814874,
2003-11-19,,,0.7640818469723779,
2003-11-20,,,0.7161003188346938,
2003-11-21,,,0.6685065686238908,
2003-11-24,,,0.34003766104776245,
2003-11-25,,,0.4257870709510659,
2003-11-26,,,0.11756960433878287,
2003-11-27,,,0.3376463821740557,
2003-11-28,,,0.3363623098740834,
2003-11-30,,,0.2684557095270587,
2003-12-01,,,0.20062708454706635,
2003-12-02,,,0.08793902806886397,
2003-12-03,,,0.04303278696593691,
2003-12-04,,,0.15700362178216398,
2003-12-05,,,0.5441640814213771,
2003-12-08,,,0.3583951493136967,
2003-12-09,,,0.12687119372319453,
2003-12-10,,,0.08060332408234794,
2003-12-11,,,0.05762248572142702,
2003-12-12,,,-0.082270607243212,
2003-12-15,,,-0.24547417882157338,
2003-12-16,,,-0.1251659816406449,
2003-12-17,,,0.13748924304267518,
2003-12-18,,,-0.12505489428687222,
2003-12-19,,,-0.12354035463815251,
2003-12-22,,,-0.049713360097080384,
2003-12-23,,,-0.21822392353026307,
2003-12-24,,,0.17353330714362294,
2003-12-25,,,0.17331374985209844,
2003-12-26,,,0.4681507052584637,
2003-12-29,,,0.26841065227253236,
2003-12-30,,,0.4165439936987873,
2003-12-31,,,0.4894722586607268,
2004-01-01,,,0.6869356714805678,
2004-01-02,,,0.4569993010076449,
2004-01-05,,,-0.15152812660401435,
2004-01-06,,,0.1295893366004858,
2004-01-07,,,0.23175685036713167,
2004-01-08,,,0.02580839461065164,
2004-01-09,,,0.05223490984908395,
2004-01-12,,,0.05270374723889506,
2004-01-13,,,0.36602970804361773,
2004-01-14,,,0.23363879366089216,
2004-01-15,,,-0.004021527651474065,
2004-01-16,,,-0.10914152178556025,
2004-01-19,,,-0.1077274405876632,
2004-01-20,,,-0.07956827506431227,
2004-01-21,,,0.21750530093314474,
2004-01-22,,,0.027802035667863774,
2004-01-23,,,-0.270375975110379,
2004-01-26,,,-0.43138327558272216,
2004-01-27,,,0.06550187346054942,
2004-01-28,,,0.010792940320575494,
2004-01-29,,,0.28861572122835677,
2004-01-30,,,0.5934576211028518,
2004-01-31,,,0.9234913186715656,
2004-02-02,,,1.247547685454325,
2004-02-03,,,1.5071394423585769,
2004-02-04,,,1.7286503793580952,
2004-02-05,,,1.884936993394989,
2004-02-06,,,1.7958247089927664,
2004-02-09,,,1.6324468920127886,
2004-02-10,,,1.3704901413260313,
2004-02-11,,,1.5627764835877793,
2004-02-12,,,1.383038000663262,
2004-02-13,,,1.6247517627928771,
2004-02-16,,,1.5732445232444237,
2004-02-17,,,1.6003812806671598,
2004-02-18,,,1.6514346706381366,
2004-02-19,,,1.5991676383029143,
2004-02-20,,,1.7986829936099615,
2004-02-23,,,2.0343734175140673,
2004-02-24,,,1.892174417674437,
2004-02-25,,,1.973200265090993,
2004-02-26,,,1.5739451028325175,
2004-02-27,,,1.3336287150868757,
2004-02-29,,,1.268629584655082,
2004-03-01,,,1.1089524637565715,
2004-03-02,,,0.6605361957810326,
2004-03-03,,,0.5825738103888678,
2004-03-04,,,0.5788805995975058,
2004-03-05,,,0.5505093754453615,
2004-03-08,,,0.7452906465430962,
2004-03-09,,,0.9130890301869315,
2004-03-10,,,0.6569519849327083,
2004-03-11,,,1.0503409958176473,
2004-03-12,,,0.8413245158413675,
2004-03-15,,,0.934147515035861,
2004-03-16,,,1.2731397127312378,
2004-03-17,,,1.1341284373514784,
2004-03-18,,,0.9979901796623297,
2004-03-19,,,0.9636202438874255,
2004-03-22,,,0.979602089259838,
2004-03-23,,,0.8205894074327743,
2004-03-24,,,0.9140774727614323,
2004-03-25,,,0.9309984205048012,
2004-03-26,,,0.5952936434555094,
2004-03-29,,,0.3881642965619207,
2004-03-30,,,0.48801650827042353,
2004-03-31,,,0.8680584156625345,
2004-04-01,,,0.6305850742654024,
2004-04-02,,,0.16204853097014013,
2004-04-05,,,-0.25437302870312334,
2004-04-06,,,-0.2267841953219438,
2004-04-07,,,-0.38272124310996114,
2004-04-08,,,-0.4329614232708834,
2004-04-09,,,-0.5358005226183407,
2004-04-12,,,-0.5851016361615433,
2004-04-13,,,-0.7931116700734121,
2004-04-14,,,-1.077293112445129,
2004-04-15,,,-1.0393869452333984,
2004-04-16,,,-0.8964523334550694,
2004-04-19,,,-0.8616779934021179,
2004-04-20,,,-1.171698664184258,
2004-04-21,,,-1.2105419698637705,
2004-04-22,,,-1.1957634786951563,
2004-04-23,,,-1.4164950331079877,
2004-04-26,,,-1.0827712522254234,
2004-04-27,,,-0.7812908739781155,
2004-04-28,,,-0.8539835916233786,
2004-04-29,,,-1.004832734617242,
2004-04-30,,,-0.5431425236514942,
2004-05-03,,,-0.05607830925933522,
2004-05-04,,,0.21469680326632407,
2004-05-05,,,0.10510808266861664,
2004-05-06,,,0.37768974945505585,
2004-05-07,,,0.37568533554545985,
2004-05-10,,,0.9765186631701982,
2004-05-11,,,1.1579695667018817,
2004-05-12,,,1.4957792740092246,
2004-05-13,,,1.606683517659225,
2004-05-14,,,1.920784961165678,
2004-05-17,,,2.0593466422097584,
2004-05-18,,,1.808469250149388,
2004-05-19,,,1.4938199846985465,
2004-05-20,,,1.674086552109219,
2004-05-21,,,1.3925220587467888,
2004-05-24,,,1.5995672607254694,
2004-05-25,,,1.5230820087392625,
2004-05-26,,,1.4245907149845847,
2004-05-27,,,1.601871340617307,
2004-05-28,,,1.3286943380223595,
2004-05-31,,,1.212032291854786,
2004-06-01,,,1.0734306375450495,
2004-06-02,,,0.8875999779777377,
2004-06-03,,,0.9545069982292119,
2004-06-04,,,0.5435313578956537,
2004-06-07,,,0.66618110114592,
2004-06-08,,,-0.05136804801854246,
2004-06-09,,,-0.2561799671585139,
2004-06-10,,,-0.40918377101768394,
2004-06-11,,,-0.5873626671487922,
2004-06-14,,,-0.995534120952921,
2004-06-15,,,-0.8831530157680085,
2004-06-16,,,-0.7980432690721102,
2004-06-17,,,-0.4018265377183339,
2004-06-18,,,-0.7129137469608038,
2004-06-21,,,-0.49806378125295747,
2004-06-22,,,-0.5212250818897328,
2004-06-23,,,-0.4913966058568135,
2004-06-24,,,-0.4085381564547455,
2004-06-25,,,-0.5395237319287555,
2004-06-28,,,-0.5627238728868704,
2004-06-29,,,-0.5320519556106185,
2004-06-30,,,-0.0685819158246103,
2004-07-01,,,0.06798612681233164,
2004-07-02,,,0.12238652996525928,
2004-07-05,,,0.3967608017432307,
2004-07-06,,,0.2562611323217828,
2004-07-07,,,0.39360214167747487,
2004-07-08,,,0.47478330406913855,
2004-07-09,,,0.3878104804399725,
2004-07-12,,,0.41357176480849656,
2004-07-13,,,0.38276605114344026,
2004-07-14,,,-0.07439831105947772,
2004-07-15,,,0.011752661209896377,
2004-07-16,,,0.21285285051354938,
2004-07-19,,,0.21163756142495982,
2004-07-20,,,-0.1380682277808066,
2004-07-21,,,-0.07896589119486519,
2004-07-22,,,0.12689802658665106,
2004-07-23,,,0.15567702876218834,
2004-07-26,,,0.18444388266870257,
2004-07-27,,,0.36212004514902596,
2004-07-28,,,0.3300139806223052,
2004-07-29,,,-0.15350487397896978,
2004-07-30,,,-0.09219642961984947,
2004-07-31,,,-0.1221701481566928,
2004-08-02,,,-0.09097075768518026,
2004-08-03,,,0.09397853856704237,
2004-08-04,,,0.15524537831730462,
2004-08-05,,,0.18541784214350154,
2004-08-06,,,0.6827672983919547,
2004-08-09,,,0.5841330816563923,
2004-08-10,,,0.6426613643267673,
2004-08-11,,,0.732080153478552,
2004-08-12,,,1.0395973257897952,
2004-08-13,,,0.8725302257601749,
2004-08-16,,,0.8648037030593904,
2004-08-17,,,1.2953004953694598,
2004-08-18,,,1.1854146705119601,
2004-08-19,,,0.9217676431299017,
2004-08-20,,,0.6298570926908179,
2004-08-23,,,0.4348282076812587,
2004-08-24,,,0.4957497999104129,
2004-08-25,,,0.2679348482360143,
2004-08-26,,,0.39519022940924553,
2004-08-27,,,0.16580781460041835,
2004-08-30,,,0.09952329375370071,
2004-08-31,,,0.2953660168508468,
2004-09-01,,,0.29347646897739105,
2004-09-02,,,-0.0062221289810719315,
2004-09-03,,,-0.30580109942128003,
2004-09-06,,,-0.770679263517228,
2004-09-07,,,-0.5313232236481634,
2004-09-08,,,-0.29278872993009875,
2004-09-09,,,-0.4939873897196338,
2004-09-10,,,-0.7278450683751532,
2004-09-13,,,-0.8915758679815681,
2004-09-14,,,-0.782419096705862,
2004-09-15,,,-0.9460179891241411,
2004-09-16,,,-0.3919206564928257,
2004-09-17,,,-0.6987164692218185,
2004-09-20,,,-0.3491162736972569,
2004-09-21,,,-0.24306106196631158,
2004-09-22,,,-0.137084925965522,
2004-09-23,,,-0.3820020713309254,
2004-09-24,,,-0.4150448041230695,
2004-09-27,,,-0.16483401216553933,
2004-09-28,,,-0.19964659416463318,
2004-09-29,,,-0.6273525190919654,
2004-09-30,,,-0.5156889237072161,
2004-10-01,,,-0.4044651684044023,
2004-10-04,,,-0.03977803305986141,
2004-10-05,,,-0.03964560749853867,
2004-10-06,,,-0.4788500516342428,
2004-10-07,,,-0.7323547887681303,
2004-10-08,,,-0.21157283094046572,
2004-10-11,,,-0.17337594539086082,
2004-10-12,,,-0.06059382303699057,
2004-10-13,,,0.052183904832955055,
2004-10-14,,,0.27798360924149323,
2004-10-15,,,-0.3297395575394025,
2004-10-18,,,0.16698198259755997,
2004-10-19,,,0.012907225586121373,
2004-10-20,,,0.3589281623858213,
2004-10-21,,,0.04759432706836988,
2004-10-22,,,0.43565478513077804,
2004-10-25,,,0.3159621069434288,
2004-10-26,,,-0.038983344759596986,
2004-10-27,,,-0.4723866996951852,
2004-10-28,,,-0.42998295083188354,
2004-10-29,,,-0.6653472781156594,
2004-10-31,,,-0.18250915545310598,
2004-11-01,,,-0.46224760769522466,
2004-11-02,,,-0.539833390168489,
2004-11-03,,,-0.41521592311135175,
2004-11-04,,,-0.49390364997997904,
2004-11-05,,,-1.3389129946811824,
2004-11-08,,,-1.3615731422140882,
2004-11-09,,,-1.343744784323947,
2004-11-10,,,-1.4844291626013597,
2004-11-11,,,-1.5802461499070928,
2004-11-12,,,-1.2028133805483274,
2004-11-15,,,-1.4242645309176274,
2004-11-16,,,-1.520928351310001,
2004-11-17,,,-1.5364050425771336,
2004-11-18,,,-1.358675076083766,
2004-11-19,,,-1.6470392171806292,
2004-11-22,,,-1.4290678737818199,
2004-11-23,,,-1.3706947546454005,
2004-11-24,,,-1.0081721163265573,
2004-11-25,,,-0.8054085028701734,
2004-11-26,,,-0.9532642891438197,
2004-11-29,,,-1.3285321134388859,
2004-11-30,,,-0.8502575943163393,
2004-12-01,,,-0.8427634777556309,
2004-12-02,,,-0.7187860635134576,
2004-12-03,,,-0.20381411733622884,
2004-12-06,,,0.3897494168454915,
2004-12-07,,,0.3084136787548966,
2004-12-08,,,0.4661139149082484,
2004-12-09,,,0.34351049159643154,
2004-12-10,,,0.3015353758875549,
2004-12-13,,,0.05741444229038459,
2004-12-14,,,0.179315700501188,
2004-12-15,,,0.2602728267623146,
2004-12-16,,,-0.3160119437649146,
2004-12-17,,,-0.23146103375146224,
2004-12-20,,,0.06050014549767991,
2004-12-21,,,0.018677491371414338,
2004-12-22,,,0.06074471084174692,
2004-12-23,,,0.14496949109198326,
2004-12-24,,,0.05963626318452044,
2004-12-27,,,0.05953976675743269,
2004-12-28,,,0.1879514969726026,
2004-12-29,,,-0.15734379776565333,
2004-12-30,,,0.06017772157896218,
2004-12-31,,,0.624874517759867,
2005-01-03,,,0.14122220445693331,
2005-01-04,,,-0.298328655943577,
2005-01-05,,,0.1447812727975744,
2005-01-06,,,0.14421842768251264,
2005-01-07,,,0.27737618612605264,
2005-01-10,,,0.4550200445893604,
2005-01-11,,,0.9445359131330624,
2005-01-12,,,0.9808436664124541,
2005-01-13,,,1.1499916785036077,
2005-01-14,,,1.447078039702009,
2005-01-17,,,1.3832575783295453,
2005-01-18,,,1.5397423254880673,
2005-01-19,,,1.4298608923798515,
2005-01-20,,,1.8825389687425438,
2005-01-21,,,2.0129548342981476,
2005-01-24,,,1.968758040870338,
2005-01-25,,,1.8447415151803577,
2005-01-26,,,1.7271261970476228,
2005-01-27,,,1.6556978295881266,
2005-01-28,,,1.668335926846985,
2005-01-31,,,1.2751214177116823,
2005-02-01,,,1.3002065303292192,
2005-02-02,,,1.4055095513643745,
2005-02-03,,,0.8981157828612455,
2005-02-04,,,0.8490783565513077,
2005-02-07,,,0.8418164767607751,
2005-02-08,,,0.586485546851639,
2005-02-09,,,0.5407460644096065,
2005-02-10,,,0.2439072938886136,
2005-02-11,,,-0.09495395677494821,
2005-02-14,,,-0.0521578245069725,
2005-02-15,,,-0.22247717662403807,
2005-02-16,,,-0.6487606180589134,
2005-02-17,,,-0.6442849231538428,
2005-02-18,,,-1.2792600276070516,
2005-02-21,,,-1.4321083834559254,
2005-02-22,,,-1.4540963138467977,
2005-02-23,,,-1.0564532647264566,
2005-02-24,,,-1.1722273210108256,
2005-02-25,,,-1.1172006007031638,
2005-02-28,,,-1.356854162415927,
2005-03-01,,,-1.5051805371743814,
2005-03-02,,,-1.2342549928988196,
2005-03-03,,,-1.0112003765291964,
2005-03-04,,,-0.6651233687455707,
2005-03-07,,,-0.9976892029538187,
2005-03-08,,,-1.1559317223520094,
2005-03-09,,,-1.2267082968762526,
2005-03-10,,,-1.2538794346030517,
2005-03-11,,,-1.1970247173068307,
2005-03-14,,,-0.8484760863905114,
2005-03-15,,,-0.7990502496292282,
2005-03-16,,,-0.07021287504365697,
2005-03-17,,,0.699988428654708,
2005-03-18,,,0.6094702443214379,
2005-03-21,,,1.287395448737293,
2005-03-22,,,1.2717452848731063,
2005-03-23,,,1.7571132998556038,
2005-03-24,,,1.6430623331898935,
2005-03-25,,,1.8195182396045895,
2005-03-28,,,1.9449619618304408,
2005-03-29,,,2.3335620643548345,
2005-03-30,,,2.71717887171059,
2005-03-31,,,3.0,
2005-04-01,,,3.0,
2005-04-04,,,2.9183227449667433,
2005-04-05,,,2.7337214830813004,
2005-04-06,,,2.662476934785363,
2005-04-07,,,2.5048364321512055,
2005-04-08,,,2.1484958579364988,
2005-04-11,,,2.4803031837493466,
2005-04-12,,,2.5992805432138897,
2005-04-13,,,2.589393177559768,
2005-04-14,,,2.550316731700517,
2005-04-15,,,2.538977314963074,
2005-04-18,,,2.7288482019105476,
2005-04-19,,,2.420670011359619,
2005-04-20,,,2.191389596587904,
2005-04-21,,,1.557760883195443,
2005-04-22,,,1.6538351471697084,
2005-04-25,,,1.6701886243382378,
2005-04-26,,,1.7093788939835481,
2005-04-27,,,1.745560108984238,
2005-04-28,,,1.755035230967899,
2005-04-29,,,1.360589210477303,
2005-04-30,,,1.3623337059872496,
2005-05-02,,,1.19755046310313,
2005-05-03,,,1.227931067028016,
2005-05-04,,,1.3043291278406637,
2005-05-05,,,1.4709489798801894,
2005-05-06,,,1.351308314989036,
2005-05-09,,,1.0960859548754094,
2005-05-10,,,1.0111225611981185,
2005-05-11,,,1.1616265152324148,
2005-05-12,,,0.9351828289168133,
2005-05-13,,,0.8536734043477038,
2005-05-16,,,0.8674182937901397,
2005-05-17,,,0.9979003081264765,
2005-05-18,,,1.0783835106797506,
2005-05-19,,,0.9937380152975673,
2005-05-20,,,0.7236593284944333,
2005-05-23,,,0.5746389441215389,
2005-05-24,,,0.45056424767842446,
2005-05-25,,,-0.12656725074654093,
2005-05-26,,,-0.6304135323777631,
2005-05-27,,,-0.7227457810597926,
2005-05-30,,,-0.8142174330296232,
2005-05-31,,,-0.4945907273136444,
2005-06-01,,,-0.39489143665548615,
2005-06-02,,,-0.6860265625311667,
2005-06-03,,,-0.9498043940100175,
2005-06-06,,,-0.5755075218438273,
2005-06-07,,,-0.5231098008578225,
2005-06-08,,,-0.7426258043244498,
2005-06-09,,,-0.9104248005458451,
2005-06-10,,,-1.2714337840680037,
2005-06-13,,,-1.5958358093474836,
2005-06-14,,,-1.9265546913265355,
2005-06-15,,,-2.1861085480745484,
2005-06-16,,,-1.9714592453878077,
2005-06-17,,,-1.6333947492927745,
2005-06-20,,,-1.446751165505125,
2005-06-21,,,-1.3122197187561033,
2005-06-22,,,-1.089540553938955,
2005-06-23,,,-0.8477118459079038,
2005-06-24,,,-0.5149346624352487,
2005-06-27,,,-0.32418118203527513,
2005-06-28,,,-0.5587105061968924,
2005-06-29,,,-0.9326448608497445,
2005-06-30,,,-0.8305192554703335,
2005-07-01,,,-0.753186600524996,
2005-07-04,,,-0.5099833946419129,
2005-07-05,,,-0.8174131333253245,
2005-07-06,,,-0.7156472210009096,
2005-07-07,,,-0.6146993891100329,
2005-07-08,,,-0.9472673135206731,
2005-07-11,,,-0.8429671785444477,
2005-07-12,,,-0.9325224359306495,
2005-07-13,,,-0.8762802514151439,
2005-07-14,,,-0.8690833237476868,
2005-07-15,,,-1.0550194333204261,
2005-07-18,,,-1.0686761976759063,
2005-07-19,,,-0.9856839484504109,
2005-07-20,,,-1.0006923442056321,
2005-07-21,,,-1.3513933381464829,
2005-07-22,,,-1.2142107438922005,
2005-07-25,,,-1.3902594929640224,
2005-07-26,,,-1.4652400734909614,
2005-07-27,,,-1.3023825435271916,
2005-07-28,,,-1.120546109980623,
2005-07-29,,,-1.390607555436252,
2005-07-31,,,-1.0190009339362511,
2005-08-01,,,-1.0325179824419628,
2005-08-02,,,-0.9275306807772337,
2005-08-03,,,-0.9427826482114025,
2005-08-04,,,-1.0288145393981738,
2005-08-05,,,-0.8047169551639862,
2005-08-08,,,-0.6068310239709663,
2005-08-09,,,-0.38590996572817515,
2005-08-10,,,-0.3352258867405006,
2005-08-11,,,-0.08953328730782772,
2005-08-12,,,0.10707654849241084,
2005-08-15,,,0.05709060706059723,
2005-08-16,,,0.08147391590460167,
2005-08-17,,,-0.018740982648137637,
2005-08-18,,,0.2567472810782788,
2005-08-19,,,0.129375913545079,
2005-08-22,,,0.20445923319167372,
2005-08-23,,,0.2540451065652725,
2005-08-24,,,0.30355337355812345,
2005-08-25,,,0.2503562409939949,
2005-08-26,,,0.3519261989356787,
2005-08-29,,,0.29790775240019435,
2005-08-30,,,0.6077439577410275,
2005-08-31,,,1.0687749367505919,
2005-09-01,,,1.0824927495158454,
2005-09-02,,,1.0958303647301275,
2005-09-05,,,1.1343846755414766,
2005-09-06,,,0.9155393018502664,
2005-09-07,,,0.7774597149050145,
2005-09-08,,,0.7447077570248423,
2005-09-09,,,0.6082070535439843,
2005-09-12,,,0.367754490167805,
2005-09-13,,,0.5758226436698192,
2005-09-14,,,0.4394569805341538,
2005-09-15,,,0.4894303515586615,
2005-09-16,,,0.35264947759554893,
2005-09-19,,,0.5910048398769234,
2005-09-20,,,0.6934978268371184,
2005-09-21,,,0.9283404803726039,
2005-09-22,,,1.1316480331067504,
2005-09-23,,,0.8518411663819894,
2005-09-26,,,0.7901219854571807,
2005-09-27,,,0.7291730667900346,
2005-09-28,,,0.506846361411515,
2005-09-29,,,-0.04152264498659131,
2005-09-30,,,-0.5070887948683789,
2005-10-03,,,-0.6959684335055051,
2005-10-04,,,-0.6637152971517126,
2005-10-05,,,-0.41080747659671346,
2005-10-06,,,-0.21400663383431795,
2005-10-07,,,-0.045269786557521716,
2005-10-10,,,-0.04532038536727881,
2005-10-11,,,0.26554412035013747,
2005-10-12,,,0.34878459815016,
2005-10-13,,,0.517058900580312,
2005-10-14,,,0.42751723277105597,
2005-10-17,,,0.13710355715103606,
2005-10-18,,,-0.21102492192808822,
2005-10-19,,,-0.21017898637640897,
2005-10-20,,,-0.5593589912259997,
2005-10-21,,,-0.701942415052834,
2005-10-24,,,-0.550642441408694,
2005-10-25,,,-0.5178838365079361,
2005-10-26,,,-0.5444302460326058,
2005-10-27,,,-0.3925866804992861,
2005-10-28,,,-0.300860233009017,
2005-10-31,,,0.18177836180079726,
2005-11-01,,,0.2710964877150126,
2005-11-02,,,0.14778261528485329,
2005-11-03,,,-0.12817024356548273,
2005-11-04,,,-0.2505300848302607,
2005-11-07,,,-0.34190459378170646,
2005-11-08,,,-0.15430209925114194,
2005-11-09,,,-0.5272168703551448,
2005-11-10,,,-0.49290175628815,
2005-11-11,,,-0.677850173996494,
2005-11-14,,,-0.45335899413088926,
2005-11-15,,,0.023982381279209746,
2005-11-16,,,0.5005903280107215,
2005-11-17,,,0.5606246331350593,
2005-11-18,,,0.33247681755028224,
2005-11-21,,,0.36236830511115264,
2005-11-22,,,0.6179840896914276,
2005-11-23,,,0.6131256698293788,
2005-11-24,,,0.6083085088170986,
2005-11-25,,,0.44064275000091757,
2005-11-28,,,0.3719304776505473,
2005-11-29,,,-0.059482272352615405,
2005-11-30,,,0.27219492136627577,
2005-12-01,,,0.2036521190120696,
2005-12-02,,,0.4363211300005095,
2005-12-05,,,0.39960201425600833,
2005-12-06,,,0.565129432227704,
2005-12-07,,,0.29016130710055726,
2005-12-08,,,0.5939005967991446,
2005-12-09,,,0.008799313332177587,
2005-12-12,,,0.00838481403971091,
2005-12-13,,,-0.026598392631914484,
2005-12-14,,,0.04267944516585958,
2005-12-15,,,-0.3769645907207169,
2005-12-16,,,-0.5501707291715516,
2005-12-19,,,-0.19509899106072867,
2005-12-20,,,-0.3005990937927028,
2005-12-21,,,-0.5479262971327196,
2005-12-22,,,-0.18783074792104268,
2005-12-23,,,-0.0075064454654194,
2005-12-26,,,-0.11618731123391443,
2005-12-27,,,-0.006975940969417301,
2005-12-28,,,0.2116734390644707,
2005-12-29,,,-0.046650469772162764,
2005-12-30,,,0.02700570658220502,
2005-12-31,,,0.21182217283694751,
2006-01-02,,,0.2474798594550312,
2006-01-03,,,0.09597137848414566,
2006-01-04,,,0.019792194001429533,
2006-01-05,,,-0.32116193647558483,
2006-01-06,,,-0.2437007229184804,
2006-01-09,,,-0.39542506797559696,
2006-01-10,,,-0.4700780522069252,
2006-01-11,,,-0.812872992478183,
2006-01-12,,,-0.49903551912074273,
2006-01-13,,,-0.18600682542389524,
2006-01-16,,,-0.30236898262744444,
2006-01-17,,,-0.10494058038472898,
2006-01-18,,,0.05301897211527921,
2006-01-19,,,-0.38349522562400096,
2006-01-20,,,-0.5007952236328226,
2006-01-23,,,-0.5378467979480268,
2006-01-24,,,-0.8142633336486996,
2006-01-25,,,-1.0470238016617577,
2006-01-26,,,-1.076765494245821,
2006-01-27,,,-1.026451240192734,
2006-01-30,,,-1.4909243432424315,
2006-01-31,,,-1.1553774861162989,
2006-02-01,,,-1.496113165209223,
2006-02-02,,,-1.3186008924614883,
2006-02-03,,,-0.9887578833001482,
2006-02-06,,,-0.6632419464132409,
2006-02-07,,,-0.41936492290210126,
2006-02-08,,,-0.41704827649989445,
2006-02-09,,,-0.2936980578298563,
2006-02-10,,,-0.6566650872197979,
2006-02-13,,,-0.9351354547779952,
2006-02-14,,,-0.8865473050668655,
2006-02-15,,,-1.2015804755861736,
2006-02-16,,,-1.3080748580524766,
2006-02-17,,,-1.0114644514306446,
2006-02-20,,,-1.082264476865791,
2006-02-21,,,-1.0712522745346575,
2006-02-22,,,-0.7779864855734403,
2006-02-23,,,-0.5278404121916312,
2006-02-24,,,-0.40161410292044997,
2006-02-27,,,-0.3168979999320165,
2006-02-28,,,0.30668874393140716,
2006-03-01,,,-0.19513868147389143,
2006-03-02,,,0.057162425546572505,
2006-03-03,,,-0.06957928595270405,
2006-03-06,,,-0.3231960751925791,
2006-03-07,,,-0.15137755654116286,
2006-03-08,,,-0.1506502344874438,
2006-03-09,,,-0.06395499053075243,
2006-03-10,,,-0.15012896506169945,
2006-03-13,,,-0.14940574596657094,
2006-03-14,,,0.06966496908227345,
2006-03-15,,,-0.1064024643018359,
2006-03-16,,,0.2911852609725593,
2006-03-17,,,0.2894397670540589,
2006-03-20,,,0.19863130965359133,
2006-03-21,,,-0.20569241106321767,
2006-03-22,,,-0.20465973609922897,
2006-03-23,,,-0.38448117747542365,
2006-03-24,,,0.026753052228858286,
2006-03-27,,,-0.20203100725992967,
2006-03-28,,,-0.5221117792623641,
2006-03-29,,,-0.8398650678187543,
2006-03-30,,,-0.7871269565075769,
2006-03-31,,,-0.6427690192306286,
2006-04-03,,,-0.6845619953354389,
2006-04-04,,,-0.49373158038036574,
2006-04-05,,,-0.5373721503040073,
2006-04-06,,,-0.627637005942989,
2006-04-07,,,-0.9512728329652586,
2006-04-10,,,-0.6611585655777084,
2006-04-11,,,-0.4673586247384836,
2006-04-12,,,-1.03214708556458,
2006-04-13,,,-0.8333178694418504,
2006-04-14,,,-1.0626553915892079,
2006-04-17,,,-0.7680362244285807,
2006-04-18,,,-0.5712816507640531,
2006-04-19,,,-0.32734423289102677,
2006-04-20,,,-0.42199081445543457,
2006-04-21,,,-0.3223691143386764,
2006-04-24,,,-0.4666583222614223,
2006-04-25,,,-0.6590422335880958,
2006-04-26,,,-0.36001307291474716,
2006-04-27,,,-0.3084644599573191,
2006-04-28,,,-0.15768445922887328,
2006-04-30,,,-0.056887897776245915,
2006-05-01,,,-0.25727978039831134,
2006-05-02,,,-0.25576699268183944,
2006-05-03,,,-0.5578576268270438,
2006-05-04,,,-0.5540596846035841,
2006-05-05,,,-0.09097733374985796,
2006-05-08,,,-0.3984418986385266,
2006-05-09,,,-0.5503615488583871,
2006-05-10,,,-0.39158541383227835,
2006-05-11,,,-0.44108620439844637,
2006-05-12,,,-0.43825733968457176,
2006-05-15,,,-0.38302929576900197,
2006-05-16,,,-0.16974166698487278,
2006-05-17,,,0.25562972718703747,
2006-05-18,,,0.7326148542141572,
2006-05-19,,,0.6740722094853745,
2006-05-22,,,0.9354268353281473,
2006-05-23,,,1.1920102615071415,
2006-05-24,,,1.545634543179645,
2006-05-25,,,1.1042558045838358,
2006-05-26,,,1.0401707241177227,
2006-05-29,,,0.8184768425189507,
2006-05-30,,,1.1295073953472539,
2006-05-31,,,1.1701659748136133,
2006-06-01,,,1.3670118026329459,
2006-06-02,,,1.8650219772886611,
2006-06-05,,,1.522341829273428,
2006-06-06,,,1.8541303276112462,
2006-06-07,,,1.8174346561212817,
2006-06-08,,,2.0769994764071638,
2006-06-09,,,2.17206974509973,
2006-06-12,,,2.022620676131963,
2006-06-13,,,2.116706748783857,
2006-06-14,,,1.740210645466035,
2006-06-15,,,1.3805595086764442,
2006-06-16,,,0.9358642003588729,
2006-06-19,,,0.9269954730109897,
2006-06-20,,,0.7269158993405,
2006-06-21,,,1.1515726821076628,
2006-06-22,,,0.7560799690454063,
2006-06-23,,,0.9419740381126804,
2006-06-26,,,1.1244007425526839,
2006-06-27,,,1.207072414580529,
2006-06-28,,,1.1448645433741729,
2006-06-29,,,1.0363297765032182,
2006-06-30,,,1.0731517466468523,
2006-07-03,,,0.5331879075753977,
2006-07-04,,,0.6745024516407251,
2006-07-05,,,0.13360324311307492,
2006-07-06,,,0.42655573265635016,
2006-07-07,,,0.3251832169564442,
2006-07-10,,,0.1250151059299271,
2006-07-11,,,0.3726025199310154,
2006-07-12,,,-0.029777879152043704,
2006-07-13,,,0.3217330941644541,
2006-07-14,,,0.7219066858939502,
2006-07-17,,,0.7661585706760059,
2006-07-18,,,0.5576822075122596,
2006-07-19,,,0.6548812914813147,
2006-07-20,,,0.39494394849491943,
2006-07-21,,,0.39210813030813296,
2006-07-24,,,0.4407607298464563,
2006-07-25,,,0.12699692282003455,
2006-07-26,,,0.021708092261125116,
2006-07-27,,,0.07354643749002078,
2006-07-28,,,0.2831953742195686,
2006-07-31,,,0.43952393687673597,
2006-08-01,,,0.4892700700643257,
2006-08-02,,,0.3792078812215659,
2006-08-03,,,0.6966574945394945,
2006-08-04,,,0.583950380161304,
2006-08-07,,,0.3642715985328879,
2006-08-08,,,0.4697173353694814,
2006-08-09,,,0.30326585615779383,
2006-08-10,,,0.41017567208016636,
2006-08-11,,,-0.14186439078327176,
2006-08-14,,,-0.5826089685106948,
2006-08-15,,,-0.3026486484679693,
2006-08-16,,,0.1442032008694525,
2006-08-17,,,-0.360900536741615,
2006-08-18,,,-0.2468398915147335,
2006-08-21,,,-0.019759352064468404,
2006-08-22,,,-0.020126935217124657,
2006-08-23,,,0.15094554104669597,
2006-08-24,,,0.14962839020495436,
2006-08-25,,,0.32139128817972307,
2006-08-28,,,-0.08696665016026586,
2006-08-29,,,-0.37842125859291176,
2006-08-30,,,-0.2596069398005516,
2006-08-31,,,0.2712722058955946,
2006-09-01,,,0.269208371897052,
2006-09-04,,,0.14828464823173237,
2006-09-05,,,-0.09214492833506562,
2006-09-06,,,-0.21231395097596953,
2006-09-07,,,-0.15125258228864769,
2006-09-08,,,-0.15092699997098258,
2006-09-11,,,-0.15060350725906743,
2006-09-12,,,0.09512500081069386,
2006-09-13,,,-0.21424204658439097,
2006-09-14,,,-0.5847860922194278,
2006-09-15,,,-0.4573080361678576,
2006-09-18,,,-0.6418653845953295,
2006-09-19,,,-0.32506513778045215,
2006-09-20,,,-0.38664240664236654,
2006-09-21,,,0.18504026291326744,
2006-09-22,,,0.5012926316463493,
2006-09-25,,,0.5611788339315145,
2006-09-26,,,0.4289084087047513,
2006-09-27,,,0.16822564876341617,
2006-09-28,,,-0.02755878515445805,
2006-09-29,,,-0.6132234126747267,
2006-09-30,,,-0.47926360552959163,
2006-10-02,,,-0.4767846546980339,
2006-10-03,,,-0.14493753981500818,
2006-10-04,,,0.18679733554662795,
2006-10-05,,,-0.2810944365098717,
2006-10-06,,,-0.8801086323142393,
2006-10-09,,,-0.6733457456745799,
2006-10-10,,,-1.0028892292899376,
2006-10-11,,,-1.1270177976567608,
2006-10-12,,,-0.9827566334213523,
2006-10-13,,,-1.0408900664374945,
2006-10-16,,,-1.0979403852371694,
2006-10-17,,,-1.4844625065450243,
2006-10-18,,,-1.4638874604351273,
2006-10-19,,,-2.088363515899849,
2006-10-20,,,-2.352226584637515,
2006-10-23,,,-2.5888276065342155,
2006-10-24,,,-2.1515406309244725,
2006-10-25,,,-1.6219977366850002,
2006-10-26,,,-1.3545020658387485,
2006-10-27,,,-1.0940562100117046,
2006-10-30,,,-1.3266124262061574,
2006-10-31,,,-0.8224584497676245,
2006-11-01,,,-0.6928604464896586,
2006-11-02,,,-1.1802669349845778,
2006-11-03,,,-1.5319156757690964,
2006-11-06,,,-0.9631159751594693,
2006-11-07,,,-0.8931750317868202,
2006-11-08,,,-0.5772848590569865,
2006-11-09,,,-0.4493014398634366,
2006-11-10,,,-0.2591179978518614,
2006-11-13,,,-0.25780213079365694,
2006-11-14,,,-0.1300444288598733,
2006-11-15,,,-0.7003050950577228,
2006-11-16,,,-1.011274244757367,
2006-11-17,,,-0.4947116332117147,
2006-11-20,,,-0.4277426845276766,
2006-11-21,,,0.15415254013801696,
2006-11-22,,,0.1532234488003759,
2006-11-23,,,-0.10803482753824224,
2006-11-24,,,-0.1729716272165724,
2006-11-27,,,-0.17213218560809163,
2006-11-28,,,0.29136336537454705,
2006-11-29,,,-0.7053915181648709,
2006-11-30,,,-0.4347995580355694,
2006-12-01,,,0.03608793831152488,
2006-12-04,,,0.774184487372069,
2006-12-05,,,0.2974361186909007,
2006-12-06,,,-0.24676398718160944,
2006-12-07,,,-0.44967867830176744,
2006-12-08,,,-0.6516451099944381,
2006-12-11,,,-0.6471453778297696,
2006-12-12,,,-0.16109627405903942,
2006-12-13,,,-0.6443993219061228,
2006-12-14,,,-0.08457101687257153,
2006-12-15,,,0.1954878495672196,
2006-12-18,,,-0.2273029546804379,
2006-12-19,,,-0.367259884203267,
2006-12-20,,,-0.8595776346366389,
2006-12-21,,,-0.7819316893591457,
2006-12-22,,,-1.198483718359559,
2006-12-25,,,-1.254999414330446,
2006-12-26,,,-1.3794542402373455,
2006-12-27,,,-2.111614665030375,
2006-12-28,,,-1.8623164446668132,
2006-12-29,,,-2.2199477343348013,
2006-12-31,,,-1.7745179971191853,
2007-01-01,,,-1.67675051822153,
2007-01-02,,,-1.1243547209440017,
2007-01-03,,,-0.647133528131353,
2007-01-04,,,-0.23929805082851932,
2007-01-05,,,-0.034777345044537694,
2007-01-08,,,-0.23863458635395576,
2007-01-09,,,-0.714568853420927,
2007-01-10,,,-0.4357807576998437,
2007-01-11,,,-0.7759621577348166,
2007-01-12,,,-0.7697066759144041,
2007-01-15,,,-0.9008823808971569,
2007-01-16,,,-0.892818854287084,
2007-01-17,,,-1.2275653870114795,
2007-01-18,,,-1.281082552157224,
2007-01-19,,,-1.0608047920431685,
2007-01-22,,,-1.118153328231486,
2007-01-23,,,-1.3778332490690686,
2007-01-24,,,-1.087989360989772,
2007-01-25,,,-1.2123484548957697,
2007-01-26,,,-0.9940508377519583,
2007-01-29,,,-1.5257557011620075,
2007-01-30,,,-1.2337854037980807,
2007-01-31,,,-0.6759411085157443,
2007-02-01,,,-1.0798970227678901,
2007-02-02,,,-1.271394978542186,
2007-02-05,,,-1.120351486867049,
2007-02-06,,,-1.0401627474063473,
2007-02-07,,,-0.9614074433246154,
2007-02-08,,,-0.8156349635135736,
2007-02-09,,,-0.8768724360463165,
2007-02-12,,,-0.7316321389373467,
2007-02-13,,,-0.7255571994904004,
2007-02-14,,,-0.3731262274336451,
2007-02-15,,,-0.16100035993604117,
2007-02-16,,,-0.37026141519838585,
2007-02-19,,,-0.15608559630971044,
2007-02-20,,,-0.08388058590494023,
2007-02-21,,,-0.08301031051405687,
2007-02-22,,,-0.22547709628309978,
2007-02-23,,,0.6398213740980057,
2007-02-26,,,0.7077333723181517,
2007-02-27,,,2.2515190768845637,
2007-02-28,,,2.127190939625974,
2007-03-01,,,1.469529002811225,
2007-03-02,,,2.384418054345993,
2007-03-05,,,2.7599413761826925,
2007-03-06,,,2.3539744247107772,
2007-03-07,,,2.1041857294783997,
2007-03-08,,,1.8087787587840585,
2007-03-09,,,1.1517175356036615,
2007-03-12,,,1.8242816359750125,
2007-03-13,,,2.506211364481217,
2007-03-14,,,2.599794901904627,
2007-03-15,,,1.9476576496420863,
2007-03-16,,,2.076817769338861,
2007-03-19,,,1.9723543693822694,
2007-03-20,,,2.095264905629947,
2007-03-21,,,2.2075297945058314,
2007-03-22,,,1.8287648144065651,
2007-03-23,,,1.899672830319984,
2007-03-26,,,1.700905817100722,
2007-03-27,,,1.4578530676534438,
2007-03-28,,,0.4648535322230175,
2007-03-29,,,0.1875484187815822,
2007-03-30,,,0.020779319746899,
2007-03-31,,,-0.14597523460329315,
2007-04-02,,,-0.5353060698623748,
2007-04-03,,,-0.4201850872657001,
2007-04-04,,,-0.024022851178946078,
2007-04-05,,,0.1457638340142087,
2007-04-06,,,0.7120808651774703,
2007-04-09,,,-0.03349717076410785,
2007-04-10,,,-0.6060415892043204,
2007-04-11,,,-0.8877384813504922,
2007-04-12,,,-0.5364045218340554,
2007-04-13,,,-0.7633599939951532,
2007-04-16,,,-0.6421070330995972,
2007-04-17,,,-0.6955881152641036,
2007-04-18,,,-0.806594526588504,
2007-04-19,,,-0.33339518420339703,
2007-04-20,,,-0.39030928645450497,
2007-04-23,,,-0.5649834414694845,
2007-04-24,,,-0.38361517887616686,
2007-04-25,,,-0.7378709411553985,
2007-04-26,,,-0.8509678558599776,
2007-04-27,,,-0.7248717744815361,
2007-04-30,,,-0.35995567503721804,
2007-05-01,,,-0.41816978551166323,
2007-05-02,,,-0.3550552986053302,
2007-05-03,,,-0.898928900929995,
2007-05-04,,,-0.5269047728325531,
2007-05-07,,,-0.5845673321330352,
2007-05-08,,,-0.08877511036248097,
2007-05-09,,,-0.5210172954829049,
2007-05-10,,,-0.26949005485647565,
2007-05-11,,,-0.39270815941364784,
2007-05-14,,,-0.26498489160992594,
2007-05-15,,,-0.45235813545227255,
2007-05-16,,,-0.5126730444363968,
2007-05-17,,,-0.7624035860640977,
2007-05-18,,,-0.8828275730510453,
2007-05-21,,,-0.7484014783973079,
2007-05-22,,,-0.9963001744322973,
2007-05-23,,,-1.2390075992125413,
2007-05-24,,,-0.9720375921527349,
2007-05-25,,,-0.7087027271154076,
2007-05-28,,,-0.7032570346957239,
2007-05-29,,,-1.5846185201852343,
2007-05-30,,,-1.4344748878853208,
2007-05-31,,,-1.1640384971218318,
2007-06-01,,,-1.150769457309181,
2007-06-04,,,-1.1377713875019837,
2007-06-05,,,-1.2501363858339114,
2007-06-06,,,-0.7954519395251969,
2007-06-07,,,-0.47151905571410996,
2007-06-08,,,-0.34045696931346636,
2007-06-11,,,-0.27394280751141215,
2007-06-12,,,-0.20751747256446493,
2007-06-13,,,0.3138681341300894,
2007-06-14,,,-0.014270415204034687,
2007-06-15,,,0.3143506568009676,
2007-06-18,,,0.6418712235749371,
2007-06-19,,,1.2270208884700178,
2007-06-20,,,1.4072375014898089,
2007-06-21,,,1.96040956127592,
2007-06-22,,,2.042840365657797,
2007-06-25,,,2.6548488006596966,
2007-06-26,,,2.5065491166560334,
2007-06-27,,,3.0,
2007-06-28,,,2.5812389748191036,
2007-06-29,,,2.7044955115324996,
2007-06-30,,,3.0,
2007-07-02,,,3.0,
2007-07-03,,,3.0,
2007-07-04,,,2.574985669585887,
2007-07-05,,,2.176087410495768,
2007-07-06,,,1.8960303062989936,
2007-07-09,,,2.0297362020964624,
2007-07-10,,,2.818334387859189,
2007-07-11,,,2.70128581192543,
2007-07-12,,,2.439890012655075,
2007-07-13,,,2.2034977135979426,
2007-07-16,,,2.1395562010681943,
2007-07-17,,,1.6994353149675423,
2007-07-18,,,2.264401386240489,
2007-07-19,,,1.9393046391744686,
2007-07-20,,,2.3908168504210354,
2007-07-23,,,2.170608862398613,
2007-07-24,,,2.7066146167251346,
2007-07-25,,,2.6227944970713577,
2007-07-26,,,2.8556241637821675,
2007-07-27,,,2.7565123479669413,
2007-07-30,,,2.6663739215241327,
2007-07-31,,,2.583914460811968,
2007-08-01,,,2.5080872498641607,
2007-08-02,,,2.4380354490619354,
2007-08-03,,,2.373049958088364,
2007-08-06,,,2.3125381751645837,
2007-08-07,,,2.2560004713149535,
2007-08-08,,,1.4705056522621625,
2007-08-09,,,1.597013625363458,
2007-08-10,,,1.9109408564109815,
2007-08-13,,,1.8088020787240218,
2007-08-14,,,1.9036254068639964,
2007-08-15,,,2.0515307441002637,
2007-08-16,,,2.0101092297265004,
2007-08-17,,,1.9707976768735231,
2007-08-20,,,1.709779082497346,
2007-08-21,,,1.5839136579490045,
2007-08-22,,,1.0052739486002005,
2007-08-23,,,0.637427529345054,
2007-08-24,,,-0.30097161209335477,
2007-08-27,,,-0.5789936524558305,
2007-08-28,,,-0.21565733232581355,
2007-08-29,,,-0.13472330921744327,
2007-08-30,,,-0.21576110853871047,
2007-08-31,,,0.13009931981866302,
2007-09-03,,,0.005729168883783481,
2007-09-04,,,-0.11839404954604309,
2007-09-05,,,0.19034631668542973,
2007-09-06,,,0.6608240231119366,
2007-09-07,,,0.7747616086947996,
2007-09-10,,,0.7229674624569282,
2007-09-11,,,0.6925845206324749,
2007-09-12,,,0.41640300943166886,
2007-09-13,,,-0.0652520993304547,
2007-09-14,,,-0.7121792207228583,
2007-09-17,,,-0.6034509033486861,
2007-09-18,,,-0.7675920996531663,
2007-09-19,,,-1.1587233553603549,
2007-09-20,,,-1.105396920633358,
2007-09-21,,,-1.032365771266826,
2007-09-24,,,-1.0439067359781848,
2007-09-25,,,-0.9092953558984258,
2007-09-26,,,-1.255970236966789,
2007-09-27,,,-1.2002110287434316,
2007-09-28,,,-1.2697100632761245,
2007-09-30,,,-1.3164344041999716,
2007-10-01,,,-1.3206185400358637,
2007-10-02,,,-1.2429017733207246,
2007-10-03,,,-1.4520352471096487,
2007-10-04,,,-1.3707039020506724,
2007-10-05,,,-1.9467872847551728,
2007-10-08,,,-2.016910086177093,
2007-10-09,,,-2.0047492219175944,
2007-10-10,,,-1.9367529077730536,
2007-10-11,,,-1.7625373226069339,
2007-10-12,,,-1.7994820875035886,
2007-10-15,,,-1.6890633617995783,
2007-10-16,,,-1.3674646554022423,
2007-10-17,,,-0.761622137740195,
2007-10-18,,,-0.346366190527322,
2007-10-19,,,0.04964427387930788,
2007-10-22,,,0.21868167477292577,
2007-10-23,,,-0.010572079853453214,
2007-10-24,,,0.19861731922873388,
2007-10-25,,,0.139533861508107,
2007-10-26,,,0.09978133179964396,
2007-10-29,,,0.002077072991292929,
2007-10-30,,,0.02106300914743497,
2007-10-31,,,-0.03811000389318295,
2007-11-01,,,0.3734820109603112,
2007-11-02,,,0.624926730343535,
2007-11-05,,,0.9497023023130569,
2007-11-06,,,0.8789032120794193,
2007-11-07,,,1.1950248304022992,
2007-11-08,,,1.532902157772061,
2007-11-09,,,1.790575882717583,
2007-11-12,,,1.792854392938343,
2007-11-13,,,1.8630390320749843,
2007-11-14,,,1.581151360296592,
2007-11-15,,,1.6269241505320304,
2007-11-16,,,1.5669886404211186,
2007-11-19,,,1.6600215985055669,
2007-11-20,,,1.7277566811236535,
2007-11-21,,,1.8255999147786803,
2007-11-22,,,1.7947874547410414,
2007-11-23,,,1.682704523875635,
2007-11-26,,,1.7395433812641214,
2007-11-27,,,1.7122154825893492,
2007-11-28,,,1.45193796360032,
2007-11-29,,,1.4431328752625532,
2007-11-30,,,1.1897414505791704,
2007-12-03,,,1.0922255511395862,
2007-12-04,,,1.1134942627621187,
2007-12-05,,,1.0907214529533367,
2007-12-06,,,0.8120204982007279,
2007-12-07,,,0.36613967381195295,
2007-12-10,,,0.08422149400973306,
2007-12-11,,,0.27307873139121824,
2007-12-12,,,0.09292543065946644,
2007-12-13,,,0.09105295005303359,
2007-12-14,,,-0.2826980181487389,
2007-12-17,,,-0.40148313466942,
2007-12-18,,,-0.6397425574538834,
2007-12-19,,,-0.7111253439630723,
2007-12-20,,,-0.8269328600546889,
2007-12-21,,,-0.986194774889507,
2007-12-24,,,-0.9176424062757504,
2007-12-25,,,-1.090431338808414,
2007-12-26,,,-1.109732156512188,
2007-12-27,,,-0.7982866390868321,
2007-12-28,,,-0.65637385220236,
2007-12-31,,,-0.3932350352370258,
2008-01-01,,,-0.49890228058511366,
2008-01-02,,,-0.3269811030231149,
2008-01-03,,,-0.17084407505245364,
2008-01-04,,,0.24928195599469938,
2008-01-07,,,0.6186793158660535,
2008-01-08,,,0.8262948850939824,
2008-01-09,,,0.9512851271208858,
2008-01-10,,,0.8895473700418071,
2008-01-11,,,0.9963808203579656,
2008-01-14,,,1.0087467899582336,
2008-01-15,,,1.0503392109803207,
2008-01-16,,,1.0453750327422993,
2008-01-17,,,1.1878111801549172,
2008-01-18,,,1.118503985582519,
2008-01-21,,,1.2694113952189496,
2008-01-22,,,1.667186850910623,
2008-01-23,,,1.642565463701263,
2008-01-24,,,1.3617178051007277,
2008-01-25,,,1.0815687003396477,
2008-01-28,,,0.9905358560080507,
2008-01-29,,,0.4622575957207702,
2008-01-30,,,0.35820518043936533,
2008-01-31,,,0.3390570105523891,
2008-02-01,,,0.2500301173846749,
2008-02-04,,,-0.07818816884449832,
2008-02-05,,,-0.008108792130481324,
2008-02-06,,,-0.052252979492533165,
2008-02-07,,,-0.35402905811060065,
2008-02-08,,,0.006713463773351363,
2008-02-11,,,0.10617761887906951,
2008-02-12,,,0.13272493107981762,
2008-02-13,,,0.02831000314379218,
2008-02-14,,,-0.2950667208250992,
2008-02-15,,,-0.4559470976734002,
2008-02-18,,,-0.52775106701502,
2008-02-19,,,-0.6139830862517257,
2008-02-20,,,-1.1125327628142114,
2008-02-21,,,-1.087228513188284,
2008-02-22,,,-0.5451968413776794,
2008-02-25,,,-0.5574217358094011,
2008-02-26,,,-0.6742694996238705,
2008-02-27,,,-0.38488919643919994,
2008-02-28,,,0.009561837616621506,
2008-02-29,,,0.2052096416590185,
2008-03-03,,,0.30833256834602585,
2008-03-04,,,0.38005605525714753,
2008-03-05,,,0.038743307838980015,
2008-03-06,,,0.1599963871556399,
2008-03-07,,,0.34196418801215434,
2008-03-10,,,0.35260896938444103,
2008-03-11,,,-0.039818948187753195,
2008-03-12,,,0.23954882131756386,
2008-03-13,,,0.43845810330382173,
2008-03-14,,,0.8043234300345352,
2008-03-17,,,1.0816636251848486,
2008-03-18,,,0.7091082087675149,
2008-03-19,,,0.7438268136313252,
2008-03-20,,,0.7775796408021969,
2008-03-21,,,0.6114646039922914,
2008-03-24,,,0.09219523619290393,
2008-03-25,,,0.15206955020731508,
2008-03-26,,,0.24277383301247518,
2008-03-27,,,0.1447763471184111,
2008-03-28,,,-0.07882940122306058,
2008-03-31,,,-0.20667454639933783,
2008-04-01,,,-0.6363563113316539,
2008-04-02,,,-0.9032477494403679,
2008-04-03,,,-0.896524560390028,
2008-04-04,,,-1.096347492771288,
2008-04-07,,,-1.6350282587592877,
2008-04-08,,,-1.7927202893171992,
2008-04-09,,,-1.362262381921915,
2008-04-10,,,-1.6356200241919312,
2008-04-11,,,-1.7292014713766366,
2008-04-14,,,-1.8903845227126308,
2008-04-15,,,-2.32298783136251,
2008-04-16,,,-2.1980344977459363,
2008-04-17,,,-2.24596086280975,
2008-04-18,,,-2.49500943633405,
2008-04-21,,,-2.4316307350855135,
2008-04-22,,,-2.0109893328468487,
2008-04-23,,,-1.8605808747436372,
2008-04-24,,,-2.0040551021888864,
2008-04-25,,,-1.9890786437115542,
2008-04-28,,,-1.9856530842997593,
2008-04-29,,,-2.176278460668816,
2008-04-30,,,-1.8952565433390751,
2008-05-01,,,-1.724857106173975,
2008-05-02,,,-1.7886507828429468,
2008-05-05,,,-1.7149003982058364,
2008-05-06,,,-1.3813669771753692,
2008-05-07,,,-1.3819696119823195,
2008-05-08,,,-1.3822198256779066,
2008-05-09,,,-1.2731925715722665,
2008-05-12,,,-1.3203618384775944,
2008-05-13,,,-1.4295832605619396,
2008-05-14,,,-1.4265196030671126,
2008-05-15,,,-1.1576357684988225,
2008-05-16,,,-1.1000352373249505,
2008-05-19,,,-0.893933301890779,
2008-05-20,,,-0.7776183352671302,
2008-05-21,,,-0.7494599633971318,
2008-05-22,,,-0.7758586553105494,
2008-05-23,,,-0.507993973479947,
2008-05-26,,,-0.4170341065334041,
2008-05-27,,,-0.40361656135745677,
2008-05-28,,,-0.5341289221092964,
2008-05-29,,,-0.5971790653941487,
2008-05-30,,,-0.515155220286933,
2008-05-31,,,-0.36640302039985434,
2008-06-02,,,-0.21796571877385912,
2008-06-03,,,-0.14893975079912092,
2008-06-04,,,-0.15967602996746263,
2008-06-05,,,-0.46766394514839305,
2008-06-06,,,-0.4877050005654621,
2008-06-09,,,-0.5994872045950281,
2008-06-10,,,-0.5376767781068832,
2008-06-11,,,-0.3255867220585345,
2008-06-12,,,-0.521703712537712,
2008-06-13,,,-0.49494599932961025,
2008-06-16,,,-0.4800589507736542,
2008-06-17,,,-0.5358060202638305,
2008-06-18,,,-0.331371365218943,
2008-06-19,,,-0.2700730860963633,
2008-06-20,,,-0.19689982634607017,
2008-06-23,,,-0.12377225050627773,
2008-06-24,,,0.15485779228023622,
2008-06-25,,,0.2995402807657179,
2008-06-26,,,0.6739865113409697,
2008-06-27,,,0.8130549401695425,
2008-06-30,,,0.7805213172252222,
2008-07-01,,,0.7606091642321591,
2008-07-02,,,0.6803710008370293,
2008-07-03,,,0.7834284946197083,
2008-07-04,,,0.9688687456867403,
2008-07-07,,,1.0528382541729642,
2008-07-08,,,1.2879664818030376,
2008-07-09,,,1.312288680212193,
2008-07-10,,,1.3001463175661534,
2008-07-11,,,1.403339199044074,
2008-07-14,,,1.4318968628128397,
2008-07-15,,,1.6142225171752276,
2008-07-16,,,1.4860770892433024,
2008-07-17,,,1.066247407244457,
2008-07-18,,,0.9162485248202036,
2008-07-21,,,0.6122419150830766,
2008-07-22,,,0.5610016742479498,
2008-07-23,,,0.1111646483840687,
2008-07-24,,,0.30532397377651194,
2008-07-25,,,-0.03163138700223431,
2008-07-28,,,0.026243351594051733,
2008-07-29,,,0.13070530958305832,
2008-07-30,,,-0.03452148868449886,
2008-07-31,,,0.13026876796297948,
2008-08-01,,,0.16462156234323103,
2008-08-04,,,0.1751329596302942,
2008-08-05,,,-0.017509679283469894,
2008-08-06,,,-0.22207673094984473,
2008-08-07,,,-0.027908313560643515,
2008-08-08,,,-0.14953716669365183,
2008-08-11,,,-0.21008063657805529,
2008-08-12,,,-0.17245550732013587,
2008-08-13,,,-0.40596690997593093,
2008-08-14,,,-0.3172650401964501,
2008-08-15,,,-0.02950941268788635,
2008-08-18,,,0.18292846386775588,
2008-08-19,,,0.36956050182166056,
2008-08-20,,,0.42937791110873197,
2008-08-21,,,0.5892923932411938,
2008-08-22,,,0.30595171419627737,
2008-08-25,,,0.4431256446341065,
2008-08-26,,,0.19708007139605396,
2008-08-27,,,0.18260767462998295,
2008-08-28,,,0.12947936826159154,
2008-08-29,,,-0.13112973915773832,
2008-08-31,,,-0.1959944432070923,
2008-09-01,,,-0.20839224038405577,
2008-09-02,,,-0.08903248042405314,
2008-09-03,,,0.0699858333684436,
2008-09-04,,,0.015946124454742684,
2008-09-05,,,0.04220587365517215,
2008-09-08,,,0.014668123376166365,
2008-09-09,,,0.05471772557245043,
2008-09-10,,,0.10830182472566167,
2008-09-11,,,0.17543630658168444,
2008-09-12,,,0.05056656060639195,
2008-09-15,,,0.6812579923166613,
2008-09-16,,,0.9191974683764165,
2008-09-17,,,1.2836226095179335,
2008-09-18,,,1.5234542936280278,
2008-09-19,,,0.7247094662959764,
2008-09-22,,,0.6227558060241896,
2008-09-23,,,0.8578461950036147,
2008-09-24,,,1.1920337339163507,
2008-09-25,,,1.4965830396117137,
2008-09-26,,,1.9526287217338933,
2008-09-29,,,1.9849493020022,
2008-09-30,,,1.9468823898742595,
2008-10-01,,,1.9106462486574243,
2008-10-02,,,1.876095097302859,
2008-10-03,,,1.8430989777464475,
2008-10-06,,,1.8115416102489825,
2008-10-07,,,1.7813185938554699,
2008-10-08,,,1.752335888182431,
2008-10-09,,,1.7245085259738557,
2008-10-10,,,1.6977595160709746,
2008-10-13,,,1.6720189043721327,
2008-10-14,,,1.647222966568417,
2008-10-15,,,1.6233135113357382,
2008-10-16,,,1.6002372765481525,
2008-10-17,,,1.577945404178227,
2008-10-20,,,1.5563929820405382,
2008-10-21,,,1.5355386425454027,
2008-10-22,,,1.5153442102624244,
2008-10-23,,,1.4957743914253963,
2008-10-24,,,1.476796499601994,
2008-10-27,,,1.458380212650915,
2008-10-28,,,1.4404973568328985,
2008-10-29,,,1.4231217145598178,
2008-10-30,,,1.3707322431107247,
2008-10-31,,,1.1054692328121831,
2008-11-03,,,1.0248892863387489,
2008-11-04,,,0.5747432258732503,
2008-11-05,,,0.46874703394194,
2008-11-06,,,0.35980839083955674,
2008-11-07,,,0.22436358895999678,
2008-11-10,,,-0.43798534142826956,
2008-11-11,,,-0.4408982435020184,
2008-11-12,,,0.20172366115003798,
2008-11-13,,,-7.610422428603139e-05,
2008-11-14,,,-0.22961069161951655,
2008-11-17,,,-0.21030210510145658,
2008-11-18,,,0.1346146697018534,
2008-11-19,,,0.3901200129360503,
2008-11-20,,,0.7120104244848132,
2008-11-21,,,0.7697963340923656,
2008-11-24,,,0.5666471608234055,
2008-11-25,,,0.49543802269584225,
2008-11-26,,,0.506141301730678,
2008-11-27,,,0.719762565922551,
2008-11-28,,,0.8514986743060051,
2008-11-30,,,0.7594309578719349,
2008-12-01,,,0.8376237730641151,
2008-12-02,,,0.8665510580498342,
2008-12-03,,,0.9856932692431757,
2008-12-04,,,0.9810614336866577,
2008-12-05,,,0.9943379395260574,
2008-12-08,,,0.8990282589271833,
2008-12-09,,,0.8610090662584761,
2008-12-10,,,0.6583770690413259,
2008-12-11,,,0.6633104128516425,
2008-12-12,,,0.7752416258037492,
2008-12-15,,,0.8696146813922419,
2008-12-16,,,0.44566477807254595,
2008-12-17,,,-0.026664352946445487,
2008-12-18,,,-0.5784034464477663,
2008-12-19,,,-0.9074391621835075,
2008-12-22,,,-0.9914446526797293,
2008-12-23,,,-1.1417840379005706,
2008-12-24,,,-1.0992019894633807,
2008-12-25,,,-1.0936248704548743,
2008-12-26,,,-1.1964655765352623,
2008-12-29,,,-1.3636615888622585,
2008-12-30,,,-1.8270909203124377,
2008-12-31,,,-1.9411980223178864,
2009-01-01,,,-1.9825692946694577,
2009-01-02,,,-2.1134433468717715,
2009-01-05,,,-2.296697655197356,
2009-01-06,,,-2.4698909609389275,
2009-01-07,,,-2.465482255479426,
2009-01-08,,,-2.311352934356756,
2009-01-09,,,-2.332499400889923,
2009-01-12,,,-2.2943326682987975,
2009-01-13,,,-2.238955023305002,
2009-01-14,,,-2.187006373827492,
2009-01-15,,,-1.9706038010631466,
2009-01-16,,,-1.8669363972276263,
2009-01-19,,,-1.7240511155322034,
2009-01-20,,,-1.615013511495317,
2009-01-21,,,-1.4967885958101148,
2009-01-22,,,-1.4668726358105812,
2009-01-23,,,-1.429012967840016,
2009-01-26,,,-1.329446333947422,
2009-01-27,,,-1.2127833265054266,
2009-01-28,,,-1.0728338475178076,
2009-01-29,,,-1.0061422785604728,
2009-01-30,,,-0.9954607362363754,
2009-01-31,,,-0.888111232298919,
2009-02-02,,,-0.7155639054661119,
2009-02-03,,,-0.5078238143471238,
2009-02-04,,,-0.47090095184562264,
2009-02-05,,,-0.5519095368629924,
2009-02-06,,,-0.567138441367723,
2009-02-09,,,-0.5916058844606903,
2009-02-10,,,-0.606503997308388,
2009-02-11,,,-0.5836619884034303,
2009-02-12,,,-0.5830216572053938,
2009-02-13,,,-0.5413282520222257,
2009-02-16,,,-0.5918513421172092,
2009-02-17,,,-0.45744433467397566,
2009-02-18,,,-0.3843975708089696,
2009-02-19,,,-0.4113367470876197,
2009-02-20,,,-0.3315062940912638,
2009-02-23,,,-0.3038468947464048,
2009-02-24,,,-0.1879709697895151,
2009-02-25,,,-0.08529530344423274,
2009-02-26,,,-0.02230829533127402,
2009-02-27,,,0.04728438750205699,
2009-02-28,,,0.030046589286267224,
2009-03-02,,,0.13690530674122528,
2009-03-03,,,0.2535816790906043,
2009-03-04,,,0.36630460988957214,
2009-03-05,,,0.4747431264979376,
2009-03-06,,,0.5211469707049423,
2009-03-09,,,0.607501397586853,
2009-03-10,,,0.519912185295577,
2009-03-11,,,0.36849978475551615,
2009-03-12,,,0.30026288076235735,
2009-03-13,,,0.23234860373666796,
2009-03-16,,,0.14041528789004287,
2009-03-17,,,-0.014071021833137846,
2009-03-18,,,0.07321247015578121,
2009-03-19,,,0.030195603848940156,
2009-03-20,,,-0.06939740820970483,
2009-03-23,,,-0.16539163163539103,
2009-03-24,,,-0.3363449183464757,
2009-03-25,,,-0.38494717578996507,
2009-03-26,,,-0.4478106237756615,
2009-03-27,,,-0.643869089308353,
2009-03-30,,,-0.5852430516077168,
2009-03-31,,,-0.6975137880675439,
2009-04-01,,,-0.7504567235538304,
2009-04-02,,,-0.9365467181152102,
2009-04-03,,,-1.12879090890422,
2009-04-06,,,-1.1755490048479365,
2009-04-07,,,-1.2275587384478424,
2009-04-08,,,-1.185694086956899,
2009-04-09,,,-1.1133613932269772,
2009-04-10,,,-1.0677705281352194,
2009-04-13,,,-0.9774740302345797,
2009-04-14,,,-0.9316149624197366,
2009-04-15,,,-0.9432603869564281,
2009-04-16,,,-1.175842736596846,
2009-04-17,,,-1.215275114306881,
2009-04-20,,,-1.1560802621080275,
2009-04-21,,,-1.0155119423070964,
2009-04-22,,,-0.9931739158834595,
2009-04-23,,,-0.9505059735951671,
2009-04-24,,,-0.9850952723107548,
2009-04-27,,,-0.8418871351674988,
2009-04-28,,,-0.9239416077590719,
2009-04-29,,,-1.0762790981718737,
2009-04-30,,,-1.436333969953756,
2009-05-01,,,-1.3315113501254465,
2009-05-04,,,-1.2613667682711933,
2009-05-05,,,-1.2571297429242188,
2009-05-06,,,-1.2856832482088982,
2009-05-07,,,-1.3677817623320678,
2009-05-08,,,-1.3288779115533802,
2009-05-11,,,-1.249792654294663,
2009-05-12,,,-1.1995605653411505,
2009-05-13,,,-1.0135502600006108,
2009-05-14,,,-0.9453322870136489,
2009-05-15,,,-0.8370146193458347,
2009-05-18,,,-0.7308648172446655,
2009-05-19,,,-0.810754779594736,
2009-05-20,,,-0.9304921564851806,
2009-05-21,,,-0.934704202519454,
2009-05-22,,,-0.9514579782922545,
2009-05-25,,,-0.8367361276674782,
2009-05-26,,,-0.8589407858763944,
2009-05-27,,,-0.8805049448821222,
2009-05-28,,,-0.8057729912107047,
2009-05-29,,,-0.46571843411534447,
2009-05-31,,,-0.4457349532917121,
2009-06-01,,,-0.5168182882646177,
2009-06-02,,,-0.5188726859506434,
2009-06-03,,,-0.4752226889409984,
2009-06-04,,,-0.3925873803425253,
2009-06-05,,,-0.44872947736448127,
2009-06-08,,,-0.5340129735508155,
2009-06-09,,,-0.5523417207452015,
2009-06-10,,,-0.6727251173269363,
2009-06-11,,,-0.6822586801882222,
2009-06-12,,,-0.6816968898465146,
2009-06-15,,,-0.6480617389108146,
2009-06-16,,,-0.5651586637039281,
2009-06-17,,,-0.40310931655099064,
2009-06-18,,,-0.35279615141216414,
2009-06-19,,,-0.28253394146594557,
2009-06-22,,,-0.22609549864131276,
2009-06-23,,,-0.16982114285820601,
2009-06-24,,,-0.09996570543422409,
2009-06-25,,,-0.02674997365753288,
2009-06-26,,,-0.03318565227601899,
2009-06-29,,,-0.02570408247404206,
2009-06-30,,,-0.08115017526712155,
2009-07-01,,,-0.038177014125066557,
2009-07-02,,,-0.023490781433399062,
2009-07-03,,,0.03378580628003685,
2009-07-06,,,0.17669340768328362,
2009-07-07,,,0.21908612743185607,
2009-07-08,,,0.2974784752225162,
2009-07-09,,,0.3395459021979524,
2009-07-10,,,0.37062007880831166,
2009-07-13,,,0.387012695335309,
2009-07-14,,,0.3299742111318983,
2009-07-15,,,0.21028095838962269,
2009-07-16,,,0.13519556847254355,
2009-07-17,,,0.07133117122219207,
2009-07-20,,,0.0524980804481958,
2009-07-21,,,-0.04549338862827642,
2009-07-22,,,-0.12444864524901394,
2009-07-23,,,-0.2298694288029798,
2009-07-24,,,-0.28913857688075323,
2009-07-27,,,-0.3404860903497253,
2009-07-28,,,-0.3608176734471505,
2009-07-29,,,-0.2111440650661011,
2009-07-30,,,-0.2327519506241494,
2009-07-31,,,-0.2815803447000134,
2009-08-03,,,-0.36929928418495267,
2009-08-04,,,-0.44467865837581344,
2009-08-05,,,-0.49192453874905995,
2009-08-06,,,-0.5858849444239493,
2009-08-07,,,-0.6235243332609302,
2009-08-10,,,-0.6527345497598516,
2009-08-11,,,-0.6341571285151247,
2009-08-12,,,-0.5088968762982021,
2009-08-13,,,-0.3567986080713117,
2009-08-14,,,-0.361748053395292,
2009-08-17,,,-0.2016999616006789,
2009-08-18,,,-0.17565220430783307,
2009-08-19,,,-0.11712191123810689,
2009-08-20,,,-0.06277496048314732,
2009-08-21,,,0.0038475656332808868,
2009-08-24,,,0.04148707505500622,
2009-08-25,,,0.09157014443614078,
2009-08-26,,,0.12909746543066364,
2009-08-27,,,0.16240736730525102,
2009-08-28,,,0.19569830265313584,
2009-08-31,,,0.2756066372655879,
2009-09-01,,,0.39797003648684315,
2009-09-02,,,0.46440618320558086,
2009-09-03,,,0.4919777930243718,
2009-09-04,,,0.4634325950311629,
2009-09-07,,,0.5345172852078359,
2009-09-08,,,0.4967039034415021,
2009-09-09,,,0.4459557410345984,
2009-09-10,,,0.36026665920580786,
2009-09-11,,,0.23501406568716265,
2009-09-14,,,0.1276006816114803,
2009-09-15,,,-0.07341691640347804,
2009-09-16,,,-0.19798215068752995,
2009-09-17,,,-0.22329591087593698,
2009-09-18,,,-0.2801403383504577,
2009-09-21,,,-0.20526771527188548,
2009-09-22,,,-0.23999152236780094,
2009-09-23,,,-0.25172178283180785,
2009-09-24,,,-0.24962368848702127,
2009-09-25,,,-0.21982122004773583,
2009-09-28,,,-0.17617220323465443,
2009-09-29,,,-0.2305724375339121,
2009-09-30,,,-0.24734244862070454,
2009-10-01,,,-0.1840758930404572,
2009-10-02,,,-0.12094169538606679,
2009-10-05,,,-0.09594785435564841,
2009-10-06,,,-0.14744923922847633,
2009-10-07,,,-0.08362744458301476,
2009-10-08,,,-0.11159319462931401,
2009-10-09,,,-0.1492116484867566,
2009-10-12,,,-0.06982101780081021,
2009-10-13,,,0.05849680453281629,
2009-10-14,,,0.0832928787406423,
2009-10-15,,,0.17739949106808955,
2009-10-16,,,0.17688760027724143,
2009-10-19,,,0.22139641488312595,
2009-10-20,,,0.2055449818107162,
2009-10-21,,,0.19981486591329256,
2009-10-22,,,0.19409180996055764,
2009-10-23,,,0.16284838611893845,
2009-10-26,,,0.10083137123946709,
2009-10-27,,,0.13170660672327394,
2009-10-28,,,0.21441449699684592,
2009-10-29,,,0.187629534178472,
2009-10-30,,,0.14514906881402972,
2009-10-31,,,0.06583118940126002,
2009-11-02,,,0.09241675441992293,
2009-11-03,,,0.15091311710888528,
2009-11-04,,,0.08637577490434004,
2009-11-05,,,0.15089033478209457,
2009-11-06,,,0.242374703076628,
2009-11-09,,,0.21976373177565098,
2009-11-10,,,0.16442650765508784,
2009-11-11,,,0.25724014887508073,
2009-11-12,,,0.30585420037974054,
2009-11-13,,,0.29348864292691007,
2009-11-16,,,0.3200992433187159,
2009-11-17,,,0.3243052916410597,
2009-11-18,,,0.3453632739845873,
2009-11-19,,,0.4002411740252859,
2009-11-20,,,0.4323051244141106,
2009-11-23,,,0.47565030664237457,
2009-11-24,,,0.4274069696075051,
2009-11-25,,,0.3620629567172195,
2009-11-26,,,0.37770070149147045,
2009-11-27,,,0.35850244186421554,
2009-11-30,,,0.39763717244423,
2009-12-01,,,0.3547062468344741,
2009-12-02,,,0.2941978200366241,
2009-12-03,,,0.2751953027364055,
2009-12-04,,,0.1729299958017819,
2009-12-07,,,0.1604388478862911,
2009-12-08,,,0.20807397546245174,
2009-12-09,,,0.20734173454832475,
2009-12-10,,,0.1580254584652018,
2009-12-11,,,0.09041529202153195,
2009-12-14,,,0.02896781889437432,
2009-12-15,,,-0.05712751496874837,
2009-12-16,,,-0.08116350038633499,
2009-12-17,,,0.0007590897889499409,
2009-12-18,,,-0.06771266241832968,
2009-12-21,,,-0.13612339897912934,
2009-12-22,,,-0.16649927159769548,
2009-12-23,,,-0.22223877428024877,
2009-12-24,,,-0.26508985014628156,
2009-12-25,,,-0.2629658357975183,
2009-12-28,,,-0.33165254985242876,
2009-12-29,,,-0.341929567436175,
2009-12-30,,,-0.28726108216912233,
2009-12-31,,,-0.297988615807156,
2010-01-01,,,-0.2366005916953162,
2010-01-04,,,-0.16216333453815326,
2010-01-05,,,-0.20042639200500348,
2010-01-06,,,-0.31838607422189785,
2010-01-07,,,-0.37584431581992683,
2010-01-08,,,-0.3258767132613167,
2010-01-11,,,-0.28281551594774534,
2010-01-12,,,-0.14509275893648466,
2010-01-13,,,-0.09604244878952381,
2010-01-14,,,-0.06072701564968536,
2010-01-15,,,-0.0804705886965938,
2010-01-18,,,-0.031062618802809968,
2010-01-19,,,0.060019516182662304,
2010-01-20,,,0.1440722869315267,
2010-01-21,,,0.23509147854611778,
2010-01-22,,,0.36125863508270245,
2010-01-25,,,0.40215452405082225,
2010-01-26,,,0.44294217617835735,
2010-01-27,,,0.4264610562926041,
2010-01-28,,,0.41721127368814287,
2010-01-29,,,0.5305041901812907,
2010-01-31,,,0.5854146411584351,
2010-02-01,,,0.6182539272126228,
2010-02-02,,,0.6436105016929645,
2010-02-03,,,0.6760885103029363,
2010-02-04,,,0.8689721067268186,
2010-02-05,,,1.029785957873172,
2010-02-08,,,1.0711190828479356,
2010-02-09,,,1.0243254387455292,
2010-02-10,,,1.0803068658351247,
2010-02-11,,,1.0987357537033564,
2010-02-12,,,1.0804019563034066,
2010-02-15,,,1.0551447365445468,
2010-02-16,,,1.0449210498171693,
2010-02-17,,,0.8376823407147932,
2010-02-18,,,0.662032542315242,
2010-02-19,,,0.5022913366270377,
2010-02-22,,,0.41013882400387414,
2010-02-23,,,0.4678701526940473,
2010-02-24,,,0.47282804886866014,
2010-02-25,,,0.5230099789024154,
2010-02-26,,,0.48970889777609466,
2010-02-28,,,0.46414974836678013,
2010-03-01,,,0.42340054217169076,
2010-03-02,,,0.3597233849779871,
2010-03-03,,,0.3888230146179883,
2010-03-04,,,0.24718241200034427,
2010-03-05,,,-0.019270531485745986,
2010-03-08,,,-0.1286990878316314,
2010-03-09,,,-0.1828507284970138,
2010-03-10,,,-0.27652237094108667,
2010-03-11,,,-0.3222670212077116,
2010-03-12,,,-0.39182627338526493,
2010-03-15,,,-0.3649374882608524,
2010-03-16,,,-0.33813951944100196,
2010-03-17,,,-0.19802940416755588,
2010-03-18,,,-0.14767339556427111,
2010-03-19,,,-0.10554700865109642,
2010-03-22,,,-0.022279085526256813,
2010-03-23,,,-0.1211057512109895,
2010-03-24,,,-0.22814981285004743,
2010-03-25,,,-0.3433205463849527,
2010-03-26,,,-0.33243936780343847,
2010-03-29,,,-0.3805195785492316,
2010-03-30,,,-0.35235679009167276,
2010-03-31,,,-0.22228779229565612,
2010-04-01,,,-0.2035106757541991,
2010-04-02,,,-0.1589898875169879,
2010-04-05,,,-0.20085732143170837,
2010-04-06,,,-0.1125195178162299,
2010-04-07,,,-0.015503039640463416,
2010-04-08,,,0.028851994111051694,
2010-04-09,,,0.020283630624156695,
2010-04-12,,,0.05604337454576733,
2010-04-13,,,0.029412900505354694,
2010-04-14,,,-0.08678827174813672,
2010-04-15,,,-0.08589252432933049,
2010-04-16,,,0.04171301042832782,
2010-04-19,,,0.09649786178208825,
2010-04-20,,,0.014070060416770612,
2010-04-21,,,0.041997544439637234,
2010-04-22,,,0.13461766172329903,
2010-04-23,,,0.14359334483723774,
2010-04-26,,,0.105873703102383,
2010-04-27,,,0.2371258403974974,
2010-04-28,,,0.21736017046621287,
2010-04-29,,,0.17864871583121586,
2010-04-30,,,0.26384837495008934,
2010-05-03,,,0.22447879426294395,
2010-05-04,,,0.49289886279530837,
2010-05-05,,,0.711686513559739,
2010-05-06,,,0.9760835799453365,
2010-05-07,,,1.1875382914785853,
2010-05-10,,,0.9834530423751231,
2010-05-11,,,1.0609460061097236,
2010-05-12,,,0.9163260656728266,
2010-05-13,,,0.956764231580297,
2010-05-14,,,1.1789009366668648,
2010-05-17,,,1.1469409443143719,
2010-05-18,,,1.211290612073979,
2010-05-19,,,1.368851972067407,
2010-05-20,,,1.6517816344961662,
2010-05-21,,,1.7627560767303838,
2010-05-24,,,1.7391761457437283,
2010-05-25,,,1.9690660400772053,
2010-05-26,,,1.657710287042006,
2010-05-27,,,1.4947261920342962,
2010-05-28,,,1.463308194652076,
2010-05-31,,,1.4507560653582054,
2010-06-01,,,1.518280423169426,
2010-06-02,,,1.397648401509527,
2010-06-03,,,1.076739431647328,
2010-06-04,,,0.9405421219769816,
2010-06-07,,,0.7793809057502802,
2010-06-08,,,1.0515614128850599,
2010-06-09,,,0.9511680825761973,
2010-06-10,,,1.0230250888041448,
2010-06-11,,,1.1202095914696073,
2010-06-14,,,0.8387055899902738,
2010-06-15,,,0.6869610391511444,
2010-06-16,,,0.5363637201567167,
2010-06-17,,,0.35896163072226556,
2010-06-18,,,-0.030145633980103264,
2010-06-21,,,-0.25235369842218447,
2010-06-22,,,-0.1392442295611849,
2010-06-23,,,-0.325613786592178,
2010-06-24,,,-0.09810193700834614,
2010-06-25,,,0.0915600747076674,
2010-06-28,,,0.10057657981196785,
2010-06-29,,,0.14781311332355165,
2010-06-30,,,0.15661646716755087,
2010-07-01,,,0.19437562333534877,
2010-07-02,,,0.261201300436158,
2010-07-05,,,0.05496011235733488,
2010-07-06,,,0.025238340571843446,
2010-07-07,,,-0.10306157306949042,
2010-07-08,,,-0.21149845870672027,
2010-07-09,,,-0.24021055682807546,
2010-07-12,,,-0.3488747483684177,
2010-07-13,,,-0.3870030523798326,
2010-07-14,,,-0.27371241726639145,
2010-07-15,,,-0.16054135540412898,
2010-07-16,,,-0.057612484906198434,
2010-07-19,,,0.0350511208366886,
2010-07-20,,,0.19989014184123377,
2010-07-21,,,0.08477913585780937,
2010-07-22,,,-0.07201593632336403,
2010-07-23,,,-0.228755108854017,
2010-07-26,,,-0.29061839239309445,
2010-07-27,,,-0.43685825847702037,
2010-07-28,,,-0.5295253617857952,
2010-07-29,,,-0.5897997216081897,
2010-07-30,,,-0.5324003486380741,
2010-07-31,,,-0.4645623257911476,
2010-08-02,,,-0.5154425556842619,
2010-08-03,,,-0.512053254660358,
2010-08-04,,,-0.5303844995272332,
2010-08-05,,,-0.37422080418356835,
2010-08-06,,,-0.19640919096812745,
2010-08-09,,,-0.19527637484983776,
2010-08-10,,,0.03884482466269053,
2010-08-11,,,0.26173287024129677,
2010-08-12,,,0.26033400528715067,
2010-08-13,,,0.2589411369546887,
2010-08-16,,,0.3028030192735098,
2010-08-17,,,0.17605864817186187,
2010-08-18,,,0.17515540063107343,
2010-08-19,,,0.312114683571275,
2010-08-20,,,0.3795921838746981,
2010-08-23,,,0.4584549899780107,
2010-08-24,,,0.7109450682264995,
2010-08-25,,,0.6475416820767398,
2010-08-26,,,0.6429567059833013,
2010-08-27,,,0.3920578479855714,
2010-08-30,,,0.46053179859233556,
2010-08-31,,,0.5523885163144443,
2010-09-01,,,0.39415520084371264,
2010-09-02,,,0.36788425383504353,
2010-09-03,,,0.22143489486172863,
2010-09-06,,,0.14764871056995982,
2010-09-07,,,0.2562371636382562,
2010-09-08,,,0.07152854045310404,
2010-09-09,,,-0.29736494768507427,
2010-09-10,,,-0.4805287002558085,
2010-09-13,,,-0.5393032011104744,
2010-09-14,,,-0.5853634409347808,
2010-09-15,,,-0.5316101702361712,
2010-09-16,,,-0.5531312923813888,
2010-09-17,,,-0.6121507317505895,
2010-09-20,,,-0.5701371245053495,
2010-09-21,,,-0.5030706098529925,
2010-09-22,,,-0.6013514360467993,
2010-09-23,,,-0.5589754126987425,
2010-09-24,,,-0.6318804790377036,
2010-09-27,,,-0.4219812907424782,
2010-09-28,,,-0.5225936562234234,
2010-09-29,,,-0.648493879916958,
2010-09-30,,,-0.5269685898754539,
2010-10-01,,,-0.4712573640394653,
2010-10-04,,,-0.3238873910456723,
2010-10-05,,,-0.38788412263464106,
2010-10-06,,,-0.5046175252268077,
2010-10-07,,,-0.4082411770916469,
2010-10-08,,,-0.2586225603581292,
2010-10-11,,,-0.1360378211093081,
2010-10-12,,,-0.16224519481716726,
2010-10-13,,,-0.24278851234179769,
2010-10-14,,,-0.24132821341932065,
2010-10-15,,,-0.1849767025719151,
2010-10-18,,,-0.07345282611276452,
2010-10-19,,,-0.05907090185931942,
2010-10-20,,,-0.12837932263601948,
2010-10-21,,,-0.2537066334280974,
2010-10-22,,,-0.33662028401670946,
2010-10-25,,,-0.3486755172848052,
2010-10-26,,,-0.5593074374633837,
2010-10-27,,,-0.6407063270667582,
2010-10-28,,,-0.4790162589850098,
2010-10-29,,,-0.36097000626597503,
2010-10-31,,,-0.14198846693506167,
2010-11-01,,,-0.11200307742783595,
2010-11-02,,,-0.06741668816093174,
2010-11-03,,,-0.052211786777080035,
2010-11-04,,,-0.06654002498240975,
2010-11-05,,,-0.19958364405574808,
2010-11-08,,,-0.22814470539847814,
2010-11-09,,,-0.36150490029712634,
2010-11-10,,,-0.1032962662583817,
2010-11-11,,,-0.02685253983125158,
2010-11-12,,,0.003913431256174554,
2010-11-15,,,-0.22545997391511108,
2010-11-16,,,0.08357004676536611,
2010-11-17,,,0.05237641646424308,
2010-11-18,,,0.005638670387881832,
2010-11-19,,,0.0839275752456367,
2010-11-22,,,0.3191971361456156,
2010-11-23,,,0.7108805249124707,
2010-11-24,,,0.6270779117911751,
2010-11-25,,,0.5596183580367662,
2010-11-26,,,0.4924900554802462,
2010-11-29,,,0.4575909850587286,
2010-11-30,,,0.7113809324879088,
2010-12-01,,,0.4167854365849852,
2010-12-02,,,0.3010497924565406,
2010-12-03,,,0.33204932050788183,
2010-12-06,,,0.5427232114229319,
2010-12-07,,,0.16165485343559818,
2010-12-08,,,0.24353566789806483,
2010-12-09,,,0.02634398462628013,
2010-12-10,,,-0.07390419255635514,
2010-12-13,,,-0.006215952573342665,
2010-12-14,,,-0.14110714714611483,
2010-12-15,,,-0.5468031514570325,
2010-12-16,,,-0.45815877096746244,
2010-12-17,,,-0.1475559348146553,
2010-12-20,,,-0.19820471521619223,
2010-12-21,,,-0.38694015806854726,
2010-12-22,,,-0.7131696817923228,
2010-12-23,,,-0.6557223640069436,
2010-12-24,,,-0.6508661665371859,
2010-12-27,,,-0.611150566592055,
2010-12-28,,,-0.9734049063052455,
2010-12-29,,,-1.0857999861326824,
2010-12-30,,,-0.8654263279517935,
2010-12-31,,,-0.5419572765515451,
2011-01-03,,,-0.6793457359311097,
2011-01-04,,,-0.8154463935675949,
2011-01-05,,,-0.6314138413242701,
2011-01-06,,,-0.4662872954810887,
2011-01-07,,,-0.24780226053770882,
2011-01-10,,,-0.047530054185427155,
2011-01-11,,,-0.22857134288858488,
2011-01-12,,,-0.02633853666641956,
2011-01-13,,,0.029098552550408514,
2011-01-14,,,-0.17367546417399493,
2011-01-17,,,-0.3391782486598563,
2011-01-18,,,-0.33693779425729276,
2011-01-19,,,-0.2786271449230604,
2011-01-20,,,-0.3331352805080029,
2011-01-21,,,-0.14207583177036465,
2011-01-24,,,-0.17901265790741874,
2011-01-25,,,-0.17775417703531757,
2011-01-26,,,-0.09974563712863348,
2011-01-27,,,-0.31103134217383305,
2011-01-28,,,-0.07642782505072754,
2011-01-31,,,-0.1536734510341272,
2011-02-01,,,-0.15254498505537123,
2011-02-02,,,-0.24982603497760703,
2011-02-03,,,-0.05028579778056381,
2011-02-04,,,-0.38767241669269936,
2011-02-07,,,-0.6638183881198204,
2011-02-08,,,-0.9767239346559464,
2011-02-09,,,-0.7086125677692898,
2011-02-10,,,-0.7029512690199042,
2011-02-11,,,-0.63709834649955,
2011-02-14,,,-0.5313142578777007,
2011-02-15,,,-0.5477320987004772,
2011-02-16,,,-0.5640670451897889,
2011-02-17,,,-0.5394606322555934,
2011-02-18,,,-0.43285900391553384,
2011-02-21,,,-0.4916768274090869,
2011-02-22,,,-0.15628503277890005,
2011-02-23,,,-0.217644930127008,
2011-02-24,,,0.09869030742264706,
2011-02-25,,,0.056370052152032536,
2011-02-28,,,0.0988797914641755,
2011-03-01,,,-0.05047742993322098,
2011-03-02,,,0.05734723671402869,
2011-03-03,,,0.014355398991192257,
2011-03-04,,,0.3394089853062163,
2011-03-07,,,0.663294253195628,
2011-03-08,,,0.6372968895233843,
2011-03-09,,,1.0244693291390714,
2011-03-10,,,1.1664808865235623,
2011-03-11,,,1.32647633229753,
2011-03-14,,,1.3319011205807372,
2011-03-15,,,1.676743865002914,
2011-03-16,,,1.8164974701982342,
2011-03-17,,,1.7211384123848152,
2011-03-18,,,1.484966512284549,
2011-03-21,,,1.3396588458135583,
2011-03-22,,,1.3023506898043211,
2011-03-23,,,0.9949388549403639,
2011-03-24,,,0.8389494374961131,
2011-03-25,,,0.5787419817128002,
2011-03-28,,,0.5325690902222912,
2011-03-29,,,0.09605078357614794,
2011-03-30,,,-0.007819406308585257,
2011-03-31,,,0.06934886350645911,
2011-04-01,,,0.031067059641961246,
2011-04-04,,,-0.04191544920468993,
2011-04-05,,,-0.22535324997140463,
2011-04-06,,,-0.3953801836876948,
2011-04-07,,,-0.40809581128416367,
2011-04-08,,,-0.31897360959632093,
2011-04-11,,,-0.8680936136158729,
2011-04-12,,,-0.5878640212666577,
2011-04-13,,,-0.8317014995860729,
2011-04-14,,,-1.238488458921929,
2011-04-15,,,-1.411117434192312,
2011-04-18,,,-0.5378004225679742,
2011-04-19,,,-0.8581315674813227,
2011-04-20,,,-1.2340833839268772,
2011-04-21,,,-1.361852724637085,
2011-04-22,,,-1.2302080711249506,
2011-04-25,,,-0.653639506883632,
2011-04-26,,,-0.6330074106153535,
2011-04-27,,,-0.7384508322197477,
2011-04-28,,,-0.9683903639105522,
2011-04-29,,,-0.9275976232130596,
2011-04-30,,,-0.7687775521687363,
2011-05-02,,,-0.28001972193665353,
2011-05-03,,,0.13683463287676026,
2011-05-04,,,0.4032511155891021,
2011-05-05,,,0.9326166921078829,
2011-05-06,,,1.0605141635237028,
2011-05-09,,,0.5464320759747209,
2011-05-10,,,-0.200325351712817,
2011-05-11,,,0.26178164242008933,
2011-05-12,,,-0.08955399999208091,
2011-05-13,,,0.2952882753993646,
2011-05-16,,,0.7071991335092864,
2011-05-17,,,0.4271201027487171,
2011-05-18,,,-0.07432288807517136,
2011-05-19,,,-0.35523607961207526,
2011-05-20,,,0.5364977055278438,
2011-05-23,,,0.925878360403319,
2011-05-24,,,0.7140184942057033,
2011-05-25,,,0.46648162745594307,
2011-05-26,,,0.05744291679220239,
2011-05-27,,,0.04017726184211152,
2011-05-30,,,-0.027339489430369516,
2011-05-31,,,-0.12305827739359683,
2011-06-01,,,1.2815514715320215,
2011-06-02,,,1.1677193500652778,
2011-06-03,,,1.1612092729434125,
2011-06-06,,,1.401351222592403,
2011-06-07,,,1.2137967753175287,
2011-06-08,,,1.7622716580513054,
2011-06-09,,,1.2135692080199623,
2011-06-10,,,1.8047455209552414,
2011-06-13,,,2.122018755867891,
2011-06-14,,,1.3363630041024106,
2011-06-15,,,2.8235847786746264,
2011-06-16,,,3.0,
2011-06-17,,,2.8890136113901814,
2011-06-20,,,2.076634786182422,
2011-06-21,,,1.5021403227088403,
2011-06-22,,,1.2835233793352343,-0.660986051440735
2011-06-23,,,1.6910984615497178,-0.5193503476744811
2011-06-24,,,2.299836817817481,-0.47100890635146375
2011-06-27,,,2.0067282845081262,-0.12267655045837157
2011-06-28,,,1.2854374742052674,0.21132671786578108
2011-06-29,,,0.2961869714453941,-0.3437457019058564
2011-06-30,,,-0.2033025672501599,-0.5079098037193864
2011-07-01,,,-0.5512301856803492,-0.38158186381214504
2011-07-04,,,-0.651690153838656,-0.3675634095115738
2011-07-05,,,-0.5433767736010237,-0.7282222362172155
2011-07-06,,,-0.412844144590684,-0.7815272663128666
2011-07-07,,,-0.8564458561468483,-0.4673884426588721
2011-07-08,,,-0.6983105011164861,-0.8539847751841769
2011-07-11,,,0.4425170522519322,-0.7762705365620399
2011-07-12,,,1.035498849810994,-0.596911719680454
2011-07-13,,,1.1229105319984063,-0.6122691790412446
2011-07-14,,,1.1772539440332674,-0.7247678455598879
2011-07-15,,,0.5136533901318694,-0.6543610287844179
2011-07-18,,,1.1245229660742535,-0.6939772239186901
2011-07-19,,,0.36990438028671546,-0.3238886569290581
2011-07-20,,,0.24167236107336756,-0.36498090310490205
2011-07-21,,-1.4995635223915815,-0.4786559184987476,-0.476688503285757
2011-07-22,,-1.6075469164158627,-0.6685380055591066,-0.41477249045074854
2011-07-25,,-1.8738764238782981,0.008721404152114153,-0.33415578956304887
2011-07-26,,-0.9512912465350518,0.4238603785270983,-0.34855053390730395
2011-07-27,,-0.6878156338653638,1.650186916710718,0.09192629749118143
2011-07-28,,-0.553284075672157,2.077561841138824,-0.05493599363007501
2011-07-29,,0.08853088916714771,2.792714071148651,-0.18546485021462794
2011-07-31,,0.24454577406703482,2.7828192765896707,-0.19888337470419346
2011-08-01,,0.10681767121807784,2.178560607184217,0.15303444105361957
2011-08-02,,0.14570426331611278,2.591141110097945,-0.07743963362893302
2011-08-03,,-0.0940622604895564,2.079086674727178,0.02166244468945579
2011-08-04,,1.2741356943239837,3.0,-0.028814333540416043
2011-08-05,,0.01981267746254281,3.0,0.026542039176461394
2011-08-08,,-0.07465343090124793,3.0,0.0068568007195180785
2011-08-09,,0.6527217706927534,3.0,-0.08082423718335931
2011-08-10,,0.7703584669346445,3.0,-0.0804680790842782
2011-08-11,,0.8833985129819143,3.0,-0.03659077142655368
2011-08-12,,0.663958372444306,3.0,-0.01815078966215624
2011-08-15,,0.7140715847306564,2.5020687377357254,0.04313110646841482
2011-08-16,,0.876577836759455,2.5036919839428196,0.004965946828305804
2011-08-17,,0.8612231543699576,2.3026042455510094,0.0729001024417726
2011-08-18,,1.061903696964169,2.823783867711866,0.15251521116317387
2011-08-19,,0.9016283110284801,2.7748554484751313,0.08719047477472656
2011-08-22,,0.9754858306350963,2.7018252184463236,0.2294038751990814
2011-08-23,,0.5204200457609367,2.4618762181715694,0.3320996482534505
2011-08-24,,1.0231131814396717,2.3408334018441117,0.04310144255525696
2011-08-25,,0.9435847090383452,2.473557752652838,0.06127680950239319
2011-08-26,,0.4061197315729043,2.0286094098885026,-0.0770744612463393
2011-08-29,,0.2172747173006747,1.6183811115518794,-0.03047024093938975
2011-08-30,,0.44658576103231923,1.5901233860291042,-0.0035351332970631126
2011-08-31,,-0.22738165772612143,1.3014380725195578,-0.12533572141551516
2011-09-01,,0.22128264501426484,1.2204170051588565,-0.3294060876158628
2011-09-02,,-0.9616774432015831,1.2031981577046897,0.2412580931293817
2011-09-05,,-0.544546693813443,1.1325945024922783,0.2012015200402877
2011-09-06,,-0.8743252786158879,1.0630037636801124,0.2783111319296692
2011-09-07,,-1.731703468709724,0.4887436223790153,0.22573527451675837
2011-09-08,,-1.6786000146463904,0.47485681840475125,-0.14662061547447006
2011-09-09,,-1.3618028603865509,0.7366772308802342,-0.21235267847307093
2011-09-12,,-1.71402629820638,0.853628538467403,0.41694667338535346
2011-09-13,,-1.5716362132996982,0.8332321587919442,0.3379687455231599
2011-09-14,,-1.4388936606063858,0.6115800014486806,0.0019726705165493776
2011-09-15,,-1.370892787702012,0.40790193608779124,-0.2871529857203826
2011-09-16,,-1.0649384246403413,0.21779579410149,-0.4606411592990373
2011-09-19,,-0.9195492963535548,0.3786646155050844,-0.36217280880664027
2011-09-20,,-0.8598761972203726,0.3520177488669435,-0.42765221890732885
2011-09-21,,-1.0493284812885826,0.5518714978292676,0.26918831775801105
2011-09-22,,-0.9619941437337295,1.0167331294865745,0.8066399356365402
2011-09-23,,-1.4057884152683315,1.0284974124189463,0.9069017730239404
2011-09-26,,-1.705177353821986,0.8077029195728375,0.8466807585542669
2011-09-27,,-1.5768502983480213,0.72546428757928,0.6785031476905626
2011-09-28,,-1.7461242911230184,0.9828298045342635,0.7285748493921402
2011-09-29,,-1.7798503178211995,0.9668856426559391,0.7661991541477001
2011-09-30,,-1.7667867628456169,1.3742821048604463,0.8373302296923996
2011-10-03,,-1.4019481947108736,1.6269055910026053,0.8645293653494759
2011-10-04,,-1.5841992697890626,1.5542936665180371,0.8971810327843441
2011-10-05,,-1.5944842894664115,1.1426363031812954,0.9063049347965917
2011-10-06,,-1.5930235737579181,0.9500826933060078,0.7422900874617475
2011-10-07,,-1.9358823963687588,0.8129244704478454,0.7089330599832194
2011-10-10,,-2.051005039727434,0.5679285265357129,0.6997212652015133
2011-10-11,,-1.729236820250148,0.3211652652411701,0.7411174491931721
2011-10-12,,-1.569245450650399,0.05886655980726637,0.555169341349597
2011-10-13,,-1.6032804795166942,0.05685463510046137,0.5705337300496434
2011-10-14,,-1.4051656601989928,-0.15534097347362177,0.3196185288800906
2011-10-17,,-1.6088726037053196,0.1570809629651978,0.35566053372589257
2011-10-18,,-1.6741124944115227,-0.06222265911691577,0.19936916159558785
2011-10-19,,-1.549750699187688,0.0018107294486323503,0.22235982509572164
2011-10-20,,-1.1650259640350233,-0.03755494672231685,0.09901750222980091
2011-10-21,,-1.1516653494675237,-0.601017450011157,0.17842061877498272
2011-10-24,,-1.063938920976989,-0.8638717900609388,0.21531488961661172
2011-10-25,,-0.6090050574242896,-0.6907062943981074,-0.1938805071562498
2011-10-26,,-0.9271354170894022,-0.8343472406898016,0.16079897698996776
2011-10-27,,-1.036160093673635,-1.4142538269247582,0.008613235486398663
2011-10-28,,-0.7123701089281508,-1.5228166038992106,-0.12399890841469584
2011-10-31,,-0.353331999764778,-1.203527663798445,-0.5363390553512501
2011-11-01,,-0.4580154774618762,-0.8824042496958604,-0.33961817830422103
2011-11-02,,-0.14566650966661188,-1.2958097587255581,-0.46959796687193345
2011-11-03,,-0.2246350938664412,-1.3951423655392081,-0.42894749706645163
2011-11-04,,0.06077457572598133,-1.2174589155808881,-0.587806211806232
2011-11-07,,0.1622643131765022,-1.0895300818359246,-0.45452443359119704
2011-11-08,,0.11945563546171349,-1.2624339668682414,-0.36384192178636376
2011-11-09,,0.3571349328390832,-0.43061018650763844,-0.3849877398695681
2011-11-10,,0.15456929860092553,-0.4612710240212706,-0.4518632302798882
2011-11-11,,0.06843818278024552,-0.6107603810081973,-0.4423231631958913
2011-11-14,,-0.060382114771294626,-0.44908057412617414,-0.40682225157729374
2011-11-15,,-0.1353492657894348,-0.40215828077182797,-0.07710821093126763
2011-11-16,,-0.1777043154259543,-0.22404533646664368,0.17759913014740433
2011-11-17,,-0.39503467616902543,0.00552336284395221,0.722027254981751
2011-11-18,,-0.6109298973711096,-0.11444603346909389,0.8828443053331272
2011-11-21,,-0.3719365217377215,0.18865486018456362,0.7817564315441674
2011-11-22,,-0.18951764879938332,0.3090167495133413,0.7263487297381664
2011-11-23,,-0.6379027116934852,0.5317428345924977,0.732215515913386
2011-11-24,,-0.15521291007666768,0.587741590147434,0.7229895972383741
2011-11-25,,-0.004935076874335744,0.8474306254223067,0.88324985507471
2011-11-28,,-0.016484393943328353,0.644891645852121,0.27071867775403113
2011-11-29,,-0.6094310599854864,0.3912642650088544,0.1573999283944744
2011-11-30,,-0.6143063807288518,-0.15059513649779996,-0.04853841786017576
2011-12-01,,-0.7359760759066949,-0.19660932042356682,-0.04419789011706583
2011-12-02,,-0.5389075391426176,-0.14666252365239818,-0.1724369130977147
2011-12-05,,-0.8636714799825144,-0.19877317368466152,0.037214220872172056
2011-12-06,,-0.6152555801193611,-0.2455183436132753,-0.250579735574109
2011-12-07,,-0.32085990936754866,-0.1380004280633912,-0.39362542636910464
2011-12-08,,-0.26939854351098136,-0.18351448807453824,-0.44385568433804523
2011-12-09,,-0.27909633267962397,-0.46308174497959675,-0.4001664746381937
2011-12-12,,-0.2641858069390285,-0.455603788055653,-0.4178304172654953
2011-12-13,,-0.36087107431521764,-0.45581768781763,-0.25577174036879025
2011-12-14,,-0.35739879531585766,-0.4273888942445945,0.3755738450021848
2011-12-15,,-0.3036582336153404,-0.5318493750101209,0.3047764882737
2011-12-16,,0.15627478231527187,-0.6210057190895361,-0.15614594310635074
2011-12-19,,0.2063365613883121,-0.568068681571866,0.03254478323207628
2011-12-20,,-0.27269060025391956,-0.8969015940371255,0.318707613608347
2011-12-21,,-0.5294190629014466,-1.1289378934072916,0.882063091655132
2011-12-22,,-0.5238941730220404,-1.2623296616601516,1.2522094614878312
2011-12-23,,-0.6100297478480642,-1.3356652952438086,1.2878968174524612
2011-12-26,,-0.4584613134943698,-1.2971057060301197,1.2710939856146832
2011-12-27,,-0.8107956147635904,-1.1669242457349114,1.5453149154231098
2011-12-28,,-0.4953248714077166,-1.0257814407407182,1.1424719185671866
2011-12-29,,-0.4902082776525236,-0.9850620947440002,1.1069152102389839
2011-12-30,,-0.10647615464472791,-0.8366357136746997,0.21625939544480952
2011-12-31,,-0.15994704299272705,-0.9129432032084762,0.21740209487555368
2012-01-02,,-0.04822060871461064,-0.8379796149237053,0.2186304935734841
2012-01-03,,-0.3248711014365872,-0.94359727990161,0.39535010742513016
2012-01-04,,-0.6555166860118679,-1.061552757798937,0.25757776106022945
2012-01-05,,-0.8702193692291662,-1.116451200960058,0.0824297545209266
2012-01-06,,-0.747324009715336,-1.1400873495282389,0.06332527442019972
2012-01-09,,-0.5839850842383756,-1.1585022346999507,-0.2784117899056651
2012-01-10,,-0.40776292737137626,-1.2241975205392859,-0.28459978223301025
2012-01-11,,-0.13201905627990274,-1.1637901519324247,-0.7072774503747788
2012-01-12,,-0.13055450203901664,-1.2203093398002796,-0.7287293161095167
2012-01-13,,-0.24534803158315371,-1.1322175834149262,-0.8833329165326648
2012-01-16,,-0.06719559944674736,-1.1502933401583018,-0.8686038971915391
2012-01-17,,0.30274778787560275,-0.9612042777353602,-0.9649556548684161
2012-01-18,,0.40459047905141443,-1.0493055127752022,-0.7855617529996824
2012-01-19,,0.3417606537732028,-1.1979140273459028,-0.5479326807725203
2012-01-20,,0.35437933915897624,-1.2917523614393955,-0.24329261953364514
2012-01-23,,0.4427285148885148,-1.3013527369167808,-0.5380836826932577
2012-01-24,,0.5458711844828132,-1.2690248097911823,-0.6566908034813705
2012-01-25,,0.3725618369635113,-1.3085895179481883,-1.119672935367196
2012-01-26,,0.555038901534943,-1.282018816281507,-1.2749178875571403
2012-01-27,,0.1148005008719045,-1.290871589041438,-1.1840777772518905
2012-01-30,,0.11425526902434684,-1.0475557818591006,-1.0846231263495854
2012-01-31,,0.05043165795748953,-1.0639788393603729,-0.948048538967216
2012-02-01,,0.19383142631667555,-1.0392634856869976,-0.7802944892803709
2012-02-02,,0.25685887510068706,-1.015428182253816,-0.7696369279993522
2012-02-03,,0.12581179773935902,-1.1604023657364966,-0.5773130242121269
2012-02-06,,0.07628245790641544,-1.0881223997128944,-0.5662120426174144
2012-02-07,,-0.38343097206440907,-1.1355370508722735,0.0003819005155832957
2012-02-08,,-0.5773553835026166,-1.0887178840178373,0.15863585599679156
2012-02-09,,-0.8841305629683743,-1.112001949510636,0.48350321526017614
2012-02-10,,-1.0694812262449969,-0.8509387414157766,0.8698957700177906
2012-02-13,,-1.3782419620773767,-1.0881511886290394,1.0604930365891898
2012-02-14,,-1.2877292537087894,-1.0133735456608934,1.0403258941530495
2012-02-15,,-1.006246767368623,-0.9023947205591106,0.6038216604470761
2012-02-16,,-1.2994304740736156,-0.9877959645935248,1.23353122288949
2012-02-17,,-1.14740569237269,-1.0017149379843162,1.208683831615473
2012-02-20,,-1.0321682687261033,-0.9321289311431108,1.1966898975108398
2012-02-21,,-1.2591581188765693,-0.8878810584246912,1.1097478901627795
2012-02-22,,-1.1889719475624265,-0.8723262467233943,1.109624662001432
2012-02-23,,-1.4245398574821742,-0.9968116641255601,1.1087862940528939
2012-02-24,,-1.6469210627256212,-0.989192552292844,1.1754115435489532
2012-02-27,,-1.2954109810482863,-0.8815349597082571,0.8473294789257053
2012-02-28,,-1.3343324724020431,-0.9794678860837732,0.9746225845017045
2012-02-29,,-1.309017472114148,-0.9300360093578577,1.1106028492924251
2012-03-01,,-1.1127444725542601,-0.9790073968873821,0.8954112563876125
2012-03-02,,-0.8586451183625549,-0.9520170647955556,0.6161258323893964
2012-03-05,,-1.021136719460834,-0.7616685439002868,1.136937666485028
2012-03-06,,-0.7681431929252145,-0.39143392187355164,0.7827281555721989
2012-03-07,,-0.8858813526572704,-0.5074292897415923,1.184888151720638
2012-03-08,,-0.8099608039406809,-0.5824543426379267,1.1727375696760722
2012-03-09,,-0.8634127757440608,-0.6292747173903419,1.0978587394004857
2012-03-12,,-0.7232723485377313,-0.8201493716728504,1.1536549781317786
2012-03-13,,-0.9075266666644191,-0.8786889348088849,1.092385996168988
2012-03-14,,-1.5925976080190696,-0.9421223568411252,1.5598255153674385
2012-03-15,,-1.6023378083058206,-0.8934547574331485,1.2241231586769858
2012-03-16,,-1.433461295379286,-0.9507890569739971,1.211542459807232
2012-03-19,,-1.635545640556843,-0.9081816020868345,1.3636071386705044
2012-03-20,,-1.67441662596851,-0.8530073650181829,1.518425994219294
2012-03-21,,-1.266027040574518,-0.7900860897452558,1.2664691649761954
2012-03-22,,-1.097567317949301,-0.7120021823359552,1.2483322627662559
2012-03-23,,-0.8790695915048081,-0.7109725476835678,1.1418428373562912
2012-03-26,,-0.8881808764224215,-0.6801999386459,1.0456137374018202
2012-03-27,,-0.6777320088653023,-0.594894344472091,0.9712279641887652
2012-03-28,,-0.8319608860440899,-0.5660930547621772,1.0222075112215405
2012-03-29,,-0.8035554417697949,-0.4638631491613773,1.072355555670466
2012-03-30,,-0.87568480699955,-0.48234902337925545,0.9208788664208866
2012-03-31,,-0.5765520768224336,-0.46982953272738265,0.9156586118893516
2012-04-02,,-0.678886138408205,-0.4879789440536743,0.864466125875565
2012-04-03,,-1.3588870058594367,-0.7432390553208917,1.320321302943391
2012-04-04,,-0.9631124718186057,-0.5571922888884145,1.11913394459528
2012-04-05,,-0.8111350733364009,-0.4266035460966592,1.0605024970162698
2012-04-06,,-0.4368212079274512,-0.40656151984683864,1.0521845882629266
2012-04-09,,-0.2898939878958937,-0.06462031187683324,1.0431283305507568
2012-04-10,,0.17370139239654822,0.19571274517201226,0.5363703094762415
2012-04-11,,0.19370007600410966,0.2679968078893853,0.5375580803495432
2012-04-12,,-0.0473401333196454,-0.02931109676113826,0.4396081062653939
2012-04-13,,0.18000721280901238,0.1740481831013433,0.045186727636806354
2012-04-16,,0.349166169919205,0.2074024944019677,0.17482794331378027
2012-04-17,,0.45637358085982566,0.05481627248836959,0.16320148907969578
2012-04-18,,0.4101027780250561,0.025605203818309205,0.14872362000107872
2012-04-19,,0.41225755218841953,-0.0390263682183902,-0.018245709430028387
2012-04-20,,0.2971319278617287,-0.15306154260204444,-0.1385062790641887
2012-04-23,,0.2697472894151451,0.03737707599264802,-0.4098363295963671
2012-04-24,,-0.09361759107967822,-0.10089508332483042,-0.21126522845036358
2012-04-25,,-0.0195214770569383,-0.2798555649355709,-0.24472611331178834
2012-04-26,,0.10089527832708443,-0.3940810989648546,-0.5891053386965845
2012-04-27,,0.03388230222853194,-0.3576439743051547,-0.5779793343765905
2012-04-30,,0.15190909650613998,-0.30665772958758636,-0.5881563965616107
2012-05-01,,-0.08873970647374035,-0.42001422827240353,-0.15828861807771816
2012-05-02,,0.41385630887672936,-0.3218385914231037,-0.3420338534028416
2012-05-03,,0.19271753451279258,-0.37362856073013667,-0.5231326683527081
2012-05-04,,0.3854410068123475,-0.2780465533881428,-0.5741566959933164
2012-05-07,,0.3663708570984986,-0.284849347881437,-0.5520117924579936
2012-05-08,,0.2910028733598208,-0.40303934017902293,-0.5642486101140162
2012-05-09,,-0.0002958742057357673,-0.352802246881006,-0.4933439312274377
2012-05-10,,-0.012622747742600061,-0.47217164489210517,-0.2857874585263524
2012-05-11,,-0.009115141511802935,-0.30626308736222985,-0.18831179270814094
2012-05-14,,-0.15321023846143553,-0.07320577962408586,0.11576505887110206
2012-05-15,,-0.17659941024976286,0.0019452561399576922,0.6065095716653902
2012-05-16,,-0.21778790352937497,0.16054593926307323,1.078936799769472
2012-05-17,,-0.2510972349321145,0.5579750273869563,1.5262447891256492
2012-05-18,,-0.25809827447894834,0.6729328110864065,1.5194767797734596
2012-05-21,,-0.27725427050302603,0.5386589854576411,1.143683588974244
2012-05-22,,-0.5331852104086862,0.4406508800286217,1.3637842066500274
2012-05-23,,-0.2752015123247735,0.589352298216469,1.3756324357044616
2012-05-24,,-0.48974635556407864,0.5653487098351029,1.6486226051166923
2012-05-25,,-0.4515976633081873,0.580556686601971,1.2301356852209648
2012-05-28,,-0.35519377773411814,0.6154737512677664,1.2147425443962845
2012-05-29,,-0.33510622700194503,0.488310024890734,1.4714496255446647
2012-05-30,,0.1444179143160758,0.9540502786522563,0.8976007166384574
2012-05-31,,0.2997781657880654,1.1805745948687851,0.6889223440844323
2012-06-01,,0.44399976666912383,1.6206975493200033,0.23724552063100468
2012-06-04,,0.12458335672107701,1.5367775199786657,0.25390188724539925
2012-06-05,,0.14297044527740352,1.4354363117368334,0.03734814385397332
2012-06-06,,-0.11882780340904894,0.9888845353361311,0.6941476602956278
2012-06-07,,-0.09808397442461109,0.79699013359553,0.7746020243669051
2012-06-08,,0.054683043252112554,0.785113924904971,0.670127271287565
2012-06-11,,0.2846829633263602,0.9146248187547693,0.6882674699322612
2012-06-12,,-0.12421163737247387,0.690398000442384,1.5187834453688431
2012-06-13,,0.20795102832350035,0.8479601253095039,1.539752079634271
2012-06-14,,0.4006117078615851,0.4854695920272636,1.6479133135909672
2012-06-15,,0.8125767395027562,0.20713047472535887,0.4912339897889865
2012-06-18,,0.647771876322674,-0.15263063251091277,0.8175344683043549
2012-06-19,,0.447831206104575,-0.41214776846137086,1.1586913113074817
2012-06-20,,0.17196356631419066,-0.5420052588100984,1.5182303592309156
2012-06-21,,0.25142806136760015,-0.409303619767285,1.800270066547357
2012-06-22,,0.06264339736317494,-0.5465461871326991,1.9509803477654686
2012-06-25,,0.2702052386465787,-0.264573514006613,1.8930860090289376
2012-06-26,,-0.03182299879277364,-0.3541373529000562,2.0547082604591886
2012-06-27,,0.0193219634468821,-0.38709182805976194,2.0373171875593985
2012-06-28,,-0.05696697118802535,-0.4824029430894382,1.9406413442285726
2012-06-29,,-0.1645000771171087,-1.1387615914323561,1.6658068772782617
2012-06-30,-0.5431692688314945,-0.9011854108861383,-1.246336862778687,1.6354924629110277
2012-07-02,-0.5354942037658093,-0.034559578230448085,-1.2565783003634927,1.3526811453213459
2012-07-03,-0.5281284285692602,-0.311775638273453,-1.373010891970222,1.3185828768871555
2012-07-04,-0.5210515260150466,-0.3491167028873776,-1.1951615484478284,1.3000932387304396
2012-07-05,-0.5142449054323398,-0.033034089258370716,-0.9744078627684208,0.646588712728102
2012-07-06,-0.5076915980037562,0.1963729252050855,-0.9614424972436659,0.33971338172949195
2012-07-09,-1.0331707362997182,0.4348791683009587,-0.8207468416420748,-0.10807808484945397
2012-07-10,-1.0083887460416556,0.6435586796730407,-0.7855797024085938,0.06817612099264425
2012-07-11,-0.9850703446192141,0.642299390202597,-0.8908108826782196,-0.16893863264307946
2012-07-12,-0.9630712448086897,0.6761539623693875,-0.7460047538000805,-0.4760327533568349
2012-07-13,-0.9422663643370963,0.6268783231374139,-0.8777505460928656,-0.9929365137163771
2012-07-16,-0.9225466573329482,0.920623422432893,-0.8249151788728767,-1.4731760572719148
2012-07-17,-0.903816562337278,0.6335119419753105,-0.7435829443899205,-1.0339788803924594
2012-07-18,-0.8859919299026147,1.0639742120987576,-0.6849875594663623,-1.6084560520600606
2012-07-19,-0.8689983267627814,0.8274793251849212,-0.8074269919924192,-1.7740361234754602
2012-07-20,-0.8527696382759663,1.1472997720941738,-0.6917654853068527,-1.7306429710299804
2012-07-23,-0.8372469090483355,1.033167191954134,-0.4426965276634898,-1.5907472799949594
2012-07-24,-0.8223773751968457,1.1680632366372679,-0.21078253643301811,-1.2077268586242995
2012-07-25,-0.8081136518986387,1.0343913861047047,-0.2653517044975285,-1.1430405168536115
2012-07-26,-0.794413047606692,0.616564784681706,-0.49069896083431214,-0.9014148231646867
2012-07-27,-0.781236982230864,0.17116897157711597,-0.5353247876228032,-0.7182859572835426
2012-07-30,-0.7685504911525507,0.583663488879033,-0.508579020270477,-1.315499181559001
2012-07-31,-0.2067996358514419,0.5955431140767249,-0.4706302305929826,-1.6567685273199149
2012-08-01,-0.2053916884508384,0.3180007749353869,-0.4643976744677484,-1.3143696631256725
2012-08-02,-0.20401419882044214,0.49819716601942154,-0.5545155383484147,-1.3310881187237404
2012-08-03,-0.20266600187870903,-0.13894049095520009,-0.8902959686939447,-0.9607479135915625
2012-08-06,-0.201345992159826,-0.2536696512753783,-0.904960740551576,-0.8749021018323113
2012-08-07,-0.20005312000922673,-0.7666631211847981,-0.9889318546707717,-0.144097046251501
2012-08-08,-0.5724523675190635,-0.8771217141857417,-1.0224955083429517,0.2620313150182654
2012-08-09,-0.5653096661429129,-0.9607820582043582,-0.9614058159614576,0.24563100944964236
2012-08-10,-0.5583485466612503,-0.7529042779483553,-0.9716750554106109,-0.3347977320290594
2012-08-13,-0.5515606807423281,-0.9875903989293162,-1.0840312698269694,-0.10133877460384824
2012-08-14,-0.5449382691490647,-1.4580022796840788,-0.9805994949720739,0.3851602950732555
2012-08-15,-0.5384739992094842,-1.5496619778899234,-1.0022207685923408,0.7619094242376355
2012-08-16,-0.5321610063960234,-1.8538847300789203,-0.9809594612465645,1.1600250534924599
2012-08-17,-0.5259928395524108,-1.6913703948344538,-0.9651274964756948,0.9780336734099786
2012-08-20,-0.519963429365617,-1.8224721758214706,-0.9637002093345798,0.8503094606414462
2012-08-21,-0.514067059730732,-1.7179787329218903,-0.996803751473047,0.9851233975790928
2012-08-22,-0.5082983417000629,-1.1120492388705057,-0.9445485820838043,-0.3999145276119066
2012-08-23,-0.5026521897451075,-0.9458866446591446,-0.8406296538958642,-0.5874737946541501
2012-08-24,-0.4971238000924431,-0.9131456701159419,-0.8761724648425516,-0.0018166746780590543
2012-08-27,-0.4917086309226242,-0.7571966247891599,-0.6095293784395915,-0.28292270899934396
2012-08-28,-0.4864023842455327,-0.9567956922948255,-0.5573619398509295,-0.2557749546340059
2012-08-29,-0.481200989286899,-1.2549631693556753,-0.4960925904863712,0.09459471533063196
2012-08-30,-0.4761005872391935,-0.6389102349730273,-0.3258210886659202,-0.8402619634316353
2012-08-31,-0.06576658818416932,-0.1392060490714787,-0.2583758550265963,-1.7436948408215163
2012-09-03,-0.06453279077292307,0.19187099548297176,-0.12062042155771092,-1.7094911262298131
2012-09-04,-0.06331654127899113,-0.038359942771086925,-0.10151362911733998,-1.3543555774501432
2012-09-05,-0.062117425058384246,0.15440179667214465,-0.05631873383827194,-1.279559101853152
2012-09-06,-0.060935041724765396,-0.29947657834993224,-0.3780030922398608,-0.5805606968565363
2012-09-07,-0.05976900450628464,0.0007433025574466718,-0.5915978353802208,-0.9478054715429515
2012-09-10,0.24142646939028808,-0.2696845021035813,-0.5407379295545813,-0.9716689787318334
2012-09-11,0.23929318949772288,-0.1810884837545107,-0.545960183932941,-1.0339537803732168
2012-09-12,0.23718894067706434,-0.17015434630026405,-0.7090110905039834,-1.1875204538261712
2012-09-13,0.23511295812562294,0.2771072962098431,-0.8483836762978925,-1.4483741405733577
2012-09-14,0.23306450549864544,-0.06969106824480611,-1.0357468581173932,-1.1648417123726997
2012-09-17,0.2310428735568115,-0.10095250788078797,-0.9924913466914056,-0.9719381957695702
2012-09-18,0.22904737889158489,-0.09518661156999465,-0.9771728593059317,-0.9012983413279243
2012-09-19,0.2270773627232003,-0.0022367247849934416,-0.9505738686501545,-0.5844255014149585
2012-09-20,0.2251321897663847,-0.4554793606645858,-0.9320613907920547,-0.5681190140929944
2012-09-21,0.2232112471594071,-0.32588046409242455,-0.8960886063220985,-0.5399693756040321
2012-09-24,0.22131394345225766,-0.11590823218631294,-0.7516993766478277,-0.45503508068872
2012-09-25,0.21943970765016815,-0.1623491251327981,-0.5405491849025479,-0.12007434097964952
2012-09-26,0.21758798830890544,0.11163338914413096,-0.11805754739338542,-0.2886823929183949
2012-09-27,0.21575825267857288,0.13394953234960752,-0.3595669116400521,-0.7904370004133947
2012-09-28,0.21394998589284356,0.23149599876964155,-0.2980898547225772,-1.3697889492654005
2012-09-30,-0.11440347334717552,0.18554660690813782,-0.4157885500917992,-1.3482390684330154
2012-10-01,-0.1134868103988925,-0.23707023918899342,-0.3856841835073315,-1.1904279706635164
2012-10-02,-0.11258086308533609,-0.13540471926000072,-0.3866508089129764,-1.1916424638829215
2012-10-03,-0.111685407120973,-0.07873334568366806,-0.4253555446734291,-1.3153868882695676
2012-10-04,-0.11080022493702928,-0.14144063391458064,-0.45461303232946143,-0.931549411266875
2012-10-05,-0.1099251054226517,-0.6133356350413715,-0.4861437764011836,-0.4270612989191653
2012-10-08,-0.11750064146715442,-0.6668454004810315,-0.3350933765659348,-0.4209976862058832
2012-10-09,-0.11666400835020407,-0.5872741570987081,-0.11990153226435053,-0.36147302631766304
2012-10-10,-0.11583644839696354,-0.556930794296117,0.09865591498893707,-0.09337162377692065
2012-10-11,-0.1150177800282423,-0.7156528716156705,-0.015540461589071552,0.04866959733142594
2012-10-12,-0.11420782687200344,-0.45367491573656993,0.2870402773163937,0.00410996349638787
2012-10-15,-0.11340641757156848,-0.2620977061085553,0.06287212263242269,-0.26239783106637427
2012-10-16,-0.11261338560240061,-0.5797076648697211,-0.056800641162077996,0.3472471964706108
2012-10-17,-0.11182856909700555,-1.3400134116684408,-0.25187082542217276,1.202643963461337
2012-10-18,-0.11105181067755779,-1.4979732712166105,-0.34389838263055283,1.2371373324789474
2012-10-19,-0.11028295729582785,-1.2708614652751216,-0.0727638845288842,1.2774797207240736
2012-10-22,-0.1095218600800515,-1.5186261296407007,-0.26494290430923445,1.46743243766536
2012-10-23,-0.10876837418836302,-1.0905431501510685,0.08118256216963508,0.9440471644265551
2012-10-24,-0.10802235866850497,-1.0064844366283952,-0.3186524358559088,0.9639504744003634
2012-10-25,-0.10728367632344439,-1.6560211954578021,-0.32695527575988736,1.5256277507034592
2012-10-26,-0.10655219358266271,-1.4517611274492808,-0.24043352807476434,1.3521652498478753
2012-10-29,-0.10582778037877509,-1.1372716471243485,-0.19818629821519593,1.0456276999840932
2012-10-30,-0.10511031002927708,-1.1543270273043873,-0.15598107808853728,1.037152691251501
2012-10-31,-0.0806037392607115,-0.820958677253495,0.15469477502171003,0.6797291441812511
2012-11-01,-0.08336793565059063,-1.002515090071062,-0.09803855396015626,0.6218052453857207
2012-11-02,-0.08607063467825542,-0.7508212148527557,0.051151636762902505,0.6937476922301011
2012-11-05,-0.08871345351925725,-0.23774065890707943,0.28789167628189505,0.5878800684160957
2012-11-06,-0.09129795180225708,-0.7318751398525002,0.08983379293922819,1.4153339342587912
2012-11-07,-0.09382563428065381,-0.061398466660043664,0.4369927470682217,0.4731267631354716
2012-11-08,-1.5246242548752418,0.18814661633952298,0.3498347077774119,-0.29408274379882837
2012-11-09,-1.4933184420176304,0.2877426609924202,0.5585657254061942,-0.25076647472815816
2012-11-12,-1.4635256421352694,0.3537262538474475,0.3346514977067283,-0.24708725778824103
2012-11-13,-1.4351221895063904,0.5724738503102582,0.5130517552371066,-0.6979499743387256
2012-11-14,-1.4079981722730541,0.7247846406295488,0.8068462873473345,-0.7260958869820279
2012-11-15,-1.3820555235621785,1.2020355643696279,1.131817966090686,-0.8065112615710734
2012-11-16,-1.3572064269419812,1.3530559667827973,1.0253102148352935,-0.9722098695423458
2012-11-19,-1.333371976795581,0.9351072835495121,0.5914083828955341,-0.8320971453779447
2012-11-20,-1.3104810467900445,0.7227243846768577,0.5260634681696381,-0.5299819941036282
2012-11-21,-1.2884693292720881,0.16669758898498513,0.2672223562648982,0.6363944346273531
2012-11-22,-1.2672785158789304,0.15521387094461214,0.2955718032630168,0.6340556640508925
2012-11-23,-1.2468555954583618,0.40153828729690066,0.34578879121022266,0.6144062552756538
2012-11-26,-1.2271522499444512,0.34763528759541684,0.23099932792766636,0.4423257514034537
2012-11-27,-1.2081243324292483,0.3487473452818553,0.1674358780117868,0.060878707127771464
2012-11-28,-1.1897314145266518,0.3402112465277301,0.13029142178889105,0.2501855168286655
2012-11-29,-1.1719363924075,0.31703429685523016,-0.2939592248358238,-0.48490282933755596
2012-11-30,0.15518888555973057,0.5486390222896387,0.004543856535462581,-0.8188075939806989
2012-12-03,0.15346252820131737,0.43116676225644324,0.074762865703185,-0.7451597733784537
2012-12-04,0.15175640231011475,0.5432858677046046,0.0625503902749399,-0.929207509406426
2012-12-05,0.15007015147506866,1.027026293835302,-0.007573604001009368,-1.1448724920070246
2012-12-06,0.14840342826066333,0.6052289364219441,-0.24748318641422615,-1.1330460300548502
2012-12-07,0.14675589391307778,0.259140362611532,-0.48548186842279367,-1.1913765838536259
2012-12-10,-0.44767031611571595,0.4245843149898362,-0.6286069037448555,-1.3034586315894403
2012-12-11,-0.4440592752959861,0.19979657398653225,-0.7771505843005967,-1.1617819391892386
2012-12-12,-0.44048685223398604,0.013709987665877532,-0.887111074100875,-1.0371010982907143
2012-12-13,-0.4369522316616123,-0.3471509217570005,-0.8590510325402213,-0.7884715301153546
2012-12-14,-0.43345462271064944,-0.2086735686720629,-0.9296936656200182,-1.3532028399908056
2012-12-17,-0.4299932579763859,-0.7185943100885,-1.0219043341220773,-0.683783678156765
2012-12-18,-0.42656739262484494,-1.2070425373889355,-1.0963224914865608,0.8635974586857555
2012-12-19,-0.4231763035412481,-0.8714809268339883,-0.7569228799783159,0.79880519520362
2012-12-20,-0.4198192885174626,-0.587268850995067,-0.6015312069353171,0.5682844411118807
2012-12-21,-0.41649566547635625,-0.40824071402653794,-0.4657991020642499,0.5470950193910082
2012-12-24,-0.41320477173107434,-0.5611561707342995,-0.47743791922036877,0.47892531446968917
2012-12-25,-0.4099459632774205,-0.6338302085851103,-0.4267977741293528,0.4786607050268503
2012-12-26,-0.40671861411756544,-0.6529702804864289,-0.15419385116101453,0.572687646311583
2012-12-27,-0.4035221156134944,-0.37886821767662937,-0.10665450764395984,0.11305454094483494
2012-12-28,-0.40035587586864374,-0.28957743929098656,0.49793896077078714,-0.6133011399164822
2012-12-31,0.21892134993758045,-0.48305281189208066,-0.19852461568059143,-0.7857367961775996
2013-01-01,0.2180949602706291,-0.3767725733875324,-0.11674311215561321,-0.7760771504417132
2013-01-02,0.21727456515071156,-0.8367547270148259,-0.8334802258866947,-0.4618070005185302
2013-01-03,0.2164600937365822,-1.30446546081942,-0.889355573746583,0.5560035851503297
2013-01-04,0.21565147643505164,-1.31451781743473,-0.9643967042271664,0.20113414538423877
2013-01-07,0.21484864487346006,-1.209812844068852,-0.8951380106545822,0.21750459781413753
2013-01-08,0.32295594510653297,-0.9152724013752059,-0.8927380637416412,-0.7778978826232184
2013-01-09,0.3210977965887989,-0.5196394407377303,-0.8085427116157186,-1.3810216823357553
2013-01-10,0.319256271177067,-0.7232536580945823,-0.8280871155837614,-1.1108216004424873
2013-01-11,0.3174311142408162,-0.44414717125743025,-0.8209311920056545,-1.036468495544487
2013-01-14,0.31562207682894755,-0.4088216951516143,-0.8384185304261567,-0.8679224527784549
2013-01-15,0.31382891550617525,0.006292297124474634,-0.7927149863395924,-1.2281381536635017
2013-01-16,0.31205139219515027,0.46256216979499587,-0.622965357441927,-1.292223110766624
2013-01-17,0.31028927402410056,-0.14095591198353044,-0.7101182942462301,-0.029743847907774543
2013-01-18,0.30854233317973406,0.07210118615570817,-0.8408808943134757,-0.9474097497729422
2013-01-21,0.30681034676520985,-0.044535714079099946,-0.96219384125436,-0.9352051349388315
2013-01-22,0.3050930966629789,0.330966059975339,-0.921900505879216,-1.1025720225183502
2013-01-23,0.30339036940225433,0.30624346146526443,-0.9559998739537655,-1.6917281406441076
2013-01-24,0.3017019560309871,0.14379673411033597,-0.9618893003981026,-1.3858439065374843
2013-01-25,0.3000276519921327,-0.9393060848091699,-1.1361933803617548,0.9006945903344615
2013-01-28,0.2983672570040268,-1.3382506063514414,-1.0767520061304552,0.9062098092143943
2013-01-29,0.2967205749447509,-1.3255831414700088,-1.066689099393905,0.7770550384500382
2013-01-30,0.2950874137402968,-1.145618399910023,-0.8149451777381035,0.26353450930546085
2013-01-31,0.16063808254919454,-0.880907802583954,-0.33025254622410577,-0.3194689040962557
2013-02-01,0.16198797368032755,-0.6034147240509863,-0.36973861740809216,-0.3919456159433808
2013-02-04,0.16331365388417743,-0.3725366145235435,0.03642614658368452,-1.1848090338757593
2013-02-05,0.16461559636743842,-0.6378166609711513,-0.06303550375458258,-0.9756485716017383
2013-02-06,0.16589426229459675,-0.5084923165276594,-0.053651701488846654,-1.371336143557269
2013-02-07,0.16715010118603207,-0.6927681697494965,0.08158469720315863,-1.1145716347750578
2013-02-08,1.1739481726162733,-0.6049387479112431,0.10050997971914573,-0.7748643277641121
2013-02-11,1.1594747019328413,-0.6884602550395271,0.07363440479057994,-0.7386386333283449
2013-02-12,1.145384096717951,-1.0559092037006637,0.032427180926549046,0.30156212990241177
2013-02-13,1.1316586885964126,-1.4740325238970065,-0.12541937515542,0.964124262295985
2013-02-14,1.1182819385460958,-1.0439749532196994,-0.15123469189792713,0.13117818889657404
2013-02-15,1.1052383455214625,-0.6739759758437407,-0.07096231181985806,0.6272039672278447
2013-02-18,1.0925133639640272,-0.8251166653774716,-0.1032290726470787,0.6258623959653857
2013-02-19,1.0800933291953871,-0.9868173662473546,-0.15755616252926505,0.8627714968187365
2013-02-20,1.0679653898172516,-0.8287722964240074,0.19633249650346185,-0.14755881195447557
2013-02-21,1.0561174463532734,-0.7035068520085088,0.457027842092978,-0.6884573688136587
2013-02-22,1.0445380954623835,-0.5610339077208066,0.31738036993354557,-0.8913045299708353
2013-02-25,1.0332165791349963,0.5184326793751026,1.1968454948938316,-1.4516757625837287
2013-02-26,1.0221427383541706,0.5984639496003901,0.9786395145606288,-1.1542691397577127
2013-02-27,1.0113069707649383,0.560518473899898,0.47107903868002804,-1.1782446148357575
2013-02-28,0.006901863680622935,0.6461261497541645,0.4773481931214009,-1.6323044054072604
2013-03-01,0.009721386815224798,0.7105219360002526,0.28817403333149816,-1.6598317255111041
2013-03-04,0.012500053399483404,0.6001954281505577,0.06486643963777243,-1.721920393551954
2013-03-05,0.015238649283050656,0.20176796667785188,-0.25525148328991687,-1.5916724357013998
2013-03-06,0.017937938664446068,0.06425026248989349,-0.3185682802814657,-1.1295527992461458
2013-03-07,0.020598664890999704,-0.47546544516298783,-0.5733049915731294,-0.675518797983602
2013-03-08,1.3107549992064012,-0.6807705142477679,-0.8070958167116797,-0.49998452538706706
2013-03-11,1.2928174381567774,-0.6721384819230506,-0.9733437768616477,-0.5858505971096957
2013-03-12,1.2754183623835729,-0.3699169027082825,-0.7970583968932548,-0.5364874979154165
2013-03-13,1.2585297392705637,-0.2751651968377656,-0.8362157282157766,-0.26252476650328094
2013-03-14,1.242125550488918,-0.04414612513524527,-0.8505431079698251,-0.028245703669411017
2013-03-15,1.2261816092305597,0.2572165061311078,-0.8210685454792916,-1.0084690222924424
2013-03-18,1.210675397330724,0.5895405218788339,-0.3814523425393441,-1.2967611613211218
2013-03-19,1.195585919769866,0.8777798126681033,-0.1796018756255696,-1.4846715162917565
2013-03-20,1.180893574403795,0.6625485741038526,-0.4245651967729093,-1.0431338706277886
2013-03-21,1.1665800350724664,0.5120691278177423,-0.21407782746388654,-0.8304549171287694
2013-03-22,1.152628146492361,0.2855504344184892,-0.3737894235086777,-0.6843814467382122
2013-03-25,1.1390218295530044,0.36983955823309617,-0.3623880022751861,-1.1394915886826547
2013-03-26,1.1257459958212597,-0.04731141974657905,-0.45212237669639604,-0.8294011359719898
2013-03-27,1.1127864702130466,0.2776871923158908,-0.42627010499236084,-1.0500767943734899
2013-03-28,1.1001299209255213,0.19351743988001666,-0.43336278281413976,-1.0816552944425906
2013-03-29,1.0877637958370738,0.05164139018554813,-0.42819981085418973,-1.0671196133882423
2013-03-31,-0.17770604420393815,0.6933360698902858,-0.34331657453336306,-1.0528619593345188
2013-04-01,-0.17142461716027524,0.31152824419614306,-0.1378010437305245,-1.304922621731412
2013-04-02,-0.16525551239497738,0.3876412280706952,-0.20311073448413552,-1.2137283416735705
2013-04-03,-0.1591957218581049,1.0449270185066832,0.17332947572669288,-1.6649533555879645
2013-04-04,-0.15324235688678356,1.3925761661975544,0.30559711164150055,-1.503525195893227
2013-04-05,-0.14739264201076807,1.4909977491865427,0.5353930748716391,-1.23333155344663
2013-04-08,1.8272702278332873,1.3432299437010171,0.332702696856249,-1.2257915146887888
2013-04-09,1.7892380665695242,1.393896904002386,0.1931002924702674,-0.8653764893290482
2013-04-10,1.7530969725725702,1.0903617439052151,-0.050569312222889205,-0.9592878831478018
2013-04-11,1.718689178391515,1.2147482462574204,-0.08823385055063616,-1.0332919173995148
2013-04-12,1.6858748219269346,1.2646934831821741,-0.0937609345312567,-1.2299828937734947
2013-04-15,1.6545294118386313,1.214013619148866,0.7549618325759478,-0.9430820578724353
2013-04-16,1.6245417184054127,0.9618060120791758,0.15624920538451958,-0.7675013124186206
2013-04-17,1.5958120079026346,1.04315427387772,0.6693435908580649,-0.6715862834202855
2013-04-18,1.568250556250475,1.113059473700144,0.8417060485174482,-0.6562512185043043
2013-04-19,1.5417763911661782,0.9658286848825431,0.3150563435989589,-0.5251704787064163
2013-04-22,1.5163162224150366,1.0277551162040712,0.21650904430595241,-0.8858109772687068
2013-04-23,1.4918035277825161,0.9972202073032057,-0.08907913565341609,-0.7416538700125795
2013-04-24,1.468177768656522,1.1209136431492803,-0.2380871964857453,-0.8554540138832973
2013-04-25,1.4453837140349266,1.0790828118681495,-0.32032368923423893,-1.19624302671006
2013-04-26,1.4233708556721134,1.564209552314231,-0.34014304028898673,-1.489058415213575
2013-04-29,1.4020929001830558,1.648194658399071,-0.6046733495683078,-1.4831557764313417
2013-04-30,-0.3783875581124585,1.4757388935002562,-0.6093608386834641,-1.2547402056057264
2013-05-01,-0.36657273399813506,1.7739504774930477,-0.47925723944236504,-0.9917530786616179
2013-05-02,-0.35507157211285717,1.4941276795997462,-0.8082438697528279,-1.0661420517127511
2013-05-03,-0.3438710577078092,0.5579081288779558,-1.2359371139002375,-0.8782205090796662
2013-05-06,-0.3329589491501191,0.4144403692126442,-1.4476289769673285,-0.9814687898421579
2013-05-07,-0.32232371944864235,0.2987434400783248,-1.4175416203474906,-0.840027683722556
2013-05-08,2.262884734452365,0.41890435469256737,-1.35947385458798,-0.7859392399275941
2013-05-09,2.198529894601874,0.4635376485144936,-1.0864139232217902,-0.8553517833498737
2013-05-10,2.138661983949257,-0.2048128464422313,-1.0558485040731074,-0.22852444422338714
2013-05-13,2.082767344379244,-0.2887394733193099,-0.8312200865749497,-0.20955676404332052
2013-05-14,2.030411299797785,-0.8218157388437792,-0.8720132850206681,0.2739672652112612
2013-05-15,1.9812231797726703,-0.39284986554696555,-0.8113545927467973,-0.14982386760386665
2013-05-16,1.9348846757157543,0.15857339770248802,-0.6694566666603265,-0.48552341408109195
2013-05-17,1.891120687000691,-0.45098876894073087,-0.879570167596494,0.38151668674234207
2013-05-20,1.8496920510830432,-0.33734843807645565,-0.7936199154331616,0.005432687304581966
2013-05-21,1.8103897157295348,-0.4618331676790321,-0.6355272498969674,-0.16803467118727236
2013-05-22,1.7730300269178227,-0.9571368544612506,-0.6402787804913331,0.6938947139496394
2013-05-23,1.7374508883809257,-1.0747110047524289,-0.14009812780618416,0.9590181060457961
2013-05-24,1.7035086083670146,-1.0723587562947483,0.029846701819554795,0.9331795840291025
2013-05-27,1.67107529280382,-1.3514074854990261,0.03158006146376891,0.9283686551931442
2013-05-28,1.6400366763392094,-2.644278078766394,0.07429121615376622,2.934562750771482
2013-05-29,1.6102903068713394,-2.662413112366292,0.5518992071780442,3.0
2013-05-30,1.5817440174114101,-2.6437697160740843,0.588699109412547,3.0
2013-05-31,-0.5456590340673487,-2.7370772604433684,1.1995111803705414,3.0
2013-06-03,-0.5361575836301901,-2.000284415016142,1.7706485890714572,2.7939453170611577
2013-06-04,-0.526868682615804,-2.0599244261000833,1.870924432570635,2.780690861127265
2013-06-05,-0.5177845443346193,-1.4583807628979912,2.6782322030929615,2.4299718225453164
2013-06-06,-0.5088977850408625,-1.362809249611017,2.5523558497221033,2.442046892101854
2013-06-07,-0.5002013974852509,-1.9396362743442566,1.8699687646410272,2.7542051958331393
2013-06-10,1.4822182184608435,-1.8308126087905476,1.8203105748517618,2.80421259632345
2013-06-11,1.458762123044821,-1.8717586925487943,2.244132576057635,2.830486300889814
2013-06-12,1.4361005195572676,-1.9619898985575404,2.302819359305275,2.7379057575553145
2013-06-13,1.4141865229953778,-1.2562810220784228,2.0669072933283275,2.0624211844747755
2013-06-14,1.3929770535828012,-1.0389261569158195,1.8820793654428956,1.660267968451752
2013-06-17,1.3724324477599834,-0.7506337251272636,1.7544699419135572,1.2424520265743757
2013-06-18,1.3525161167545272,-0.8162814789342911,1.733222183574555,1.1582891650251583
2013-06-19,1.3331942459993837,-2.1914389356945514,1.4792857658403102,2.2893114869641837
2013-06-20,1.314435529742799,-2.488393991451719,2.6676359509553316,2.4125899499563763
2013-06-21,1.2962109360790557,-3.0,2.035115171935903,2.5611203224540575
2013-06-24,1.2784934983604543,-3.0,2.546194948557836,2.5954891658057395
2013-06-25,1.2612581295577203,-3.0,2.2611720414449628,2.496506152330223
2013-06-26,1.244481456641555,-2.363685809679844,2.098871508687371,2.3921506963799835
2013-06-27,1.2281416724807817,-1.7440289022584459,1.5591689894748366,2.144045364720685
2013-06-28,1.212218403107363,-1.756610012009215,1.432126046631322,2.1135548096581522
2013-06-30,-0.6513424653281891,-0.7743805719219461,1.3609106888735387,2.067711150285675
2013-07-01,-0.6442354332833631,-1.727682089380367,0.9658498685033605,1.961606939944178
2013-07-02,-0.637242558714062,-1.616763462169808,0.880290429901062,1.8955310640743517
2013-07-03,-0.6303607112267927,-2.019399165838111,0.41998320171275316,1.9414996843755477
2013-07-04,-0.6235868821327745,-1.9248878590321234,0.329878861703998,1.904565480499981
2013-07-05,-0.6169181784265739,-2.5010502004387005,0.2853901112386607,1.8714003352562294
2013-07-08,0.7548436031374047,-1.6675341117178255,0.44702853940202314,1.6909028102914374
2013-07-09,0.7482372733888949,-1.5262734720594897,-0.13558680992892735,1.719303812185924
2013-07-10,0.7417128009797619,-1.419766529217855,-0.1540059163388177,1.61617924787362
2013-07-11,0.7352682164486712,-1.3141041173245336,-0.48841417609680315,1.4846517653008706
2013-07-12,0.7289016166876736,-1.6281841257644374,-0.5631910625390935,1.5054501673694314
2013-07-15,0.7226111620802553,-1.4882992067803662,-0.4928789767927846,1.4373989759246653
2013-07-16,0.7163950737891812,-1.3402835392202899,-0.47057622128384796,1.3738980956237437
2013-07-17,0.7102516311849439,-0.4488211321233649,-0.43128307279904154,1.1894830917785222
2013-07-18,0.7041791694062779,-0.2352593992005214,-1.1259787871643057,1.22545587836707
2013-07-19,0.6981760770447584,0.46355950987325706,-1.253235940949613,1.1325996185995817
2013-07-22,0.6922407939461335,0.6641982410932429,-1.7733617941991635,1.208060186781519
2013-07-23,0.6863718091214484,0.8508196453634633,-1.739813701114543,1.2185061886140556
2013-07-24,0.6805676587615456,-0.10193018246032,-1.4590408788222098,1.4118426963731767
2013-07-25,0.6748269243489398,-0.1796276528321968,-1.183802280663172,1.2833673940294352
2013-07-26,0.6691482308614712,0.05632289628484901,-0.9733953467013321,1.2347468634442857
2013-07-29,0.6635302450624938,-0.04669551709484736,-0.9931500450638792,1.2190809568332772
2013-07-30,0.6579716738727198,-0.0862262081496938,-0.9645436985155877,1.1913435668478214
2013-07-31,-0.7476319546217115,0.01769193755876867,-0.8205826738835637,1.1368337574165912
2013-08-01,-0.7402698967348806,-0.24242672772843873,-1.0280718780068239,1.1183527317528874
2013-08-02,-0.7330219974426733,0.4769296069412624,-0.9552809086269543,0.8949352383248983
2013-08-05,-0.7258851990004241,0.8907353620351416,-0.7668233486105146,0.9363966186011835
2013-08-06,-0.7188565594858377,0.3667694434645508,-0.7242748450179534,0.9494545908689038
2013-08-07,-0.7119332472108187,0.6368954531127163,-0.46212603783550227,0.9648881939972536
2013-08-08,0.5127630800245176,0.5272763812820329,-0.402319987927977,0.9848463484900636
2013-08-09,0.508828846095434,0.17848185821326057,-0.1530106532710224,0.9721560354654987
2013-08-12,0.5049255978840428,0.20525000435002122,-0.08988843646986003,1.0014867807930787
2013-08-13,0.5010528334673496,-0.6272598653089696,-0.21658142208597914,1.1427287304744451
2013-08-14,0.4972100623924569,-0.5423650493877074,-0.06953403041412692,1.1403161676103586
2013-08-15,0.4933968053384544,-1.192820643673329,0.3498744607419441,1.2488487166002418
2013-08-16,0.4896125937904652,-1.176886685871567,0.4277336332677686,1.1923195351672913
2013-08-19,0.4858569697252972,-1.4292769030611097,0.5719803227447124,1.2175935696032325
2013-08-20,0.4821294853082455,-1.0488917260520438,0.7682130306285739,1.1786713191261267
2013-08-21,0.47842970260055295,-1.433012084101902,0.9155953000530367,1.3006463590393589
2013-08-22,0.4747571932770963,-1.2556731085209287,0.5620768496496538,1.455492145509786
2013-08-23,0.4711115383538967,-1.121679564009419,0.28924560652787934,1.387379158390986
2013-08-26,0.4674923279250229,-1.0148249112657999,0.32499323894504106,1.3153796275255083
2013-08-27,0.46389916090852223,-0.658393801301889,0.7664548146919292,1.2825989416298134
2013-08-28,0.46033164480101646,-1.2443773595566232,0.6804640132596206,1.4691453455649508
2013-08-29,0.45678939544060854,-1.2287153764382923,0.6084023846481953,1.4698032560283243
2013-08-30,0.45327203677777317,-0.9543047847197825,0.7912485489907943,1.4587221512507076
2013-08-31,-0.8205093002527157,-1.6076746970039906,0.15114511147186116,1.44105571459772
2013-09-02,-0.8132557108497529,-1.3333219044120628,0.6115241458299975,1.4238696344822759
2013-09-03,-0.8061098804884633,-1.5983632167852433,0.36884649980473844,1.4258908478429766
2013-09-04,-0.799069017051282,-2.2507470474695705,0.11504483330541737,1.53649804343229
2013-09-05,-0.7921304308441045,-2.6443456827468474,-0.10183746287723594,1.5583578588447475
2013-09-06,-0.7852915297974389,-1.9601938810182005,0.012533834889500942,1.453725995769963
2013-09-09,0.13205577835325422,-1.5779460017767166,0.03919552911658559,1.4253868424218625
2013-09-10,0.13075038078613452,-1.7197860759102903,-0.21556052599318246,1.431650704702358
2013-09-11,0.12944977033452915,-1.29985615308408,-0.1426172802421941,1.3445613405382686
2013-09-12,0.12815390806291432,-1.047337327332126,-0.045191264004005284,1.336221631727308
2013-09-13,0.12686275544813996,-0.9229002073247532,-0.18853514947303143,1.3100820180834516
2013-09-16,0.12557627437313112,-0.010329369907824319,-0.19248107746349333,1.1269963469008546
2013-09-17,0.12429442712069781,0.20749198053831486,-0.08282272127489149,1.025623528603885
2013-09-18,0.12301717636745053,1.4226266913383983,-0.255163277726734,0.7079220573366105
2013-09-19,0.12174448517783863,1.4457405533145007,-0.5956193192647385,0.7752059544798581
2013-09-20,0.12047631699830588,1.4522532113309359,-0.4493686001168695,0.7658011967360769
2013-09-23,0.11921263565152174,1.2787657763248796,-0.16515698596569522,0.7853523920613055
2013-09-24,0.11795340533075739,1.2794710821222843,-0.09454662700708573,0.8107700252450926
2013-09-25,0.1166985905943315,1.5339874809734388,-0.14746216659441652,0.8832177451016653
2013-09-26,0.11544815636018761,1.5025203778410394,-0.05100267119574818,0.8892833350009909
2013-09-27,0.11420206790052988,1.6345614932603023,0.3364183038691849,0.8377831015736455
2013-09-30,-0.8502566914975684,1.8079147035461027,0.7002887686816078,0.7450847234587182
2013-10-01,-0.8425807445576512,1.5882441319652711,0.3652555681110717,0.7887426392860277
2013-10-02,-0.835022076270687,2.1142510239655286,0.7399374446637661,0.668281406328869
2013-10-03,-0.8275775560953618,2.663931121039159,0.9593723747923374,0.634871571156086
2013-10-04,-0.8202441716587379,2.748453798499419,0.7946098953617518,0.7608150965501528
2013-10-07,-0.8130190230604375,2.0295341702084775,1.1309362521736313,0.8655204401497036
2013-10-08,0.1854159289626535,1.378808396430529,1.189370898565265,1.158808688325931
2013-10-09,0.18382724678519394,1.8697912428639056,1.1618103133534015,0.9468921211010958
2013-10-10,0.1822448756101477,1.5876797968362724,0.42490333702414174,0.7991576301656479
2013-10-11,0.18066876100440268,1.5126489727786374,0.3596437477234447,0.8223673214988474
2013-10-14,0.17909884916564858,1.3569324105847849,0.39619310000032715,0.8168615409331603
2013-10-15,0.17753508691215591,0.8649850947710619,0.8402350508381116,0.8557040481385805
2013-10-16,0.17597742167276967,0.9880694911860837,0.06244237492779148,0.6912038112947284
2013-10-17,0.17442580147706896,0.7770244167290328,-0.3764841418861849,0.5628911609676495
2013-10-18,0.1728801749457678,0.9007009726391537,-0.24574847497939006,0.5698356386723102
2013-10-21,0.17134049128124323,0.8703413277603423,-0.40430101687953807,0.5683691287371653
2013-10-22,0.16980670025830796,1.2166993739932768,-0.4393854062704638,0.3039746780379907
2013-10-23,0.16827875221510952,0.9837324960715178,-0.5343971824643231,0.5638210397368819
2013-10-24,0.16675659804423779,1.056641818233343,-0.7753269740031277,0.5115932126820254
2013-10-25,0.16524018918398387,1.1444985231385973,-0.7183644764456478,0.4156902160983518
2013-10-28,0.1637294776097912,1.0039080928011763,-0.7651969120275912,0.4767350960362801
2013-10-29,0.16222441582582334,0.9152457072797844,-0.9020474218107118,0.6111616176937776
2013-10-30,0.1607249568567585,0.8659655819618296,-0.7811003205508059,0.5737396069208693
2013-10-31,-0.9078842521931859,0.795017571307614,-0.9183313755896203,0.5041827133605145
2013-11-01,-0.8975554194875817,0.5188355160758614,-1.0384014089577849,0.6108622904441753
2013-11-04,-0.8874209121463694,0.8300434966590589,-0.9266177937270174,0.4668249295649408
2013-11-05,-0.8774744099641224,0.8190038175361906,-0.833402862974546,0.4329956078624784
2013-11-06,-0.8677098810249865,1.3668839905152044,-0.8619166265555315,0.15565715456336549
2013-11-07,-0.858121564987328,1.2915713675248286,-0.6319794900309219,-0.00756832785622949
2013-11-08,0.8872183594055493,0.7805909322182004,-0.5718972335862748,0.4771994349793307
2013-11-11,0.8790056375238547,0.8343940315932333,-0.6567985179747949,0.4758005690093012
2013-11-12,0.8827038482607747,0.6788720337999007,-0.6220384333450147,0.6325918512928161
2013-11-13,0.886446627454956,1.145574005263865,-0.3603133146780766,0.26603836506197664
2013-11-14,0.8902343348108822,1.1328140590658677,-0.4318481265047607,0.051110823032574006
2013-11-15,0.8940673373868272,0.8171417504445333,-0.484422740612551,0.06368338780813712
2013-11-18,0.897946009790627,1.0558970683940139,-0.21609148082806684,-0.16933516880550237
2013-11-19,0.9018707343841995,0.9619159077351523,-0.13569947668870985,0.005629348777625181
2013-11-20,0.905841901497312,0.7048204238708506,-0.25431491007255763,-0.20582172386658296
2013-11-21,0.9098599096509172,0.8546664388979441,-0.31507209901298083,-0.2875199014803265
2013-11-22,0.9139251657905991,0.7453975818364293,-0.3366786012178335,-0.12917857760948578
2013-11-25,0.9180380855306117,0.7763417595421372,-0.35814973700185776,-0.0993037181048147
2013-11-26,0.9221990934089834,0.7994838306420865,-0.40067034210525004,0.13418479681535903
2013-11-27,0.9264086231542336,0.8371366095808459,-0.46497407794863516,0.028863222274144885
2013-11-28,0.9306671179643471,0.8544037784188683,-0.41028090068009515,0.030225198058715978
2013-11-29,0.9349750307984954,0.8811689102228304,-0.11775879343037589,0.016427056448586778
2013-11-30,-0.897828431918661,1.2569552540297144,0.11339400948533587,0.01792088442922376
2013-12-02,-0.8835957737946836,0.7624268377636335,-0.040322747020663074,0.07081274592491095
2013-12-03,-0.8695196759644084,0.89062898663474,0.0999702155884169,0.0715020285368524
2013-12-04,-0.8555914655767285,0.6063929896875173,0.00023416033636283108,0.20165789461880224
2013-12-05,-0.8418027733515671,0.291420859731573,0.023295443631351834,0.42286475861606354
2013-12-06,-0.8281455110063982,0.5178349500708167,-0.41081008464356966,0.5122880899965173
2013-12-09,0.46239560961828385,0.6294115549537812,-0.5181548519669933,0.42928963931217684
2013-12-10,0.46953813290853114,0.9105285832478386,-0.24662756485799536,0.42745166922206196
2013-12-11,0.4767379099246161,0.49572940606701554,-0.23661446731644378,0.5737333975811081
2013-12-12,0.4839954894592686,0.10151987276282882,-0.18366250735556794,0.7510125621012509
2013-12-13,0.49131142018180585,0.02170660082387133,-0.03050589273110533,0.7702409170596003
2013-12-16,0.4986862505045765,-0.3014273648553503,0.025023567267005834,0.8213023580443611
2013-12-17,0.506120528449223,0.007982700988066761,0.332654427153608,0.6887133540293581
2013-12-18,0.513614801513194,-0.2832487526023184,-0.12956861311189324,0.8253932231752663
2013-12-19,0.5211696165369483,-0.7914812677700673,-0.3293487693438138,1.037702972252804
2013-12-20,0.5287855195723427,-0.856138320166057,-0.42705949027328544,1.267325532871972
2013-12-23,0.5364630557528004,-1.0014290336754665,-0.6039748538860015,1.2425194788069285
2013-12-24,0.544202769165823,-1.0798141841559026,-0.8227313135152651,1.2816129686096622
2013-12-25,0.5520052027284427,-1.1563441136962338,-0.7316946867402583,1.2687964404649523
2013-12-26,0.5598708980663999,-1.2408128154624032,-0.7551533722700283,1.2926712522478403
2013-12-27,0.5678003953976946,-1.0641761129024105,-0.6930881094782079,1.1768032560953143
2013-12-30,0.575794233421369,-0.8907644151572173,-0.5428017345356416,1.151702270089155
2013-12-31,-0.8503195059348966,-0.8931976472991674,-0.19599194846806367,1.089851401175061
2014-01-01,-0.8375845132786585,-0.8679793007744749,-0.27820767534803237,1.0816656937049984
2014-01-02,-0.8249651959305622,-0.7189961073346381,-0.08306197339946611,1.0636623100937477
2014-01-03,-0.8124550229498645,-0.7412794738360934,-0.1519377911694026,1.1911857514459985
2014-01-06,-0.8000476542452439,-0.5746043692996233,-0.16552848702576411,1.1066661725487366
2014-01-07,-0.7891507411413754,-0.5235875861086733,-0.35472060420323437,1.0327670096193948
2014-01-08,0.31306546655886364,-1.0733659381102794,-0.6215536886268039,1.238916755552395
2014-01-09,0.32014087220445553,-0.9391148156135055,-0.4664718998572311,1.1991708800182819
2014-01-10,0.3272658427358382,0.08375180674831058,-0.41870390891621717,0.9585016004588639
2014-01-13,0.3344408566137182,0.274085911241057,-0.13931184010966383,0.8807135895530297
2014-01-14,0.3416663889849269,-0.057069343487089516,-0.4122643982363265,0.9779902524039595
2014-01-15,0.3489429114216766,-0.3566444647683562,-0.732312185947506,1.100676934314526
2014-01-16,0.35627089165372083,-0.03861345259835675,-0.6116248727337559,1.0725097616806387
2014-01-17,0.36365079329350425,0.4019744712231851,-0.41710207867792914,0.9939959317965094
2014-01-20,0.371083075554473,0.49709451958940465,-0.3229576443379401,0.9855593857702913
2014-01-21,0.37856819296257493,0.562613592745449,-0.16450357748857697,1.0135962330679635
2014-01-22,0.38610659506114764,0.3140985681082301,-0.16849944425607088,1.1630377963563983
2014-01-23,0.39369872610936796,0.9438884503371046,0.3446217257648807,0.8709118512710513
2014-01-24,0.4013450247744761,1.3243937522561369,1.7854154453829265,0.7249838921233004
2014-01-27,0.4090459238179586,1.0376121860315686,1.6303906466054632,0.7133861592068724
2014-01-28,0.41680184977599605,1.0110131462224627,1.19885329415476,0.6941300055404018
2014-01-29,0.4246132226344294,1.1261886618553638,1.6373965394699694,0.7813443043575927
2014-01-30,0.4324804554986198,1.1146085174701106,1.5127995315220268,0.6991895879635234
2014-01-31,-0.7360261613978368,1.34953382262958,1.986229572711103,0.572823942947279
2014-02-03,-0.7216313001260662,1.9199151855259122,2.8020956845088363,0.17137899995985076
2014-02-04,-0.7073805467822584,1.5739692917953578,2.38648666321949,0.3902138923925151
2014-02-05,-0.6932666889659029,1.542771868427397,2.5092712374255597,0.3667850745475371
2014-02-06,-0.679282789515235,1.7337976412660945,1.866506306311028,0.3847752112598958
2014-02-07,-0.6654963089660704,1.9944707013708125,1.403759232846162,0.1974247988260506
2014-02-10,1.759675783545607,1.2497645408384765,1.0863929595265407,0.2640659222177252
2014-02-11,1.7414134757116204,0.7120991780287643,0.6587906304240431,0.5371042012118785
2014-02-12,1.723879424599756,0.7774274370927331,0.5589624276304207,0.5657044313863655
2014-02-13,1.7070343529368615,1.2675945233750268,0.8242084293216893,0.29309743285908807
2014-02-14,1.6908420346061819,1.167036425351115,0.5681945651235011,0.375309241052896
2014-02-17,1.6752689986437592,1.0649337424119183,0.5654429496637928,0.373487749241131
2014-02-18,1.6602842676557883,1.2582743388151165,0.5678808381883502,0.03286055353881645
2014-02-19,1.6458591260253077,1.058685845073395,0.7830590307693777,0.345779411525918
2014-02-20,1.63196691398126,1.2066044403978236,0.6621480325948642,0.38852365857691573
2014-02-21,1.6185828441884123,0.8018926492608899,0.301249389428588,0.38842542707006295
2014-02-24,1.605683838005281,0.5288968018562236,-0.3817669893014812,0.3993956973303732
2014-02-25,1.5932483789661989,0.7399359982976651,-0.5496361185932563,0.36381981256813156
2014-02-26,1.5812563813875842,0.6998167889220417,-0.3768346812168078,0.4917840156841696
2014-02-27,1.5696890722886363,0.8901878756542206,-0.6646692831323876,0.4168403889818334
2014-02-28,-0.641867055409788,0.7832330431018302,-0.6386840812803777,0.40014362087336414
2014-03-03,-0.626277991057655,0.9351388325683113,-0.3031974767735462,0.10965086820894392
2014-03-04,-0.61086201380751,0.09621658746305664,-1.1242100326953668,0.5950082021000572
2014-03-05,-0.595610716543399,0.30396453363675,-1.2670897082144343,0.5676821300235628
2014-03-06,-0.5805160582038169,0.14565656266730612,-1.1000434620046304,0.6010956674500518
2014-03-07,-0.5655703413037612,-0.21188885469823623,-0.8810046110335394,0.885699967398425
2014-03-10,2.4117950412837295,-0.2929807739294235,-0.7394128079112012,0.8031619332448099
2014-03-11,2.3471902729192182,-0.20318268913806792,-0.49250895121805277,0.8614916869065004
2014-03-12,2.2870439448366464,0.22515796674867739,-0.18161589293035804,0.8110232733565127
2014-03-13,2.230856609574342,0.7295859424410835,0.5395483907580024,0.6728141034981858
2014-03-14,2.1782040163806817,0.33204543493787003,0.8169460600113162,0.7518360079634329
2014-03-17,2.1287231414073404,0.10232559189341071,0.2906394294238355,0.8308832894833184
2014-03-18,2.082101265582737,0.3614891276365944,-0.03788739728536199,0.7354819332134911
2014-03-19,2.0380673441587276,-0.8027950059167008,-0.23351337470595654,1.4339091758435303
2014-03-20,1.9963851203941452,-0.6153814153863597,-0.03334098277686487,1.3669902082313634
2014-03-21,1.956847581460148,-0.5564993152323785,0.07196920396603261,1.3782654002615566
2014-03-24,1.9192724578783875,-0.6967289204878426,0.12227062531250274,1.4293539080967081
2014-03-25,1.8834985419727786,-0.5310088069764375,-0.02098733365815925,1.450590110416682
2014-03-26,1.8493826547782974,-0.6258112792320428,0.2715605009727661,1.4358828188369681
2014-03-27,1.8167971305682138,-0.5933570656534908,0.26362816798131655,1.4689677010233961
2014-03-28,1.785627717710888,-0.7344279725564893,0.12448549209726888,1.4704940969520317
2014-03-31,-0.7218775873495968,-0.4391911559827239,0.1918573481621266,1.3376657293508762
2014-04-01,-0.7135205484701336,-0.8056428586657307,-0.29289910627963256,1.3458778383325483
2014-04-02,-0.7052707210538339,-0.7902076569582207,-0.2610139924124397,1.3911890428485871
2014-04-03,-0.6971252190754319,-0.7922485157497491,-0.22637693892327618,1.3877523187785379
2014-04-04,-0.6890812608300366,-0.04705485675792999,0.03589389201585762,1.1940459158888477
2014-04-07,-0.6811361640956018,0.5857160362325756,0.49845769672680085,1.2048577781828345
2014-04-08,1.2393832064823387,0.5610080687443133,0.2774198917067825,1.0885513815242143
2014-04-09,1.2285561680661863,0.8253922457812194,0.06290556173281434,0.7686756379171743
2014-04-10,1.2140777319682692,0.948915083604552,0.4773062512742206,0.6403488207714464
2014-04-11,1.1999222630562543,0.6897033219095859,0.7387793525822088,0.7548565772537195
2014-04-14,1.186076588909911,0.5549608321234382,0.19804148391024598,0.790569052471954
2014-04-15,1.1725282777513373,0.6914598558301911,0.2436871668838099,0.8626825025041845
2014-04-16,1.159265585535709,0.43767518045701953,-0.0598075364819252,0.8463337972058852
2014-04-17,1.1462774075961584,0.7701510781143291,0.011183244185473694,0.8335838073144499
2014-04-18,1.1335532343863086,0.7749421610645548,-0.15283203652549196,0.8265932011354614
2014-04-21,1.1210831109159174,0.9203847146987988,-0.11047647663588932,0.7478646831738068
2014-04-22,1.1088575995206036,0.7892038172452467,-0.1563001846331003,0.8470764139201905
2014-04-23,1.0968677456462956,0.35745969064482974,0.03289807647929844,0.9928938929841895
2014-04-24,1.085105046363827,0.54833688578922,-0.0888930741472707,0.9880814321035143
2014-04-25,1.0735614213596785,0.6727512961180616,0.12606098705067917,0.9866538331478626
2014-04-28,1.0622291861757776,0.6714407446300177,0.2068849142181208,0.9688759535362855
2014-04-29,1.0511010274949597,0.276645075248369,-0.06229431813172745,1.0041713821236247
2014-04-30,-0.904051238974464,0.8338719863725825,0.17565276396132368,0.8275106921932973
2014-05-01,-0.8965941123995462,1.1607333533667958,0.5168952662091567,0.809432745874582
2014-05-02,-0.88924151725083,0.9709427980506113,0.43095080212552317,0.923882489562826
2014-05-05,-0.8819907683202273,0.48485081315565914,0.41935467570225055,0.9361112819367549
2014-05-06,-0.8748392767383452,0.32090308307987325,0.3349534298411892,0.9833698648744144
2014-05-07,-0.8677845455442509,0.5869444500642498,0.2693379846633494,0.7954930614681192
2014-05-08,-0.17049128874514508,0.4379051688445122,0.2766342405234223,0.5957137540980357
2014-05-09,-0.16892411599033613,0.32501163711716935,0.005210277590220169,0.5660714518690718
2014-05-12,-0.1684833767342837,0.16270081907707584,-0.4900105315968908,0.7096976961938672
2014-05-13,-0.16804560614928005,0.5231819166253119,-0.2952817774361403,0.5512152726595351
2014-05-14,-0.16761079317566344,0.843668255388296,-0.13717634708021142,0.374482045539245
2014-05-15,-0.16717892684846858,1.1438479414149605,0.37571455290244454,0.16879780403276065
2014-05-16,-0.16674999629661744,1.3117564835106885,0.33285846832468047,0.25474375988928866
2014-05-19,-0.16632399074205878,1.5004229064718593,0.2907490731958931,0.08333858615938224
2014-05-20,-0.1659008994990027,1.6429803268586471,0.5040209724686125,-0.017159682276556287
2014-05-21,-0.16548071197310468,1.5869143106865622,0.30321533229191777,-0.01147058314628291
2014-05-22,-0.16506341766066557,1.854583426689986,0.26038035535705195,0.03476125164779584
2014-05-23,-0.16464900614788333,1.7918928208564882,0.15980592675492403,0.009620926770936131
2014-05-26,-0.1642374671100688,1.6319525038090652,0.0485960383812623,0.008725111516599326
2014-05-27,-0.16382879031088454,1.6150805783339304,0.05246039713820221,0.10423174662800735
2014-05-28,-0.1634229656016142,1.6597255769429125,0.32664713876517876,0.3328098285619001
2014-05-29,-0.1630199829204091,1.1221638585636267,0.03098635690074141,0.42432436584608896
2014-05-30,-0.16261983229156513,1.1130252954180468,-0.2804236425768226,0.48258141096664825
2014-05-31,-0.9324470050996689,1.572642306487926,-0.5070502567137286,0.4787640009443536
2014-06-02,-0.9254184561043901,0.8564599737229182,-0.7227158063170432,0.6716449087765498
2014-06-03,-0.9184895502321376,0.6711080924378349,-0.637557083045456,0.8072907280514198
2014-06-04,-0.9116577911582467,0.5510689442026124,-0.6521908976740752,0.731596506235725
2014-06-05,-0.9049207706246265,0.5830829146861877,-0.7923216786272452,0.5549433687891845
2014-06-06,-0.8982761644623647,0.2712585994412849,-1.2318306921166622,0.8094952002788212
2014-06-09,-0.6903586441343916,0.12774130429395636,-1.0648741937108797,0.9063405998122516
2014-06-10,-0.6878831645499882,-0.3186378237199543,-1.2486726811658726,1.0237173370026618
2014-06-11,-0.6854351982332669,-0.3443935267542406,-1.1854369981561241,0.9654174977596045
2014-06-12,-0.68301440233791,-0.40653371379515063,-0.9537894990696929,0.9402403739598115
2014-06-13,-0.6806204409648083,-0.5969297586478152,-1.1220321159876616,1.1044534223302582
2014-06-16,-0.6782529849823415,-0.7909821776886822,-1.0993954143366806,1.1962206614541775
2014-06-17,-0.6759117118523454,-1.1072904352648065,-1.4342345494843636,1.181493272098239
2014-06-18,-0.6735963054615584,-0.6028915193135586,-1.7144950275429347,0.9869249070818479
2014-06-19,-0.6713064559582743,-0.5123659795453384,-1.7920425185685083,0.8818199090119913
2014-06-20,-0.6690418595940925,-0.6113481949999996,-1.8095139170533174,0.9283141471685531
2014-06-23,-0.6668022185705406,-0.7383920123358071,-1.777791425877843,0.9190412037241452
2014-06-24,-0.6645872408903801,-0.49170603969370125,-1.3076703331288373,0.8611507123999931
2014-06-25,-0.6623966402134469,-0.42153698511981386,-1.3524492740918803,0.9785295990986201
2014-06-26,-0.6602301357168886,-0.10823215820463791,-1.1015942398591496,0.8715716122056314
2014-06-27,-0.6580874519595661,-0.054759993578688285,-1.0336804759783538,0.8289541035234813
2014-06-30,-0.8155533734507958,0.07604932762766604,-0.456331766743268,0.8311620249847096
2014-07-01,-0.8108839226276376,0.08247246047833669,-0.44616932700418166,0.9045534819325664
2014-07-02,-0.8062737924042666,-0.19198512988079483,-0.6017630919390675,0.9628892169231164
2014-07-03,-0.8017218566010262,-0.6360803569616525,-0.799547779106327,1.0044388500098353
2014-07-04,-0.7972270207839389,-0.7975514533773114,-0.790195097888762,0.9943214376328293
2014-07-07,-0.7927882211211152,-0.578172588683516,-0.2905806662281719,1.0725484445606184
2014-07-08,0.04949623944625989,-0.21247812021458454,0.1524919099523018,1.0694324635701815
2014-07-09,0.046535569689053695,0.36534838248837687,0.33818547120729064,0.9793491264942994
2014-07-10,0.043578023399738416,0.605737209695254,1.009354952322263,0.786097975256749
2014-07-11,0.039497158836225864,0.7283710863034529,0.6753385422414826,0.7791059003540165
2014-07-14,0.035419068909495234,0.6907109766870516,0.5651473378626903,0.8640114259402235
2014-07-15,0.03134364139466685,0.7624370203279665,0.8727923637564903,1.048188054932467
2014-07-16,0.027270766147381765,0.8397200977088133,0.887734340065178,1.1410186335086159
2014-07-17,0.02320033508723473,1.0152334058285815,2.1366623087536505,0.8511788881418378
2014-07-18,0.019132242181833993,0.633801250106802,1.6890561617804476,1.0876354426258328
2014-07-21,0.015066383431531235,0.5646548389601717,2.031901345294579,1.1338851077935486
2014-07-22,0.011002656854761978,0.870823875644772,1.8478777332277425,1.0970639477868638
2014-07-23,0.006940962473964822,0.7968357482136299,1.4907202058124627,1.055009156378478
2014-07-24,0.0028812023021431415,0.5823905814618462,1.146301856335808,1.1865865088218375
2014-07-25,-0.0011767196700594726,0.5125699614201094,1.3091179792086622,1.1099881586167653
2014-07-28,-0.005232897486666527,0.2024117918566595,1.1885751620657599,1.1812865565394526
2014-07-29,-0.009287423238211408,-0.23206378343861844,1.3905125734161508,1.2747388828139044
2014-07-30,-0.013340387072982815,-0.5252826026165623,1.4578167952501486,1.2681294118599866
2014-07-31,-0.907181313658455,0.015419170682927108,3.0,1.1429917227474553
2014-08-01,-0.9023730486123092,1.186849750840241,3.0,0.9346998183555605
2014-08-04,-0.8976328768244554,1.2903722282610324,3.0,0.9172387970795677
2014-08-05,-0.8929594473824122,1.3234918886108227,3.0,0.8933281685155976
2014-08-06,-0.8883514500233755,1.3083494532464255,2.9550595376787387,0.861922118903115
2014-08-07,-0.8838076135871187,1.4222847494291442,2.7833242803391016,0.6378517037081833
2014-08-08,-0.5735220995191928,0.9370076832278373,2.225429028948341,0.8526236246914045
2014-08-11,-0.5739443775019407,0.8215989357311707,1.6919427111458405,0.7944687241022357
2014-08-12,-0.5745146337577774,0.9696162008747738,1.61633603883437,0.7143713867421677
2014-08-13,-0.5750921684499853,1.48223416712916,1.167033909309936,0.4909093120707103
2014-08-14,-0.5756769742694281,1.53194904291523,0.8144820871380495,0.5933862441607264
2014-08-15,-0.5762690440699568,1.2010446547899543,0.6424967495940044,0.5770534456197065
2014-08-18,-0.5768683708665321,1.3860639597408029,0.1418839517565372,0.5615446253087072
2014-08-19,-0.5774749478333089,1.3555792181925392,-0.04884452264395838,0.7764819685660778
2014-08-20,-0.5780887683018077,0.4974435009176782,-0.2734848544471577,1.0971879708504975
2014-08-21,-0.5787098257590315,0.5438690799827136,-0.16085490678582295,1.1029819283457212
2014-08-22,-0.5793381138456816,0.511512968821927,-0.13003425788060627,1.2890584332501445
2014-08-25,-0.579973626354334,0.3145854961334981,-0.22684635205380738,1.349157714612874
2014-08-26,-0.5806163572276881,0.5991799637574473,-0.18054655679651124,1.214815228322757
2014-08-27,-0.5812663005567863,0.8677891749233088,-0.2359486122409932,1.318723180541638
2014-08-28,-0.5819234505793167,1.4154483133455118,-0.12118378305756126,1.2967994333608601
2014-08-29,-0.5825878016778623,1.294424020866008,-0.9245559611859782,1.2396149005960422
2014-08-31,-0.8305024412270171,-0.11180302258681823,-1.4075938321309889,1.224390777426058
2014-09-01,-0.8261971221244726,0.5347910946653753,-1.3590497609893446,1.2095080349501237
2014-09-02,-0.8219509332867838,-0.16972059625238978,-1.201672861124439,1.3109469354036687
2014-09-03,-0.8177628045572106,-0.12800726265625875,-1.1943551469777713,1.2823318988569175
2014-09-04,-0.813631695906108,-0.6870666068010624,-1.0388391592347412,1.2823138327289023
2014-09-05,-0.8095565963662117,-0.25545145039207107,-0.9050793016511592,1.137984231657844
2014-09-08,0.3507200023096656,-0.5680187637714851,-0.5798276405421202,1.250344382855066
2014-09-09,0.34541027401787155,-1.1454771463030617,-0.2313492601885649,1.362476868136845
2014-09-10,0.34011974395003886,-1.4948955251791445,0.0005010268871028922,1.3482386723089224
2014-09-11,0.33484797743312605,-1.3749231023784656,0.28205925820113226,1.2532600244766614
2014-09-12,0.3295945486021141,-1.5566808538262034,0.3249524689927549,1.2011809338234907
2014-09-15,0.3243590401848129,-1.2029403420700449,0.8165871056337569,1.142987280502191
2014-09-16,0.3191410432942028,-0.9693102985631715,0.7673506309565069,1.0723971168129212
2014-09-17,0.31394015722797425,-0.8871636725664561,0.775487300133795,1.2058745065674041
2014-09-18,0.30875598927514614,-0.9112414713079084,0.3728875656598717,1.1891267179468188
2014-09-19,0.3035881545293216,-0.6564214109506585,0.4181749081210338,1.2366081652083534
2014-09-22,0.2984362757084845,-0.2909986389779132,0.9526002711093017,1.1710470940083157
2014-09-23,0.29329998298104637,-0.17870080578787945,1.4952557705325205,1.149086711779566
2014-09-24,0.28817891379783567,-0.6361609879306569,1.198469434583022,1.2824681772685682
2014-09-25,0.28307271272999185,-0.23643239840074118,2.0660956256318292,1.2005859623556518
2014-09-26,0.2779810313123917,-0.7291092311591643,2.1206598042992226,1.2727055162156689
2014-09-29,0.2729035278924454,-0.4799471755536273,2.4741477029289403,1.2913833081682966
2014-09-30,-0.9330366475454933,-0.435523315987803,2.1645910641469297,1.2511688921427329
2014-10-01,-0.9270169545722567,0.8946628567075159,2.4223357258238987,1.137817577336034
2014-10-02,-0.9210872083999362,0.6217268714282013,2.0972904352130515,1.1188930300637314
2014-10-03,-0.9152453574565615,0.2933635851467014,1.3623950705254793,1.2379164488392822
2014-10-06,-0.9094894187042103,0.3577530429680646,1.218285585870977,1.128706154598929
2014-10-07,-0.9038174747184741,1.0646751241943173,1.8373053172330505,1.1003947645654601
2014-10-08,0.08022440396337598,2.135701220580793,1.6873693137985075,0.7503955918135495
2014-10-09,0.07531545249340418,2.3427032034665345,2.1982744979020783,0.723436680384841
2014-10-10,0.07040933018866576,2.387583269246893,2.803231276915356,0.6229197192619746
2014-10-13,0.06550586634916619,2.3736774013612676,3.0,0.6171064405330725
2014-10-14,0.06060489388889306,2.8052147010996076,3.0,0.2716248263739415
2014-10-15,0.05570624930823608,3.0,3.0,-0.42224429325565194
2014-10-16,0.05080977266796102,2.946403323573232,3.0,0.023677033145745652
2014-10-17,0.045915307564488715,2.5841992927902786,2.4018708480533366,0.26525231265951354
2014-10-20,0.04102270110664353,2.6610602790010773,1.8903547490971913,-0.028689739995006337
2014-10-21,0.036131803893642934,2.3867250879913624,1.0555810333887246,0.10986356727087906
2014-10-22,0.03124246999440597,2.1255503850517874,0.9540639145757365,0.0420358545701643
2014-10-23,0.026354556928139216,2.160930076771362,0.5352623001790782,0.39594814698341063
2014-10-24,0.021467925646046195,1.7720676879113677,0.16678762468940356,0.37023977629486
2014-10-27,0.016582440514308135,2.062962924236318,0.07393343503553347,0.3618603653461785
2014-10-28,0.011697969298086051,1.8457690944371974,-0.43075159679861724,0.405826971302762
2014-10-29,0.0068143831467256544,0.9230633339315614,-0.23613456132465988,1.05500680546541
2014-10-30,0.0019315565799092724,0.6001629587731047,-0.3674448200018673,0.9541046801730406
2014-10-31,-0.9620567704967067,0.42782944985919164,-0.4780564366037041,1.0327034211132988
2014-11-03,-0.9549943336441521,0.48774840871631586,-0.12137110869853517,1.084304672405987
2014-11-04,-0.9480547923008664,0.23192783856430182,0.09274287970906507,1.1266708239550824
2014-11-05,-0.9412349832362451,-0.08866258535064608,-0.3107668038778315,1.1170607852277172
2014-11-06,-0.9345318617068733,-0.7943640042870623,-0.6591050713575397,1.1653549011948052
2014-11-07,-0.9279424958120442,-0.27178711666097555,-0.6929686525961265,0.9267679367634388
2014-11-10,1.261292102729971,-0.8119929157280181,-1.1362550016141082,1.0937880216125964
2014-11-11,1.2419938690091492,-0.823065111051671,-1.087393631204948,1.0813229259182102
2014-11-12,1.2231541358364235,-1.3376489785785406,-1.3976795701437597,1.1135729599332633
2014-11-13,1.2047511247743745,-1.5835098018648812,-1.7012659421599543,1.0510831875615207
2014-11-14,1.1867644549424805,-1.1602949380479022,-1.4107516196738341,1.0597195925575182
2014-11-17,1.1691750294229468,-0.8983396904839536,-0.6063091345513074,1.013510524770944
2014-11-18,1.1519649327905872,-0.9654146644153084,-0.47345091555065866,1.013004014620243
2014-11-19,1.1351173385016275,-1.0232382421944808,0.01175595762953556,1.0438665886284286
2014-11-20,1.1186164250396782,-0.8948812630170637,0.16910861480131467,0.9909884797560211
2014-11-21,1.1024472998569395,-0.5638223125503096,0.0454949799512139,0.9581713674728992
2014-11-24,1.0865959302685846,-0.4781235848135343,0.003494298029306462,0.9236411458714119
2014-11-25,1.0710490805617925,-0.6146230356545788,-0.11701670950183223,1.0807000567835925
2014-11-26,1.055794254669847,-0.41943205597571614,-0.05606893699760836,1.0710620658191892
2014-11-27,1.0408196438391606,0.25002670468232946,0.09783445312557422,1.0586317029102124
2014-11-28,1.026114078783694,0.677374052372271,0.3990137239395855,0.8622374999944272
2014-11-30,-1.0337372348544258,0.5749229502075791,0.5725676390258185,0.8529460311178119
2014-12-01,-1.0223102232632915,0.750495927649963,1.0652061928202172,0.9359947916508822
2014-12-02,-1.0111292421594957,0.31295943044484564,0.7028106516648732,1.127395379142643
2014-12-03,-1.0001853943192562,0.20314732975941274,0.682401395706158,1.2196057276096426
2014-12-04,-0.9894702136125142,0.5908963144340852,0.7505092099030809,1.204894731381064
2014-12-05,-0.9789756378005546,-0.6810540103406223,0.3916082364870867,1.4930977327036046
2014-12-08,2.1619546045293614,-0.2136100790373445,1.06679099059618,1.5029448155753486
2014-12-09,2.1073229308589823,0.05137213726612662,1.5705533656537596,1.4868232718603542
2014-12-10,2.0582644025091996,0.6233454360805966,2.3715149752091174,1.3516776382122453
2014-12-11,2.0119472494569046,0.09818221366415208,2.5192928613720875,1.471668082690299
2014-12-12,1.9681212340769154,0.6802804814350538,2.8790471596709017,1.3027696019869568
2014-12-15,1.926567512039521,0.29049258843904596,2.7128223879841227,1.4075952578045265
2014-12-16,1.8870937545824904,0.616582465460161,3.0,1.345041431515007
2014-12-17,1.849530167793609,-0.027669978053793072,2.0876298941866254,1.493571749654856
2014-12-18,1.8137262202163205,-0.3548188648899153,1.0322369300853862,1.427951858864233
2014-12-19,1.7795479344677316,-0.4736615471054202,0.9972189367564686,1.4748831488680971
2014-12-22,1.7468756314642253,-0.6523723800277202,0.7125609699062706,1.5085332096255735
2014-12-23,1.7156020405014445,-1.2963290539467873,0.4797783457039997,1.5485844361138632
2014-12-24,1.685630707080915,-1.3163392731428187,0.362672865604004,1.5260054276084487
2014-12-25,1.6568746446050788,-1.3573154552080813,0.3599607036018183,1.5011161349749338
2014-12-26,1.629255187013604,-1.511979316634573,0.2243388244035856,1.491498170878916
2014-12-29,1.6027010079281847,-1.3808569929135068,0.2987693316625091,1.4678425173509846
2014-12-30,1.577147278511496,-0.9224279829969123,0.16694230971289853,1.394276200178676
2014-12-31,-1.0495127474594053,-0.3479537656874655,0.7289313892776208,1.3380766717938306
2015-01-01,-1.0349437080106516,-0.23641210323764028,0.7423890124851829,1.3185266379445537
2015-01-02,-1.0206744201098132,-0.3169161300076247,0.5816461827792128,1.367644353902775
2015-01-05,-1.0066911737516155,0.6330415723097575,1.2314984113064833,1.4053721773658492
2015-01-06,-0.9929809369263864,0.8805727609990878,1.4911425504783067,1.4090346485063296
2015-01-07,-0.9795313052193534,0.8732698700220572,0.7530161459597945,1.3014663683686183
2015-01-08,2.046667611033815,0.4271289373823549,-0.1255935102870936,1.205928817539835
2015-01-09,2.0013370729138193,1.0161307946651683,-0.06968383031086092,1.0841648583750734
2015-01-12,1.958426777147126,0.5993740786107707,-0.07605752204025565,1.0366381132973868
2015-01-13,1.9177270551112358,1.0639879616930734,-0.02001727245208213,1.0292063637499358
2015-01-14,1.8790533648193573,1.3144360906095154,-0.04833361417921976,0.807858715741159
2015-01-15,1.8422425603677715,2.541626363835035,0.5908136035799121,0.3645540025345355
2015-01-16,1.807149818189572,1.9598577593850555,1.0328941233688018,0.7041879579246206
2015-01-19,1.7736460876706646,1.9859734343348094,1.0809924572475185,0.6941711342322734
2015-01-20,1.741615963584273,2.0709223778101697,1.0395811729855984,0.791668105666111
2015-01-21,1.7109559002724588,2.3247979786185775,1.0015680194492527,0.7959566755355455
2015-01-22,1.681572704551488,2.086363528741787,0.49113982991325683,0.8687067029532511
2015-01-23,1.6533822573653136,2.3428736687081373,0.5836059479701374,0.7140110358444521
2015-01-26,1.626308424279283,2.178133932349188,0.3379410641401341,0.8032830492194915
2015-01-27,1.60028212273518,1.9162012672791964,0.5774606961732414,0.7198979778955483
2015-01-28,1.575240520121267,2.1968490589299665,1.03035686957149,0.5075568360839594
2015-01-29,1.551126341547685,1.6881317815216308,0.6018886904757319,0.7268048139147786
2015-01-30,1.527887270057254,2.1911137971718504,1.0919009770436732,0.360457679789588
2015-01-31,-0.9140281166039727,2.8171435265186298,0.7803957024624657,0.3509672456635453
2015-02-02,-0.8933299200984455,1.9228941637540444,0.29099418340537453,0.34468211534036153
2015-02-03,-0.8733002096060506,1.2560545490110617,-0.6439911012125696,0.4835884514213858
2015-02-04,-0.8538991549918425,1.1587173461485785,-0.49521794373879013,0.4691778510263412
2015-02-05,-0.8350898469528413,0.9350333918383231,-0.543245068538211,0.574520918622886
2015-02-06,-0.8168380179492308,-0.22041093406244408,-0.965892254051318,1.1485219791473902
2015-02-09,3.0,-0.4032876916099505,-0.8758277893039846,1.136633870791638
2015-02-10,3.0,-0.5290650160200795,-1.1797640440850388,1.1309799741101187
2015-02-11,2.9297528661849706,-0.834497080669036,-1.4046374530578376,1.15313937503907
2015-02-12,2.818427799077326,-1.0703223408127442,-1.711798530858278,0.9808131975418829
2015-02-13,2.717901775992466,-0.8730937479113333,-1.8287567595896463,0.9958428896710229
2015-02-16,2.626524737632907,-0.8072926879047632,-1.7725731516891898,0.9832628072607297
2015-02-17,2.5429817804287476,-1.0858114460436767,-1.8129917015511108,0.9733769957174936
2015-02-18,2.4662103990387134,-0.4730263803721779,-1.6725307869274855,0.7620298356312393
2015-02-19,2.3953414214581286,-0.5873424212277515,-1.5698148874140543,0.8071563382095738
2015-02-20,2.329656014736995,-0.8876306935671562,-1.8246352712009133,0.8593270082347946
2015-02-23,2.268553835768393,-0.4940798872621634,-1.624583537220405,0.783220210035218
2015-02-24,2.2115290654639543,-0.042774594776751135,-1.729978254845435,0.6206458661066827
2015-02-25,2.158152118846096,-0.5913355576613308,-1.785144226395206,0.8062760262356564
2015-02-26,2.1080555075262777,-0.6962049113554926,-1.8814229418995174,0.820260278341959
2015-02-27,2.060922784307316,-0.7760061518483232,-2.068452232180382,0.6833321137728028
2015-02-28,-0.9286348285306477,-2.2009035049748147,-1.7778340263242995,0.6746196417273216
2015-03-02,-0.9149731635646329,-1.1057024784203011,-1.9153501684091168,0.7657784152445992
2015-03-03,-0.9015547624393898,-1.009661209793399,-1.5175145003055286,0.7762233337621882
2015-03-04,-0.88836690835292,-0.833521914286911,-1.2425190425827226,0.6098274566446049
2015-03-05,-0.8753974226393064,-0.5423479632712779,-1.114446975008972,0.6188613543478637
2015-03-06,-0.862634620544106,-0.5769630335142628,-0.6616184939386832,0.8338903684097589
2015-03-09,1.4676745689644017,-0.2412128214744612,-0.5533222914319808,0.8432096370056406
2015-03-10,1.4464174075736047,-0.038201536357810116,0.01169169801963645,0.9144884207587256
2015-03-11,1.4258595458130516,-0.013440506109789923,-0.0702303478045917,0.8605052303821566
2015-03-12,1.4059662165516371,-0.04552392026242308,-0.2071645700498836,0.821237398821518
2015-03-13,1.3867053003932825,0.003920096666018069,0.030507151300566304,0.7804161885693297
2015-03-16,1.3680470829319515,0.17398780787897022,0.08588591239211767,0.8476571311889213
2015-03-17,1.3499640392305827,0.2694356770128357,0.4329489784682169,0.9323435101123214
2015-03-18,1.3324306420122978,0.8772378563353515,0.3303677072205374,0.4370336380561049
2015-03-19,1.3154231905667033,0.5112680803002329,0.1970500597516862,0.4933276721897953
2015-03-20,1.2989196578047564,0.9647752737059189,0.18149287565190395,0.32918028810497546
2015-03-23,1.2828995532576861,0.9216503808069503,0.1966875953702996,0.30266877237500406
2015-03-24,1.2673438001207373,0.7119747802879136,0.16902376315341056,0.16673333519671807
2015-03-25,1.2522346247008707,0.5762013201960361,0.39839255308312654,0.3024161250280268
2015-03-26,1.2375554568468605,0.5559840262579281,0.6114860390175925,0.342758904597844
2015-03-27,1.2232908401271085,0.6006311881005869,0.5437902533897562,0.24488907385757952
2015-03-30,1.209426350680061,0.6181394353264837,0.3510090575418538,0.26515244269724353
2015-03-31,-0.9972819720539617,1.1068285852710293,0.7736112745750158,0.07811219282933868
2015-04-01,-0.9843823048763621,1.3754249339421312,0.8162318754408949,-0.14687522209008744
2015-04-02,-0.9717290872732538,1.06671697995303,0.5610619448891105,-0.0711847866359569
2015-04-03,-0.959311125590712,1.0700949573550818,0.5192830980238344,-0.0748895178610641
2015-04-06,-0.9471177372144424,1.6820015359864118,0.5629460310379558,-0.5165578384073007
2015-04-07,-0.9351387132216834,1.3482422620888197,0.2424746729488869,-0.3489769072798465
2015-04-08,1.2044199982571515,1.0815253678170829,-0.25402592559900655,-0.16705334478370445
2015-04-09,1.186968420977738,0.7928722923069297,-0.37922602365494945,-0.07400262717790258
2015-04-10,1.1699335933329988,0.5810529602321427,-0.5073599067026667,0.04116833042446535
2015-04-13,1.1532976013977716,0.694437134435458,-0.4253419327953514,-0.14818144783976808
2015-04-14,1.1370436332594984,0.724718136511427,-0.5003773807923124,-0.26332052698673303
2015-04-15,1.1211558944417204,0.990353257640625,-0.8301140320556556,-0.4751970512397931
2015-04-16,1.1056195311938637,0.4020402895974504,-1.031831188429306,-0.5853566585386222
2015-04-17,1.0904205607975996,0.6105134388749826,-0.505977564173903,-0.5328432440489981
2015-04-20,1.075545808144453,0.3178073560504602,-0.74462830614198,-0.32864430964564423
2015-04-21,1.060982847929256,0.2671731630242189,-0.8243937839591461,-0.3062079538591088
2015-04-22,1.0467199518820343,-0.1629768662273602,-0.9543324560555779,-0.11489997045610853
2015-04-23,1.0327460405284163,0.2911968341866422,-0.8416861367632675,-0.49603895390743175
2015-04-24,1.019050639027412,0.5550401859763703,-0.8031666642537071,-0.7009545409931071
2015-04-27,1.0056238366865786,0.23408108006998748,-0.7350790797443383,-0.5761855417629048
2015-04-28,0.9924562497993235,-0.15503989565779477,-0.8329033364242625,-0.27366316743805913
2015-04-29,0.9795389874881807,-0.4731679732595039,-0.8414054770746469,-0.2791906496432748
2015-04-30,-1.1106489419008363,-0.7153116121688623,-0.624585321184085,-0.26866193650389797
2015-05-01,-1.0984473974760776,-0.8859962243233782,-0.9314789085992001,-0.05856592762597596
2015-05-04,-1.086516437379761,-0.9401879317291272,-0.9407534924411375,-0.021363218257915574
2015-05-05,-1.074845636392537,-1.350199674336876,-0.7374760049655118,0.047690357132719
2015-05-06,-1.063425105448497,-1.2031888024228432,-0.40623452960481066,0.12362825178853942
2015-05-07,-1.0522454560450907,-0.9947665444798877,-0.20398869563540073,0.18979745800046743
2015-05-08,0.8624483160660468,-0.3680156534106446,-0.4814405861653019,-0.14986279659815827
2015-05-11,0.851988545288948,-0.7760541358176422,-0.4522698285958695,0.06811356790797204
2015-05-12,0.8416931819548741,-0.8099849963283098,-0.22190556588476526,-0.025570418946016204
2015-05-13,0.8315577631146039,-0.7783874923153651,-0.38025564353662594,-0.24439926469317352
2015-05-14,0.8215780265946442,-0.5777940698930307,-0.4292402723080954,-0.4530530248426846
2015-05-15,0.8117499008086833,-0.35768256604508786,-0.48126493758672495,-0.42215398122962167
2015-05-18,0.8020694952389726,-0.7105110022590236,-0.6541161223943444,-0.1504084374719282
2015-05-19,0.7925330915377534,-0.8668503806376799,-0.5680967129724422,0.096487868238651
2015-05-20,0.7831371352032253,-0.6008247649272545,-0.4332096938579837,-0.10864829704357191
2015-05-21,0.7738782277884042,-0.2792712727563308,-0.4222885134724591,-0.12290440449192684
2015-05-22,0.7647531196047755,-0.8523679390200022,-0.5437309275132081,0.12984921701509844
2015-05-25,0.7557587028857816,-1.0104968982559828,-0.5611330960374106,0.1263826089409563
2015-05-26,0.7468920053781491,-0.679553086897334,-0.14860726575330147,0.261322240672294
2015-05-27,0.7381501843316374,-0.6322932256061286,-0.2716899500684888,0.5287874398938552
2015-05-28,0.7295305208602507,-0.3742822593769359,-0.2419526835035265,0.39026230701636455
2015-05-29,0.7210304146500126,-0.04642743942297584,-0.2436038855825288,0.1785665799137611
2015-05-31,-1.1255974509455546,-0.17111132800379733,0.020906549416696993,0.1745010427634644
2015-06-01,-1.112023342394006,-0.29953914382968316,-0.046328284658580424,0.4436944695861001
2015-06-02,-1.0987814395866171,-0.37553993368762445,-0.0024658615811503685,0.3981639573829993
2015-06-03,-1.0858576174015617,-0.45914570903304674,-0.2072396914284841,0.48039816322038204
2015-06-04,-1.0732385435651166,-0.3081373604655226,0.07638162660040632,0.4301418841445717
2015-06-05,-1.0609116214690426,-1.2490669962879868,0.03965134046306054,0.5406216148501017
2015-06-08,1.1787714654961645,-0.785214208461957,0.5100872748128256,0.4481887883020308
2015-06-09,1.1609985706659172,-1.1450511183430496,0.23638493686993647,0.4771334636206829
2015-06-10,1.143641666592477,-1.417051987583145,0.0059923444308397555,0.49274512232002365
2015-06-11,1.126682770582828,-1.3709459523374012,-0.032245640337677135,0.5732944894498577
2015-06-12,1.1101050020074703,-1.5553879137385958,0.0770701504047027,0.5876259845912195
2015-06-15,1.0938924977207107,-1.2711088377468946,0.6698261933143151,0.4967807229541053
2015-06-16,1.0780303353376963,-0.7925829493823472,0.7759894080186686,0.3843419681835077
2015-06-17,1.062504463520108,-0.7071814655497509,0.6253197586186963,0.06290288397901794
2015-06-18,1.04730163852624,-0.7768657017191416,0.2369598132260354,-0.012919462482120812
2015-06-19,1.032409366371252,-0.3308443874170773,0.5067692483183406,-0.01731469964310782
2015-06-22,1.017815850020884,-0.6838499280160595,0.03699641542450498,0.1841094322507756
2015-06-23,1.0035099411094937,-0.8379912769407102,-0.16544558066731443,0.2552642324709319
2015-06-24,0.9894810957317797,-0.6772617532108061,0.19994664734834144,0.3469405977841761
2015-06-25,0.9757193339087215,-0.8825461517817412,0.3043888850017909,0.3547491651241761
2015-06-26,0.9622152023728223,-1.3648114133093012,0.20837802662320398,0.3707169223126488
2015-06-29,0.9489597403568207,-0.6697343988124022,1.5176057352602002,0.0687567782827287
2015-06-30,-1.2331971727787823,-0.41857475739275757,1.740182536500764,0.055288502922886534
2015-07-01,-1.2183216267015877,-0.8674243313280651,1.141395856626523,0.3736845684377416
2015-07-02,-1.2038292967688344,-0.1582449654327721,1.3868425128162707,-0.11464300814581016
2015-07-03,-1.1897034813299099,-0.2514401048422198,1.1356822405758495,-0.11686276911936139
2015-07-06,-1.175928465718692,0.5440800386791386,1.5308297499292347,-0.29036141296444007
2015-07-07,-1.1624894479787387,0.5184828860280951,1.3768766372403531,-0.3095629022874586
2015-07-08,0.8841943638983147,1.0855439476071487,2.01172224737435,-0.5497732914349194
2015-07-09,0.8727412343532597,0.6506206586371659,1.9290076425354168,-0.3216357084314808
2015-07-10,0.8592597716791195,-0.08135354260782687,1.0250499424581296,0.1060243786308828
2015-07-13,0.8459870167571721,-0.2862940862705845,0.41682873808338156,0.3428654627576681
2015-07-14,0.8329156953325384,-0.1597604998588075,0.16472039238259856,0.12121151534641597
2015-07-15,0.8200388738457273,-0.10697492460411794,-0.021661880945349907,0.07299565884338212
2015-07-16,0.8073499391768317,-0.551298845222864,-0.23335542619569652,0.3689541438077922
2015-07-17,0.7948425798537432,-0.6866802824024179,-0.048691669568949186,0.5045555235255994
2015-07-20,0.7825107686009036,-1.0867309449184162,-0.020901877314315507,0.7070302686248497
2015-07-21,0.7703487461168768,-0.5645512107588991,0.4685243813815887,0.6043050868217974
2015-07-22,0.7583510059797957,-0.5980560808388555,0.6825011459205952,0.7591027148614632
2015-07-23,0.7465122805890608,-0.433212542884119,0.7876776972690467,0.7894277151551541
2015-07-24,0.7348275280602433,-0.2008900182392236,1.1993512000912363,0.7344766473133084
2015-07-27,0.7232919199976943,0.34035667001836656,1.9249124123121761,0.6079095376727619
2015-07-28,0.7119008300762526,-0.3890559310035816,0.819379437489082,0.6930836334089404
2015-07-29,0.7006498233694439,-0.5226534035553079,0.1871036339845449,0.7903383596536236
2015-07-30,0.6895346463672627,-0.33991305273654365,0.23955981394700962,0.9357451687045697
2015-07-31,-1.2230287275269487,-0.11019452375051715,0.40029878416395687,0.6397120371867451
2015-08-03,-1.2083206347063757,0.013280009348867009,0.6836487405828678,0.7930039149072892
2015-08-04,-1.1940477597741148,-0.9689962228884045,0.28161932814575064,1.0490700566172753
2015-08-05,-1.1801894947719884,-1.174151786020335,-0.23325419942328457,0.9553785210631368
2015-08-06,-1.1667265551136135,-1.0976905149740128,0.05929645029897938,0.8946300028903225
2015-08-07,-1.1536408732849446,-0.7581109267293363,0.5197629044683906,1.0720199359610276
2015-08-10,1.3692299003595563,-0.4911026038863965,0.6236310636223175,0.9646673741260359
2015-08-11,1.3436693618011186,0.2857175535604385,1.349007766553986,0.8078054009839669
2015-08-12,1.3188700732270497,0.011125228921805059,1.5646795283109582,0.7402277810550928
2015-08-13,1.2947894798477264,-0.45897127665947657,1.2366291175583577,0.9689083118344529
2015-08-14,1.2713882919020483,-0.34052778980180065,0.8248320133140464,1.0066021923901185
2015-08-17,1.2486301684535197,-0.07431420171658197,0.8950857819474024,0.967230974839456
2015-08-18,1.2264814379294293,-0.0039032706103565677,0.9477941351915066,0.991796621028144
2015-08-19,1.2049108504559218,0.4730990390508083,1.2356659735210835,0.6655268606552999
2015-08-20,1.1838893577953222,0.7499557156702388,1.8126364714603806,0.7363336607220167
2015-08-21,1.163389917318098,0.9298436464105581,3.0,0.4481749728224401
2015-08-24,1.1433873169638797,1.2817194338833728,3.0,0.11398055571451111
2015-08-25,1.1238580185831937,0.4592553087756212,2.6911067565520783,0.2807717651227822
2015-08-26,1.1047800174187614,0.058801829681558324,2.7185651719998307,0.7107512071943313
2015-08-27,1.0861327157950666,0.322040223456468,2.0991990847095376,0.733541078869616
2015-08-28,1.0678968093469012,0.29676852940235326,2.0209324503116473,0.8976938139544227
2015-08-31,-1.3796702889276866,-0.27173267692623343,2.053986208859677,0.9067944935008454
2015-09-01,-1.3617244130290285,0.004936579148525058,2.230141860191504,0.8597004106023255
2015-09-02,-1.344310957522784,0.5591629961642252,1.6064056426860358,0.8558132742707735
2015-09-03,-1.3274039076494468,0.7133762718542529,1.6823572721727054,0.7907099528416438
2015-09-04,-1.3109789971702734,0.5499169972452921,1.79113340669077,0.9398670581106511
2015-09-07,-1.2950135598860237,0.7085138425952683,1.5346834422119566,0.927767870185948
2015-09-08,0.6843245674044498,0.32370618915249166,0.9878378289523247,0.9858452306505694
2015-09-09,0.6741647430185465,-0.08548412351731502,0.7508738631888862,0.9893078624987898
2015-09-10,0.6693468004818425,-0.2449409673798187,0.2684957855160071,0.8667052638344345
2015-09-11,0.6646582841576607,0.39265290156182303,0.4379572954081488,0.6898694954025384
2015-09-14,0.6600996402761221,0.31636497885260745,0.8270775981761672,0.8571252079122992
2015-09-15,0.6556714276963044,-0.6170823283182305,0.3415313377930089,0.997857968374959
2015-09-16,0.6513743194611767,-0.7237967660983707,0.32208768593429443,0.9954051850824863
2015-09-17,0.6472091046050762,0.13626349283421402,0.29301681460498674,0.4352895526194202
2015-09-18,0.6431766902211944,0.3411791722822473,0.4728486749871641,0.5136405130528646
2015-09-21,0.6392781037975983,-0.40215749439639337,-0.0722969821296618,0.6377697565434166
2015-09-22,0.6355144958315703,-0.2864264311956046,0.0848687568842889,0.49661846467323334
2015-09-23,0.631887142733209,-0.09953131836317897,0.5107876688994718,0.6544416909391462
2015-09-24,0.6283974500306038,0.41073875358547135,0.9681677814405749,0.6017487503826449
2015-09-25,0.625046955890312,0.32247944232595427,1.208025070282217,0.6483609372921803
2015-09-28,0.6218373349682829,1.025979466904911,2.4452191276879964,0.6105772514194614
2015-09-29,0.6187704026080754,1.376665485751401,2.520927792270675,0.45293224844116
2015-09-30,-1.4326169026976328,1.2427727177060353,2.067432676901317,0.2383545030942522
2015-10-01,-1.4105234535948847,0.998589532799477,1.9659315826167074,0.3162192190121544
2015-10-02,-1.3890580802067052,1.4469913192517712,2.058060331410994,-0.29813824153041857
2015-10-05,-1.368184392497877,1.1115300337341187,1.4218041667384411,-0.15943239239782755
2015-10-06,-1.34786849842253,1.3166746316332314,1.2101534574729957,-0.2571451828478842
2015-10-07,-1.3280787641171756,1.4055720043849567,0.905939038635852,-0.05482278802984492
2015-10-08,0.5704136986340677,1.2953133410255107,0.7647721692298575,-0.07012519317519474
2015-10-09,0.5687808118380309,1.1590502976402102,0.5080737185796597,0.056189870101367785
2015-10-12,0.5630521176320041,0.8696138940009723,0.3266320965944327,0.05167153670176893
2015-10-13,0.5574128636818828,1.3404801136448299,0.6922945942113312,-0.059310547459095274
2015-10-14,0.5518626370020859,2.589057361671603,0.9885550144423588,-0.5868163235980103
2015-10-15,0.5464010834800591,2.152552050677212,0.5689545142960615,-0.225413739786899
2015-10-16,0.5410279075105842,1.044928462276934,0.09194080987692659,-0.11204076538844351
2015-10-19,0.5357428717247521,1.0933770585335014,-0.11336402214596013,-0.2326178493292651
2015-10-20,0.5305457968127933,0.8787660234671696,-0.1463189369812725,0.10784103050656771
2015-10-21,0.5254365614402686,0.7458574836553592,-0.39061390036497445,0.11596009487910611
2015-10-22,0.5204151022574535,1.0146088493735848,-0.6061509448960859,-0.15331435116163716
2015-10-23,0.515481414001964,0.4272144143452321,-1.1215980767312868,0.17589429632617146
2015-10-26,0.5106355496950565,0.6598287054797272,-0.9756319272288849,0.2027061558105484
2015-10-27,0.5058776209322253,0.6579195596725342,-1.4126348112265206,0.04611234661755164
2015-10-28,0.5012077982690948,-0.4070023865603178,-1.9038100785757681,0.8112742920782073
2015-10-29,0.49662631170385463,-0.915847547455219,-2.000618368469583,0.8470805292706804
2015-10-30,0.49213345125783065,-0.683850523136704,-2.0018487358808117,0.8563538401151136
2015-10-31,-1.3464049713157766,-2.4680628123727693,-2.1808114918293096,0.8452689124415772
2015-11-02,-1.3267177753915382,-1.185207918808284,-1.9836483696532887,1.0009010470285005
2015-11-03,-1.3075953076573785,-1.3615701101567839,-1.8479920773217833,0.9077083473037229
2015-11-04,-1.2890077595180152,-1.6249322443928393,-1.4502210788256424,1.0793730331142173
2015-11-05,-1.2709273409244086,-1.5875127865482712,-1.2720314601170737,1.1324130383353208
2015-11-06,-1.2533281018384015,-2.1955100207834604,-1.0957178115227173,1.0985980302355725
2015-11-09,1.0774700313364496,-2.1222914942796782,-0.6467944059659313,1.0301902557173817
2015-11-10,1.061376451994465,-1.9807206724460589,-0.8291647456625132,1.0012209817452746
2015-11-11,1.045626949050788,-2.1716991218379045,-0.8502492395079002,0.9883829307136335
2015-11-12,1.0302080645719887,-2.1020920116847712,-0.3210049863307222,1.0411630073968958
2015-11-13,1.0151071098482543,-1.5980835969302614,0.188839170968486,1.0076921285532652
2015-11-16,1.0003121111316768,-1.7997519920865948,0.06801676675982077,1.041073522068068
2015-11-17,0.9858117600451111,-1.5525106609988915,0.16207179156581022,1.0199443580000147
2015-11-18,0.9715953681947175,-1.743936693824922,-0.06846036492829732,1.0715425210610392
2015-11-19,0.9576528255724027,-1.9305382157373527,0.032182661835466135,1.136191833979697
2015-11-20,0.9439745623809168,-1.7055105960409345,0.14290606748212653,1.133005950834679
2015-11-23,0.9305515139547151,-1.603665612990524,0.15903625970175564,1.1458736907228184
2015-11-24,0.9173750884855032,-1.660769529826594,0.17686831780015888,1.116331098006793
2015-11-25,0.9044371372924661,-1.2108921528331809,0.1909698147331483,1.152588399248429
2015-11-26,0.8917299274047332,-1.0321868120553988,0.32689872121418406,1.1355215807622312
2015-11-27,0.8792461162479278,-0.925781698254615,0.35004777496097256,1.0683455622320799
2015-11-30,-1.444574839290152,-0.9587286891578505,0.4673645153192772,1.149024895796689
2015-12-01,-1.4245127797842216,-0.5647845962615713,0.39233332912335206,1.090734343407723
2015-12-02,-1.4050678480265275,-0.7404658351113024,0.554898240842426,1.2046515802117486
2015-12-03,-1.3862078377709117,-0.8987900518829688,0.8491257813982539,0.9894987078471651
2015-12-04,-1.3679028304916356,-0.5921809743601701,0.40712548762084255,1.0415061828236993
2015-12-07,-1.3501249891572311,-0.05839301745314176,0.7374241509072964,1.0673050915449147
2015-12-08,0.690874035107511,-0.0725835588906174,0.9768482135397111,1.08578094408168
2015-12-09,0.6820670573193596,-0.050748603969596164,1.1898964038828477,1.054392150493811
2015-12-10,0.6711332434645513,-0.25052801682847764,1.1244351930227838,1.1242442542946283
2015-12-11,0.6603295455526873,0.44592579004087757,2.1735270406664564,1.030239787938088
2015-12-14,0.649652223249353,-0.31548616630906345,2.1184004720155136,1.1252774947583277
2015-12-15,0.6390976841859994,-0.5681323430051312,1.4080154653766803,1.067125637358513
2015-12-16,2.5814151725965466,-0.9654859287105326,0.9953331501681683,1.088513491526566
2015-12-17,2.505748117354838,-0.5680861821992099,1.1406302865695288,1.1768144506713614
2015-12-18,2.4358373867589966,-0.313138469586852,1.505478363857454,1.0823910442166709
2015-12-21,2.3709770139556374,-0.08819510748844797,1.2653942566486842,1.0843682882541996
2015-12-22,2.3105768926412638,-0.39977316301303617,0.7927758519211838,1.0846308907637952
2015-12-23,2.2541394038784173,-0.399686375274815,0.4015925690333637,1.0331832404103043
2015-12-24,2.2012415610744145,-0.5532577641607267,0.48267659375581307,1.0944136152903798
2015-12-25,2.1515211964583107,-0.6127803439145286,0.47718860412397573,1.078152428369118
2015-12-28,2.104666150390099,-0.7087995444502693,0.6265693591320861,1.0977213514831585
2015-12-29,2.0604057211791407,-1.2875041566806102,0.30642544194315385,1.1297428385530692
2015-12-30,2.0185038371080433,-1.4283731475872155,0.4310416329553484,1.088302003335258
2015-12-31,-0.526210601570093,-0.9610380171672932,0.6369660548819918,1.0101727479819367
2016-01-01,-0.5194664279922714,-0.8357213169943851,0.6640738387017814,0.9952109780279937
2016-01-04,-0.5128146504762291,-0.7492729757168618,1.120827953575408,0.9818527349517953
2016-01-05,-0.5062529458784132,-0.6406268010870392,0.5959059738668389,0.9354530624374753
2016-01-06,-0.49977907470629995,-0.22072058656022184,0.6407540397756996,0.9184141483572656
2016-01-07,-0.49339087728859854,-0.040308095718916644,1.2607055533856029,0.8461699695437209
2016-01-08,2.035978296224316,0.21805391635170773,1.478552675526913,0.8021756570244944
2016-01-11,1.9953412577132197,-0.31032102318284116,0.6222243421226794,0.7289120565763333
2016-01-12,1.9355471544937028,0.3380133968844208,0.1285639786548032,0.7888974505903764
2016-01-13,1.8768108416357774,0.6493867442101694,1.0599569380298561,0.6885275032213493
2016-01-14,1.8213365452597694,0.9140856096788471,1.1965928787027496,0.6201373336920707
2016-01-15,1.7688101491996178,1.186498660936606,2.0048370818442316,0.6389072976577039
2016-01-18,1.718958522307436,0.9422921578199502,1.668025037868438,0.6283093336072163
2016-01-19,1.6715428629840292,0.7174801865597694,1.4136327449892068,0.6055059591034349
2016-01-20,1.6263533216796133,1.3907785850804637,2.3235155225055073,0.6040226672584441
2016-01-21,1.5832046207717108,1.2927322013174207,2.0943920546053127,0.5784450948879573
2016-01-22,1.5419324600443418,1.0168390524107214,1.177005835574492,0.6120601632402998
2016-01-25,1.5023905462777554,1.238903299711465,1.3260283149392067,0.6148876560296451
2016-01-26,1.4644481226195531,1.5589232201390553,1.0652095663232148,0.4871813290129698
2016-01-27,1.4279879011612178,2.047884154872161,1.2093395686031747,0.4067433542345067
2016-01-28,1.3929043230750262,2.0825361761971672,1.0865053738411607,0.2808353037340071
2016-01-29,1.3591020865975492,2.2866801571719706,0.8151973783118976,0.15786605861036382
2016-01-31,-1.0067254821354872,3.0,0.8515141764304386,0.15001945521413337
2016-02-01,-1.000505679170929,1.8242096424237786,0.6168644631780973,0.21424644667287956
2016-02-02,-0.9943751946965126,2.242399001608828,1.2278699315183974,-0.013770789867077943
2016-02-03,-0.9883319080961137,2.0839077052318555,1.127251227788208,-0.14841312016025857
2016-02-04,-0.9823737707237196,2.049077663689168,0.9340175206946166,-0.23132043655364293
2016-02-05,-0.9765530737968926,1.7851624236159054,1.21086127248266,0.07751669125059837
2016-02-08,-0.04858860382227522,2.1611592871394363,1.9579988226763796,-0.17602986200652376
2016-02-09,-0.05282365181757787,1.9759671726312305,2.018360291863984,0.10932737357519026
2016-02-10,-0.05703794938225603,1.8238551700074666,1.6404138051248036,0.15121168686694056
2016-02-11,-0.061231658272065344,1.9060522295349556,2.1667613888507407,-0.24665968870480545
2016-02-12,-0.06540493662266544,1.2489477831714635,1.065330842341475,0.15153969440989556
2016-02-15,-0.06955793903899439,1.2292533790331175,0.9652842197147273,0.14173667318685618
2016-02-16,-0.07369081668250127,1.2272413955354915,0.6494623016990289,0.18841141149720064
2016-02-17,-0.07780371735632428,0.876431195357969,-0.45426549656911847,0.30255046562466875
2016-02-18,-0.0818967855884779,1.1938072056917879,-0.3769895849598757,-0.014025311062915616
2016-02-19,-0.08597016271308534,1.115424547136769,-0.024149433750327978,0.3535595253082329
2016-02-22,-0.09002398694974367,1.0114877614923272,-0.32164341337291585,0.29917979480428214
2016-02-23,-0.09405839348106122,1.0674038121951754,-0.10823719492631041,0.14593810520101064
2016-02-24,-0.09807351452842343,0.9311479503650858,0.04182493623086829,0.12551108607115002
2016-02-25,-0.10206947942604408,1.073644848712479,-0.21971803687228955,-0.22100426210482094
2016-02-26,-0.10604641469334881,0.38480681643974507,-0.5487979457907881,0.1465392672173607
2016-02-29,-1.1148817366331474,0.48291476330991384,-0.5872060176212999,0.018571756103259375
2016-03-01,-1.1063337642331992,0.25875320161873716,-1.3482985402063268,0.17105121054014985
2016-03-02,-1.0979390298155993,-0.1978307913557963,-1.887208290333989,0.07738719142062328
2016-03-03,-1.0896930076846927,-0.19292212103132372,-1.9997532327895062,0.022635554371565537
2016-03-04,-1.08159136141625,-0.48664123482288957,-2.2110775404636156,0.13752101784578297
2016-03-07,-1.0736299337748947,-0.6259415710350954,-2.2603249101525944,0.3291399198828958
2016-03-08,-0.48018397359356507,-0.5609863182949609,-2.448949810516847,0.17913623364935993
2016-03-09,-0.4799734791004458,-0.7323547198356731,-2.4310757523772937,0.21081465962001344
2016-03-10,-0.4797660739600066,-0.9106261902965015,-2.3931521336902986,0.4244230849016201
2016-03-11,-0.47956175476831875,-1.1870562305410723,-2.4699424707757602,0.40256585531980793
2016-03-14,-0.47936051813100244,-0.7965141723276874,-2.3658162608187157,0.5246955469149786
2016-03-15,-0.47916236066338386,-0.8680665324103229,-2.312714145896765,0.6144630597393826
2016-03-16,-0.4789672789906114,-0.3029395937146683,-2.3701212790756636,-0.24265067723427627
2016-03-17,-0.478775269747815,-0.1698856397687295,-2.2137153767123636,-0.2544441340902686
2016-03-18,-0.4785863295802176,-0.17463405933827936,-2.250634146744944,-0.5209480149084764
2016-03-21,-0.47840045514327206,-0.19179612300485158,-2.313710449755686,-0.4077121729119792
2016-03-22,-0.47821764310277115,-0.29809280278977274,-2.036899327472191,-0.23120714078571372
2016-03-23,-0.4780378901349677,-0.08140646742486259,-1.835499210111466,-0.2851731149030567
2016-03-24,-0.47786119292668255,-0.11984178298261987,-1.7430752141601726,-0.17976616324702382
2016-03-25,-0.4776875481754165,-0.193483807284193,-1.6221925178763128,-0.18719160337599455
2016-03-28,-0.4775169525894388,0.20465355726940745,-1.2356748252223861,-0.18590356980933345
2016-03-29,-0.4773494028878973,0.5640804383826105,-1.146802225463528,-0.7870123955613089
2016-03-30,-0.477184895800899,1.0001781063916848,-0.9858382724406954,-1.1724732159120437
2016-03-31,-1.0664103713617152,1.2154642327944511,-0.7843129172939282,-1.4177720358475885
2016-04-01,-1.0584454670553143,1.1438722567838784,-0.8190658348055286,-1.2777647745105865
2016-04-04,-1.0506150059479125,1.1352315637037695,-0.5575519419645638,-1.1591567599793822
2016-04-05,-1.0429152324820385,1.4263044828501896,-0.302908957876143,-1.2266591408907226
2016-04-06,-1.0353425398730582,1.102741607102185,-0.6047799792905205,-1.0540456585078872
2016-04-07,-1.027893462591275,1.5082743376848868,-0.3713478692238756,-1.5060709762208468
2016-04-08,-0.3804794279497536,1.5269105904033815,-0.4068146975616135,-1.473018709990567
2016-04-11,-0.38120343026865017,1.591175877874585,-0.14290037273276138,-1.3669601036279804
2016-04-12,-0.38192573129237656,1.286205777708377,-0.31037074581628216,-0.8633626087230981
2016-04-13,-0.3826463530955265,1.2276729902516994,-0.6512571125369343,-0.8560621783473787
2016-04-14,-0.38336531762899856,0.6322049882819306,-0.8644958052901707,-0.7113884760253631
2016-04-15,-0.38408264672066306,0.8460867529711967,-0.7274221094053961,-0.9159853722860427
2016-04-18,-0.38479836207604595,0.5983572417161209,-0.6357170242403649,-0.8393662737892039
2016-04-19,-0.3855124852789929,0.6872555985747533,-0.7406439062659763,-0.8181409869299607
2016-04-20,-0.3862250377923319,0.4858002427963734,-0.921272798726843,-0.7362080920940045
2016-04-21,-0.38693604095853634,0.22203081261087393,-0.9757407910788944,-0.8068094528420752
2016-04-22,-0.38764551600037017,0.1862491726062922,-1.1665719539624988,-0.756878955276534
2016-04-25,-0.38835348402153286,0.09743350696003299,-1.05095973496856,-0.7335094700641552
2016-04-26,-0.38905996600730447,-0.14535016649704516,-1.1680095237440684,-0.5442810127808629
2016-04-27,-0.38976498282517924,-0.208753354646052,-1.325723547733695,-0.8445118614626759
2016-04-28,-0.3904685552254938,-0.073277889579284,-1.1366331971386205,-1.2541604807881022
2016-04-29,-0.3911707038420551,-0.30536272340985304,-1.0528206272448093,-1.2379138140134633
2016-04-30,-1.1081258762420623,-0.7780557544868375,-1.0694364730047616,-1.2314333631442338
2016-05-02,-1.0992713200084614,-0.3729105473869414,-1.1710968905792996,-1.0706776077367581
2016-05-03,-1.0905762927925977,-0.19692247583225653,-1.0304332915693253,-1.1998738146964931
2016-05-04,-1.0820360135830738,-0.061516398950559846,-0.8160589429878105,-1.2811431557811253
2016-05-05,-1.0736459040333424,-0.16990255266718596,-0.8591140031498767,-1.4939537940761916
2016-05-06,-1.0656717266554787,-0.29975267316385984,-0.81578782490945,-1.2686139002749937
2016-05-09,-0.8048927088637129,-0.11344809839617291,-0.7434488809907963,-1.557254392404885
2016-05-10,-0.8015216445246466,-0.04955114054407039,-0.7590781047781165,-1.4782662056112659
2016-05-11,-0.7981907264616991,0.10869024442339463,-0.5639468137248016,-1.333403400742458
2016-05-12,-0.7948993309329985,-0.03788511538970718,-0.5151178188133041,-1.0257957112780793
2016-05-13,-0.7916468491687468,-0.01849790484358529,-0.4275174573119812,-1.0079055496395424
2016-05-16,-0.7884326869146525,-0.2595566019348162,-0.5659764744838583,-0.7875760669820903
2016-05-17,-0.7852562639923403,-0.4783012920101674,-0.36438612933435566,-0.6175437987654907
2016-05-18,-0.7821170138760198,-0.8124017350980475,-0.2785561886064509,-0.04149634512396539
2016-05-19,-0.7790143832846872,-0.5588913991077862,-0.09142996165687403,-0.08689630565083492
2016-05-20,-0.7759478317892281,-0.46001565128033217,-0.2624966794696713,-0.0927339683631848
2016-05-23,-0.7729168314337138,-0.498183942306718,-0.24688147291348778,0.04989021331977864
2016-05-24,-0.7699208663703708,-0.47421811266537,-0.39122095479248936,0.058802474435264936
2016-05-25,-0.7669594325075774,-0.6393039864395047,-0.5180670439135968,0.04421123857136136
2016-05-26,-0.7640320371703746,-0.4641989277039306,-0.4534430516049841,-0.2626851275583178
2016-05-27,-0.7611381987729545,-0.5778651402629839,-0.5306184898522915,0.0002803561427777235
2016-05-30,-0.7582774465026482,-0.5767438828270425,-0.495867144872159,-0.007506333277011633
2016-05-31,-1.046863280709849,-0.39125792031614,-0.45854781636600733,-0.07455029809582381
2016-06-01,-1.039439143049035,-0.69776163017865,-0.5705567144910845,0.09361929195574815
2016-06-02,-1.032136670550031,-0.6186068920554868,-0.7134587722281855,-0.022102119498015736
2016-06-03,-1.0249526204620094,0.017085164531778,-0.6592653002294346,-0.7290634935707332
2016-06-06,-1.0178838734840785,0.029994114228591107,-0.7964989639858298,-0.7508960663879335
2016-06-07,-1.0109274277732205,-0.0061046823361714814,-0.8902197406599215,-0.9658563996617091
2016-06-08,-1.0772690341810713,0.1554333021328986,-0.9104758793233245,-1.066146930403054
2016-06-09,-1.0696547505207115,0.26417314853142443,-0.7445111350921133,-1.0771696239842705
2016-06-10,-1.0621732860827318,0.6860835888752065,-0.34689711183341676,-1.3253523489494365
2016-06-13,-1.0548210205136594,0.6900442196330616,0.065448508533929,-1.3917605539589575
2016-06-14,-1.0475944758539648,0.8471584988214471,0.269450504112522,-1.2707173040375566
2016-06-15,-1.040490309412891,1.280743777736643,0.2667303309042336,-1.9013574553121966
2016-06-16,-1.0335053070751599,1.6294179776198947,0.45414766361407016,-1.6057619484461125
2016-06-17,-1.026636377008947,1.4128351082200943,0.19267683445903336,-1.498529530479264
2016-06-20,-1.019880543746943,0.9293311951452083,-0.06128159658966449,-0.947681177697504
2016-06-21,-1.0132349426146432,0.8842371086230388,-0.039206770056383365,-0.633051641210271
2016-06-22,-1.0066968144820356,1.0331266338199363,0.2637240812066056,-0.7804345566459504
2016-06-23,-1.000263500816661,0.7293127688279687,-0.1601593214104898,-0.7113681806043626
2016-06-24,-0.9939324390178607,1.4424136396501448,1.172760234412108,-2.0315448052977514
2016-06-27,-0.9877011580134589,1.9708448709490296,1.2424818245353924,-2.068275512928512
2016-06-28,-0.9815672741015875,1.8095567210790757,0.6434237775693665,-2.0429176113412226
2016-06-29,-0.9755284870217148,1.513862619208174,0.3126746836566419,-1.8981995224087749
2016-06-30,-0.8683815771854985,1.7749618924642243,0.1114829132893456,-2.413109689591685
2016-07-01,-0.8636277599800888,1.6071952463863326,-0.06366926424034257,-2.3582594497372105
2016-07-04,-0.8589345792794829,1.0675904479361424,-0.1660498893922702,-2.304082236159629
2016-07-05,-0.8543008654255803,1.4319071021699712,0.06349284766836176,-2.492551783680372
2016-07-06,-0.8497254822374484,1.2233217862090877,0.07106461064070564,-2.21664859255732
2016-07-07,-0.8452073257918205,1.1230549570129607,0.027614222068810444,-2.0652033156845535
2016-07-08,-0.8225727595319183,1.086488931816211,-0.3374885299458096,-1.8357957803792757
2016-07-11,-0.819164666880792,0.4986836806725734,-0.6981119151479775,-1.4027977862316643
2016-07-12,-0.8158010901039404,0.15121428588704322,-1.0281973486678306,-1.1874028224011284
2016-07-13,-0.8124813532301128,0.312874023375653,-1.0676991307516783,-1.2970072220632571
2016-07-14,-0.8092047974417241,-0.035453584331806814,-1.226744802984941,-1.2802009608170792
2016-07-15,-0.8059707805431007,-0.06313396390060098,-1.4069804218667494,-1.1827556007531501
2016-07-18,-0.8027786764491707,0.018574122061068947,-1.2609119429276558,-0.987951358188563
2016-07-19,-0.7996278746936478,0.31168333776412654,-1.0408472690053,-0.9369460715963924
2016-07-20,-0.7965177799558901,0.2610385943254758,-1.1061409453753197,-0.7141066829364976
2016-07-21,-0.793447811605558,0.41211486405195336,-0.9417799771638196,-1.055015107226241
2016-07-22,-0.7904174032643345,0.49070250204906285,-0.877846123826344,-0.7073346333920071
2016-07-25,-0.7874260023839298,-0.4906066291234755,-1.3527501381226803,-0.328016394580301
2016-07-26,-0.7844730698396734,-0.8038591933430544,-1.5137461074220966,-0.12367672506051999
2016-07-27,-0.7815580795390443,-0.4364051773177043,-1.3422273787053196,-0.4079572401187396
2016-07-28,-0.7786805180444643,-0.23785525762999604,-1.0560142359287037,-0.5999550687759064
2016-07-29,-0.7758398842097787,-0.17839220830897393,-0.9929863704745591,-1.1754943619608986
2016-07-31,-0.8222579375826735,-1.1154494840135525,-0.7926582165797887,-1.1702461212697979
2016-08-01,-0.8185738819378362,-0.34621876553722064,-0.7300679838670338,-0.7434167465479179
2016-08-02,-0.8149335155821974,-0.5790180385181737,-0.632789109104779,-0.791281165528433
2016-08-03,-0.8113361451444386,-0.4196283360188459,-0.6667770196956664,-0.9296935142897466
2016-08-04,-0.8077810948099607,-0.16606517020849149,-0.6481536284847059,-1.3189928671893676
2016-08-05,-0.8042677057697704,-0.7116013992614646,-0.8016126243057972,-0.46007650150471163
2016-08-08,-1.1200161501814119,-0.557396486376389,-0.5782914423331789,-0.39420280832758126
2016-08-09,-1.1119326471492694,-0.16424542162788436,-0.3970871031281723,-0.48984357744396406
2016-08-10,-1.1040005075782908,-0.06365457239904126,-0.47086378198183293,-0.7184982312502458
2016-08-11,-1.0962154290868165,-0.41977245933708335,-0.42333850743380286,-0.1312997544728669
2016-08-12,-1.0885732877105125,-0.10641427084838133,-0.37504059188803407,-0.5001714429995128
2016-08-15,-1.0810701285344382,0.011448603195704081,-0.4983568788091751,-0.28076361732763794
2016-08-16,-1.0737021569211684,-0.1929180668475764,-0.49308766597761,-0.035147211821544774
2016-08-17,-1.0664657302905562,0.012586448344814007,-0.45263306969286077,-0.280706793537384
2016-08-18,-1.0593573504106644,0.06631565052204849,-0.5266817687312998,-0.646086262809775
2016-08-19,-1.052373656162639,-0.1625607097727152,-0.5675198097124728,-0.16683133935483507
2016-08-22,-1.0455114167454742,0.125976152367305,-0.432291800545128,-0.24348665398904434
2016-08-23,-1.0387675252894095,0.10921388460164681,-0.5378456593347805,-0.20586129148572235
2016-08-24,-1.032138992849187,-0.14854322570417683,-0.5078877714036756,-0.09977409690120687
2016-08-25,-1.0256229427507564,-0.40407591726598036,-0.5096733970114976,0.06588900547098091
2016-08-26,-1.0192166052671177,-1.1119668088035437,-0.7091403258858464,0.44532034490784267
2016-08-29,-1.0129173126008502,-0.7488008977291872,-0.8004843130757461,0.29118107989994213
2016-08-30,-1.006722494152679,-0.622934557987356,-0.8104602828508435,0.2761090823167861
2016-08-31,-0.7710626982961739,-0.8291570147413321,-0.7835558453660495,0.3251532680742302
2016-09-01,-0.7691047172627601,-0.734591127720443,-0.7334991070945694,0.2720772761279608
2016-09-02,-0.7671551422893839,-0.9500075603097521,-0.8346984131162829,0.1867869736462158
2016-09-05,-0.7652140749127762,-0.5452257866837954,-0.5955079995725209,0.17997352047651183
2016-09-06,-0.763281611560342,-0.09063374099068965,-0.5375776253510204,-0.35034631836299246
2016-09-07,-0.7613578437476558,-0.25819268048897126,-0.49263662680610903,-0.36886873356138894
2016-09-08,-1.7509335615576018,-0.8773688644113381,-0.5522005351388652,-0.108887325085596
2016-09-09,-1.7232713324230262,-0.7097301976949906,0.20700104178141773,-0.028309317232519313
2016-09-12,-1.6966790001986054,-0.8496290676413107,0.018391828209809738,-0.16566930074567043
2016-09-13,-1.671087372590554,-1.033791360192532,0.5213964748737051,0.09078357438423812
2016-09-14,-1.6464334016694753,-0.5257777263538892,0.6503818820621055,-0.22078752724772602
2016-09-15,-1.622659498541032,-0.42974007020552496,0.4224615644229679,-0.5839690913818947
2016-09-16,-1.599712939255282,-0.763057278509297,0.3193410798714128,-0.3191513362632444
2016-09-19,-1.5775453479327277,-0.5967100588574327,0.37366124854767013,-0.25621424633857576
2016-09-20,-1.5561122455148686,-0.5744696169261335,0.36320164739761357,-0.23979437220495908
2016-09-21,-1.5353726545101938,-0.7121471878996414,0.0989212434961619,-0.28690544043935345
2016-09-22,-1.515288751701316,-0.6420569031552708,-0.19846677903319468,-0.4167127650541243
2016-09-23,-1.495825562080667,-0.345302771738355,-0.1669190160817469,-0.677430369903603
2016-09-26,-1.4769506883498784,0.20543115086201394,0.2905601988347659,-0.8724018402736367
2016-09-27,-1.4586340711978647,-0.009714889322369899,0.07986836593930553,-0.6685775073493653
2016-09-28,-1.4408477763004839,-0.17372798182047508,-0.013200604004264163,-0.783983897982216
2016-09-29,-1.423565804589782,0.0033020213030781342,0.06474674703980506,-1.0194801639145281
2016-09-30,-0.48689860308029553,-0.5507968522757931,-0.2055403574333698,-0.7798691114977672
2016-10-03,-0.48639638874022106,-0.6962573414024622,-0.18560574104839686,-0.5455306281825356
2016-10-04,-0.48588997926267263,-1.0008841862681814,-0.2854929558757517,-0.24025583407734408
2016-10-05,-0.48537951616308705,-1.4968313865411425,-0.45180990292802414,-0.18568857231277605
2016-10-06,-0.4848651379310053,-1.513144111559636,-0.47935564060505087,-0.11610265942636586
2016-10-07,-0.48434698009986193,-1.0632388076861965,-0.2788606966874668,-0.3129583001713119
2016-10-10,-1.3261663012799931,-1.0212175983182032,-0.439587649094517,-0.31640089594094545
2016-10-11,-1.3128916966788315,-1.2450592332770747,-0.3297530366429805,-0.08839842549917218
2016-10-12,-1.2999378575088139,-1.0040986296991725,-0.3456803071982915,-0.09517919234843136
2016-10-13,-1.2872920288955707,-0.9962553997720611,-0.18143066852852877,-0.30115018936219534
2016-10-14,-1.2749421683811604,-1.2588471451414718,-0.38640540930363404,-0.4890561674069906
2016-10-17,-1.2628768954788727,-0.8070648472844791,-0.3302519862463354,-0.773824819344951
2016-10-18,-1.2510854455316,-0.6249044331394425,-0.466077795067816,-0.8341646815639613
2016-10-19,-1.2395576274462323,-0.6026298071268661,-0.6361201922404006,-0.9406292427911092
2016-10-20,-1.2282837849248511,-0.7264420560522525,-0.7372633630868114,-0.751543917813161
2016-10-21,-1.2172547608556321,-0.7719143860071795,-0.5962223461301586,-0.7176694423166061
2016-10-24,-1.206461864563378,-1.0774259327134688,-0.6721608824763493,-0.4153308864594543
2016-10-25,-1.1958968416520073,-1.229442490485552,-0.6983456143061808,-0.4373125940561319
2016-10-26,-1.1855518461998187,-1.4321001266270925,-0.5409210580394639,-0.4272136834547644
2016-10-27,-1.1754194150934971,-1.5312643848161975,-0.3000686193705516,-0.23017579457908297
2016-10-28,-1.16549244430899,-1.4097198839073386,-0.02317182433196567,-0.5675678772011683
2016-10-31,-0.42772448309092514,-1.1232652945960977,0.4754150743691888,-0.665600093211672
2016-11-01,-0.4293744656697247,-0.8957621450804801,0.9175713498748662,-0.8042014200724075
2016-11-02,-0.43097742271331296,-0.4352076201775787,1.2613257702396585,-0.8549218025378079
2016-11-03,-0.4325343753545537,-0.2945815482236181,1.6771715434032834,-0.7619254144955515
2016-11-04,-0.4340463186512823,-0.02605915280804285,1.81113918348105,-0.9757287538522549
2016-11-07,-0.43551422246069493,-0.537084167979447,1.0503240290445217,-0.7729655970446503
2016-11-08,-1.8573404005265117,-0.7479073439622131,1.0017420659619443,-0.340165352363317
2016-11-09,-1.8255016615315183,-1.2263854832537604,0.4247981403894156,-0.34154828365826245
2016-11-10,-1.7950249759901427,-1.4718270668460325,0.5093143789508454,-0.29813311654461944
2016-11-11,-1.7658135842297373,-1.5831728218313432,0.3358714663741566,-0.29992639198190496
2016-11-14,-1.7377801366358916,-2.221904214480184,0.719293865879545,0.2598605630941749
2016-11-15,-1.7108455471178448,-2.335825936557041,0.2732267632491497,0.3112228515390184
2016-11-16,-1.6849380129281615,-2.355284594729106,0.37359886165372436,0.3915323316259706
2016-11-17,-1.6599921730337799,-2.627053360766935,0.281832553390598,0.32325326271182486
2016-11-18,-1.6359483824639842,-2.617147374109059,0.2626347640422979,0.3861976767977042
2016-11-21,-1.6127520842020469,-2.482341915228337,0.11884905449651899,0.43615569397974
2016-11-22,-1.5903532634878972,-2.3536933705202774,0.02792378130151292,0.39355350315823195
2016-11-23,-1.5687059720455334,-2.407182313166028,-0.029209460908899233,0.5842619441953059
2016-11-24,-1.5477679118825953,-2.319950414879553,-0.11901528074830334,0.5774178482588386
2016-11-25,-1.5275000700391306,-2.172815725929704,-0.20506332809389075,0.5392426943787918
2016-11-28,-1.5078663970717776,-2.050124418653168,-0.17632343552359833,0.6425301125880858
2016-11-29,-1.4888335232133092,-1.9947456163968325,-0.3904671606180175,0.585900468825242
2016-11-30,-0.1328010954988597,-2.157102059518268,-0.577697713720716,0.38316524392276063
2016-12-01,-0.1347889442228279,-2.3563457811295967,-0.7079449606958006,0.400863368465817
2016-12-02,-0.1367633990292822,-2.0860485900352272,-0.6644927456677483,0.36997411968833827
2016-12-05,-0.1387246598571871,-2.218658960942353,-1.0814277670214578,0.32939810091167077
2016-12-06,-0.14067292332842604,-1.9590101707248837,-0.9459286960384607,0.29034047430358306
2016-12-07,-0.14260838283313498,-1.6070152526548547,-0.9574849530817612,0.25424826890210206
2016-12-08,-1.0828688722546003,-1.5084419681760102,-0.893499210393127,0.07029581163897292
2016-12-09,-1.0748574211186093,-1.5247248395290904,-1.1965803494879412,0.2351631089908122
2016-12-12,-1.0654951381430668,-1.5789507090384793,-1.1128805825974708,0.1833661056634547
2016-12-13,-1.0562958144380323,-1.3282420220443447,-1.3744559786875172,0.29920710065852546
2016-12-14,0.6494322532238839,-1.7741198485822607,-1.1581711981602076,0.666915884616222
2016-12-15,0.6436141755533126,-1.8034265283029016,-1.0733278789213194,0.8338283326709979
2016-12-16,0.6378460794428079,-1.5673471382989677,-0.9849809523616337,0.7807785783242538
2016-12-19,0.6321269317434318,-1.2783555638286732,-0.9912776131200268,0.758664847061296
2016-12-20,0.6264557266108554,-1.2904607808964694,-0.9682304822810472,0.653112782030365
2016-12-21,0.6208314845547424,-1.1074012296018336,-0.8750658734411201,0.6854389446789352
2016-12-22,0.6152532515282346,-1.0069522989655906,-0.8155232300478344,0.4205301312925569
2016-12-23,0.6097200980555733,-1.0425429922345186,-0.8215431705918381,0.5268319628427744
2016-12-26,0.6042311183959815,-1.047123906331762,-0.783140523985319,0.5204412167523601
2016-12-27,0.5987854297420229,-1.2515331572128787,-0.8116616338962921,0.5055186907270278
2016-12-28,0.5933821714507658,-1.2482090879362329,-0.6646614493026989,0.6387398856318645
2016-12-29,0.5880205043061899,-0.918804692481258,-0.5274439924596789,0.5495395754144434
2016-12-30,0.5826996098113413,-0.6019948645621893,-0.3120529159581149,0.36238862715960984
2016-12-31,0.6339705056567253,-0.1452456272500742,-0.32495182833809044,0.35693887187754875
2017-01-02,0.6267007170084264,-0.6885218340106669,-0.2285929078176752,0.3515105497702418
2017-01-03,0.6195167723743978,-0.8170823825222506,-0.3995786075517202,0.4063458113819797
2017-01-04,0.6124165740334885,-0.8880197515768282,-0.5758658466025387,0.413399273916828
2017-01-05,0.6053980942008491,-0.5291498254689683,-0.5002815909758308,0.2986967785696625
2017-01-06,0.5986883904308956,-0.7008773219639701,-0.4793203918139446,0.43334129650461567
2017-01-09,0.18331799976437427,-0.4646201247447564,-0.3317726568615279,0.3234652160996276
2017-01-10,0.1814089916651175,-0.4158656096544798,-0.290262290894925,0.3341097895975538
2017-01-11,0.17950439853099942,-0.0248621541004138,-0.14146851545071903,0.30007436610777827
2017-01-12,0.17760416605134424,0.05012438026008632,-0.19899586201673966,0.10332857903742704
2017-01-13,0.17570824035540986,-0.11066388367952833,-0.30409510170816423,0.3249820225629276
2017-01-16,0.17381656800578452,-0.21597231257360242,-0.3666692951703184,0.31949427175832673
2017-01-17,0.17192909599191786,-0.02969652935959359,-0.12822719037422511,0.10616942502335222
2017-01-18,0.17004577172374033,-0.46306428622183055,-0.1089781346969938,0.42255374761581527
2017-01-19,0.16816654302542108,-0.5779216959576833,-0.06623721738658211,0.3048858832379579
2017-01-20,0.16629135812920914,-0.40167050236894297,-0.17015060543240573,0.020447320776096404
2017-01-23,0.1644201656694075,-0.09653269514837408,-0.0020411624652464494,-0.04963342518866617
2017-01-24,0.1625529146764277,-0.2608863946163016,-0.1494075761898164,-0.08087754913125525
2017-01-25,0.16068955457097267,-0.40443765835201323,-0.4040936272076703,0.10242066925907485
2017-01-26,0.15883003515829744,-0.4986488437603827,-0.47663376711847066,-0.036977188050987125
2017-01-27,0.15697430662258446,-0.5485466403924499,-0.5305055610559058,-0.12548017503471123
2017-01-30,0.15512231952141628,-0.5506932788200344,-0.3082987990519353,-0.14139347615844355
2017-01-31,0.4963454655199175,-0.4339871365561449,-0.22105963228306863,-0.18106048340566971
2017-02-01,0.4876959544552155,-0.39312419589391034,-0.17522532195344415,-0.026419236436859103
2017-02-02,0.4791863172341495,-0.31138872892458286,0.0006998799639210151,-0.1438037949773596
2017-02-03,0.4708123406691691,-0.4871777370177855,-0.29378971551501526,-0.028649066587234005
2017-02-06,0.46225200532966687,0.14118736846437993,-0.039718668020366436,-0.3730310176392708
2017-02-07,0.4538201313255059,0.029811549672946976,-0.0854266414136992,-0.18035589471194902
2017-02-08,-0.5900116420598402,0.19434201483290564,0.0639272999426457,-0.09470723616594509
2017-02-09,-0.5877938682572527,0.02299702651349012,-0.1615328452237968,0.0350306284967338
2017-02-10,-0.5855971017176151,-0.07822566389747478,-0.2536960670300976,0.08299547229053486
2017-02-13,-0.583421127681813,-0.08792815132528027,-0.23685915284873113,0.21854724193077124
2017-02-14,-0.5812657352949815,-0.23659801164411645,-0.35548910395453903,0.5466496529328675
2017-02-15,-0.5791307175193311,-0.4869222155750136,-0.3346428962431706,0.39661334721687846
2017-02-16,-0.5770158710493836,0.13125409302316182,-0.16135643907761474,0.15974546184980845
2017-02-17,-0.5749209962295333,0.2728875427933929,-0.10756928920704334,0.22664252799420487
2017-02-20,-0.5728458969738763,0.17772170556395442,-0.1615198433695032,0.22144020173482817
2017-02-21,-0.5707903806881912,-0.09423086600936662,-0.3894169207898887,0.2827522495244677
2017-02-22,-0.5687542581940759,0.1339226504866696,-0.26705305519457284,0.07662117776649678
2017-02-23,-0.5667373436550869,0.48036386543596005,-0.11876737551774119,-0.20390286971242047
2017-02-24,-0.5647394545048856,0.7137664206713492,-0.02128206361883466,-0.4548398728886391
2017-02-27,-0.5627604113772919,0.41034757984934356,-0.09653301875349102,0.10374786320526544
2017-02-28,0.5156361415965973,0.171988532898644,-0.04428119684893933,0.3431090797701287
2017-03-01,0.5066108187094225,-0.22191198881581936,-0.5039329869567973,0.9007481302929063
2017-03-02,0.49772300897954913,-0.32600264880359797,-0.5543043155123588,0.9932951361942681
2017-03-03,0.48896859493779077,-0.3304501949157882,-0.5457302416667823,0.7007901284370681
2017-03-06,0.4803436324454094,-0.3795710128136742,-0.24576613568959915,0.6980057894862819
2017-03-07,0.47184434148349147,-0.7318425748717211,-0.17155204737640048,0.7450853469354985
2017-03-08,-0.6340431111106715,-0.7826570767955316,-0.026994056296427878,0.8346739295849089
2017-03-09,-0.6331727156773314,-1.0221724625268522,0.1221112040823104,0.9375031294303675
2017-03-10,-0.6323254032145009,-0.7114675799011162,0.1403020327500638,0.86490906390154
2017-03-13,-0.6315011185293103,-0.7003139047844418,0.2507939981936061,0.9104554330928286
2017-03-14,-0.6306998095661441,-0.5742466007458138,0.7002563235455963,0.9538709514560386
2017-03-15,1.4524907780982972,0.11998197914824855,0.6495310690236082,0.7672708927598845
2017-03-16,1.4304736643129958,-0.02821042094531902,0.3583506873047984,0.7432722801069341
2017-03-17,1.4091123910452763,-0.1275292984061574,0.3080070909111826,0.6790583917584218
2017-03-20,1.3883721796950437,-0.05305818052778027,0.37786634669312835,0.6774920008901446
2017-03-21,1.3682207991105102,0.14029842232224468,0.7007595194594519,0.7548059028255661
2017-03-22,1.348628330159502,0.31948257642526784,1.0949260598005166,0.7280950061410977
2017-03-23,1.3295669564076906,0.29281791642837224,1.093204620458779,0.8275200335993598
2017-03-24,1.3110107775476922,0.16366851140649774,0.9963695348112778,0.8659245826388804
2017-03-27,1.2929356427112968,-0.038366755975024376,0.8732941753452192,0.8571163931561888
2017-03-28,1.2753190012065607,-0.11582519166607173,0.6697022341669174,1.1383936684735618
2017-03-29,1.2581397685657423,0.3323478476417796,0.5251646722643931,0.7551851564075369
2017-03-30,1.2413782060807892,0.40535984912496986,0.7061455452843772,0.7361316894430913
2017-03-31,1.54827679741498,0.7280437227893938,1.0198509535525617,0.7256315038286468
2017-04-03,1.5195724150252585,0.9471469762747148,1.0321296390346852,0.7512015150725929
2017-04-04,1.4918913328399614,0.7550536766774741,0.8042404795881029,0.5863637603465887
2017-04-05,1.4651697741850842,1.0053602328318698,0.6892051941497516,0.439353801075204
2017-04-06,1.4393494337444965,1.1034370314641375,0.5204414368224067,0.7556363969048387
2017-04-07,1.4143768865520818,0.901822620409198,0.2634705067085991,1.0843890384893682
2017-04-10,2.458526853016049,0.8830271110273495,0.4366714654718794,1.0636794998896009
2017-04-11,2.381585717559872,1.281076256663452,0.6665466780764798,0.7423446354349903
2017-04-12,2.3102786046985324,1.4331407921188184,0.589317512779115,0.6006113403737926
2017-04-13,2.2439281517177454,1.1570512730799416,0.8287698341713137,0.23010475102081318
2017-04-14,2.1819664016304094,1.2366377549227638,1.117390870828705,0.2235711067303894
2017-04-17,2.123913047099386,1.1651358982161062,0.7649668638293802,0.44709563263862534
2017-04-18,2.0693587430039924,1.3762023977174638,0.7409747600734,0.22952567521852157
2017-04-19,2.017952148119729,1.1046836075514188,0.5447159584156881,0.25366103757032404
2017-04-20,1.9693897490170598,0.8299554814855654,0.08840007636783032,-0.35874847649214553
2017-04-21,1.9234077863671346,0.9486570184812833,0.2564281032465609,-0.376669680465514
2017-04-24,1.8797757886226434,0.7090893625032144,-0.541168719926192,0.08105581659606756
2017-04-25,1.8382913478783927,0.3933685003245464,-0.8315944297628809,0.26136508993627844
2017-04-26,1.7987758652539556,0.6346110589238093,-0.6130336154453916,0.28168682366549663
2017-04-27,1.7610710599658894,0.5741593332698093,-0.49462175767734723,0.17005745849577356
2017-04-28,1.7250360851032542,0.6161185637846914,-0.2795189065367034,0.24034247880270493
2017-04-30,0.8924417107098651,0.6203501497552277,-0.29885688052092846,0.23347778228682298
2017-05-01,0.880365190531675,0.24502488108276263,-0.6178137425945899,0.4511350666271382
2017-05-02,0.8685109047737718,0.46511906396127517,-0.5070843366440133,0.44607361624124287
2017-05-03,0.8568715262655672,0.1953538785350395,-0.39756871425654694,0.8414052369670797
2017-05-04,0.845440076306841,0.005341654354496554,-0.38721906053502686,1.0222787610037147
2017-05-05,0.8342099039944308,0.23101096028143936,-0.16098240680684742,0.9635944594802931
2017-05-08,1.8494841578773782,0.03987726122192742,-0.344234454254006,0.9934707850352825
2017-05-09,1.8066736305656739,-0.21344244277047572,-0.626102904984055,1.1433683085330328
2017-05-10,1.7658897353372232,-0.44644845860737015,-0.6675838353104875,0.980329494429601
2017-05-11,1.7269679847463704,-0.27190936670497884,-0.7528811468537294,0.7585236695149875
2017-05-12,1.689762130942513,0.11543457857822323,-0.6662848605372296,0.677102631630615
2017-05-15,1.654141637332593,0.0791563367364686,-0.7025613233863595,0.740565787563188
2017-05-16,1.6199895665176374,-0.12172209623827322,-0.8396492233400638,0.7892969368026382
2017-05-17,1.5872008057886446,0.36086177659643953,0.48657484580210736,0.4509550892668844
2017-05-18,1.5556805681651367,0.2666323589620637,0.4118218191694327,0.6089347750656028
2017-05-19,1.5253431197520326,0.24115665908715903,-0.20032541207945206,0.4902742253002263
2017-05-22,1.4961106940715097,0.3813428594089221,-0.28001140353998155,0.5551540430366695
2017-05-23,1.467912561717221,0.36426919070218106,-0.2440169831908202,0.7028257375250874
2017-05-24,1.440684229707852,0.5023707505519306,-0.2965115363609219,0.5919473283130775
2017-05-25,1.4143667496766328,0.45357756909871333,-0.37033169559097645,0.7542478490476497
2017-05-26,1.3889061178147584,0.4739993113645251,-0.327119028044537,0.6662397307720127
2017-05-29,1.3642527525093893,0.568003187822139,-0.4682019467646037,0.6555313386476973
2017-05-30,1.3403610380470805,0.7978260298674105,-0.26236025137948354,0.5256291566293222
2017-05-31,0.5169629725825275,0.7276930648398553,-0.1319437851590112,0.5129729110619227
2017-06-01,0.5070029364828408,0.832188105428139,-0.2746332573688399,0.5481299547521424
2017-06-02,0.497203222260243,1.0532228889209683,-0.3956570009307436,0.42608199318544254
2017-06-05,0.48755909658995944,0.9753504410454196,-0.4063770435305523,0.6527153823793673
2017-06-06,0.47806603041635126,1.238366174227084,-0.18251517122810512,0.554308272188336
2017-06-07,0.4687196879628447,1.1456067409661261,-0.01621397913395284,0.9263847658000245
2017-06-08,1.7172125674490637,1.1636226846155795,0.06794031937793443,0.9691664422313954
2017-06-09,1.6788632771264036,0.9339401006114815,0.0950241188111875,1.1750643276189165
2017-06-12,1.6421784236879762,0.4536207984312052,0.06177223127971572,1.312372035441602
2017-06-13,1.6070336656213433,0.4446544228237218,-0.0838383953181598,1.3844863362922697
2017-06-14,1.8441461972040323,0.708232511107567,0.03703173304313029,1.617902161017533
2017-06-15,1.812543206468914,0.1649483136125705,-0.1959078820980728,1.7516416924195455
2017-06-16,1.7822778425009211,0.473201528023568,-0.21555820658502095,1.527462193183142
2017-06-19,1.7532557438740106,0.1662755887956178,-0.18871896146821432,1.7909552267491247
2017-06-20,1.7253916616749618,0.387646038997483,0.2492161497438862,1.7546213397166268
2017-06-21,1.6986083567222678,0.45393500393818603,0.5692606769634675,1.7426662236017871
2017-06-22,1.6728356557420383,0.34454930311270165,0.5405474693689951,1.526988833075533
2017-06-23,1.6480096401036965,0.4597144099195155,0.4487532154947255,1.4735052662792971
2017-06-26,1.6240719456515353,0.4876256045679102,0.3443282750539735,1.3472800774850935
2017-06-27,1.600969156081803,0.15829301460105843,0.41109408220723126,1.5193214099849301
2017-06-28,1.5786522754389405,0.15471339777005835,0.18025908935681695,1.1261598838855373
2017-06-29,1.557076267812837,-0.08339678050840948,0.27064432527277055,1.3492989274646383
2017-06-30,0.36936767915290897,-0.18710820712094176,0.3812657780596773,1.349957124766391
2017-07-03,0.36756903911983385,-0.46743931109434644,0.25197255557655535,1.2884582327716552
2017-07-04,0.36578036609073783,-0.369376764716041,0.2791034496128544,1.2683486347140815
2017-07-05,0.3640015750339529,-0.3108974330229148,0.16601447648329845,1.3021085345707697
2017-07-06,0.36223258199657127,-0.2433578244194639,0.5729439203631203,1.1323926545728797
2017-07-07,0.36047330408612355,-0.3090852420313745,0.35286950288734864,1.1711068110658225
2017-07-10,1.550551075858785,-0.025736912552776738,0.41930904652571727,1.1779096851143032
2017-07-11,1.5298827615017843,0.1079469604460383,0.4850184707896065,1.0782732795757324
2017-07-12,1.5098643326305523,0.43951927015625225,0.3347540919626806,0.8881571560838357
2017-07-13,1.4904612412939104,0.09706187512737263,0.0828065337549952,0.9151166559740975
2017-07-14,1.4716414768477455,0.2688187915775869,-0.16659705112521847,0.9110595369468291
2017-07-17,1.4533753307916464,0.12351412304822174,-0.3282836723793166,0.8583651704345241
2017-07-18,1.435635187732096,0.5462578828690984,-0.13794229941678485,0.872924984508859
2017-07-19,1.4183953391079611,0.3991176916672318,-0.5021157714598599,0.8121145299716935
2017-07-20,1.4016318168043391,0.4953937969546714,-0.8576064185473827,0.8719891958126477
2017-07-21,1.3853222441916526,0.6354296713087496,-0.8651605074609066,0.7932835121831682
2017-07-24,1.3694457024723983,0.4462674648056715,-0.841400084046619,0.9834633794933959
2017-07-25,1.3539826105095334,0.028050759003498068,-0.9768402770180242,0.9536686472736848
2017-07-26,1.338914616557376,0.6231122968970709,-0.7280667750982623,0.6241412974534742
2017-07-27,1.3242245005256064,0.4524392470952886,-0.6439643394187669,0.5756374153320233
2017-07-28,1.309896085585657,0.6613157777855975,-0.4538095659501689,0.4380682860282632
2017-07-31,0.04001635975736375,0.781960283966244,-0.4262772791295688,0.5209841932408756
2017-08-01,0.039979664506754935,1.147998440088682,-0.3393926290517522,0.6287067310031129
2017-08-02,0.03994322876278111,1.0044682721922116,-0.32544157254153416,0.7845661791801402
2017-08-03,0.03990705238782899,1.1618295913955157,-0.19830054049955256,0.6269063839479562
2017-08-04,0.03987113524329316,0.9849355816052201,-0.43320609682212385,0.5954403392750772
2017-08-07,0.039835477189610426,1.04949870203735,-0.5707301893408419,0.5733879692963643
2017-08-08,1.3247756645150037,0.869463149367377,-0.3452646853549043,0.4855798543592363
2017-08-09,1.310433811756173,0.8999760256483437,0.14774192540204975,0.22261575048620869
2017-08-10,1.2964390066812062,0.8145570674317115,1.6553419999193422,0.2430217062801953
2017-08-11,1.282776893595651,1.1902853518348988,1.8723591926955792,0.04236039163378574
2017-08-14,1.2694339435901734,0.7950466158978465,0.9715245018699993,0.5038181909323072
2017-08-15,1.2563973941440023,0.5137298388664581,0.9622145638433044,0.6425910966686118
2017-08-16,1.2436551940412406,0.6689074609421636,0.9210231259142384,0.4520505967512042
2017-08-17,1.2311959530560341,0.9510118703575591,1.9993312468347628,0.2640513329318814
2017-08-18,1.2190088959259073,0.9128222041584254,1.9263308409168214,0.3544710642672613
2017-08-21,1.1967112170232634,0.8525978299449206,1.6444296714935056,0.39375115495491975
2017-08-22,1.1702585820887252,0.7259997248340474,1.0726900270041773,0.5477101269676012
2017-08-23,1.1446122627302373,1.1672453770854236,1.5319589280909427,0.5239605407418892
2017-08-24,1.1197271764795453,0.6755714420851311,1.362747327491978,0.5972154209037671
2017-08-25,1.0955617073700674,0.7318584277733245,1.1249501142990839,0.8380205938977073
2017-08-28,1.0720773703956352,0.7133386187451348,0.9780080953430675,0.6500897042719114
2017-08-29,1.0492385149590044,0.8655014508931327,1.0463915482685673,0.5868255833580641
2017-08-30,1.0270120620556213,0.6295038436326309,0.852611701082106,0.5603376208607895
2017-08-31,-0.24629170389189095,0.8216894721999827,0.7174492908998713,0.476644843679216
2017-09-01,-0.24483247614337256,0.424638402276421,0.41476881732034904,0.3535339608307578
2017-09-04,-0.24338022235818013,0.5477443427406917,0.41336174511819496,0.34406779030082146
2017-09-05,-0.24193489117434244,1.1034777957994388,1.0781453009533402,0.033016053955194635
2017-09-06,-0.24049643176939858,0.924273988463411,0.7403265019130421,0.09871139113315189
2017-09-07,-0.23906479385249968,1.1871191712866118,0.33597474544629036,-0.4816421590058594
2017-09-08,1.1652910659801279,1.0796850572588725,0.24593337399263224,-0.6164879585593253
2017-09-11,1.1384666662331004,0.27230544588383065,-0.4932422351120837,0.10636609375764428
2017-09-12,1.1120011826065186,0.2566928905523493,-0.3109756375097594,0.11955130019880698
2017-09-13,1.0863239096641213,0.3215906154149426,-0.35499692053153314,0.2925992352105041
2017-09-14,1.0613910877408677,0.08398374970598818,-0.5154756064555087,0.42655811463061366
2017-09-15,1.0371622902035054,-0.29560717684469184,-0.7494846295176464,0.48575647482172873
2017-09-18,1.0136001041992597,-0.3877430152773863,-1.0484461189054022,0.4636501965827083
2017-09-19,0.9906698481189337,-0.47264048668916686,-1.1505804912305317,0.49775595654612287
2017-09-20,0.968339320876608,-0.6633950564995038,-1.1901498687418095,1.0008153284641021
2017-09-21,0.9465785788480031,-0.7964574143112202,-1.1981549529027036,1.0229136574443016
2017-09-22,0.9253597369251606,-0.4381791503739851,-1.0199734826309068,0.9375074247129984
2017-09-25,0.9046567906592266,-0.23933058918030503,-0.7584517113567899,0.783575162537195
2017-09-26,0.8844454568942637,-0.37227553171438904,-0.850506429370054,0.8719098535403449
2017-09-27,0.8647030306576976,-0.7955523061126989,-1.1162596393657052,0.8457564943338443
2017-09-28,0.845408256379391,-0.49648227999976563,-1.049062055895059,0.7041219224197411
2017-09-29,0.8265412117707882,-0.7826429349033233,-1.1056500654518975,1.1637572308410753
2017-09-30,-0.4851977552986898,-1.6333682823261697,-0.9414544859573558,1.1451437254327772
2017-10-02,-0.4890207579808528,-0.6749559676260306,-0.974081122912463,0.966607446981128
2017-10-03,-0.4927359975069756,-0.8418808255456873,-1.22273003332628,1.0918266196638087
2017-10-04,-0.49634606478516846,-0.8212333342832603,-1.001047621178495,0.8256975367469601
2017-10-05,-0.49985347540383196,-1.229420136572844,-1.261813759377127,0.8761402979032074
2017-10-06,-0.5032606726986618,-1.412293151196048,-1.2701703701535552,0.8198462493954863
2017-10-09,0.800751431776464,-1.0924246620253006,-0.9325569651975292,0.8068583545462245
2017-10-10,0.7827033110681267,-0.8609368222243662,-0.8230694575456965,0.895879671940146
2017-10-11,0.7650253008073922,-0.8345079004051884,-0.7713821732574363,0.9577924566737016
2017-10-12,0.7477020925110182,-0.6498127471695463,-0.5066026017323972,0.7599823258525367
2017-10-13,0.7307192582801327,-0.3127570984183226,-0.4107475445810219,1.0869646975549285
2017-10-16,0.7140631874828575,-0.5975077257815995,-0.40531928215807367,1.4727115327811706
2017-10-17,0.6977210289374298,-0.5947085905308351,-0.3479068592316509,1.4659914662127116
2017-10-18,0.6816806380387029,-0.5935768783171417,-0.33284953887746166,1.3832680637345471
2017-10-19,0.6659305283351424,-0.28365320540727995,-0.3336639339009104,1.3954314083635535
2017-10-20,0.6504598271193214,-0.702508389824003,-0.5993834082907187,1.178625333344883
2017-10-23,0.635258234643767,-0.7082104575964984,-0.48499126529190345,1.3194228924894658
2017-10-24,0.6203159866167386,-0.8015539688445554,-0.3977675904066138,1.178639592151237
2017-10-25,0.6056238196699657,-0.7597458039605003,-0.0913664366393793,1.1676300944270759
2017-10-26,0.591172939523323,-0.969588611532199,-0.10664921277180214,1.072295680090953
2017-10-27,0.5769549916003835,-0.5033767746699234,-0.23764924346062666,1.04470518417538
2017-10-30,0.5629620338743712,-0.18446230901614935,0.015779433907814975,0.9724700330139031
2017-10-31,-0.6449022367271965,-0.42112658780436774,0.04485812579568674,0.9969317376249294
2017-11-01,-0.6448633436744107,-0.5299954815422144,-0.04796053604896825,1.2982767826753459
2017-11-02,-0.6448005565311707,-0.4248886280564175,0.05916131321391703,1.0694299830807632
2017-11-03,-0.6447144859402199,-0.3103445639904235,-0.04843309023523207,1.287424963690423
2017-11-06,-0.6446057286278404,-0.1941443982982947,0.1118928230960856,1.2373423715266436
2017-11-07,-0.6444748677380138,-0.23234012096261464,0.32320495780168285,1.0742758479484236
2017-11-08,0.1986699447756744,-0.42663770952510316,0.6005947522735875,1.313493665146317
2017-11-09,0.1909111606112271,-0.30576191354521226,1.1595719801613955,1.0882888370013994
2017-11-10,0.18322099560559255,-0.6143930419781435,1.0903247737946524,1.1928351446123313
2017-11-13,0.17559821054613522,-1.032127625470051,1.0269208293687844,1.2727605746929478
2017-11-14,0.1680416064006537,-0.7237278103641852,1.500900815569404,1.3413486972163484
2017-11-15,0.1605500228243291,-0.538992715783979,2.3214231726558983,1.447141475300712
2017-11-16,0.15312233673218287,-0.6802128833308143,1.530400402269901,1.3815277566437392
2017-11-17,0.1457574609335812,-0.9192196665381653,1.2774874021113694,1.5974048935980296
2017-11-20,0.13845434282553645,-0.8868859293413255,1.0950862942588886,1.7588919387800157
2017-11-21,0.13121196314174505,-1.1119292299988581,0.821301311277537,1.8424160748084337
2017-11-22,0.1240293347544901,-0.5141896172976754,1.0420554731395577,1.5513737432108574
2017-11-23,0.1169055015266963,-0.4156190496509302,0.9029072797067882,1.518900277822349
2017-11-24,0.10983953721160201,-0.5088502924517394,0.7853285425473242,1.6937872269903085
2017-11-27,0.10283054439764042,-0.5817125795377116,0.6929961888678005,1.7028465704641862
2017-11-28,0.09587765349627579,-0.8098349173175621,0.5927186452902764,1.7030423013264495
2017-11-29,0.08898002177066433,-0.7888441551436723,0.5717704677259406,1.5668997183967774
2017-11-30,-0.7561480724150033,-0.975779328915479,0.6962316405403318,1.5508268922360582
2017-12-01,-0.7546486146911884,-0.8931794115801842,0.6587869809801655,1.631207195410062
2017-12-04,-0.7531459820899042,-1.0877396605143956,0.5438412855808777,1.655658364377511
2017-12-05,-0.7516404716186081,-1.157253847641346,0.32959337086798407,1.8103781921782112
2017-12-06,-0.7501323711361675,-0.9295260861963663,0.3942100847664084,1.6422885112604049
2017-12-07,-0.7486219596250236,-0.809836318501252,-0.13831733802956422,1.5654270289574468
2017-12-08,0.06808066913086665,-0.7813419538816608,-0.6740968439252,1.5151258607138722
2017-12-11,0.061672527260973664,-0.7322938921958424,-0.6874840171842747,1.498944179817257
2017-12-12,0.05529225485319185,-0.6374449593774013,-0.6871256607474626,1.4582080703971578
2017-12-13,0.7965769268673532,-0.011407858700568931,-0.6564914071337076,1.3663095246452837
2017-12-14,0.7774165986011633,-0.31967478928846943,-1.0592653597093633,1.4584401579277417
2017-12-15,0.7586446628522274,-0.37744223346677086,-0.6378860554070903,1.5348007134098691
2017-12-18,0.7402446973714827,-0.25651751237303627,-0.5034180352752498,1.45130738390193
2017-12-19,0.7222012446074038,-0.4193940424625913,-0.31561605539195575,1.3393431201349717
2017-12-20,0.704499741145242,-0.4053025197074665,-0.31333629351791764,1.2519626120803538
2017-12-21,0.6871264533935525,-0.9319679474139779,-0.5082030650419823,1.2343861962984868
2017-12-22,0.6700684188730769,-1.0164266933473738,-0.4743999547476809,1.2842355680083293
2017-12-25,0.6533133925387875,-0.8236468631231412,-0.36393092192004683,1.261377989677447
2017-12-26,0.636849797631674,-0.8286682166794234,-0.20828638726914822,1.3430868276663708
2017-12-27,0.6206666806141226,-0.543114436397039,-0.11893208723740109,1.3575386238294553
2017-12-28,0.6047536697927687,-0.5756349386223676,-0.2206720535650422,1.262939997795796
2017-12-29,0.5891009372764006,-0.141441288362297,0.20033099293583298,1.159178962131117
2017-12-31,-0.5363371754578846,-0.574410883702521,0.3092877560395258,1.1378120093528767
2018-01-01,-0.5393072012006171,-0.010269546548312336,0.49085901636081775,1.1169359763433238
2018-01-02,-0.5422064191212866,-0.28657925061163136,-0.06842645253881789,1.0956663448532737
2018-01-03,-0.5450361724259566,-0.39645353628931135,-0.6918771186248219,1.214020536134384
2018-01-04,-0.5477977769963115,-0.6763040649757186,-0.9618396488691712,1.180974346945025
2018-01-05,-0.5504925221636197,-0.836549769923404,-1.097430996925944,1.0878415285778296
2018-01-08,0.4509462447919594,-0.6073595977073417,-0.9773440073144637,1.1356583252905588
2018-01-09,0.4383257349044189,-0.8110884579529059,-0.7978600488751437,0.9494472553104845
2018-01-10,0.42586519487489793,-1.2902288716160308,-0.7409149550837848,0.9368780979508854
2018-01-11,0.4135600231180026,-0.9688652893945492,-0.7565076251967734,1.0958959688778411
2018-01-12,0.40140581836598954,-0.9960323057159348,-0.8309248848611664,1.1065490666620421
2018-01-15,0.3893983693511105,-0.9945044782312737,-0.8967609108201895,1.0874457688441694
2018-01-16,0.37753364513654436,-0.9149416237854217,-0.4174767839418748,1.128085667154845
2018-01-17,0.3658077860478206,-1.0979924295358954,-0.2782538690631973,1.1403069856131645
2018-01-18,0.3542170951606719,-1.0153845058930495,-0.12475425576570758,0.9620914646790005
2018-01-19,0.34275803030496277,-1.111327609066098,-0.31577048826715265,0.9292932020525831
2018-01-22,0.3314271965476444,-1.0922090147938521,-0.4855753786553416,0.9375231333302698
2018-01-23,0.3202213391207387,-0.6731793076572483,-0.5405413794913166,1.0250390141508607
2018-01-24,0.3091373367630651,-1.1465551312501652,-0.6366836606667572,0.9796738336104308
2018-01-25,0.2981721954469705,-1.095197405830747,-0.4497555129533941,1.1207157804239822
2018-01-26,0.28732304246354756,-1.609859301338054,-0.876949782531557,1.0991601718904664
2018-01-29,0.276587120841937,-1.6595258803918735,-0.26368943142974993,0.9917072997607342
2018-01-30,0.26596178408017174,-1.7617682676848205,0.24926110765549914,0.9251060791745652
2018-01-31,-0.6660365378348247,-1.597797801720956,0.09366027193194461,1.0006633034680834
2018-02-01,-0.6666747655523435,-1.7652161063723246,0.35258121731708286,0.8172709690223561
2018-02-02,-0.6672819858484281,-1.5998444358789108,1.8876636369458277,0.6020370840343707
2018-02-05,-0.6678588470540735,-0.4779319468098862,3.0,0.579849782362769
2018-02-06,-0.6684059855280393,-0.9620696589613201,3.0,0.5743282511182721
2018-02-07,-0.6689240258744399,-1.0696388604548763,3.0,0.536018567840145
2018-02-08,0.0794270805669499,-0.904116869649037,3.0,0.4845680129913547
2018-02-09,0.0715065908713236,-0.5571988783712079,3.0,0.3049562842439523
2018-02-12,0.06364904501149418,-0.5802192186432996,3.0,0.28694231099568995
2018-02-13,0.05585353109980776,-0.7241672980777488,3.0,0.45244769576500193
2018-02-14,0.04811916867674758,-1.2614879089227264,2.1737995602886455,0.4667748307679484
2018-02-15,0.04044510757797669,-1.085744932227444,1.820558258586693,0.4817645114539396
2018-02-16,0.03283052684600907,-0.9953428007425665,1.6442567039421072,0.5862327222576682
2018-02-19,0.02527463368427731,-0.8815594420341871,1.6182770377019582,0.5764087446177285
2018-02-20,0.017776662451492713,-1.118334407354036,1.7746976465782802,0.6096448788250313
2018-02-21,0.010335873694309177,-1.672127326231312,1.6402445645738786,0.5682411664493673
2018-02-22,0.0029515532164363233,-1.1725869871643784,1.668053092109081,0.5750923216559087
2018-02-23,-0.004376988817573314,-0.9149703338884292,1.4520265911406884,0.6949856393439761
2018-02-26,-0.011650418745520343,-0.4485986853174976,1.2681734302307106,0.6286378109000302
2018-02-27,-0.018869380239296036,-0.8161715560249105,1.495789890173163,0.6714158248902505
2018-02-28,-0.7495841455201828,-0.6162159707666985,1.4847234937810243,0.728474933607811
2018-03-01,-0.7490465967106529,0.03127863490706282,2.169792953137372,0.7192836743611842
2018-03-02,-0.7484947145533086,-0.2161888097426804,1.8767184462953683,0.6611088381744944
2018-03-05,-0.7479289201541263,-0.370796733778247,1.4413880007191513,0.5868849543339065
2018-03-06,-0.7473496253168993,-1.273615815394764,0.9706990615106642,0.5983858603152791
2018-03-07,-0.7467572327424857,-0.7599486896558523,0.6788733145090766,0.6069584154052736
2018-03-08,-0.06911493569330067,-0.5249344122718311,0.8297477835777223,0.6612502030232624
2018-03-09,-0.07557226575787195,-0.770457827398565,0.2026325482250673,0.6357144035191477
2018-03-12,-0.0819730494574797,-1.0104567532226096,-0.12791392207004276,0.6886580034802766
2018-03-13,-0.08832871703304065,-0.8570705853698503,0.2749311982883093,0.6971540505847388
2018-03-14,-0.09463966421324273,-0.5943461049529883,0.3239896639110832,0.7786627296835654
2018-03-15,-0.10090627417810169,-0.2742488322350142,0.44511954489362765,0.8224975730910841
2018-03-16,-0.10712891799883388,-0.1980745454062908,0.5686695230584062,0.8065253127475475
2018-03-19,-0.11330795506423355,-0.21095368344302007,1.2847680943173723,0.8213330422536079
2018-03-20,-0.1194437334940968,-0.627786395483268,1.0892838432993635,0.8185801443163601
2018-03-21,0.6476018695238033,-0.20436438561040268,1.0324396811064,0.739191845210616
2018-03-22,0.6306453742258491,0.5980129977438209,2.026770701356679,0.755048653473601
2018-03-23,0.6139578051561944,0.6243755527691788,2.1097933172733985,0.6663886762117396
2018-03-26,0.59752925163297,0.28020771130245486,1.4360096284638075,0.6466931547309707
2018-03-27,0.5813503206779149,0.42918032266419637,1.8251042563102515,0.8470020389894546
2018-03-28,0.5654121042315938,0.5723993200700779,1.9442950356349042,0.9080344839041214
2018-03-29,0.5497061489109832,0.6674103111004014,1.5860929000329587,0.9323637807987735
2018-03-30,0.5342244280787035,0.3708157263624764,1.3004784413140158,0.9151976819599769
2018-03-31,-0.1559576642859287,1.6088789233820333,0.9997944889201937,0.8983171541278153
2018-04-02,-0.16612576670633514,0.7600152971432191,1.6847187527974705,0.7120550063160843
2018-04-03,-0.1761240224868169,0.44257100229453517,1.3451427839374548,0.7831066674484015
2018-04-04,-0.1859565330616239,0.3788941877967163,1.133936012403494,0.7184596469085756
2018-04-05,-0.19562720974204928,0.13402902670874584,0.7200576272619927,0.7514233570225572
2018-04-06,-0.20513978555177997,0.7215431930784449,1.2075811592665238,0.655843247980739
2018-04-09,-0.33185601453645247,0.6658986494748492,1.1188929850688702,0.6913822917574725
2018-04-10,-0.33622445638897297,0.27788050199344055,0.6819427827899518,0.7797593157051378
2018-04-11,-0.3405575668147526,0.37770445046795975,0.5150480892594098,0.7725444818469902
2018-04-12,-0.3448555141844524,0.10013338108093757,0.11281788621452653,0.7839508934808272
2018-04-13,-0.34911846537508484,0.07486322057831638,-0.06946558897919027,0.8717903103625205
2018-04-16,-0.3533465858756244,0.11519757144404295,-0.4019442187421932,0.8666769290206918
2018-04-17,-0.35754003988878946,0.3329693847034134,-0.5887267272862795,0.956973130533863
2018-04-18,-0.3616989904290827,-0.34220340960730755,-0.6071369862655328,0.9216589300315513
2018-04-19,-0.36582359941716497,-0.6173728458964074,-0.5787360732149548,0.7684015016201772
2018-04-20,-0.36991402777066323,-1.2424201228601792,-0.5462727618863342,0.7235957981960427
2018-04-23,-0.37397043549147185,-1.2783079137147455,-0.5204997705997865,0.7306955910971472
2018-04-24,-0.3779929817496501,-1.3039358369616387,-0.22956844833273723,0.6377339047008231
2018-04-25,-0.3819818249639723,-1.3029378146730342,-0.15923186159300692,0.5985603080274474
2018-04-26,-0.3859371228792147,-1.201370404578916,-0.5061388864237926,0.6912919562921876
2018-04-27,-0.3898590326402585,-1.0937324946657583,-0.5881123319263138,0.7556903961552849
2018-04-30,-0.2606406586856223,-1.0256673184767358,-0.306038740843319,0.7666341538648389
2018-05-01,-0.2689501056082511,-1.364195446856417,-0.4557206885263237,0.7914956450883679
2018-05-02,-0.27713658088455456,-0.7897264557816919,-0.2948850977899204,0.694625221224307
2018-05-03,-0.2852022120941205,-0.608778648374217,-0.1844096505139278,0.6781086901688531
2018-05-04,-0.2931490498684262,-0.6906600118429977,-0.07435075729826301,0.7512513706990337
2018-05-07,-0.30097907217277686,-0.9135962352738093,-0.2673467012456995,0.7195292674963347
2018-05-08,-0.3428504917355023,-0.9632290414321668,-0.19935703188888323,0.7061889010036106
2018-05-09,-0.3473621932209317,-1.0408402876987173,-0.22968830577116067,0.6727326050261047
2018-05-10,-0.3518370404533643,-0.9053414598286639,-0.25448034297849287,0.7899038274026117
2018-05-11,-0.35627620188127246,-0.6197597621352893,-0.162631127079969,0.7732191332459163
2018-05-14,-0.3606798208814789,-0.5680575762362936,-0.09863521375606375,0.7213251608234369
2018-05-15,-0.36504803984403444,-0.9005930565065821,0.23636846056676358,0.5843996141496324
2018-05-16,-0.3693810002765899,-0.9046990287040851,0.1897422612512389,0.5357298237008383
2018-05-17,-0.37367884290494674,-0.4616829917186377,0.2892438982490405,0.4060580431511818
2018-05-18,-0.3779417077698863,-0.07034949385625942,0.18637520407835143,0.49964351114517264
2018-05-21,-0.38216973432032136,0.10277803933928555,0.11212194723906045,0.5482657859785064
2018-05-22,-0.386363061502865,0.2105928447744047,0.03053958692805852,0.549582177831091
2018-05-23,-0.3905218278478839,0.7205421247470696,0.040254693531622227,0.5360178158243306
2018-05-24,-0.394646171552092,1.0249474837631785,-0.09453855731927117,0.5038550577516488
2018-05-25,-0.39873623055777374,1.451188981534098,0.21003973282777735,0.4977481019662819
2018-05-28,-0.40279214262868585,1.384799042357923,0.1830607777978107,0.4855849295317099
2018-05-29,-0.4068140454227178,2.953185996400105,1.2431601128563259,0.24039754717920464
2018-05-30,-0.41080207656136775,2.1304697512154482,0.6237952222063885,0.4052527369139576
2018-05-31,-0.18304762619930853,1.9178448080203208,0.7160436314251881,0.42023678535521186
2018-06-01,-0.19633492593911592,1.2113179359093715,0.08702678356165724,0.45649428265637565
2018-06-04,-0.20934094940771789,0.909395579489891,-0.14961306362039828,0.6102422076706683
2018-06-05,-0.22207416793375326,1.1297838981706745,-0.09414116503341048,0.5114955221186998
2018-06-06,-0.2345425909309215,0.9284237985665518,-0.3642119510865715,0.5198072599875246
2018-06-07,-0.24675379973181713,1.3779774074398796,-0.21002376802213496,0.46015014581606073
2018-06-08,-0.7793788266430706,1.2726852721250115,-0.12166774516165291,0.4487798520742102
2018-06-11,-0.7788296560093185,1.043596811101888,-0.22935590729568797,0.5492172356053792
2018-06-12,-0.7781955559493674,1.0068787711521474,-0.1759191961974781,0.6160159541379008
2018-06-13,0.09899958040818756,0.984621647177345,-0.1923778763051484,0.7227843826437805
2018-06-14,0.08957797222995388,1.214485694633201,-0.3973437436496372,0.7605589921420676
2018-06-15,0.0802238433172307,1.2924401121817244,-0.33461604229465913,0.714332127971858
2018-06-18,0.07093620030812553,1.1419285725567412,-0.3918381960388042,0.7175088235251295
2018-06-19,0.06171409178356175,1.3310662956793553,-0.0369005513104615,0.6837303244693396
2018-06-20,0.052556606774729765,1.0692052504560716,-0.26178511007693195,0.7141583119659598
2018-06-21,0.043462873328926795,1.0552684785881288,-0.0845332129302651,0.6637260366268036
2018-06-22,0.03443205713054571,0.7749623207363815,-0.24774188202133512,0.626688721167598
2018-06-25,0.02546336017419607,0.6792051449234188,0.4237591836692203,0.5937162782465611
2018-06-26,0.016556019487129547,0.6158750871708238,0.22808786138280643,0.5804208904256615
2018-06-27,0.007709305898288841,-0.296615316687179,-0.4781648648947602,0.5286946007276728
2018-06-28,-0.0010774771485048149,0.2809845570807741,-0.5063669857468213,0.5448069324770131
2018-06-29,-0.00980499473959216,0.3179052727325875,-1.8336268040324921,0.5458972852065236
2018-06-30,0.06782932581854549,0.9448246863940732,-1.3620561181712132,0.5309111312282804
2018-07-02,0.05417481655763145,0.8204674539393513,-0.5202361030212969,0.6510567321449047
2018-07-03,0.04070322984801918,1.00946212093844,0.009145338302809287,0.5287446566171412
2018-07-04,0.02741012321730273,1.0713640552258972,0.12257172657955256,0.5132872294295326
2018-07-05,0.014291285695451246,0.7041517935185365,0.04511453976158576,0.7027014583402649
2018-07-06,0.0013427242977937402,0.9173972631967975,0.12149104883582205,0.5870290547850163
2018-07-09,0.0855811929982389,0.7964861199034714,0.3363614952124614,0.6332291802372135
2018-07-10,0.0756497522326154,0.8631092033580193,0.34957983982446517,0.7591814303385289
2018-07-11,0.06578858187861553,1.138625135078243,0.5559238626893854,0.7650525763736705
2018-07-12,0.05599668145965237,1.0565558639130612,0.3807158755429719,0.833968263995831
2018-07-13,0.04627309656681819,1.0326055403290768,0.36345132859504176,0.7806055171715777
2018-07-16,0.03661691720336913,0.8935625721636212,0.07680890146019592,0.8156001473269656
2018-07-17,0.027027276192967218,0.7305178271885182,0.2832730761820026,0.9333043394343277
2018-07-18,0.017503347648018853,0.9323659255974585,0.4335010242215815,0.8706372805457515
2018-07-19,0.00804434549470034,1.0328141540053355,0.3778784471530062,0.8685673374942818
2018-07-20,-0.0013504779485205716,0.871606047602964,0.35237480200215815,0.7052270276951602
2018-07-23,-0.01068183334187493,0.3427518063624483,0.060774760448368825,0.6519478297204274
2018-07-24,-0.019950395647596684,0.31927921367579143,-0.04273982144601042,0.6765770045166118
2018-07-25,-0.029156805408170415,-0.15778348797443217,0.08923360281653245,0.6929230725009516
2018-07-26,-0.03830166998200733,-0.40730372814760113,-0.48002836014976563,0.7252295380739088
2018-07-27,-0.047385564738838704,-0.046250011891022735,-0.1812153269409997,0.7317232756021894
2018-07-30,-0.05640903421701572,-0.024231030170167155,-0.22171469724505427,0.6185325275375866
2018-07-31,0.010388925443332976,0.0887470405354993,-0.5377657881143744,0.6870086319103922
2018-08-01,-0.005695656679140442,-0.30776483325490533,-0.16774337747594772,0.5574536593555155
2018-08-02,-0.021509293345416892,-0.06180521861833032,-0.628374982513924,0.5330552669231227
2018-08-03,-0.03705984106775451,0.48132412500369803,-0.23063657636346818,0.5503076637013948
2018-08-06,-0.05235469343407396,0.45944724654826063,-0.2114681850929321,0.5807069354792164
2018-08-07,-0.06740081319302779,0.27970191136084205,-0.020063987313470505,0.5827690729084686
2018-08-08,-0.3445793023515733,0.41201466717825763,0.054391314054136206,0.5894781216868995
2018-08-09,-0.3507788956536787,0.7839210425445154,-0.3073713359892379,0.5789209820173628
2018-08-10,-0.35692988468381415,1.588705799089391,0.29737661357922773,0.538899437675936
2018-08-13,-0.36303232748387754,1.387010405908594,0.36975993764902826,0.5339102989857131
2018-08-14,-0.36908628051053344,1.2674368737638488,0.27224230566386515,0.5763623439295801
2018-08-15,-0.37509179893046163,1.7108658649681616,0.03834719971345413,0.5335144741016512
2018-08-16,-0.3810489369069658,1.480418436603685,-0.33076956256692,0.573580601364716
2018-08-17,-0.38695774787802983,1.3770513610160646,0.17202531214574723,0.5154304957070354
2018-08-20,-0.3928182848258793,1.654783161615204,0.2891976993669955,0.4847080431443156
2018-08-21,-0.39863060053811955,1.7731183071537886,0.63868074633082,0.5205170267523848
2018-08-22,-0.40439474786051144,1.8090257557754126,0.6742121767853889,0.47882737906831535
2018-08-23,-0.4101107799414459,1.7978807328081792,0.31551194719814946,0.5694140456639062
2018-08-24,-0.4157787504681767,1.5991142791235973,0.4086757282061974,0.6261900876316105
2018-08-27,-0.42139871389488043,1.3523489974121292,0.4284198221863392,0.6066366246636019
2018-08-28,-0.426970725662587,0.9725785660306925,0.5090706561376543,0.650155818382552
2018-08-29,-0.4324948424110619,1.0616912487170074,0.6228316200955332,0.6913275106564029
2018-08-30,-0.43797112218267853,1.5218620932019966,0.7112063812343582,0.5994376645052992
2018-08-31,-0.2805132083564139,1.5744820633832313,0.36626105065552494,0.4324939139298747
2018-09-03,-0.29022061978670766,1.4503891130461533,0.36257956900285354,0.41734934236631
2018-09-04,-0.2998150712316569,1.041663053889586,0.639313621228751,0.4682435623461122
2018-09-05,-0.3092975040748664,1.2925061106129763,1.1322447986415123,0.42630538519920896
2018-09-06,-0.3186688239305467,1.521157963269201,1.2589900518961399,0.40771951715116567
2018-09-07,-0.32792990308784253,0.5693887200003338,1.2253916414660269,0.5719573141655305
2018-09-10,-0.08547781455703418,0.1876703831978606,0.766488625543672,0.6272263635097253
2018-09-11,-0.09477487530032934,-0.1754448847426988,0.6366870118210491,0.5828124143628761
2018-09-12,-0.10401259275027817,0.01234267142786046,0.6074545038983882,0.6200079733829525
2018-09-13,-0.11319130941454748,-0.3165138443089675,0.2850211362755689,0.6326897261749463
2018-09-14,-0.12231134126740394,-0.5213393606217767,0.23920342847156167,0.6034054979511456
2018-09-17,-0.13137297877498635,-0.5615073143419826,-0.004588896158867155,0.612762047198025
2018-09-18,-0.1403764878960399,-1.0878419879903003,0.39073860958743084,0.4424867162408812
2018-09-19,-0.14932211105933946,-0.9859744666223518,0.5157008041526162,0.3705702782142108
2018-09-20,-0.15821006811894353,-1.167793824034279,0.5303943790760244,0.41431483839911615
2018-09-21,-0.16704055728833833,-0.8777942053110589,0.5233028402441959,0.3766248798463643
2018-09-24,-0.17581375605443375,-1.040103594859144,0.3931351884203888,0.34004094443142274
2018-09-25,-0.1845298220723166,-1.046285077168017,0.9700855828093569,0.39181666948194055
2018-09-26,0.855412000729494,-0.47318760856723596,1.0262526319005953,0.4410110052444816
2018-09-27,0.8323971213276096,-0.46049135690321613,-1.2653524896796753,0.46684068894908365
2018-09-28,0.8098051200055328,-0.6072348747294826,-2.0467671582172646,0.38051158450022277
2018-09-30,0.2103710977134826,-1.8076112879846165,-2.0022695521463194,0.36627860455206146
2018-10-01,0.19282213618616684,-0.8264503096814316,-1.8284167343931799,0.2761609100597758
2018-10-02,0.1754934785689519,-0.47689085422739697,-1.4789872209890589,0.2758322585741472
2018-10-03,0.15837906056437318,-1.2284143451738239,-1.6126185642373718,0.13613948234576848
2018-10-04,0.14147317619657382,-1.3680895198383283,-0.949145908413988,0.08999745395924835
2018-10-05,0.12477045708564174,-1.035756806743411,-0.5966833360149382,-0.016674077141119188
2018-10-08,0.43641033574033944,-0.9444478984524294,-0.4503961514953973,-0.026723621412823306
2018-10-09,0.42029142337575115,-0.5716943226430978,0.18687148547067725,0.06004819067954913
2018-10-10,0.4043367454455063,-0.24491836026691588,1.4549769405513597,0.027121497832587972
2018-10-11,0.38854107450381337,0.13399670690265672,1.669035421566829,0.09308405489426909
2018-10-12,0.37289944583218493,0.25631593856252655,1.2337308622543124,0.0602862286345026
2018-10-15,0.3574071441675809,0.1923054874711553,0.9697689144083672,0.08198291638871336
2018-10-16,0.3420596913126392,0.24462744360075986,1.0295058081064465,0.08725785270261487
2018-10-17,0.32685283455770825,0.0013197376781917305,1.0367131900212805,0.05619576269481603
2018-10-18,0.3117825358505285,0.381211556515713,1.3352841052009397,0.07170877973337263
2018-10-19,0.2968449616550123,0.00860722256131693,1.2950927590614532,0.15802640918645558
2018-10-22,0.28203647344561683,0.10719841170782853,1.2830905777519637,0.14268426563054662
2018-10-23,0.26735361878827724,0.7122697843997641,1.9636805854923542,0.0945576032572206
2018-10-24,0.2527931229630418,1.057587833103906,2.3618528387199342,0.04529919528783209
2018-10-25,0.23835029849067574,0.9203339270350596,2.19138049871152,0.09495552861735337
2018-10-26,0.2240235370784621,1.400206276091801,2.338445739222084,-0.04827736281220913
2018-10-29,0.2098100532556135,1.3087417642254622,2.187591869185417,-0.0350240793070951
2018-10-30,0.19570721027451454,0.9447991219952508,2.3358540982196203,0.05989037085210729
2018-10-31,-0.24474548856332073,0.4924124758877192,1.6404133367444387,0.07966046326007166
2018-11-01,-0.25683303767022536,1.2570503449852557,1.4727761626699838,-0.021821908924507756
2018-11-02,-0.2687940371208731,0.5758251886546798,0.8367042290370194,-0.00319008859789456
2018-11-05,-0.28062902967176384,0.754399763138538,0.8661080577578321,0.06582200337677019
2018-11-06,-0.2923385141484556,0.4769563612601165,1.1506046735640076,0.03795772972622172
2018-11-07,-0.3039229489079553,0.08582071181480795,0.909050655266612,0.12089171607331047
2018-11-08,0.4986598710035306,-0.3858612854447322,0.43828605116041636,0.13974059697150187
2018-11-09,0.4804176019416947,0.08419873869441208,0.6789231012091507,0.16531804090221106
2018-11-12,0.46237853712214955,0.05530650855384486,1.0462120585661048,0.1523174838788544
2018-11-13,0.4445353972011067,0.6263540226803564,1.3405051396406211,0.11911509119956137
2018-11-14,0.42688129342837905,1.0109799622101172,1.951069603304992,-0.017866554780524763
2018-11-15,0.4094097060454906,1.2343490451851997,1.2325826593125873,-0.03669901496878182
2018-11-16,0.392114464260431,1.7362796669494145,1.1391866215855888,-0.2684784482705777
2018-11-19,0.37498972766285416,2.0946176427176244,1.602669240350562,-0.3538076792117652
2018-11-20,0.3580299689565201,1.9534165538535024,2.4405203549897605,-0.2445031613330921
2018-11-21,0.34122995789746313,1.5404156130640552,2.141606776882768,-0.16287164536646104
2018-11-22,0.32458474633672485,1.1357019032614384,2.049374467250584,-0.17463825832511184
2018-11-23,0.3080896542757999,1.3621191123285687,1.6985102402979626,-0.10356518006933206
2018-11-26,0.2917402568512669,0.7585750504554678,1.3933537468138633,0.006569348513436605
2018-11-27,0.2755323721725411,0.8409586337357683,1.5170666142079159,0.02288017821564192
2018-11-28,0.2594620499433846,1.3499888393758195,1.1839119303314638,-0.23043895220413213
2018-11-29,0.24352556080385862,1.5236153682648699,0.6985660970148845,-0.1843053574451886
2018-11-30,-0.16327679179428625,1.5806845287475144,0.35592265682853647,-0.17175308313021
2018-12-03,-0.18100599580186474,1.8504808928435692,0.5271207092919262,0.21647575580507245
2018-12-04,-0.19847073110979285,2.149113891507978,1.3147721302831266,0.1588622406610249
2018-12-05,-0.21567556479626235,2.354162041129766,1.3565362419802387,0.14187469671351396
2018-12-06,-0.23262475820860798,2.8565023233160503,1.2343743974951684,0.008807586582231752
2018-12-07,-0.249322289543774,3.0,1.6209333370129653,-0.07725341626827553
2018-12-10,-0.4581657378987013,2.698186720652858,1.9177014576069973,-0.01791146565835687
2018-12-11,-0.4665866164883648,2.2867035709754404,2.013693636060175,0.15006846184387393
2018-12-12,-0.4749271132246311,1.9053723301046253,1.6995415819463136,0.05337875690494852
2018-12-13,-0.4831870060788765,1.7698140380008158,1.2718009525001812,-0.054858568817245636
2018-12-14,-0.491366078991166,1.945585388191964,1.2843118992718374,-0.1360935320330261
2018-12-17,-0.4994641227254306,1.936166779005018,0.6361453253758556,-0.24410211751935085
2018-12-18,-0.5074809356934616,2.1678084179056354,0.7630473069119458,-0.4858644673478622
2018-12-19,0.6330864629796801,2.2671023223054014,1.0327045948890905,-0.21581275138519873
2018-12-20,0.6114849727118599,2.0878998196485843,0.8734217584909738,-0.16577285671518643
2018-12-21,0.5901726601501647,2.229041902479644,1.089561066574509,-0.42369828792436603
2018-12-24,0.5691372299219994,2.605651114735564,1.112661909401812,-0.8967450453744513
2018-12-25,0.548367106932404,2.6242203869527034,1.1403230931284998,-0.904099296712879
2018-12-26,0.5278513896941827,2.133090823498014,1.2205619357855593,-0.7037971718864061
2018-12-27,0.5075798075801466,2.376608990698259,1.134830688196361,-1.0218922227330556
2018-12-28,0.48754268161420933,2.477823537171725,0.6194237024355992,-1.3006151392467136
2018-12-31,0.2639326774366697,2.6116086246699934,-0.17662547487220392,-1.4248087560034584
2019-01-01,0.23972450027732137,2.558749190069932,-0.07181212037539708,-1.4203712086632616
2019-01-02,0.21587379673377294,2.518256883384525,-0.3589427601190425,-1.3221080401739311
2019-01-03,0.19236810469531238,2.6445290866711018,0.073374413280871,-1.564082303808649
2019-01-04,0.16919586839008202,2.1519077740522308,0.06139129581907017,-1.3498510584969938
2019-01-07,0.14634637612885967,1.6648344938654087,-0.06323390374667281,-1.0270796746511373
2019-01-08,0.2390851667799412,1.3873809986984147,-0.3776228003427391,-0.7701418496016897
2019-01-09,0.2222857037696023,1.6538153567440717,-0.6301595700485059,-1.0299540218809342
2019-01-10,0.20561956136726686,1.5954006752934622,-0.47562614319560426,-0.949822586310026
2019-01-11,0.18908341324941655,1.7219641949530395,-0.501728101622218,-1.1436190570911577
2019-01-14,0.17267414540403403,1.6060315684107862,-0.4225202154366277,-1.2047545556422445
2019-01-15,0.1563888471002199,1.4200328127064168,-0.906840537269588,-1.2379886718678887
2019-01-16,0.14022480236938556,1.1687118837062402,-1.1352755787651736,-1.200798601503922
2019-01-17,0.12417948195557298,1.0157840192097236,-1.3958170976143498,-1.0388013294392495
2019-01-18,0.10825053569579664,0.8105105499301958,-1.9977650128397693,-0.7540678776213051
2019-01-21,0.09243578529444589,0.6647629972654477,-2.0895889911366945,-0.7621172497326107
2019-01-22,0.07673321745868371,0.6005622310161892,-1.740374350703749,-0.8091551769558205
2019-01-23,0.061140977364276684,0.4919845865207066,-1.7750646341658392,-0.850110848126628
2019-01-24,0.04565736242378389,0.8855992699700882,-1.9416543782527893,-0.960837088115706
2019-01-25,0.030280816331151563,0.43923855507594617,-2.0360195076144065,-0.737417244273707
2019-01-28,0.015009923358791314,0.3872537053983554,-1.6239124731513686,-0.8045239726300862
2019-01-29,-0.0001565971149046798,0.3621824630691588,-1.5611476581377781,-0.8715529288323696
2019-01-30,-0.015219895867955743,0.73680264147496,-1.6106370214645438,-1.5743383664323698
2019-01-31,-0.568180186708648,0.9369939145059261,-2.5271660120255186,-1.9119600541221364
2019-02-01,-0.5800524881794563,0.24130690099630114,-2.2246382108233083,-1.6085118268308345
2019-02-04,-0.591739958335628,0.5625550012065123,-1.568065416699844,-1.4590053049411966
2019-02-05,-0.6032427902540246,0.8624948573896841,-1.3185922506166323,-1.4996798618388434
2019-02-06,-0.6145612108866216,1.012133146640823,-1.0203847735852716,-1.4559770240455192
2019-02-07,-0.6256954839541379,1.1415920496094538,-0.6656185579986338,-1.7271254399306335
2019-02-08,0.8225974266156159,1.2578498971223953,-0.59452706367869,-1.786621682641623
2019-02-11,0.7959561524682142,0.925808871758111,-0.7108634542284749,-1.6140163993579502
2019-02-12,0.7697737630018113,0.7660123873975998,-0.891620123169154,-1.5487785414437327
2019-02-13,0.7440267525293639,0.5591883493280251,-0.8116932675046881,-1.3809190223812484
2019-02-14,0.7186931869831333,0.8369084904663683,-0.6443518044565598,-1.586805438945016
2019-02-15,0.6937525798585888,0.8061543663983249,-0.9185470072190314,-1.444884059688991
2019-02-18,0.6691857804961582,1.0106695292319068,-0.7609733343612823,-1.4383459213822638
2019-02-19,0.6449748732848796,1.1764101823615698,-0.6494489809078695,-1.687548032728535
2019-02-20,0.6211030865557796,0.9708015129660214,-0.7876642444095611,-1.6866823556168125
2019-02-21,0.5975547100898276,0.7844719988243593,-0.7463360495222414,-1.493706946079995
2019-02-22,0.57431502029998,0.8699586687141414,-0.9061554051756207,-1.78980862375161
2019-02-25,0.5513702122625108,0.9484160414932844,-0.6524510514359033,-1.6837496108280132
2019-02-26,0.5287073378726362,1.0403248874268143,-0.7118439789378962,-1.8858052247622783
2019-02-27,0.5063142494855624,0.7529744289875012,-0.768347961576383,-1.8110875562541844
2019-02-28,-1.1841914164981726,0.368211902344992,-1.6362312099830443,-1.701941463089832
2019-03-01,-1.1860369670248037,-0.1651723717685833,-0.9495998279601149,-1.3314362668068878
2019-03-04,-1.1877075872722929,0.1797005215687038,-0.7471105332702038,-1.400670520574028
2019-03-05,-1.1892089016161693,0.2576788793534019,-0.6268441875146302,-1.291801903504162
2019-03-06,-1.190546413033484,0.35049698146674296,-0.295084294361821,-1.5825442522486075
2019-03-07,-1.1917255024084015,0.6638776365909201,-0.07733115498777103,-1.8801406182510576
2019-03-08,0.8827428580717512,0.5496502737308941,-0.280743009957736,-1.9259587773697455
2019-03-11,0.8545596734841027,0.4017291104423175,-0.533706183782624,-1.8588724966216725
2019-03-12,0.8269020578412429,0.6350849042076434,-0.5554638435619663,-1.8679633797885646
2019-03-13,0.8001907275440567,0.6460117391470622,-0.6117224362630957,-1.852647508822838
2019-03-14,0.7739413748813948,0.6799595042505013,-0.6845825332134959,-1.8865529329407746
2019-03-15,0.7481303200047756,0.6348540316477179,-0.9667963441209017,-1.8845697148920446
2019-03-18,0.7227354710131917,0.5943417468930311,-0.6633995887112529,-1.8635350687789007
2019-03-19,0.6977361982906979,0.5057586309866894,-0.6606072403276064,-1.709840097800165
2019-03-20,0.6731132213688805,0.832883793387887,-0.7251269468880519,-1.9054233004614916
2019-03-21,0.6488485068734682,0.7813393519099041,-0.6175171190563605,-1.8433334630025107
2019-03-22,0.6249251763017118,1.4332470258671166,-0.09415790463487309,-1.911176231144615
2019-03-25,0.6013274225372607,1.6774546061687694,-0.006873054083171841,-2.1788681026786874
2019-03-26,0.5780404341464828,1.5558908321852745,-0.07606856810379234,-2.0867604556721435
2019-03-27,0.555050326618042,1.7000581829560506,-0.1906407822178767,-2.1703368197378534
2019-03-28,0.5323440798091752,1.5223996120450678,-0.3429459856372084,-2.022836524791079
2019-03-29,0.5099094809497775,1.393078515975151,-1.6264738734840862,-1.9011188056060229
2019-03-31,-1.8972946348338646,2.358547629453445,-1.4284160881107077,-1.8740411405414634
2019-04-01,-1.8750229526021256,1.021834543826269,-0.7963689608603911,-1.7189281031249828
2019-04-02,-1.8535258235471512,1.062346817591723,-0.6356175422041266,-1.7919379823024297
2019-04-03,-1.8327572669478018,0.8402517956297305,-0.75534604090406,-1.6884920967519155
2019-04-04,-1.812675066254424,0.6908121100989916,-0.860185797713393,-1.6431447309774796
2019-04-05,-1.7932403825648557,0.664997662216012,-1.0627723191704006,-1.5448028737733617
2019-04-08,0.9860454963597953,0.5944349182854433,-1.0146954556267398,-1.5262013434950996
2019-04-09,0.95659424822918,0.6142113066176009,-0.8116174232728904,-1.5052641864387368
2019-04-10,0.9277683791545612,0.7729543057768707,-0.7626714867421935,-1.6258723231451637
2019-04-11,0.8999574554653998,0.5600751618509386,-0.7293947834312008,-1.4890797288116133
2019-04-12,0.8726949811532547,0.22008123539304347,-0.9258679132916624,-1.4842561310461528
2019-04-15,0.8459516776831657,0.2843152687828741,-1.1244813217346035,-1.441127814437739
2019-04-16,0.8197003142616675,0.21323827062122064,-1.0473254661762037,-1.415807588455767
2019-04-17,0.7939155338694034,0.03868866659832129,-1.131160851175234,-1.4464100270571714
2019-04-18,0.7685736975602722,0.18728037043853935,-1.0977539007151569,-1.4711873369878805
2019-04-19,0.7436527448102708,-0.20181727452694873,-1.2216187773272538,-1.458794107883591
2019-04-22,0.7191320680038392,-0.5951043959260018,-1.065930126064913,-1.4997981683355315
2019-04-23,0.6949923994034309,-0.4264004842723977,-1.005461798216442,-1.5664343995828551
2019-04-24,0.671215709167258,-0.3590878010530922,-0.8770782879425835,-1.6875568797920661
2019-04-25,0.6477851131667216,-0.34302914234422544,-0.8807188957055657,-1.6179658211359136
2019-04-26,0.6246847895147158,0.01446719130514356,-0.8527034916236256,-1.792732832052201
2019-04-29,0.6018999028526154,-0.09511204555436821,-1.0324140040255092,-1.7371895699328133
2019-04-30,-2.003135133364135,0.3416354906319158,-2.059921700031107,-1.848130099753088
2019-05-01,-1.972988378849283,0.08614626388542848,-0.994965332620788,-1.5350992956806964
2019-05-02,-1.9441581151801997,0.0009383047438264403,-0.6893306562633694,-1.3220914559539672
2019-05-03,-1.9165495561955197,0.07883304036568012,-0.5182137544104354,-1.3588654750697373
2019-05-06,-1.8900772067436247,0.3324395244304183,-0.12381938088569458,-1.4630598730589268
2019-05-07,-1.8646637250369054,0.49095823366096714,0.21397334751059158,-1.437841810054317
2019-05-08,0.44379716872586306,0.2876159316990796,0.26630699791381324,-1.3647761641950573
2019-05-09,0.42524532828510747,0.39750137725391027,0.4637881983730174,-1.4838192035488416
2019-05-10,0.4068824541505672,0.5243311211632451,0.376534129514369,-1.47888626423163
2019-05-13,0.3885753946258735,1.1728003222351664,1.13068656517604,-1.7660932474545212
2019-05-14,0.37044593820881583,1.0209801707025663,0.7466110799360752,-1.7280262024587612
2019-05-15,0.35248827463030113,1.3619573209629257,0.3057643775564383,-1.816344477150794
2019-05-16,0.33469692682151153,1.048163101691515,0.22685199147394908,-1.6981983004449652
2019-05-17,0.31706673414941844,0.9191811651138575,0.21186445147803054,-1.580237519118049
2019-05-20,0.29959283680822524,0.7683423872901084,0.3316870645192527,-1.4708358359578952
2019-05-21,0.28227066126807676,0.6607991628043294,0.17822493246259732,-1.3238056954916064
2019-05-22,0.2650959066913309,0.7375996042648774,0.2559535902234247,-1.3413050583830919
2019-05-23,0.24806453223473401,1.028948218799799,0.6099730122823428,-1.4712992894803878
2019-05-24,0.23117274516299488,0.8936288464574998,0.3332333549400122,-1.3835886229630414
2019-05-27,0.21441698970582604,0.698802558718253,0.31805256950927324,-1.3725967728860995
2019-05-28,0.19779393659627406,1.0421251267637655,0.370247907776227,-1.4009332171405344
2019-05-29,0.18130047323348772,1.0722356738915246,0.7008390344231599,-1.4766216799140004
2019-05-30,0.16493369441780145,1.3855397964267193,0.7176564797561793,-1.5415321631103756
2019-05-31,-2.3655316754596667,2.0475820114664818,0.5726207088743702,-1.8696772887908655
2019-06-03,-2.3130852791287384,2.078897435334976,1.118763985146127,-2.1848273051422016
2019-06-04,-2.2638983215586923,1.867288633522387,0.7052379085495548,-2.076382421086907
2019-06-05,-2.217643234356793,1.8091112122325683,0.4085993011840377,-2.1807434923166302
2019-06-06,-2.174036771501272,1.7730925382955514,0.1789059489297887,-1.9842335895421765
2019-06-07,-2.132832586946251,1.7670448512741126,-0.1472134789847296,-2.0655393779185314
2019-06-10,0.43106903230595556,1.4564003682399245,-0.37700205928913716,-1.8663471742269702
2019-06-11,0.4138135404784871,1.0737310926855381,-0.7355608724519904,-1.6358359965260398
2019-06-12,0.39710140125690613,1.276627121082502,-0.7205933320075244,-1.7282291724050725
2019-06-13,0.38055149153691936,1.3381682965119113,-0.8477573273060355,-1.8192454647825036
2019-06-14,0.36415883983247777,1.3915988371496182,-0.7653548355547753,-1.6584315643510226
2019-06-17,0.34791874242521176,1.2348219052016771,-1.0002495825863869,-1.5345302499221154
2019-06-18,0.3318267502477676,1.3547368000899527,-0.8456037049619979,-1.5703710442605041
2019-06-19,0.3158786566321635,1.6005513833412384,-0.8841055903542882,-2.0632574624299753
2019-06-20,0.3000704858530641,1.5572580905727542,-1.2150701337453522,-2.175516332566622
2019-06-21,0.2843984824019755,1.1230273693700439,-1.6560759845535933,-2.0720827362778014
2019-06-24,0.26885910093393817,1.354692842474822,-1.5641076952035555,-2.125577963063368
2019-06-25,0.25344899683320443,1.3755595923792485,-1.3394750482660773,-1.9088955796734477
2019-06-26,0.23816501734899304,0.9971720355901719,-1.4010131626459,-1.825351339440449
2019-06-27,0.22300419325634668,1.1210848335924197,-1.5483807364628202,-1.8228587067809332
2019-06-28,0.2079637310009659,0.934563973853684,-2.0420432928153667,-1.7504839345144068
2019-06-30,-2.0447594534008533,0.19857771215375677,-2.319435449557911,-1.7253191093566769
2019-07-01,-2.0095543882245575,0.0740310840000527,-2.157652355978062,-1.584061299643948
2019-07-02,-1.976037467538702,0.3383637233952307,-1.9813800134329735,-1.5596176686412169
2019-07-03,-1.9440765728846767,0.30045335665151934,-2.0190046194349556,-1.5491982844854097
2019-07-04,-1.9135536388051062,0.36602638584206965,-1.8836224501727636,-1.5314869693068733
2019-07-05,-1.88436278721829,-0.22462155951705984,-1.8191392865643015,-1.2795968331919896
2019-07-08,-0.1484331235376638,-0.19037066447759055,-1.080185827788598,-1.1718332988772602
2019-07-09,-0.15849023361456258,-0.1518282790195853,-0.8333249275962659,-1.116442192691452
2019-07-10,-0.16847740634157696,0.04658756486932906,-1.2403841546082586,-1.518784047695795
2019-07-11,-0.17839464871945868,-0.3174014906412605,-1.196528366432547,-1.4905884354384964
2019-07-12,-0.1875121481782096,-0.2149596975493911,-1.0312932101037724,-1.5157821402791574
2019-07-15,-0.1965601417127746,-0.04244789885806096,-1.3756406683957974,-1.5129478450931761
2019-07-16,-0.2055385207693473,-0.221834017272471,-1.2519880316608971,-1.4124256980637202
2019-07-17,-0.2144471573828618,-0.3987509714249683,-1.2056197100060764,-1.4558050555719853
2019-07-18,-0.22328590520262248,-0.03532887908908299,-1.2081621475559492,-1.7113109006156597
2019-07-19,-0.23205460049883822,-0.3351709314590462,-0.7484842881168271,-1.495342069151444
2019-07-22,-0.24075306315032524,-0.41344136122768826,-0.8283890869457474,-1.4536341309195098
2019-07-23,-0.24938109761365646,-0.5772016200800418,-1.15884601519646,-1.4007096824293026
2019-07-24,-0.257938493873884,-0.4186915955955211,-1.0119155762958836,-1.3537277683038171
2019-07-25,-0.26642502837698684,-0.6391910679540034,-1.058326551127087,-1.2059094777006583
2019-07-26,-0.27484046494406794,-0.6415239793350866,-1.030297948690624,-1.1702327253733245
2019-07-29,-0.28318455566732054,-0.5947895297095216,-0.9223912491792288,-1.1444212527819366
2019-07-30,-0.2914570417877208,-0.4241867581490345,-0.7606653706796217,-1.187778953527864
2019-07-31,-2.5583012395442757,-0.6256864798951941,-1.2008262876080262,-0.980966804664876
2019-08-01,-2.48758548918799,0.10828354520417281,0.4054412492434049,-1.3340931589588259
2019-08-02,-2.4221008634201397,0.15371516218766523,0.42195672357274494,-1.2936574827546063
2019-08-05,-2.3612261774379015,1.2341020782426497,1.458899717910233,-1.5045528524443594
2019-08-06,-2.3044390288646985,1.225991448395312,1.1460271977446064,-1.5255657575206591
2019-08-07,-2.2512964647678304,1.2715279051965362,1.0912119421449613,-1.4941787126756212
2019-08-08,-1.0210891218651987,0.8280592551686531,0.6679638157686926,-1.4790477305670724
2019-08-09,-1.018490778020766,0.8165473841414175,0.6199525440903463,-1.4032979748494787
2019-08-12,-1.0159058330280824,1.0551533199264058,0.8710117083557644,-1.440172830522285
2019-08-13,-1.01338900055416,0.5921861612184426,0.33242096662079684,-1.2658908420775035
2019-08-14,-1.0108846131682456,1.0938238816408232,0.9884985956212542,-1.2044179659936638
2019-08-15,-1.0083924709459944,1.2828137958638792,0.5185992732241056,-1.462599065748475
2019-08-16,-1.0059123734105524,1.144041813139628,0.2244167119625925,-1.5449227067433324
2019-08-19,-1.0034441194710415,0.9749266184852898,0.1988568301776368,-1.3740765528449206
2019-08-20,-1.0009875073592183,1.010821033360506,0.21496904308297,-1.4365112532719693
2019-08-21,-0.9985423345642519,0.8667556574949997,0.30779611453094835,-1.2073368143405225
2019-08-22,-0.9961083977655733,0.6243258453150945,0.3999815351109573,-1.098252251232364
2019-08-23,-0.9936854927637291,1.1177357293206478,0.7115638797451936,-1.41107068141178
2019-08-26,-0.9912734144091895,0.9888938786528173,0.7491226116517188,-1.2744097499201346
2019-08-27,-0.9888719565290296,1.1023947907019775,0.5495905420804261,-1.331719017327082
2019-08-28,-0.9864809118514282,1.0679336662158339,0.5212835457288842,-1.4846343701203721
2019-08-29,-0.9841000719279044,0.9213661660764415,0.3341319195031206,-1.4452468193462666
2019-08-30,-0.981729227053211,0.4906118697298322,0.07170805784195022,-1.37164289558483
2019-08-31,-1.807627062624882,0.2514014376705968,0.007833542455093623,-1.359555317523618
2019-09-02,-1.7810604698954635,-0.02742199088700387,-0.4351487812478472,-1.3477507647997133
2019-09-03,-1.7555420958856915,0.19967814092883632,-0.2805410380003104,-1.345907290343569
2019-09-04,-1.7310041142805412,0.34423968888643114,-0.7143873568005643,-1.5474991336372106
2019-09-05,-1.7073847071457546,-0.1444440465605724,-0.7008269143220077,-1.2448948199298322
2019-09-06,-1.6846273963452585,-0.060068156643311374,-0.6249207669723278,-1.2261295392667666
2019-09-09,-1.2475691156384856,-0.5381347194946448,-0.6980122345539762,-1.1203465360691087
2019-09-10,-1.239060559962805,-0.7883534845935195,-0.7252244315315426,-0.9002664974241635
2019-09-11,-1.2307103507358164,-1.0627355472524245,-1.060493188466073,-0.8511292373215217
2019-09-12,-1.2225132482995562,-1.5827484224909913,-1.359934056494148,-0.7552526714994111
2019-09-13,-1.2144642308130342,-2.0953409491936412,-1.3209310999894162,-0.6082298271158582
2019-09-16,-1.2065584817591402,-1.6584288340398783,-1.8111752735333915,-0.7919402593876051
2019-09-17,-1.1987913782710653,-1.575918048714599,-2.109839885457128,-0.8431601861764247
2019-09-18,-2.0513636794758083,-1.4225520406558576,-1.9185314713832577,-0.5400794327928748
2019-09-19,-2.01411052538606,-1.2290702589064821,-0.1266017612580464,-0.6431768068991625
2019-09-20,-1.9787178241302805,-1.241747845142503,0.1448756388105841,-0.8335243623897027
2019-09-23,-1.945036324720972,-1.0982548368855825,0.18684934068096945,-0.9096023309370199
2019-09-24,-1.9129331291609597,-0.8694094279825256,0.19742154087527647,-0.9918566258428364
2019-09-25,-1.8822894576265938,-1.2909988961622616,-0.09646663639173102,-0.8608230983269939
2019-09-26,-1.8529987761147295,-1.0701018312056219,0.3531043796388539,-0.8341964537390119
2019-09-27,-1.8249652190525072,-1.0118132458204419,0.504346720847025,-0.8279827890955995
2019-09-30,-2.026003957652021,-1.0124886452920023,-1.195591638224761,-0.8200528280040416
2019-10-01,-1.9876553225692346,-0.6901046405624394,0.4723226510698792,-1.0329517138026634
2019-10-02,-1.9511976313359827,-0.49295698616211414,0.7500740283283369,-1.2602720349616647
2019-10-03,-1.9164780971513884,-0.16783102485544776,0.6781564766303758,-1.4689903943592386
2019-10-04,-1.883360741869318,0.1955427483054129,0.721791451737276,-1.4560924121408263
2019-10-07,-1.8517240875859886,-0.0652629518748943,0.7497725833440076,-1.2539103855443703
2019-10-08,-1.2713750361628615,0.33844055816973373,0.9733145446631514,-1.2858099744940068
2019-10-09,-1.261591876797337,0.3924025658080242,0.8526508655152767,-1.141249050362358
2019-10-10,-1.2521257029031791,0.00936368638609185,0.6290093057751805,-0.9777121711348162
2019-10-11,-1.2428589571297861,-0.14149388860498313,0.3143129560223612,-0.7745401062396968
2019-10-14,-1.2337849673976682,0.13213619374817712,0.22688995236977666,-0.7719254065580557
2019-10-15,-1.2248973696304462,-0.17923402807570446,-0.45048492905076065,-0.7532473603976476
2019-10-16,-1.2161900892813808,-0.12167362433195641,-0.595475914177874,-0.8924178514748395
2019-10-17,-1.2076573241758277,-0.09909603847692025,-0.25067955192956776,-1.3444630852761699
2019-10-18,-1.1992935285589446,-0.04048370162251652,0.11052331163344847,-1.4383664062075017
2019-10-21,-1.1910933982485132,-0.4770181117292115,0.03336300629457018,-1.2542257101891385
2019-10-22,-1.183051856802129,-0.37065707819580956,-0.022570898329654872,-1.2792121844692916
2019-10-23,-1.1751640426164214,-0.5469164937868043,-0.13192222115541627,-1.3394457080694573
2019-10-24,-1.1676982285968274,-0.33261993758578773,-0.13883476917961712,-1.341293955467303
2019-10-25,-1.1603753405541832,-0.6528692228671721,-0.30964187920178987,-1.221897314335172
2019-10-28,-1.1531913467647688,-0.9033735218050574,-0.41442729900973857,-1.0675855227207087
2019-10-29,-1.1461423804001505,-1.0403361085027032,-0.47999448991305904,-1.006157037852005
2019-10-30,-1.9156123512267365,-1.1215397586145448,-0.6361019010557248,-1.0412526287466126
2019-10-31,-2.0165215908263985,-1.024272810429079,-0.5158296623220456,-1.2862934635862662
2019-11-01,-1.9787263489223308,-1.511769977375333,-0.297872868479712,-1.295357002775866
2019-11-04,-1.9427885588623548,-1.686436397249654,-0.21673999681721015,-1.340141804439557
2019-11-05,-1.9085597200381674,-1.7145478732138335,-0.14933447901671923,-1.2061525182650465
2019-11-06,-1.875907555072751,-1.6761325953120494,-0.18662318918938897,-1.2614130722273207
2019-11-07,-1.8447137984992825,-1.924983898656865,-0.10679136490230451,-1.0482514939645948
2019-11-08,-1.6770230872445904,-1.5875634778813341,-0.04946918414596806,-1.110789604013534
2019-11-11,-1.6556445370767776,-1.4187994151018417,0.2285890212860712,-1.1024525088596637
2019-11-12,-1.635160412993666,-1.3651937859739223,0.2990957930531961,-1.0688990294862972
2019-11-13,-1.61539040450823,-1.1145478514350962,0.5155420355285277,-1.0859730732078126
2019-11-14,-1.5962957542934826,-0.9560367164875457,0.5068297359370569,-1.169803501064302
2019-11-15,-1.5778406681791852,-1.0206657406702513,0.3529040866100356,-1.016262939981968
2019-11-18,-1.5599920313164923,-1.003485655152398,0.4865726839107366,-1.1252644753023746
2019-11-19,-1.5427191569588432,-0.7833749203157953,0.601036623448157,-1.0425310233936722
2019-11-20,-1.5259935635209994,-0.8018538663549436,0.6692757464371255,-1.1350848777786517
2019-11-21,-1.5097887762307842,-0.9934808380998975,0.6942126377156396,-1.0125836091860694
2019-11-22,-1.4940801502316288,-1.1131121514513787,0.6351397075806366,-0.9246791272018717
2019-11-25,-1.4788447124484723,-0.9045822187344145,0.699913178764413,-0.9430161020891038
2019-11-26,-1.4640610199109145,-0.6344456378193787,0.7574716754282947,-1.1192061733313157
2019-11-27,-1.4497090325486783,-0.8633558222930788,0.6609633904309472,-0.9061830946115208
2019-11-28,-1.4357699987458286,-1.0110616686020755,0.5032918750897931,-0.9015582913696822
2019-11-29,-1.422226352170289,-1.299260233272279,-0.13481125475515748,-0.8694398052944212
2019-11-30,-1.73454028977925,-1.3296017381689507,-0.024893817185506307,-0.8652123512124885
2019-12-02,-1.7081352961930494,-1.1503175706893627,0.4147123608592529,-0.9948222335687193
2019-12-03,-1.6827382918971392,-0.43506063361312497,1.0136533902964076,-1.2602972227890312
2019-12-04,-1.6582859275088522,-0.7080853599480544,0.5905492409278768,-1.1766624619903272
2019-12-05,-1.6347203539716093,-0.5967110129101539,0.5534049970294622,-1.1196959950526402
2019-12-06,-1.6119886231617562,-0.6135029276489385,0.14840868090392983,-1.0308851679832929
2019-12-09,-0.951735502112613,-0.5649273115535219,0.4127278844786711,-1.0028563041663192
2019-12-10,-0.9477574470244207,-0.7065529977422478,0.40436633624590806,-0.8789508359120808
2019-12-11,-0.9439195135495587,-0.5193716183395052,0.3319582906252451,-1.0658996058894994
2019-12-12,-0.9401492360583412,-1.0759366078588692,-0.04429481636800143,-0.8639458738787367
2019-12-13,-0.9364456464102922,-0.7386215340049218,-0.13292181726464766,-1.1500516485602976
2019-12-16,-0.9328078133370089,-0.9751818448478312,-0.6913425868681944,-0.9983787393363406
2019-12-17,-0.9292348414530219,-0.9823014139559029,-0.48370081395404885,-1.0912051226535173
2019-12-18,-0.9257258703261184,-1.1480286781823126,-0.601652652427114,-1.1126013587522243
2019-12-19,-0.9222800736049525,-1.0739368553984638,-0.5166704008373348,-1.1506644410585254
2019-12-20,-0.9188966582019341,-1.0488149666591497,-0.44034828333386505,-1.097232235982766
2019-12-23,-0.9155748635295885,-1.1432374166598822,-0.3451435351446008,-0.9790189695857645
2019-12-24,-0.912313960788728,-1.0987125172178362,-0.2259415014535278,-1.1263846502122425
2019-12-25,-0.9091132523069634,-0.9803413476901877,-0.12508129087938027,-1.1175275828193934
2019-12-26,-0.9059720709262278,-0.9562696074959949,-0.12550427095498998,-1.0141022331745095
2019-12-27,-0.9028897794381533,-0.7834524581145862,-0.1373065437795715,-1.257798357029024
2019-12-30,-0.899865770066283,-0.7795460827570319,-0.07784439670831773,-1.3671324259779287
2019-12-31,-1.4372548638190736,-0.8798259020532839,-0.1793077496831344,-1.4453099072862754
2020-01-01,-1.4214263112191945,-1.1782487041904912,-0.35925051463561164,-1.42868018500508
2020-01-02,-1.4060433404095851,-0.9198827691825319,-0.4077204605231157,-1.4551460015253872
2020-01-03,-1.3910862420092385,-0.551329791007483,-0.22979355711619176,-1.4740772829765028
2020-01-06,-1.376536568879902,-0.5055561560620766,-0.061860157647860826,-1.4078691689591623
2020-01-07,-1.3623770360441754,-0.4699619490698779,-0.13729956566204637,-1.37918475822583
2020-01-08,-0.9694150547823153,-0.5096333282441441,-0.11797680993812525,-1.263839790704702
2020-01-09,-0.9659080863530677,-0.625886754574584,-0.21667491806458045,-1.2566536569423383
2020-01-10,-0.962480637286794,-0.3219327765562143,-0.0022667153390728244,-1.2569811655050442
2020-01-13,-0.959132001094742,-0.6732154436342039,0.0559886808565304,-1.2302240786299214
2020-01-14,-0.955861522645979,-0.4291658575785641,0.19359882717066715,-1.253641510913091
2020-01-15,-0.9526685977596945,-0.356147676281795,0.19729319159028677,-1.2426205908695314
2020-01-16,-0.9495526729025008,-0.37497962768789816,0.26557001124602525,-1.2202108841588124
2020-01-17,-0.9465132449913826,-0.41392604621950857,0.21382406896429332,-1.2483568352066405
2020-01-20,-0.9435498613034269,-0.41917257796456886,0.2130614457394719,-1.2368123369619364
2020-01-21,-0.940662119493934,-0.0728254794383148,0.38599149359730384,-1.2937237617770077
2020-01-22,-0.937849667725032,-0.16048226988942385,0.4579334270313243,-1.241523214753327
2020-01-23,-0.9345284104430932,-0.029100526246030763,0.6415749482023497,-1.2501763040803169
2020-01-24,-0.9312752610172547,0.16462630031900058,0.9346530532323066,-1.2505109160778196
2020-01-27,-0.9280894864495327,0.25203007450146314,1.9497280210463692,-1.254897762294911
2020-01-28,-0.9249703887162162,-0.05824634206733948,1.417688652010082,-1.2761109618683288
2020-01-29,-0.9219173040783176,0.25872657574076946,1.3359722483353118,-1.3301499801342382
2020-01-30,-0.9189296024447937,0.3788259833968327,1.2293140716680062,-1.366713929484836
2020-01-31,-1.1941610936497487,0.8512238189800986,1.6466778325942266,-1.7421449852511746
2020-02-03,-1.1846429642531058,0.4194588824882348,1.4514662680265444,-1.4266205392529876
2020-02-04,-1.1753312686912534,0.1925525939668835,1.0298410759798795,-1.2773525563126458
2020-02-05,-1.1662197702666188,-0.02110974246473068,0.8453124600208837,-1.2531963893934663
2020-02-06,-1.1573025358451612,0.1535279992367502,0.811702010119925,-1.2422835674133967
2020-02-07,-1.148573918647329,0.39721787247854234,0.9406054776359636,-1.3044756599084986
2020-02-10,-1.0242287048548102,0.4178164559237191,0.9484497561891421,-1.3689820633072975
2020-02-11,-1.0194228802492757,0.21807837647139755,0.813749342078481,-1.2512176248200648
2020-02-12,-1.014711183946695,0.011925215121227668,0.693046462031123,-1.2220840705594345
2020-02-13,-1.0100919341950099,-0.08742512126800404,0.7402940636793494,-1.24052788862665
2020-02-14,-1.0055635136172028,0.09243528781468885,0.6158505235372947,-1.2255132524838326
2020-02-17,-1.0011243667991856,0.038973680597830414,0.6647194141493153,-1.2145909822628076
2020-02-18,-0.996772998008268,0.19687766413055466,0.7962806044649411,-1.264235085368435
2020-02-19,-0.9925079690348286,-0.030330714200393738,0.576078547449636,-1.214722282667573
2020-02-20,-0.9883278971503371,0.17199884821545453,0.7069718128027713,-1.259230469460602
2020-02-21,-0.9842314531753396,0.3193026708912513,0.7775792699708033,-1.3848925494578372
2020-02-24,-0.9802173596514769,0.8226603388035838,2.066661502768918,-1.7009771359425505
2020-02-25,-0.9762843891120079,0.7666110891048245,1.8490255956668962,-1.7123013226082366
2020-02-26,-0.9724313624456746,1.1363691274796703,2.2247967743758847,-1.8495971006406315
2020-02-27,-0.9686571473491392,1.3554618978821444,2.4546581326162538,-1.9281015876613117
2020-02-28,-0.9649606568635035,1.9537605785472312,2.13001752281476,-2.099402331649068
2020-02-29,-0.8950590210541435,2.6245457631455955,1.9800130718429236,-2.0558295578232966
2020-03-02,-0.8912558364171357,1.8554211259469675,1.5626458220017219,-2.061950596289959
2020-03-03,-1.7232567373832688,2.098930169329704,0.9459966770626331,-2.6378389403823355
2020-03-04,-1.698788379418643,2.1659048996515637,1.1075893093039486,-2.6518410955149485
2020-03-05,-1.675233249162508,2.1538468605067047,1.4072254455855733,-2.8499230470069294
2020-03-06,-1.6525360750528435,2.2038681015160138,1.1645690336480359,-2.9028035114427087
2020-03-09,-2.8081524463145557,2.175296066003338,1.153764021967522,-2.876318940762327
2020-03-10,-2.716061793271834,2.0358100509791646,1.1431716926303817,-2.2155680171862304
2020-03-11,-2.6320322731975687,1.858403308844685,1.1327848387124866,-2.1617008350850844
2020-03-12,-2.5549445535345674,1.868199967282363,1.1225965955113597,-2.098434479624633
2020-03-13,-2.483885983339851,1.6615372536452664,1.1126004198624377,-1.9229727123865796
2020-03-16,-3.0,1.93750072195547,3.0,-2.0894677403302917
2020-03-17,-3.0,1.6446689468329212,1.941344950599688,-1.598771955213918
2020-03-18,-3.0,1.286826015575712,2.8154276771430644,-1.4969148111920008
2020-03-19,-3.0,1.4971884725114466,2.8652188835363903,-1.7652921871797314
2020-03-20,-3.0,1.6834174041497103,2.811761238687358,-2.299092559229427
2020-03-23,-3.0,1.8699400995612503,2.704742922930918,-2.534256175335051
2020-03-24,-2.9536129361332724,1.6889521562857641,2.653591468134638,-2.2948499749003948
2020-03-25,-2.845070433710105,1.605164406770117,2.4714951743812166,-2.5608465391689936
2020-03-26,-2.7469409610343436,1.6314345001681876,2.283875033360178,-2.746435487282814
2020-03-27,-2.657639528095577,1.5025914030592278,2.4490750257700276,-2.841314313641032
2020-03-30,-2.5759001923534326,1.49986412801182,2.5115431471049656,-2.9604695703261106
2020-03-31,-1.5386063522042088,1.3890577443873897,2.559526488712813,-2.601757545690137
2020-04-01,-1.5180042324025953,1.0240069373023204,2.434164526890524,-2.734721975101569
2020-04-02,-1.4980437448996096,0.957150338305419,2.384178161388596,-2.767452388464999
2020-04-03,-1.4786909650471978,0.7820260587420672,2.3251221246692917,-2.6836996509640265
2020-04-06,-1.4599144463356266,0.40566069785399456,2.2367152266596686,-2.387316509612445
2020-04-07,-1.4416849919054622,0.04336568197491427,1.8335693624954814,-2.3756857716842004
2020-04-08,-2.365232960151741,0.4335638625406498,1.8984525453650047,-2.4469546904368906
2020-04-09,-2.305244876713083,0.5674749861040939,1.5257761203653193,-2.5690617040129995
2020-04-10,-2.249173869487446,0.46996072109642156,1.217116187424814,-2.4936796162193473
2020-04-13,-2.1966036651001652,0.45369046584579403,1.0836990784163059,-2.3214533741364476
2020-04-14,-2.147177590709787,0.1760425736325199,0.27313368377857017,-2.4129822674284975
2020-04-15,-2.100588022849584,0.713145134964978,0.4485940634827082,-2.3139721349769506
2020-04-16,-2.056568033902751,0.8629627385379413,0.16181854278063404,-2.161114961727898
2020-04-17,-2.014884714847092,0.553507409602975,-0.3128007147033867,-2.1030693021970914
2020-04-20,-1.9713015413626664,0.2605737854776069,-0.20484830078238203,-1.9368250335049213
2020-04-21,-1.9239603778314678,0.19574094594571992,-0.24123983414659939,-1.9014359862302233
2020-04-22,-1.8790814697325648,0.22309317677748475,-0.2298327489626121,-1.9567700594249178
2020-04-23,-1.8345351710854583,0.07978757126282239,-0.0824150106210577,-1.8776092816092644
2020-04-24,-1.7921948763424946,0.005959408604769257,0.07982881052041109,-1.8654480208788342
2020-04-27,-1.7518759814790519,-0.22204459127836293,0.08800923901222818,-1.8911787799267887
2020-04-28,-1.7134149396826022,-0.21577667297457737,0.1926938833307099,-1.8645936298200783
2020-04-29,-1.6766662603988112,-0.1916434349359432,0.0899877279310417,-1.876094954497527
2020-04-30,-1.306446548259719,-0.23986925383240565,-0.11484236751772224,-1.8332323045806365
2020-05-01,-1.2790526473671018,-0.18358313167356322,0.019998496052303232,-1.7674691396628646
2020-05-04,-1.2528043883698408,-0.12105057533790603,-0.1379450276539416,-1.7714552131604446
2020-05-05,-1.2276196518785596,-0.04874522452291118,-0.18381860484226806,-1.7660390755063866
2020-05-06,-1.2034243102339457,-0.09166111594958572,-0.034142745615318194,-1.7684354126661215
2020-05-07,-1.1801512593704322,0.0931250745202078,-0.11478626556677628,-1.7667280433921975
2020-05-08,-0.8966157822875491,-0.08000936214964663,0.04585495158845334,-1.7505344243387464
2020-05-11,-0.8879306954126895,-0.17141896824362288,0.04246183349006853,-1.7172869188448738
2020-05-12,-0.8793696917023415,-0.03314889700818405,0.30468392094560165,-1.6699003938963557
2020-05-13,-0.870929388715882,-0.07076540653633183,0.6067863458427701,-1.6457447696425236
2020-05-14,-0.8626065326825901,-0.12009609235691103,0.5093180842169511,-1.612778957450575
2020-05-15,-0.8543979922417299,-0.1419154325163658,0.42241034666614136,-1.6208158743856458
2020-05-18,-0.8463007525518801,-0.33809995893413863,0.3233261218265062,-1.6261996801383087
2020-05-19,-0.8383119097440082,-0.3144678765016117,0.2908022045754746,-1.594763985897944
2020-05-20,-0.8304286656947989,-0.3294334212807385,0.07029397239428396,-1.5720061622715458
2020-05-21,-0.8226483230985824,-0.35199353319051063,0.06725369636765763,-1.5336516964673164
2020-05-22,-0.8149682808178709,-0.36365388371581225,-0.038793681003304416,-1.503520081753649
2020-05-25,-0.8073860294940632,-0.3715029845295339,-0.10011916368045252,-1.4837614561987629
2020-05-26,-0.7998991474012477,-0.4139382086678628,-0.24943394258412538,-1.4879203891830646
2020-05-27,-0.792505296527334,-0.5471605314640574,-0.23005715710180893,-1.4522914989020181
2020-05-28,-0.7852022188679044,-0.6071397601699248,-0.17912133560810398,-1.4571334110344045
2020-05-29,-0.777987732919248,-0.5622821516972324,-0.09466250551095015,-1.4294877276706441
2020-05-31,-1.0543911808279824,-1.2739308049519096,-0.18753995756534386,-1.4118762497502804
2020-06-01,-1.034650816248386,-0.5939826367612524,-0.2522166096793276,-1.4050023673657033
2020-06-02,-1.015571772251337,-0.6717980678783619,-0.31116694758823604,-1.3929121552889636
2020-06-03,-0.9971148049866569,-0.9481401758786542,-0.45466497735431266,-1.3742883282284888
2020-06-04,-0.979243864224071,-1.1722371707512167,-0.4730837862782744,-1.3917780218926175
2020-06-05,-0.9619257678236766,-1.194975592177077,-0.5956236718044774,-1.391747660770412
2020-06-08,-0.7116919935268448,-1.083650982765626,-0.5070155595328569,-1.3275500444260921
2020-06-09,-0.7050312181225571,-0.9439121760927351,-0.3294177087126925,-1.347833335345809
2020-06-10,-0.6984428189598639,-0.6912034392049057,-0.3014904148446252,-1.336045451065634
2020-06-11,-0.6919252109642353,-0.8590176528449571,0.25452522519812787,-1.2401242382624251
2020-06-12,-0.6854768574964537,-0.7820070545511801,0.0035387986381412036,-1.2580315964507562
2020-06-15,-0.6790962684552764,-0.5607776105891594,0.05309882049925811,-1.262418666804511
2020-06-16,-0.6727819984704982,-0.712784806550439,-0.13920323510745874,-1.2510942557640101
2020-06-17,-0.6665326451813638,-0.7923967635469961,-0.056538047492300486,-1.2371257990563895
2020-06-18,-0.6603468475955878,-0.8801210289341594,-0.0008444322274132307,-1.2307371136632859
2020-06-19,-0.6542232845245616,-0.8182538364881967,0.08222074757481222,-1.2127031062836109
2020-06-22,-0.648160673090587,-0.8409997900203202,-0.003020813604511325,-1.207089691440302
2020-06-23,-0.6421577673022428,-0.836152902050454,0.1273586814051808,-1.2148681459351938
2020-06-24,-0.636213356694242,-0.8178134823962682,0.27152978110179465,-1.175882900070967
2020-06-25,-0.6303262650283377,-0.8722214638823386,0.2499136755915538,-1.1747104783966913
2020-06-26,-0.6244953490520698,-0.7811015278523968,0.36204678101657023,-1.165983060945344
2020-06-29,-0.6187194973123249,-0.7533395627845152,0.34812940290629185,-1.1724801102940325
2020-06-30,-0.8923778819186422,-0.7889033142057732,0.2776898521200306,-1.1810522162358423
2020-07-01,-0.8754695623316082,-0.8745082945300511,0.2374762795408593,-1.1666097359699603
2020-07-02,-0.8590751432050978,-0.6683094834995431,0.2999594096260683,-1.1679595685061865
2020-07-03,-0.8431663318631338,-0.6138915430233002,0.28502126889774754,-1.1565371140549243
2020-07-06,-0.8277169845832173,-0.5839243603847066,0.4078819160012268,-1.1513313806686403
2020-07-07,-0.8127029016106827,-0.5412226095260921,0.4772283387273887,-1.118341863031395
2020-07-08,-0.5301825707641399,-0.6282494191119388,0.3128938491897501,-1.1172871040655552
2020-07-09,-0.5251798323362115,-0.6578485744702148,0.2797300423474241,-1.0862652049088546
2020-07-10,-0.520216953514324,-0.7179721709010546,-0.006266783430478462,-1.092727370810835
2020-07-13,-0.5152932483291746,-0.7564347527552446,0.16749389362668485,-1.071916758655009
2020-07-14,-0.5104080472786539,-0.7288587387067786,0.08535749369001538,-1.062409061200023
2020-07-15,-0.5055606968210853,-0.682073805033023,0.0495632906471641,-1.0620625325200432
2020-07-16,-0.5007505588875045,-0.6645372714440401,-0.042427831844391854,-1.061379213764909
2020-07-17,-0.4959770104121329,-0.730771186113398,-0.19609275182004052,-1.0687249240858525
2020-07-20,-0.49123944288024884,-0.7472422052440554,-0.32799058154958877,-1.0495179852249013
2020-07-21,-0.4865372618926985,-0.6844919507375801,-0.3690042513143978,-1.0519153913454313
2020-07-22,-0.4818698867463248,-0.7306945521147807,-0.3656027836326544,-1.0301181455555206
2020-07-23,-0.4772367500296301,-0.6979077227772278,-0.4211326965442538,-1.001407709422395
2020-07-24,-0.47263729723302417,-0.7508313367889411,-0.4625999513820199,-1.0017787418779662
2020-07-27,-0.46807098637303407,-0.8602311644295988,-0.5976480700031435,-1.0028578322860453
2020-07-28,-0.46353728762989155,-0.8157796321821581,-0.5823125208149148,-0.99165624713449
2020-07-29,-0.45903568299793374,-0.7668079118516211,-0.623336487869207,-0.9934656333120573
2020-07-30,-0.45456566594829084,-0.6224365302919307,-0.6188573216009982,-0.9807007679063076
2020-07-31,-0.5857341562795335,-0.6110725810572505,-0.5433414341683548,-0.9848703350446111
2020-08-03,-0.578002609510227,-0.6588546806214695,-0.6049994861398325,-0.9954297929625803
2020-08-04,-0.5703646050949421,-0.6109483325955263,-0.46569297484473304,-0.9616286115278104
2020-08-05,-0.5628178759930506,-0.6873865397035929,-0.5149505859537664,-0.9756868468025705
2020-08-06,-0.555360233073837,-0.647654318266547,-0.5512508692926543,-0.9650125722386084
2020-08-07,-0.5479895617285526,-0.7883006874757915,-0.6009514574388369,-0.9575949430427219
2020-08-10,-0.7177212223803924,-0.793372291541246,-0.5767498523539187,-0.953655353871122
2020-08-11,-0.7090778649512266,-1.0219292680453436,-0.4785996502401643,-0.9617743517448647
2020-08-12,-0.7005426831663931,-1.046340171974436,-0.48201718701557944,-0.9584059957865554
2020-08-13,-0.6921128975775481,-1.0527450165670118,-0.3762741382210608,-0.9705586616232256
2020-08-14,-0.6837858280522404,-1.0056001781396307,-0.315804123254185,-0.9895701165520678
2020-08-17,-0.6755588892565392,-0.96662292822603,-0.35859142747801237,-0.9590210953154472
2020-08-18,-0.6674295863875074,-0.9194794474643848,-0.21414350293284348,-0.9565176600257725
2020-08-19,-0.6593955111393168,-0.9376748262903041,-0.08242942930662338,-0.9565905378593537
2020-08-20,-0.6514543378880039,-0.886382489292898,0.02822487696685255,-0.9205916222172854
2020-08-21,-0.6436038200809725,-0.8864469024732929,0.015771703114114084,-0.9052278910482138
2020-08-24,-0.6358417868183548,-0.9140535648434631,-0.09704270783875872,-0.9022190065872526
2020-08-25,-0.6281661396142667,-0.9254083403080579,-0.11079576800526067,-0.9186481617193529
2020-08-26,-0.6205748493268601,-0.9891145032587818,-0.06312201203265325,-0.9250583609028574
2020-08-27,-0.6130659532468452,-1.0905432327823734,0.03846775547831844,-0.9379002404662279
2020-08-28,-0.6056375523348867,-0.9537495115286542,-0.007339911450187675,-0.9804091251324945
2020-08-31,-0.3121573899151428,-0.8917159565212818,0.05760314613814048,-0.9615815231579361
2020-09-01,-0.3071305735692797,-0.7883353747851586,0.06633820639266158,-0.9215561426277261
2020-09-02,-0.302146687582716,-0.7598531426300468,0.04309618200825064,-0.8840816272079024
2020-09-03,-0.2972049950463466,-0.6702886909307657,0.3835575454090705,-0.8638341315041744
2020-09-04,-0.2923047780759704,-0.9558929419616122,0.35530453611449847,-0.8855858866687798
2020-09-07,-0.28744533719295123,-0.9642043035110741,0.35249323061351795,-0.8786825402143293
2020-09-08,-0.7918970706209977,-0.8949823824001877,0.4553082787934971,-0.8516725640362998
2020-09-09,-0.7813450548765201,-0.8243159951811474,0.30644836385474494,-0.8513549337662591
2020-09-10,-0.7709471996833049,-0.7446583512413327,0.3148017146762168,-0.8445203198954657
2020-09-11,-0.7606989456176279,-0.6248308932429392,0.18499316627143028,-0.8409971609999322
2020-09-14,-0.7505959203582916,-0.7325584733415815,0.057356306599210344,-0.8289730809393128
2020-09-15,-0.7406339289289188,-0.7772216911960618,-0.03741505289224407,-0.8225158601772219
2020-09-16,-0.7308089445580187,-0.8056366689487906,-0.07146680078141047,-0.8357461519534254
2020-09-17,-0.7211171001110478,-0.8088542634490974,-0.04267251919787528,-0.8261641232120428
2020-09-18,-0.7115546800525351,-0.8575646495683953,-0.043757896057121985,-0.8192459631699707
2020-09-21,-0.7021181128998772,-0.818342779739975,0.22640944687236475,-0.7841771160497398
2020-09-22,-0.692803964133567,-0.7712635817722152,0.3139332559834565,-0.785776470572054
2020-09-23,-0.6836089295315253,-0.8237457345482198,0.5030412295637872,-0.7675688883308552
2020-09-24,-0.6745298288978031,-0.802487878804601,0.5845787319419218,-0.7658378020016464
2020-09-25,-0.6655636001583201,-0.7189727789668227,0.46280273109533915,-0.7542830659623802
2020-09-28,-0.6567072937984662,-0.7747969576421012,0.3740932695826635,-0.7655051720389582
2020-09-29,-0.6479580676193604,-0.7166485446492455,0.3912952929531175,-0.7654250250311083
2020-09-30,-0.08277309688023239,-0.8261777844367414,0.3382686673356453,-0.7701237108976045
2020-10-01,-0.079170401342179,-0.8209676807076147,0.3169017475074388,-0.7592331399253616
2020-10-02,-0.07559610243309287,-0.9271325733577958,0.21727896612780687,-0.7626677150937724
2020-10-05,-0.07204981561920226,-0.9912437311014841,0.1102031458529066,-0.7748999939547098
2020-10-06,-0.06853116474731613,-0.9703739129202001,0.07382364359813787,-0.736383763079304
2020-10-07,-0.06503978180295972,-1.0587388376088507,-0.03133856453120171,-0.7516406848983038
2020-10-08,-0.72662402716682,-0.9698704094559362,-0.03974236298285869,-0.7589490770738642
2020-10-09,-0.7164192747287509,-1.0538696984455962,-0.15183402758166112,-0.733898801772734
2020-10-12,-0.706353620289025,-1.0837202944333384,-0.17736415511417236,-0.7286873414518193
2020-10-13,-0.6964231115422441,-0.8934650955421162,-0.15493209074901398,-0.7310604345592882
2020-10-14,-0.686623952168418,-0.8664126474014855,-0.07565905178574446,-0.7236082294946635
2020-10-15,-0.6769524940370056,-0.900206766340983,0.004403146227956908,-0.7230938000192734
2020-10-16,-0.6674052298847021,-0.9484157258074476,-0.04204161602055863,-0.7175210551149948
2020-10-19,-0.6579787864332473,-1.000510654250343,-0.0027781463722913687,-0.7139574752691874
2020-10-20,-0.648669917916275,-1.051475055104917,-0.08664768678119275,-0.7302637502825581
2020-10-21,-0.6394754999867205,-1.086633111880557,-0.09018507618085922,-0.7393370315493684
2020-10-22,-0.6297176020663203,-1.110888578783423,-0.16942610793593477,-0.7658468014173532
2020-10-23,-0.6200826318486738,-1.1456352404176386,-0.3514621414758432,-0.7429515465526074
2020-10-26,-0.6105672674022998,-1.032764644042408,-0.10100406127629362,-0.7260625596591914
2020-10-27,-0.6011683121385625,-0.9952196264459419,0.07585402607468743,-0.7158900305890809
2020-10-28,-0.5918826888645441,-1.0278948660526426,0.6061388871536335,-0.6948562998142197
2020-10-29,-0.582707434179547,-1.0980290164105173,0.43142238751870343,-0.7119628497192625
2020-10-30,-0.5736396931919523,-1.1744016168361504,0.47765616850868736,-0.7185304371507163
2020-10-31,0.021128813765753422,-0.9078837819787693,0.5034176904628233,-0.7132675139280965
2020-11-02,0.024214525888982624,-1.0745007969837215,0.43943956887355556,-0.68458322538207
2020-11-03,0.02727875713648671,-1.1127829902592348,0.3957423624721339,-0.6965782149725649
2020-11-04,0.030321744437619282,-0.8059544312942409,-0.06796724699970184,-0.6586742713507727
2020-11-05,0.03334372033856116,-0.809018549268887,-0.29544516692878314,-0.6525718450175617
2020-11-06,0.036344913115694814,-0.8726753968898859,-0.30425279228502944,-0.6438710225553222
2020-11-09,-0.4727171922757063,-1.1121764795675975,-0.5225283099470064,-0.6723802041282119
2020-11-10,-0.4652942743269388,-1.1835592937458865,-0.4370497870161537,-0.6964119856401843
2020-11-11,-0.4579404520645831,-1.2166762639559976,-0.5065331547531015,-0.6911920233812185
2020-11-12,-0.4506542507239458,-1.041423575350489,-0.3088138575797795,-0.6381809354500471
2020-11-13,-0.4434342405599717,-1.0451108614964717,-0.365246370993864,-0.6406367785524277
2020-11-16,-0.4362790351497775,-1.0247281601549951,-0.5382646978995657,-0.6476007691527451
2020-11-17,-0.4291872897736238,-0.9526224870023106,-0.4839886697668459,-0.6237286941121333
2020-11-18,-0.4221576998700661,-0.9544798168733825,-0.4141087916940222,-0.6154851239552213
2020-11-19,-0.4151889995612814,-0.8756873306465329,-0.3960676327648469,-0.6052091029079774
2020-11-20,-0.4082799602448204,-0.7842351445681929,-0.27253702892902365,-0.607979588523967
2020-11-23,-0.4014293892482658,-0.8526842149950654,-0.4436578514648416,-0.6179040246546882
2020-11-24,-0.39463612854348346,-0.8747516428050379,-0.6570424189071532,-0.6418169503540682
2020-11-25,-0.38789905351736015,-0.874505460042832,-0.8384606654779821,-0.6505318562506418
2020-11-26,-0.381217071796107,-0.8800808497096955,-0.804920110066605,-0.6458871228169252
2020-11-27,-0.37458912212036993,-0.7688859482589672,-0.8328086137334583,-0.6404266920041668
2020-11-30,0.16513487336161928,-0.7121498821922398,-0.973316263395381,-0.6574387352930408
2020-12-01,0.16743429342788632,-0.9827971544288919,-0.8951418859862876,-0.6496826381290898
2020-12-02,0.16971623705917488,-0.8434241289956533,-0.7733110537859874,-0.6840856968914908
2020-12-03,0.17198087888216568,-0.8685412890349695,-0.640741905568598,-0.7047780827544455
2020-12-04,0.1742283909725782,-0.955747965460762,-0.6343087008684689,-0.7578103180424288
2020-12-07,0.17645894291426714,-0.7773970766544394,-0.6250857809065573,-0.7669247871344648
2020-12-08,-0.39610760727970107,-0.6643344154590042,-0.3044691748736126,-0.720503758547754
2020-12-09,-0.38921154265379415,-0.6824627842832671,-0.3655587705773886,-0.7298898814843211
2020-12-10,-0.3824862361826104,-0.5798603413545911,-0.31626299030043825,-0.7486015927756549
2020-12-11,-0.3758146415163084,-0.5324475190720365,-0.44083378673679396,-0.774936683178032
2020-12-14,-0.3691957323285738,-0.4939877810495731,-0.42785992533069944,-0.7781043226961876
2020-12-15,-0.3626285111879178,-0.5700457443113527,-0.4720920303471477,-0.7880980787952621
2020-12-16,-0.356112008576915,-0.6007374530847802,-0.43324163943864336,-0.788418704042137
2020-12-17,-0.3496452819524568,-0.6149162876783902,-0.4043200678912203,-0.7869304828528699
2020-12-18,-0.3432274148449944,-0.6867674856287785,-0.47814910072028777,-0.7941129491162975
2020-12-21,-0.3368575159948613,-0.7021045551107026,-0.184637330554216,-0.7736231651516002
2020-12-22,-0.33053471852387156,-0.6123679214522746,-0.12623214551912543,-0.7673548609723637
2020-12-23,-0.3242581791404899,-0.6839186216271734,-0.06725432258550496,-0.7742469340242132
2020-12-24,-0.3180270773769593,-0.6536231229432783,-0.2938954384455613,-0.7536230831152477
2020-12-25,-0.31184061485687536,-0.655485472480689,-0.292699309826212,-0.7477254538099473
2020-12-28,-0.30569801459175905,-0.6647179518854491,-0.4500922544108644,-0.7380058201490649
2020-12-29,-0.29959852030526646,-0.6935531257584968,-0.423442873317568,-0.732854755128335
2020-12-30,-0.29354139578375665,-0.5365191995444806,-0.3434081870875372,-0.7242316456187495
2020-12-31,0.34629272114865783,-0.481447721470184,-0.24700630751023256,-0.7188840203244521
2021-01-01,0.34757089730298374,-0.5391479924098628,-0.19388272936656012,-0.7133864004732118
2021-01-04,0.3488343483253184,-0.43627610993206434,-0.04143844786665459,-0.7249013826300729
2021-01-05,0.35008325061494716,-0.6505603283637701,-0.13940594663290115,-0.7330637300419296
2021-01-06,0.35131777837373945,-0.840790449426032,-0.15343206944831245,-0.7556995300059945
2021-01-07,0.3525250374325944,-0.8956731619041258,-0.3513242227578782,-0.7796909621021738
2021-01-08,-0.3553376902058714,-1.0272604159827234,-0.403342444087034,-0.8068767154197777
2021-01-11,-0.348611164991279,-1.1837278565295468,-0.22695516882427422,-0.781763336211152
2021-01-12,-0.34193537029348897,-1.1905043241362423,-0.1373957192049766,-0.7681977216240801
2021-01-13,-0.3353093626101183,-1.0482840625022833,-0.19317818486082908,-0.7296902617812385
2021-01-14,-0.32873222486436227,-1.0418478413822472,-0.26636583252192714,-0.7758297892281868
2021-01-15,-0.322203065532218,-0.8974604168028548,-0.17047959868590062,-0.7556887302467463
2021-01-18,-0.31572101780538736,-0.8839776113604053,-0.16205712831263547,-0.749122543770721
2021-01-19,-0.3092852387881369,-0.8203667650258207,-0.3047572200876408,-0.7555770202590532
2021-01-20,-0.30289490872647507,-0.8270659492845543,-0.31277983649545804,-0.753269538514336
2021-01-21,-0.29654923026811253,-0.8036874874988496,-0.19862909061360673,-0.7768384865031509
2021-01-22,-0.2902474277517332,-0.7758042149167275,-0.13960497080886847,-0.753961065722686
2021-01-25,-0.2839887465242093,-0.6422044349468099,-0.12817775880344645,-0.7215684227940291
2021-01-26,-0.2777724522844431,-0.6448940561948993,0.13843404743437351,-0.7059452655363266
2021-01-27,-0.27159783045260605,-0.5798497390590787,1.1046825864382401,-0.6932982892685097
2021-01-28,-0.26506748666818447,-0.6739773860611363,0.4725056619532345,-0.7124842909836647
2021-01-29,-0.2585819730500578,-0.6682714610041433,0.4918221884410174,-0.7375006783490025
2021-01-31,0.7099191787395175,-0.2495848266297572,0.528663729085396,-0.731141224531183
2021-02-01,0.7087857465179007,-0.712274508560142,0.2286097552136717,-0.7355389390278265
2021-02-02,0.7076425641675469,-0.7797528325707599,-0.123388795721634,-0.7392888848352144
2021-02-03,0.7064900398587006,-0.7412473383426577,-0.30242975439169956,-0.7554277971425455
2021-02-04,0.7053285707205634,-0.5855181001712793,-0.3551599001101964,-0.7610143027243017
2021-02-05,0.7041585431402757,-0.5785464579424815,-0.25572982687680557,-0.7860911399126729
2021-02-08,-0.5147870146559379,-0.5560095313566726,-0.282070175628175,-0.7717613602080577
2021-02-09,-0.505605690283634,-0.605173746940535,-0.5138292957211976,-0.7442872286210692
2021-02-10,-0.4965172706424084,-0.48726936770866586,-0.46208800708235703,-0.728837370397643
2021-02-11,-0.48751948062929973,-0.5726891683472671,-0.4547567185036356,-0.7526790507006524
2021-02-12,-0.4786101240855817,-0.709995952619348,-0.47994375586468424,-0.7772406545838109
2021-02-15,-0.4697870804554081,-0.722967172235831,-0.47745640051805227,-0.7695057496261665
2021-02-16,-0.4610483016188297,-1.0108141965015938,-0.49488425298951155,-0.8141767334970589
2021-02-17,-0.4523918088885022,-0.9761956122405636,-0.4375500879472437,-0.8077044471720577
2021-02-18,-0.4438156901601313,-0.9810740538194885,-0.1603511279222283,-0.8129715225734234
2021-02-19,-0.4353180972074053,-1.0608648461394514,-0.26714641985387383,-0.8330771720908479
2021-02-22,-0.4268972431128054,-1.1455848620338427,-0.22130286136694244,-0.8340617625215031
2021-02-23,-0.4185513998262526,-1.128807435489875,-0.07163828778204943,-0.8080198809685157
2021-02-24,-0.41027889584410954,-1.253417178713848,-0.3654804873796207,-0.7870393986801226
2021-02-25,-0.4020781140015545,-1.7762211182365057,0.18185435186610854,-0.7031354371255438
2021-02-26,-0.39394748937179297,-1.2819490153166415,0.31942272461278765,-0.7737356194332696
2021-02-28,0.8579390330464733,-0.3527340846748415,0.3170354824111298,-0.7644849638445396
2021-03-01,0.8545902905802326,-1.2126585163891266,-0.10860185865029719,-0.79411798668368
2021-03-02,0.8512671414551947,-1.1252359025180907,-0.12444668164054247,-0.7602737523980988
2021-03-03,0.8479693138527582,-1.3014906800424662,0.1023361103539907,-0.7545553150590587
2021-03-04,0.844696539779081,-1.4102261886595002,0.40517233506543565,-0.7907455970100606
2021-03-05,0.841448555011257,-1.4047981751822445,0.2523743297113876,-0.8071220025730058
2021-03-08,-0.40834899772769045,-1.5566891673702392,0.36244139061688696,-0.695632763813998
2021-03-09,-0.4002642751903363,-1.4390553224759493,0.29925865953511865,-0.6510632279333974
2021-03-10,-0.39224729200588354,-1.4160221468820888,0.21653535999114074,-0.6709377772218545
2021-03-11,-0.38429659801844207,-1.3411627428319448,0.15250917937063818,-0.7433903478528625
2021-03-12,-0.37641078880067796,-1.4751132368227147,0.0662085639875293,-0.7606427407783849
2021-03-15,-0.36858850395900133,-1.431105206568709,-0.04959540522743682,-0.7167577554502156
2021-03-16,-0.3608284255169729,-1.3687011810650327,-0.02841025352128522,-0.7337389777555815
2021-03-17,-0.35312927637265185,-1.2755631651797918,-0.049732086692712785,-0.8161895752079774
2021-03-18,-0.3454898188258988,-1.465737398028001,0.0942946973673492,-0.7365626929529495
2021-03-19,-0.33790885317187,-1.4786164053399053,0.07763397045344088,-0.7581523316020278
2021-03-22,-0.3303852163571882,-1.3151962971303695,-0.18764023563675236,-0.7429549085081265
2021-03-23,-0.3229177806954712,-1.1735736456347345,-0.09567878170968273,-0.6966490678972257
2021-03-24,-0.31550545263911606,-1.101452917546595,0.030197733472260114,-0.6712720178999473
2021-03-25,-0.30814717160440347,-0.8958712220034462,-0.04989046061748686,-0.7217788769592252
2021-03-26,-0.3008419088471809,-0.9836768046187631,-0.26949667074184835,-0.7335250661028424
2021-03-29,-0.29358866638652187,-1.1337701092699328,-0.27582239114847373,-0.7333679477637676
2021-03-30,-0.2863864759739302,-1.2110950762277903,-0.2846290036450329,-0.6869134442441062
2021-03-31,1.75362052507857,-1.3005275036672659,-0.35985471173199257,-0.6320106304771897
2021-04-01,1.715975636810811,-1.0970278927660106,-0.5407608658109985,-0.5827953201769445
2021-04-02,1.6802511871961572,-1.155179928836232,-0.5687597852642593,-0.5742295780767239
2021-04-05,1.64629159215432,-1.04376242585975,-0.6462063909107894,-0.5587344981763906
2021-04-06,1.6139582168125226,-0.7186709313403606,-0.606538170167071,-0.5600355132547027
2021-04-07,1.583127080580114,-0.7316728878946137,-0.7887833049138617,-0.5832064025253719
2021-04-08,-0.9574286363196035,-0.663893406092645,-0.8301750628584199,-0.5669250619255761
2021-04-09,-0.9395540695898105,-0.78631080587372,-0.7083787690453223,-0.5423091615874193
2021-04-12,-0.9220390301197186,-0.8027134739614381,-0.6972976900086992,-0.49043355136120265
2021-04-13,-0.9048685135687267,-0.644982319296102,-0.6065829246142795,-0.4888183992189317
2021-04-14,-0.8880283719722685,-0.7065174648229267,-0.6297237062917025,-0.4827266025826504
2021-04-15,-0.8715052519806284,-0.6302834045168908,-0.8066615133379985,-0.45171796933644276
2021-04-16,-0.8552865384886873,-0.5842544207098236,-0.8670582935909131,-0.4399389216834648
2021-04-19,-0.8393603031081424,-0.5838963784788682,-0.7174518884011644,-0.4664578253886069
2021-04-20,-0.8237152569972136,-0.48970255056053186,-0.40516241530384045,-0.47742596308162
2021-04-21,-0.8080066698494596,-0.5331632288815525,-0.48175649052858643,-0.484606314187222
2021-04-22,-0.7925674918252491,-0.5560397741176633,-0.333569668494365,-0.43882745678046375
2021-04-23,-0.7773876383733835,-0.6447780684429676,-0.5136368895777714,-0.39419232445128455
2021-04-26,-0.7624575418764538,-0.6978537228393029,-0.5104082134104841,-0.3503114835087476
2021-04-27,-0.7477681183583328,-0.771903626029284,-0.5150228405728303,-0.3622581902857594
2021-04-28,-0.7333107367980835,-0.6076149834883088,-0.5116354959873911,-0.3927774941485396
2021-04-29,-0.7190771908120785,-0.582590983876783,-0.42864581768691296,-0.4113048796511306
2021-04-30,1.5891941248158008,-0.5417843572241093,-0.271042059391778,-0.4191507410344596
2021-05-03,1.5672707958179495,-0.41706769420226986,-0.29315836439795234,-0.4040599330892257
2021-05-04,1.5460661805387106,-0.3836592305274518,-0.03102412543804308,-0.4055133194456457
2021-05-05,1.525540520416191,-0.3574257208722381,-0.10291703518885269,-0.42526574939044837
2021-05-06,1.5056570916977434,-0.3676537579756948,-0.10632179981954147,-0.4014353431727215
2021-05-07,1.4863819133681415,-0.3283950521625962,-0.2766482906030477,-0.4740987281761929
2021-05-10,-1.7716322515595833,-0.38499796096917516,-0.13040384287457485,-0.4202687156405795
2021-05-11,-1.7204182906048138,-0.3831496820628064,0.19642088333493588,-0.4004503308644527
2021-05-12,-1.671754949152845,-0.6003208162988747,0.5684764839353303,-0.4110944185995238
2021-05-13,-1.6254190353438644,-0.4349880153738015,0.2945646446134764,-0.4366830202248055
2021-05-14,-1.581213880078014,-0.3528026785594501,-0.13174435022982925,-0.46886963222507655
2021-05-17,-1.5389654013309964,-0.36963237341664673,0.014722037235480887,-0.42441255587467014
2021-05-18,-1.4985188613911162,-0.33745772743008967,0.10013212083006237,-0.4406968769260836
2021-05-19,-1.4597361770933448,-0.495121727708237,0.10954739257575817,-0.4028667950069266
2021-05-20,-1.42249367477674,-0.31189314919464217,0.018663656846591218,-0.44709149481965466
2021-05-21,-1.3866802054610552,-0.3394850986909651,-0.13485675523486318,-0.3779583694864072
2021-05-24,-1.3521955537583523,-0.20611386807581558,-0.18395624582119377,-0.3870411359245377
2021-05-25,-1.3189490878179801,0.1684348303814262,-0.0961569747363408,-0.4166590237225055
2021-05-26,-1.2868586082325024,0.093696432143859,-0.1977846045737146,-0.37237913270347367
2021-05-27,-1.2558493620937157,-0.03493916442869374,-0.3608175668095649,-0.4123817096982107
2021-05-28,-1.2258531948563678,0.018778391212669897,-0.31986288679149266,-0.4162328922874454
2021-05-31,1.531272354276979,0.04465841615051266,-0.30630194951821305,-0.4109394336708874
2021-06-01,1.511211054051535,-0.00809093714216609,-0.18115513248742782,-0.38048699766873684
2021-06-02,1.4917673413893626,0.04236126334910063,-0.26543759588337246,-0.3787425504141212
2021-06-03,1.4729090422085496,-0.10148304323935861,-0.20281719032878912,-0.2915384435477931
2021-06-04,1.4546062995624502,0.08154089097283443,-0.3563335054296192,-0.3217333302879724
2021-06-07,1.4368313629538731,-0.052317854817705324,-0.290216277635278,-0.24759978571043748
2021-06-08,-1.5073792455780033,0.09053273212251917,-0.1923141157930617,-0.23086164794836292
2021-06-09,-1.4673899986184398,0.27661572965209946,-0.3378354797559998,-0.1709326125767326
2021-06-10,-1.4290357373707936,0.4639994701373549,-0.4436076392555051,-0.23671095135539208
2021-06-11,-1.3921959879708001,0.3118893993877993,-0.5458621426264298,-0.21136610396591574
2021-06-14,-1.3567623718254906,0.10320338764650086,-0.5563802357887115,-0.13897939287970199
2021-06-15,-1.322637082535109,0.19141301751591974,-0.4969029700661417,-0.1031794811888248
2021-06-16,-1.2897315915908933,-0.28315934268384,-0.33575162297591526,-0.028529004260189436
2021-06-17,-1.2579655432407315,-0.1568980669771309,-0.7984904176019739,0.08055238268155945
2021-06-18,-1.227265806631432,-0.3811281742771915,-0.4721650893197968,0.3328654833894732
2021-06-21,-1.1975656593909914,-0.4020045074358669,-0.7115762809197986,0.29797194673156424
2021-06-22,-1.1688040815971454,-0.2375051310073161,-0.8190531353685973,0.12516697260852547
2021-06-23,-1.1409251428812466,-0.482182765703851,-0.7483467859541291,0.3389736996265161
2021-06-24,-1.1138774684584154,-0.4343439692231389,-0.7718144222902374,0.40546424335246145
2021-06-25,-1.0876137723222996,-0.4590703451591807,-0.8127656106167834,0.3539311321714479
2021-06-28,-1.0620904478227204,-0.3210682037187823,-0.7951873792381664,0.28374725510712895
2021-06-29,-1.037267207454562,-0.30617043052753773,-0.8450529638450875,0.25477202977804175
2021-06-30,1.531277058308891,-0.15184552277782998,-0.8572479809014019,0.24829149654578686
2021-07-01,1.5210509126531708,-0.25896088232839803,-0.854938328604045,0.28997570308948156
2021-07-02,1.5109122275063922,-0.01808383678271182,-0.8330838743416672,0.1620556279459489
2021-07-05,1.500863506870927,-0.11725895470418017,-0.8403020495922207,0.16317201124827843
2021-07-06,1.4909068571374415,0.15240662570927613,-0.6384923095441508,0.13311547371689336
2021-07-07,1.4810440265890867,0.22601110349192122,-0.6290952838983839,0.15782158026769874
2021-07-08,-1.2075974603357857,0.4055046404950658,-0.18572240879344445,0.1215799766424441
2021-07-09,-1.1785464469906877,0.023744744783028092,-0.5886958674342437,0.11895112928167685
2021-07-12,-1.1504284794323025,-0.001616257189010265,-0.5574121118870627,0.16594438470395087
2021-07-13,-1.1231640847942888,-0.20645955324592385,-0.43738487006716803,0.29874215478188615
2021-07-14,-1.096704254813577,0.12973621479100422,-0.41219515360201286,0.14095063079855671
2021-07-15,-1.0710038309838965,0.5258782073074566,-0.277901819064138,0.1809742475743313
2021-07-16,-1.0460211241122406,0.4594215660944987,-0.09516511806705635,0.18075987747223
2021-07-19,-1.0217175790114457,0.8895532082420062,0.5609346031935626,0.2487267065041148
2021-07-20,-0.9980574781205407,0.9905796576210221,0.3057267743294426,0.1756103888049506
2021-07-21,-0.9750076788109296,0.6312235167742587,-0.04233297457144268,0.1405318401507165
2021-07-22,-0.9525373799356006,0.9367832202961668,-0.06532534402958629,0.11389934629545657
2021-07-23,-0.9306179138423001,0.9730546815930784,-0.07021816766835308,0.09455429376996913
2021-07-26,-0.9092225606249459,0.9554735968300698,-0.019694188470574626,0.0664190329503655
2021-07-27,-0.8883263818508114,0.940830259647029,0.24426074777781126,0.14443041821375502
2021-07-28,-0.8679060713901077,0.9386946975902881,0.19870003391399052,0.14055290098457118
2021-07-29,-0.8479398213027298,0.7795658755280546,0.04658668978565121,0.12171840228585874
2021-07-30,-0.8284072010144565,0.9940673203101227,0.14302874848729533,0.09962860278390241
2021-07-31,1.7038805472972804,0.8915348510644405,0.20119847113253914,0.10062797266114663
2021-08-02,1.6847285383128798,1.0393675546934271,0.413276123020098,0.11357480551717117
2021-08-03,1.6661417914704486,0.9827997728986124,0.325912682054694,0.11159216913995154
2021-08-04,1.6480216923731301,0.7572240213210963,0.36364562408008944,0.13865428235372132
2021-08-05,1.6304162304234888,0.4105474645132511,0.07850711316773573,0.1768955788317729
2021-08-06,1.6133002945449417,0.25218711933253873,-0.008503342152727527,0.15333278012877286
2021-08-09,-0.821571420307517,0.31133833499278696,0.11113380514176148,0.17666698888553686
2021-08-10,-0.8037949106836262,0.2581673002053839,0.11802410142023101,0.25531285781723023
2021-08-11,-0.7863740330738553,0.28691579450265525,0.07377471052510297,0.1493558867764406
2021-08-12,-0.7692942462481857,0.18541257862401095,-0.150435900250783,0.1569846375222678
2021-08-13,-0.7525418326321819,0.3762568188633048,-0.14691828055848022,0.1663121384563451
2021-08-16,-0.7361038398795164,0.4974952165191192,-0.2705618071724755,0.17858318891734912
2021-08-17,-0.7199680274582066,0.215458268509939,0.016207117167209798,0.20963803864742128
2021-08-18,-0.7041228177488086,0.2100698161278513,0.49668943581886477,0.23294346031318766
2021-08-19,-0.6885572512099479,0.26078207239734735,0.48149873319805137,0.2689846251432544
2021-08-20,-0.6732609452164398,0.08535778522900399,0.06196363395649918,0.31776753596796026
2021-08-23,-0.6582240562188593,0.13896180513915146,-0.15738734372051216,0.2909852151441906
2021-08-24,-0.6434372449116555,0.143399374492662,-0.34131540519151743,0.24105179575108968
2021-08-25,-0.6288916441304696,-0.14741293167052305,-0.4182462645966715,0.2988680580426424
2021-08-26,-0.6145788292288583,-0.16150571746458586,-0.19257286446555735,0.31177984379564594
2021-08-27,-0.6004907907106651,0.08757415364707676,-0.542264558498396,0.16053980991322583
2021-08-30,-0.5866199089172979,0.21820209405626462,-0.7447882006960002,0.12616327051069645
2021-08-31,1.8137565566918585,0.047244728258698285,-0.7259263031370493,0.15152050294752112
2021-09-01,1.7885453602697268,-0.01999346597141563,-0.893197584790127,0.17261341345123454
2021-09-02,1.7642729870344187,0.11025821050490961,-0.867731615861673,0.17417508271393958
2021-09-03,1.7408807922216774,0.15804428760671138,-0.8463135294612937,0.1308509580499334
2021-09-06,1.7183151668283254,0.24652075420489045,-0.7737637832108271,0.1320541912210395
2021-09-07,1.696526994778296,0.08289029942336439,-0.57670474498231,0.15477313302062007
2021-09-08,-0.5873887142067855,0.3398799453483016,-0.507082007759123,0.1550390750101273
2021-09-09,-0.5748401673058081,0.405056061497242,-0.528373726780766,0.1522032349783081
2021-09-10,-0.5624710360291245,0.3042484048693516,-0.31735245311014726,0.13042145772100253
2021-09-13,-0.5502757677348157,0.3486996587866302,-0.5447378036682027,0.1547787651666889
2021-09-14,-0.5382490548788208,0.43468450958808497,-0.5850685212538652,0.17768071582844366
2021-09-15,-0.5263858216774591,0.3397371097160233,-0.7611231917878956,0.1879894884367132
2021-09-16,-0.5146812116528288,0.17413483854755976,-0.7516289021399446,0.20253832100545477
2021-09-17,-0.5031305759926066,0.013133934294888941,-0.6218667796747218,0.23074516441403584
2021-09-20,-0.49172946266183454,0.3369003349238245,0.23326575927491155,0.2567560736272554
2021-09-21,-0.48047360620973606,0.31438756250917543,-0.06821658946612318,0.23797661759674812
2021-09-22,-0.46935891821953046,0.23442168320587708,-0.38128503189570506,0.41517928407812915
2021-09-23,-0.4583814783536498,-0.12670002224156057,-0.6380744121781446,0.5167768105411056
2021-09-24,-0.44753752595078916,-0.2651640520575525,-0.6293897248486772,0.5989546962774599
2021-09-27,-0.43682345213485885,-0.6173748732503032,-0.5111458031845859,0.5989283027459726
2021-09-28,-0.42623579239919634,-0.9439740887237369,0.21942538135913303,0.6956644847625069
2021-09-29,-0.41577121963240304,-0.785006957170551,-0.005311093045371015,0.6347989844311286
2021-09-30,1.8702356322438958,-0.654217778684928,0.26411661871865844,0.5840514821284538
2021-10-01,1.8416303514682224,-0.4890122221760484,0.14987172583472397,0.497551066042598
2021-10-04,1.814191116755774,-0.6193593158135955,0.34394333423466067,0.5804080284899392
2021-10-05,1.7878389581449,-0.811640866574683,0.202715460532931,0.546657598356068
2021-10-06,1.7625022268628596,-0.6698700968387087,0.4071095577406708,0.6371338652383197
2021-10-07,1.7381157449099751,-0.9129869806257452,0.14045202973967838,0.6616516366697237
2021-10-08,-0.4530440137571552,-1.0738217300538888,0.2582660952150216,0.6982283247679744
2021-10-11,-0.4430579399158875,-1.072236518455289,0.4814965220698756,0.6967178067784696
2021-10-12,-0.43318606336819554,-1.211069393157053,0.4291097047023102,0.8205874492913484
2021-10-13,-0.42342547846152245,-1.34605964385451,0.16314638448102975,0.9335798289461096
2021-10-14,-0.4137733888122582,-1.301984734918698,-0.1746940354526421,0.933024415249996
2021-10-15,-0.40422710232883424,-1.6025991316726031,-0.259650847654312,1.0311247176073604
2021-10-18,-0.39478402651118294,-1.6836525091912966,-0.25853305883538624,1.0937451856052631
2021-10-19,-0.38544166400849605,-1.6912097604699887,-0.39591713889564134,0.9712660286747016
2021-10-20,-0.3761976084185742,-1.5791239869511429,-0.28289967736056737,0.8710031940359765
2021-10-21,-0.36704954031327897,-1.9208817750898155,-0.24515616337420146,0.9742176924855951
2021-10-22,-0.3579952234757449,-1.6141272421578212,-0.25937561514189816,1.0491141501488852
2021-10-25,-0.3490325013360456,-1.3193861868394217,-0.10142704732774796,0.9381045402607832
2021-10-26,-0.34015929359294805,-1.2105528867149473,-0.22881260441149912,0.9613661292726907
2021-10-27,-0.33137359301029595,-1.1908130639787902,-0.23901141173633034,1.2081476086038943
2021-10-28,-0.32280438752547735,-1.383722171668228,-0.27672256813625146,1.1576449149138286
2021-10-29,-0.31431701766930936,-1.5306569431880188,-0.3879220131148339,1.209487557242282
2021-10-31,1.7904011945739926,-2.264314438257835,-0.34615100600917287,1.1978146893647277
2021-11-01,1.765554767338737,-1.4657303146500271,-0.4524968768285455,1.2178926594528998
2021-11-02,1.7416267945085746,-0.9617831248101791,-0.297491964762327,1.0513514358855782
2021-11-03,1.7185604630772506,-0.9762652871052387,-0.7651312935685713,1.0436907533517923
2021-11-04,1.6963037884604961,-0.45706599818108196,-0.5565699389676502,0.910944901645158
2021-11-05,1.6748090992308378,-0.04068104100271616,-0.5780515205327319,0.9141193441636979
2021-11-08,-0.564410949634564,-0.4518092584700741,-0.6814655150860148,0.9865900897359305
2021-11-09,-0.5530243322598368,-0.06404444320775035,-0.6419131162611709,0.944173820595549
2021-11-10,-0.5417883391172327,-0.8935718831557807,-0.35865200805742276,1.1351450168253823
2021-11-11,-0.5306986238308002,-0.9184134144878052,-0.3562061238125257,1.1249046592988101
2021-11-12,-0.5197510195169146,-0.7724241628637979,-0.37483821659170946,1.0877492419730834
2021-11-15,-0.5089415296524747,-0.6606688473612053,-0.34839103651506076,1.0453520472507936
2021-11-16,-0.4982663195090947,-0.8160844484259205,-0.3683129726779471,1.0180279626074924
2021-11-17,-0.4877217081121449,-0.5832363615835743,0.017703389656501044,0.9762149697959757
2021-11-18,-0.47730416068692766,-0.2112704688405589,0.4589870718843291,0.9870434330615558
2021-11-19,-0.46701028155734603,-0.10941248163807353,0.27226828660687,1.0624585540621412
2021-11-22,-0.4568368074652576,-0.9043967354459883,0.2085088349794333,1.3076387376571617
2021-11-23,-0.4467806012812342,-1.1311186432442168,0.5377720684375189,1.3276630934499616
2021-11-24,-0.43683864607980416,-0.9304212656441498,0.6284207361107244,1.419016751831983
2021-11-25,-0.42700803955433847,-1.0806243929892514,0.6885328291847747,1.4021323591236694
2021-11-26,-0.4172859887486945,0.26508652177179765,2.503584458363633,1.051694612556134
2021-11-29,-0.40766980508448325,0.3192389708536861,1.2677815145239286,0.9823421381960004
2021-11-30,1.7321332116485384,0.006759546497966104,2.2115533359955952,1.358468718707269
2021-12-01,1.7099923930708865,-0.13279620458610666,2.3187216260081103,1.404400466049528
2021-12-02,1.6886042044574436,-0.49904179475566374,1.71052651096509,1.5329133608723742
2021-12-03,1.6679255205895391,-0.43610670421502684,2.2099785824728584,1.5071577063894104
2021-12-06,1.6479166246823145,-1.0464388592746046,1.5042509625543679,1.531092491566469
2021-12-07,1.628540869464647,-1.2352131022998762,0.7673913124195934,1.668324609204893
2021-12-08,-0.6516048359514678,-1.3740857168797889,0.5043939835058132,1.5458856437344963
2021-12-09,-0.638993881641936,-0.7110179545696049,0.7103597963564401,1.607575690788397
2021-12-10,-0.6265701241028686,-0.5378799439754685,0.3665969501916163,1.4981646339210417
2021-12-13,-0.6143276532300926,-0.2389947963268431,0.6177407168272002,1.472768377743806
2021-12-14,-0.6022608224565222,-0.34121729376333476,0.7313662977095652,1.5520293303721706
2021-12-15,-0.590364234145024,-0.36442134915682634,0.28016414806913703,1.5534694582009467
2021-12-16,-0.5786327259659714,-0.11880557919383435,0.25778115654536154,1.3621021246419813
2021-12-17,-0.5670613581817912,-0.19816666398949326,0.3859858476937958,1.446388577365743
2021-12-20,-0.5556454017677811,-0.1220042146717958,0.8419837598260256,1.3804567703985113
2021-12-21,-0.5443803273047844,0.14290999608774213,0.4486974224815246,1.4665805686918039
2021-12-22,-0.5332617945849644,0.430446926689599,-0.11967416223540853,1.4221435371512456
2021-12-23,-0.5222856428770303,0.3612320033244161,-0.41909720634920106,1.4562225377049882
2021-12-24,-0.5114478818018671,0.4137397672297397,-0.4171833920860665,1.4380430233060264
2021-12-27,-0.500744682773695,-0.6376739096276542,-1.5834355893046066,1.4622706479342849
2021-12-28,-0.4901723709656485,-0.9612958716147572,-1.3912239572679974,1.6095142682186065
2021-12-29,-0.47972741776206496,-0.7778749863445974,-1.8050174134680583,1.50289353741931
2021-12-30,-0.46940643366289087,-0.602632382471561,-1.4851189342496154,1.4185397360432903
2021-12-31,1.7442543555188361,-0.16873460368545848,-1.3118410749980096,1.41419559881389
2022-01-03,1.721360008540726,-0.9896585379376401,-1.2132618722631865,1.4068027742004658
2022-01-04,1.6992640273668336,-0.5768011597458861,-0.45934276713123673,1.3608820563062167
2022-01-05,1.6779196165957242,-0.7077043994672411,0.5536266242129058,1.4933661259719355
2022-01-06,1.6572308660300996,-1.0673564794481682,0.729934558259802,1.6329830453001444
2022-01-07,1.6372140614151243,-1.1217802062930362,0.6088012321214195,1.5737142549633596
2022-01-10,-0.6318889577126341,-1.5163836160049944,0.6670251528345833,1.6405713755454585
2022-01-11,-0.619881723076852,-1.5341108630898956,0.7239327672104516,1.5562993190144412
2022-01-12,-0.608045778217904,-1.4405269281711661,0.35978684014513956,1.6167588085822602
2022-01-13,-0.5963759231871371,-1.0526978972999215,0.8018488835284657,1.5914328816790404
2022-01-14,-0.5848671823905642,-1.9887770731291563,0.710628876820912,1.6443301017860084
2022-01-17,-0.5735147925846087,-1.8289045926736678,0.6184280457542991,1.6202122557750054
2022-01-18,-0.5623141916537924,-2.40216854651477,1.2844456030068236,1.6471462964094168
2022-01-19,-0.5512610081107139,-2.084549706892246,2.3726818044141686,1.654559438042274
2022-01-20,-0.540351051263846,-1.852753214673722,2.7409005708359198,1.647229414277625
2022-01-21,-0.5295803020033878,-1.3605592805032996,3.0,1.6294749404506323
2022-01-24,-0.5189449041596204,-1.2306009867437147,3.0,1.536914812899805
2022-01-25,-0.5084411563920725,-1.3712033146087546,3.0,1.5680889119445096
2022-01-26,-0.4980655045712434,-1.9942503115786145,3.0,1.6507587942062418
2022-01-27,-0.487814534617806,-1.9904337458720953,3.0,1.7321226605519546
2022-01-28,-0.4776849657670372,-1.8908312490453474,3.0,1.6689384788829864
2022-01-31,1.7729511335105905,-1.8446931257625347,2.7069402327540772,1.6542742411594233
2022-02-01,1.7482861915200476,-1.5703413726445998,2.407852268637548,1.6151403694992839
2022-02-02,1.724529063521324,-1.5035826464901225,2.150867808098921,1.5803444905798516
2022-02-03,1.7016239210418893,-1.3657638340759464,2.4554055679077518,1.600471605195877
2022-02-04,1.6795196505863865,-1.9481883445267976,2.57219016227203,1.7246807151760162
2022-02-07,1.6581021720312146,-1.6445241713488288,2.309417359075457,1.6488052901294914
2022-02-08,-0.5503327178142203,-1.768882561026428,2.596709392413712,1.6873693829002692
2022-02-09,-0.5401515675588356,-1.84795160636886,2.4957206067373368,1.7349775827405132
2022-02-10,-0.5300962342252175,-2.374544136619371,3.0,1.9336290687362148
2022-02-11,-0.5201633886585891,-1.9898340815503508,3.0,1.8425021033596405
2022-02-14,-0.510349830110391,-2.071421033301977,3.0,1.8744781380945534
2022-02-15,-0.5006524801684834,-2.1130565701582102,3.0,1.8089501426337191
2022-02-16,-0.4910683770379449,-1.532825856710251,3.0,1.6961981295264807
2022-02-17,-0.48159467014869933,-1.052682136298178,2.972051611356211,1.654148388166369
2022-02-18,-0.47222861506805497,-1.0574913310765321,2.7508269379313277,1.650806331466233
2022-02-21,-0.46296756869791555,-1.1790389871411542,2.467034738069154,1.6254353235667651
2022-02-22,-0.45380898473795883,-1.5575926159248683,2.3098496885402904,1.700815516512238
2022-02-23,-0.4447504093974803,-1.7915994265599153,2.445140025041858,1.7158814804837093
2022-02-24,-0.4357894773398999,-1.0635746470353962,2.3596605660012164,1.6496818661743757
2022-02-25,-0.4269239078450804,-0.9825604144399817,1.7236100812631205,1.6168900619712554
2022-02-28,1.7500295502280254,-0.3402607864761154,1.744898667712493,1.4196863907897277
2022-03-01,1.7260160507389295,0.3986851779006026,2.044377372888342,1.2619424731722035
2022-03-02,1.7028699824390836,-0.7381633203244967,1.8826136648969238,1.3999585052842016
2022-03-03,1.6805389649828772,-0.6856070589432449,1.9144317230303098,1.4603372986210685
2022-03-04,1.6589749632540551,-0.018522471933602097,1.9562028103901163,1.40869713736061
2022-03-07,1.6381338343933296,0.11706649257682203,2.1805989301006177,1.4394133684894928
2022-03-08,-0.5501407176712058,-0.3578321132489915,2.1924279995753992,1.4306951567706565
2022-03-09,-0.5402716695922208,-0.5885613742003376,2.102945200975264,1.5145378724061727
2022-03-10,-0.5305224602452651,-0.7525514557801672,2.0299279375789916,1.4697071482037842
2022-03-11,-0.5208899860783084,-0.05951262114454932,2.0565779259299006,1.477313192149646
2022-03-14,-0.5113712610141967,-1.171550245689191,2.047954380815406,1.554620662203028
2022-03-15,-0.5019634110046309,-0.8468046405805861,2.1244140616186282,1.549561940165852
2022-03-16,-0.37516341224141236,-1.1937245968205068,1.612405557139819,1.6425291322119357
2022-03-17,-0.3676224030748796,-1.350406453525284,0.03278594265444771,1.54535829913524
2022-03-18,-0.36015107692293996,-1.512243777880597,-0.08311020119772126,1.5559507939158423
2022-03-21,-0.3527480561978473,-2.4268094920008494,0.12778375712254347,1.6370554152645873
2022-03-22,-0.3454120068728153,-2.4516077401129994,0.3813911568608877,1.6041100005632756
2022-03-23,-0.3381416368738352,-1.8633067130455219,0.41281684529431145,1.551818106971668
2022-03-24,-0.33093569454474264,-1.8673120971184345,0.38065537435134184,1.5263796881459377
2022-03-25,-0.3237929671815994,-2.4830958874775346,0.14312234432168136,1.5908909656733192
2022-03-28,-0.3167122796326993,-2.359870686482032,0.40429187030021957,1.6372176267664666
2022-03-29,-0.3096924929607354,-2.2312500102213284,0.1522933740804503,1.6966452280674618
2022-03-30,-0.3027325031638777,-2.1067365661620014,0.01357262766944419,1.6360165418968218
2022-03-31,1.8666736835455546,-1.9553751772265682,0.004886447776627026,1.6469829495059511
2022-04-01,1.8180911534542494,-2.0498175943212456,-0.01141495569327689,1.7050103455876602
2022-04-04,1.7724269241296478,-1.9496659056627434,-0.0973452340438954,1.6405908068616735
2022-04-05,1.7294025560161135,-2.015014443460873,0.37458752597765993,1.6298797569967558
2022-04-06,1.6887751349936306,-1.9744317136502325,0.6713308403449657,1.515768991102618
2022-04-07,1.6503316739447031,-1.9112761930536282,0.7776459730810309,1.4487891489362403
2022-04-08,-0.3276475022074032,-1.9805560380675444,0.758729850328803,1.471641796613897
2022-04-11,-0.32125395663766676,-1.83990883127011,1.063199544636584,1.3877737025742178
2022-04-12,-0.3149131808957848,-1.1773317424542555,1.1544811262200725,1.3026460567632296
2022-04-13,-0.3086242859648136,-0.9630796319524497,0.9956997790166691,1.2576843674075135
2022-04-14,-0.30238640861341504,-1.1011463151434817,1.1659642852890957,1.2590892436382684
2022-04-15,-0.296198710560549,-1.0659653240095364,1.279494145437307,1.2451481356129053
2022-04-18,-0.2900603776743148,-1.0805450214781775,1.206513808141023,1.2065996379380313
2022-04-19,-0.28397061920329597,-1.0525651471408564,1.2207837631343663,1.3552716341835038
2022-04-20,-0.27792866703888786,-0.7798006772672451,1.1146426144213126,1.3689604316464112
2022-04-21,-0.27193377500714105,-1.2919468956478903,1.1576084895466778,1.4390508706839549
2022-04-22,-0.26598521818876186,-1.078205182159771,1.587488411951186,1.4031010194060622
2022-04-25,-0.26008229226594953,-0.4324220903104438,1.7573559987079614,1.3934615057567281
2022-04-26,-0.25422431289486397,0.12415925709812628,2.0410867553249585,1.237152059945986
2022-04-27,-0.2484106151025362,-0.1718060814228907,2.079165486013623,1.3050755861728318
2022-04-28,-0.24264055270713572,-0.43206223439887115,1.9517163590517579,1.313484564974167
2022-04-29,-0.23691349776053783,-0.6677162739018428,2.0701720634769223,1.3612728473177516
2022-04-30,1.7544429334771754,0.5955624651645467,2.0777992729138735,1.3444889561450868
2022-05-02,1.716154030761393,-0.5967169594190141,1.8600162893403798,1.430219259135515
2022-05-03,1.6797645661691645,-0.4649482807764153,1.9079557699936467,1.4536556405456638
2022-05-04,1.7582672430346231,0.05855930377759942,1.6434544177147368,1.2661359841295878
2022-05-05,1.7206167350407726,-0.2580225774398093,-0.10148316519705257,1.3137508067763257
2022-05-06,1.6847897687817128,-0.25087298721998014,0.04037212003417344,1.3075704789359524
2022-05-09,0.0616509771135868,0.23023780809443162,0.2963348200027792,1.2469970874
2022-05-10,0.06428178443686616,0.12157108585095816,0.5197202994159272,1.320965058578656
2022-05-11,0.0668998539895345,-0.11939733351999633,0.5013401629787452,1.322927924918022
2022-05-12,0.06950525098697354,0.4036361108930646,0.8053277856317941,1.2783613069343032
2022-05-13,0.07209803914555112,0.33741413015973326,0.6776723012855848,1.2178433922795566
2022-05-16,0.07467828069761188,0.42345033764615386,0.7698227236229039,1.176030493142104
2022-05-17,0.077246036405813,0.24768516065862567,0.8686837886754176,1.2838990886389896
2022-05-18,0.07980136557680113,0.43728081143428804,1.1481269180780849,1.2798330658986323
2022-05-19,0.08234432607424307,0.8651399437423861,1.1332792205194926,1.2436451860675874
2022-05-20,0.08487497433120653,1.0032083026047713,1.0609022111442015,1.2590236031203355
2022-05-23,0.08739336536190871,0.7337850519230207,0.7988743283029838,1.2705217481223041
2022-05-24,0.0898995527728233,0.8040012339536738,1.059464155267444,1.1014635831416437
2022-05-25,0.09239358877315519,1.0485577691525212,0.7995446529218762,1.078291851845883
2022-05-26,0.09487552418468798,1.086165830622493,0.4905404493286471,0.9864815853771606
2022-05-27,0.09734540845100388,1.2154486489439642,0.19379372227709135,0.9946279011413852
2022-05-30,0.09980328964607363,1.3572323751421758,0.1974620731586519,0.9855776843248142
2022-05-31,1.7521676862035303,1.0762197025127258,0.11591376474600125,1.0824025096677425
2022-06-01,1.7164502612089636,0.7769669346694015,0.304127308187455,1.2023989462589333
2022-06-02,1.6823778019211286,0.4950330331225003,0.20686809410500073,1.160836756167148
2022-06-03,1.649826345861104,0.6872492025297351,0.4934852513090249,1.139904134042872
2022-06-06,1.6186846377630493,0.5195782838250268,0.46370435014089123,1.1625655365437697
2022-06-07,1.5888525011138679,0.23644743818094155,0.5148476071599776,1.1780398557646337
2022-06-08,0.1103211183121408,0.11437343925488473,0.48218485724290194,1.177602574852623
2022-06-09,0.11243527148101419,0.11635548574992507,0.6879499316059902,1.1975626730535112
2022-06-10,0.11454110853247838,-0.9131135634962215,0.9144245918365413,1.4040573625976267
2022-06-13,0.11663867042093239,-1.7657627326232204,1.6538412434980152,1.6152804855725935
2022-06-14,0.11872799734289995,-2.00611909409017,1.5273215238087343,1.6500371078440645
2022-06-15,0.4826143242816262,-0.8430357364859081,1.3863601309275269,1.4969002819792234
2022-06-16,0.48218609893162107,-0.505425529829695,-0.24996163000322952,1.5036187535022711
2022-06-17,0.48176437038436704,-0.8388102530350184,-0.19496502889611586,1.5319158487900368
2022-06-20,0.4813491284084049,-0.9444265576546552,-0.1925384032826562,1.5099319346237334
2022-06-21,0.48094036311436794,-0.8701560500379892,-0.4331453787628923,1.472895032737323
2022-06-22,0.4805380649544482,-0.5908451539231537,-0.3239025039744486,1.4175371026622399
2022-06-23,0.4801422247219299,-0.3836024878354632,0.05005352604181834,1.403913585552343
2022-06-24,0.4797528335507868,-0.6110286220499033,0.24170740092041215,1.3604309833634227
2022-06-27,0.4793698829153452,-0.8459983163697005,0.2052802107361621,1.3679402424750107
2022-06-28,0.4789933646300099,-0.7801619473157824,0.5565243008696126,1.3845503809055806
2022-06-29,0.4786232708490626,-0.17564096702445464,0.7738762481776066,1.379380916441185
2022-06-30,1.806469198395465,0.43074398339904735,0.9250717583712439,1.3130434778528908
2022-07-01,1.768462238793584,0.9497430851223939,0.7457337086299395,1.2227989083623372
2022-07-04,1.7322684473626846,1.0175124685527601,0.7294292272506672,1.2090623841971455
2022-07-05,1.6977462427104866,1.3707216703871405,0.7987313977650865,1.231976446315684
2022-07-06,1.6647690887662925,0.752692098895173,1.1328946074204778,1.3392340754224343
2022-07-07,1.6332234972491735,0.742578770743781,0.9229450963635559,1.31264004591326
2022-07-08,0.3241169467640987,0.47561623028356753,0.7181709125347067,1.3008707169670037
2022-07-11,0.32462366759236005,1.3370899005216264,1.158146688193383,1.3015835111625904
2022-07-12,0.3251414294451524,2.2623646867649856,1.3287197858311073,1.291059313287068
2022-07-13,0.3256606604214813,2.227170367025063,1.4366729956605937,1.347108726340225
2022-07-14,0.32618138117211976,1.5332513512789634,1.5058075598072909,1.3099094844334442
2022-07-15,0.3267036123806911,1.4020089296188223,1.0025672718934289,1.285157174025911
2022-07-18,0.32722737476515434,1.3888521945642094,0.9528472821570938,1.2525065718597235
2022-07-19,0.3277526890792874,1.188080286770781,0.78911917408794,1.2674616346086818
2022-07-20,0.3282795761141832,1.2260326897712348,0.6750430176935988,1.2590726315626806
2022-07-21,0.32880805669974383,1.3271982725252796,0.4911234131564103,1.2153706215835276
2022-07-22,0.32933815170618214,1.5902457453296053,0.41377211239509903,1.145250605479935
2022-07-25,0.32986988204552886,1.5721849879632137,0.5803968772291265,1.1347039889445951
2022-07-26,0.3304032686731418,1.6596105618348385,0.7874943699029525,1.1471879399364084
2022-07-27,0.7161228235883914,1.8348475994118494,0.5980766257316273,1.0512001777011968
2022-07-28,0.7136616681391661,2.1090421689045984,-1.8382625819295249,0.8637821957116298
2022-07-29,0.7111408441765243,1.803937472989917,-2.16965788206563,0.853901724903505
2022-07-31,1.824812886533082,1.456219009130524,-2.1101064742621105,0.8453221199990613
2022-08-01,1.7883568695261851,1.4861549120351596,-2.131365131549133,0.8463853194298688
2022-08-02,1.7535784715419664,0.8530754242146277,-1.8742365886075505,1.0125487797569115
2022-08-03,1.7203505604488984,1.239468718338527,-1.8246522602218662,1.0160334524334391
2022-08-04,1.6885591736954602,1.4003836415512323,-1.7120235391855974,0.9849325224017219
2022-08-05,1.6581018110899546,0.964627327217337,-1.471606746252161,1.136941488363452
2022-08-08,0.7061494594506811,1.029097482439341,-1.4844613229049282,1.1120769453885688
2022-08-09,0.7036823758754687,0.7112735531140589,-1.190507124833607,1.1389160522675015
2022-08-10,0.7012466953133348,1.0881693741274057,-1.4411965304777241,1.1026830672209393
2022-08-11,0.6988421016962446,0.882413326237478,-1.6199287723828342,1.0413534164768672
2022-08-12,0.6964682869816577,0.9753860362698623,-1.4782871954027168,1.0613224614678651
2022-08-15,0.6941249509738392,1.209498392595083,-1.326909997620688,1.0322509789380936
2022-08-16,0.6918118011515278,1.1185223473020076,-1.054508706358479,1.0804151117590537
2022-08-17,0.6895285525017449,0.9173940172904781,-0.8585525505101208,1.0574794536604462
2022-08-18,0.6872749273595347,0.8831900902021579,-0.8342398639973805,0.9800771775026726
2022-08-19,0.6850506552534312,0.32808438654303645,-0.6494068038045855,0.9807333844616771
2022-08-22,0.6828554727564672,0.09335834814866936,-0.24020143570771854,1.0002804501933873
2022-08-23,0.6806891233425342,0.19416947104616497,-0.25082137276067706,0.966880261495594
2022-08-24,0.6785513572479294,-0.16026563620063417,-0.25363939195898444,0.9717744460042682
2022-08-25,0.6764419313379129,-0.2919324375315339,-0.16365679607266712,0.9742403968502555
2022-08-26,0.6743606089781237,-0.3697008390799796,0.2512381684774843,1.0032860634454352
2022-08-29,0.672307159910701,-0.4453800345462046,0.44939268012663736,1.0086823841071584
2022-08-30,0.6702813601349623,-0.5319689174543426,0.6084498491918214,1.0128408647216693
2022-08-31,1.6227689035323183,-0.22018099328297314,0.8393144159826711,1.018547772187927
2022-09-01,1.5933229768168378,-0.2805221980216402,0.9107299536019581,1.0141442491239512
2022-09-02,1.5650576083530243,0.0030061614942328728,0.7770671257184377,0.9624698283892914
2022-09-05,1.5378948471563485,0.5230618707738569,0.8748098299150239,0.953332570060293
2022-09-06,1.5117638000505071,0.042311495858747626,0.9526100471341536,0.9505868422509581
2022-09-07,1.4865998300263938,0.5838678960273002,0.9953732971500763,0.9430508508186999
2022-09-08,0.45332116785054477,0.358489597965899,0.9286804232885942,0.9535874946999756
2022-09-09,0.45286134140249473,0.3390452861786355,0.8106650269449034,0.970957151908104
2022-09-12,0.45241247793412054,0.22180314992809835,0.8542573223525084,0.9504920224329461
2022-09-13,0.45197458080670877,-0.5153424954695437,1.3808080976452173,1.0021799076379803
2022-09-14,0.4515476544285601,-0.3971975596770198,1.3486087585679816,1.0011566866697497
2022-09-15,0.45113170426011523,-0.5243287963163374,1.1985078687651254,1.0185104181773184
2022-09-16,0.4507267368194127,-0.6281892621033248,1.2731287487265868,1.0127488482125049
2022-09-19,0.45033275968788833,-0.8010346711288732,1.1126494722704214,1.0172301795785432
2022-09-20,0.4499497815165153,-0.7988229813796137,1.1762448682313003,0.9896834827642896
2022-09-21,0.8510329709191238,-0.8964106375654923,1.152661554883568,1.024638265857458
2022-09-22,0.8470305160093575,-1.0120689030585388,-0.4556787396137415,0.9707184019692099
2022-09-23,0.8430858558348772,-1.2718718030369052,-0.21345710731190343,1.0035961469669907
2022-09-26,0.8391980785224655,-1.691848550696102,0.01815546442863663,0.9556468080185646
2022-09-27,0.8353662989514016,-1.6163865576831338,0.08390755065742031,0.914177010405301
2022-09-28,0.8315896578690776,-0.913355062951128,0.1549379397888548,0.9286785586100165
2022-09-29,0.8278673210444684,-0.9743602640530163,0.14848172660884543,0.9213038910799168
2022-09-30,1.6578043129973918,-1.1653881821880645,-0.07312254724550471,0.930531852886235
2022-10-03,1.6264944171365314,-0.8132747528545087,-0.27021635216762147,0.9264720568216047
2022-10-04,1.596496642604231,-0.6507448997300309,-0.30243530298129123,0.9110870573397022
2022-10-05,1.56772075823706,-0.5658392112703347,-0.3064155904528374,0.8799481256766232
2022-10-06,1.540085029557778,-1.1075338167141455,-0.3222809463365362,0.8887619349103969
2022-10-07,1.5135152163374426,-1.1302486775085265,-0.14699621323745674,0.8789463499348784
2022-10-10,0.6030933534904406,-1.0117788850418605,0.09126477008968761,0.8704465570601394
2022-10-11,0.6017439683579726,-0.9599857505429039,0.5697922419631365,0.8353225597006476
2022-10-12,0.6004173493912884,-0.46275452046384163,0.8998124644123769,0.8416719145520566
2022-10-13,0.599113420193956,-0.8183200623546153,0.9184357141687595,0.8848298970006019
2022-10-14,0.5978321082163162,-0.7371150902729984,0.8328058113775628,0.8591030914413113
2022-10-17,0.5965733447297566,-0.5900548926865568,0.6065384616609373,0.8314207867943588
2022-10-18,0.5953370648029193,-0.4313670697938297,0.8841349377873523,0.8211715309740953
2022-10-19,0.5941232072798145,-0.8419220202964767,1.0905860061044326,0.8185510009570449
2022-10-20,0.5929317147598305,-0.8826581455937605,0.9989722548862564,0.7936812917081676
2022-10-21,0.5917625335796163,-0.2660014162007788,1.023511721683664,0.7337228556040438
2022-10-24,0.5906156137968255,-0.1952006187145865,0.8414344652420969,0.7312128117746859
2022-10-25,0.5894909091757077,0.3454762867722901,0.6933285895909881,0.7668085958092526
2022-10-26,0.5883883771745337,0.480353822746389,0.473893922767575,0.7670341759352526
2022-10-27,0.5873079789348494,0.39720871391323553,0.22519187707945296,0.7361149461076418
2022-10-28,0.5862496792725479,0.2617801349580793,-0.012662170222498558,0.7540886777836989
2022-10-31,1.487374096388196,0.21945871931476982,0.11534808011374527,0.7640297689415765
2022-11-01,1.463461688744512,-0.37465923871924856,0.18385408652050483,0.7850411544525928
2022-11-02,1.646214399488006,-0.48683405739820973,0.4329660456323276,0.7851139486780699
2022-11-03,1.6175158906396054,-0.6345691176844317,-1.0139751650643747,0.8023492805916095
2022-11-04,1.5899500165655083,-0.21768317841892526,-1.0127664536956353,0.7645210976181822
2022-11-07,1.5634433581856275,-0.2817736053806001,-1.1434606391149968,0.7621421707676772
2022-11-08,0.9947792914454284,0.0392157819784481,-0.7981659552226987,0.7591606588934363
2022-11-09,0.9891494346105852,0.2607640606080879,-0.7556612198457656,0.7366856539813008
2022-11-10,0.9835455044992951,1.0944288757914888,-1.1394523546022015,0.7263923471595144
2022-11-11,0.9780375288257369,1.4909517121230078,-1.1236482393311722,0.7196424548285845
2022-11-14,0.9726235066936771,1.420922589155119,-1.1097637874038644,0.7226497923084025
2022-11-15,0.9673015077229484,1.4836534756637105,-0.9797068967386925,0.7254587282116145
2022-11-16,0.9620696690908485,1.5285660010455238,-0.8072830611182071,0.7548368812296256
2022-11-17,0.9569261927283338,1.5340233272641202,-0.7698293290507221,0.761927414331577
2022-11-18,0.9518693426616147,1.4338784741265316,-0.7823823531043269,0.7697342187120026
2022-11-21,0.9468974424904097,1.0932083981197913,-0.9878682803673919,0.7680944699285194
2022-11-22,0.9420088729947271,1.253869206315343,-1.0068712071711108,0.7682200053861699
2022-11-23,0.9372020698625975,1.2946188493059172,-0.9254872103575642,0.765395161106351
2022-11-24,0.9324755215316833,1.1515786563700268,-0.8505747504215052,0.7570459947575151
2022-11-25,0.9278277671381929,0.9002339347648302,-0.7837638821864819,0.7404140979773708
2022-11-28,0.9232573945669271,1.2893429616655698,-0.4171102145203189,0.7286642022132919
2022-11-29,0.9187630385967328,1.335800925933217,-0.4535117695578181,0.7163322932432591
2022-11-30,1.444083220994222,1.89108678172428,-0.541126449035406,0.6811829182426764
2022-12-01,1.4233494048404522,2.321418139089249,-0.7341537506409241,0.6738031466087719
2022-12-02,1.403272152853053,2.4732674871174583,-0.9460433544013246,0.6894711361721245
2022-12-05,1.3838172433198652,1.8543677507034058,-0.9003816878797968,0.7045252937032787
2022-12-06,1.3649529399479765,2.0958607729939036,-0.5590108866752915,0.7055356513670674
2022-12-07,1.346649764345989,2.223880002290884,-0.5433614270405699,0.6873171688412438
2022-12-08,0.9804547612668769,1.8437271733968013,-0.9114550449976697,0.6809235248996448
2022-12-09,0.9750825819545993,1.176020870324891,-0.738895757991822,0.6572850657917821
2022-12-12,0.9698025505667247,1.096426425671543,-0.6925113424703098,0.6534432258310816
2022-12-13,0.9645258091143974,1.6639011921468574,-0.613455655491861,0.6129178000276586
2022-12-14,1.2385789844460446,1.557988425860399,-0.6852889712153589,0.6124728054005892
2022-12-15,1.227983200177843,1.5274073866867361,-1.6683902520910612,0.6288954346897996
2022-12-16,1.2176200892436113,1.8220942518551886,-1.6342964464872756,0.5851993864999508
2022-12-19,1.207481708872547,1.699515498110066,-1.5503775575013659,0.5776487878438452
2022-12-20,1.197560507073051,1.7060324804021179,-1.4574582463354722,0.5361015786983797
2022-12-21,1.1878492983246292,1.7007804064205878,-1.512215412699789,0.5195433373689723
2022-12-22,1.1783412410969438,1.5835838482861517,-1.3131520840905742,0.5385929921807977
2022-12-23,1.169029817035814,1.4626500878324418,-1.3919423293857676,0.5368863063952312
2022-12-26,1.1599088116719394,1.2697509976539896,-1.3833055555978322,0.532163395162658
2022-12-27,1.1509722965223608,1.0813477914703036,-1.4971999252814052,0.5211656210726348
2022-12-28,1.1422146124673005,1.1835690630819071,-0.9378155787022894,0.4942558170047844
2022-12-29,1.133630354296292,0.8270449267760661,-0.9784497732510771,0.518060901903957
2022-12-30,1.1252143563275872,0.495418073162196,-0.9522672093457497,0.5244548241453114
2022-12-31,1.308528735166597,0.6561803667011947,-0.9450175036515697,0.5199294617532477
2023-01-02,1.2922558509182376,0.8000617269946334,-0.8795873228998001,0.5154428302504394
2023-01-03,1.2764108394034615,1.0368143742017866,-1.0520454542511943,0.5336814070265203
2023-01-04,1.2609748172922373,1.0038568867952111,-0.9255633623491902,0.5383906182669187
2023-01-05,1.2459300660372574,0.8196759253836751,-0.6222620531270884,0.577425335402597
2023-01-06,1.2312599409156515,1.484192500952173,-0.7174812485307974,0.5077965628238921
2023-01-09,1.1813443278464792,1.6339644339715693,-0.6935141228852371,0.4908328250231592
2023-01-10,1.1713884980766747,1.2565737205400158,-0.7406287230655745,0.4751744674016093
2023-01-11,1.1616342127856025,1.341505417735963,-0.6127903845923593,0.48186463006829255
2023-01-12,1.1509279584391567,1.587484095772312,-1.0559718773909905,0.4771285391653387
2023-01-13,1.1404315759322396,1.2456454733450335,-1.232159137808897,0.49305191759841976
2023-01-16,1.1301379950159742,1.4271042359875088,-1.176926525972884,0.4881847930689366
2023-01-17,1.120040479401912,1.5049648173610073,-1.2060728457961392,0.45135534494106394
2023-01-18,1.1101326066831219,1.791183992720009,-0.8231101223407662,0.45722353268709526
2023-01-19,1.1004082497135148,1.7371320565665975,-0.7803126174596909,0.46186945324568757
2023-01-20,1.0908615593217796,1.5706397958583365,-0.8040752335927402,0.44520769921351755
2023-01-23,1.0814869482482268,1.407378573905972,-0.8537782984688788,0.45680378613841854
2023-01-24,1.072279076203524,1.5248802416966423,-0.7464547646840954,0.46456529106679084
2023-01-25,1.0614505653866313,1.6872359239368495,-0.9609293714602934,0.4227537875179553
2023-01-26,1.0508148740312937,1.5717015107958296,-1.079557509290388,0.4227623353648675
2023-01-27,1.0403656818033789,1.5886915287596683,-1.073792670195936,0.42711783270868386
2023-01-30,1.030096956405808,1.485212378160907,-1.010001508288567,0.43733831419018593
2023-01-31,1.0585873242974009,1.617283069496951,-1.0011909966245844,0.4206740654197767
2023-02-01,1.1133402289986685,1.7417104309913842,-1.0034998235625747,0.3972665841117714
2023-02-02,1.099605202959475,1.6758538376143515,-1.7912407667482233,0.40163655428075196
2023-02-03,1.0861572486948152,1.346328422755651,-1.6627818763846072,0.45987813858689963
2023-02-06,1.0729854433042674,0.5303911237167258,-1.4655532988513567,0.5168901913434633
2023-02-07,1.0600794401847815,0.3282499113517499,-1.3559371249197805,0.4907736926574264
2023-02-08,1.1003491241600885,0.516162938926707,-1.110232792486158,0.47998635402228634
2023-02-09,1.088594650055425,0.3125678470308692,-0.9414566860971871,0.498866810485665
2023-02-10,1.0770602486227911,0.01656945771480672,-0.7589414758136579,0.4837688894279848
2023-02-13,1.0657383185159757,0.16823472210445967,-0.6832618460854506,0.49667550755657586
2023-02-14,1.0546216229887626,-0.021474345506575683,-0.8424785441692556,0.5218983775223355
2023-02-15,1.0437032676150315,-0.09398113171783702,-0.8022571358734535,0.49884298015277795
2023-02-16,1.032976679653729,-0.397598309032716,-0.6275687157815667,0.476403150198572
2023-02-17,1.022435588916938,-0.23098452289218974,-0.6261629118874592,0.47689199331096327
2023-02-20,1.0120740100132173,-0.15908614743487542,-0.5241292387394922,0.4721384100271833
2023-02-21,1.0018862258507522,-0.36163578452017436,-0.24724039280535048,0.46828865862909397
2023-02-22,0.9918667722959301,-0.3297660857319242,-0.36807714412935627,0.4668525696533967
2023-02-23,0.9820104238927917,-0.4156988209000579,-0.5675201783923217,0.4776367104595992
2023-02-24,0.9723121805576479,-0.5522488004187323,-0.4818784202367415,0.5070917304337069
2023-02-27,0.9627672551710377,-0.4505193852470054,-0.6322790883600965,0.4970142389022238
2023-02-28,0.9161291469724991,-0.48127812534003456,-0.586015700625474,0.49679059723258406
2023-03-01,0.9060011760156986,-0.7406531015728756,-0.5725495737104986,0.4959121781776722
2023-03-02,0.8960359960174706,-0.9177723242787753,-0.6251348266647823,0.4698615609131851
2023-03-03,0.8862286635052651,-0.7862470334295691,-0.4711258100764909,0.4781421870783173
2023-03-06,0.8765744436400877,-0.5450718968409703,-0.5391437410017124,0.48621703308418274
2023-03-07,0.8670687989943245,-0.38961588765836574,-0.29397652887494075,0.5459852755919378
2023-03-08,0.9451080175758637,-0.46047421925788246,-0.0839481014830391,0.5591170322987392
2023-03-09,0.9357771771606282,-0.07816620983797652,0.1484461189619347,0.5007042341856153
2023-03-10,0.9265868978418518,0.6790949599611811,0.4292477021326862,0.4343341130435056
2023-03-13,0.9184411265043603,1.8762514429531734,0.4568611510257827,0.12841338570295907
2023-03-14,0.9104110404305098,1.2945740025179995,0.054354137760703296,0.22013227430249105
2023-03-15,0.9024935504948455,2.1973161268416823,0.28108241003655027,0.12038656674032679
2023-03-16,0.8946856825049521,1.6741392880334391,-0.14641441934235377,0.20637285915284706
2023-03-17,0.8869845717293716,2.2571901088872646,-0.4386862398433009,0.10862195361120375
2023-03-20,0.8793874577412805,1.9283180079749151,-0.1970891035181512,0.15171367307829303
2023-03-21,0.8718916795566021,1.5189293011116984,-0.4428513820428292,0.19637592486101824
2023-03-22,0.9948734790669592,2.1747604746554945,-0.2680509195868308,0.13469922550571528
2023-03-23,0.985008438446839,2.228670717709331,-0.834196882003981,0.08322708259738797
2023-03-24,0.9753018875718391,2.1956950246299254,-0.6505081499063713,0.0798236295086679
2023-03-27,0.9657490198582168,2.011816914957302,-0.8131236723571802,0.12480238156814077
2023-03-28,0.9563452312139911,1.7585723965342077,-0.839172659947078,0.14304877776631564
2023-03-29,0.9470861091456222,1.7228414026949266,-0.9044403383237974,0.1531761726799498
2023-03-30,0.9379674225740096,1.7656561364848242,-0.7297199144770808,0.16652680557633334
2023-03-31,0.7906125721188081,1.906042934848184,-1.2187305471958902,0.14688919888656513
2023-04-03,0.7823446288375075,1.9012751166644353,-1.0010763817691586,0.1319616115701725
2023-04-04,0.7741865800793845,1.9641761670782012,-0.6164711939316188,0.08410532319569397
2023-04-05,0.7661355716412871,1.8978292771867002,-0.4021290330065579,0.07408908801834438
2023-04-06,0.7581888524809106,1.8609193654690623,-0.5144018230108355,0.0943930426918771
2023-04-07,0.7503437699592218,1.7121691982896106,-0.6843236906371254,0.09251583940970638
2023-04-10,0.9257089356378243,1.183101008060611,-0.7214076676300996,0.1534630398933247
2023-04-11,0.9166992016154135,0.4284609954443783,-1.1613772346478408,0.15362902986277877
2023-04-12,0.9078171080110994,0.8714249124074345,-0.8365753864547664,0.13166859187832075
2023-04-13,0.8990627000166321,0.3841640255926969,-1.4815238824360082,0.11532562463550364
2023-04-14,0.8904324221516148,0.5020755161450281,-1.1863030459665174,0.15880766705527102
2023-04-17,0.88192285628201,-0.10781604274608317,-1.4007376860385528,0.18068437964953613
2023-04-18,0.8735307148343366,0.08545690287515116,-1.2691865499523225,0.19388913876471484
2023-04-19,0.8652528344161976,0.2839478216829605,-0.9428603702814482,0.2225927935146959
2023-04-20,0.8570861698146715,0.18850579502464634,-1.0237756262304183,0.17138996783314986
2023-04-21,0.849027788346358,-0.04437053722880851,-1.2311320830710455,0.17815114711583152
2023-04-24,0.841074864534954,0.05407938664124388,-1.4642832065461662,0.13997039677205425
2023-04-25,0.8332246750941268,0.6483230818715505,-0.9136918473738959,0.09576631847756147
2023-04-26,0.825474594195178,0.6980075121890827,-0.6802675879191639,0.07331407156014018
2023-04-27,0.8178220890005568,0.5108251675857857,-0.7128014646462474,0.1153578717973181
2023-04-28,0.8102647154457336,0.6594424578217135,-0.9174818107921605,0.1242339541816517
2023-04-30,0.6332585261411157,0.3577365469679282,-0.7300368799952963,0.1220816122551086
2023-05-01,0.6266514931858825,0.14470220630937822,-0.8704193513043283,0.1486343613052689
2023-05-02,0.6201147380527671,0.3364836600027802,-0.35382923179233894,0.08437532708219117
2023-05-03,0.6790814733551676,0.5806532149387958,-0.17761900078138393,0.027059733673506416
2023-05-04,0.6716816866502728,0.7211585862459939,-0.5400864474292367,-0.002793919481735189
2023-05-05,0.6643662235274672,0.502700805757948,-0.8746986747523422,0.04199729222646707
2023-05-08,0.8954792288630613,0.5511471436204041,-0.8086937996376456,0.06708741042829511
2023-05-09,0.8861619722136223,0.5547060028239537,-0.6699637368908024,0.07691663610928723
2023-05-10,0.8769780067874334,0.7455968233009194,-0.645219115770903,0.03297452928593529
2023-05-11,0.8679768444348945,0.763246693066997,-0.6162568874418646,0.05364746054790633
2023-05-12,0.8591005159393937,0.7685616785271495,-0.5686069609572968,0.08446378874676262
2023-05-15,0.8503455721606563,0.86727763812164,-0.6569958211358404,0.08115609548239794
2023-05-16,0.8417086957624293,0.7867806120682912,-0.43080987449186725,0.11561436167665806
2023-05-17,0.8331866947710528,0.6781780801374452,-0.4111028055831919,0.15415045256163057
2023-05-18,0.8247764965158512,0.3771122511444127,-0.6313438160018987,0.20565262460443387
2023-05-19,0.8164751419248394,0.39705860389524866,-0.5523234303985528,0.2088701476269813
2023-05-22,0.8082797801513539,0.21940223760298744,-0.6169061584896628,0.2282458123760778
2023-05-23,0.8001876635091237,0.05296652535314707,-0.5783107877140755,0.23023898026075978
2023-05-24,0.7921961426950419,-0.058486801671138365,-0.18789812813127307,0.25777579822387203
2023-05-25,0.7843026622805037,-0.20492254911503904,-0.3168883857535804,0.3467025255663877
2023-05-26,0.7765047564536132,-0.3042304739962266,-0.5737351967994193,0.37363638571251584
2023-05-29,0.7688000449959113,-0.29069422829997893,-0.6220679381724551,0.3697158110438384
2023-05-30,0.7611862294784889,0.24370225391702216,-0.4891863339350755,0.3300794311504128
2023-05-31,0.5338254469558624,0.06190342971256097,-0.2769419811657139,0.3116085152288394
2023-06-01,0.5277467753952597,-0.023489341262643123,-0.6616638449394224,0.27953250928717327
2023-06-02,0.5217236140931504,-0.3623927135887592,-1.1390319292380622,0.3611091783879065
2023-06-05,0.5157548697344289,-0.14003940735661521,-1.094416027198614,0.3302221169703185
2023-06-06,0.5098394793344818,-0.07766747829862888,-1.1267315230340615,0.35541914246114664
2023-06-07,0.5039764091746614,-0.32606384038711356,-1.14407961696989,0.3421888663246181
2023-06-08,0.7550157450040389,-0.43871975401764407,-1.2673644217606532,0.3475780873476019
2023-06-09,0.7473827697654213,-0.571712385197736,-1.3488135667107497,0.39247696228329965
2023-06-12,0.7398373344697529,-0.48197864577098243,-1.2148516054309781,0.38090209130083735
2023-06-13,0.7319301854460226,-0.5956288314993159,-1.4228198930571583,0.401672917014012
2023-06-14,0.724113878601754,-0.5819788880669291,-1.407298424890384,0.4227478888642267
2023-06-15,0.7163861927743923,-0.28675213173285496,-1.3721483769136398,0.41266986631672575
2023-06-16,0.70874498151954,-0.24319223827592107,-1.3627510092160855,0.43807566288471467
2023-06-19,0.7011881698983983,-0.3018182915770427,-1.235139814379918,0.43307439790811786
2023-06-20,0.693713751433305,-0.21440755520284685,-1.0838253986136446,0.4313298648943659
2023-06-21,0.6863197852210658,-0.24981407855217844,-0.8920065555552655,0.4469321946535956
2023-06-22,0.6790043931944822,-0.2800289041191809,-0.9989030139886875,0.45098323402290064
2023-06-23,0.6717657575231589,0.08706510455022784,-0.752261001084913,0.4499686835571312
2023-06-26,0.6646021181452825,0.19222484808085136,-0.5384358139016372,0.4521585514579584
2023-06-27,0.6575117704226336,0.10670655316700887,-0.7838594951903782,0.43549722548415387
2023-06-28,0.6504930629116107,-0.0028712457844700555,-0.7763209080982774,0.4234877563879852
2023-06-29,0.6435443952435418,-0.4608038292718093,-1.0127275716422497,0.44953644740048504
2023-06-30,0.39264964299447147,-0.6268725904913142,-1.2476434678641877,0.46971753488805984
2023-07-03,0.3872914736463157,-0.49767932580041147,-0.9162476298169544,0.4753391524130983
2023-07-04,0.3819726810613776,-0.5511554139635793,-0.9207479426583787,0.4695656369936892
2023-07-05,0.3766926111812465,-0.553244386259096,-0.7339797431255197,0.4321447951292394
2023-07-06,0.371450625884156,-0.5756771579405269,-0.45956984441105414,0.3959895223055469
2023-07-07,0.3662461025052274,-0.5951084926742588,-0.5672169530252443,0.3521175973423574
2023-07-10,0.792944078666831,-0.2851414171048491,-0.3895809312996956,0.32828797120828657
2023-07-11,0.7833171479461332,-0.32322740078945894,-0.43569595928489313,0.3486071088298789
2023-07-12,0.7735123855504161,0.199129585935644,-0.46688137341928254,0.3171816182635849
2023-07-13,0.763836976527402,0.532335228069804,-0.45434115881235637,0.2622766215512588
2023-07-14,0.7542872883963668,0.15322730962756667,-0.5612055335977962,0.33864304921485155
2023-07-17,0.7448598288861095,0.3190403289617838,-0.4027637202937605,0.3282126398958141
2023-07-18,0.7355512390445633,0.25882510681129445,-0.48114928078453406,0.35288039621135747
2023-07-19,0.7263582867602303,0.2573260732638063,-0.4779247276464883,0.3644162830550445
2023-07-20,0.7172778606666235,0.04455835018532152,-0.5893251076806764,0.3552747007833563
2023-07-21,0.7083069644031912,0.09811275162554606,-0.5544993628975178,0.35914659224121176
2023-07-24,0.6994427112083152,-0.1206037892522623,-0.7067335134299629,0.386837909345851
2023-07-25,0.6906823188218693,-0.03899728549423825,-0.7522667060388749,0.3531606938386325
2023-07-26,0.8160236064705719,0.039288696276515406,-0.536110877503571,0.3309048616646383
2023-07-27,0.8050021436277178,-0.243324404305047,-1.2907275036635177,0.32318038769893065
2023-07-28,0.7941388868168968,0.06886901355954793,-1.1460168024475201,0.3088859430208537
2023-07-31,0.30770874552084476,0.09020202960390535,-1.1040462418041597,0.3009398620639664
2023-08-01,0.3022371877267726,0.03624260931066447,-0.9972862799903349,0.28410288739492473
2023-08-02,0.29680521939910753,0.08855611692561527,-0.6602078790345496,0.23365265269849733
2023-08-03,0.29141220396214973,0.06608094616160876,-0.680676264956065,0.18132391551978708
2023-08-04,0.28605752072340385,0.5289503197531108,-0.6684623861374033,0.15559059459869193
2023-08-07,0.2807405643956327,0.3968393757547503,-0.7519778844636174,0.11724606469337126
2023-08-08,0.7969487889145064,0.31068638452413605,-0.663876783800897,0.14041975285784136
2023-08-09,0.7859714053341983,0.2769687914318009,-0.6334624365521678,0.19422719679854275
2023-08-10,0.7751482403821365,-0.13044689675033044,-0.669790305278581,0.16852626427433753
2023-08-11,0.7643402385436076,-0.48097965269763543,-0.7852327532969555,0.1932231404981221
2023-08-14,0.7536802911557859,-0.37676068503042437,-0.7095073605516802,0.22445941047075824
2023-08-15,0.7431640105598657,-0.36778436534219383,-0.6199241710175575,0.20093993185812567
2023-08-16,0.7327871876097147,-0.3752671364645024,-0.5107170201410732,0.185949912863431
2023-08-17,0.72254578245996,-0.33988736404757275,-0.2841348486830738,0.13812571982776278
2023-08-18,0.7124359159326108,-0.158589295177104,-0.26891355525939153,0.16176113503881817
2023-08-21,0.7024538614196796,-0.31046961682300533,-0.31958963618831737,0.15404981417153496
2023-08-22,0.6925960372828562,-0.21211800104850445,-0.30879999565519706,0.18811797277336345
2023-08-23,0.682858999714512,0.04074747315605616,-0.3504667367614771,0.20752205960939188
2023-08-24,0.6732394360272483,-0.1427390127282495,-0.3117799491332358,0.21707766527154648
2023-08-25,0.6637341583418643,-0.16455670604477404,-0.23105224324002702,0.2531748217955652
2023-08-28,0.6543400976460475,-0.18775652627286238,-0.3227583530737929,0.2482726300284597
2023-08-29,0.6450542981982721,0.15865350857647129,-0.4521922924788476,0.1702757543733375
2023-08-30,0.635873912253429,0.2944315359176485,-0.564704113295283,0.16200708151680634
2023-08-31,0.11626752731169518,0.33620502128690033,-0.7710180882188745,0.13637688176386806
2023-09-01,0.11131638123390607,0.2548477462760837,-0.9598588285539076,0.11448536405426236
2023-09-04,0.10640216743061895,0.0616802776208037,-0.9363694143311978,0.11206563087739221
2023-09-05,0.10152436962013829,-0.21008160109780796,-0.8244992614017407,0.13716277114638892
2023-09-06,0.09668248432017494,-0.38057746537428233,-0.614135726093483,0.17158895288576884
2023-09-07,0.09187602045924965,-0.10441621977659908,-0.582950606141797,0.12918869916231118
2023-09-08,0.8493456967418377,-0.03612521405458157,-0.4988907849241261,0.1493853453863021
2023-09-11,0.8360833524591452,0.08083151214206799,-0.550627765759869,0.13119878385644293
2023-09-12,0.8230335149825494,0.11824319546653717,-0.46122373398398353,0.1591902279833533
2023-09-13,0.8102748907146967,0.2803523599963433,-0.49314466804266566,0.12915579177898934
2023-09-14,0.7977124867226272,0.20567893130588946,-0.5895574650821924,0.14596294266762216
2023-09-15,0.7853398091716268,-0.000282321041557113,-0.7325138924103333,0.13708568660223713
2023-09-18,0.7731506588348521,-0.011051640273715982,-0.7643548608853789,0.16899315217325428
2023-09-19,0.7611391141755106,0.023498894356516486,-0.7287741120974132,0.16232043697013687
2023-09-20,0.7492995156099602,-0.11649615449310087,-0.5295385615734957,0.18468114716446457
2023-09-21,0.7376264508553698,-0.3790955594747935,-0.1786569988999521,0.1063969202072352
2023-09-22,0.7261147412745453,-0.06398012789838275,-0.12926013477338924,0.1204704126181396
2023-09-25,0.7147594291385614,-0.10985378415056757,-0.14618457940700905,0.06436480982712249
2023-09-26,0.7035557657350596,-0.08151781791041031,0.1146979260931126,0.05864106677132356
2023-09-27,0.6924992002565339,-0.5126815558323663,0.06582946402935158,0.022493188369238644
2023-09-28,0.6815853694087523,-0.2647489981175273,0.13288199838670675,-0.02053352717720588
2023-09-29,0.6708100876847134,-0.2758910438643625,-0.04759363906551545,-0.032363893582337336
2023-09-30,-0.07489283359613079,-0.13596158526822727,0.00510341421141065,-0.03381321586290496
2023-10-02,-0.07882115723314399,-0.4278407835391268,0.1340957290918191,-0.05255347475544768
2023-10-03,-0.08271997049976615,-0.420716007518376,0.5401989211809659,-0.09137217068199995
2023-10-04,-0.08658958387620676,0.01547033125042096,0.603116361007397,-0.13438723279834788
2023-10-05,-0.09043030148806201,-0.03760936076778216,0.5536580373915202,-0.15942971324594996
2023-10-06,-0.09424242129033872,-0.1926917623147376,0.5419173870986848,-0.15418519434791705
2023-10-09,0.7123120839158827,-0.27083900645369957,0.6099687985405137,-0.15491781261426832
2023-10-10,0.7008193110986899,0.12888731211841017,0.3416774748505564,-0.16881044353894586
2023-10-11,0.6894342125124703,0.11659253401712877,0.282404416984559,-0.0950304084898641
2023-10-12,0.6781969538528576,-0.17837421580925003,0.4371893902627072,-0.10018904497092818
2023-10-13,0.6671031295432621,-0.013726748367911002,0.6478811460407491,-0.05742737173324096
2023-10-16,0.6561485142869868,-0.18069525205472653,0.39524473544168487,-0.0806616250949254
2023-10-17,0.6453290538188734,-0.4462772513619133,0.4600063131632937,-0.07603940846277386
2023-10-18,0.6346408562370204,-0.36345669586773705,0.7295271525962993,-0.12202142573172352
2023-10-19,0.6240801838719969,-0.3299160129995598,0.7265203353404452,-0.2304388893129421
2023-10-20,0.6136434456545297,-0.03497943185961266,0.8318810048552109,-0.2617227728501287
2023-10-23,0.6033271899458991,0.0690819610760478,0.6529321781770183,-0.24326089133018286
2023-10-24,0.5931280977981844,0.06648594216071477,0.21122400240954842,-0.1506245346551084
2023-10-25,0.5830429766141938,-0.10023075281924469,0.39582180339099465,-0.23728323901974607
2023-10-26,0.5730687541793095,0.07123018816019624,0.4434280447106656,-0.2561053182219513
2023-10-27,0.5632024730396951,0.17392233982256816,0.6033773468627267,-0.29746316066916284
2023-10-30,0.553441285203316,-0.030954188125415782,0.447112009723765,-0.27104827079714705
2023-10-31,-0.25893602232195595,0.07749699914031158,-0.02402678771192896,-0.2558771229799259
2023-11-01,-0.2620696011305839,0.6401884202558326,-0.1850255085966884,-0.2954772122135151
2023-11-02,-0.26517332734642574,0.39023386756714024,-1.0442521362982728,-0.18591456893814864
2023-11-03,-0.2682474961868625,0.7430811813660374,-1.3029713400113783,-0.31804881074446356
2023-11-06,-0.2712923984850312,0.5892436097285033,-1.2277217641522913,-0.24313504008879466
2023-11-07,-0.2743083208116186,0.7773790203318386,-1.1037944785370635,-0.20771328826282637
2023-11-08,0.6405960112765842,0.5548707120712051,-0.9820120334494845,-0.1337352138035299
2023-11-09,0.6294709973133729,0.1749608101950964,-0.966088091662991,-0.11836177925318817
2023-11-10,0.6184794210604616,0.33314024684727916,-1.140559246133024,-0.08028353329502468
2023-11-13,0.6075479658955815,0.35713296364931885,-1.089051904865542,-0.11236632624534634
2023-11-14,0.5967437540031932,1.201911533791533,-1.3391950477836356,-0.2409468210009532
2023-11-15,0.5860631921834126,1.1385274765974256,-1.2624377868648042,-0.19287624848880713
2023-11-16,0.5755028275392806,1.517429757367286,-1.2159927692882055,-0.22652537248616111
2023-11-17,0.5650593407162644,1.2792945333594692,-1.3876443723903473,-0.15500485759410743
2023-11-20,0.554729539542736,0.927458935527574,-1.6360165379181015,-0.11856228688157679
2023-11-21,0.5445103530435874,0.9802962185409639,-1.5916997364563066,-0.1522673304212178
2023-11-22,0.5343988258013184,1.0411588884001417,-1.4259459186146743,-0.10962123784796786
2023-11-23,0.5243921126409722,1.0584550209783976,-1.3556184727181224,-0.11104345605573361
2023-11-24,0.5144874736171172,0.547027421659111,-1.6941496425131353,-0.08861827970813363
2023-11-27,0.5046822692827574,0.7517590036221252,-1.6414339746649593,-0.11492745731669096
2023-11-28,0.49497395622157436,1.2772271013267023,-1.5032916563260081,-0.28988913500447416
2023-11-29,0.48536008282630533,1.653106730838503,-1.5134269060839862,-0.34537857647350123
2023-11-30,-0.4420895093590304,1.0832983526936937,-1.606942674576388,-0.3531893118159062
2023-12-01,-0.4441995043790929,1.6450799488972518,-1.4393491332312454,-0.4276499331931943
2023-12-04,-0.44627965429160416,1.0320727287360054,-1.235240679729581,-0.3560052205398649
2023-12-05,-0.4483303163765803,1.441831711221038,-1.0931713079916676,-0.35937276749411107
2023-12-06,-0.4503518437527687,1.4052745496591692,-1.0139247848910886,-0.28591766908615124
2023-12-07,-0.4523445854500873,1.3903714115387924,-1.0548529826311623,-0.32393182158171807
2023-12-08,0.5617748842748194,1.188763999029221,-1.1121267231758687,-0.2206693389870179
2023-12-11,0.5511172366766963,1.2693708112127466,-0.9876794873360139,-0.24521655953265134
2023-12-12,0.5405737082454798,1.2442562566635607,-1.0285458268036864,-0.1800972930017465
2023-12-13,0.5299329252653902,1.6695561993662862,-0.8412133939237985,-0.45386680680332275
2023-12-14,0.5194037853516477,2.0254781729199833,-1.2077191445203843,-0.4741764847146642
2023-12-15,0.5089832864401438,1.7200099901769688,-1.3469821755942804,-0.38871611853116433
2023-12-18,0.4986685399766412,1.748289929831839,-1.2626115375838454,-0.4027001504590074
2023-12-19,0.4884567657541001,1.8404253214607829,-1.2450352982673423,-0.4104385911544637
2023-12-20,0.47834528704172746,1.9736324968732821,-1.1704866392555315,-0.5005412704247695
2023-12-21,0.4683315259864137,1.965760889802028,-1.159871013206864,-0.5119153705445557
2023-12-22,0.45841299926869006,1.9336294451829392,-1.2603375325365382,-0.5473612955660198
2023-12-25,0.4485873139966432,2.035838377587929,-1.1795140989549597,-0.5463917862020344
2023-12-26,0.4388521638224938,1.764737979278241,-1.357125354589724,-0.4932232563601132
2023-12-27,0.4292053252676306,1.7593554047280806,-1.4719555418547585,-0.5950020688335462
2023-12-28,0.41964465424294584,1.4904066133216238,-1.439054852466607,-0.5618056621006133
2023-12-29,0.41016808275225347,1.653019339226107,-1.5141058357586272,-0.6380807274576153
2023-12-31,-0.6258090523815774,1.1365276603732481,-1.464944990677638,-0.6362956062198626
2024-01-01,-0.626599224407599,1.432856914635898,-1.3543791454823297,-0.6345297609999646
2024-01-02,-0.627362768810963,1.1028969503461865,-1.0786636079109935,-0.5573805579140815
2024-01-03,-0.6281001619639285,1.1614483402076412,-0.6545562488441352,-0.5318460334350348
2024-01-04,-0.6288118729742297,0.9484323430454096,-0.39395200274505016,-0.5023888164737776
2024-01-05,-0.6294983637860008,0.997878525758032,-0.44412129150406643,-0.5330371668322729
2024-01-08,0.4891384652310878,1.0703819547544229,-0.5470959419446048,-0.5498585512734016
2024-01-09,0.47873180442365604,1.194318610003841,-0.5947291767871068,-0.5395782146558906
2024-01-10,0.46841401017322565,0.6515589433872345,-0.750110310653918,-0.5555916177493546
2024-01-11,0.4581944029003708,0.8347012023995842,-0.2965577050064272,-0.7271667397137128
2024-01-12,0.4480704707886575,1.1899384550757963,-0.35503905186976975,-0.8928317191020639
2024-01-15,0.43803979448892877,1.2232814561271284,-0.33826360154296187,-0.8880618919978479
2024-01-16,0.4281000431488474,0.9743889654465338,-0.2163391773254387,-0.844961335439089
2024-01-17,0.41824897065648636,0.43398661004948447,-0.0028207217497708175,-0.613011733612651
2024-01-18,0.408484412084386,0.3755422938158857,-0.08268566215973884,-0.6701952349072884
2024-01-19,0.39880428032149173,0.2700866784472942,-0.21373273008867813,-0.5822134581182804
2024-01-22,0.38920656288124567,0.39343333494472654,-0.26140458169108105,-0.5622953979236748
2024-01-23,0.3796893188749853,0.40776417504659984,-0.24898717500727302,-0.6026625043625381
2024-01-24,0.37025067614052604,0.15073823710970696,-0.2253168576961733,-0.6125459577202884
2024-01-25,0.3608888285165205,0.43213332635382407,-0.24453591104325842,-0.7463569682213315
2024-01-26,0.35160203325382716,0.28708180532092126,-0.36192398537005566,-0.6589960624771579
2024-01-29,0.34238860855573494,0.37544432577357256,-0.3290176389032512,-0.6894817251598644
2024-01-30,0.3332469312394099,0.3292022791178577,-0.3361786341036698,-0.5921557113511094
2024-01-31,-0.78328544685108,0.7692156597461794,-0.2366203848485455,-0.7408941186544578
2024-02-01,-0.782123448684438,0.9282156237117024,-0.5574153245584752,-0.730780964839418
2024-02-02,-0.7809572253268836,0.4893866630073574,-0.6330797580204653,-0.4783676845911344
2024-02-05,-0.7797870278741903,0.14204346247230762,-0.537961308269171,-0.40299768407776043
2024-02-06,-0.7786131009384025,0.4048031975574062,-0.4720085878707563,-0.49326374906962794
2024-02-07,-0.7774356828075245,0.30384405093068495,-0.5351310690933311,-0.4642749078050335
2024-02-08,0.29336216968951984,0.21205157770721325,-0.4582129313773057,-0.4347381273440436
2024-02-09,0.2849051838589714,-0.20092524488563474,-0.6033114764683605,-0.3947541552018357
2024-02-12,0.2761218858829012,-0.3110515680748214,-0.466399983792047,-0.4172806194192426
2024-02-13,0.2674006519272018,-0.875616928905076,-0.2636401136009203,-0.24900867054271733
2024-02-14,0.2587402478608288,-0.4778272139834894,-0.36987841738209437,-0.3188029431446832
2024-02-15,0.2501394819665289,-0.1648814317287634,-0.5915918290958605,-0.3155127434325028
2024-02-16,0.24159720347500885,-0.3637134960452088,-0.4851663592622481,-0.24500193126074898
2024-02-19,0.23311230116389522,-0.2884763741554994,-0.38395848595832416,-0.24589540672669025
2024-02-20,0.2246837020179897,-0.1925686464505576,-0.23936117041135097,-0.30449868951826337
2024-02-21,0.21631036994750502,-0.34767440114785303,-0.20700097984952864,-0.24764812751094473
2024-02-22,0.20799130456118517,-0.47077106426448856,-0.31621594502496975,-0.17925055455451638
2024-02-23,0.1997255399913913,-0.5648675582493861,-0.4023901983897451,-0.13609823613140146
2024-02-26,0.19151214376841488,-0.5893522649936344,-0.28954578232068945,-0.12115232822175331
2024-02-27,0.183350215741407,-0.6578080995104401,-0.40381337526008637,-0.19522552694143827
2024-02-28,0.17523888704351306,-0.5548689436366249,-0.26388756664764096,-0.2675389435432185
2024-02-29,-0.9241996493315592,-0.7145721859160576,-0.693457900656195,-0.293960978610485
2024-03-01,-0.9213416860391693,-0.5535159794638856,-0.6023432350632234,-0.4203970656715793
2024-03-04,-0.9185029248519285,-0.3683802526744933,-0.5055593231296261,-0.319794172911615
2024-03-05,-0.9156832372236184,0.05564419166700511,-0.42514806543038314,-0.3615681525587794
2024-03-06,-0.9128824947593591,0.0038724023491679576,-0.4310850630893444,-0.3179931816027135
2024-03-07,-0.9101005692687381,0.21128985451352789,-0.3050557750148226,-0.3825580576965677
2024-03-08,0.22521091465008952,0.3088781571988819,-0.21814534444471612,-0.4351815620533512
2024-03-11,0.216811443113005,0.06380736949958264,-0.035725353893570816,-0.32747423457211494
2024-03-12,0.2084653363062816,-0.21830908938257612,-0.31121425625145055,-0.26519980170611174
2024-03-13,0.19979845823610765,0.08809028078650374,-0.3757570657276054,-0.20915379995630068
2024-03-14,0.19118681916985228,-0.3464764877424656,-0.3470313994480859,-0.16545891605165777
2024-03-15,0.18262943790968078,-0.48112543585936557,-0.3062517974647295,-0.1127606441868542
2024-03-18,0.17412536862184178,-0.40033545757477285,-0.34666018801296383,-0.12103351595680764
2024-03-19,0.16567369969513002,-0.231221501456114,-0.4802753320222481,-0.1974251896913641
2024-03-20,0.1572735526461597,-0.0776412365314091,-0.495286039134213,-0.36922115686510626
2024-03-21,0.1489240810689578,-0.03833745266660689,-0.5922652405527081,-0.3022138245784886
2024-03-22,0.1406244696265426,0.24400220258268157,-0.408196508882227,-0.3455823828434186
2024-03-25,0.13237393308228645,-0.01379626211895586,-0.2914080862518967,-0.3071176669871781
2024-03-26,0.12417171536898579,0.19145100116317193,-0.39193503075203023,-0.34798469184528835
2024-03-27,0.11601708869366127,0.25539618010219506,-0.46885350575485635,-0.3649108837318792
2024-03-28,0.10790935267625593,0.0066608324644266146,-0.6466169256123966,-0.25493494024317603
2024-03-29,0.09984783352046668,-0.0017591120462647624,-0.6067031578458031,-0.25609680703135795
2024-03-31,-1.0350831095991238,-0.5910093332880403,-0.6010785603829313,-0.2572605847190575
2024-04-01,-1.0304156374936386,-0.48342051555076837,-0.5134335376801354,-0.16399086623802808
2024-04-02,-1.0258045768445965,-0.4947620041366847,-0.3203179630804291,-0.25374110367002284
2024-04-03,-1.0212488377432283,-0.4328775262349334,-0.1757394953421165,-0.2838223482533976
2024-04-04,-1.0167473613009155,-0.4465687058587091,0.004089429390273675,-0.3006758253126329
2024-04-05,-1.0122991185144734,-0.8758503254378719,-0.05375330935502329,-0.17030218577701045
2024-04-08,0.05852375332918597,-0.8981155261273741,-0.11844938165772638,-0.11692983946565687
2024-04-09,0.05114454787804014,-0.6228322779448613,-0.1104715023792305,-0.144799789728527
2024-04-10,0.04376755834354595,-1.3162157121532403,0.20297297758733404,0.1397563258971092
2024-04-11,0.0364288497838005,-1.191378441295105,0.19843131994002203,0.05790930702586626
2024-04-12,0.02912800013610042,-0.7653836753820995,0.507864627782471,-0.015338067625346506
2024-04-15,0.0218646043605639,-0.8490989407731355,0.7321985627217165,-0.04966708455399127
2024-04-16,0.014638273967130536,-1.1466841354428707,0.8309531592415579,0.028568891023582673
2024-04-17,0.007448636556589273,-1.0521027958984028,0.9997690490432317,-0.004666006069266681
2024-04-18,0.0002953353749720923,-1.2468310208518898,1.1304860930267413,0.09192096933281599
2024-04-19,-0.006821971119336533,-1.2948688414601972,1.035101961789088,0.09767387849666795
2024-04-22,-0.013903609676370342,-1.1760867698742206,0.6666071393563383,0.07552805083029637
2024-04-23,-0.020949892663814782,-1.1138715751456956,0.1713395183688372,-0.02072272396888895
2024-04-24,-0.027961118465241953,-1.1753881452369368,0.4174801857910507,-0.07870756327722618
2024-04-25,-0.03493757186787648,-1.358388207415156,0.4427365513312076,0.027490984048995682
2024-04-26,-0.041879524440370665,-1.2938714845696515,0.15924772047061939,0.06743754780827853
2024-04-29,-0.048787234901066574,-1.2232611161898173,-0.002094714872347888,0.07674336232700062
2024-04-30,-1.1587434494014193,-1.2344441216239008,0.1430381914698281,0.13669727999306577
2024-05-01,-1.1517576110210854,-0.8900519890737439,0.14745577417144348,0.015584139596631718
2024-05-02,-1.144885703064665,-0.5513740222228884,-0.02827310648769406,-0.17599134657751322
2024-05-03,-1.138124682072289,-0.41831556488114885,-0.34552594976120504,-0.2304660588272701
2024-05-06,-1.1314716203204485,-0.1495207489511024,-0.30712336132983475,-0.1712015468481933
2024-05-07,-1.1249237002176233,0.027559530379879234,-0.1968285736858789,-0.1227349664189585
2024-05-08,0.028452207155735237,-0.1552799065702996,-0.09781853940947592,-0.14412706123483102
2024-05-09,0.021188580395807403,0.5028477192431542,0.0029456251423220616,-0.17433344478433807
2024-05-10,0.013992323057449345,0.40533192224010467,-0.1637563662708597,-0.08598642169765167
2024-05-13,0.0068311600508899,0.25144840913985655,-0.22584427736409055,-0.08934391244468451
2024-05-14,-0.00029524224493822414,0.486011451881783,-0.3305252814514073,-0.156912267576325
2024-05-15,-0.007387202766424326,1.0376139072970314,-0.5282300491208157,-0.24535522633920184
2024-05-16,-0.014445026159557272,0.6216573981338185,-0.7611467547262348,-0.12426358403480198
2024-05-17,-0.021469003163686978,0.5838589059916642,-0.7238272300666329,-0.1234881808000585
2024-05-20,-0.028459410985291277,0.5064886332910822,-0.7051435746118475,-0.09044360828293915
2024-05-21,-0.03541651366220005,0.598994779077051,-0.5996414408963283,-0.11840608673600199
2024-05-22,-0.04234056241876243,0.3171849219579172,-0.19517127959120845,1.5662494049003236e-05
2024-05-23,-0.04923179601236407,0.08495630674480512,-0.1483435561454402,0.15731897238689072
2024-05-24,-0.05609044107171395,0.27867414086195924,-0.3929248944973793,0.199008558685251
2024-05-27,-0.06291671242729634,0.20484949567856622,-0.1623501811331877,0.19539110411059865
2024-05-28,-0.06971081343434142,-0.03894893765595705,-0.07193863073151048,0.17989919108213087
2024-05-29,-0.07647293628867974,-0.03932654543760188,0.048283889284596114,0.0827170073246515
2024-05-30,-0.08320326233580508,0.04355207947666811,0.07772448081549604,0.006315538279426389
2024-05-31,-1.3135490789271327,0.004171064872439844,-0.05095116580247831,-0.11270020047312564
2024-06-03,-1.3031238893256278,0.09615231542423759,0.01332336512139179,-0.18204991043963248
2024-06-04,-1.2929201452547316,0.3260468230699271,0.31924407712506797,-0.1757692385680275
2024-06-05,-1.2829300634340348,0.4714778056402322,0.19070489942833635,-0.24455509686734977
2024-06-06,-1.2731462435352807,0.5007904899787367,0.0587341992856424,-0.24926507072971485
2024-06-07,-1.263561644278591,-0.18990813265200485,-0.18370076973785643,0.049213574221261144
2024-06-10,0.08125733085903009,-0.035900876890064944,-0.059578050454805576,-0.01176290479975761
2024-06-11,0.07353551949889316,0.2361921613400887,-0.10752823956904099,-0.10285408519109669
2024-06-12,0.06586788288296025,0.4432473186091477,-0.23110520737026227,-0.1723070620000514
2024-06-13,0.05823760621213068,0.4826552389446189,0.0014632655439874014,-0.2703793537562614
2024-06-14,0.05064424779633746,0.6374052920347802,0.36439488253531577,-0.2141701198264445
2024-06-17,0.04308738463119595,0.4538112023350169,0.184573911952294,-0.09431944087618979
2024-06-18,0.0355666119023115,0.7372970107002274,0.10504110636697152,-0.21154776845312817
2024-06-19,0.02808154250463479,0.6329922720830773,0.1257441344827902,-0.21367388130485904
2024-06-20,0.020631806576095917,0.6463953352332967,0.11184086664303573,-0.20396331122825026
2024-06-21,0.013217051044797076,0.8329600253065503,0.08045405961256004,-0.2001859055832083
2024-06-24,0.005836939189091296,0.8864552880221933,-0.048170007472369845,-0.17681589180804153
2024-06-25,-0.0015088497901215657,0.8653717572064731,-0.24986173163128883,-0.15918787931687112
2024-06-26,-0.00882062118549165,0.7634124858458461,-0.1311356407350121,-0.2471741171429247
2024-06-27,-0.01609866518829027,1.0204889570820896,-0.2692351454981688,-0.3529240801741896
2024-06-28,-0.023343257283023257,0.6552773132656727,-0.42919214367451736,-0.35426159614254343
2024-06-30,-1.3937467498582925,0.6224168420853496,-0.3786919839686458,-0.3553449012002488
2024-07-01,-1.3810679182500325,0.10780985869626349,-0.7497943603673046,-0.398740492086529
2024-07-02,-1.3686960350266408,0.08745497079016616,-0.46155334329842046,-0.43922578690084246
2024-07-03,-1.3566188337033307,0.2506787046301424,-0.11589325937226548,-0.4786157868688472
2024-07-04,-1.3448247304759846,0.2603397294335463,-0.09408795901998873,-0.4789569710829988
2024-07-05,-1.3333027760952851,1.0089154618436666,0.11383524187739771,-0.6993217448563808
2024-07-08,0.003949250756576228,1.193009787958746,-0.09396136384158754,-0.621378100303001
2024-07-09,-0.0030731320338867755,1.0714638986156435,-0.3910802227627689,-0.6523051526352
2024-07-10,-0.010064421906182222,0.8167626167778489,-0.10755808042099178,-0.6556042890000522
2024-07-11,-0.01701622308371573,1.1386053610712925,-0.5203966962325152,-0.8621885433237061
2024-07-12,-0.023937462537162408,1.3289570060417784,-0.8014068269271837,-0.9964316046011062
2024-07-15,-0.030828373550243256,1.3344730652302652,-0.8270210280591983,-1.0583678785169686
2024-07-16,-0.037689177306904686,1.4441130585550697,-0.9252101144744506,-1.0876652014554493
2024-07-17,-0.04452008319594537,1.3427768918451572,-0.6943208127069495,-1.0269731301412743
2024-07-18,-0.05132128910879297,1.221831669221195,-0.4404759192496442,-0.9571195284406715
2024-07-19,-0.05809298173076998,1.002165307547598,-0.35822965907862175,-0.8593328496989414
2024-07-22,-0.0648353368261759,0.9863813289644112,-0.5845919848103074,-0.855860575380802
2024-07-23,-0.07154851951747494,1.1136100653738028,-0.8907196945734929,-0.9252112832632624
2024-07-24,-0.07823268455891319,1.1804064714767843,-0.19064155675449374,-1.1677265510066268
2024-07-25,-0.08488797660479525,1.1359444198199873,-0.3589938815909257,-1.0813136932741665
2024-07-26,-0.09151453047272783,1.490876665092617,-0.5716911414432354,-1.176108497805679
2024-07-29,-0.09811247140204946,1.473289666936443,-0.4626642239682983,-1.0931320295032136
2024-07-30,-0.10468191530768818,1.6113481442074524,-0.13380191395034596,-1.171763562759536
2024-07-31,-1.4494775356926768,1.8775682111917336,-0.5678318783374865,-1.3422250611328854
2024-08-01,-1.4350467712017119,2.055975369853555,-0.07978643189265945,-1.6159790902591389
2024-08-02,-1.4209966986506153,2.854416127761344,0.9384316902831997,-1.9120100710449506
2024-08-05,-1.4073107879900701,2.4451656103606902,3.0,-1.8214183725413005
2024-08-06,-1.3939735063552954,2.0757760504958602,1.6242677304518796,-1.793503436781653
2024-08-07,-1.380970241947473,2.0154128345081093,1.4767124187109928,-1.825675597010443
2024-08-08,-0.11781479174317047,1.7249368914913965,0.8150093752414673,-1.6724153820435752
2024-08-09,-0.12383829315860316,1.4314199449220366,0.37365990287180434,-1.5478109682671994
2024-08-12,-0.12982145183577776,1.3615736787993895,0.45093541114216384,-1.625259891818595
2024-08-13,-0.13577987108279227,1.6474626202404539,0.14215946816679878,-1.739453714947523
2024-08-14,-0.1417136124235305,1.4959167312898534,0.09141429009741807,-1.6281095686469986
2024-08-15,-0.14762273125534559,1.0709822850358208,-0.441451947749784,-1.3746623210217237
2024-08-16,-0.15350727701857944,1.2433872356141427,-0.40487848058011144,-1.3992622039207558
2024-08-19,-0.15936729336386712,1.3281207507311943,-0.7176924080090886,-1.3269088309828216
2024-08-20,-0.16520281831730724,1.6054250902028517,-0.5122618045865269,-1.4528661661683056
2024-08-21,-0.17101388444358534,1.680850659164994,-0.43240820242461764,-1.5973662350522124
2024-08-22,-0.1768005190071357,1.3062673011356267,-0.5147958381529242,-1.438703561378663
2024-08-23,-0.18256274413140816,1.582022959063807,-1.0328439487083496,-1.619840902502754
2024-08-26,-0.18830057695631808,1.4026400170557822,-1.2046158644761915,-1.581705234196244
2024-08-27,-0.19401402979393897,1.4269970884563288,-1.5032235462411896,-1.6432198260770363
2024-08-28,-0.19970311028249696,1.337379854150507,-1.3848612280931016,-1.7063243162644872
2024-08-29,-0.20536782153873445,0.9381295033779006,-1.5282757383868721,-1.6603285586333054
2024-08-30,-0.21100816230867245,0.5518700842117541,-1.8478687752152674,-1.6297104415374124
2024-08-31,-1.471126839848744,-0.9089852149814203,-2.5684857520462345,-1.607959441199216
2024-09-02,-1.4559007820083363,0.0202989449108663,-2.881182808194333,-1.5869453722267315
2024-09-03,-1.4410909372522456,0.366903005674654,-1.4530194970063133,-1.5717258826045888
2024-09-04,-1.4266786207813373,0.8042681591431016,-1.3046455840108804,-1.649819287614425
2024-09-05,-1.4126463125333617,1.0329047412316297,-1.4460884730769752,-1.5975020128566333
2024-09-06,-1.398977565345259,1.2648542526849842,-0.9327756826576374,-1.7118904965753494
2024-09-09,-0.22801695913667328,1.112365456633292,-1.5339729410788263,-1.6643061866876983
2024-09-10,-0.23296237766862812,1.0805527324008537,-1.6187149287415241,-1.6864295254843473
2024-09-11,-0.23788652534054128,0.9799129076529299,-1.3344447971009294,-1.6180624493649922
2024-09-12,-0.2427893845113903,1.2088793555952437,-1.3841832289155382,-1.63533832369094
2024-09-13,-0.24767093507877197,1.2941091368633946,-1.846347911162939,-1.687511564189148
2024-09-16,-0.25253115457137826,1.3900951557094605,-1.9931276476114521,-1.6697714403376807
2024-09-17,-0.25737001824049394,1.0860618206919517,-2.1704292038802246,-1.6004944022554028
2024-09-18,-0.6292336433327812,0.843237646909442,-2.2184573395967866,-1.626759967587323
2024-09-19,-0.6308090609777876,1.0211063172477828,-0.2925279672141899,-1.6971045438624437
2024-09-20,-0.6323708436794372,0.8383219129550609,-0.48698385366350316,-1.6888087626166388
2024-09-23,-0.6339190937099773,0.863976721722281,-0.6362799927684509,-1.6776808577820341
2024-09-24,-0.6354539133618622,0.931427354512263,-0.6634580178637302,-1.726181250716959
2024-09-25,-0.6369754049354046,0.7556737308640787,-0.7212927331420939,-1.7260314693026912
2024-09-26,-0.6384836707264975,0.6759284312730354,-0.6821984285229801,-1.577950138909894
2024-09-27,-0.6399788130144054,0.9255272913497878,-0.5523179910921125,-1.6304964211474677
2024-09-30,-1.6294850909358267,0.6657023522830471,-1.4103846721901705,-1.4972710771398228
2024-10-01,-1.608583700692262,0.8030225888105783,-1.7026700686031526,-1.5011545831828
2024-10-02,-1.5883791140416275,0.49783216485914294,-1.3213150334938424,-1.4846021041048956
2024-10-03,-1.5688331213146234,0.044209600332695366,-0.946248378708313,-1.4333471690358237
2024-10-04,-1.5499104064610731,-0.6055835695532114,-1.0009501503939109,-1.1414300927272214
2024-10-07,-1.5315782708703407,-0.9966713586179485,-0.5762967454234558,-1.0613806650950472
2024-10-08,-0.5487998390743076,-0.9351413768283799,-0.6726304041992113,-1.1138224754533368
2024-10-09,-0.5508287990726982,-1.308207776829854,-0.8840348281957728,-1.0430976922752375
2024-10-10,-0.5527025718626193,-1.0587798540454323,-0.7207554141598779,-1.1847388630679114
2024-10-11,-0.5545633020171007,-1.0476406829797373,-0.6780717308466607,-1.2455158709279024
2024-10-14,-0.5564110367128738,-1.1873236680948738,-0.7258667468938381,-1.233913453818845
2024-10-15,-0.5582458231162286,-1.1333652136406598,-0.8665648622393124,-1.143607828814134
2024-10-16,-0.5600677083694938,-0.9363290135669883,-0.8773044765502273,-1.1119686130339106
2024-10-17,-0.5618767395771809,-1.031541769377624,-0.7184400821875158,-1.1124968114046636
2024-10-18,-0.5636729637917728,-1.0406899703560142,-0.5902804215426132,-1.1722999555113556
2024-10-21,-0.5654564279991714,-1.3037288304655268,-0.5811244533214371,-1.0592504896135022
2024-10-22,-0.5672271791037867,-1.3530541048992986,-0.5403108539292464,-1.0669730056847262
2024-10-23,-0.5689852639132659,-1.595774273835239,-0.4654316597847927,-0.9683961987901504
2024-10-24,-0.5707307291228624,-1.498995768830157,-0.5678070595240677,-1.0185390235377576
2024-10-25,-0.5724636212994246,-1.4593248542812378,-0.28684686918504504,-0.9523108551592779
2024-10-28,-0.5741839868650179,-1.7287726146274913,-0.5874606746670195,-0.8921033428997159
2024-10-29,-0.5758918720801579,-1.486025940531731,-0.40311054912930255,-0.9551658333832853
2024-10-30,-0.5775873230266502,-1.8563359814432947,-0.5229858264697638,-0.8492387645607696
2024-10-31,-1.4993931684944133,-1.773067453324326,-0.5941557838376625,-0.8459018904973965
2024-11-01,-1.4826223147837174,-1.6938778612004477,-0.7524005082299128,-0.8186222042456801
2024-11-04,-1.4663359571018357,-1.0255064086120986,-0.026355923974686214,-0.7807130367852431
2024-11-05,-1.4505111156621748,-0.8969843934511588,-0.3055771773630842,-0.7346887300569119
2024-11-06,-1.4351263235718332,-1.2953741426789351,-1.0684774725418282,-0.7637348968041904
2024-11-07,-1.5133650367217668,-0.8954418840301701,-1.1145497885328983,-0.8302090698818847
2024-11-08,-0.8207612114686537,-1.1237705050881568,-0.4304261755647391,-0.6532156503038631
2024-11-11,-0.8196167247567036,-1.1283540821828109,-0.3980899412315385,-0.6507799821705286
2024-11-12,-0.8184143392633031,-1.3678654857585297,-0.43585469575923086,-0.5026579810770576
2024-11-13,-0.8172261231584674,-1.3065653210548847,-0.4700255376046144,-0.6664421207269701
2024-11-14,-0.8160519439611365,-1.4577006398976322,-0.25622678225446655,-0.47512264244014085
2024-11-15,-0.8148916708918742,-1.3076951636185057,0.1800240103124186,-0.5964801482700841
2024-11-18,-0.8137451748207694,-1.2675463607737738,0.21849822578911784,-0.6336084931656536
2024-11-19,-0.8126123282158364,-1.0303307655184655,0.26888179737012874,-0.6283425122280494
2024-11-20,-0.8114930050918756,-1.1388235134306233,0.3388886177720227,-0.5624656396957527
2024-11-21,-0.8103870809597264,-1.1172483904424093,0.07637458234370158,-0.45586914182342775
2024-11-22,-0.8092944327758822,-1.1627370987945682,-0.06393081362816778,-0.3605606288809728
2024-11-25,-0.8082149388924078,-0.7239087130940688,-0.10646340276776782,-0.5054204600951554
2024-11-26,-0.8071484790071095,-0.6402839966153092,-0.07195022940155854,-0.5675682584408154
2024-11-27,-0.806094934113913,-0.5828774672855116,-0.02393898949016586,-0.6412453824290593
2024-11-28,-0.8050541864533962,-0.4311524808574445,0.08124836835295834,-0.639017337630249
2024-11-29,-0.804026119463419,-0.32341177882109345,-0.24095130038829704,-0.7521925555705217
2024-11-30,-1.4613055267348742,-0.17366324416701728,-0.05821281424809071,-0.7489393139399239
2024-12-02,-1.4454668164280595,-0.42506113475670976,-0.7363985383648862,-0.6907342506198341
2024-12-03,-1.4300683948179598,-0.4965585390667093,-0.8020976172265978,-0.7406954725160714
2024-12-04,-1.4150902072634002,-0.20367659329318188,-0.1981184605989259,-0.843460990944759
2024-12-05,-1.4005134700198958,-0.308830092983255,-0.2233202749338989,-0.7702949818070822
2024-12-06,-1.3863205682844322,-0.17880681389105343,-0.34239468878276824,-0.8256283771193933
2024-12-09,-0.7365611629099864,-0.28185360461921266,-0.3221963970020354,-0.8283471421282665
2024-12-10,-0.7361099000036483,-0.20130439472327952,-0.4205719303315116,-0.8032980095119333
2024-12-11,-0.7356649557498898,-0.3446316204872869,-0.6211701279305852,-0.8347584150022047
2024-12-12,-0.7352262706606868,-0.4102928104125779,-0.5821344362505433,-0.7743268816379688
2024-12-13,-0.7347937844403134,-0.6696539517486723,-0.7762079403271567,-0.6569455085972343
2024-12-16,-0.7343674359357245,-0.6756093462224549,-0.9652676006441986,-0.6215614098043643
2024-12-17,-0.7339471630850151,-0.6849836531847487,-0.3112704657119078,-0.6115195044665339
2024-12-18,-0.9357240195178237,-1.003926597699329,1.493875187366611,-0.39487292988260236
2024-12-19,-0.9329643271056874,-0.8939694876443067,3.0,-0.5630631571541211
2024-12-20,-0.93024618963494,-0.7651572731345471,2.098792723431034,-0.5409954648087986
2024-12-23,-0.9275690039308353,-1.0435669602291582,1.7048770048340802,-0.5374095745727486
2024-12-24,-0.9249321821580826,-1.0890301377016542,0.8490197020134659,-0.5637404164522247
2024-12-25,-0.9223351513521083,-1.1614217769875486,0.8189167253596323,-0.5613555514418668
2024-12-26,-0.9197773529674436,-1.1129632431559158,0.25027645931198533,-0.5747430007575468
2024-12-27,-0.9172582424424457,-1.3053356299822727,0.3831456263582311,-0.6182151749228666
2024-12-30,-0.9147772887795902,-1.005461637985821,1.2317038374896083,-0.7603209675734088
2024-12-31,-1.4215576111573052,-0.9525815560247398,0.8878595181021932,-0.824420463243143
2025-01-01,-1.4068453183788443,-0.852203712597429,0.9341898632721681,-0.8190632772637425
2025-01-02,-1.3925262018478126,-0.9005687751891719,1.311683900699759,-0.8155316982407869
2025-01-03,-1.378583259752974,-0.9773689310697042,1.3150066075951348,-0.708600865218565
2025-01-06,-1.3650005211787284,-1.031987480937313,1.336115354228165,-0.7636231364652218
2025-01-07,-1.3517405028366434,-1.0872931223273816,1.6620766058429688,-0.7937320802399921
2025-01-08,-0.8581817446705996,-0.9844956960211712,1.65624885952632,-0.8408793216192226
2025-01-09,-0.856367839510956,-0.9162217190223665,1.6319028680814929,-0.8808180423840364
2025-01-10,-0.854581570362595,-1.21340233484093,1.7754895128045114,-0.5676861965191402
2025-01-13,-0.8528226240978962,-1.1209885983330947,1.8020582137193981,-0.613142295884683
2025-01-14,-0.8510906933630061,-1.0299995353597398,1.5758976067172792,-0.6850957799939837
2025-01-15,-0.8493854763641572,-0.6218143191844775,0.8933232083452626,-0.8479068558429537
2025-01-16,-0.8477066766558672,-0.18229090283288155,0.9489162005652135,-0.9575965985392063
2025-01-17,-0.8460540029306054,-0.35745234302609286,0.19023307830603092,-0.7595910053410524
2025-01-20,-0.8444271688095205,-0.38345381795988115,0.29669381923069577,-0.7549952987137868
2025-01-21,-0.8428258926337991,-0.20512896924706714,0.17835633590610564,-0.6800822900748158
2025-01-22,-0.8412498972562295,-0.3050029710665169,0.15275180586977208,-0.6382585785410964
2025-01-23,-0.8397525480640246,-0.327221932228547,-0.08631036047710307,-0.7226495904172439
2025-01-24,-0.8382804712392665,-0.254251807934937,-0.11861618917869647,-0.7845827893816668
2025-01-27,-0.8368334376052876,0.059514407526170425,0.37897101689398305,-0.9710889494793661
2025-01-28,-0.8354112228461709,-0.13151050050314833,-0.1416298946544244,-0.9874055517055959
2025-01-29,-0.8340136073658115,-0.153505633328597,-0.0008011716528891778,-0.887108612611233
2025-01-30,-0.8326403761483777,-0.11545214404095124,-0.1789341227213675,-0.9120732116780346
2025-01-31,-1.3436711211145642,-0.13654552337905465,-0.09077999098854164,-0.9663909680838952
2025-02-03,-1.3306362620033072,-0.0846734459037665,0.6832373185971541,-0.9129056541112791
2025-02-04,-1.3179169447654815,-0.034706832584326455,0.7893146382478538,-0.9726772325264452
2025-02-05,-1.3055005523248226,0.18342172105592816,0.5147566547328808,-0.9580695889432906
2025-02-06,-1.2933751654903363,0.05424590586665951,0.126854643982237,-0.8541682483425664
2025-02-07,-1.281531704623678,-0.1670520124965853,0.4416686075408847,-0.6167577488542624
2025-02-10,-0.5943681854829032,0.1416961241807615,0.3636237273071205,-0.6795642249367735
2025-02-11,-0.594994292716268,0.07476221945524249,0.27574932252438067,-0.7057374910050785
2025-02-12,-0.5956184487855972,-0.2827687517184271,0.5239829386560734,-0.49089792441749014
2025-02-13,-0.5962405146946534,-0.3264475175748445,0.5326816958664908,-0.606700038835003
2025-02-14,-0.5968603442030331,-0.25108465903529764,0.35677786807157796,-0.7337468770124886
2025-02-17,-0.5974777834521112,-0.12889672371278807,0.6741378701435737,-0.7302854904822982
2025-02-18,-0.5980926705683975,-0.34543090428871964,0.450054771093904,-0.6322306065270145
2025-02-19,-0.5987048352427387,-0.2570849461494284,0.835093773782479,-0.7878503650823674
2025-02-20,-0.599314098283676,-0.24235830301455116,0.9290904389191247,-0.7660749673733428
2025-02-21,-0.5999202711431368,0.040311702545432634,1.3919492738060353,-0.9431029447373948
2025-02-24,-0.600523155412488,0.04344888448584386,1.4434030768467248,-0.9971575723421571
2025-02-25,-0.6011225422868232,0.1772526626395856,1.5087169761990762,-1.0769080862977876
2025-02-26,-0.6017182119951807,0.25384910796643795,1.4374275559673182,-1.0828936154470923
2025-02-27,-0.6023099331941902,0.34148225727493375,1.4308535419460569,-1.1223836322067655
2025-02-28,-1.2285138647847258,0.587442657603109,1.2548750599904217,-1.2173115864815784
2025-03-03,-1.2185840568934894,0.711876736325209,2.088641967439803,-1.2587742547984326
2025-03-04,-1.2088649738969277,0.6732011555371655,2.0824369339899658,-1.2566872030871334
2025-03-05,-1.1993496283235006,0.36313883891243104,1.6771869626168656,-1.2143535321729917
2025-03-06,-1.1900313622912362,0.38980893487135004,2.226158466080177,-1.3162923111379758
2025-03-07,-1.180903827534538,0.34235614043949014,2.0808150889753327,-1.2122605065035987
2025-03-10,-0.7491680004707323,0.9874199345689175,2.8854199873262316,-1.4048831864776627
2025-03-11,-0.7489247553682867,0.7560048514176153,2.9028996187684784,-1.3312793338927507
2025-03-12,-0.7486968647356274,0.6628785498150257,2.5974449503675845,-1.2198488204502322
2025-03-13,-0.7484842978344681,1.0168705666804196,3.0,-1.2405423860259368
2025-03-14,-0.7483676898093805,0.6156000967704136,2.2998742096133595,-1.0926362349375047
2025-03-17,-0.7482677154192408,0.5085657092551413,1.9359783174218843,-0.9797211450730975
2025-03-18,-0.7481844160999196,0.5841864821970659,2.122819547667511,-0.9743020174484049
2025-03-19,-0.7481178365899956,0.9417094206126082,1.9734895424021783,-1.1271327548071277
2025-03-20,-0.748068024986166,0.9375831960614096,1.7322193132982922,-1.1552241274378645
2025-03-21,-0.7480350328013338,0.9466910712027159,1.7184343095409598,-1.220334235873389
2025-03-24,-0.7480189150254549,0.38194371972188484,0.9081464570464574,-1.0589292560313126
2025-03-25,-0.7480197301892328,0.42027726450123065,0.8304176308821295,-1.100431581929049
2025-03-26,-0.7480375404307448,0.15426465222799096,1.001087121159746,-1.1357930131754637
2025-03-27,-0.7480724115650951,0.07147240203932272,1.2030000280956346,-1.2298861206585543
2025-03-28,-0.7481244131571906,0.4762145061240136,1.9374227480146429,-1.3313480343643516
2025-03-31,-1.2119134273765089,0.428176893451803,1.7183336843247061,-1.323726631826461
2025-04-01,-1.2017611082384947,0.36866244487247296,1.4932376937936798,-1.248985033074877
2025-04-02,-1.1918145155917192,0.5131509159104597,1.3039389698503612,-1.1977926206407175
2025-04-03,-1.1820665810230961,1.3070433441550409,3.0,-1.4179947975144236
2025-04-04,-1.1725105579408945,1.3196591221764424,3.0,-1.3470417071205851
2025-04-07,-1.1631400015629372,0.8608290179390351,3.0,-1.3709058076761915
2025-04-08,-0.3832743539951002,0.5363995455920926,3.0,-1.5687073179979985
2025-04-09,-0.3852836535277787,0.216806656474965,2.7112738131080687,-1.2174733385369692
2025-04-10,-0.3873961429118123,0.3767536092045197,3.0,-1.3340562070768625
2025-04-11,-0.38949956797346535,-0.11734023550713957,2.585788623944626,-1.037041676812605
2025-04-14,-0.3915936068346079,0.4654665878238565,2.0874474045570457,-1.3195700695482266
2025-04-15,-0.3936779213769657,0.5558926290865087,1.9006847886069034,-1.240998590430821
2025-04-16,-0.3957521563183973,0.830007481854969,2.214063874747621,-1.3275709863036074
2025-04-17,-0.3978159382268962,0.5360300132263301,1.8363744998251201,-1.2727109570601276
2025-04-18,-0.39986887446745756,0.4589937535500455,1.8221979014394323,-1.2586461911231457
2025-04-21,-0.40191055207653176,0.4282538685732719,2.162220037819932,-1.4005104706875502
2025-04-22,-0.40394053655829326,0.5530256992065226,1.9310574180398672,-1.31302859048515
2025-04-23,-0.4059583705964371,0.32675254643088836,1.5033451556065491,-1.167987572946248
2025-04-24,-0.407963572674632,0.6016984827675821,1.1580379515440535,-1.2850863251274272
2025-04-25,-0.41043179016144843,0.7567732419330364,0.742102672105555,-1.2517868040400735
2025-04-28,-0.41289777068371,0.7573174791622115,0.47404443234328913,-1.33630304633715
2025-04-29,-0.4153614518867278,0.8380024031152072,0.3036407313168247,-1.3475460187993547
2025-04-30,-1.207202796753754,0.9972553463600868,0.4949426725373717,-1.435306882642047
2025-05-01,-1.1972693259886507,0.566781548172938,0.4735614798520105,-1.2806439445054645
2025-05-02,-1.1875383191897233,-0.5153042774315483,-0.4532600382857591,-1.1082677323712395
2025-05-05,-1.178003018394213,-0.699650376550604,-0.8567755535371916,-1.1198637684608475
2025-05-06,-1.1686569763678691,-0.11877882230716569,-0.8832385219309636,-1.1723952840196377
2025-05-07,-1.1594940378407792,-0.06449929739239131,-0.7794429085032049,-1.1511687840951705
2025-05-08,-0.3133573255108159,-0.03887495471817695,-0.7329885176210515,-1.0556048886227325
2025-05-09,-0.31618157736984304,-0.11477327732181063,-0.7793845648798322,-1.0103336260784435
2025-05-12,-0.31890920687698193,-0.2135557494246389,-1.0457483543138013,-0.6825056843612644
2025-05-13,-0.32162861081615823,-0.6345070030878801,-1.0479297448621798,-0.6984120894433237
2025-05-14,-0.32433948386559636,-0.9115199440446305,-0.8751670543188407,-0.6743833595011681
2025-05-15,-0.32704150511824825,-0.7030856160073519,-1.0216707129037226,-0.8350574526771104
2025-05-16,-0.32973433721253076,-0.6490167244070868,-0.9486020250177145,-0.8116305466025441
2025-05-19,-0.33241762540443376,-0.6126700237081387,-0.7832401170470483,-0.8259520740764263
2025-05-20,-0.3350909965764464,-0.7005691752609289,-0.9424722006767658,-0.8798982921947783
2025-05-21,-0.3377540581783333,-0.9085109596038403,-0.4212743558210322,-0.8247161121107103
2025-05-22,-0.3404063970943507,-0.6189100906320935,-0.07680394420480591,-0.8431172129957785
2025-05-23,-0.343047578430997,-0.882659083908102,0.15560365032754875,-0.8108428997220175
2025-05-26,-0.3456771442188557,-1.0649026964806676,0.12125115202795196,-0.805045815135303
2025-05-27,-0.34829461202148804,-1.0494457987761552,-0.5009296865077051,-0.7871888726161931
2025-05-28,-0.3508994734436655,-1.3249433059143532,-0.4910795206030796,-0.7791950672198924
2025-05-29,-0.35349119253051164,-1.2547185943810109,-0.7191894858578147,-0.8886402453722843
2025-05-30,-0.356069204048299,-0.7481610288783381,-0.5146408592068311,-0.9886308234206359
2025-05-31,-1.1906503229397754,-0.98714444500701,-0.27613253398044496,-0.9806278717456495
2025-06-02,-1.181674004678641,-0.4874225216077201,-0.36838990336910254,-0.8940444100699059
2025-06-03,-1.1728819122025502,-0.6794373300964975,-0.4983765885667498,-0.8265069450107941
2025-06-04,-1.1642683796661772,-0.2664132218719015,-0.282552815066129,-0.9502460143023221
2025-06-05,-1.1558970418978272,-0.37529584336845095,-0.14308364744598534,-0.7802608932518185
2025-06-06,-1.1476943843247904,-0.7725628765551473,-0.3789870820354929,-0.45992163598385327
2025-06-09,-0.5774042938131001,-0.2774607127147538,0.19760967784167902,-0.5467988701279186
2025-06-10,-0.579587465883475,-0.28464820371060384,0.2556292391166998,-0.4717766505051839
2025-06-11,-0.5817803738304966,0.21489053611754208,0.3268812600829971,-0.6783992461109462
2025-06-12,-0.5839832263992106,0.22980523322922417,0.3539478877714347,-0.757034330752883
2025-06-13,-0.5861962378859324,0.05578710142292727,0.5564000772317267,-0.6747801682404445
2025-06-16,-0.5884196283462874,-0.17157807408871906,0.13020870148695857,-0.639207278128813
2025-06-17,-0.5906536238129679,-0.026227490647041694,0.2836488324197229,-0.7146983931270356
2025-06-18,-0.5928984565237653,0.1729800623960992,0.2666246990180364,-0.7786019997301715
2025-06-19,-0.5951543651604588,0.20682451294860432,0.31018187195311603,-0.7738834801679568
2025-06-20,-0.5974215950991935,0.2692284934971836,-0.05608640051795454,-0.8765537118407605
2025-06-23,-0.5997003986730124,0.5235392626111857,-0.2670850747723738,-0.9464106881488821
2025-06-24,-0.6019910354472654,0.6772840227888078,-0.30334074217586615,-0.9578981636118077
2025-06-25,-0.6042937725086489,0.7182337402961922,-0.4976731415549468,-1.0444799530724598
2025-06-26,-0.6066088847687131,0.8436568848989668,-0.5636044223607909,-1.1247035574172197
2025-06-27,-0.6089366552826952,0.4820613041979553,-0.746834387791755,-1.104134967716243
2025-06-30,-1.152621529699258,0.6310998702953834,-1.0331513577792828,-1.0974403851872325
2025-07-01,-1.14478440394552,0.3554339577638986,-0.8707206662296901,-0.9729195323476733
2025-07-02,-1.137107383857769,0.2926436553777086,-0.6421643749101227,-0.978600125764591
2025-07-03,-1.12958619779098,-0.319371339824447,-0.5540500051704792,-0.8201686892967919
2025-07-04,-1.1222167655026556,-0.09150867907507568,-0.40478671298871727,-0.8149609002085866
2025-07-07,-1.1149951885672964,0.3027859466892658,-0.13111700894312012,-0.8372735971289099
2025-07-08,-0.626576168600014,0.18780521644462653,-0.1784320766694863,-0.8394451630351277
2025-07-09,-0.6290074722434197,0.6160179546180392,-0.09984965251930798,-0.9031181947918699
2025-07-10,-0.6314568268996428,0.15889744787073778,-0.1318201593426548,-0.8541743942461747
2025-07-11,-0.6339731502419427,-0.21832957760653363,-0.1312377425061268,-0.8903392312273292
2025-07-14,-0.6365096310314514,-0.17554691699807326,-0.21211013525206895,-0.9010069066634682
2025-07-15,-0.6390668022393263,-0.34733015719944965,-0.22954267582430082,-0.8042052319429952
2025-07-16,-0.6416452171416751,-0.15635859351740952,-0.15964249879142667,-0.977126419646065
2025-07-17,-0.644245450384132,-0.2161423548980648,-0.30630824508997084,-0.9408499326224846
2025-07-18,-0.6468680991171587,-0.022297698267047365,-0.1451072970647811,-1.0013309690253844
2025-07-21,-0.6495137842078145,0.003368084716771532,-0.10023112562470562,-0.9887675202003956
2025-07-22,-0.6521831515342723,-0.11866619809792774,-0.12487139066206966,-0.9975519143758252
2025-07-23,-0.6548768733699742,-0.5906674695751405,-0.09210239535177146,-0.8637100466070438
2025-07-24,-0.6575956498650107,-0.9343238512627844,-0.14060513312016693,-0.7760969964486003
2025-07-25,-0.6603402106330557,-1.1347129275638634,-0.38806183101495173,-0.7307104770028641
2025-07-28,-0.6631113164530409,-1.1009445534429139,-0.4261537700229998,-0.743851681205044
2025-07-29,-0.6659097610957091,-0.7836671112033321,-0.19604416359464122,-0.8395446472508792
2025-07-30,-0.6687363732862351,-0.8595910754825892,0.05613722903400553,-0.6322570944149225
2025-07-31,-1.1202307318416183,-0.8157597775404304,-0.13952659157613342,-0.5567163385317102
2025-08-01,-1.1135877134704901,0.7534750020835467,0.6234977434589585,-1.1051672567487412
2025-08-04,-1.1070857726290664,0.8074048598150328,0.1577685601651475,-1.0945596167051173
2025-08-05,-1.1007218454501442,0.7723862468865077,-0.061387005971183704,-1.0046865364824418
2025-08-06,-1.094493014933404,0.7887497580990879,-0.24285734720297084,-1.0411291938445584
2025-08-07,-1.088396505054297,0.5797459945123953,-0.360219603684013,-1.0292835525455808
2025-08-08,-0.7639455972135286,0.44101363568978447,-0.44251901629813456,-1.00571089466367
2025-08-11,-0.7661739429131228,0.5900915011939314,-0.3588674597071217,-0.9932673824711852
2025-08-12,-0.7686651368721046,0.6425957993847217,-0.6327774135084498,-1.055523838836702
2025-08-13,-0.7711973798836708,1.129987792467705,-0.6562296548874998,-1.1022212361960686
2025-08-14,-0.7737718623742051,0.6101600429111097,-0.712735899488294,-1.0293665917116315
2025-08-15,-0.77638982901902,0.5304453319145863,-0.650429902695231,-1.0076175123677376
2025-08-18,-0.7790525820140316,0.40933602443146355,-0.5534197253278278,-0.9904363401358338
2025-08-19,-0.7817614845942548,0.45064254919196267,-0.467937413103807,-0.9845068775320597
2025-08-20,-0.7845179648215583,0.3582348029655205,-0.26920533204241437,-0.9677802899316467
2025-08-21,-0.7873235196665318,0.24226677170091993,-0.027744356242985817,-0.8886093660225188
2025-08-22,-0.790179719411991,0.8475014461369142,-0.6744753199167474,-1.0762224573414931
2025-08-25,-0.7930882124087063,0.7186725868504508,-0.7997616488046525,-1.0300823707440534
2025-08-26,-0.7960507302173223,0.9316859431726737,-0.9214326177899327,-1.1220983095306862
2025-08-27,-0.7990690931743104,0.929041777763185,-0.885122493281517,-1.220684974409398
2025-08-28,-0.8021452164241696,1.2086891524154972,-0.917769651004965,-1.1215379295046537
2025-08-29,-0.805281116464981,1.3046856724841307,-0.8063363076287285,-1.1738201401113666
2025-08-31,-1.0806140651607745,-0.23848080232486746,-1.2011362571647377,-1.1622576363354733
2025-09-01,-1.0759728586581243,0.16199383466186293,-0.9476883020421886,-1.1509404590809151
2025-09-02,-1.0714667784142713,0.15360769396782378,-0.948180844299908,-1.128490489123597
2025-09-03,-1.0670951413372967,0.4236965309255951,-1.0891706874672,-1.1054704664751795
2025-09-04,-1.0628574367253865,0.68665856721345,-1.4257867604112915,-1.081198567883401
2025-09-05,-1.0587533300256482,1.1877604885711666,-1.7438473428602552,-1.0988085168372048
2025-09-08,-0.9221890301867119,1.310201360604507,-1.5517370878707053,-1.0853305978690782
2025-09-09,-0.9250749537740675,0.7691226867870071,-1.456613554339382,-1.011401493884597
2025-09-10,-0.928052729341605,0.7375243910155184,-1.3245948622773212,-0.9653765150292911
2025-09-11,-0.9295160527014878,0.9229963564589903,-1.5344641536955625,-0.9228473141450582
2025-09-12,-0.9310367488866551,0.7919465676691105,-1.5068872506334043,-0.9445219212219146
2025-09-15,-0.9326159417824983,0.9792954739052943,-1.9355711738931556,-0.9407189106489371
2025-09-16,-0.9342548073182065,1.0615767019547062,-1.461761906273428,-0.99564720276973
2025-09-17,-1.542437095639819,0.7257552590018829,-1.4757510253766186,-0.9715716507369976
2025-09-18,-1.5329515522142012,0.6386511485422781,-0.664086060166279,-0.941651677020627
2025-09-19,-1.5238419467010418,0.27164356345783486,-0.5720145139775386,-0.9491672965213143
2025-09-22,-1.5150974459764697,0.136924482569146,-0.5487148457311799,-0.8830255089643982
2025-09-23,-1.5067080046428125,0.16532504201690504,-0.3541663064537996,-0.8685783834809618
2025-09-24,-1.4986643188191398,-0.23843304223344491,-0.3877897761307477,-0.871478039912012
2025-09-25,-1.4909577845515396,-0.5347414018967793,-0.31706751685890155,-0.755403726850431
2025-09-26,-1.483580460436413,-0.5092385397640263,-0.563725673740236,-0.78126593512265
2025-09-29,-1.4765250341012737,-0.29176663665180896,-0.40468638968037046,-0.7785978859888761
2025-09-30,-1.2000263475308335,-0.17864500450272383,-0.8023685026088713,-0.8322675335798083
2025-10-01,-1.193857287511448,0.349238840929331,-0.7648720174630579,-0.9349835990201267
2025-10-02,-1.1878821960604302,0.27669009968020036,-0.6099383630284105,-0.8887588461548953
2025-10-03,-1.1820985511654496,-0.10887086092749408,-0.4434017766009583,-0.8306965415770337
2025-10-06,-1.1765040860445262,-0.6219299587823833,-0.4291603426338992,-0.827581608182333
2025-10-07,-1.171096785422323,-0.5233030683141038,-0.32612911006744066,-0.8664710690582882
2025-10-08,-1.2571581056936278,-0.23614612805714075,-0.2806759245317365,-0.811237516046891
2025-10-09,-1.254938487508884,-0.37650925166406307,0.002325465188534941,-0.7826778376211687
2025-10-10,-1.2528790635280074,0.27655770016026304,0.7979341084155281,-0.8647040588457467
2025-10-13,-1.2509798041830336,0.290214490114708,0.5611288227201398,-0.8590759026865744
2025-10-14,-1.2492408482776935,0.4388631897914966,0.46691666700006385,-0.9138344927189201
2025-10-15,-1.2476625052026082,0.13001141972014066,-0.21348604569240176,-0.8490826955844093
2025-10-16,-1.2462452577113363,0.7469483295114608,0.21969508470962534,-0.9223414924367553
2025-10-17,-1.2449897652802222,0.5440807650302089,0.39312339562496096,-0.8767323168180398
2025-10-20,-1.2438968680790718,0.6903415546491104,-0.010381529486326748,-0.8293747268911648
2025-10-21,-1.2429675915841658,0.9206871024498201,-0.3190933084713389,-0.8279386275731568
2025-10-22,-1.2422031518699355,0.8098984516585432,-0.11491784841949419,-0.8327651497304467
2025-10-23,-1.2389647162626394,0.5788153783824123,-0.3961928256104817,-0.8458655803082769
2025-10-24,-1.2358713691456011,0.8089619277445879,-0.8333327453592159,-0.8482154339324479
2025-10-27,-1.2329217842997933,0.7311056106723465,-1.2419880955731935,-0.7726756269899225
2025-10-28,-1.2301147594117792,0.6522581860699441,-1.3290864188667841,-0.7676422592564497
2025-10-29,-1.8778339292524588,-0.33763765536554924,-1.0107837261888382,-0.5898026864928959
2025-10-30,-1.8559938295165406,-0.7054517054577104,-0.08547978869780329,-0.5781001963751957
2025-10-31,-1.3136003486945196,-0.5196721426161496,-0.7048473800190942,-0.6681378074364648
2025-11-03,-1.3048807487530756,-0.46106307864658036,0.03856089089817619,-0.6260627864181181
2025-11-04,-1.2964223562958688,-0.19443743117240517,0.9766305927748073,-0.6702032883108062
2025-11-05,-1.288218528425099,-0.706300107040366,1.0330038886973716,-0.5758086032244674
2025-11-06,-1.2802630331693912,-0.09900523950265884,1.090318669220724,-0.7190015441093677
2025-11-07,-1.272550028288702,-0.040967277730220394,0.8425121188520747,-0.7194513605781483
2025-11-10,-1.6358743751452576,-0.7328644367312208,0.08385301070399256,-0.6365723257506231
2025-11-11,-1.6220775313543878,-0.6797239936571696,0.05650991973917041,-0.6335493776515047
2025-11-12,-1.6087986087512143,-0.5614044578733781,0.08446821865828141,-0.650232955233678
2025-11-13,-1.5960158921535128,-0.697346173701474,0.6741479336352783,-0.6309337294518668
2025-11-14,-1.5837091805257115,-1.2335215293748731,0.6423831646098815,-0.5991100203297715
2025-11-17,-1.5718596643616156,-1.0498580182108779,0.6997640692840876,-0.5756500468460726
2025-11-18,-1.5604498154675122,-0.7905684217115125,1.3310407398129103,-0.6787626880451948
2025-11-19,-1.549463287717167,-1.017837429839644,1.4020947528565575,-0.6300943590868026
2025-11-20,-1.5388848275386198,-0.6606660931298534,1.5174354293802919,-0.7454844279995759
2025-11-21,-1.528700193053451,-0.26759361339067905,1.127588664945213,-0.7903339084128572
2025-11-24,-1.5188960809269918,-0.25051210929314527,0.7814289525957687,-0.7482368506737018
2025-11-25,-1.5094600601062114,0.021829914707566678,0.2734367937692999,-0.8105749081663862
2025-11-26,-1.500380511723873,-0.05170717187229438,0.05057423563088128,-0.7787593005895991
2025-11-27,-1.4916465745356002,0.47716357866922837,0.162558596536148,-0.7744536564174754
2025-11-28,-1.4832480953326381,0.403858782550758,-0.6235583216131796,-0.7416478509929654
2025-11-30,-1.0980320206252052,-0.17418447938900966,-0.833535186897998,-0.7377159070381271
2025-12-01,-1.0940766989344908,-0.09579446562679737,-1.0178590857249104,-0.6811468263035033
2025-12-02,-1.0902588839298137,-0.12283082416035569,-0.8908675730875404,-0.7178723243968043
2025-12-03,-1.0865775181260593,0.21674837787266024,-0.7593774710939102,-0.8005349931831044
2025-12-04,-1.0830316600369414,-0.407667674017545,-0.8368167680265203,-0.7100263303064542
2025-12-05,-1.0796204827445568,-0.6343758727879968,-1.014295110589188,-0.6336843816470131
2025-12-08,-1.675563834651376,-0.6972803135083968,-0.6686810307095461,-0.5928560947228525
2025-12-09,-1.662496974885591,-0.9485034743090713,-0.5182677056834232,-0.4614394218466575
2025-12-10,-2.285465358071977,-0.4429522730396804,-0.6020671888211343,-0.7134523424427863
2025-12-11,-2.240450746045578,-0.4209719349949467,0.0417721780600095,-0.7130739167322651
2025-12-12,-2.198169461669395,-0.36313626202141835,0.02886752767336454,-0.7825849238740246
2025-12-15,-2.1583705968317077,-0.12970774554440395,-0.3228723585044133,-0.8090459763861325
2025-12-16,-2.1208349287906056,-0.04274775220483588,-0.08960914496559111,-0.8069887866813252
2025-12-17,-2.0853699666915477,-0.0036914454175255474,0.12510087488497956,-0.8290112202232817
2025-12-18,-2.051805913557122,0.01802595276646935,0.04021934064904019,-0.8588761616699373
2025-12-19,-2.019992350291532,-0.42199110111330923,-0.2809585058657271,-0.8127273412885585
2025-12-22,-1.9897954939333193,-0.6272980138235774,-0.3663485167255237,-0.7149507878295839
2025-12-23,-1.9610959162232762,-0.9278308412340956,-0.392174041647273,-0.6257122743528181
2025-12-24,-1.9337866338678975,-0.6342728113633768,6.165196352884856e-06,-0.6693015633695001
2025-12-25,-1.9077715010012186,-0.6696392754960806,0.0010471433441821706,-0.6654560706255821
2025-12-26,-1.8829638489244775,-0.4267084598277176,-0.3482161515103914,-0.7520984144551109
2025-12-29,-1.8592853294087044,-0.25425383447084343,-0.2720820033252447,-0.7980781506471607
2025-12-30,-1.8366649265283879,-0.0074326743566055465,-0.40170476067623506,-0.8399939340677294
2025-12-31,-1.05550742992301,-0.3112730343252486,-0.7256923630386084,-0.8077862442663459
2026-01-01,-1.051854414702124,-0.41855670676294804,-0.6580904414464206,-0.8019477568150822
2026-01-02,-1.0483125965728846,-0.42513897989262844,-0.16173770666987833,-0.8546112397387035
2026-01-05,-1.0448808209247713,0.05410523688511448,0.03009737735996488,-0.8975743930278369
2026-01-06,-1.0415580047602666,0.09924880027408305,0.027509102419813948,-0.8721694451606083
2026-01-07,-1.037790551534628,0.22912449791799314,0.17569791322462872,-0.8278315207331101
2026-01-08,-2.1333539241246338,-0.4815458893119107,0.11225278686859123,-0.7513656255670892
2026-01-09,-2.0966500075949326,-0.7411748504240225,0.06956434042855159,-0.5937074184158206
2026-01-12,-2.0619301551959994,-0.8077751838110369,0.15874576234915597,-0.6277216402318575
2026-01-13,-2.0290341666879947,-0.9244703865814372,0.3253312125483189,-0.6577954831944675
2026-01-14,-1.9978198300450793,-0.7949465388066183,0.34519477579883096,-0.6479973705150986
2026-01-15,-1.9681604144400102,-1.268412630295578,0.048501298254476105,-0.48760205519660466
2026-01-16,-1.9399425779496384,-1.7305409266786447,-0.005413904639679975,-0.47794696817221904
2026-01-19,-1.9130646112726555,-1.57851751040994,0.4041543276881956,-0.47575318055173316
2026-01-20,-1.8874349555004113,-1.5479933982543346,0.8746857525775602,-0.5154597709922105
2026-01-21,-1.8629709448027418,-1.2238825159746742,0.711592781336765,-0.545739853971904
2026-01-22,-1.8395977347856152,-1.508300439032692,0.3881911664343752,-0.4184798559403931
2026-01-23,-1.8172473849729909,-1.3897306132651899,0.4653614752786747,-0.49219748181313383
2026-01-26,-1.7958580698941018,-1.2861351905883212,0.34735038744202307,-0.5022708509921855
2026-01-27,-1.775373398012769,-1.3306620858022702,0.3426839099964753,-0.679103663625948
2026-01-28,-1.755741821510829,-1.3883811107881734,0.6330330136367947,-0.6975781152311384
2026-01-29,-1.7338837392967341,-1.0699018346664169,0.7830034620374063,-0.7707293575389603
2026-01-30,-1.7128751765377883,-0.8685549436748564,0.7296011728647346,-0.9326915082249186
2026-01-31,-0.7355560003667068,-1.4090685886511363,0.8568229551316692,-0.92529781181899
2026-02-02,-0.7341950643036814,-1.20939854469112,0.6066191192271502,-0.7533948103391843
2026-02-03,-0.7328726997117609,-1.2516333775739668,0.9395725375426928,-0.7466164312952152
2026-02-04,-0.7315887947721033,-1.1582293042914265,1.2609476837384408,-0.8014015514583668
2026-02-05,-0.7303432461192659,-0.2028822363741735,1.7929605995505011,-1.0753102367984668
2026-02-06,-0.7286738474893538,-0.250029239334268,1.276554326090534,-0.9361166597212374
2026-02-09,-1.8713107043070158,-0.2109338851359463,1.2349203278855798,-0.988281197399604
2026-02-10,-1.8436386486202423,0.15497696217084098,1.1694799354640546,-1.0033760642110505
2026-02-11,-1.817154710350592,-0.42277173968270365,1.1584914644943647,-0.7794963355452235
2026-02-12,-1.7917797000244837,0.2876719668943189,1.7138389327187349,-0.8987036786273452
2026-02-13,-1.7674417602724306,0.7754516001194076,1.7621696889836393,-0.94782224943771
2026-02-16,-1.7440755161259023,0.8387606511326772,1.7702173873133447,-0.9410370355057944
2026-02-17,-1.7216213427372347,0.6531131189720545,1.2516191369519065,-0.8520380768698402
2026-02-18,-1.7000247318107244,0.29931558022232846,1.0574978909292627,-0.8093951403361338
2026-02-19,-1.6792357413918515,0.39283933505698293,1.4898266863888472,-0.7942475547675953
2026-02-20,-1.6592085163529775,0.2303028223569967,1.2739140800243232,-0.7550784411434426
2026-02-23,-1.6399008690827035,0.6008907241602833,1.576566072776784,-0.8170310632748948
2026-02-24,-1.6212739116432302,0.3299822992970863,1.3503606980276408,-0.7034401975021133
2026-02-25,-1.6032917320909683,0.20890031758199737,1.1206723627694724,-0.7372937090513151
2026-02-26,-1.5859211088265799,0.6175286423400951,1.155933438483509,-0.8168798033358137
2026-02-27,-1.5691312578032428,0.8570369753417,1.3443738672534988,-0.8380375482159768
2026-02-28,-0.4512717385517294,0.8297765570819902,1.204132940762272,-0.8333436409270503
2026-03-02,-0.45196900570872417,0.13347025881029484,1.207379388495949,-0.6846165683395244
2026-03-03,-0.45268934793940596,0.018628775740723663,1.4952722799553577,-0.5615506498540449
2026-03-04,-0.45343297219115497,-0.37238923929838325,1.1582998143594168,-0.4424133919053258
2026-03-05,-0.45420008954030733,-1.1515571477164095,1.2314886410078676,-0.37561061735035683
2026-03-06,-0.45502938034575324,-0.9324003858002335,2.2430999761422954,-0.5126012332008476
2026-03-09,-1.435464058967173,-0.7806175274739299,2.036533343672826,-0.5384110274891627
2026-03-10,-1.4240751762932815,-1.3758364218924413,1.7013233296723151,-0.3462414458743215
2026-03-11,-1.4102029313410132,-1.5585348629250553,1.7533650835734873,-0.24910060989982358
2026-03-12,-1.3967093497064305,-2.405161123366498,1.9782041905267553,-0.027661617830924867
2026-03-13,-1.3835786005208144,-2.588793240269813,2.069308447215549,-0.12207208618392221
2026-03-16,-1.3707957966571336,-2.1088190907710858,1.4880707465070064,-0.1703001096576528
2026-03-17,-1.3583469237227215,-1.961330133839814,1.4779848790932244,-0.17780189152123413
2026-03-18,-1.3462187754840076,-2.451085403281829,1.992897698318921,0.04692588306956745
2026-03-19,-1.3343988950455812,-2.4579953095936524,1.9291348468003786,0.2096042132748267
2026-03-20,-1.3228755211869656,-3.0,2.140330207362817,0.4787274266078884
2026-03-23,-1.3116375393307562,-2.8367053299698677,1.74927273833465,0.397228106130588
2026-03-24,-1.3006744366768321,-2.9889045505129666,1.7010689630604774,0.6050040648211599
2026-03-25,-1.289976261090451,-2.610459606921171,1.5619718270220502,0.5971721746617675
2026-03-26,-1.2795335833784434,-3.0,1.694965221742351,0.9853091915675853
2026-03-27,-1.2693374626282288,-3.0,2.095219291839604,0.5700683949573896
2026-03-30,-1.2593794143198986,-2.3941293334916565,2.0501117411930867,0.23525804953556798
2026-03-31,-1.249651380952811,-1.7345622962359422,1.1881298977946206,0.1793591723600648
2026-04-01,-1.2401457049555662,-1.647956788930843,1.238500720536043,0.2606490025252494
2026-04-02,-1.2308551036724045,-1.4311924357507066,1.0966940845821878,0.19149520140395412
2026-04-03,-1.2217726462404466,-1.401324653541633,1.0858130400801986,0.18926495582888014
2026-04-06,-1.2128917321910542,-1.593048769520188,1.2650214715460735,0.32377613237427955
2026-04-07,-1.2042060716253493,-1.335707333972346,1.510562401969755,0.11894156505071155
2026-04-08,-1.1950983418507344,-1.019119755823623,1.063032397976728,0.1532719028433629
2026-04-09,-1.1861836099138827,-0.6947217330224587,0.922932411294623,0.10425610779526791
2026-04-10,-1.177455871216046,-0.5301570070989546,0.6591601854556122,0.13600868020798543
2026-04-13,-1.1689093951502556,-0.4787648218679017,0.5800924996547919,0.005930629079858345
2026-04-14,-1.1605387093073074,-0.44150612916980936,0.24427933846288927,-0.056949355619287705
2026-04-15,-1.152338584783113,-0.5519653329227548,-0.02976011440172847,-0.05576164408076139
2026-04-16,-1.1443040224977439,-0.2625576143368122,0.22394455331869742,-0.023446670040393823
2026-04-17,-1.136430240444809,0.2546055500851132,0.2257616341399972,-0.19609031901033916
