Date,F,M,S,V
1999-12-31,,,,
2000-01-03,,,,
2000-01-04,,,,
2000-01-05,,,,
2000-01-06,,,,
2000-01-07,,,,
2000-01-10,,,,
2000-01-11,,,,
2000-01-12,,,,
2000-01-13,,,,
2000-01-14,,,,
2000-01-17,,,,
2000-01-18,,,,
2000-01-19,,,,
2000-01-20,,,,
2000-01-21,,,,
2000-01-24,,,,
2000-01-25,,,,
2000-01-26,,,,
2000-01-27,,,,
2000-01-28,,,,
2000-01-31,,,,
2000-02-01,,,,
2000-02-02,,,,
2000-02-03,,,,
2000-02-04,,,,
2000-02-07,,,,
2000-02-08,,,,
2000-02-09,,,,
2000-02-10,,,,
2000-02-11,,,,
2000-02-14,,,,
2000-02-15,,,,
2000-02-16,,,,
2000-02-17,,,,
2000-02-18,,,,
2000-02-21,,,,
2000-02-22,,,,
2000-02-23,,,,
2000-02-24,,,,
2000-02-25,,,,
2000-02-28,,,,
2000-02-29,,,,
2000-03-01,,,,
2000-03-02,,,,
2000-03-03,,,,
2000-03-06,,,,
2000-03-07,,,,
2000-03-08,,,,
2000-03-09,,,,
2000-03-10,,,,
2000-03-13,,,,
2000-03-14,,,,
2000-03-15,,,,
2000-03-16,,,,
2000-03-17,,,,
2000-03-20,,,,
2000-03-21,,,,
2000-03-22,,,,
2000-03-23,,,,
2000-03-24,,,,
2000-03-27,,,,
2000-03-28,,,,
2000-03-29,,,,
2000-03-30,,,,
2000-03-31,,,,
2000-04-03,,,,
2000-04-04,,,,
2000-04-05,,,,
2000-04-06,,,,
2000-04-07,,,,
2000-04-10,,,,
2000-04-11,,,,
2000-04-12,,,,
2000-04-13,,,,
2000-04-14,,,,
2000-04-17,,,,
2000-04-18,,,,
2000-04-19,,,,
2000-04-20,,,,
2000-04-21,,,,
2000-04-24,,,,
2000-04-25,,,,
2000-04-26,,,,
2000-04-27,,,,
2000-04-28,,,,
2000-04-30,,,,
2000-05-01,,,,
2000-05-02,,,,
2000-05-03,,,,
2000-05-04,,,,
2000-05-05,,,,
2000-05-08,,,,
2000-05-09,,,,
2000-05-10,,,,
2000-05-11,,,,
2000-05-12,,,,
2000-05-15,,,,
2000-05-16,,,,
2000-05-17,,,,
2000-05-18,,,,
2000-05-19,,,,
2000-05-22,,,,
2000-05-23,,,,
2000-05-24,,,,
2000-05-25,,,,
2000-05-26,,,,
2000-05-29,,,,
2000-05-30,,,,
2000-05-31,,,,
2000-06-01,,,,
2000-06-02,,,,
2000-06-05,,,,
2000-06-06,,,,
2000-06-07,,,,
2000-06-08,,,,
2000-06-09,,,,
2000-06-12,,,,
2000-06-13,,,,
2000-06-14,,,,
2000-06-15,,,,
2000-06-16,,,,
2000-06-19,,,,
2000-06-20,,,,
2000-06-21,,,,
2000-06-22,,,,
2000-06-23,,,,
2000-06-26,,,,
2000-06-27,,,,
2000-06-28,,,,
2000-06-29,,,,
2000-06-30,,,,
2000-07-03,,,,
2000-07-04,,,,
2000-07-05,,,,
2000-07-06,,,,
2000-07-07,,,,
2000-07-10,,,,
2000-07-11,,,,
2000-07-12,,,,
2000-07-13,,,,
2000-07-14,,,,
2000-07-17,,,,
2000-07-18,,,,
2000-07-19,,,,
2000-07-20,,-0.09469963764568079,-0.5410357466303977,
2000-07-21,,0.164554694682742,0.03235089571963282,
2000-07-24,,0.1607160153947185,0.026221530818159408,
2000-07-25,,0.5112365636699192,0.7920764947127845,
2000-07-26,,0.4116122877584776,0.5732601329615651,
2000-07-27,,0.493956857322861,0.7480822617916444,
2000-07-28,,0.48411617252340033,0.7229823369276956,
2000-07-31,,0.7506511301993178,1.2736712158854155,
2000-08-01,,0.5487703408433973,0.8404933937632725,
2000-08-02,,0.725140230781964,1.1923913815407858,
2000-08-03,,0.23477006550985072,0.1790976411204652,
2000-08-04,,0.03589969575588708,-0.22940642804652073,
2000-08-07,,0.6206021132741723,0.9667743364407875,
2000-08-08,,0.31258229101577356,0.33714741749892924,
2000-08-09,,0.30623633191138805,0.3241027202456954,
2000-08-10,,0.19861062673047716,0.1059916702417298,
2000-08-11,,0.603304654937811,0.9198017753275498,
2000-08-14,,0.48842762141856977,0.6841701433021163,
2000-08-15,,0.3746461832464658,0.45459938095385855,
2000-08-16,,0.26152866924166984,0.22850838936330323,
2000-08-17,,0.25595230062625157,0.21747095943530764,
2000-08-18,,0.46678399319049046,0.634149449601208,
2000-08-21,,0.34863322325513113,0.39859748181663124,
2000-08-22,,0.2310683272008631,0.16609290522207715,
2000-08-23,,0.11379708132802045,-0.06470157371159914,
2000-08-24,,0.22365303353537183,0.15231955682956327,
2000-08-25,,0.1038280626290627,-0.08294337431282452,
2000-08-28,,0.21646871037122511,0.13902389231643733,
2000-08-29,,0.094055112966416,-0.10076316743510894,
2000-08-30,,0.32816872828830645,0.35812796146621373,
2000-08-31,,-0.637767991961626,-1.50953935708074,
2000-09-01,,-0.38965506534638056,-1.0208250762843718,
2000-09-04,,-0.38695016049170966,-1.0065018622540707,
2000-09-05,,-0.7529802172566454,-1.6711842414649867,
2000-09-06,,-0.4962716030105932,-1.1778768419289658,
2000-09-07,,-0.49192098898946157,-1.157711834751985,
2000-09-08,,-0.4876543744524095,-1.1384119584911692,
2000-09-11,,-0.2275392641427239,-0.6598414068492897,
2000-09-12,,-0.3564515144595299,-0.888073152968071,
2000-09-13,,-0.6149880535306133,-1.3396747641208477,
2000-09-14,,-0.3456915846674178,-0.8513950301296654,
2000-09-15,,-0.34362058813323093,-0.842194671823143,
2000-09-18,,-0.3415843033565681,-0.8332513893636783,
2000-09-19,,-0.06746428956309242,-0.3467526549621259,
2000-09-20,,-0.06867411619408585,-0.34727388526231956,
2000-09-21,,0.06922972815940964,-0.10300746171923124,
2000-09-22,,-0.07404204444030114,-0.3540286290518187,
2000-09-25,,-0.07520293786750239,-0.35448675971815446,
2000-09-26,,-0.6488541785775449,-1.3480458618152718,
2000-09-27,,-0.4985199095198299,-1.0774723245815463,
2000-09-28,,0.23434372989663213,0.19123782585073476,
2000-09-29,,1.1038823557510065,1.6665930990947901,
2000-09-30,,-0.08980536043137113,-0.3639899183012327,
2000-10-02,,-0.23980600254005324,-0.6162567372966508,
2000-10-03,,-0.08876704921029949,-0.35856216510478667,
2000-10-04,,0.06223572936566106,-0.10188031576408992,
2000-10-05,,-0.5536005991424825,-1.1354394841027986,
2000-10-06,,-0.5489309587834109,-1.1187282832899417,
2000-10-09,,-1.0069390944964605,-1.8510583505261027,
2000-10-10,,-1.5977266118999789,-2.720784267304826,
2000-10-11,,-1.2596695937091966,-2.1367372482915106,
2000-10-12,,-2.256754989195445,-3.0,
2000-10-13,,-3.0,-3.0,
2000-10-16,,-3.0,-3.0,
2000-10-17,,-3.0,-3.0,
2000-10-18,,-3.0,-3.0,
2000-10-19,,-3.0,-3.0,
2000-10-20,,-2.858686840816136,-3.0,
2000-10-23,,-2.920895601456482,-2.962496894408168,
2000-10-24,,-2.508225651173984,-2.5669974528597526,
2000-10-25,,-2.0763798030053833,-2.110962625460707,
2000-10-26,,-2.518222271032605,-2.4849472810662374,
2000-10-27,,-2.102344436601833,-2.0602053288115862,
2000-10-30,,-1.6558635418570942,-1.6267329741955718,
2000-10-31,,-1.6085311362651897,-1.5678533561603472,
2000-11-01,,-1.636565497777077,-1.5782140206263429,
2000-11-02,,-1.6617206738385586,-1.5855051749575424,
2000-11-03,,-1.2550888860343703,-1.2101605675975655,
2000-11-06,,-1.1560893851293652,-1.1145059970402884,
2000-11-07,,-1.206064649970458,-1.151928357418321,
2000-11-08,,-0.890075452925695,-0.8667636727098772,
2000-11-09,,-1.0956535747185119,-1.0433093312089374,
2000-11-10,,-0.5592692663381714,-0.5675399345552506,
2000-11-13,,0.6509335344652923,0.5009409026175593,
2000-11-14,,0.4934496713193379,0.36268093336856994,
2000-11-15,,0.8678340394252511,0.6945273113125113,
2000-11-16,,1.0829263994688336,0.8860225167101785,
2000-11-17,,1.1412834384641948,0.9390122071310149,
2000-11-20,,0.8967850914798325,0.7240022337146305,
2000-11-21,,1.2620521816764618,1.0482625424855583,
2000-11-22,,1.0892791593952151,0.8965889170416678,
2000-11-23,,0.6929276606128304,0.5468681892168588,
2000-11-24,,1.1427550606048322,0.9457771514261367,
2000-11-27,,0.7432034177928628,0.5931100609410508,
2000-11-28,,0.5801976987750358,0.44951793915358984,
2000-11-29,,0.49644507002378496,0.375958165025955,
2000-11-30,,0.3343925927971133,0.23294955619376453,
2000-12-01,,0.3316773822479473,0.23099319984469424,
2000-12-04,,0.008247446519674847,-0.055098930773418854,
2000-12-05,,-0.23417026377999844,-0.26931124809872165,
2000-12-06,,-0.23177782785005713,-0.2667199760111803,
2000-12-07,,-0.3115120513510767,-0.3367222926239896,
2000-12-08,,-0.1427818739012108,-0.1870754098299489,
2000-12-11,,0.02588727844731354,-0.0375751563417325,
2000-12-12,,0.026021289066612226,-0.03711938953474679,
2000-12-13,,-0.22868236943629958,-0.26189843171698357,
2000-12-14,,-0.397292494566556,-0.410282860667451,
2000-12-15,,-0.3932076598075913,-0.4060179898964313,
2000-12-18,,-0.5621514310031481,-0.5541838995883526,
2000-12-19,,-0.11995843152849862,-0.16376393325478153,
2000-12-20,,-0.47041748810535283,-0.4720502128841005,
2000-12-21,,-0.6418187147694987,-0.6219073168158641,
2000-12-22,,-0.6343963619976073,-0.614201158997455,
2000-12-25,,3.0,-0.8396735799562015,
2000-12-26,,-0.6171641240930371,-0.7492551978068309,
2000-12-27,,-0.2028918184246272,-0.18834486358744384,
2000-12-28,,0.09341721748117321,0.21250144553282105,
2000-12-29,,0.2709109133102334,0.45181297544993254,
2000-12-31,,0.2689132077116369,0.44789473330284363,
2001-01-01,,3.0,0.6060335465668474,
2001-01-02,,0.059241353523193804,0.35537937823604093,
2001-01-03,,0.1931194007737871,0.5988436965953442,
2001-01-04,,0.146566635261803,0.5104535754496993,
2001-01-05,,0.19093267277413636,0.5886376616069237,
2001-01-08,,-0.08537837924001851,0.08078258206327794,
2001-01-09,,0.33077715143670217,0.8370385368083143,
2001-01-10,,0.1886960266068656,0.5749579409258739,
2001-01-11,,0.3277086027576546,0.822097905004213,
2001-01-12,,0.4192032400384274,0.9794277385006164,
2001-01-15,,0.46293321628691236,1.0483187897597086,
2001-01-16,,0.267922321575262,0.69609616391867,
2001-01-17,,0.4100521389447268,0.9413556001029713,
2001-01-18,,0.5031774626279045,1.0951370832493124,
2001-01-19,,0.7409050735057117,1.4876967249994715,
2001-01-22,,-3.0,1.288952746813457,
2001-01-23,,0.7915951438062169,1.6612790757770612,
2001-01-24,,0.43239139646778085,0.8956691787917209,
2001-01-25,,0.38936438002347695,0.8011806058842977,
2001-01-26,,0.26720130665028163,0.5438193597099212,
2001-01-29,,0.22515962763400016,0.454998397848033,
2001-01-30,,-3.0,0.6174812295036697,
2001-01-31,,0.43602757406229053,0.8604478516215424,
2001-02-01,,0.23030244499173722,0.3457332486461278,
2001-02-02,,0.533773206535854,1.0976399197711715,
2001-02-05,,0.4949624040965324,0.995444313429807,
2001-02-06,,0.6957122996926809,1.4690416736484289,
2001-02-07,,0.31027716828846547,0.5327557072143021,
2001-02-08,,0.516010832161094,1.0247541362076846,
2001-02-09,,0.44171158140586425,0.8426264286345758,
2001-02-12,,0.367742012779371,0.6643714556515723,
2001-02-13,,0.3647750438210805,0.6561565691736818,
2001-02-14,,0.5396376829708303,1.0642044113925426,
2001-02-15,,0.42751153542466813,0.7967650728422777,
2001-02-16,,0.45990916561648276,0.868820293538433,
2001-02-19,,0.23837362658967773,0.3519507577507226,
2001-02-20,,0.3461820588211881,0.6026512458802616,
2001-02-21,,0.159375310467809,0.16890804842499552,
2001-02-22,,0.26942188882775786,0.4251190812738885,
2001-02-23,,0.22999127224110383,0.33411271915166685,
2001-02-26,,0.3033907785206817,0.5042195640746782,
2001-02-27,,0.37660685432401614,0.6721897656065426,
2001-02-28,,-0.08378681343892637,-0.38900287404201717,
2001-03-01,,-0.04480963307997788,-0.29803021796138196,
2001-03-02,,0.2649101468186306,0.4160892689165137,
2001-03-05,,0.029197237676845407,-0.12548422855268082,
2001-03-06,,-0.010304111983202519,-0.21540063673252133,
2001-03-07,,-0.12885329683825103,-0.48666374834049664,
2001-03-08,,-0.048351352611442036,-0.3005945829745187,
2001-03-09,,-0.04804951553530342,-0.2988463208489981,
2001-03-12,,-0.12851797072682228,-0.48213871631713895,
2001-03-13,,-0.08696213787309048,-0.3856407335394491,
2001-03-14,,-0.12734038224365635,-0.47673285524769715,
2001-03-15,,-0.2913733085166198,-0.8480988676486251,
2001-03-16,,-0.20621648896968817,-0.6516133872092384,
2001-03-19,,-0.03748599912657757,-0.2667727546296795,
2001-03-20,,-0.12148147263128335,-0.45644648825088463,
2001-03-21,,-0.29019076625258705,-0.83577008398907,
2001-03-22,,-0.24537730632223037,-0.731436898573928,
2001-03-23,,-0.11467777102119997,-0.4352119589294613,
2001-03-26,,-0.15715282131952832,-0.5293680530421694,
2001-03-27,,-0.15603413020964055,-0.5252663163130097,
2001-03-28,,-0.19879722286768706,-0.6193298402289897,
2001-03-29,,0.20034339389689368,0.27678291634764396,
2001-03-30,,0.3766528283495533,0.6709958436164881,
2001-03-31,,0.06056716478257616,-0.03497244284030277,
2001-04-02,,-0.030050036826267966,-0.23671492523026746,
2001-04-03,,0.015560193676116243,-0.13393276315181626,
2001-04-04,,-0.07601208216000213,-0.3376262592975696,
2001-04-05,,0.01660198611612074,-0.12991474861424285,
2001-04-06,,-0.12262007830954229,-0.4396962738667887,
2001-04-09,,-0.028399802826859995,-0.22858173121827793,
2001-04-10,,-0.028208673386553983,-0.22731242886026928,
2001-04-11,,0.0666646463621624,-0.014911543741312872,
2001-04-12,,0.06620015245870244,-0.015170114712383467,
2001-04-13,,3.0,0.09160965113223854,
2001-04-16,,-0.11166252434217348,-0.2326859353514074,
2001-04-17,,0.006972971458290516,0.09403846487138094,
2001-04-18,,0.00682549470273213,0.09300692921735386,
2001-04-19,,0.046546380072236805,0.2018685221234197,
2001-04-20,,0.04612706745918631,0.20000927041289454,
2001-04-23,,-0.03512531601717773,-0.024534442871039237,
2001-04-24,,0.04640117116385741,0.19947312687585417,
2001-04-25,,0.04598217400501187,0.19762719166470138,
2001-04-26,,0.12806036767419166,0.4224461721419094,
2001-04-27,,0.002490637090051291,0.07647340971095777,
2001-04-30,,0.04418077952164589,0.19045002034638606,
2001-05-01,,0.1279604978642734,0.4195585678758145,
2001-05-02,,0.1269730537442025,0.41565285654575473,
2001-05-03,,0.25390667266965916,0.7600546066704996,
2001-05-04,,0.1661699852700466,0.5186811312526205,
2001-05-07,,0.2944546866003914,0.8635064137023608,
2001-05-08,,0.3356259474723777,0.9685709699928517,
2001-05-09,,0.37669403540963403,1.0706872100931368,
2001-05-10,,0.5053627466591799,1.3974540418032604,
2001-05-11,,0.7648660589561526,2.032038565581189,
2001-05-14,,-3.0,1.3125205168421281,
2001-05-15,,0.4856840203627716,1.287232738596855,
2001-05-16,,0.5560614875829107,1.4813089655863843,
2001-05-17,,0.7375851594763739,1.9780357985107662,
2001-05-18,,0.7303804194542707,1.9125317003210736,
2001-05-21,,0.648288445587102,1.648224993827035,
2001-05-22,,1.0174363774947452,2.5783997376127643,
2001-05-23,,0.9300079815207855,2.2653344847771844,
2001-05-24,,1.0689587927771245,2.5227354687565144,
2001-05-25,,0.8676395859181908,1.9638759241236503,
2001-05-28,,0.8203624338935233,1.806600112164821,
2001-05-29,,0.9249508343169093,2.0022382259263294,
2001-05-30,,0.8385287052517466,1.7605545861053777,
2001-05-31,,0.6771950029875616,1.370556522700187,
2001-06-01,,0.5940473141268979,1.1693558995311528,
2001-06-04,,0.5500930983622484,1.0608342626982825,
2001-06-05,,0.8925392591860152,1.7816022190639365,
2001-06-06,,0.8052432170075634,1.5623120361318523,
2001-06-07,,0.7191414107985689,1.3577934539882972,
2001-06-08,,0.6729723849168089,1.2441684632479635,
2001-06-11,,0.3918052760350602,0.6530064613154503,
2001-06-12,,0.6646584462968268,1.2065898932247665,
2001-06-13,,0.6186750745569264,1.100009847158871,
2001-06-14,,0.5333312146220153,0.918178733110628,
2001-06-15,,0.528517798278868,0.9011853397580472,
2001-06-18,,0.4031190677043654,0.6452283129295677,
2001-06-19,,0.4805374443171976,0.795243961103028,
2001-06-20,,0.15056696913813153,0.13659248912243596,
2001-06-21,,0.10808736014242973,0.052180775553906183,
2001-06-22,,-0.05831341382247436,-0.278706614160038,
2001-06-25,,0.19108221024276087,0.21802433142058653,
2001-06-26,,0.2729380097779909,0.3799806759247561,
2001-06-27,,0.27057423877176895,0.3743789988787878,
2001-06-28,,0.2682240947041256,0.3688337197348232,
2001-06-29,,0.35092623795540306,0.5303241358687536,
2001-06-30,,0.3478969568995043,0.5223026691093652,
2001-07-02,,0.4308136836459506,0.681553590784814,
2001-07-03,,0.12434412202057074,0.08167882989355929,
2001-07-04,,0.12303539064795921,0.07930056126598714,
2001-07-05,,0.12173265644072495,0.07693719973149611,
2001-07-06,,-0.011942403161846691,-0.18355242957509862,
2001-07-09,,0.07646725855194934,-0.01058150560364733,
2001-07-10,,0.030782159599168978,-0.09922898257599781,
2001-07-11,,0.07506218962806172,-0.01251309332343046,
2001-07-12,,-0.01645029375530561,-0.19027051155633184,
2001-07-13,,-0.15349509025763722,-0.456190393093312,
2001-07-16,,-0.06132260108805793,-0.27603027489540954,
2001-07-17,,-0.19979845578565175,-0.5441298490056622,
2001-07-18,,-0.47708131470601256,-1.0776020417461958,
2001-07-19,,-0.19447837446257288,-0.5295341991012427,
2001-07-20,,-0.24062835477279257,-0.6171463589783772,
2001-07-23,,-0.38109089071406804,-0.8849782941445327,
2001-07-24,,-0.42633540644338264,-0.9679760014239769,
2001-07-25,,-0.28066368692060883,-0.6867328212786974,
2001-07-26,,-0.32727366442688116,-0.7735663491857282,
2001-07-27,,-0.22890901692122234,-0.5842501375102581,
2001-07-30,,-0.22786984927709972,-0.580862731707103,
2001-07-31,,-0.7147027151741197,-1.4948265831427228,
2001-08-01,,-0.9038116083279886,-1.8267616077684956,
2001-08-02,,-0.7977148230347997,-1.6119826632732592,
2001-08-03,,-0.7418343424570354,-1.4952978393895175,
2001-08-06,,-0.7357671420600648,-1.4711423355036923,
2001-08-07,,-0.7791780105390278,-1.5348467387876659,
2001-08-08,,-0.8220901455787604,-1.595039285754915,
2001-08-09,,-0.7153808718934556,-1.3945290634037335,
2001-08-10,,-0.7096256671266856,-1.373677493111984,
2001-08-13,,-0.5028746136954476,-1.0080678272761583,
2001-08-14,,-0.7016083386713854,-1.3437957758708121,
2001-08-15,,-0.696008700419588,-1.3244656162707347,
2001-08-16,,-0.3335056311873821,-0.7008806183621626,
2001-08-17,,-0.4856624592891565,-0.9574954231737302,
2001-08-20,,-0.5339962754769165,-1.0351644202322405,
2001-08-21,,-0.47846488927248765,-0.9371624282571316,
2001-08-22,,-0.4231559360770957,-0.8407427340692349,
2001-08-23,,-0.5776040121686316,-1.095911091883518,
2001-08-24,,-0.4682092566960912,-0.9086957144518827,
2001-08-27,,-0.35918956229414745,-0.7241213013165774,
2001-08-28,,-0.4102869899310647,-0.8070332413537336,
2001-08-29,,0.12874163463738444,0.09229902629339554,
2001-08-30,,0.019701085249775447,-0.0889714865497556,
2001-08-31,,-0.631575651129274,-1.1679773372486775,
2001-09-03,,-0.7893736835570233,-1.4178194093164571,
2001-09-04,,-0.45577210857811895,-0.8662108446868968,
2001-09-05,,-0.5076291312442948,-0.9474865873663388,
2001-09-06,,-0.6142893654124235,-1.115877629447974,
2001-09-07,,-0.8853096099459405,-1.5413619315305116,
2001-09-10,,-0.6559382457210329,-1.1652964494974662,
2001-09-11,,3.0,-1.4120565989783294,
2001-09-12,,3.0,-1.128834375925949,
2001-09-13,,3.0,-0.9399452084306629,
2001-09-14,,-1.5159213621519951,-3.0,
2001-09-17,,-1.2920678572919408,-2.666183245741981,
2001-09-18,,-1.2078371364289358,-2.399632299938196,
2001-09-19,,-1.4894556657752256,-2.7896617205370418,
2001-09-20,,-1.5299742138094072,-2.691651445294463,
2001-09-21,,-1.0123317638450633,-1.7841177429811081,
2001-09-24,,-1.4932652412827354,-2.5658976014530936,
2001-09-25,,-1.564881647322862,-2.487597390467732,
2001-09-26,,-1.6006509463372145,-2.415508853190119,
2001-09-27,,-1.6972846095488867,-2.3488397309213513,
2001-09-28,,-1.505842542602441,-2.286932714463898,
2001-09-30,,-1.2272671893438083,-1.8802714366952682,
2001-10-01,,-1.1788483929836169,-1.7676696098576172,
2001-10-02,,-1.415752861006405,-2.117879261387752,
2001-10-03,,-1.3614911211928136,-1.9846185289654759,
2001-10-04,,-1.371516154986063,-1.9586960283428139,
2001-10-05,,-1.349911323392333,-1.8865034389444049,
2001-10-08,,-1.359916553899396,-1.8649299937032064,
2001-10-09,,-3.0,-0.927506832420923,
2001-10-10,,-3.0,-0.8193181732910492,
2001-10-11,,-3.0,-0.9497286506496379,
2001-10-12,,0.23706592650561154,0.4019844230564777,
2001-10-15,,0.007370907877821832,-0.08325923663963969,
2001-10-16,,0.030546500195513904,-0.033797602028546224,
2001-10-17,,0.4234051521839159,0.7948494962950118,
2001-10-18,,0.37434230103698213,0.6905000773171875,
2001-10-19,,0.0684615851946716,0.04788767441726718,
2001-10-22,,0.46751978558106644,0.8839687231390924,
2001-10-23,,0.5585941417020202,1.0689289671347233,
2001-10-24,,0.554607441728536,1.0551087440306888,
2001-10-25,,0.6218084666465904,1.1857186978485827,
2001-10-26,,0.5456448818156786,1.024343525316333,
2001-10-29,,0.6135436069204767,1.155034289070021,
2001-10-30,,0.6089060966055398,1.1381258717092089,
2001-10-31,,0.4352918419542944,0.7871875473979845,
2001-11-01,,0.28651179967095525,0.4890739857083038,
2001-11-02,,0.55367787264494,1.0183065435246377,
2001-11-05,,0.6475970412563857,1.1959819018735554,
2001-11-06,,0.5933815837464649,1.0824151504701762,
2001-11-07,,-0.05521187255897613,-0.1878642538446128,
2001-11-08,,0.04509306613002217,0.008937071183553583,
2001-11-09,,0.1704900799541575,0.2548283068560481,
2001-11-12,,0.16957294682338409,0.2533307933277383,
2001-11-13,,0.37170333648479503,0.6479976366384661,
2001-11-14,,0.5730072259203246,1.0354422082383279,
2001-11-15,,0.7979724357314718,1.454738613715209,
2001-11-16,,1.1203266246881727,2.0229196907847142,
2001-11-19,,0.8788438900331643,1.5494041840975934,
2001-11-20,,0.8956653910597551,1.5578161740572258,
2001-11-21,,1.0138727873820683,1.740224259141626,
2001-11-22,,1.1797967727428862,1.9867215134182468,
2001-11-23,,1.2398734927073671,2.034654610486937,
2001-11-26,,0.7417254074897718,1.1829802342150804,
2001-11-27,,0.6839997391282625,1.0781255317863132,
2001-11-28,,0.9343201147908166,1.4746545002049476,
2001-11-29,,0.7450923827817117,1.1535949474947862,
2001-11-30,,0.6094334389079118,0.9272618837305734,
2001-12-03,,0.29251029155617797,0.4133418698764216,
2001-12-04,,0.34295864296370693,0.4942896114814434,
2001-12-05,,0.8387504679058835,1.2813919416698865,
2001-12-06,,1.0130255389316336,1.5359282140507804,
2001-12-07,,1.0533844304362157,1.5733509158645755,
2001-12-10,,0.8584567153250858,1.2575470357685474,
2001-12-11,,0.7712162754349765,1.1139790939429028,
2001-12-12,,0.579494438239246,0.8182965493234804,
2001-12-13,,0.388909097271519,0.5286374127622719,
2001-12-14,,0.011248198005619528,-0.041532718948134054,
2001-12-17,,-0.0968064298128651,-0.2044420654840464,
2001-12-18,,-0.20482585125656877,-0.3671316622805467,
2001-12-19,,-0.4216127049668023,-0.6926970285474505,
2001-12-20,,-0.6100616079262636,-0.9721050482271414,
2001-12-21,,-0.6055300731970689,-0.9610200439708151,
2001-12-24,,-0.6010394268603392,-0.9501398818250143,
2001-12-25,,3.0,-0.1200428552993312,
2001-12-26,,-0.01692021772397617,0.004830888083108916,
2001-12-27,,-0.34646492689682584,-0.5369730038270505,
2001-12-28,,0.08880520836237009,0.17798418152895396,
2001-12-31,,0.08811420667847086,0.1765453265658097,
2002-01-01,,3.0,0.38621492226708326,
2002-01-02,,0.09531556235636264,0.2982042956503547,
2002-01-03,,-0.30595337465184386,-0.4298676746164955,
2002-01-04,,-0.2569039924367656,-0.3415465423479786,
2002-01-07,,-0.5407867746445156,-0.8539805437233586,
2002-01-08,,-0.44168428535164245,-0.6745736234964652,
2002-01-09,,-0.34290079999626283,-0.49682429378748516,
2002-01-10,,-0.4132958229178031,-0.6233434745224213,
2002-01-11,,-0.6285841671691608,-1.0064811468929982,
2002-01-14,,-0.7208393663352415,-1.164799590138837,
2002-01-15,,-0.8604811008571368,-1.400032188174432,
2002-01-16,,-0.6092211998143867,-0.9548873314960037,
2002-01-17,,-0.33473834026614024,-0.47460191955527725,
2002-01-18,,-0.4068769885988607,-0.6005304642394017,
2002-01-21,,-0.42914170633372734,-0.638954433647233,
2002-01-22,,-0.4263951076829205,-0.6337251782520428,
2002-01-23,,-3.0,-0.41111990430520856,
2002-01-24,,-0.27088830661025864,-0.49594527106369424,
2002-01-25,,-0.13112041320931428,-0.2283994852910204,
2002-01-28,,-0.13040089427479065,-0.2271166132229624,
2002-01-29,,-0.036469651793793655,-0.047465193602878625,
2002-01-30,,-3.0,-0.1370208332533159,
2002-01-31,,0.163322524700492,0.269626675708217,
2002-02-01,,0.03262680454250484,-0.004217904067229058,
2002-02-04,,-0.11980959508115466,-0.3234918793287081,
2002-02-05,,-0.05348608193032383,-0.18409678075913805,
2002-02-06,,0.07884240252921831,0.09359157467718567,
2002-02-07,,-0.010138740270786373,-0.09259660937449868,
2002-02-08,,0.012179956925217592,-0.04550544360607046,
2002-02-11,,0.21356617148107512,0.3765368655576823,
2002-02-12,,0.3471924012837436,0.6548764157526153,
2002-02-13,,0.39012005581991865,0.7422408145411211,
2002-02-14,,0.36484392100522767,0.6878378943988877,
2002-02-15,,-0.04877761709425643,-0.17021633400490674,
2002-02-18,,-0.0025269646320424054,-0.0739419327749288,
2002-02-19,,-0.0025307079894189596,-0.07364682999915706,
2002-02-20,,0.25325752824324027,0.45674778787019427,
2002-02-21,,0.18157406743257334,0.3082876810991785,
2002-02-22,,0.10993234733729647,0.16018481375290558,
2002-02-25,,0.1092646718475639,0.1590568791301889,
2002-02-26,,0.20372628541358162,0.3545621034638027,
2002-02-27,,0.3458433220873887,0.6470381640872628,
2002-02-28,,0.2715627153213688,0.49326820245037567,
2002-03-01,,0.2215437012038546,0.39009367514642235,
2002-03-04,,0.365827182200791,0.6851747782105514,
2002-03-05,,0.5338999076534113,1.0236182698841096,
2002-03-06,,0.6276048359838048,1.2041495269041038,
2002-03-07,,0.6471047573076606,1.2321806504111346,
2002-03-08,,0.886756868018799,1.6831969911904998,
2002-03-11,,0.9512298025360247,1.775745425599705,
2002-03-12,,0.8677874633764184,1.5893126089784717,
2002-03-13,,0.6624871591877229,1.187532255364306,
2002-03-14,,0.7558360465836703,1.3479523442017731,
2002-03-15,,0.7985258833539693,1.4094931285966068,
2002-03-18,,1.0134532486346692,1.7703167078901052,
2002-03-19,,0.9279562907090072,1.5893505035341184,
2002-03-20,,0.9429045049725875,1.5894395959049141,
2002-03-21,,0.6346950190916673,1.0407547182444397,
2002-03-22,,0.6544369058007351,1.06635292658683,
2002-03-25,,0.7992181914771594,1.3011952020914475,
2002-03-26,,0.5905922844091058,0.9381808952776522,
2002-03-27,,0.38323437850543773,0.5839926554405682,
2002-03-28,,0.43140229073724695,0.6630745229100871,
2002-03-29,,3.0,0.8682895555782897,
2002-03-31,,0.2930729371955375,0.5572224893571874,
2002-04-01,,0.38534827192372345,0.7224441046025009,
2002-04-02,,0.24009530033455032,0.4555997621667774,
2002-04-03,,0.07112052557772444,0.14726015589219046,
2002-04-04,,-0.04975215040084107,-0.07304966606927389,
2002-04-05,,-0.07392688835363409,-0.11719846043784679,
2002-04-08,,-0.07379024159075759,-0.11707083327181858,
2002-04-09,,-0.04920600927395339,-0.07244950123297139,
2002-04-10,,0.024551629290301514,0.0615839419218926,
2002-04-11,,-0.14897549889334358,-0.25425753140133134,
2002-04-12,,-0.1732616761495192,-0.2984781680256733,
2002-04-15,,-0.24752649057225495,-0.4334454902782899,
2002-04-16,,0.03020818070478817,0.07123866434345034,
2002-04-17,,-0.12197993833004175,-0.2054205247847556,
2002-04-18,,-0.12156135964127687,-0.20474229479203163,
2002-04-19,,-0.24897596545145345,-0.43610576944681023,
2002-04-22,,-0.2991628342340678,-0.5269152236501965,
2002-04-23,,-0.1425971434176028,-0.2429314202447235,
2002-04-24,,-0.09005794798121554,-0.14772938960784343,
2002-04-25,,-0.1682475280538927,-0.28957894907994197,
2002-04-26,,-3.0,-0.38357214713382365,
2002-04-29,,-0.13245198199743194,-0.3338200108766133,
2002-04-30,,-0.37325097156477094,-0.8116753775608824,
2002-05-01,,-0.34686856776267355,-0.7572468751356153,
2002-05-02,,-0.1986272245790082,-0.46244662190655855,
2002-05-03,,-0.32025689881628944,-0.702002240682247,
2002-05-06,,-0.39237191082888706,-0.8420669042218912,
2002-05-07,,-0.4642599561726451,-0.9797881550285394,
2002-05-08,,-0.4116745398305753,-0.8735168898324365,
2002-05-09,,-0.4341790344601231,-0.9142157420122243,
2002-05-10,,-0.45660917079294994,-0.9541470178546967,
2002-05-13,,-0.42855741215623555,-0.8964063611259904,
2002-05-14,,-0.29919655111408555,-0.6445018794722329,
2002-05-15,,-0.45041650049985604,-0.9333124786205529,
2002-05-16,,-0.4220240831239021,-0.8755832829673145,
2002-05-17,,-0.41944396113381993,-0.8676677072862975,
2002-05-20,,-0.44271322381056966,-0.9088067925945069,
2002-05-21,,-0.4399518893015785,-0.900221962671428,
2002-05-22,,-0.5154023134921322,-1.0385278889261536,
2002-05-23,,-0.48581333766606444,-0.978297190768497,
2002-05-24,,-0.4300465817194857,-0.8702281556644428,
2002-05-27,,-0.32152921671742657,-0.6650878451834716,
2002-05-28,,-0.45263581715370793,-0.9072290709417932,
2002-05-29,,-0.36962184609899484,-0.7502500957740698,
2002-05-30,,-0.36740180467797684,-0.7441187553934046,
2002-05-31,,-0.284176652524429,-0.5884404284657828,
2002-06-03,,-0.20105572751977263,-0.4336957638929192,
2002-06-04,,-0.25460902063220126,-0.5320664076065174,
2002-06-05,,-0.25318101996310555,-0.5285603727250258,
2002-06-06,,-0.38972530302210584,-0.7787207918537501,
2002-06-07,,-0.38733142245338464,-0.7720694165938357,
2002-06-10,,-0.38495111759883577,-0.7654983675287766,
2002-06-11,,-0.4385437501441716,-0.8607421353023161,
2002-06-12,,-0.5480716442510009,-1.0554314130756528,
2002-06-13,,-0.6287469555430953,-1.19414060155594,
2002-06-14,,-0.9618111599543229,-1.7694920406554397,
2002-06-17,,-0.6423231746077327,-1.192629024103717,
2002-06-18,,-0.4954301347089326,-0.9289255536508306,
2002-06-19,,-0.8338869328667975,-1.508479623656785,
2002-06-20,,-0.6554169879776046,-1.1893157594393384,
2002-06-21,,-0.9645528870266666,-1.7003403575361526,
2002-06-24,,-1.096967851070247,-1.892960018884788,
2002-06-25,,-1.141150916492279,-1.93131460360571,
2002-06-26,,-1.325010645985318,-2.1820659560276767,
2002-06-27,,-1.0245927384500093,-1.6747415201419187,
2002-06-28,,-1.041856546273645,-1.6779943100781232,
2002-06-30,,-1.2842267809288936,-2.015511604643583,
2002-07-01,,-1.182445969489722,-1.8277075965538292,
2002-07-02,,-1.2796906554108356,-1.93664743354009,
2002-07-03,,-1.2621050721675933,-1.8758918891915874,
2002-07-04,,-1.1053108931599664,-1.6246609849860008,
2002-07-05,,-0.9237970913213671,-1.3502860161505248,
2002-07-08,,-0.9707406218407052,-1.401715077921502,
2002-07-09,,-0.9322757575817215,-1.3340807846457685,
2002-07-10,,-0.9226899789835957,-1.307867831434474,
2002-07-11,,-0.9415098705704167,-1.3206123365363553,
2002-07-12,,-0.5052700179763729,-0.7200891335104564,
2002-07-15,,-0.8728747221451629,-1.2116674579834643,
2002-07-16,,-0.8072044376055713,-1.114130379512888,
2002-07-17,,-0.4550498939887987,-0.6378579107348377,
2002-07-18,,-0.4806028454944435,-0.6697676807567525,
2002-07-19,,-0.18601445687427146,-0.27480605593495766,
2002-07-22,,-0.06743277630757757,-0.11591102932929502,
2002-07-23,,-0.15516844558845336,-0.23291777910841882,
2002-07-24,,-0.09472846696430957,-0.15186402776145674,
2002-07-25,,-0.4212690942440567,-0.5864887238580441,
2002-07-26,,-0.3285639708885132,-0.4617769428833266,
2002-07-29,,-0.085706757786497,-0.13819620809248911,
2002-07-30,,-0.3267371113222789,-0.4579136703588902,
2002-07-31,,-1.5518985799534852,-2.0249263154784334,
2002-08-01,,-1.3193648211956077,-1.7122188211327256,
2002-08-02,,-1.4462937615245628,-1.8418208450541131,
2002-08-05,,-1.7397512583451908,-1.9234847415469087,
2002-08-06,,-1.7318312828769817,-1.8880516348059595,
2002-08-07,,-1.6676108361902409,-1.8542470965239806,
2002-08-08,,-1.2680652770755594,-1.5075500863627525,
2002-08-09,,-1.3063544526371522,-1.532151610277465,
2002-08-12,,-1.3993079269994582,-1.6171106083225453,
2002-08-13,,-1.4044958531694491,-1.599673299749911,
2002-08-14,,-1.5477184633308312,-1.7322908082585688,
2002-08-15,,-1.2706768275647071,-1.4052466994021506,
2002-08-16,,-1.2518152767512256,-1.3682852523549838,
2002-08-19,,-1.2058153650976728,-1.3032621506123698,
2002-08-20,,-1.1887029452667008,-1.2711379442364916,
2002-08-21,,-1.0615944376328375,-1.1229407626978616,
2002-08-22,,-0.7147181416262497,-0.7442856935471505,
2002-08-23,,-0.5956648649047903,-0.6133896311325214,
2002-08-26,,-0.5620656274125087,-0.574832664870904,
2002-08-27,,-0.6134857145133108,-0.6268659951047708,
2002-08-28,,-0.465975357294897,-0.46775429949342284,
2002-08-29,,0.7383718032000333,0.8133964694535053,
2002-08-30,,0.7046751340848617,0.7769596321785716,
2002-08-31,,0.7285665423345713,0.8016860162540448,
2002-09-02,,0.8669877503632154,0.9475342669703862,
2002-09-03,,0.831318576007281,0.9087199450529175,
2002-09-04,,0.7672183756996617,0.8400501446324175,
2002-09-05,,0.47146044082766725,0.526842988817842,
2002-09-06,,0.6731993026645988,0.7397199169639611,
2002-09-09,,0.8730058974925333,0.9497785641013722,
2002-09-10,,0.9824936266719527,1.0636419549426368,
2002-09-11,,1.0899643070017455,1.1744407911363979,
2002-09-12,,0.6992271882059873,0.7630683627559369,
2002-09-13,,0.6355209800227513,0.6956780141599661,
2002-09-16,,0.6314262669876626,0.6909156036324099,
2002-09-17,,0.6867421659597958,0.7483697991299728,
2002-09-18,,0.5926586880959065,0.6493357290970622,
2002-09-19,,0.379042178370289,0.4253122168619632,
2002-09-20,,0.2564009535607002,0.296687144690722,
2002-09-23,,0.13385695967756672,0.16821294441639267,
2002-09-24,,-0.019204123971364142,0.007870482962694544,
2002-09-25,,0.012097854164715264,0.040610189811098096,
2002-09-26,,0.10517376938110384,0.13796946388622616,
2002-09-27,,-0.01919801628499785,0.007756742364413566,
2002-09-30,,-0.14351195605568115,-0.12222286290570902,
2002-10-01,,0.046180779100295104,0.0761502444626005,
2002-10-02,,0.26735405056308226,0.3073346737079078,
2002-10-03,,0.32967726758621757,0.3723535694347276,
2002-10-04,,0.32816537905832865,0.37061611376508213,
2002-10-07,,0.10230174785411872,0.1343828300247129,
2002-10-08,,0.00546158676659313,0.0331097108315255,
2002-10-09,,-0.31808303726160864,-0.30458733860915976,
2002-10-10,,-0.5104709472025593,-0.5043084125297286,
2002-10-11,,-0.24527123537964043,-0.22749735274886304,
2002-10-14,,-0.2432720411188,-0.225120055270958,
2002-10-15,,-0.010057506608751874,0.01769402418469048,
2002-10-16,,0.05695625579404381,0.08739211933328017,
2002-10-17,,0.19076506886596054,0.22654831559702518,
2002-10-18,,0.3915374820431802,0.43531354943207073,
2002-10-21,,0.5243182669073178,0.5732024539037959,
2002-10-22,,0.8247521751798452,0.8848665431770121,
2002-10-23,,0.8183492838929969,0.8773718705846649,
2002-10-24,,0.8120243008896223,0.8699801102791929,
2002-10-25,,0.6699871238023981,0.7221806907090411,
2002-10-28,,0.6996017989188479,0.7523330502051205,
2002-10-29,,0.694763974666446,0.7467859136718474,
2002-10-30,,0.6899736184018385,0.741299367152721,
2002-10-31,,0.5817489877432435,0.6289983004560192,
2002-11-01,,0.7512243582856238,0.8035661186363882,
2002-11-04,,0.8150212979473714,0.868623528121235,
2002-11-05,,1.016465419932971,1.0748423005411418,
2002-11-06,,0.9375850288275046,0.9922415361175537,
2002-11-07,,0.9986806381225003,1.053479813718642,
2002-11-08,,1.2313434713782203,1.2893045955487126,
2002-11-11,,1.0789680525907563,1.1311073756002137,
2002-11-12,,1.0680004778866625,1.1178525828057937,
2002-11-13,,0.8141509918881074,0.857914907099041,
2002-11-14,,0.9471591035696858,0.9920705343840519,
2002-11-15,,1.0778282911963788,1.1229362893347146,
2002-11-18,,1.066797195994535,1.1096526982411286,
2002-11-19,,1.090731638555217,1.1316785982773108,
2002-11-20,,1.1141258740546953,1.1529432814265252,
2002-11-21,,1.3099642778693306,1.3466692330927117,
2002-11-22,,1.3963025107380747,1.428713132022137,
2002-11-25,,1.513392953995342,1.5399232554840088,
2002-11-26,,1.3541404576405294,1.376456292208153,
2002-11-27,,1.8070359331728791,1.8165930127197785,
2002-11-28,,1.5721483065406547,1.5772454022227709,
2002-11-29,,1.6456178138322826,1.6416260059421752,
2002-11-30,,1.5181009216597336,1.5103726954283934,
2002-12-02,,1.5923689742861349,1.5756279971094052,
2002-12-03,,1.500369310840353,1.4801700662710355,
2002-12-04,,1.5092771698424745,1.482599687895161,
2002-12-05,,1.614057250690935,1.576062452225359,
2002-12-06,,1.3937344846107487,1.3597857712350374,
2002-12-09,,1.3414729472160545,1.3053721313406554,
2002-12-10,,1.3228632163081462,1.2833364661812818,
2002-12-11,,1.3685850888834443,1.3220185658642776,
2002-12-12,,1.2215350235899523,1.1793337909690365,
2002-12-13,,1.046195230395967,1.0114826801143582,
2002-12-16,,1.034887553601581,0.9985473560448436,
2002-12-17,,0.9916616799448817,0.9558482409725183,
2002-12-18,,0.7231957536582665,0.7029559276203993,
2002-12-19,,0.5546163674194525,0.544387710122282,
2002-12-20,,0.4196400681994508,0.4176271423841644,
2002-12-23,,0.44971506067310935,0.4454124349761792,
2002-12-24,,0.38049799993980854,0.3803567651904987,
2002-12-25,,3.0,0.12888849989408802,
2002-12-26,,0.06096995250009474,0.15935471381378405,
2002-12-27,,-0.08589550757582698,0.0009357206426761747,
2002-12-30,,-0.14446206262581235,-0.062494493966720424,
2002-12-31,,-0.025506637538463172,0.06508195254898094,
2003-01-01,,3.0,0.06461370090309823,
2003-01-02,,0.18041751016798283,0.38550380492514263,
2003-01-03,,0.28549318603305324,0.5114872582278014,
2003-01-06,,0.49695215401869747,0.7646227270515372,
2003-01-07,,0.5734687534903888,0.8529745114382137,
2003-01-08,,0.5689975426761341,0.8435100652640386,
2003-01-09,,0.7526623991889455,1.0571620870473895,
2003-01-10,,0.719037044627071,1.0108072302451083,
2003-01-13,,0.5776618000378887,0.8386655808842238,
2003-01-14,,0.4643684186658671,0.7016105225032516,
2003-01-15,,0.48822686879192334,0.7267496965541873,
2003-01-16,,0.5393657824614755,0.7834480720077244,
2003-01-17,,0.4801226930628242,0.7109149025061918,
2003-01-20,,0.5041350628953115,0.7358912305545942,
2003-01-21,,0.3335588976592762,0.5348059566043274,
2003-01-22,,0.3031850000166072,0.49775295688412585,
2003-01-23,,-3.0,0.5261274338732927,
2003-01-24,,0.26279550447233496,0.42354273269073983,
2003-01-27,,0.43718064671826967,0.6494650322386994,
2003-01-28,,0.4087246028091596,0.6104199090025813,
2003-01-29,,0.22790549865316742,0.3741175722875461,
2003-01-30,,-3.0,0.3711598245515967,
2003-01-31,,-0.05282083363105013,-0.06569677588808889,
2003-02-03,,-0.029524841061660086,-0.03201761055041658,
2003-02-04,,-0.19298799842029654,-0.2685831987071335,
2003-02-05,,-0.21557709976432993,-0.30124559871059736,
2003-02-06,,-0.26173056640345477,-0.367938503838277,
2003-02-07,,-0.4971792203775381,-0.7074812735798697,
2003-02-10,,-0.5653348712205238,-0.8043822673934832,
2003-02-11,,-0.3708541994501237,-0.5238044782349008,
2003-02-12,,-0.36880435697290953,-0.5205162751027381,
2003-02-13,,-0.5353844531935374,-0.7589064665854772,
2003-02-14,,-0.45944540806117296,-0.649112065490512,
2003-02-17,,-0.33511799839342493,-0.4705760702940756,
2003-02-18,,-0.33330272948552986,-0.4677396544909924,
2003-02-19,,-0.2577475455324896,-0.3594420617914185,
2003-02-20,,-0.05859274330854706,-0.07431856154346506,
2003-02-21,,-0.058439845157881073,-0.07412536779824844,
2003-02-24,,0.04175221316009271,0.06928117601994328,
2003-02-25,,-0.10952566165493198,-0.1473108189699944,
2003-02-26,,-0.08380877247352395,-0.11051877035348298,
2003-02-27,,-0.08351662056871179,-0.11012368209941373,
2003-02-28,,-0.542626772284841,-0.7660339158362834,
2003-03-03,,-0.48797747164785293,-0.6870365484877506,
2003-03-04,,-0.5876807223581322,-0.8275817152459849,
2003-03-05,,-0.5064013264977473,-0.7108408085882227,
2003-03-06,,-0.4773058527825531,-0.6686365384107511,
2003-03-07,,-0.5264026142086273,-0.7371302656267475,
2003-03-10,,-0.6013324384231256,-0.8414516063874791,
2003-03-11,,-0.4923697610243764,-0.686489247514003,
2003-03-12,,-0.6996969924204675,-0.9761068398958689,
2003-03-13,,-0.377542908600525,-0.5225269866275581,
2003-03-14,,-0.29554187145936306,-0.40710714247468777,
2003-03-17,,-0.347412966288006,-0.47968341154729083,
2003-03-18,,-0.26479806633325004,-0.36359520329394995,
2003-03-19,,-0.20930786495388728,-0.2856866085593943,
2003-03-20,,-0.20822449314489525,-0.28412890609289604,
2003-03-21,,-0.09782013018588687,-0.12928192811751715,
2003-03-24,,-0.1798217224623911,-0.24428477313102026,
2003-03-25,,-0.2341487514147996,-0.3204066494228028,
2003-03-26,,-0.1496071670682809,-0.2018800676919182,
2003-03-27,,-0.1209424544494498,-0.16170651110754355,
2003-03-28,,-0.14843738367797957,-0.20024861251096018,
2003-03-31,,0.893366960151124,1.2523838936530587,
2003-04-01,,0.8849753396181359,1.2333972834362366,
2003-04-02,,1.1278714822435068,1.5554693283315946,
2003-04-03,,1.1979935506855943,1.6349392243289418,
2003-04-04,,1.1553900664024939,1.5622337174439012,
2003-04-07,,1.444425153822476,1.924300797446439,
2003-04-08,,1.4764372837087147,1.938817888222583,
2003-04-09,,1.3441600165388092,1.7447596253509159,
2003-04-10,,1.406081199160687,1.8022148931678212,
2003-04-11,,1.195351353455476,1.5183421666621522,
2003-04-14,,1.3422837892352941,1.685940163392819,
2003-04-15,,1.2689921561558979,1.5780872741132557,
2003-04-16,,1.1709049076623903,1.4436434409773997,
2003-04-17,,1.1022532307281054,1.34857420370951,
2003-04-18,,3.0,1.355025240028476,
2003-04-21,,0.8515642462258971,1.1996287451194996,
2003-04-22,,0.867679110085552,1.2113503727295722,
2003-04-23,,0.932545287808471,1.2860642507627276,
2003-04-24,,0.898098066659497,1.230237103872492,
2003-04-25,,0.9379036499932727,1.271087363177996,
2003-04-28,,1.0014272121929397,1.3406761368201559,
2003-04-29,,0.5461307616055793,0.7501068816784233,
2003-04-30,,0.6659282224215074,0.8992360619828408,
2003-05-01,,0.4106186621544834,0.5704203555073857,
2003-05-02,,0.5579338142916607,0.7553126987038997,
2003-05-05,,0.5281952734218476,0.7144379576934812,
2003-05-06,,0.2709608280822131,0.38672854589680977,
2003-05-07,,0.2943123579707826,0.4152270820927634,
2003-05-08,,0.2664591173246391,0.3789591257816363,
2003-05-09,,0.29008043091977076,0.4077446638362115,
2003-05-12,,0.287823415166609,0.40380467760661826,
2003-05-13,,0.2596216421915161,0.36726493533935695,
2003-05-14,,0.20538422937599493,0.2981709387655401,
2003-05-15,,0.20369219105727537,0.2953088318783622,
2003-05-16,,0.017361156713754853,0.06059890718722662,
2003-05-19,,-3.0,-0.007097041879358243,
2003-05-20,,-0.039592610861267655,-0.07472590396838692,
2003-05-21,,-0.015566266065230417,-0.04120596484570195,
2003-05-22,,-0.04018511021388638,-0.07546179271388492,
2003-05-23,,-0.01589517569921989,-0.041585982145840264,
2003-05-26,,-0.08994664054823301,-0.14466242549279415,
2003-05-27,,-0.1392639211899398,-0.21324708581111104,
2003-05-28,,-0.11402461908410877,-0.17800579826269533,
2003-05-29,,-0.263629378613647,-0.38610813266983507,
2003-05-30,,-0.061642908551625325,-0.10487652425540543,
2003-05-31,,-0.38972328786657306,-0.5610291423790498,
2003-06-02,,-0.3624118279946806,-0.5226421776137916,
2003-06-03,,-0.3351614177355223,-0.4844284677847692,
2003-06-04,,-0.3335575218860889,-0.4818684662560421,
2003-06-05,,-0.2033022729296402,-0.3008545295334476,
2003-06-06,,-0.021332840986535078,-0.048188280610255756,
2003-06-09,,-0.20375956466024278,-0.301260541265113,
2003-06-10,,-0.3075708905700145,-0.44505027171235323,
2003-06-11,,-0.22731031254130227,-0.33354543376024165,
2003-06-12,,-0.2528078077400265,-0.36871131775180055,
2003-06-13,,-0.09233333920877339,-0.1461397801473799,
2003-06-16,,0.0948183056689264,0.11325014598817441,
2003-06-17,,0.3085979427731572,0.4088550166321933,
2003-06-18,,0.27937478428251405,0.36786454103277766,
2003-06-19,,0.14181493093670594,0.17748919996778487,
2003-06-20,,0.05885309632282029,0.06279021675447549,
2003-06-23,,-0.05149559807882062,-0.08964553393723532,
2003-06-24,,-0.051593606764579324,-0.08972153697250314,
2003-06-25,,0.0037223875741401262,-0.013271124493035302,
2003-06-26,,0.1704142657209973,0.21679136238378624,
2003-06-27,,-0.026929734394167355,-0.05561979607555192,
2003-06-30,,0.029133811164547295,0.021776604589173187,
2003-07-01,,-0.08463701324076112,-0.135168062014263,
2003-07-02,,-0.05610349485083838,-0.09573237009619551,
2003-07-03,,-0.08479650254541868,-0.13524879722131516,
2003-07-04,,-0.19976225004882098,-0.2937186807073336,
2003-07-07,,-0.3723777983751037,-0.531413434890378,
2003-07-08,,-0.28346291740352886,-0.40860999437697404,
2003-07-09,,-0.2530285686020541,-0.36647867650829324,
2003-07-10,,-0.22262668947752728,-0.32443619968646953,
2003-07-11,,-0.19225014519093178,-0.28246376424336184,
2003-07-14,,-0.07289551668642874,-0.11803105816045176,
2003-07-15,,0.04643746186071455,0.046282970345818235,
2003-07-16,,-0.19409889305657257,-0.28472172885118646,
2003-07-17,,-0.07282001006166253,-0.11772269738821452,
2003-07-18,,0.10904680131956626,0.13250671951158077,
2003-07-21,,0.35156044435147116,0.4653837197383916,
2003-07-22,,0.4710830215607909,0.6280860516443926,
2003-07-23,,0.344852740451563,0.45420152515222606,
2003-07-24,,0.37311358886048956,0.492016051180133,
2003-07-25,,0.09134981713165172,0.10647260386627926,
2003-07-28,,0.4331121037258597,0.5726403355362778,
2003-07-29,,0.36732657083793946,0.48193759396073477,
2003-07-30,,0.36456920307315976,0.47731387143659654,
2003-07-31,,0.5823903516675303,0.7714230974342382,
2003-08-01,,0.5144712450498615,0.6772647368401947,
2003-08-04,,0.28795990759844103,0.3696950922799516,
2003-08-05,,0.25377452802644157,0.3229805626630128,
2003-08-06,,0.12316753889640984,0.14612818658036222,
2003-08-07,,0.05731876907564821,0.057025258980889414,
2003-08-08,,0.08904968685060766,0.09986484572673336,
2003-08-11,,0.3493848937714053,0.45100489447719405,
2003-08-12,,0.2155027891378334,0.26991347234728846,
2003-08-13,,-0.05029765810660696,-0.08870547882392016,
2003-08-14,,-0.05049733334936956,-0.08892439614694556,
2003-08-15,,-0.21753198672879762,-0.3140889356314109,
2003-08-18,,-0.21677831698986957,-0.31291232503316935,
2003-08-19,,-0.45179039981004754,-0.629194632086322,
2003-08-20,,-0.2803055021897866,-0.3979274566125419,
2003-08-21,,-0.07491672673101127,-0.12123177841483555,
2003-08-22,,-0.21188711220149353,-0.3055317582664914,
2003-08-25,,-0.00470211333327466,-0.026556979771090714,
2003-08-26,,-0.316440538561767,-0.44592741396772917,
2003-08-27,,-0.31506166397777496,-0.44379775251724224,
2003-08-28,,-0.20891983275820922,-0.3008771943279029,
2003-08-29,,-0.38369744876015627,-0.5355170624165,
2003-08-31,,-0.3818520971841507,-0.532638248970942,
2003-09-01,,-0.0964254762971468,-0.1491476534007662,
2003-09-02,,0.010633090865267116,-0.0053359821228357775,
2003-09-03,,0.2251581062041428,0.2824657821718878,
2003-09-04,,0.1513456527752499,0.18326665796831715,
2003-09-05,,-0.17597019693865654,-0.25571865161423885,
2003-09-08,,-0.46643611407835006,-0.6446965768407585,
2003-09-09,,-0.28135036470403785,-0.39642468862354413,
2003-09-10,,-0.46374671544012447,-0.6401785703405775,
2003-09-11,,-0.27690404662316775,-0.38984411461902885,
2003-09-12,,-0.3499416418757163,-0.4872643374868514,
2003-09-15,,-0.31106291869565605,-0.43500082883122565,
2003-09-16,,-0.3097059118896368,-0.4329316727637887,
2003-09-17,,-0.5715396868540076,-0.781861305202706,
2003-09-18,,-0.530443085173743,-0.7261432217173025,
2003-09-19,,-0.5652810203763041,-0.771588714507189,
2003-09-22,,-0.48587187613077853,-0.6651516665340345,
2003-09-23,,-0.6740653630244283,-0.9139319447220202,
2003-09-24,,-0.4780750552923607,-0.6529514427072185,
2003-09-25,,-0.47547018537943014,-0.6488668690540097,
2003-09-26,,-0.5115783590377425,-0.6959934083661773,
2003-09-29,,-0.4309362224130729,-0.5886729499161771,
2003-09-30,,-0.7017171956747885,-0.9453347699442405,
2003-10-01,,-0.7359697355856476,-0.9885186273144425,
2003-10-02,,-0.809017123225583,-1.0821095120275164,
2003-10-03,,-0.37009164067594863,-0.5044891193686099,
2003-10-06,,-0.09047044495829065,-0.1368233554463712,
2003-10-07,,-0.2499942081524577,-0.3463445180240758,
2003-10-08,,-0.4092684895745282,-0.5552402942919473,
2003-10-09,,-0.12515824799923417,-0.1820031990417472,
2003-10-10,,-0.3273980203257676,-0.4473376098850598,
2003-10-13,,-0.12228459299211011,-0.17798189311796822,
2003-10-14,,-0.04007185660626255,-0.06999845929120987,
2003-10-15,,0.12447188767864514,0.145960101329158,
2003-10-16,,0.2888677828653205,0.3614301839533755,
2003-10-17,,0.12050471861000488,0.14061234613604698,
2003-10-20,,-0.0059909705159585476,-0.02519488632166523,
2003-10-21,,-0.13246815459282535,-0.1909250627171721,
2003-10-22,,-0.08985217822378676,-0.13497615430309642,
2003-10-23,,-0.21720004653039882,-0.30177635230130867,
2003-10-24,,-0.2590540740831053,-0.3564609772494081,
2003-10-27,,-0.21504676646933496,-0.2986615652999153,
2003-10-28,,-0.21421779902511984,-0.29744135345793715,
2003-10-29,,0.2637556259834246,0.32845192689227176,
2003-10-30,,0.5663002747365232,0.7231425211016055,
2003-10-31,,0.2563005433710166,0.3177756804729326,
2003-11-03,,0.21046098386923318,0.25777919714356307,
2003-11-04,,0.12045988776961852,0.14023107315286354,
2003-11-05,,0.38585491221473245,0.4862199956497851,
2003-11-06,,0.5611362198425309,0.7135012931123064,
2003-11-07,,0.5568123901449068,0.7065204659619836,
2003-11-10,,0.5525211147750044,0.6996165551386868,
2003-11-11,,0.5032496085789854,0.6346053942502624,
2003-11-12,,0.31837838282132847,0.39458006265003387,
2003-11-13,,-0.04859475319303335,-0.08081794243180804,
2003-11-14,,-0.32371866709023916,-0.4370032241859908,
2003-11-17,,-0.4142740534767572,-0.5538795717662975,
2003-11-18,,-0.2735048391379794,-0.3714928938888335,
2003-11-19,,-0.1793721331423263,-0.2495700156753635,
2003-11-20,,-0.17880719591334773,-0.24872610973030934,
2003-11-21,,-0.03720381637258879,-0.06547754396228375,
2003-11-24,,0.10437552465606922,0.11765788270225588,
2003-11-25,,0.008325303658378956,-0.006522210077261292,
2003-11-26,,0.10339259809010214,0.11641173998081865,
2003-11-27,,0.006324795361767105,-0.009048797834840073,
2003-11-28,,-0.1390149485556418,-0.19685485753327728,
2003-11-30,,0.20108715997759977,0.24268943197862167,
2003-12-01,,0.004353204139141304,-0.011497226206982252,
2003-12-02,,-0.04517700735740301,-0.07543604559763512,
2003-12-03,,-0.1440181016302118,-0.20304639651246983,
2003-12-04,,-0.34188295639301913,-0.45840396729127086,
2003-12-05,,-0.8364325408288051,-1.0945222322196377,
2003-12-08,,-0.5320007287924902,-0.7015807026858297,
2003-12-09,,-0.42890390076136614,-0.5684553033173143,
2003-12-10,,-0.4769864010029673,-0.6297821561873655,
2003-12-11,,-0.47440818083495606,-0.6259450979567679,
2003-12-12,,-0.37034938572690695,-0.49196682043475143,
2003-12-15,,-0.11323855559180404,-0.1617205785424367,
2003-12-16,,-0.11303365735391048,-0.16137520150045856,
2003-12-17,,-0.31931323655624533,-0.42600159058069914,
2003-12-18,,-0.05845562218402071,-0.09112066762933199,
2003-12-19,,-0.1629095645078971,-0.225080318084035,
2003-12-22,,-0.10997191574398237,-0.15706566730667434,
2003-12-23,,0.10117363256324642,0.11388392409281407,
2003-12-24,,-0.058859420439502,-0.09137197962340139,
2003-12-25,,3.0,-0.22815687578991117,
2003-12-26,,-0.6638690984539012,-0.9117737693800972,
2003-12-29,,-0.5240462998236921,-0.6993817276231372,
2003-12-30,,-0.521068020690197,-0.694770839980365,
2003-12-31,,-0.24410243655316477,-0.2754426852820219,
2004-01-01,,3.0,-0.34399966302913537,
2004-01-02,,-0.07612106046084044,0.07747931387514687,
2004-01-05,,0.20760969360249634,0.5680504158645887,
2004-01-06,,0.04303906520441732,0.281621258022596,
2004-01-07,,-0.08053325058067368,0.06657872295875457,
2004-01-08,,0.001846822756362437,0.20823641901170684,
2004-01-09,,0.001400339063810028,0.2064194615754166,
2004-01-12,,0.20904296145458426,0.563835281654462,
2004-01-13,,0.040086419382927535,0.27070945105540134,
2004-01-14,,-0.002642926986853339,0.19587721043873763,
2004-01-15,,0.12378307271924391,0.4127512066582647,
2004-01-16,,0.03762859696733483,0.26302470231161196,
2004-01-19,,0.03697019651718971,0.2607925344477506,
2004-01-20,,-0.09259015711286771,0.0366002615263417,
2004-01-21,,-0.17891869840809582,-0.11306884013405351,
2004-01-22,,-0.0915414554183462,0.03659464798625087,
2004-01-23,,-3.0,-0.0394395797836654,
2004-01-26,,0.20240063018062432,0.48870897392778156,
2004-01-27,,0.010570113983784485,0.105763117461907,
2004-01-28,,0.08672576392969172,0.2570009545443898,
2004-01-29,,-0.14499377461994054,-0.20509737534205386,
2004-01-30,,-3.0,-0.3585851189631274,
2004-01-31,,-0.38726638248853806,-0.8965544744042911,
2004-02-02,,-0.45415910426320694,-1.0428440653645727,
2004-02-03,,-0.48620029533198017,-1.1097673333101084,
2004-02-04,,-0.3790230377510516,-0.8685934079623627,
2004-02-05,,-0.3770076001008344,-0.8618387961234418,
2004-02-06,,-0.30471023870122393,-0.700274680417107,
2004-02-09,,-0.37383969156866426,-0.8511039438093759,
2004-02-10,,-0.30086539043176475,-0.688760226255388,
2004-02-11,,-0.1922836878981094,-0.448960448676606,
2004-02-12,,-0.2632205889685107,-0.6043912894420154,
2004-02-13,,-0.2619583002090254,-0.6007751102979425,
2004-02-16,,-0.2607017351692623,-0.5971884707065888,
2004-02-17,,-0.22301477474460252,-0.5138901437692773,
2004-02-18,,-0.3684339119319279,-0.8307981289583048,
2004-02-19,,-0.29291340962682555,-0.6644552641939206,
2004-02-20,,-0.2914523294717237,-0.6601911250877773,
2004-02-23,,-0.40142826548309674,-0.8975850008941839,
2004-02-24,,-0.36191019263226004,-0.8097115753029139,
2004-02-25,,-0.5098351353255274,-1.1258805553969582,
2004-02-26,,-0.39389675477984354,-0.872933937003795,
2004-02-27,,-0.35389988467842015,-0.7849760647322066,
2004-02-29,,-0.5039657277045511,-1.1031597734226881,
2004-03-01,,-0.34830571544377326,-0.7680433796601447,
2004-03-02,,-0.23128360820941254,-0.5172603430241546,
2004-03-03,,-0.26876957131059603,-0.5965291083532471,
2004-03-04,,-0.3837398516886104,-0.8397561814010682,
2004-03-05,,-0.5760834921758238,-1.2425307507149492,
2004-03-08,,-0.533356966953273,-1.1468249796541978,
2004-03-09,,-0.4123908272738434,-0.88938051287752,
2004-03-10,,-0.4888595170285674,-1.0461476374088126,
2004-03-11,,-0.5254551680339418,-1.1179391570721386,
2004-03-12,,-0.5618750911609843,-1.188070249745616,
2004-03-15,,-0.5582614952102021,-1.1749455638342108,
2004-03-16,,-0.6346403296808157,-1.3246412256757336,
2004-03-17,,-0.5500290858145193,-1.145720301154266,
2004-03-18,,-0.4658197699734453,-0.970428303838111,
2004-03-19,,-0.3818921338164989,-0.7976456624466896,
2004-03-22,,-0.46124138586500946,-0.9559008196847922,
2004-03-23,,-0.3356223655580186,-0.700081572050445,
2004-03-24,,-0.3337727175271403,-0.6951162703974639,
2004-03-25,,-0.29054783331653977,-0.6069607718359594,
2004-03-26,,-0.1225073097605745,-0.26778827188494037,
2004-03-29,,0.08737467046137934,0.15561179915928677,
2004-03-30,,0.04471844296154656,0.06968200410175543,
2004-03-31,,-0.0825631561909671,-0.18687961006511825,
2004-04-01,,-0.08221763935328164,-0.1860609871684497,
2004-04-02,,0.2601942465152695,0.503922532134937,
2004-04-05,,0.6870695963318063,1.3549306093740463,
2004-04-06,,0.5531219228789969,1.0823610905640464,
2004-04-07,,0.3766047623088862,0.72922277326598,
2004-04-08,,0.5477061903260312,1.0652573438442017,
2004-04-09,,3.0,1.223401288109949,
2004-04-12,,0.5398429525513252,1.2923935247083922,
2004-04-13,,0.6906161553256605,1.6094552696153874,
2004-04-14,,0.7625536246362131,1.7455995435590677,
2004-04-15,,0.7173993463257625,1.6298136511196952,
2004-04-16,,0.594721490225333,1.3558480155004373,
2004-04-19,,0.43353995903061343,1.0075610311654228,
2004-04-20,,0.5880582555851693,1.3255779651116038,
2004-04-21,,0.4651786896959254,1.0610747246770669,
2004-04-22,,0.34273604307564576,0.8014183813905247,
2004-04-23,,0.500129104295662,1.1244666340770746,
2004-04-26,,0.33623651008663763,0.7806099914259652,
2004-04-27,,0.2533264038238895,0.6069133597425194,
2004-04-28,,-0.032387920867297595,0.013990612356010736,
2004-04-29,,-0.19565098870486972,-0.32486792026092853,
2004-04-30,,-0.2767995525193086,-0.49315423639611095,
2004-05-03,,-0.6864621381966824,-1.334828100237669,
2004-05-04,,-0.8459045651789712,-1.6491820147249432,
2004-05-05,,-0.8390854721612147,-1.6219222892401493,
2004-05-06,,-1.1196197344818801,-2.156738663913879,
2004-05-07,,-1.3117099024282584,-2.487934880426495,
2004-05-10,,-3.0,-2.9217315131320754,
2004-05-11,,-1.3448155243396747,-2.80067492240357,
2004-05-12,,-1.4694115326690553,-2.9610567059521538,
2004-05-13,,-1.4123931182235634,-2.7680347702688803,
2004-05-14,,-1.286469131417335,-2.46766448089439,
2004-05-17,,-1.2702502059241272,-2.387142039827455,
2004-05-18,,-1.0062564753151024,-1.8708428430109398,
2004-05-19,,-0.9963727356261074,-1.830575689820257,
2004-05-20,,-1.093460781406367,-1.979468333842721,
2004-05-21,,-0.8678083054891715,-1.5605277017735515,
2004-05-24,,-1.0033063371460786,-1.781484037954396,
2004-05-25,,-0.9576283546072314,-1.683889285072104,
2004-05-26,,-0.9485161149149941,-1.65178676614147,
2004-05-27,,-0.7237653085433268,-1.2565712990415814,
2004-05-28,,-0.46444707023439363,-0.809364570155968,
2004-05-31,,-0.4979117398432706,-0.8642433853340918,
2004-06-01,,-0.3847287853322574,-0.6697114639900892,
2004-06-02,,-0.34551211166602563,-0.6019326170780527,
2004-06-03,,-0.3063824353640199,-0.5346288216629694,
2004-06-04,,0.030693451068541325,0.03891478439349607,
2004-06-07,,0.10551798821682533,0.1662717973764449,
2004-06-08,,0.3308409149102446,0.5491623745498391,
2004-06-09,,0.328979527126423,0.5455787765714573,
2004-06-10,,0.2511467097551157,0.41327761837206767,
2004-06-11,,0.21159370008357414,0.34609873576098543,
2004-06-14,,0.17207106093620142,0.2790530893584225,
2004-06-15,,0.13256833988592953,0.21209092970769128,
2004-06-16,,-0.023409357973418206,-0.05237237054089561,
2004-06-17,,-0.10130468553449525,-0.18438239496202155,
2004-06-18,,0.05627261404547401,0.08288242275346569,
2004-06-21,,-0.06234386472832696,-0.1181764776576542,
2004-06-22,,-0.06195661898233359,-0.11744628492747476,
2004-06-23,,-0.06157058699850731,-0.11671851292742216,
2004-06-24,,-0.06118576276104424,-0.11599314843709574,
2004-06-25,,-0.060802140279455956,-0.11527017831101385,
2004-06-28,,-0.1009388198929394,-0.18321459118596237,
2004-06-29,,-0.018864439417340093,-0.04404280730800721,
2004-06-30,,-0.1825053568866882,-0.32119664243231794,
2004-07-01,,-0.14028558848626818,-0.24953816825261088,
2004-07-02,,-0.18083313824756023,-0.3180257332265583,
2004-07-05,,-0.2629236795402652,-0.45659665396788024,
2004-07-06,,-0.13599863639232962,-0.24172775783194567,
2004-07-07,,-0.1351904657517106,-0.2402377076794058,
2004-07-08,,-0.17662632909674972,-0.3101269120522284,
2004-07-09,,-0.09065254586456893,-0.16470185571687762,
2004-07-12,,-0.13278471782800055,-0.23579866000793828,
2004-07-13,,-0.04614207174942086,-0.08931025298833012,
2004-07-14,,0.08365357375367156,0.13008344080137518,
2004-07-15,,0.08328095268857802,0.12950923755703478,
2004-07-16,,0.08290974373796087,0.1289373035284434,
2004-07-19,,0.12638721399695213,0.20243941995056702,
2004-07-20,,0.21391693185539215,0.35026349660579414,
2004-07-21,,0.2570888916256928,0.4230258763227434,
2004-07-22,,0.12216173709434719,0.19530608372412833,
2004-07-23,,0.2558326651561186,0.42077544051690957,
2004-07-26,,0.2994214738723724,0.4940258231849447,
2004-07-27,,0.25259089588510275,0.4149387086722398,
2004-07-28,,0.2966487566415216,0.4888992216361052,
2004-07-29,,0.4318265209955313,0.7154839459267758,
2004-07-30,,0.38344000814114293,0.6334520224227616,
2004-07-31,,0.10478654086853748,0.16559972180718335,
2004-08-02,,0.3358807611321932,0.5531775456477938,
2004-08-03,,0.24091338599688567,0.39375525946910733,
2004-08-04,,0.286386478853962,0.46976033120771155,
2004-08-05,,0.3317918324002669,0.5454271463685797,
2004-08-06,,0.09364196488684147,0.14677509070424352,
2004-08-09,,0.18821627927782433,0.30507550324553945,
2004-08-10,,0.1872162767624033,0.3033799981758471,
2004-08-11,,0.09018278575545885,0.14107469906526052,
2004-08-12,,0.08972799855093115,0.14036208030064748,
2004-08-13,,0.08927482568218224,0.1396521124799063,
2004-08-16,,0.13761814622889573,0.2205522023304301,
2004-08-17,,0.08784661361366405,0.13734833268792987,
2004-08-18,,0.03808081898118698,0.05416411024874297,
2004-08-19,,0.2361923608641598,0.38541448535099243,
2004-08-20,,0.2846961110699607,0.466266752273532,
2004-08-23,,0.33312751651550593,0.5467608189424229,
2004-08-24,,0.3312094180919241,0.5431426381364763,
2004-08-25,,0.22824300376696238,0.37131709341001684,
2004-08-26,,0.32856225745500955,0.5381604866444266,
2004-08-27,,0.47960312530846533,0.7883428492556497,
2004-08-30,,0.8336944646759278,1.369318272707134,
2004-08-31,,0.5712739093838634,0.9331011927765829,
2004-09-01,,0.46450932219442403,0.7558196860479739,
2004-09-02,,0.461581706230817,0.7497841854184569,
2004-09-03,,0.7179232533018189,1.1662584928150088,
2004-09-06,,0.9712922906678716,1.569193996120351,
2004-09-07,,0.7549157802916441,1.2123821934897314,
2004-09-08,,0.48800263712186526,0.7793540728385042,
2004-09-09,,0.37971874722525917,0.603936593445576,
2004-09-10,,0.37739261606762203,0.5995715099131084,
2004-09-13,,0.48119784514330366,0.7654428161335558,
2004-09-14,,0.3714913683092641,0.588472996900802,
2004-09-15,,0.42277049694174407,0.669953000087932,
2004-09-16,,0.36629640776273864,0.5788151523114762,
2004-09-17,,0.472138525410824,0.7471670218667676,
2004-09-20,,0.36049579103343427,0.568055027181281,
2004-09-21,,0.24906449971463923,0.38983871302723705,
2004-09-22,,0.24756889670915988,0.3873047957229843,
2004-09-23,,0.30125180899341614,0.4727151852236733,
2004-09-24,,0.13302436999944633,0.2043395433717096,
2004-09-27,,-0.14675071082459198,-0.2418629122740849,
2004-09-28,,-0.20212798021398304,-0.33004192719729647,
2004-09-29,,0.02436563590510603,0.031135950474561205,
2004-09-30,,-0.20256000874321506,-0.33053794473990095,
2004-10-01,,-0.08762774597921529,-0.14728521746236087,
2004-10-04,,-0.3162476335305017,-0.5112660171761844,
2004-10-05,,-0.3145311912488022,-0.5081292631722456,
2004-10-06,,-0.08156118271607023,-0.1372827397736476,
2004-10-07,,0.09323978211512352,0.14094929911451684,
2004-10-08,,-0.024280621678468527,-0.0460266467259933,
2004-10-11,,0.034529821532042704,0.04760792408853917,
2004-10-12,,-0.024841990011917905,-0.046828472089620585,
2004-10-13,,0.034601404379421996,0.0478110246400346,
2004-10-14,,-0.2642328625909407,-0.42747862783784024,
2004-10-15,,-0.2028573513229352,-0.3297175858055236,
2004-10-18,,-0.32240979980628426,-0.5193909700277523,
2004-10-19,,-0.26007278482453,-0.4200991285980966,
2004-10-20,,-0.4412479847877175,-0.7068196163772905,
2004-10-21,,-0.31640753256898685,-0.5084274967591426,
2004-10-22,,-0.3146720644350061,-0.505282579734028,
2004-10-25,,-0.25118003956352464,-0.4045058376535457,
2004-10-26,,0.060789791081748645,0.08938916370860842,
2004-10-27,,0.3101512909989128,0.4838304737222662,
2004-10-28,,0.12006867631867288,0.18316166622892585,
2004-10-29,,0.2455093617903071,0.3814512471510109,
2004-10-31,,-0.00961935791682329,-0.021879188399072158,
2004-11-01,,0.05412188454555157,0.0789400805903579,
2004-11-02,,-0.010365175621467946,-0.02297178867404414,
2004-11-03,,0.054062733041793994,0.07893010733763986,
2004-11-04,,-0.07591297818892458,-0.12650977536096217,
2004-11-05,,0.7046628425537034,1.1037082487154521,
2004-11-08,,0.6343517355970012,0.9901943823989383,
2004-11-09,,0.5644964878092973,0.8785334590329826,
2004-11-10,,0.6261680846973191,0.9726142207873759,
2004-11-11,,0.8186205477658633,1.2677472697625274,
2004-11-12,,0.6802529207436667,1.0491180462245648,
2004-11-15,,0.7412032552953003,1.1395054835929153,
2004-11-16,,0.8015487230961079,1.2275728227840896,
2004-11-17,,0.9273537462933531,1.4132978206719038,
2004-11-18,,0.7862194050892439,1.192437595198246,
2004-11-19,,0.9791739579021348,1.477627141802053,
2004-11-22,,0.9697955801118858,1.4547869354085594,
2004-11-23,,0.8273536963412396,1.2348341384624675,
2004-11-24,,0.686397669573451,1.0202906299791155,
2004-11-25,,0.7483678648746093,1.109157707959439,
2004-11-26,,0.7423578540594191,1.0964616077705618,
2004-11-29,,0.9387795165661071,1.381052768005268,
2004-11-30,,-0.08918157032616715,-0.13887287825140612,
2004-12-01,,-0.020393685691016995,-0.037125238671987706,
2004-12-02,,-0.08942556296211163,-0.1391408980394248,
2004-12-03,,-0.29690968482938807,-0.44565033491175005,
2004-12-06,,-0.711817484283425,-1.055932785537121,
2004-12-07,,-0.5678023487391575,-0.8422349974529245,
2004-12-08,,-0.7038213998474547,-1.0396363606192152,
2004-12-09,,-0.9082575287271835,-1.3338649664550177,
2004-12-10,,-0.9005892345063418,-1.3171267706034517,
2004-12-13,,-0.8230417011984089,-1.2001370653599148,
2004-12-14,,-0.9568130179851663,-1.3876428436637902,
2004-12-15,,-1.0183958651853073,-1.4688821907169591,
2004-12-16,,-0.7275889574118565,-1.0486417592477713,
2004-12-17,,-0.7930055382656015,-1.1387930008572174,
2004-12-20,,-0.9989668790646242,-1.4258787296829172,
2004-12-21,,-0.7773708739780879,-1.1078657660375668,
2004-12-22,,-0.7714455169595522,-1.0963538187751678,
2004-12-23,,-0.836898768099744,-1.1848715443905231,
2004-12-24,,3.0,-1.3701419938815975,
2004-12-27,,-0.6359303411501643,-0.9545902969558341,
2004-12-28,,-0.750111373823713,-1.145487969496579,
2004-12-29,,0.21003681461890591,0.4794448859141803,
2004-12-30,,0.14867679795608177,0.37487288602512,
2004-12-31,,-0.33525748466698263,-0.44385682592182735,
2005-01-03,,-0.0301751426715547,0.07130253864217288,
2005-01-04,,-0.03015915165727708,0.0708065615344851,
2005-01-05,,-0.3366817097645908,-0.4476832708340928,
2005-01-06,,-0.39641334487180396,-0.5488383966427475,
2005-01-07,,-0.14672056023537489,-0.12777510806594541,
2005-01-10,,-0.14606424687292494,-0.12719050456353886,
2005-01-11,,-0.20796719031366734,-0.23223171475046622,
2005-01-12,,-0.2069589468990586,-0.23104540804394208,
2005-01-13,,-0.2691403839266092,-0.336505458237308,
2005-01-14,,-0.45808648268962104,-0.6553982541347897,
2005-01-17,,-0.4553831154166759,-0.650798666243635,
2005-01-18,,-0.4526963104469662,-0.6462401025979976,
2005-01-19,,-0.5142436137910116,-0.7494237886722641,
2005-01-20,,-0.5110623713600518,-0.7436951105941025,
2005-01-21,,-0.5079027914127232,-0.7380270809004649,
2005-01-24,,-3.0,-0.6237468361275755,
2005-01-25,,-0.35903509011172224,-0.728499001230786,
2005-01-26,,-0.24687572481155712,-0.5039740446426818,
2005-01-27,,-0.3561488192969803,-0.72071799386122,
2005-01-28,,-0.3540754294044878,-0.7152834708182916,
2005-01-31,,-0.2961742547964061,-0.5993381838430067,
2005-02-01,,-0.46275143407249714,-0.9274471658943657,
2005-02-02,,-0.5161324081341185,-1.0294069797512604,
2005-02-03,,-0.05997333399807809,-0.12910774888367502,
2005-02-04,,0.05430635735354137,0.09646852482013671,
2005-02-07,,0.05402125096800002,0.09596449687472358,
2005-02-08,,0.053737109367278615,0.09546222679415936,
2005-02-09,,-0.06233407049205502,-0.13350230047709527,
2005-02-10,,0.054407352687193884,0.09689748088709421,
2005-02-11,,0.11262901611189209,0.2118019043607664,
2005-02-14,,0.17083409313163728,0.32657566622911627,
2005-02-15,,0.16990482055868525,0.32469383097005383,
2005-02-16,,0.34713558469051015,0.6731535591741257,
2005-02-17,,0.2854580798462866,0.5512573460725727,
2005-02-18,,0.4635700127331127,0.8991933238231629,
2005-02-21,,0.46066673484672394,0.8912336855467125,
2005-02-22,,0.33692295082948653,0.6483323693129984,
2005-02-23,,0.21337032201124181,0.40680970932782345,
2005-02-24,,0.2732833048776096,0.523374624936838,
2005-02-25,,0.1488517592111619,0.2806315658985773,
2005-02-28,,0.08623748210218539,0.1585658660722271,
2005-03-01,,0.3960718148303484,0.7613595703305793,
2005-03-02,,0.5181415424630588,0.9957549355443066,
2005-03-03,,0.45227337164903714,0.865889891095994,
2005-03-04,,0.13507435846368304,0.25203517373761297,
2005-03-07,,0.3871699106456827,0.7385255655023251,
2005-03-08,,0.3213384357455879,0.610682135322457,
2005-03-09,,0.44695616662544246,0.8510225227405869,
2005-03-10,,0.38010620244494675,0.7211875039638891,
2005-03-11,,0.31341052234274736,0.5924168787480428,
2005-03-14,,-0.07706555791625373,-0.15681641315520906,
2005-03-15,,-0.2720456758009047,-0.5304180381077582,
2005-03-16,,-0.7922534734266212,-1.5164003133907786,
2005-03-17,,-1.1104124059126064,-2.0919644563804938,
2005-03-18,,-0.9693735534689248,-1.8082577432517497,
2005-03-21,,-1.3480241123262098,-2.462600856233191,
2005-03-22,,-1.394685131799391,-2.497203806476477,
2005-03-23,,-1.7557575805352874,-3.0,
2005-03-24,,-1.661493763170581,-2.8151666406012654,
2005-03-25,,3.0,-2.9006530155113204,
2005-03-28,,-1.6224702342739725,-2.8751257491324402,
2005-03-29,,-1.6485728916233533,-2.848270330077993,
2005-03-30,,-1.5681471687173711,-2.643771513500842,
2005-03-31,,-1.7518376386515053,-2.890797231457721,
2005-04-01,,-1.7194699230520523,-2.767949653377575,
2005-04-04,,-1.8921655534333282,-2.974462085821946,
2005-04-05,,-1.9030632580495066,-2.914756869916375,
2005-04-06,,-1.8630888065785374,-2.7846634319273513,
2005-04-07,,-1.8741287398370563,-2.7391198118466713,
2005-04-08,,-1.4919736220474795,-2.130803452457097,
2005-04-11,,-1.6163847699598775,-2.281752816175989,
2005-04-12,,-1.393502608315152,-1.9322614683769062,
2005-04-13,,-1.1282012254614808,-1.535229014079032,
2005-04-14,,-0.9672243509023556,-1.296086092389963,
2005-04-15,,-1.1061106732220292,-1.4866780029066224,
2005-04-18,,-1.4373723382597734,-1.9394244807229026,
2005-04-19,,-1.2698249408357334,-1.6882873282523962,
2005-04-20,,-0.9593167512472952,-1.2468230995264507,
2005-04-21,,-0.40443262737156405,-0.47134860152768854,
2005-04-22,,-0.3516249728504995,-0.3976851164051333,
2005-04-25,,-3.0,-0.39444270164675743,
2005-04-26,,-0.16181884642626326,-0.25037288511970823,
2005-04-27,,-0.024883217378031935,-0.03567950710334568,
2005-04-28,,-0.20637234561461293,-0.3198113870890294,
2005-04-29,,0.023671041376491266,0.04054595505145459,
2005-04-30,,-0.06808549197877799,-0.10308868592464521,
2005-05-02,,0.025010487470456363,0.04271750524327412,
2005-05-03,,0.07164025229821332,0.1157368503619629,
2005-05-04,,0.07156241170008451,0.11562088976438648,
2005-05-05,,0.024534309347538166,0.04201873606126269,
2005-05-06,,0.07191237420515152,0.11619153622723265,
2005-05-09,,0.2615824649697319,0.4129114459008032,
2005-05-10,,0.16508723352698243,0.26188398415353425,
2005-05-11,,-0.1710485174839572,-0.2637439397922042,
2005-05-12,,0.1193048408115573,0.19026385233681914,
2005-05-13,,0.21582630590415697,0.3410787576518889,
2005-05-16,,0.5066208599033654,0.7943566204619227,
2005-05-17,,0.4061524972028727,0.6369377976738076,
2005-05-18,,0.10950366870755596,0.1744699645677873,
2005-05-19,,0.05982849331464366,0.09704444814216466,
2005-05-20,,0.15909559130550152,0.25172926974738813,
2005-05-23,,0.15853022177666687,0.25080828573911573,
2005-05-24,,0.057636819447118647,0.09360608133604162,
2005-05-25,,0.20891045223048496,0.32921295726862204,
2005-05-26,,0.4611991268102275,0.7212650555761949,
2005-05-27,,0.5601695192085346,0.8735398152897458,
2005-05-30,,0.6585548051520782,1.0235264518809704,
2005-05-31,,0.6541716762852126,1.0140630515962863,
2005-06-01,,0.3932695090735621,0.6106829136863597,
2005-06-02,,0.4428283209251985,0.6863323882881907,
2005-06-03,,0.5957647442769605,0.9199841454068259,
2005-06-06,,0.27977686943853447,0.43402577746802873,
2005-06-07,,0.12125792462811862,0.19042898355785165,
2005-06-08,,0.22623318186256683,0.3516103100634328,
2005-06-09,,0.3839817639227785,0.5934017487416152,
2005-06-10,,0.5412158438063138,0.833249205394942,
2005-06-13,,0.8036176166891073,1.2303487783749987,
2005-06-14,,0.7442736685039073,1.1360114076612153,
2005-06-15,,0.8986852015070264,1.3640798065200892,
2005-06-16,,0.9443784776597394,1.4255308010674932,
2005-06-17,,0.8827253232818048,1.3266469345384424,
2005-06-20,,0.7682680043394557,1.1513194743278938,
2005-06-21,,0.7087014708437421,1.0593923462928698,
2005-06-22,,0.6496212700222093,0.9691853430804656,
2005-06-23,,0.5909454251227064,0.8803886485738522,
2005-06-24,,0.36878124017510544,0.5509508204756921,
2005-06-27,,0.09194344790735028,0.14124095410954668,
2005-06-28,,0.31270590148782773,0.46768485183725256,
2005-06-29,,0.532874303401907,0.792082839639975,
2005-06-30,,0.47396068876705977,0.7042201022909037,
2005-07-01,,0.5828623088444884,0.8632080607332666,
2005-07-04,,0.4108378570725407,0.6094330725259451,
2005-07-05,,0.5212591363692186,0.7706742081082909,
2005-07-06,,0.5180501634250875,0.7648413675290919,
2005-07-07,,0.5148633783927504,0.7590727163635842,
2005-07-08,,0.7962877545050187,1.1669754364277993,
2005-07-11,,0.6190193108751152,0.9064851424172437,
2005-07-12,,0.6148617534850513,0.8985878476753966,
2005-07-13,,0.668244226120482,0.9737714505771988,
2005-07-14,,0.6635514785781921,0.964674276086482,
2005-07-15,,0.658901483119137,0.9557179002158522,
2005-07-18,,0.6542934858064003,0.9468982692978727,
2005-07-19,,0.4161605207096713,0.6037210027920215,
2005-07-20,,0.5311487573074969,0.7678608398527906,
2005-07-21,,0.8216085653282114,1.1804897846599467,
2005-07-22,,0.5203982167812277,0.7486700872556634,
2005-07-25,,0.6947734788312138,0.9951393754658359,
2005-07-26,,0.8082485376399706,1.1527962505042793,
2005-07-27,,0.6234078610055971,0.8886235648101756,
2005-07-28,,0.4395711962537313,0.6275793419386734,
2005-07-29,,0.7970858410525632,1.1297555705109121,
2005-07-31,,0.12747502653017345,0.1853084033519686,
2005-08-01,,0.18760307274950103,0.2700472649386754,
2005-08-02,,0.18660146272247025,0.2685769614801529,
2005-08-03,,0.24700730341247532,0.35361431814588545,
2005-08-04,,0.3690014857181742,0.5251652864460592,
2005-08-05,,0.24290453923163421,0.34746353949893033,
2005-08-08,,0.17924136363490162,0.25777962262810983,
2005-08-09,,-0.07243586368995385,-0.09650257466701766,
2005-08-10,,-0.07204037103378888,-0.09595271023088017,
2005-08-11,,-0.19831705539400388,-0.273653253531202,
2005-08-12,,-0.3880329309483492,-0.5402410340375682,
2005-08-15,,-0.3857064092679252,-0.5365746352684416,
2005-08-16,,-0.25501491716401076,-0.3528190205617954,
2005-08-17,,-0.18900833980808995,-0.2600577904696426,
2005-08-18,,-0.4473250343623715,-0.6222391220279968,
2005-08-19,,-0.2491817731241424,-0.3441262503290164,
2005-08-22,,-0.31324437851641024,-0.43377365650667604,
2005-08-23,,-0.3771841923084809,-0.523043055316614,
2005-08-24,,-0.4409498273835777,-0.6117796522108886,
2005-08-25,,-0.3718561039287333,-0.5147196943597664,
2005-08-26,,-0.43626232148909183,-0.6042220259894441,
2005-08-29,,-0.09841084456417028,-0.1321422451770334,
2005-08-30,,-0.23267642341038028,-0.31965647333701824,
2005-08-31,,-0.5020004267890467,-0.6949796869605133,
2005-09-01,,-0.49872542269472786,-0.6895495780075463,
2005-09-02,,-0.49547204146285023,-0.6841723493695478,
2005-09-05,,-0.6289900926170839,-0.8682792760350263,
2005-09-06,,-0.4872454043838261,-0.6705933535567257,
2005-09-07,,-0.20772594507913444,-0.2827284768408175,
2005-09-08,,-0.2064924332386621,-0.28095521100952053,
2005-09-09,,-0.06547425340621557,-0.08540062174663823,
2005-09-12,,0.2862966549305349,0.402254130670818,
2005-09-13,,0.07296027418480645,0.1065131083222766,
2005-09-14,,0.2146457565240794,0.30284617554259385,
2005-09-15,,0.21355642950339776,0.30126895659922764,
2005-09-16,,0.4989616467005883,0.6959598543951684,
2005-09-19,,0.4958852460730713,0.6909442233788001,
2005-09-20,,0.5649308935921076,0.7852870773569877,
2005-09-21,,0.4888682171844646,0.6795543638852781,
2005-09-22,,0.41308615307181706,0.574605524648598,
2005-09-23,,0.5568196230676625,0.7716182665645436,
2005-09-26,,0.47986697442768145,0.665039442612225,
2005-09-27,,0.5505770014251978,0.7612282934148582,
2005-09-28,,0.6946944846242982,0.9570545732941774,
2005-09-29,,1.1315391311568286,1.5468564661001578,
2005-09-30,,1.192705508754481,1.6202430833706352,
2005-10-03,,1.1793287144128464,1.5927278641552571,
2005-10-04,,1.0931161628114727,1.4693318742265986,
2005-10-05,,0.7140234250955609,0.959534978454429,
2005-10-06,,0.18815188029329333,0.25662999151189914,
2005-10-07,,-0.037755298914129855,-0.0452684772880243,
2005-10-10,,-0.11293194796808717,-0.1457322923439614,
2005-10-11,,-0.11234692503805344,-0.14495262012223387,
2005-10-12,,-0.18790135847569392,-0.24588727639486033,
2005-10-13,,-0.8730628743866934,-1.1578557333927142,
2005-10-14,,-1.1684313157401143,-1.5431020367127053,
2005-10-17,,-1.0045346464834237,-1.3208253407031212,
2005-10-18,,-0.8431244014465336,-1.1047995798557955,
2005-10-19,,-1.0641972169778404,-1.389855048949961,
2005-10-20,,-0.7488855718579991,-0.974518441700278,
2005-10-21,,-0.8961237632854868,-1.1636177072114593,
2005-10-24,,-0.8882886283081964,-1.1500332763220384,
2005-10-25,,-0.6499083603194692,-0.8387427417112384,
2005-10-26,,-0.567852102928489,-0.7313273279453733,
2005-10-27,,-0.7192472704472592,-0.9258802389158938,
2005-10-28,,-0.7137681096676517,-0.9170619105819398,
2005-10-31,,-0.7863113484920238,-1.0084955712799117,
2005-11-01,,-0.7799744846613678,-0.998103964559342,
2005-11-02,,-0.6953062013290214,-0.8876180903236641,
2005-11-03,,-0.4534618526602004,-0.5766227458704964,
2005-11-04,,-0.13268445738166615,-0.16502648737834857,
2005-11-07,,-0.05187845307373742,-0.06135849297005388,
2005-11-08,,-0.13186821236821097,-0.1639714142160671,
2005-11-09,,-0.05021692416699555,-0.05922982779592258,
2005-11-10,,0.03143074382470911,0.04550112574586466,
2005-11-11,,0.764697019737011,0.9843115538166682,
2005-11-14,,1.0830823074751514,1.3867668218904752,
2005-11-15,,0.7479016556467628,0.957547647680477,
2005-11-16,,0.41497360320266463,0.5333469607984972,
2005-11-17,,0.6593848647917326,0.8432436004995342,
2005-11-18,,0.572337798996488,0.731872837274777,
2005-11-21,,0.7341012335936903,0.9356757994150795,
2005-11-22,,0.4795058121218254,0.6125553403838314,
2005-11-23,,0.22557592922433073,0.29089193663298524,
2005-11-24,,0.22440337799637125,0.2893545280987089,
2005-11-25,,0.3078248768015962,0.3948562460095195,
2005-11-28,,0.39109059767453863,0.5000110580411288,
2005-11-29,,0.38883341673270666,0.49691856852026656,
2005-11-30,,0.12917554377581145,0.16854043406384514,
2005-12-01,,0.04221257643098476,0.05856460294786486,
2005-12-02,,0.12882771146166266,0.1680739116740784,
2005-12-05,,0.1281901762224418,0.16725092275435766,
2005-12-06,,0.03985515086175964,0.055552415349214866,
2005-12-07,,0.12786259716614978,0.16681073376441474,
2005-12-08,,-0.3158210271445214,-0.3940274491967816,
2005-12-09,,-0.1359356730386016,-0.16666308182519293,
2005-12-12,,-0.13514780899374568,-0.16566416177099852,
2005-12-13,,-0.314259625373624,-0.3919023408365494,
2005-12-14,,-0.4929223584969923,-0.6171538011510295,
2005-12-15,,-0.3084376937680596,-0.3841431312431944,
2005-12-16,,-0.48880339998426425,-0.6113172545585327,
2005-12-19,,-0.394194053439156,-0.49176447121416966,
2005-12-20,,-0.2998012521721375,-0.37267741070985705,
2005-12-21,,-0.20552903311126935,-0.25384947418162873,
2005-12-22,,-0.2972756739107957,-0.36934513043444783,
2005-12-23,,-0.4821221573581119,-0.6017418043385627,
2005-12-26,,3.0,-0.5973784569236886,
2005-12-27,,-0.6824516711054094,-0.9459217049807754,
2005-12-28,,-0.6026315288188537,-0.8193549121067139,
2005-12-29,,-0.5984863570074158,-0.8122687980413613,
2005-12-30,,-0.4432914607736195,-0.5683175563216448,
2005-12-31,,-0.21242551833937445,-0.20587818883664633,
2006-01-02,,3.0,-0.08425504665960482,
2006-01-03,,-0.11599577027557396,0.03735229618122912,
2006-01-04,,-0.05044163029566702,0.15894238506608285,
2006-01-05,,0.1457180530538982,0.5244400273576612,
2006-01-06,,0.14490450817938622,0.5212444210862105,
2006-01-09,,0.14409383440100443,0.5180710812721934,
2006-01-10,,0.14328601573277328,0.5149197151035098,
2006-01-11,,0.342380976719821,0.8822903039589818,
2006-01-12,,0.20647305107845013,0.6276328315097759,
2006-01-13,,0.20530125568212304,0.6234194039696015,
2006-01-16,,0.13646178716385535,0.49430228688674616,
2006-01-17,,-2.451790871364859,-3.0,
2006-01-18,,0.158752305355676,0.4998353672139192,
2006-01-19,,0.2916883725183708,0.730250420282469,
2006-01-20,,0.42435247238620594,0.9579600736387219,
2006-01-23,,-3.0,1.0654708027972768,
2006-01-24,,0.4855939593315529,1.054763881697102,
2006-01-25,,0.5412769802794378,1.1601916909986778,
2006-01-26,,0.65551294597418,1.3779076053451393,
2006-01-27,,0.6508315861915744,1.3593521896830212,
2006-01-30,,0.40880673244131327,0.881069809577541,
2006-01-31,,-3.0,0.1730071144594403,
2006-02-01,,0.25776150687439187,0.525079451404612,
2006-02-02,,0.20311281310675006,0.4037452630876608,
2006-02-03,,0.20205063285195254,0.401387700979477,
2006-02-06,,0.20099263977518486,0.3990431205017355,
2006-02-07,,0.14583440364049544,0.27691620162470526,
2006-02-08,,0.1450927829325245,0.27541197940690937,
2006-02-09,,0.08967004018793984,0.1528112449813406,
2006-02-10,,0.25411450962010435,0.5168703540865839,
2006-02-13,,0.36311742915210776,0.7568638842455488,
2006-02-14,,0.36102230865331186,0.7509927554349183,
2006-02-15,,2.4133842284623093,3.0,
2006-02-16,,0.3257747654603936,0.6289135022755462,
2006-02-17,,0.15944925314881342,0.2892017919669713,
2006-02-20,,0.10345288646194258,0.174980403853928,
2006-02-21,,0.10289910315226933,0.17399384236929502,
2006-02-22,,0.04662109483195758,0.059234112968471864,
2006-02-23,,0.15840711114369915,0.28757979412087487,
2006-02-24,,0.21383840320793351,0.4006819150328799,
2006-02-27,,0.3257569564123577,0.6283420042002752,
2006-02-28,,0.09649339139952152,0.16135497570321658,
2006-03-01,,0.4386787922009844,0.856502013328119,
2006-03-02,,0.32131702102472803,0.6173506150490979,
2006-03-03,,0.2617992517410792,0.4962949446373645,
2006-03-06,,0.14436815489332194,0.25826255377666874,
2006-03-07,,-0.14794368595301047,-0.3340703915498742,
2006-03-08,,-0.3813871221018751,-0.8051669141468392,
2006-03-09,,-0.4379004648159612,-0.9165729394191208,
2006-03-10,,-0.3762098171417443,-0.7903122720810098,
2006-03-13,,-0.3739953019913924,-0.7840067257098629,
2006-03-14,,-0.5503977086724494,-1.1328259064952262,
2006-03-15,,-0.5467540645505398,-1.1204389536288801,
2006-03-16,,-0.6629152122373267,-1.3428640692884817,
2006-03-17,,-0.5980496169291099,-1.2082555289763024,
2006-03-20,,-0.5939231856443831,-1.1939884602990267,
2006-03-21,,-0.4686182284677404,-0.9455955198035112,
2006-03-22,,-0.5873914275526094,-1.171514000808816,
2006-03-23,,-0.3387493201130975,-0.6873892040600867,
2006-03-24,,-0.8273555988793886,-1.619483196622667,
2006-03-27,,-0.759186380048132,-1.47704432487285,
2006-03-28,,-0.9371802083433274,-1.7958831008364404,
2006-03-29,,-0.7442316833961085,-1.4218532538724813,
2006-03-30,,-0.6147726623114315,-1.17361688563319,
2006-03-31,,-0.7963788558019815,-1.4999961139053026,
2006-04-03,,-0.7277407436920709,-1.3640109511926812,
2006-04-04,,-0.7220625312980837,-1.3448632089093133,
2006-04-05,,-0.5286379147239033,-0.988139110709171,
2006-04-06,,-0.2728654701300819,-0.5221003643386689,
2006-04-07,,-0.20775397717554198,-0.40335911205480746,
2006-04-10,,-0.33401229462095516,-0.6316199003619246,
2006-04-11,,-0.4599325501760072,-0.8575856653895364,
2006-04-12,,-0.2640350757496838,-0.5025458593474722,
2006-04-13,,-0.19772915087208698,-0.38233980026032705,
2006-04-14,,3.0,-0.027466652897199507,
2006-04-17,,-0.2858057285736787,-0.49907768359766896,
2006-04-18,,-0.2841114052019691,-0.49554493594731397,
2006-04-19,,-0.22506365927603222,-0.3732545297695423,
2006-04-20,,-0.16606688809189346,-0.2512546850865783,
2006-04-21,,-0.33893613711874415,-0.609290937532754,
2006-04-24,,-0.04564908564278735,-0.0023875453846354195,
2006-04-25,,0.013267047292599898,0.11919588212484448,
2006-04-26,,-0.04562188083769957,-0.0031409933217343795,
2006-04-27,,-0.10450512974855969,-0.12545464998507388,
2006-04-28,,-0.16337085039999902,-0.24767471808859068,
2006-04-30,,0.07692572476843405,0.24927393718787966,
2006-05-01,,0.19688109387509528,0.4966824617363708,
2006-05-02,,0.1354503484674071,0.369081583792898,
2006-05-03,,0.3170256435148256,0.7424905048291047,
2006-05-04,,0.3762793504523691,0.8620455246685603,
2006-05-05,,0.2515666928757475,0.6042958914857117,
2006-05-08,,0.37343867930364805,0.8521137251414163,
2006-05-09,,0.49494260827254116,1.096073454016432,
2006-05-10,,0.4298170989828957,0.9596516984386997,
2006-05-11,,0.3648845161696658,0.8251906219990637,
2006-05-12,,-3.0,0.5653382913735626,
2006-05-15,,0.15710618196204496,0.3064977790016884,
2006-05-16,,0.15636126711115886,0.30494025781317485,
2006-05-17,,0.04337406103901251,0.04506076598600613,
2006-05-18,,-0.1824350163717796,-0.47408997247711576,
2006-05-19,,-0.18133349103426127,-0.470864279408912,
2006-05-22,,-0.4648429314115453,-1.1166106054349363,
2006-05-23,,-0.6328426336611421,-1.4877146717802612,
2006-05-24,,-0.9130853110964583,-2.0876170324521572,
2006-05-25,,-0.7336403366653027,-1.6690134176357476,
2006-05-26,,-0.727791653895384,-1.638706406351666,
2006-05-29,,-0.722003586973497,-1.6095461813887395,
2006-05-30,,-0.773857407375593,-1.702258417103155,
2006-05-31,,-0.6519094925226194,-1.4296093347956473,
2006-06-01,,-0.7629087999060321,-1.6475657049845749,
2006-06-02,,-0.9882138590679442,-2.0856226632533934,
2006-06-05,,-0.8045931713270746,-1.6870591830805843,
2006-06-06,,-0.9138933459272494,-1.8843890087444874,
2006-06-07,,-0.905292173968367,-1.8424959774108172,
2006-06-08,,-1.0710382986190552,-2.1349654884251676,
2006-06-09,,-1.1751456546818044,-2.292339619192514,
2006-06-12,,-0.9876323731952815,-1.9050741022514788,
2006-06-13,,-0.9776283568086678,-1.8608944798622333,
2006-06-14,,-0.851375720933891,-1.608066945446481,
2006-06-15,,-0.8436364686529891,-1.5780105554220034,
2006-06-16,,-0.5424708412026101,-1.0202904642244415,
2006-06-19,,-0.5384873555538077,-1.008410105681238,
2006-06-20,,-0.3563514780693934,-0.6749798439250004,
2006-06-21,,-0.5329175038048978,-0.9915419935552677,
2006-06-22,,-0.16923144530379214,-0.33251685291649086,
2006-06-23,,-0.4694303104509862,-0.8726119356586677,
2006-06-26,,-0.5868666034217904,-1.078951593337137,
2006-06-27,,-0.7637932097284059,-1.3857753115810099,
2006-06-28,,-0.6360379154750124,-1.1513526763679809,
2006-06-29,,-0.6918505797646329,-1.2422339508239648,
2006-06-30,,-0.6861696314326827,-1.2243773429031486,
2006-07-03,,-0.49672326345033,-0.888740083536647,
2006-07-04,,-0.5546474659976622,-0.9855542858366879,
2006-07-05,,-0.17882911881918545,-0.33062329305306426,
2006-07-06,,-0.23979407367595906,-0.4359783574772593,
2006-07-07,,-0.05003075344966617,-0.10586568571243193,
2006-07-10,,0.13969465206638823,0.22397899757642595,
2006-07-11,,0.07596634425505314,0.1133393725052361,
2006-07-12,,0.3941769229120836,0.665624552201314,
2006-07-13,,0.20044087752637352,0.3293651952768101,
2006-07-14,,0.07109952477188479,0.10504730789844861,
2006-07-17,,0.00643548039444788,-0.006999262062957234,
2006-07-18,,0.13677839198996802,0.21919074577118058,
2006-07-19,,0.13641648090067507,0.21863410984256318,
2006-07-20,,0.33298817926231167,0.5591842375230511,
2006-07-21,,0.4632145392168631,0.7836766117009794,
2006-07-24,,0.7906045726231727,1.343423320709906,
2006-07-25,,0.9822606517107747,1.6603738615322685,
2006-07-26,,1.104852012306179,1.8515665179771954,
2006-07-27,,0.9624647644989844,1.5995141078351478,
2006-07-28,,0.8881086327519422,1.4661262985902774,
2006-07-31,,0.9469554827588273,1.5539120936062307,
2006-08-01,,0.9387761607902363,1.5305311082946327,
2006-08-02,,0.9307161944839631,1.507909918734241,
2006-08-03,,0.7231846035522533,1.1645689943543447,
2006-08-04,,0.5841848360960443,0.936168335436964,
2006-08-07,,0.8491088989824476,1.359823640754408,
2006-08-08,,0.6406035605340025,1.0201319288647472,
2006-08-09,,0.7714962025019012,1.2262389789006378,
2006-08-10,,0.7657846750790068,1.2123981872124954,
2006-08-11,,1.0981034374011507,1.7293832084316794,
2006-08-14,,1.1543040192053784,1.8023180850391587,
2006-08-15,,1.0073928609497607,1.5613099285885512,
2006-08-16,,0.7949566152571833,1.2251309772214722,
2006-08-17,,1.0601512053159357,1.6255162534694167,
2006-08-18,,0.9820731626376386,1.4961594917215946,
2006-08-21,,0.9731099885931664,1.4738996576068848,
2006-08-22,,0.8962815503386191,1.350367872407919,
2006-08-23,,0.8204446141421189,1.230554885899259,
2006-08-24,,0.7454270671779213,1.113747993751799,
2006-08-25,,0.6021720116164528,0.8963825402875373,
2006-08-28,,0.8054625054961609,1.197231139364121,
2006-08-29,,0.7299675078298086,1.0810662047092234,
2006-08-30,,0.7245989943713925,1.069934759982286,
2006-08-31,,0.4400264927409654,0.6462121943887273,
2006-09-01,,0.2968220623102045,0.4333748311866578,
2006-09-04,,0.5071641527787324,0.7446465067678655,
2006-09-05,,0.29122456173411754,0.4243979793195717,
2006-09-06,,0.43231517473880826,0.632878734936905,
2006-09-07,,0.21480063091086396,0.31087693914907866,
2006-09-08,,0.06949882190957375,0.09588169363922718,
2006-09-11,,-0.0032876028187781166,-0.011792763593374734,
2006-09-12,,-0.14895273925127386,-0.22726924713273497,
2006-09-13,,-0.0015203569274812015,-0.009086976622665048,
2006-09-14,,0.14589889814288237,0.20905417842722768,
2006-09-15,,-0.07692819909297827,-0.1205560588704295,
2006-09-18,,0.07245460027222518,0.1004715835003647,
2006-09-19,,-0.3018875405565857,-0.45295141465857125,
2006-09-20,,-0.30006741733524306,-0.44991508837312055,
2006-09-21,,-0.599696205973427,-0.8904215515018545,
2006-09-22,,-0.8966055319218695,-1.3212502217065203,
2006-09-25,,-0.8133465325109033,-1.1940514202808605,
2006-09-26,,-0.8065590759986992,-1.1792300672198572,
2006-09-27,,-0.7998519863603256,-1.164733331873253,
2006-09-28,,-0.717267652066168,-1.0416049276253998,
2006-09-29,,-0.32930915375757763,-0.4806865048399055,
2006-09-30,,-0.48117006217811265,-0.6987843219218378,
2006-10-02,,-0.7092414633714241,-1.0242672835278042,
2006-10-03,,-0.471717879473919,-0.6818271413570197,
2006-10-04,,-0.7015864815961211,-1.0085708351835203,
2006-10-05,,-0.38429774479245604,-0.5539061522857759,
2006-10-06,,0.011138392392774366,0.01144849415489389,
2006-10-09,,-0.14683567973127154,-0.2142949939562997,
2006-10-10,,0.09254428464556354,0.12787759759854586,
2006-10-11,,0.17211536134632788,0.24160742408023178,
2006-10-12,,0.09108198274076273,0.1258304415301401,
2006-10-13,,0.25218673865969693,0.35599445162222826,
2006-10-16,,0.16987839215091266,0.23840743569605355,
2006-10-17,,0.41356111078087043,0.58610583863244,
2006-10-18,,0.4112691660367528,0.5824401719964568,
2006-10-19,,0.9000942167053408,1.2748309442563162,
2006-10-20,,1.2984965917154092,1.8261714778269382,
2006-10-23,,1.4434785000292807,2.010804126007796,
2006-10-24,,1.2633177187875018,1.746781781592028,
2006-10-25,,1.1680510947701608,1.6051316105252322,
2006-10-26,,1.074832047153549,1.469445800574239,
2006-10-27,,0.9833142295299659,1.3385960855361871,
2006-10-30,,1.216343133919988,1.6459867076435806,
2006-10-31,,0.8795717139089522,1.1858618818292916,
2006-11-01,,0.4643720305069823,0.6245726579244016,
2006-11-02,,0.7894681954420267,1.0605850182198318,
2006-11-03,,1.028508994723541,1.3763432814969516,
2006-11-06,,0.5264253577826551,0.7027806636724422,
2006-11-07,,0.44029651347962373,0.5870674343794415,
2006-11-08,,0.354420723212426,0.4719984234813308,
2006-11-09,,0.35238928603775854,0.4690766039592005,
2006-11-10,,0.18214568314745835,0.2415890875795238,
2006-11-13,,0.18118102724657903,0.24029036180321198,
2006-11-14,,0.010117142560297901,0.011792707465799227,
2006-11-15,,0.3519639230473826,0.4682441671213144,
2006-11-16,,0.43569261041958995,0.5796258370361705,
2006-11-17,,-0.08446659563096572,-0.11434467302931034,
2006-11-20,,-0.17075167680193004,-0.22941257049423563,
2006-11-21,,-0.4311411953443948,-0.576289095124551,
2006-11-22,,-0.3410562729151613,-0.45596325889954503,
2006-11-23,,-0.1631417618222765,-0.21888710602811298,
2006-11-24,,-0.25067502456352037,-0.33537843407123274,
2006-11-27,,-0.33808973888736094,-0.45154919826663065,
2006-11-28,,-0.5144120981568263,-0.6854635051533383,
2006-11-29,,0.1165127951571461,0.15344616426933058,
2006-11-30,,-0.15468212312775817,-0.20708467223226312,
2006-12-01,,-0.4255335954744868,-0.5667037349293067,
2006-12-04,,-0.7855115585075814,-1.0422305603513067,
2006-12-05,,-0.506740307054859,-0.6720855415770329,
2006-12-06,,-0.04541702230454309,-0.061419705395781975,
2006-12-07,,0.04708493640058089,0.061038878356133607,
2006-12-08,,0.139576137081801,0.18347173290605992,
2006-12-11,,0.32510828194304386,0.42889687094332885,
2006-12-12,,0.04254623818385852,0.05506378107047682,
2006-12-13,,0.5124543415109082,0.6761602480396692,
2006-12-14,,0.22617066533166214,0.29771952743003954,
2006-12-15,,0.03500684338502562,0.04510306762676113,
2006-12-18,,0.511860072582377,0.6746689743875532,
2006-12-19,,0.6041752754849568,0.7955143532054142,
2006-12-20,,0.6958614095206209,0.9148065936841921,
2006-12-21,,0.5947309829168027,0.780721087367498,
2006-12-22,,0.6871850779128277,0.9007229992436776,
2006-12-25,,3.0,1.0187564917837073,
2006-12-26,,0.5627569005553414,1.0086403397878911,
2006-12-27,,0.8763613467169559,1.4986909143851168,
2006-12-28,,0.8687617260868171,1.4756422648361158,
2006-12-29,,1.1777202721304008,1.939044028465612,
2006-12-31,,1.0855750480948583,1.776941497399719,
2007-01-01,,3.0,1.5036958074598614,
2007-01-02,,0.5787946832263439,1.2403420888557932,
2007-01-03,,0.3003557081335508,0.7404293615386247,
2007-01-04,,0.09128279138931648,0.3667177874232171,
2007-01-05,,0.09063811858381661,0.36442449970688384,
2007-01-08,,0.02016327966386708,0.23801966052788853,
2007-01-09,,0.019897841954026562,0.2365763424854693,
2007-01-10,,-0.26261494955973697,-0.2668949336455591,
2007-01-11,,-0.26131014197943003,-0.2655161079567539,
2007-01-12,,-0.046204438600355,0.11619070739352272,
2007-01-15,,-0.18942878375610328,-0.1394662406726238,
2007-01-16,,-0.18855310752299242,-0.13882734970880686,
2007-01-17,,-0.11528770775566259,-0.009391971487278742,
2007-01-18,,0.030759403135592018,0.2494527850159257,
2007-01-19,,-0.11591052941596984,-0.012260371507099237,
2007-01-22,,-3.0,-0.14312810688193697,
2007-01-23,,0.022526110532309677,0.12053928160321291,
2007-01-24,,-0.10585574714404498,-0.1446081278767773,
2007-01-25,,-0.10537266864913238,-0.14394300630172588,
2007-01-26,,-0.1696458936907239,-0.2767944087048512,
2007-01-29,,-0.03861503593108628,-0.006924869512379372,
2007-01-30,,-3.0,-0.4116071274316241,
2007-01-31,,-0.3258798962717064,-0.8139001123183407,
2007-02-01,,-0.2659244255761906,-0.6724447133161524,
2007-02-02,,-0.14760425101277236,-0.39600899239516657,
2007-02-05,,-0.20556326975244557,-0.5303252404028432,
2007-02-06,,-0.14541129069216222,-0.38980724210648077,
2007-02-07,,-0.08527846139100097,-0.2495810987893061,
2007-02-08,,-0.025151706299598817,-0.10945795063059142,
2007-02-09,,0.03497418583326948,0.03065065078376158,
2007-02-12,,-0.08586244441830548,-0.2502053712892008,
2007-02-13,,-0.0854155557329666,-0.24888760180847308,
2007-02-14,,-0.1459199661565228,-0.38914645337263426,
2007-02-15,,-0.20639566320306502,-0.5289224786511859,
2007-02-16,,-0.26681748751772455,-0.6678609460490758,
2007-02-19,,-0.26532539920415027,-0.6630835714549348,
2007-02-20,,-0.20167566197934358,-0.515064480910682,
2007-02-21,,-0.20057061269345808,-0.5117855889267551,
2007-02-22,,-0.19946981145589326,-0.5085290353169409,
2007-02-23,,-0.3245992915589927,-0.7951041903297045,
2007-02-26,,-0.32272104317512174,-0.7887112487796375,
2007-02-27,,-0.8287123287830898,-1.9234104387975142,
2007-02-28,,-0.6313890346396258,-1.4644730742660306,
2007-03-01,,-0.43519480766969815,-1.0194863918482044,
2007-03-02,,-0.6250577426817315,-1.4330409944524025,
2007-03-05,,-0.7491278346428624,-1.690104890423668,
2007-03-06,,-0.807561032904197,-1.7963557452899892,
2007-03-07,,-0.8008870198820008,-1.7610064461868198,
2007-03-08,,-0.6001394123151736,-1.3212536565070667,
2007-03-09,,-0.40042468773743206,-0.8925117199851794,
2007-03-12,,-0.5943267409820304,-1.2962039266261383,
2007-03-13,,-0.7866567361262877,-1.6842041317843317,
2007-03-14,,-0.7146245062672333,-1.5201250974136042,
2007-03-15,,-0.6432181984746143,-1.36232353753591,
2007-03-16,,-0.7046047984854942,-1.4762487981748171,
2007-03-19,,-0.5000144863575967,-1.0538452846217155,
2007-03-20,,-0.49666962085328636,-1.0424578512708498,
2007-03-21,,-0.49334677906613617,-1.0312728732587952,
2007-03-22,,-0.3552729876604805,-0.7509354652599979,
2007-03-23,,-0.35304229332142295,-0.7445941824441518,
2007-03-26,,-0.3508225408301611,-0.7383215648926867,
2007-03-27,,-0.1432512708135862,-0.32207188934420544,
2007-03-28,,0.3396131897737674,0.6443626277202059,
2007-03-29,,0.47592142156884243,0.9147681862084823,
2007-03-30,,0.6115857175163618,1.180269088980345,
2007-03-31,,0.6075291825795314,1.1672662776831946,
2007-04-02,,0.742731044397267,1.42523768368414,
2007-04-03,,0.8068836149859135,1.5393733719848497,
2007-04-04,,0.7306451671009233,1.3824076080848788,
2007-04-05,,0.6550638643339941,1.2302428583613856,
2007-04-06,,3.0,0.8121001879610171,
2007-04-09,,0.6320225275799574,1.4773277684362685,
2007-04-10,,0.627603991883811,1.455595243610405,
2007-04-11,,0.6850784757165099,1.5659496018514958,
2007-04-12,,0.6179991762964694,1.4101363189384621,
2007-04-13,,0.8003355655475212,1.7792354926454612,
2007-04-16,,0.5442276456123478,1.2293761205433076,
2007-04-17,,0.4778144691219371,1.0842883121050324,
2007-04-18,,0.4747923428623904,1.0728855018626915,
2007-04-19,,0.3449232147565475,0.7994050081525873,
2007-04-20,,0.3428957834249029,0.7928959723884634,
2007-04-23,,0.40494316760796134,0.9184889620805379,
2007-04-24,,0.20929260302371952,0.5123451369649338,
2007-04-25,,0.40228595038982823,0.9084443372527842,
2007-04-26,,0.33484597058918225,0.7672212252134711,
2007-04-27,,0.20216173853802252,0.4932985889503883,
2007-04-30,,0.26671742508489277,0.6247231557215028,
2007-05-01,,0.3311771507272076,0.75503760757685,
2007-05-02,,0.262894782434838,0.6138809395563426,
2007-05-03,,0.3946330584145608,0.8803922189684094,
2007-05-04,,0.12433114758716501,0.3285489444403085,
2007-05-07,,-3.0,0.46366834455684813,
2007-05-08,,-0.013278276457956787,-0.09078360406418602,
2007-05-09,,0.28596559766157365,0.6021565741230124,
2007-05-10,,0.10398844673385185,0.1812353137236168,
2007-05-11,,0.16388161848881008,0.3199711127505573,
2007-05-14,,0.16298816066415428,0.31804351110966916,
2007-05-15,,0.22316467797147074,0.45709938442103215,
2007-05-16,,0.28327836760803726,0.5954739017233863,
2007-05-17,,0.34329401906551393,0.7327596437970239,
2007-05-18,,0.34127925057394853,0.7269447866779364,
2007-05-21,,0.2148008284368928,0.436179518211164,
2007-05-22,,0.3387050057134602,0.719627678082537,
2007-05-23,,0.39951511350620944,0.856926405874342,
2007-05-24,,0.2708606037257817,0.5623781322171466,
2007-05-25,,0.14233265873640485,0.26905529070865264,
2007-05-28,,3.0,0.412905598610589,
2007-05-29,,0.24264126213207848,0.7017411313573431,
2007-05-30,,0.12654441654944093,0.403825822239302,
2007-05-31,,0.06812816378246986,0.2539227985428168,
2007-06-01,,0.1256328633317896,0.400340070156843,
2007-06-04,,0.12486850976785449,0.39773082373346896,
2007-06-05,,0.1241066773459444,0.39513562092495813,
2007-06-06,,0.005603084132977248,0.09231335551083684,
2007-06-07,,-0.11289387624546464,-0.21044195276769032,
2007-06-08,,-0.290789703743162,-0.6637697129727228,
2007-06-11,,-0.2892389607930587,-0.6591991043846901,
2007-06-12,,-0.2876952343578117,-0.6546698155092677,
2007-06-13,,-0.46698377571514943,-1.1055995535446062,
2007-06-14,,-0.34311637923267546,-0.7909840692348926,
2007-06-15,,-0.40203957159445897,-0.9370879657734063,
2007-06-18,,-0.39970883411986613,-0.9287300007426957,
2007-06-19,,-0.4587471669514777,-1.0726665755070282,
2007-06-20,,-0.4559704851689428,-1.0617730881028524,
2007-06-21,,-0.45321076910272046,-1.0510739159208091,
2007-06-22,,-0.5125945040161969,-1.192316286291121,
2007-06-25,,-0.6961642557057675,-1.628854646508532,
2007-06-26,,-3.0,-1.453188113270168,
2007-06-27,,-0.6742694782620329,-1.8725474842220933,
2007-06-28,,-0.5575599343756243,-1.5440435738611205,
2007-06-29,,-0.6659746233977389,-1.808261197288758,
2007-06-30,,-0.5485291867296325,-1.4863884716076874,
2007-07-02,,-0.5448367624678387,-1.4638368783984146,
2007-07-03,,-0.42753410249832474,-1.1546617499257246,
2007-07-04,,-0.3105645301410297,-0.8516701639626426,
2007-07-05,,-0.1937612018181413,-0.5518111385641682,
2007-07-06,,0.09647788185605399,0.1902133547390321,
2007-07-09,,-0.020257583277237215,-0.10785482931863606,
2007-07-10,,-0.3705390677890612,-0.9986442146544814,
2007-07-11,,-0.19233078184508665,-0.5441471288187901,
2007-07-12,,-0.19122159815749337,-0.5404146420249087,
2007-07-13,,-0.2493992162971678,-0.6865350375557433,
2007-07-16,,-0.48596235341661487,-1.277313013242134,
2007-07-17,,-0.3035728333656316,-0.8156187929763843,
2007-07-18,,-0.6615228185677281,-1.6944478944082442,
2007-07-19,,-0.6566154073230238,-1.6633489407909923,
2007-07-20,,-0.8320390968931172,-2.0583620285205493,
2007-07-23,,-0.5838516863808689,-1.4466011070120623,
2007-07-24,,-0.8819985574515489,-2.121269183739952,
2007-07-25,,-0.9946279466017084,-2.3339830735040867,
2007-07-26,,-1.7574128231576949,-3.0,
2007-07-27,,-1.9545223756739034,-3.0,
2007-07-30,,-2.4687605355338205,-3.0,
2007-07-31,,-2.172400407669223,-3.0,
2007-08-01,,-2.32833816234509,-3.0,
2007-08-02,,-2.2066213432344974,-3.0,
2007-08-03,,-2.401488793005735,-2.9161890897632037,
2007-08-06,,-2.275332041947937,-2.811314789692386,
2007-08-07,,-2.010372644158065,-2.716284123644753,
2007-08-08,,-1.361177591293322,-2.186586441089543,
2007-08-09,,-1.642225522423286,-2.5595939904662046,
2007-08-10,,-1.8574787257708743,-2.5010875679396865,
2007-08-13,,-1.6703594894726081,-2.431553530704164,
2007-08-14,,-1.73457591603339,-2.3670239617976128,
2007-08-15,,-1.9834311992681561,-2.3069161548479653,
2007-08-16,,-2.2103711038935554,-2.2507384280297553,
2007-08-17,,-2.0551498512285784,-2.1980726072049963,
2007-08-20,,-2.0003603707797466,-2.1485604619587018,
2007-08-21,,-2.167211982471546,-2.1018930816019745,
2007-08-22,,-1.714561412461576,-2.0578024664027805,
2007-08-23,,-1.4164193641226526,-1.8304225928689504,
2007-08-24,,-0.7292082418788849,-0.9423664730427375,
2007-08-27,,-0.36274970113424143,-0.4722761923784185,
2007-08-28,,-0.26924057935324947,-0.3519593438337098,
2007-08-29,,-0.31250992484168877,-0.40601121507524374,
2007-08-30,,-0.40129388062829674,-0.5174163419945566,
2007-08-31,,-0.39799380176535215,-0.5115752395743192,
2007-09-03,,-0.25650882878388426,-0.3311616890264135,
2007-09-04,,-0.3469274236566712,-0.4444518497484219,
2007-09-05,,-0.6685922391973828,-0.8472411149884229,
2007-09-06,,-0.8473315075601554,-1.0654894630006173,
2007-09-07,,-0.9305885904453169,-1.1612063407029378,
2007-09-10,,-0.8738270095989937,-1.08291433601377,
2007-09-11,,-0.864248391341414,-1.0638205795614974,
2007-09-12,,-0.48302271772349015,-0.5908019912681486,
2007-09-13,,-0.0563725982177948,-0.064776065795818,
2007-09-14,,0.3698804152421177,0.4600392754234886,
2007-09-17,,0.3683109088167148,0.457958677543611,
2007-09-18,,0.6047414690064699,0.7483500570871627,
2007-09-19,,0.9815383890896775,1.208885784581784,
2007-09-20,,1.0677531624170722,1.310911664677373,
2007-09-21,,0.8204253446831582,1.0069250818477424,
2007-09-24,,0.7666806136352081,0.9400698828494761,
2007-09-25,,0.5694287380005881,0.699131286298008,
2007-09-26,,0.9029892363908137,1.103340496568172,
2007-09-27,,0.6066606446745875,0.7425420440557092,
2007-09-28,,0.5545758432763093,0.6788323713821829,
2007-09-30,,0.4051609864133266,0.49729157307526883,
2007-10-01,,0.30514300924944276,0.37584450464586433,
2007-10-02,,0.3039323613373821,0.37428875098111275,
2007-10-03,,0.5008361163268502,0.612777365355546,
2007-10-04,,0.05017988201984065,0.06654691065010096,
2007-10-05,,0.7003019674840606,0.8535649248182433,
2007-10-08,,0.7955521251710148,0.9675091289936804,
2007-10-09,,0.8397822695281449,1.0193518411417717,
2007-10-10,,0.8334304576697874,1.0101134244186765,
2007-10-11,,0.8271565205368238,1.0010262671801198,
2007-10-12,,1.0217377709526179,1.2319935706950085,
2007-10-15,,0.8617585058522346,1.038392717355823,
2007-10-16,,0.7035346280031634,0.8480764918246174,
2007-10-17,,0.34267938779014945,0.4164443306677885,
2007-10-18,,-0.17164674024224993,-0.19818614538124404,
2007-10-19,,-0.22168672434424264,-0.2576090118419991,
2007-10-22,,-0.2716350088677348,-0.31675922895219566,
2007-10-23,,-0.11348553696916595,-0.12785962593985237,
2007-10-24,,-0.42575659141622063,-0.49928336609622653,
2007-10-25,,-0.10770021949548318,-0.12021326070493626,
2007-10-26,,0.15739429272557143,0.19544949086459118,
2007-10-29,,0.26313271901771734,0.3212819869153112,
2007-10-30,,0.10215160385562287,0.12963778814585375,
2007-10-31,,-0.16597397214357976,-0.18926381349674704,
2007-11-01,,-0.5944170450731074,-0.697001969667856,
2007-11-02,,-0.5356147584453217,-0.6255592723353968,
2007-11-05,,-0.8542020468828359,-0.9987019109994797,
2007-11-06,,-0.8455380048435562,-0.9841105363559646,
2007-11-07,,-1.1050212481986277,-1.2813944371051502,
2007-11-08,,-1.4621755784285877,-1.6833896276940061,
2007-11-09,,-1.8523445538598946,-2.10733109769198,
2007-11-12,,-1.961641073982845,-2.1294890626176985,
2007-11-13,,-1.8129065590733004,-2.009363390829306,
2007-11-14,,-1.7224407665673487,-1.8863545119968246,
2007-11-15,,-1.784201665970146,-1.9322435134203528,
2007-11-16,,-1.7443463295570123,-1.8676612977160454,
2007-11-19,,-1.7543201620754292,-1.8581928245733292,
2007-11-20,,-1.9984785813974317,-1.9063061817749423,
2007-11-21,,-2.3103052396882617,-1.8719531085042191,
2007-11-22,,-2.145052653257403,-1.8391400590975324,
2007-11-23,,-2.2115849893689834,-1.8077523064706222,
2007-11-26,,-2.5205563046088493,-1.7776868014479452,
2007-11-27,,-2.4630723779182335,-1.7488506854446695,
2007-11-28,,-1.9679690958539104,-1.7211600284528397,
2007-11-29,,-1.9533009804316415,-1.6945387530627545,
2007-11-30,,-0.9679009685778441,-0.9568635114350817,
2007-12-03,,-0.9963252642902852,-0.9813377116022239,
2007-12-04,,-0.982772253671734,-0.9623877187133513,
2007-12-05,,-0.9694750131618823,-0.9439249836418735,
2007-12-06,,-0.8327559878630139,-0.7996118559164186,
2007-12-07,,-0.4488592857716834,-0.40395853372187257,
2007-12-10,,-0.23479105049242838,-0.18377504837454112,
2007-12-11,,-0.6103429579491462,-0.5667749454437371,
2007-12-12,,-0.3090375386314277,-0.2576723648534542,
2007-12-13,,-0.22096801259641713,-0.16711848577405525,
2007-12-14,,0.08012003109761337,0.14041353097603954,
2007-12-17,,0.08064853745472243,0.14091801953605626,
2007-12-18,,0.21047896534611965,0.2732471929467598,
2007-12-19,,0.34010592860912753,0.40520292708159766,
2007-12-20,,0.5562396819223917,0.6251613309485339,
2007-12-21,,0.8577291115997431,0.9316743552969768,
2007-12-24,,1.0681871457909546,1.1447501023661555,
2007-12-25,,3.0,1.482422788307946,
2007-12-26,,1.2889791740968313,1.5905598597808672,
2007-12-27,,1.0218221603685465,1.265367993350419,
2007-12-28,,0.9402943306058568,1.1647090899610237,
2007-12-31,,0.23781618479504116,0.3232331595810574,
2008-01-01,,3.0,0.5427490744276898,
2008-01-02,,0.13087418803663103,0.23001598424829478,
2008-01-03,,0.1629768036838314,0.27421344694136324,
2008-01-04,,0.0010324990563011568,0.049858375674048,
2008-01-07,,-0.16070291195899145,-0.17368385602222547,
2008-01-08,,-0.19159957971787794,-0.21591679396264046,
2008-01-09,,-0.09130936711471527,-0.07715401359076643,
2008-01-10,,-0.2547058465171049,-0.30200130618571386,
2008-01-11,,-0.38440609754272703,-0.47920793287020974,
2008-01-14,,-0.5793320906081674,-0.7436589118400402,
2008-01-15,,-0.57363592117572,-0.7320895161724666,
2008-01-16,,-0.601184242871036,-0.7656165004810159,
2008-01-17,,-0.6284181818871118,-0.798192001653002,
2008-01-18,,-0.6219987659233724,-0.7850956488093652,
2008-01-21,,-0.8488791721139611,-1.083008745839512,
2008-01-22,,-1.300477910791299,-1.6653613661369444,
2008-01-23,,-2.742750299703998,-1.7379887803227947,
2008-01-24,,-0.9950644935558327,-1.507583579632488,
2008-01-25,,-0.9526346817820905,-1.4236766236748868,
2008-01-28,,-0.7381618756936941,-1.1004654597692238,
2008-01-29,,-0.4974697042712987,-0.7483629424675372,
2008-01-30,,-2.6433142321591454,-0.6527226700754982,
2008-01-31,,-0.25635166300784745,-0.5590237880109526,
2008-02-01,,-0.33308005255238665,-0.6742401439533046,
2008-02-04,,-0.16984682552398506,-0.41391339313786196,
2008-02-05,,-0.2747379872155998,-0.5737133680960467,
2008-02-06,,-0.24490109413394598,-0.5226899750612192,
2008-02-07,,-0.05315689514540896,-0.22168447952764306,
2008-02-08,,-0.24174521119033432,-0.5109333804523384,
2008-02-11,,-0.26623737813816367,-0.5443255273787787,
2008-02-12,,-0.07178664492876438,-0.24157481612492823,
2008-02-13,,0.012246448218196093,-0.11031163369090667,
2008-02-14,,0.17915350123509316,0.14780523637656753,
2008-02-15,,0.2068490448260662,0.19131980538612925,
2008-02-18,,0.2903726743016059,0.32056381296600195,
2008-02-19,,0.3737338225598116,0.44934540067223616,
2008-02-20,,0.7099095820659552,0.965434404699596,
2008-02-21,,0.8180317846890053,1.1294304949018077,
2008-02-22,,0.33158922078048564,0.38518141674911155,
2008-02-25,,0.5581884211948401,0.7319988198953684,
2008-02-26,,0.5553229433922543,0.7276104627364197,
2008-02-27,,0.49513615553305407,0.6358559655590924,
2008-02-28,,0.29097255109901393,0.32474897204830516,
2008-02-29,,0.05808187979477523,-0.029522492263079042,
2008-03-03,,0.058679250259632165,-0.027430870404348447,
2008-03-04,,0.0006810670932822032,-0.11435903941947657,
2008-03-05,,0.2371954695050371,0.24628166376803004,
2008-03-06,,0.08874552748960424,0.021499210028644626,
2008-03-07,,-0.029788186681407997,-0.15710805473015912,
2008-03-10,,-0.08838017316111314,-0.24410361470639486,
2008-03-11,,0.21345020753376934,0.2141128606748149,
2008-03-12,,0.062206016536615824,-0.013908946036455877,
2008-03-13,,-0.05851518135564106,-0.19493486401807558,
2008-03-14,,-0.30069665864547845,-0.556853551244598,
2008-03-17,,-0.3890840289338951,-0.6844225206068453,
2008-03-18,,-0.26254850056233864,-0.4909460133241151,
2008-03-19,,-0.3827721927299534,-0.6654368905708784,
2008-03-20,,-0.4096841714849842,-0.6997090288357679,
2008-03-21,,3.0,-0.3685858537574227,
2008-03-24,,0.15231380124878358,0.19032943391347468,
2008-03-25,,-0.11638084280382893,-0.27216845964491193,
2008-03-26,,-0.08774267234764234,-0.22096918153585535,
2008-03-27,,-0.05915530278190593,-0.17016227366944311,
2008-03-28,,-0.003353512123361765,-0.07295916901661044,
2008-03-31,,0.10718455703381169,0.11772604077019787,
2008-04-01,,0.38275740768167654,0.590828513179374,
2008-04-02,,0.43652847933039585,0.6826122136339878,
2008-04-03,,0.3235765080051726,0.48903200383114287,
2008-04-04,,0.37829698306098924,0.5825687652089402,
2008-04-07,,0.6008228851917121,0.9615150924974227,
2008-04-08,,0.8775359026690346,1.4268086954918182,
2008-04-09,,0.5903068229248726,0.9373763159804972,
2008-04-10,,0.728153793292769,1.1672903871002354,
2008-04-11,,0.7234968863380135,1.1559038692901742,
2008-04-14,,0.9452333196251675,1.5201546140391986,
2008-04-15,,1.219136383154172,1.957545678522288,
2008-04-16,,1.3178280443915722,2.0949792746891545,
2008-04-17,,1.4963716093638662,2.3486713182545254,
2008-04-18,,1.6124103979673579,2.489251704019574,
2008-04-21,,-2.9275609540055965,2.3678724321691598,
2008-04-22,,1.3355123793824901,2.0551844697579273,
2008-04-23,,1.3933005674079135,2.1260595728866,
2008-04-24,,1.5224207291369725,2.3048632514456955,
2008-04-25,,1.5729184641063043,2.3493644723569833,
2008-04-28,,1.6208556794046207,2.3859641051172074,
2008-04-29,,1.8087066030615557,2.624528200444151,
2008-04-30,,1.5377544884409828,2.1799447069671145,
2008-05-01,,1.4670347621229134,2.0493341514652497,
2008-05-02,,1.6105226342970442,2.2302569869403612,
2008-05-05,,1.6537800301859944,2.2592284915132956,
2008-05-06,,1.5561913810128905,2.0923612212497744,
2008-05-07,,1.4394828276624947,1.9075838130810427,
2008-05-08,,1.419032001919279,1.861044667996842,
2008-05-09,,1.3073380708487237,1.6933943394763156,
2008-05-12,,1.4053370778093464,1.811364329769117,
2008-05-13,,1.4993019214455787,1.9185136019993694,
2008-05-14,,1.4538342325151425,1.8395923643168748,
2008-05-15,,1.1840222352297738,1.4732946309985233,
2008-05-16,,1.0797596532558678,1.3301535623716114,
2008-05-19,,0.954791711247048,1.1628573115559482,
2008-05-20,,0.9461500097726179,1.1482557413417571,
2008-05-21,,0.9605037124423621,1.1633893626560898,
2008-05-22,,1.0431182874864817,1.2654969933779248,
2008-05-23,,0.780688014136489,0.9256443812026497,
2008-05-26,,0.6593394898015489,0.7689731310177232,
2008-05-27,,0.7011825227866797,0.82192313960222,
2008-05-28,,0.8816252714306143,1.0508227521566658,
2008-05-29,,0.9897350712989972,1.184958686181739,
2008-05-30,,0.9108691367787243,1.081645836389182,
2008-05-31,,0.6469206719081472,0.7462782059695693,
2008-06-02,,0.5253469516821621,0.5922435954198744,
2008-06-03,,0.42787842648558866,0.4690610434778554,
2008-06-04,,0.4017901194234001,0.436271129830996,
2008-06-05,,0.5897552678393336,0.6736955095679072,
2008-06-06,,0.5143970733445473,0.578467030135312,
2008-06-09,,0.5830753430827926,0.6648717459410947,
2008-06-10,,0.4109780559588489,0.44806357193937685,
2008-06-11,,0.16659469260540719,0.14034990466801056,
2008-06-12,,0.40921064048787004,0.4463182922722952,
2008-06-13,,0.3824995748471993,0.41287556150448534,
2008-06-16,,0.3067597051701245,0.31775379585720254,
2008-06-17,,0.2558163640047582,0.2538878858464815,
2008-06-18,,0.05597327750497645,0.0025168270721146065,
2008-06-19,,-0.019048764034970554,-0.091661800208828,
2008-06-20,,0.006307525196365635,-0.05945283971252284,
2008-06-23,,-0.018790268833294287,-0.09076222632002398,
2008-06-24,,-0.19599099684103183,-0.31334064299226966,
2008-06-25,,-0.4491130010238459,-0.6301844634597333,
2008-06-26,,-0.7512649198085477,-1.00455235159471,
2008-06-27,,-0.7701382627889686,-1.022808273846232,
2008-06-30,,-0.5080410011085491,-0.6945127342809847,
2008-07-01,,-0.45296549938696656,-0.6244775885845502,
2008-07-02,,-0.4755948789365761,-0.6507231637195494,
2008-07-03,,-0.5498785529111508,-0.7401785266385067,
2008-07-04,,-0.6495257482974074,-0.8596247270997254,
2008-07-07,,-0.6962198764500033,-0.9129618366673661,
2008-07-08,,-0.9498714447675171,-1.2151635275636334,
2008-07-09,,-0.9398260429617967,-1.1946996374619883,
2008-07-10,,-0.8262056546284986,-1.0512324295174869,
2008-07-11,,-0.8443238173654241,-1.0668551582909978,
2008-07-14,,-0.8361071015074844,-1.0510028257295003,
2008-07-15,,-0.9061425743259225,-1.1273479923405731,
2008-07-16,,-0.7401720757855467,-0.9259702437584012,
2008-07-17,,-0.47067418737396177,-0.6057003184060153,
2008-07-18,,-0.38775301882216046,-0.5066573510483784,
2008-07-21,,-0.19858221904917941,-0.28330051059469696,
2008-07-22,,-0.19712248676243066,-0.2810688463505432,
2008-07-23,,0.046683412685315395,0.005968254781634209,
2008-07-24,,-0.03448057541010024,-0.08923864292040322,
2008-07-25,,0.23818397256548632,0.23163663605537124,
2008-07-28,,0.1824870216401571,0.16634339683357796,
2008-07-29,,0.0443226800187902,0.004073190791432231,
2008-07-30,,0.09968902417070434,0.0693896530398298,
2008-07-31,,-0.122821596294146,-0.19190870312364494,
2008-08-01,,-0.03803846906635272,-0.09199047254245687,
2008-08-04,,-0.009431099502692728,-0.05813104941367816,
2008-08-05,,0.16028853712396274,0.14148534697530252,
2008-08-06,,0.3865251909597077,0.40748998353585375,
2008-08-07,,0.18520784434997417,0.17117793172600743,
2008-08-08,,0.18451339323836935,0.17056243113117225,
2008-08-11,,0.09743309090002625,0.06845591330814728,
2008-08-12,,-0.076477888358437,-0.13557373758184366,
2008-08-13,,0.15706870108636165,0.1389196244043127,
2008-08-14,,-0.018981627272004024,-0.06761328190586632,
2008-08-15,,-0.3124160400056311,-0.41139770382172447,
2008-08-18,,-0.4575149549047393,-0.5801476837365191,
2008-08-19,,-0.5722297069112433,-0.712241389108583,
2008-08-20,,-0.6564165658612175,-0.8076172110656534,
2008-08-21,,-0.6805071388465915,-0.832463849137613,
2008-08-22,,-0.466296097079583,-0.5820778615524338,
2008-08-25,,-0.6122647065947232,-0.7488114768315541,
2008-08-26,,-0.3971349551895909,-0.49876500822942793,
2008-08-27,,-0.45453386710424626,-0.5636349538870148,
2008-08-28,,-0.4510765422002487,-0.558218726708805,
2008-08-29,,-0.11250721529309644,-0.16797317623620658,
2008-08-31,,-0.08081470062513944,-0.13119875046499332,
2008-09-01,,-0.1107914929627165,-0.165367678325379,
2008-09-02,,-0.20268694580291835,-0.27058557754776313,
2008-09-03,,-0.41870358412726966,-0.5176701510268462,
2008-09-04,,-0.41552958397497414,-0.5127953243681452,
2008-09-05,,-0.5062446008837194,-0.6150485388252701,
2008-09-08,,-0.4708539775147824,-0.5730306179583607,
2008-09-09,,-0.5931698101233597,-0.7104178493758002,
2008-09-10,,-0.7772722682052183,-0.9161760110598923,
2008-09-11,,-0.8957320749992299,-1.0452069332613212,
2008-09-12,,-0.8234391874399559,-0.9588663747416575,
2008-09-15,,-1.7467056150093567,-1.9724656171732589,
2008-09-16,,-2.533043750362314,-1.9547593774509748,
2008-09-17,,-3.0,-1.9181495362967607,
2008-09-18,,-3.0,-1.8832540576694996,
2008-09-19,,-3.0,-1.8499398353428635,
2008-09-22,,-2.7024946659794615,-1.818087862912587,
2008-09-23,,-2.7649080161907906,-1.787591367236085,
2008-09-24,,-2.7366350048664194,-1.7583542354437491,
2008-09-25,,-2.6181140095719457,-1.7302896824518388,
2008-09-26,,-2.5691279911638545,-1.7033191166794197,
2008-09-29,,-2.494451104954952,-1.6773711700310332,
2008-09-30,,-2.4254055991989873,-1.652380864741511,
2008-10-01,,-2.3613064760200193,-1.628288894823517,
2008-10-02,,-2.3015802834245167,-1.6050410039347172,
2008-10-03,,-2.245742779421948,-1.5825874447318033,
2008-10-06,,-2.1933818319840923,-1.5608825073856518,
2008-10-07,,-2.144144163265273,-1.5398841070347653,
2008-10-08,,-2.0977249565674025,-1.5195534216593787,
2008-10-09,,-2.0538596228095134,-1.499854573248431,
2008-10-10,,-2.012317215367719,-1.4807543462698378,
2008-10-13,,-1.9728951168650317,-1.4622219383909933,
2008-10-14,,-1.9354147173259542,-1.4442287391703252,
2008-10-15,,-1.899717872197869,-1.4267481330829608,
2008-10-16,,-1.8656639791595093,-1.4097553237786808,
2008-10-17,,-1.8331275498512303,-1.393227176917915,
2008-10-20,,-1.801996180422082,-1.3771420793072853,
2008-10-21,,-1.7721688457014346,-1.3614798123727783,
2008-10-22,,-1.7435544577029458,-1.3462214382762452,
2008-10-23,,-1.716070641362115,-1.3313491972078926,
2008-10-24,,-1.689642689835615,-1.3168464145805638,
2008-10-27,,-1.6642026690344138,-1.302697417016377,
2008-10-28,,-1.639688646824846,-1.2888874561573624,
2008-10-29,,-1.6160440268836622,-1.2754026394527787,
2008-10-30,,-1.5932169708119728,-1.2622298671799814,
2008-10-31,,-1.571159895007584,-1.2493567750456072,
2008-11-03,,-1.5498290311238945,-1.236771681791607,
2008-11-04,,-1.5291840408270703,-1.2244635412980853,
2008-11-05,,-1.4883037937641683,-1.2124218987335282,
2008-11-06,,-1.3503640272641317,-1.169368671872049,
2008-11-07,,-1.0890674338800437,-0.930577385459131,
2008-11-10,,-0.6859798637871832,-0.5615612146846708,
2008-11-11,,-0.6866751964567941,-0.5622727029391061,
2008-11-12,,-0.4669494635549258,-0.3610799442522908,
2008-11-13,,-0.4052079227949186,-0.30458342443662434,
2008-11-14,,-0.2566797719495981,-0.1686363734537564,
2008-11-17,,-0.1502310954856078,-0.07126785985724618,
2008-11-18,,-0.17388837827257136,-0.09302920944639703,
2008-11-19,,0.04858138257724044,0.11045451492371024,
2008-11-20,,0.13950335179646256,0.19345348395562056,
2008-11-21,,0.42343226803355494,0.4529615518571351,
2008-11-24,,0.9197239363606757,0.9067166143780527,
2008-11-25,,1.1464999051188163,1.113975256516079,
2008-11-26,,1.2652194794512202,1.2224824233168783,
2008-11-27,,1.6026175015156419,1.5317910970291257,
2008-11-28,,1.4170395143317045,1.3617453272092046,
2008-11-30,,0.9599648681347649,0.9423098465655994,
2008-12-01,,0.7885909099831667,0.7847815514221205,
2008-12-02,,0.6461633182597495,0.6538019566793276,
2008-12-03,,0.32486510646037126,0.35888903045232984,
2008-12-04,,0.3518129769134344,0.38329835623759284,
2008-12-05,,0.26703636509862233,0.30531138692857873,
2008-12-08,,0.23157038105247893,0.2725479348148524,
2008-12-09,,0.2595921355906807,0.29796730656921117,
2008-12-10,,0.40073101329153343,0.4269991568529679,
2008-12-11,,0.5839006368120576,0.5944909327996493,
2008-12-12,,0.7018827238436323,0.702239404374504,
2008-12-15,,0.6549050100193483,0.6588479693315756,
2008-12-16,,0.75142732481437,0.7469405255108927,
2008-12-17,,0.8398298799182355,0.827611859135851,
2008-12-18,,1.0415164143823747,1.0121776632026844,
2008-12-19,,1.1464206154700818,1.1081582874552474,
2008-12-22,,1.234495064683909,1.188823674375408,
2008-12-23,,1.1145698195541354,1.078653436389714,
2008-12-24,,1.1322558371020883,1.094713519021679,
2008-12-25,,2.824722611387724,1.0843145304025945,
2008-12-26,,0.9239527174423827,1.0022692119671588,
2008-12-29,,0.9594924572321334,1.0394266535953596,
2008-12-30,,0.9515549604672281,1.0300746543930688,
2008-12-31,,0.7714845063604956,0.8371504629455231,
2009-01-01,,2.709325559639431,0.8113570378267383,
2009-01-02,,0.6990929186399264,0.8387555456660475,
2009-01-05,,0.689249057327292,0.8260792234193594,
2009-01-06,,0.7452215572108831,0.8931953272341506,
2009-01-07,,0.7896679055945772,0.946043613873769,
2009-01-08,,0.7456406712640943,0.8917588676639764,
2009-01-09,,0.7351558782674817,0.878200347605392,
2009-01-12,,0.7026132388007729,0.8380997563011063,
2009-01-13,,0.8313719646847739,0.992388319470905,
2009-01-14,,0.8696570637343946,1.03705996255322,
2009-01-15,,0.8462579649307257,1.0074910289155092,
2009-01-16,,0.8287286533570081,0.9851264772859814,
2009-01-19,,0.8114112771867447,0.9631413148319454,
2009-01-20,,0.7550326027877982,0.8946047773791747,
2009-01-21,,0.7836192327237206,0.9277986592279893,
2009-01-22,,0.8006167718704544,0.9470061146286152,
2009-01-23,,-1.7857100247148965,0.9524318267429703,
2009-01-26,,0.8546727938148725,1.011494192654776,
2009-01-27,,0.8847582333561516,1.049187759311841,
2009-01-28,,1.0032960372771969,1.1995449050578704,
2009-01-29,,1.2852372637473943,1.5550501944142185,
2009-01-30,,-1.785743170242572,1.5675820960167635,
2009-01-31,,1.2016059449011494,1.450346357638159,
2009-02-02,,1.168410689772171,1.4022667035805707,
2009-02-03,,1.150586488219528,1.3751468125177568,
2009-02-04,,1.104060955223221,1.3106454761376534,
2009-02-05,,1.053726084202169,1.2419415408743228,
2009-02-06,,1.0141502521573649,1.188069243088782,
2009-02-09,,0.994793083423841,1.1611358888744308,
2009-02-10,,0.8733730150686844,1.0012234169212557,
2009-02-11,,0.8172981283011399,0.9275726376075369,
2009-02-12,,0.7176324017038183,0.7973734378628943,
2009-02-13,,0.6583758809140619,0.7203055154928703,
2009-02-16,,0.6342970095302779,0.6893154675982996,
2009-02-17,,0.5705414051562308,0.6065998922501433,
2009-02-18,,0.5021204567601502,0.5178730062029551,
2009-02-19,,0.4943534386434751,0.5083677661702248,
2009-02-20,,0.42092525716741247,0.4131388957898923,
2009-02-23,,0.39342604582678115,0.37787644872050286,
2009-02-24,,0.34557400395486204,0.31602183864172634,
2009-02-25,,0.2721416746112888,0.22072797544911946,
2009-02-26,,0.17814143336717703,0.09853228048757955,
2009-02-27,,0.1412772358522188,0.050951370452357,
2009-02-28,,0.6199506959562526,0.6765743478770687,
2009-03-02,,0.5952393393935476,0.6447974419230526,
2009-03-03,,0.5235776823489183,0.5518635486924097,
2009-03-04,,0.4574947173959045,0.46626571156896807,
2009-03-05,,0.4498007521829835,0.45683309299588665,
2009-03-06,,0.4368288211175865,0.44051662065732794,
2009-03-09,,0.40789609291991114,0.40338584793595456,
2009-03-10,,0.49159061525259345,0.5131023697917523,
2009-03-11,,0.5533963585105788,0.5941875954755127,
2009-03-12,,0.6417653388312916,0.7096834061134822,
2009-03-13,,0.7239814964359056,0.8168008901813234,
2009-03-16,,0.7620846205218021,0.866221792091734,
2009-03-17,,0.8700090627225419,1.0056477061953841,
2009-03-18,,0.824819903191296,0.9464907564759563,
2009-03-19,,0.8561732934076884,0.9863268323464763,
2009-03-20,,0.9791014088381457,1.143389967547184,
2009-03-23,,1.0399849791092415,1.2193442554580618,
2009-03-24,,1.0885972787316076,1.2786476135002205,
2009-03-25,,1.1948540817482782,1.4099317847276958,
2009-03-26,,1.1801912962385563,1.3866927348475526,
2009-03-27,,1.2244626266903815,1.4376077592560583,
2009-03-30,,0.7160439383179943,0.7950600786585172,
2009-03-31,,0.7323987813970952,0.8154963865545588,
2009-04-01,,0.726881870618389,0.8083445048626156,
2009-04-02,,0.824579353747117,0.9306369340963867,
2009-04-03,,0.8882056982335887,1.009426240084657,
2009-04-06,,0.977722109458926,1.119721432278805,
2009-04-07,,1.0220105976405078,1.172646273159235,
2009-04-08,,1.0004423498117296,1.1434699295798443,
2009-04-09,,1.017092771230092,1.1617199249243182,
2009-04-10,,2.4268379290251794,1.1526492415535374,
2009-04-13,,0.8274912230354252,1.0244040417835758,
2009-04-14,,0.8202139471552031,1.0123404349289373,
2009-04-15,,0.8079901336557285,0.9938741731308742,
2009-04-16,,0.977188628057446,1.2131807960201118,
2009-04-17,,0.9970483943841183,1.2344336841290486,
2009-04-20,,0.9110270851381456,1.1180596042874869,
2009-04-21,,0.8013134526936798,0.9724818806185799,
2009-04-22,,0.7841682806787985,0.948124852257293,
2009-04-23,,0.640406204691906,0.7603535992414767,
2009-04-24,,0.6560054339739063,0.7796349005201387,
2009-04-27,,0.5896581185983784,0.6930716933715213,
2009-04-28,,0.6213623120419426,0.7333315167105346,
2009-04-29,,0.724670474377627,0.8653199142323572,
2009-04-30,,0.7289739499536152,0.8693204833073114,
2009-05-01,,0.691976314557708,0.8204543967596649,
2009-05-04,,0.6502058270435098,0.7658324110747866,
2009-05-05,,0.624415666895859,0.731937385955878,
2009-05-06,,0.6353150103380103,0.7449819322672896,
2009-05-07,,0.7555555215699353,0.8968284594256543,
2009-05-08,,0.7437680248127913,0.8800804340722109,
2009-05-11,,-2.3380087025131995,0.890050211390443,
2009-05-12,,0.8090601817822839,0.9589837397820747,
2009-05-13,,0.7765815071275746,0.9143069099392199,
2009-05-14,,0.7495727994570299,0.8771966584004638,
2009-05-15,,0.6725443566965436,0.7749096719558091,
2009-05-18,,0.6064259904684502,0.6875377615962712,
2009-05-19,,0.6981560910481465,0.8068537707694098,
2009-05-20,,0.7835851160116648,0.9169244477705965,
2009-05-21,,0.8118950408296316,0.9517764739600695,
2009-05-22,,0.8700878219801513,1.024789207515401,
2009-05-25,,0.8359549811276489,0.9780350833824205,
2009-05-26,,0.8936734421360877,1.0496688349536325,
2009-05-27,,0.9450676531103114,1.112185411486281,
2009-05-28,,0.8687975711647669,1.0112957606943171,
2009-05-29,,0.8547832643553492,0.9906833222258828,
2009-05-31,,0.7495041597186429,0.8545275886401372,
2009-06-01,,0.8088234571845405,0.9280108389389679,
2009-06-02,,0.7192745274318476,0.8127476227312622,
2009-06-03,,0.6615898832092805,0.738563266285052,
2009-06-04,,0.5839585894049685,0.6396642814420068,
2009-06-05,,0.6154016019518662,0.6787406567988912,
2009-06-08,,0.6051505978099542,0.6651221792431,
2009-06-09,,0.5534817199443528,0.5995063969526355,
2009-06-10,,0.5959764135642919,0.652423496685925,
2009-06-11,,0.5806515455642224,0.6325671809474237,
2009-06-12,,0.5445142738882387,0.5867345234046512,
2009-06-15,,0.4981458568687309,0.5282832903650138,
2009-06-16,,0.43095320807244036,0.44397099960949216,
2009-06-17,,0.32690941417670694,0.3137425288695475,
2009-06-18,,0.303292285664887,0.28435892266757723,
2009-06-19,,0.2368156692454576,0.20137946637733667,
2009-06-22,,0.18125134776311255,0.13211989458816187,
2009-06-23,,0.08777553983227125,0.015447607659748352,
2009-06-24,,0.005250009343734182,-0.08748579249986463,
2009-06-25,,-0.027899807977531343,-0.12859902079660726,
2009-06-26,,-0.016936483087740643,-0.11450286928035414,
2009-06-29,,0.060530257485964044,-0.0172049510305958,
2009-06-30,,0.03212821086148121,-0.052389115413719003,
2009-07-01,,0.0597343954086263,-0.017497781856507216,
2009-07-02,,0.07044431383684023,-0.003753965323378071,
2009-07-03,,0.001935580511589666,-0.08910346734156045,
2009-07-06,,-0.10638291740575148,-0.2242041623659735,
2009-07-07,,-0.1174677288567012,-0.2376587241706923,
2009-07-08,,-0.13429963955713858,-0.258288225293256,
2009-07-09,,-0.1569059720966492,-0.2861174656936436,
2009-07-10,,-0.196925824040005,-0.3356705128082699,
2009-07-13,,-0.16688177847521296,-0.2976843740798142,
2009-07-14,,-0.11924643365202031,-0.2377680447435499,
2009-07-15,,-0.06572208441511548,-0.17053541963164665,
2009-07-16,,-0.024067418541644167,-0.11815227585788762,
2009-07-17,,-0.018192477634146515,-0.11046228377137145,
2009-07-20,,-0.030299726507336623,-0.12522691931474064,
2009-07-21,,0.03592221141846023,-0.04219961422173565,
2009-07-22,,0.1263368941462414,0.07100429781610976,
2009-07-23,,0.24097512747813946,0.21437731391862883,
2009-07-24,,0.2942881452287614,0.2811156330270134,
2009-07-27,,0.3596996929138777,0.3628334315495911,
2009-07-28,,0.363313952988859,0.36742456418977565,
2009-07-29,,0.32982274854034294,0.3258036366967438,
2009-07-30,,0.3399270773519346,0.3385089411877882,
2009-07-31,,0.3063251401487716,0.29680832969918897,
2009-08-03,,0.3918944759631889,0.4033758253312287,
2009-08-04,,0.4456194650670311,0.4701215330160828,
2009-08-05,,0.49271855956669613,0.5284361801757402,
2009-08-06,,0.5836970304822828,0.640871852002044,
2009-08-07,,0.5915214952432545,0.6499231743627253,
2009-08-10,,0.5929196009349091,0.6509822073268305,
2009-08-11,,0.5242015101246342,0.5655046839737017,
2009-08-12,,0.4815837553842189,0.5125287359572439,
2009-08-13,,0.34912650663949824,0.34887872582562207,
2009-08-14,,0.30772713190146683,0.2978452271388668,
2009-08-17,,0.22091524253629058,0.1908506164647914,
2009-08-18,,0.2192704549619027,0.1890181479036232,
2009-08-19,,0.1979209312074483,0.1628814082406379,
2009-08-20,,0.14358394440776961,0.096078671077763,
2009-08-21,,0.09594339942949733,0.0375697143856357,
2009-08-24,,0.061687984536255944,-0.004407455910567715,
2009-08-25,,-0.012816367702135591,-0.09599993648300044,
2009-08-26,,-0.006339002308593239,-0.08770720852689602,
2009-08-27,,0.020481601576466966,-0.0543386770093421,
2009-08-28,,-0.00042549723349167206,-0.07982037753128236,
2009-08-31,,-0.028178897705611657,-0.11373143256578945,
2009-09-01,,-0.13859183224159055,-0.2494897583694942,
2009-09-02,,-0.21433497610176225,-0.3424245629726154,
2009-09-03,,-0.2552316391261811,-0.3923461403943065,
2009-09-04,,-0.28210459810129607,-0.4249395217322324,
2009-09-07,,-0.33703588025440856,-0.49197675603456975,
2009-09-08,,-0.2577837347902009,-0.3939724546618012,
2009-09-09,,-0.16440538804747695,-0.27872186220018663,
2009-09-10,,-0.17810821746558028,-0.29519411484801605,
2009-09-11,,-0.08420937401357853,-0.17940510562907622,
2009-09-14,,0.016877274189848974,-0.054832427085606664,
2009-09-15,,0.08892876196470005,0.034006875517293866,
2009-09-16,,0.16820189459644846,0.1316775409518203,
2009-09-17,,0.17420576404329524,0.13927051466476315,
2009-09-18,,0.2537107580214224,0.2371283531688926,
2009-09-21,,0.18535942948335196,0.15335312521082875,
2009-09-22,,0.1690766604520121,0.13356173701241383,
2009-09-23,,0.17520298245241234,0.1412911790252077,
2009-09-24,,0.12882715230193395,0.08456906106475083,
2009-09-25,,0.05232841571985506,-0.009103424365662761,
2009-09-28,,0.02134981483217908,-0.04687077876568329,
2009-09-29,,0.0818262243196764,0.02761526342772131,
2009-09-30,,0.13460049862505713,0.09261540372719135,
2009-10-01,,0.14115435020833905,0.10087420071064715,
2009-10-02,,0.13223663694032556,0.0901484841882665,
2009-10-05,,0.10778250036278265,0.060370490212298934,
2009-10-06,,0.1614789369194687,0.12644820471791268,
2009-10-07,,0.136607634794743,0.09615022033102195,
2009-10-08,,0.1669990316548565,0.1336184688139591,
2009-10-09,,0.24490395422682024,0.2292875306485931,
2009-10-12,,0.19524923705983613,0.16858137628311445,
2009-10-13,,0.12164438127024405,0.07856986744684265,
2009-10-14,,0.12859618663272232,0.08729668497461059,
2009-10-15,,0.08700479081349012,0.03655220751170654,
2009-10-16,,0.06984049045095081,0.01574990518486469,
2009-10-19,,-0.020896519292106622,-0.09515781365431022,
2009-10-20,,-0.07050979522714382,-0.15565576473858314,
2009-10-21,,0.003827374306263178,-0.0643491742998396,
2009-10-22,,-0.038135241538110445,-0.1154791498205918,
2009-10-23,,-0.013293377230496613,-0.08480185982968555,
2009-10-26,,0.028324567187166822,-0.03360096745420165,
2009-10-27,,-0.03130386082625902,-0.1063513831284624,
2009-10-28,,-0.1248364500650374,-0.22055964337621767,
2009-10-29,,-0.15866536219595875,-0.2616469771208097,
2009-10-30,,-0.19247843353269933,-0.3026826298865822,
2009-10-31,,-0.1832185288966267,-0.29101481744532803,
2009-11-02,,-0.1826222620652357,-0.2899496955417354,
2009-11-03,,-0.23422485252721975,-0.35268151079532817,
2009-11-04,,-0.2420725933563309,-0.3618897110930709,
2009-11-05,,-0.3553106037751542,-0.4997594831899407,
2009-11-06,,-0.44182368119550974,-0.6047230221433809,
2009-11-09,,-0.4218254007696662,-0.579628014142365,
2009-11-10,,-0.35739200813403776,-0.5004721141124772,
2009-11-11,,-0.41829540144808225,-0.5740785558274905,
2009-11-12,,-0.443109154311588,-0.6035984554223819,
2009-11-13,,-0.4137398022886168,-0.5671842899919146,
2009-11-16,,-0.46600114580155844,-0.6300185877594479,
2009-11-17,,-0.39980356652142296,-0.5489008987268231,
2009-11-18,,-0.40694828695608365,-0.556964219756169,
2009-11-19,,-0.3497543779948106,-0.48697961360514125,
2009-11-20,,-0.33886017892019676,-0.47326467896649493,
2009-11-23,,-0.38367395783222485,-0.5270890523662771,
2009-11-24,,-0.32583180725105715,-0.4564638564978436,
2009-11-25,,-0.24932803019689603,-0.36333782765025646,
2009-11-26,,-0.2765712907852945,-0.39596864074139515,
2009-11-27,,-0.2753756503616307,-0.39413037440635496,
2009-11-30,,-0.47388178411801635,-0.6338402256292897,
2009-12-01,,-0.46175391163923113,-0.6184367884062374,
2009-12-02,,-0.44008885704023826,-0.5915649325322243,
2009-12-03,,-0.41849740805582003,-0.5648516821560033,
2009-12-04,,-0.3098298647320307,-0.43314826979318055,
2009-12-07,,-0.2986722561245517,-0.4192688816147237,
2009-12-08,,-0.3755556330123109,-0.5115658162622649,
2009-12-09,,-0.4424220543786742,-0.5915943960316038,
2009-12-10,,-0.40061271052211617,-0.5406168425354465,
2009-12-11,,-0.38864906320024256,-0.5256626669243553,
2009-12-14,,-0.34684042558989936,-0.47483977906777775,
2009-12-15,,-0.25503906505145196,-0.3639618358046606,
2009-12-16,,-0.2640048448162499,-0.3744023051244889,
2009-12-17,,-0.34375929235452773,-0.46992690332943915,
2009-12-18,,-0.33193040635250337,-0.45526708970316193,
2009-12-21,,-0.26906376742069066,-0.3793241795902346,
2009-12-22,,-0.20626257876178145,-0.3035378362870239,
2009-12-23,,-0.15382366326016272,-0.24025299033111353,
2009-12-24,,-0.10140374451384697,-0.1770226796057431,
2009-12-25,,3.0,-0.15143143239571563,
2009-12-28,,-0.013476147361183546,-0.02504775104327491,
2009-12-29,,0.20631436148661342,0.2531375798088146,
2009-12-30,,0.124397430546621,0.149410771504207,
2009-12-31,,0.23446427080300464,0.2885881969535871,
2010-01-01,,3.0,0.23498694190507596,
2010-01-04,,0.06876702352493028,0.12988547548492183,
2010-01-05,,0.10691682634993294,0.18050967018802783,
2010-01-06,,0.2525071319429002,0.37419300348893614,
2010-01-07,,0.2702568367135191,0.39732759427042713,
2010-01-08,,0.26825688048389396,0.3941446340754914,
2010-01-11,,0.2662651438552192,0.39097943716626604,
2010-01-12,,0.18463046640485226,0.2820080270868633,
2010-01-13,,0.19318053150737663,0.29301062783407167,
2010-01-14,,0.15142558970677117,0.23718852774497745,
2010-01-15,,0.1400487949773352,0.22177165332267149,
2010-01-18,,0.11851951863649826,0.19289253410447213,
2010-01-19,,0.05613214757789219,0.10979407401358325,
2010-01-20,,-0.0267802033108064,-0.0005189321319628403,
2010-01-21,,-0.12000016652684116,-0.12449674679233938,
2010-01-22,,-0.18204248538824966,-0.20705369056728418,
2010-01-25,,-3.0,-0.23413767909278943,
2010-01-26,,-0.1873926672854114,-0.27511571982847177,
2010-01-27,,-0.20659794155951894,-0.3020572450125038,
2010-01-28,,-0.1758387184435859,-0.258688595042865,
2010-01-29,,-0.335855617433465,-0.48361105634809864,
2010-01-31,,-3.0,-0.4669455993632304,
2010-02-01,,-0.2946870283340107,-0.4930223163286245,
2010-02-02,,-0.33189185900936663,-0.5475521176825766,
2010-02-03,,-0.37871417311278416,-0.6161199792986142,
2010-02-04,,-0.45459219200666146,-0.7272711603008897,
2010-02-05,,-0.5594358978887299,-0.8803579893880114,
2010-02-08,,-0.5853947756524888,-0.9164714679308867,
2010-02-09,,-0.5719119037729313,-0.8945457150724446,
2010-02-10,,-0.5881010554546109,-0.9161502824024511,
2010-02-11,,-0.5249833853254432,-0.8219111633340668,
2010-02-12,,-0.4820574200005908,-0.7577074940076292,
2010-02-15,,-0.4792975557933716,-0.7523571316982991,
2010-02-16,,-0.4966344454293451,-0.7762558431776837,
2010-02-17,,-0.41305448679854656,-0.6534551220061288,
2010-02-18,,-0.27895034225321347,-0.45766604253593246,
2010-02-19,,-0.22661330607897762,-0.38111466933912,
2010-02-22,,-0.19483161952478406,-0.3345510240397222,
2010-02-23,,-0.21462168334695003,-0.36299612902953615,
2010-02-24,,-0.21367689342975874,-0.3612815926372713,
2010-02-25,,-0.2335649668621335,-0.3898218642087923,
2010-02-26,,-0.1801646682839995,-0.31193030037819236,
2010-02-28,,-0.18993725459733984,-0.3258230187664702,
2010-03-01,,-0.16797335734717506,-0.293645257501463,
2010-03-02,,-0.09284495751701374,-0.18433439264127494,
2010-03-03,,-0.10326480007326927,-0.19923421635841215,
2010-03-04,,-0.027696386297559546,-0.08933055081549872,
2010-03-05,,0.11268886174251826,0.11463638125039279,
2010-03-08,,0.1987042930980661,0.23962990639251555,
2010-03-09,,0.262803931359442,0.3327291171647182,
2010-03-10,,0.3048811265001863,0.3937813013224212,
2010-03-11,,0.3028512831950528,0.3908439877607913,
2010-03-12,,0.3118884657420069,0.40393234999644617,
2010-03-15,,0.32091006337869993,0.4169725637742642,
2010-03-16,,0.3075918271027759,0.3976748651623232,
2010-03-17,,0.27186955165247945,0.3460075270491985,
2010-03-18,,0.25876163111089134,0.32710182706733226,
2010-03-19,,0.2456783741087932,0.30825211219864856,
2010-03-22,,0.2212286773476309,0.27299171350448337,
2010-03-23,,0.25404178456550014,0.3205076527388165,
2010-03-24,,0.34427201159548393,0.4508525497843475,
2010-03-25,,0.42268908917958264,0.5638254384267933,
2010-03-26,,0.361786889202142,0.47575711594515674,
2010-03-29,,0.3592903779819692,0.47201419719300386,
2010-03-30,,0.3685039382273882,0.48513225411953476,
2010-03-31,,0.22484395297615992,0.27819720509964374,
2010-04-01,,0.21143718919009577,0.2589803253302096,
2010-04-02,,3.0,0.23980491065009177,
2010-04-05,,0.16709438301529853,0.2550531709351949,
2010-04-06,,0.10848721935056825,0.16660527405760608,
2010-04-07,,0.0037823276459406046,0.008721578619445057,
2010-04-08,,-0.07772180297201338,-0.11416474458267631,
2010-04-09,,-0.06598822026290627,-0.09650315500574308,
2010-04-12,,-0.08940066030485154,-0.13181273156850484,
2010-04-13,,-0.10103373807808132,-0.14936289184486137,
2010-04-14,,-0.01796196063181098,-0.02419731209960691,
2010-04-15,,0.005595381262808001,0.01126677151596819,
2010-04-16,,-0.11440684929606555,-0.16958733146480104,
2010-04-19,,-0.1021058505434088,-0.15106711212933646,
2010-04-20,,-0.08980874845054301,-0.13255729804693445,
2010-04-21,,-0.11397114200582723,-0.16897432525156336,
2010-04-22,,-0.21140604472411467,-0.31571736248024895,
2010-04-23,,-0.25967330706395164,-0.388309575911861,
2010-04-26,,-0.25856413380803417,-0.3865313528372663,
2010-04-27,,-0.39372930355220775,-0.5895502512414862,
2010-04-28,,-0.4539085385706125,-0.6793802049530699,
2010-04-29,,-0.48891156236658656,-0.7311126934285999,
2010-04-30,,-0.5363029303353842,-0.8010895835465446,
2010-05-03,,-3.0,-0.7577257732145076,
2010-05-04,,-0.5658094058138622,-0.9404412918402443,
2010-05-05,,-0.801198343765217,-1.3064366620606007,
2010-05-06,,-0.9857847991996325,-1.5860629528985049,
2010-05-07,,-1.2258854351569093,-1.9416275864568173,
2010-05-10,,-1.0579032176921004,-1.6691174266906195,
2010-05-11,,-1.011845096350896,-1.5876369425383754,
2010-05-12,,-0.9189349180891907,-1.4378662240401603,
2010-05-13,,-0.9348302875285368,-1.453822650962993,
2010-05-14,,-1.0458924388996127,-1.6105179430951102,
2010-05-17,,-0.9878982787574183,-1.5144116636760905,
2010-05-18,,-1.086064061436377,-1.6491227905842092,
2010-05-19,,-1.2294572362973724,-1.8452801097130864,
2010-05-20,,-1.4156256185350133,-2.0951416711167448,
2010-05-21,,-1.5360841418390956,-2.24163386010098,
2010-05-24,,-1.5469090179684633,-2.229553399113519,
2010-05-25,,-1.728968184129553,-2.4512590701847587,
2010-05-26,,-1.503477452595295,-2.1135452377045456,
2010-05-27,,-1.2631906588647999,-1.7682618765961273,
2010-05-28,,-1.1211597303426466,-1.5642587100529883,
2010-05-31,,-1.1204160445827214,-1.5542631009236338,
2010-06-01,,-1.1541190864144555,-1.5904159619811504,
2010-06-02,,-1.0490930830304728,-1.4416724550631732,
2010-06-03,,-0.7492895341901683,-1.0365834512922456,
2010-06-04,,-0.6152753823423913,-0.8555480235185267,
2010-06-07,,-0.4586210259534174,-0.6454036553211694,
2010-06-08,,-0.7143692602926588,-0.9844240608662074,
2010-06-09,,-0.6500183539739254,-0.8968450257893861,
2010-06-10,,-0.6334489574753885,-0.8730836299886472,
2010-06-11,,-0.6999931204635116,-0.9591718807181024,
2010-06-14,,-0.49228253019527,-0.6831538523781467,
2010-06-15,,-0.4171894823611093,-0.5831727053669169,
2010-06-16,,-0.31822566013247794,-0.45197564971983595,
2010-06-17,,-0.1709487220248383,-0.2572063595482313,
2010-06-18,,0.09814991212712165,0.09839977174549532,
2010-06-21,,0.3792550278369787,0.4697094490515176,
2010-06-22,,0.3647960340468077,0.45061158184817107,
2010-06-23,,0.5600169442326608,0.707834917238448,
2010-06-24,,0.4326069997124825,0.539682462563491,
2010-06-25,,0.20587162403549136,0.24092566702206478,
2010-06-28,,0.15468241645987652,0.1735806377886643,
2010-06-29,,0.12870668240463382,0.13947111913618443,
2010-06-30,,0.12806575058180233,0.13875247427227735,
2010-07-01,,0.05104565976874859,0.03736916333471696,
2010-07-02,,-0.03877082430327402,-0.08087861221174439,
2010-07-05,,0.07727971847328576,0.07219420756589097,
2010-07-06,,0.2062273288455248,0.2422494317333626,
2010-07-07,,0.3090602425200079,0.37781434622850324,
2010-07-08,,0.32038863798111206,0.3927763352784422,
2010-07-09,,0.27925589444814136,0.338667414768497,
2010-07-12,,0.343600187246526,0.4234149709910226,
2010-07-13,,0.3284045497076871,0.4034343267182154,
2010-07-14,,0.2467146700957094,0.29600261082073287,
2010-07-15,,0.17847939399457824,0.20631612192316484,
2010-07-16,,0.1371821940289082,0.1520896109737476,
2010-07-19,,0.1094224661014259,0.11567991248134121,
2010-07-20,,-0.08149136876651941,-0.135417420740317,
2010-07-21,,0.0009739495117007093,-0.026787989833806192,
2010-07-22,,0.12465499050276588,0.13607286827054046,
2010-07-23,,0.24827036194716387,0.29881031700949207,
2010-07-26,,0.3301149904987223,0.40650408340632926,
2010-07-27,,0.43960444984943786,0.5503550434384015,
2010-07-28,,0.520729045868839,0.6566320677066618,
2010-07-29,,0.5594028034213859,0.7069363202820201,
2010-07-30,,0.4993935433007794,0.6278780941016939,
2010-07-31,,0.4679234400405151,0.5863829532741114,
2010-08-02,,0.5075807420770484,0.6380274438601066,
2010-08-03,,0.4900484099192624,0.6147830914489365,
2010-08-04,,0.5155424432670763,0.6477926041598604,
2010-08-05,,0.4115248544658904,0.5116509545126378,
2010-08-06,,0.3077784543662902,0.37606583027793966,
2010-08-09,,0.33506075340550445,0.41171874094045713,
2010-08-10,,0.17232989104263727,0.1992166564762525,
2010-08-11,,0.12726135444593076,0.1404467959392425,
2010-08-12,,0.17086291933441305,0.19750597801692976,
2010-08-13,,0.24412942284301048,0.293284401765723,
2010-08-16,,0.1830416907127701,0.21359345821833572,
2010-08-17,,0.256985689302807,0.31022756243488403,
2010-08-18,,0.2856342411450154,0.347678269223497,
2010-08-19,,0.20824332104309876,0.24672755390152867,
2010-08-20,,0.14613382049603624,0.16575075019455585,
2010-08-23,,0.08404549062146946,0.08480955586932419,
2010-08-24,,-0.11657883969194532,-0.17695378823082752,
2010-08-25,,-0.224301337597962,-0.3173796790329252,
2010-08-26,,-0.30082778455864567,-0.4169793982712133,
2010-08-27,,-0.17422887999461223,-0.2516906876596165,
2010-08-30,,-0.2047479537057416,-0.29133533055221816,
2010-08-31,,-0.2983547092866414,-0.4131452569353413,
2010-09-01,,-0.24915305627452014,-0.34880772839596635,
2010-09-02,,-0.23188052684057364,-0.3261156332580996,
2010-09-03,,-0.1184802994000429,-0.17824365211251542,
2010-09-06,,-0.10177788380720888,-0.15637073009753788,
2010-09-07,,-0.23082271730439688,-0.3243084068464951,
2010-09-08,,-0.18077364041536245,-0.2589781306595317,
2010-09-09,,-0.048931674662276235,-0.08717882933589856,
2010-09-10,,0.01709889894526862,-0.0010892857539115523,
2010-09-13,,-0.0161069545647868,-0.04423167436268715,
2010-09-14,,-0.03268569099004114,-0.06572078412408178,
2010-09-15,,-0.049264537387055565,-0.08720904222979695,
2010-09-16,,-0.06584335190611512,-0.1086955204697536,
2010-09-17,,-0.0655302714365967,-0.1081856478016083,
2010-09-20,,-0.11615903961753424,-0.173999318466999,
2010-09-21,,-0.21796284139152888,-0.30638856217535154,
2010-09-22,,-0.13104354233039534,-0.1931239196492559,
2010-09-23,,-0.061389389597069605,-0.10235751884437776,
2010-09-24,,0.09495403356165596,0.10123966518003225,
2010-09-27,,0.024699434333467784,0.009891533232237437,
2010-09-28,,0.042060141576051764,0.0325845905036294,
2010-09-29,,0.18270486606472003,0.21573377181672324,
2010-09-30,,0.18167925024690704,0.21448201508376696,
2010-10-01,,0.10948626249547051,0.1206204611761029,
2010-10-04,,-0.016368841041171145,-0.043075552022094336,
2010-10-05,,0.0016664270556097688,-0.01951007346358266,
2010-10-06,,0.07394499913834342,0.07464797796772175,
2010-10-07,,0.09168973221427335,0.09783411717010217,
2010-10-08,,0.018074320210987385,0.0021243312744824755,
2010-10-11,,-0.03717043699657172,-0.06967727422591158,
2010-10-12,,0.03685460664961082,0.026749798119409463,
2010-10-13,,0.16655433049842844,0.1956216296769068,
2010-10-14,,0.184265966341324,0.21874829903721194,
2010-10-15,,0.1644713471456454,0.1930738187073671,
2010-10-18,,0.08813503541023694,0.09383941389140452,
2010-10-19,,0.049713810805980106,0.043938783118798556,
2010-10-20,,0.12561160620079784,0.14277968977437897,
2010-10-21,,0.20147843449758923,0.2415611858728504,
2010-10-22,,0.2772768370046638,0.3402045583555912,
2010-10-25,,0.2176682754462628,0.2627325878052272,
2010-10-26,,0.33297583073069686,0.4126810649280283,
2010-10-27,,0.4285089831816459,0.5367333200853648,
2010-10-28,,0.24946027444221194,0.30408676625598546,
2010-10-29,,0.12970507033598133,0.14855909775653758,
2010-10-31,,0.049630634111655275,0.04459979433729719,
2010-11-01,,0.02936268149982124,0.018351138368346454,
2010-11-02,,0.04917551960972655,0.04418203475954125,
2010-11-03,,0.04884269868662469,0.043835883664966865,
2010-11-04,,0.008005545074739369,-0.009140718169333727,
2010-11-05,,0.06896905080826518,0.07015884896408134,
2010-11-08,,0.048061617376117804,0.04307783585104023,
2010-11-09,,0.08888141860512648,0.09620174452437902,
2010-11-10,,-0.20121693506732058,-0.28060472343215215,
2010-11-11,,-0.26252788169210306,-0.36007515011305213,
2010-11-12,,-0.2611409941637867,-0.3580946903411262,
2010-11-15,,-0.1548167982148067,-0.21992766185047805,
2010-11-16,,-0.13294926184283484,-0.1914365002972618,
2010-11-17,,-0.21715261055907467,-0.30061233415356686,
2010-11-18,,-0.08809910714022991,-0.1330112328735471,
2010-11-19,,-0.10913448901824323,-0.16022194529436826,
2010-11-22,,-0.2594248400423757,-0.3551065010024247,
2010-11-23,,-0.49588422340635996,-0.6612839321220925,
2010-11-24,,-0.4060261025127376,-0.5443850957443537,
2010-11-25,,-0.2727247543117074,-0.3714731670537247,
2010-11-26,,-0.2712517936926752,-0.3693810913615137,
2010-11-29,,-0.3138841469412774,-0.4243580849955906,
2010-11-30,,-0.5113374276314053,-0.6792980224198641,
2010-12-01,,-0.374811041124549,-0.5023730195402154,
2010-12-02,,-0.23853661417682032,-0.32603767474953194,
2010-12-03,,-0.19229563172970612,-0.2661477074677374,
2010-12-06,,-0.25906312559631584,-0.3522696844727969,
2010-12-07,,0.01493752662272438,0.001841551770513666,
2010-12-08,,-0.008011793441714567,-0.027733045053177037,
2010-12-09,,0.26748170729588794,0.3282560433725635,
2010-12-10,,0.3811922397276988,0.4750699105334651,
2010-12-13,,0.30945854385534866,0.38242757415780104,
2010-12-14,,0.44720095719593755,0.5600707871828718,
2010-12-15,,0.5610561162133663,0.7065067935422906,
2010-12-16,,0.6040907802024699,0.7613592283503867,
2010-12-17,,0.27058787685671615,0.33177921225800194,
2010-12-20,,0.17427174475114812,0.20779403558384366,
2010-12-21,,0.292301840437335,0.35980571129502353,
2010-12-22,,0.4817448512355022,0.6034582875008239,
2010-12-23,,0.40670723984475454,0.5067694269771561,
2010-12-24,,0.38009291149960694,0.4724463144471395,
2010-12-27,,0.3777738752469388,0.4693778595062644,
2010-12-28,,0.6184967498876569,0.7781094489012647,
2010-12-29,,0.7114766876867221,0.8964025393587475,
2010-12-30,,0.5595792414260905,0.7011299320947811,
2010-12-31,,0.2853253961649999,0.34972033951066667,
2011-01-03,,0.2836112775415184,0.3475320517342163,
2011-01-04,,0.3316222823616093,0.4089930012175743,
2011-01-05,,0.32959961491463297,0.40636974953090815,
2011-01-06,,0.17693361531111843,0.21098537973438805,
2011-01-07,,-0.026201989506061875,-0.048978070436367996,
2011-01-10,,-0.25466433702743946,-0.3412847399427276,
2011-01-11,,-0.15133549028998153,-0.2089537219592121,
2011-01-12,,-0.22757124511128257,-0.30638815063045527,
2011-01-13,,-0.32948216698223537,-0.4365583071829996,
2011-01-14,,-0.19826786475282798,-0.2686211220983578,
2011-01-17,,-0.015020577496819476,-0.034200993051745524,
2011-01-18,,0.08967473336144036,0.09975825595573941,
2011-01-19,,0.06276778490952074,0.06541590430517272,
2011-01-20,,0.11523524267566491,0.13257872616971647,
2011-01-21,,-0.045076906405865876,-0.07236264615456221,
2011-01-24,,-0.04495297827182511,-0.07213556160844388,
2011-01-25,,-0.1254647326550012,-0.17501415829902595,
2011-01-26,,-0.1519237038175811,-0.208761829910702,
2011-01-27,,-0.015421138641839909,-0.03416235168293935,
2011-01-28,,-0.20656349208120492,-0.27844795263428346,
2011-01-31,,-0.15067680291627805,-0.20691721127131216,
2011-02-01,,-0.03963144370939012,-0.06489996357630552,
2011-02-02,,0.07141025747572456,0.07710938839166091,
2011-02-03,,-0.20786679997597723,-0.2797789273811006,
2011-02-04,,0.04535050512323438,0.04392402284822695,
2011-02-07,,0.24215569448355054,0.29548791785443324,
2011-02-08,,0.46685664956533757,0.5823963277601848,
2011-02-09,,0.32192809363135444,0.39725683315148447,
2011-02-10,,0.20575447057668889,0.24895338606474807,
2011-02-11,,0.20450499313008236,0.2473997096683,
2011-02-14,,0.14554025586974628,0.17217652815482087,
2011-02-15,,0.11561287935393215,0.13403027192332484,
2011-02-16,,0.11486395064363215,0.13313398565222323,
2011-02-17,,0.055469072664631656,0.05737506231943156,
2011-02-18,,-0.033404668289389795,-0.05601426912915287,
2011-02-21,,0.025914557158926578,0.019772090492029524,
2011-02-22,,-0.15311730307261032,-0.20869014964670418,
2011-02-23,,-0.03263871311818167,-0.05484320491462371,
2011-02-24,,-0.24331085121937526,-0.3236274018758175,
2011-02-25,,-0.15135789947628903,-0.20619817301048726,
2011-02-28,,-0.059428951336805834,-0.08882478385110278,
2011-03-01,,0.0936545365289322,0.10658036234670651,
2011-03-02,,0.0008019523256520155,-0.011843469564150364,
2011-03-03,,0.18606573817132768,0.22460662777680587,
2011-03-04,,0.06068977407073972,0.0646926889505132,
2011-03-07,,-0.15835068076114944,-0.2147114115160784,
2011-03-08,,-0.06347602591758504,-0.09360445800073221,
2011-03-09,,-0.2840830457895209,-0.3749026578510155,
2011-03-10,,-0.4092937832396161,-0.534281771359261,
2011-03-11,,-0.5023262056901061,-0.6523469108063326,
2011-03-14,,-0.5630608463875442,-0.7289958233411709,
2011-03-15,,-0.7192982147968251,-0.9264498144027266,
2011-03-16,,-0.8420527608993895,-1.0802914944387567,
2011-03-17,,-0.80327026306656,-1.0292095470764098,
2011-03-18,,-0.5716483866544311,-0.7351737393204419,
2011-03-21,,-0.405870921302109,-0.5251289712127178,
2011-03-22,,-0.33832415873274907,-0.439504553722012,
2011-03-23,,-0.10685108447333025,-0.14681865723722468,
2011-03-24,,0.09160510278786632,0.10410994170518728,
2011-03-25,,0.323085963170491,0.3966940946809806,
2011-03-28,,0.32115497316240416,0.3942225203064605,
2011-03-29,,0.452953173938969,0.23860851534782934,
2011-03-30,,0.3157655776264991,-0.013689147114272325,
2011-03-31,,0.14495510905709777,-0.15247123537986024,
2011-04-01,,-0.19570757710474226,-0.5525558875960567,
2011-04-04,,-0.1947426476404832,-0.5160350300802521,
2011-04-05,,0.01219175483342538,-0.40546038920661204,
2011-04-06,,-0.02248502715488539,-0.5382972108367364,
2011-04-07,,0.08163109844252368,-0.3737296708711215,
2011-04-08,,0.3251303361807336,0.08655933724704479,
2011-04-11,,0.4281359396313825,-0.22756448163893922,
2011-04-12,,0.35515882223865336,-0.12302271028299465,
2011-04-13,,0.49417919621021855,-0.04931369988861961,
2011-04-14,,0.5971493604325766,-0.16246991542800474,
2011-04-15,,0.37965096594630937,-0.6502973620102658,
2011-04-18,,0.09085423156805303,-0.3517197463955916,
2011-04-19,,-0.1978949430425032,-0.9698135815448098,
2011-04-20,,-0.12455593195792623,-1.133282754166187,
2011-04-21,,-0.16040496752828015,-1.2572358725010975,
2011-04-22,,3.0,-1.3795624978341243,
2011-04-25,,-0.5498728221413091,-1.2246367099347517,
2011-04-26,,-0.6342986664816742,-1.3438523970937184,
2011-04-27,,-0.6300821232824378,-1.4032518380966787,
2011-04-28,,-0.6553696695727179,-1.6300173304634977,
2011-04-29,,-0.5917600135462837,-1.4883760468893317,
2011-04-30,,-0.7066705498089175,-1.5754593286670842,
2011-05-02,,-0.6421158940998928,-1.1022003366853776,
2011-05-03,,-0.8168425571477972,-1.0510279424374007,
2011-05-04,,-0.8701483191552767,-0.9814408097296016,
2011-05-05,,-0.9526110006077275,-0.70993395147489,
2011-05-06,,-1.0337530442513478,-0.7343083903880866,
2011-05-09,,-1.0835693402693203,-1.188000664682528,
2011-05-10,,-0.7433200975338216,-1.2320948765953357,
2011-05-11,,-0.6774660954046587,-0.8195364699783271,
2011-05-12,,-0.6423946141505084,-1.0766234427255281,
2011-05-13,,-0.5466840224738401,-0.6319347397080445,
2011-05-16,,-0.48200475259944653,-0.17783606369615534,
2011-05-17,,-0.41755860187217875,-0.34384234246575207,
2011-05-18,,-0.3841970876182692,-0.7509364311405814,
2011-05-19,,-0.3819758816474126,-0.9775501295837872,
2011-05-20,,-3.0,-0.35437172622021496,
2011-05-23,,-0.3195342738377177,-0.12926326354460266,
2011-05-24,,-0.317665768802795,-0.2840298059801943,
2011-05-25,,-0.39302236969938,-0.6393854291317549,
2011-05-26,,-0.46815479388277426,-1.0694182205840286,
2011-05-27,,-0.5170569871213198,-1.1571447202790666,
2011-05-30,,-0.46159767166672105,-1.0766427920493176,
2011-05-31,,-0.48483632215955424,-1.275673808131011,
2011-06-01,,-0.5604874879390125,-0.3619602938403151,
2011-06-02,,-0.5303514566688833,-0.40188075259934275,
2011-06-03,,-0.47388409225310707,-0.3839821984653492,
2011-06-06,,-0.4442354237198499,-0.15461923994075363,
2011-06-07,,-0.3344552386627234,-0.17430856916115145,
2011-06-08,,-0.5472630878771557,-0.1768115989953698,
2011-06-09,,-0.5166376020155761,-0.5191787770146131,
2011-06-10,,-0.5402555959188788,-0.14481949512511386,
2011-06-13,,-0.48229082725097244,0.2013615041978831,
2011-06-14,,-0.2605864139113859,-0.03855999749354925,
2011-06-15,,-0.5060775052666522,0.7997784368673698,
2011-06-16,,-0.7774535910320483,0.9413303981249198,
2011-06-17,,-0.771215676629962,0.5833218134485783,
2011-06-20,,-0.7374768497861428,-0.08052015958628267,
2011-06-21,,-0.5655095044811447,-0.2950171181715204,
2011-06-22,,-0.5615819907985171,-0.4212728999005816,
2011-06-23,,-0.8087950467171724,-0.4428795976935975,-1.0549994914186254
2011-06-24,-0.9664862389530232,-0.7462446065594072,0.30612165737605085,-2.2906849403973624
2011-06-27,-0.9280773251731127,-0.628133292954584,0.23179826056142266,-1.5675294910386204
2011-06-28,-0.7976510048210583,-0.3411972364581248,0.05182142855275477,-2.7703582384918013
2011-06-29,-0.764438509918259,-0.13996480641548703,-0.42895515622425845,-2.6292615734112026
2011-06-30,-0.6666319437190869,0.14704140814417452,-0.3571906317485287,-3.0
2011-07-01,-0.6848159689351697,0.2326840354352608,-0.49523139074161066,-3.0
2011-07-04,0.007449118129979082,0.26048352765261906,-0.45100888434628,-3.0
2011-07-05,-0.6093593554849285,0.14309271560135653,-0.5139619811370113,-2.9795805069519035
2011-07-06,-0.5469773038986196,-0.00347479542315815,-0.5785653807433268,-2.3979873625012247
2011-07-07,-0.6510999469194105,0.23153259607670662,-0.433306170650471,-2.574737158062292
2011-07-08,-0.5709958873288073,-0.09404872196665383,-0.8274451607399304,-2.051223964932739
2011-07-11,-0.5920696056010588,-0.2712262959464558,-0.06937006808096075,-1.0997950818642723
2011-07-12,-0.7136796245233924,-0.38856264820909775,0.3745094389909796,-0.10403253436952263
2011-07-13,-0.42085809702695653,-0.5353590945615485,0.19888184220767463,-0.9367564233670327
2011-07-14,-0.4200308302853012,-0.17148991031274927,0.9927796383865695,-0.8958002208538559
2011-07-15,-0.37617585271311466,-0.10992035430994289,0.5442772572743374,-0.7638307851681279
2011-07-18,-0.3803272040180211,-0.13949334358439963,1.0661756444323092,-0.29437254483334685
2011-07-19,-0.444293889754336,-0.13852703403438957,0.35265235844656434,-0.5339264918798149
2011-07-20,-0.5295270943097842,-0.07617802905365274,0.3756838292751577,-0.9804432418363751
2011-07-21,-0.5742970581924884,0.1404532669198134,0.010794033688462752,-1.5497825542740702
2011-07-22,-0.5616878432233031,0.41882649951718165,0.33749851826658206,-1.9521304611971313
2011-07-25,-0.577057738633839,0.6029179178778817,1.3174556706703493,-1.5096363481138844
2011-07-26,-0.5377846035815865,0.47438025555444857,1.505246703062377,-1.8281411981254967
2011-07-27,-0.5455728881664984,0.25207945066803,2.2813308969814634,-1.537850302098395
2011-07-28,-0.47003254921507737,0.12463057964028602,2.317334427082047,-1.2354873031937799
2011-07-29,-0.4983424904987743,-0.2566694955608461,2.2997783825724336,-0.9196988534191721
2011-07-31,,-0.4461298684551772,1.953317657516766,
2011-08-01,-0.2610579050287794,-0.5070762612637152,1.2600809215929158,-1.7859133634569162
2011-08-02,-0.33411201035752897,-0.40734391271286435,1.6766150387117518,-0.47399386568747615
2011-08-03,-0.3356925755429626,-0.34014031253056304,1.2240271291711464,0.35502197732167956
2011-08-04,-0.29470500452932785,-0.8550984935012816,1.5513290878895303,0.1799512482051602
2011-08-05,-0.31646001710955873,-0.6538191542404345,1.737840846921376,0.41637406323538967
2011-08-08,-0.2964380283821529,-1.3259979447067922,0.9919314947378207,0.20788760218976943
2011-08-09,-0.4094774574089739,-1.751724565429821,0.5007701769622488,0.6969854772554217
2011-08-10,-0.2973916958393856,-1.78227932382952,0.4342466063005682,0.16728811260394855
2011-08-11,-0.27404670093441813,-2.115927162421337,0.017076880995512873,0.3547238776117865
2011-08-12,-0.09418719240884676,-1.9457141333824977,0.16720684759049664,0.3149524800562167
2011-08-15,0.00046431607380530685,-1.5437233799727479,0.10079636722200402,0.26086747523752485
2011-08-16,-0.014440338054512444,-1.489621394856168,0.24764463022344108,0.06525241618340424
2011-08-17,-0.012788506508852757,-1.5577551960730671,-0.11086403658802518,-0.062122833355071225
2011-08-18,0.05164209247589351,-1.8893283104016327,0.12002223987372557,-0.07096264252464737
2011-08-19,-0.0020116781438631747,-1.8217338781645402,0.16404557279827062,0.2045415540133867
2011-08-22,0.08013465279995195,-1.8154337662935254,0.1357331499981476,0.2271489583689606
2011-08-23,0.11752506525974868,-1.8090827116320756,-0.29211571268668357,0.030686203761426965
2011-08-24,0.11866242023363376,-1.83112294408194,-0.459221618360871,0.22621756018295713
2011-08-25,0.18800360692409526,-1.9915900173651484,-0.2517090979222581,0.16686190888161673
2011-08-26,0.14581702863101903,-1.9474587362395896,-0.848854637385517,0.2336359097498163
2011-08-29,0.2002125678206056,-1.7956804019021504,-1.150245656577973,-0.06724742493003542
2011-08-30,0.31078268719090046,-1.788350368313486,-1.108260577622742,-0.2746897341265851
2011-08-31,0.1994560464439752,-1.4812925752477735,-0.9138497137633126,-0.5390552865893584
2011-09-01,0.2386059578751941,-1.4314363162602097,-0.8549285171506994,-0.7463128775168344
2011-09-02,0.25809756085927116,-1.3011940331370844,-0.448696493363247,-0.7696711877167933
2011-09-05,0.275886156033443,-1.2019000670489859,-0.35594588353589496,-0.21413855051686181
2011-09-06,0.30643499171546046,-0.5523225388545566,0.8500951041460043,-0.3301543635170318
2011-09-07,0.3283207721901871,0.0953951587542208,1.2021272397954683,-0.5562404853670269
2011-09-08,0.14383409980538991,0.06730500235188995,1.2496965021637017,-0.8520221351969134
2011-09-09,0.14882782858383145,0.1807122677650549,1.8502018184049043,-0.5149990205203517
2011-09-12,-0.01873975651406742,0.03807883860946897,1.609700468926207,-0.11380834369503702
2011-09-13,0.03896279909486022,-0.2759990888146189,0.9687516074403477,0.12368506465040321
2011-09-14,0.035807827734785115,-0.33120160527009623,0.5978577030225016,0.5328054291969039
2011-09-15,0.037421295236597096,-0.3574526606971624,0.23705019783172315,0.09763814123058658
2011-09-16,0.21850709251507877,-0.20983317761955114,0.2939332143744615,-0.3764130180541666
2011-09-19,0.3904075537276791,-0.5570818090789682,0.04966766223165933,0.05673789991642236
2011-09-20,0.5190782104043524,-0.6108888930497643,-0.019054812578612912,-0.16289993471368266
2011-09-21,0.49781653701413203,-0.722649018497565,0.33896175008404594,-0.3034727082760254
2011-09-22,0.5363636218260026,-1.8104704415184214,-0.6396849710737003,0.7709158221719793
2011-09-23,0.5125841251693659,-1.9973688114200718,-0.9766357890715214,0.967985862938908
2011-09-26,0.5061061462751105,-2.0067817495174474,-1.3125225381994647,1.238415769241949
2011-09-27,0.4453238777078804,-1.9878382165844688,-1.4898579241830479,0.7075797999055474
2011-09-28,0.5155307480985746,-1.8087056657072684,-0.9444854065980176,0.510756685214006
2011-09-29,0.55985502218374,-2.0377522429681125,-1.5523363095253415,0.5102873375346735
2011-09-30,0.6244268588238223,-2.1968125924841857,-1.4029550186542254,0.45632084423697805
2011-10-03,0.7086075419709458,-2.240075164929252,-1.3036820098794253,0.5071948163974411
2011-10-04,0.6355297682797466,-2.645040166754972,-2.409496275207364,0.968066673605065
2011-10-05,0.5918456249725009,-2.2648954670892127,-2.2322088556842425,1.0151043842647227
2011-10-06,0.5710534288315783,-1.9620546358227715,-1.9939524685446843,0.6018685500205829
2011-10-07,0.5441647563081378,-1.5075804641419095,-1.4044768642086767,0.04281770460446914
2011-10-10,0.3633171986207897,-1.3127980509381036,-1.456421109886132,0.5998072620051033
2011-10-11,0.31548300452676786,-0.7549968821370282,-0.7261457341926938,0.08293853903691803
2011-10-12,0.3289298026208816,-0.32567736306580103,-0.3070877750728048,-0.22156403582125692
2011-10-13,0.2782964930464551,-0.22269068657807073,-0.22651095080594705,-0.6891450858760296
2011-10-14,0.3058616477689607,0.05640081657141173,-0.09275500812791755,-0.759034797006632
2011-10-17,0.32076895340843475,0.0569451133136715,0.4087051363238579,-1.25059256425409
2011-10-18,0.4821331051696106,0.3626693967240002,0.6338877301405672,-0.1141898525884628
2011-10-19,0.5091814723571457,0.4634413321262597,1.0419538890533309,-0.6610824025748753
2011-10-20,0.5824500294264888,0.5893958751510313,1.2282396016296395,0.3610404019393821
2011-10-21,0.5726050060411354,1.5264758306175448,2.113638347092284,0.08509851042049862
2011-10-24,0.49322685573873326,1.998962408085163,2.5126346499727177,-1.5179945174536933
2011-10-25,0.34912822009017064,2.101980800797524,2.873493286720613,-1.9175714266950807
2011-10-26,0.36266463463264337,2.125773506234261,2.6546119512371797,-2.021396656130012
2011-10-27,0.29796217609180076,2.628382417818038,2.8887820903246126,-2.046613188599824
2011-10-28,0.2567098388350776,2.543206200104728,2.701428272211743,-2.0764629618082426
2011-10-31,0.2980056622081725,2.508250313575557,3.0,-1.9987574073446315
2011-11-01,-0.03875927342648866,2.261038239374065,3.0,-1.8401327944545125
2011-11-02,-0.05537078918901723,2.6839807989576876,3.0,-1.8630766258906275
2011-11-03,-0.09694339528816849,2.592456972888411,3.0,-1.5952429173019342
2011-11-04,-0.027030218976841495,2.2292108139088103,2.5724166992979303,-1.8907497390813806
2011-11-07,0.054514340951953975,1.8112924705434834,2.0528670755427636,-1.7844900306048903
2011-11-08,0.09956830633711579,1.8778729879296658,1.9591931986069648,-1.6005945345351151
2011-11-09,0.0653783517404223,1.3394078141832326,1.9250560827758612,-1.6858939704541458
2011-11-10,0.06551577993534553,0.997414908159279,1.2903655177237083,-1.0731550022412355
2011-11-11,0.24257826118105358,0.9269906363657897,1.0145424024219682,-1.2541180517330817
2011-11-14,0.2868560343579574,0.6515629184094817,0.7731168484015649,-1.413593810751847
2011-11-15,0.15826373900380195,0.626607397681299,0.7481001605471541,-1.2455459347917412
2011-11-16,0.1817352203718772,0.5602018836122126,0.8272188684760491,-1.1904804852789215
2011-11-17,0.11464337167531428,0.3894740724063697,0.6964369490725553,-1.2224251554421364
2011-11-18,0.22131406144008936,0.4716085385432811,0.6101809328605682,-0.6752290150074725
2011-11-21,0.14170363900014343,0.2999462344999398,0.47530730993658454,-0.33808196333093865
2011-11-22,0.4776756393228789,0.043360683852427154,0.11455825625403535,-0.43197019301001827
2011-11-23,0.547977222566507,-0.08487927503705558,0.10709391656965761,0.27339912094860847
2011-11-24,0.7676713535298201,-0.1700807320697236,0.005739940209823678,0.13999351746295877
2011-11-25,1.0999332550316192,-0.814478681899016,-0.6970863522510362,0.26426765032811844
2011-11-28,0.7516931461195869,-0.6783357177474917,-0.712244205401156,-0.701764236331096
2011-11-29,0.7223579293441323,-0.6296919063497799,-0.7644603134494361,-0.7498491867679559
2011-11-30,0.825499793681307,-0.12471473135413416,-0.39533372812325734,-0.9099574495828947
2011-12-01,1.1249067325241549,-0.12369588953580679,-0.4215312762846062,-1.5451405675665424
2011-12-02,1.1080753986444598,-0.27671421918047495,-0.5856482728161052,-1.4867232725778001
2011-12-05,0.9777326338440636,-0.20844979415673698,-0.48413658329216536,-1.5546292002654012
2011-12-06,0.978781626336771,-0.16247888321254464,-0.41031888611041506,-1.0899316925980271
2011-12-07,1.0390677646916218,-0.40678239750927253,-0.6457457855596948,-1.249387262231148
2011-12-08,1.0136843126338817,-0.35909034096759723,-0.45037854030575747,-1.1223180767939898
2011-12-09,1.1057102875829334,-0.35655714372139014,-0.7588853300479426,-0.6274239850138263
2011-12-12,0.855002637547028,-0.4670503036286889,-0.9321036084455114,-0.5505051913191533
2011-12-13,0.8262599750274423,-0.5090047174816393,-0.9936285947406629,-0.42136412889999475
2011-12-14,0.8975663155256302,-0.5962106925387376,-1.0387238488820398,-0.2542827417532865
2011-12-15,0.8829011849205839,-0.5231039429698314,-1.0217453390837117,-0.02526727446548725
2011-12-16,0.8788940382801711,-0.4503653751958599,-0.9970234123067173,-0.26996117663978614
2011-12-19,0.778761330148484,-0.5622168121368555,-1.0671499349518718,0.15486368821843152
2011-12-20,0.7829340938166213,-0.23388001211571127,-0.8286774698925067,-0.18227181995909986
2011-12-21,0.8234273567163488,-0.02235464394363776,-0.7269800690927205,-0.5970140626431302
2011-12-22,0.9446814941867157,0.1656869519481323,-0.5366084295614642,-0.6832558520076997
2011-12-23,0.8251275331321051,0.25940108201567014,-0.46238328947679674,-0.8635865925397536
2011-12-26,1.732549669361316,3.0,-0.3554220422616621,-0.9014080107484891
2011-12-27,0.7701642562374144,0.12825987598280114,-0.41865060709223056,-0.7370362197352467
2011-12-28,0.5870969214590769,0.1278791459445763,-0.2913128733264524,-0.4025210849856468
2011-12-29,0.5909627509206212,0.06560476287924993,-0.4364571996863318,-0.3367456869880811
2011-12-30,0.2630106126947996,-0.017404288118355295,-0.4807391716418065,-0.5284353746262327
2011-12-31,,-0.03785015521683031,-0.5042752996729122,
2012-01-02,1.070372672568098,3.0,-0.6341158208221237,-0.74547913069007
2012-01-03,0.7939256976126038,0.009126942125098651,-0.39664856555486494,-1.416572156504763
2012-01-04,0.7938308006003126,0.1395958535585163,-0.2659398315050209,-1.2625747602364732
2012-01-05,0.8023031242948478,0.25129254242605586,-0.16154040754980162,-1.0591457129528543
2012-01-06,0.8391351662090881,0.21254482276015937,-0.2835810735459962,-0.8700816842860979
2012-01-09,0.6731999244907367,0.2871622901167351,-0.13648309792696137,-1.0110429054907037
2012-01-10,0.5503200373126991,0.38062478296038116,-0.02912762161648709,-1.5354482130076812
2012-01-11,0.3215483884919401,0.4167093746209501,0.05627301783494915,-1.4716670455649759
2012-01-12,0.90509508636302,0.4526880587156261,0.06376751459371252,-1.4498087986540362
2012-01-13,0.8929410197262918,0.45013435815371367,0.10042738443995884,-1.4330304808102967
2012-01-16,0.7659462318072929,0.5054573932498568,0.18430202275291027,-1.437460498068142
2012-01-17,1.1261057176184823,0.38621086169091834,0.12308069385244147,-1.835766023218951
2012-01-18,1.1134092855186253,0.36465976574223097,-0.01685841432396393,-1.9498371916851032
2012-01-19,1.3875401523232733,0.4801188163436311,0.06758314102708975,-1.8450315266481792
2012-01-20,1.411216492421999,0.4969572975198721,-0.039661382143294024,-1.8101384278989798
2012-01-23,1.4406107434749829,-3.0,0.13889476626304534,-1.8079030965724425
2012-01-24,1.3815718842376374,0.6435721875428723,0.24629126280942262,-1.7909700773800161
2012-01-25,1.3279620326277177,0.692744696465808,0.2805328431067911,-1.7024510434274678
2012-01-26,1.4641134932040372,0.7414901701707497,0.3896579229236365,-1.829475243507791
2012-01-27,1.4366899272343177,0.7539597021328619,0.413556616511293,-1.7949534109058711
2012-01-30,1.4641142169526222,0.7124398561841914,0.42918483796414314,-1.7041529762191003
2012-01-31,1.0460521169587655,-3.0,0.4008593297496603,-1.7215187593555157
2012-02-01,0.7966768470284042,0.631391791567696,0.2308996944190005,-1.6923660662431952
2012-02-02,0.8395209139056496,0.5775934910822945,0.09004113300786251,-1.7392979310348686
2012-02-03,1.0297464959034073,0.6569350085415494,0.1614878987608912,-1.6362181877349762
2012-02-06,1.1373899184708791,0.6358192390243098,0.19098995390145831,-1.5988235536428896
2012-02-07,0.731171503020021,0.6983638732556974,0.30174504822456766,-1.56358801373014
2012-02-08,0.7102224593618408,0.7101514644651379,0.37731666740909736,-1.5989158636013692
2012-02-09,0.5221117657202149,0.8559229289040072,0.6916294594646272,-2.3383336936446923
2012-02-10,0.5424592492356766,0.7985223536630052,0.791902553662809,-2.135671606993011
2012-02-13,0.4160252702312878,0.8595554408908517,0.7470584106936354,-2.072674639429425
2012-02-14,0.4578715297657726,0.8692557097399282,0.8171737681995382,-1.9242707466992075
2012-02-15,0.406308108645197,0.8788209885512619,0.9869325989364002,-2.026637495295916
2012-02-16,0.42475273190049917,0.8544541539197539,0.7701891006633398,-1.7892908049319027
2012-02-17,0.214036706644255,0.7795288276765363,0.5081676060703346,-1.8118791736526876
2012-02-20,-0.42425251250495993,0.6883302485765767,0.35079690983576595,-1.7904362687779096
2012-02-21,-0.47799257689273744,0.6662869847466171,0.3564265483120566,-1.7033182733471057
2012-02-22,-0.3581414103764087,0.6958906120509794,0.41696811639631265,-1.6622590848234933
2012-02-23,-0.46424968443765785,0.7080383488390366,0.3152331722775231,-1.4914245961007153
2012-02-24,-0.2701650580732609,0.6855779102973153,0.3309307830652138,-1.4891200009262942
2012-02-27,-0.23709309909720164,0.6806244641298631,0.41303728620109864,-1.3611444432515771
2012-02-28,3.0,0.762491231103324,0.5470149164055303,-1.3916475828872503
2012-02-29,3.0,0.8607749481415478,0.7780612880173365,-1.4342159930200429
2012-03-01,3.0,0.8360673460949402,0.6280142309751374,-1.3094252747224777
2012-03-02,2.8668700460516092,0.8639407019887223,0.6899973870218583,-1.313023235065803
2012-03-05,2.8251003613625,0.8216250106677568,0.6939497762262427,-1.1739950705198527
2012-03-06,2.670288721582533,0.7272299288201396,0.8006662026693522,-1.0522888797049277
2012-03-07,2.616401410117696,0.7040962172700068,0.5872642733389761,-0.9589281759175541
2012-03-08,2.4326174571237096,0.734112086738225,0.5383432227643181,-1.0722016202221902
2012-03-09,2.2246220030414485,0.7107686653427666,0.42034795662382607,-1.0572873803333351
2012-03-12,2.0835450255595953,0.7586116730074267,0.37151053916439014,-0.9741470743873937
2012-03-13,2.1889705679137426,0.8591655226602958,0.4832745450657152,-1.008391929418811
2012-03-14,2.080730508793445,1.0113558674578502,0.8241085589807567,-1.011658973450634
2012-03-15,1.9724866006784243,1.4512807577574345,0.7302090043940286,-0.9813166091075446
2012-03-16,2.046964344233088,1.2860699870155146,0.6965248869921766,-0.9806437590826306
2012-03-19,1.871307823788746,1.2325148261453787,0.8129090240668241,-0.9253518556710533
2012-03-20,1.9048153382220137,1.0649084564004718,0.7936629283038676,-0.8371610335184971
2012-03-21,1.88928899863844,0.9132246410574035,0.4798858403837758,-0.8299937298551832
2012-03-22,1.7416090479175113,0.7971571380978812,0.2896947028130983,-0.7961024123096822
2012-03-23,1.8079849152603682,0.7374556453929776,0.14751212769466565,-0.7790311366889708
2012-03-26,1.7400080821178834,0.8056505961234349,0.025251386794176562,1.1552627928557646
2012-03-27,1.8210794671892974,0.8067686281206414,0.059858429911085115,1.0092891308269785
2012-03-28,0.20422013073062859,0.7724474940374153,0.014750793484745759,1.096545701154545
2012-03-29,0.08940333796182584,0.7714881110960035,-0.2545853655735738,1.1808255613135947
2012-03-30,0.24858557894173103,0.7002349547251693,-0.3859955963084137,1.0276401662060064
2012-03-31,,0.14067549536306515,-0.5873241843224171,
2012-04-02,0.4260126228877098,0.6732868457765724,-0.7729892918295176,0.9824616756573028
2012-04-03,0.5292375177083771,0.7729661773888904,-0.35099761928378304,0.87551255958208
2012-04-04,0.5150515164011892,0.5849221311745125,-0.5096228507897083,0.9987395302841644
2012-04-05,0.49857393251142706,0.46023681387682475,-0.790491438466908,0.9743745944683577
2012-04-06,-0.0851165834895465,2.2703012264185536,-0.9219678763496468,0.9563636485860695
2012-04-09,0.5475421883951199,0.10839646952144809,-1.0423005513581023,0.9840716765929346
2012-04-10,0.606966983316509,-0.10446216620547484,-1.3178593341073672,0.9528455015751152
2012-04-11,0.655631674057445,-0.10768536304631127,-1.6791682199694398,1.002977737383335
2012-04-12,0.3970042821370541,0.017114411990914662,-1.7653648306000962,1.0037629189545034
2012-04-13,0.3442691917375101,-0.048620390301887154,-1.6672263243795915,0.866289689550537
2012-04-16,0.12792648900406137,-0.15960133688218775,-1.8046451671825654,0.9151637535480244
2012-04-17,0.10236086149865259,-0.1733199599318979,-1.747220835438149,0.9776195609004575
2012-04-18,0.05902642801580611,-0.1766914187535425,-1.5687362297963106,0.8674653458493365
2012-04-19,-0.020649081539510974,-0.07157134055253833,-1.474312636329319,0.7769227292886102
2012-04-20,-0.019892585638837994,-0.009167303246838593,-1.4126262789007853,0.8023746667378177
2012-04-23,0.024867604241998,-0.10890900702166341,-1.4073821944822071,0.8833890492894078
2012-04-24,-0.183829915134202,-0.049857313427461296,-1.2781850673232393,0.8510463140557889
2012-04-25,-0.17120565180415465,0.019292997483200767,-1.3541615494580177,0.8961873014473505
2012-04-26,-0.23231640120872893,0.024257498337489698,-1.3275546841697978,0.8739756146354681
2012-04-27,-0.2954306721911938,-0.022788127412594925,-1.3348128117989415,0.8584529342298078
2012-04-30,-0.4061474530335084,0.18973923727983733,-1.1405182682952593,0.7340737641584334
2012-05-01,-0.5511518106579751,0.2392321762316358,-1.0187064461969702,0.7653859285499649
2012-05-02,-0.5618962246079227,0.31623908112087934,-1.1111565123641465,0.6446633109447387
2012-05-03,-0.7460614273957022,0.24771078084214923,-0.7394538544180294,0.6923469150397386
2012-05-04,-0.635943875401228,0.08554628302445491,-0.5437488099127268,0.7805168536433241
2012-05-07,-0.6383074200325203,-2.059645982420621,-0.5947002051916925,0.8902012018008897
2012-05-08,-0.5851592469022266,-0.07126935422384723,-0.41337933964161816,0.9425109458784741
2012-05-09,-0.6037517926042435,0.0055916851870400856,-0.24109963658886346,1.0424657632136949
2012-05-10,-0.9304050035317635,-0.03696128999664474,-0.2976210752623459,0.9880130754506031
2012-05-11,-2.1361914684242724,-0.048374927536900696,-0.39153504232722436,1.069356800933911
2012-05-14,-2.097118287292694,-0.31682331944250963,-0.49386110506595193,1.1884460099104632
2012-05-15,-2.0242766390999054,-0.47868005850097334,-0.616510490478142,1.1846745830807537
2012-05-16,-1.9432375807665443,-0.6714125427782367,-0.8876694550353945,1.326786401275261
2012-05-17,-1.7601217370652917,-0.8623014187531173,-0.9597803551001024,1.23612908522446
2012-05-18,-1.7011477098313177,-0.9440297777138326,-1.0580760445433524,1.2775023224420388
2012-05-21,-1.5698372759438979,-0.8561736746652295,-1.4263292041507392,1.2525397384571098
2012-05-22,-1.5523101750660637,-0.7454360247220874,-0.9897230763496443,1.1628151069329964
2012-05-23,-1.5392369799808805,-0.920344595550394,-1.4318835568874713,1.3411468997767106
2012-05-24,-1.4715482149429788,-0.882529086977053,-1.5236378073420933,1.230900572091991
2012-05-25,-1.4905060644472545,-0.8396773358068595,-1.5114202014935743,1.1941117515509352
2012-05-28,-1.477075898323854,-0.7497474839051668,-1.4884563769135455,1.1098907067290733
2012-05-29,-1.4316129725527686,-0.49665203083154325,-1.440394778725179,0.9830555130867732
2012-05-30,-1.3794363998331183,-0.6707627487299735,-1.5032959399617072,1.0516180288704733
2012-05-31,-1.4883293389772185,-0.7713421657150556,-1.7764099694911724,1.0084061071681478
2012-06-01,-1.8510340191139356,-0.9063359028883967,-1.9007770032006006,0.935960595956021
2012-06-04,-1.5690091611588457,-0.8485591604258625,-1.7540085036117101,1.0246502217694466
2012-06-05,-1.5116977435893997,-0.8257081721718772,-1.669840828629577,1.0205634158750365
2012-06-06,-1.4575901289261446,-0.577470229389379,-1.3828163935450837,1.218998395353313
2012-06-07,-1.452476749971128,-0.5638184287253742,-1.0300797197761138,1.1216722968918713
2012-06-08,-1.3988781679831401,-0.6769546092960868,-1.1609744290635637,1.198549181642657
2012-06-11,-1.3676612555277559,-0.5522063740209001,-0.7643612046933311,1.0435241782044895
2012-06-12,-1.4399728338918165,-0.6322579030567581,-0.5199937692866189,1.1073572033646004
2012-06-13,-1.3938988769899556,-0.5642417755316412,-0.20522719093023892,0.9927036690478361
2012-06-14,-1.3762543406656196,-0.7315645419267462,-0.2673121608666652,1.0645517850976682
2012-06-15,-1.3717465471208365,-0.6125495662520887,0.03434025256268239,0.9581096480177732
2012-06-18,-1.2457276507792772,-0.623971930450162,0.015556179167169013,0.8725210172320199
2012-06-19,-1.217343409233754,-0.5100135197771531,0.18608897279701453,0.8514165355092509
2012-06-20,-1.1195098955504355,-0.5460833254556599,-0.061323853539385825,0.788350659840815
2012-06-21,-1.108446403063859,-0.685659876357168,0.5263232541786543,0.8432211255351448
2012-06-22,-1.0464499391895,-0.7434565713873392,0.3224172737462754,0.9916026994118787
2012-06-25,-1.0761611878371304,-0.8315944883621219,0.5205198015852367,1.0132721484482619
2012-06-26,-1.0152278834657962,-0.7079473058879856,0.4830689763470209,0.9799568261769093
2012-06-27,-1.009757138655689,-0.5107988885394501,0.38532381119764286,0.9055359074958238
2012-06-28,-0.9783995025207363,-0.45810497275631235,0.6128486378711434,0.9531197417578512
2012-06-29,-0.9499592721624209,-0.19662169942601102,0.8752809521771302,0.7079756248934383
2012-06-30,,1.0148980963550043,1.1363699470143405,1.1941509065601459
2012-07-02,-0.844079596294339,-0.13197243835990766,1.0284395473602084,0.6923457132127963
2012-07-03,-0.7977771646621572,-0.09189749528068064,1.0040681271519114,0.5889188234761601
2012-07-04,-0.7380969276997013,-0.11423382579177399,0.5905371615818511,0.5828919301811866
2012-07-05,-0.7059700339553773,-0.13732232131338076,0.36916222374758456,0.5623774717637124
2012-07-06,-0.6184012285841008,-0.19910639314524647,0.2913655891879047,0.6172858622191055
2012-07-09,-0.5418374338209061,-0.37871516880217393,0.3147824413927228,0.6918451130956699
2012-07-10,-0.4180033260268545,-0.40933120217283586,0.3921768150774842,0.680592456435394
2012-07-11,-0.4314866998510769,-0.3792838215273254,0.4121268809732729,0.6770988951591302
2012-07-12,-0.33834081840570474,-0.5047700915435581,0.48565928393142493,0.8187978678137667
2012-07-13,-0.29904799117740005,-0.35975812284640857,0.38201241911673034,0.7452669543462661
2012-07-16,-0.23061189400869372,-0.29142827228352963,0.3853552942332592,0.7282357838037696
2012-07-17,-0.23120283077240725,-0.14485810903911545,0.3154836110415511,0.6507517277107165
2012-07-18,-0.20113147940941076,-0.18747496814539422,0.20881197080057096,0.7308260898605563
2012-07-19,-0.1601741625939976,0.12658002487886574,0.3094000925608631,0.6261842212842155
2012-07-20,-0.1442654029048497,0.10106615831120254,0.2914032333048446,0.6428147659256862
2012-07-23,-0.09528671147605697,-0.026753034027981935,0.4777355812286331,0.849129239260045
2012-07-24,-0.11366288460011797,0.02038456541594716,0.4995898852840309,0.8214854912077256
2012-07-25,-0.11393823595825571,0.3598182150522809,0.370871585912166,0.8527746073467615
2012-07-26,-0.17210222733866495,0.7256154872561247,0.42156363832627347,0.7272244324359943
2012-07-27,-0.17514018728683414,0.7940549363981214,0.3630251122897077,0.47736512997887753
2012-07-30,0.017191272264068466,0.9767542663979835,0.6212654130694415,0.3239399170060502
2012-07-31,0.06546248923680031,0.9976642948951042,0.645274407049639,0.28600101581864124
2012-08-01,-0.14061083583168463,0.9304844868433364,0.6074426894883981,0.24728266529792162
2012-08-02,-0.11925769762039161,0.7920875693399774,0.37114665790055074,0.35064148224607344
2012-08-03,-0.08018628550289984,0.9068211090246402,0.44703132557099656,0.2925813776084482
2012-08-06,0.11465372708832892,1.2413849568684643,0.6672478473894337,0.13278772142855064
2012-08-07,0.17767087889302008,1.4032458220821211,0.8911896951487693,0.16730063203833628
2012-08-08,0.2992181353198624,1.4404090321043954,0.8071151719650318,0.14037371001811494
2012-08-09,-0.013594600981236505,1.3491051851745235,0.7216514610708632,0.04225953553864274
2012-08-10,-0.23086677661294586,1.2635581969564496,0.5419918680211804,0.05841220077007701
2012-08-13,-0.16886003955818088,1.285562057414086,0.2681289837480802,0.08502173823333449
2012-08-14,-0.1536678551438623,1.340559848557663,0.5536987114249617,0.03160843792954263
2012-08-15,-0.06968031046815308,1.1238333447393707,0.37298688986252065,0.04914791257816187
2012-08-16,0.011683272390105642,1.0332935781716015,0.3324132526690767,0.03592329008543389
2012-08-17,0.05491264616476118,0.8208051558890865,0.041046407730896885,0.08861902059774299
2012-08-20,0.12562020743676186,0.8255747896106724,0.187524761724003,0.10416381619823002
2012-08-21,0.1261484606363488,0.9082084314562007,0.5391027822539239,0.04441738210329489
2012-08-22,0.1767298396261038,1.0146563451650514,0.5469921474230407,0.1396463123797064
2012-08-23,0.25514961646552,1.0130693194510587,0.6056619264997661,0.04928660482418956
2012-08-24,0.327197047831661,0.7362806733971018,0.3523812131642713,0.14463500890898395
2012-08-27,0.38805182534846244,0.723749791090458,0.09617026658524326,0.15189637746113552
2012-08-28,0.38813985619002367,0.8400705258029498,0.03373402254257439,0.05047180989884379
2012-08-29,0.4532797184782044,1.0398564953819143,0.2628170630800953,0.04845650876268823
2012-08-30,0.3585934193457816,0.9385195738744888,0.03430178640032212,0.06518133116182231
2012-08-31,0.35431685812225955,0.9259251929038944,-0.21122656196754355,0.0944905630622726
2012-09-03,0.1655993769895829,0.8090854958069733,-0.5335726047221824,0.013178688615854701
2012-09-04,0.13382477310719842,0.693618129588924,-0.46704554736152565,0.045567794465041826
2012-09-05,0.2175429667989484,0.765334594827424,-0.6971232227940051,0.10373392252001237
2012-09-06,0.2698583839222711,0.8998623247190898,-0.7921125635572641,0.04598355233816374
2012-09-07,0.23020587772204873,1.1873875650222865,-0.8532001717982162,-0.08791659063715412
2012-09-10,0.24586117671302904,1.3328656967166685,-0.4044262434132997,-0.12339508380017618
2012-09-11,0.2554218639187933,1.4011622694012287,-0.26078879192062426,-0.1389317767806943
2012-09-12,0.230404964870259,1.4089736102809438,-0.25166849636522565,-0.17493985133708784
2012-09-13,0.2048122599923062,1.32946606662116,-0.5939596527773418,-0.12258277571411562
2012-09-14,0.1701349533725697,1.5815135348613831,-0.11067466169920427,-0.4161013984388503
2012-09-17,0.03600670276996103,1.4730228926058548,-0.05614637546333139,-0.4191262148528992
2012-09-18,0.01354810717772101,1.4510834490123232,-0.23361765217307673,-0.37051241404227697
2012-09-19,0.010406398460336284,1.5493034768225586,-0.3112597880774103,-0.3935194344993284
2012-09-20,-0.048312716398265294,1.4784055333302246,-0.19754852492871283,-0.2730904220966754
2012-09-21,-0.07275228543048366,1.5176448443498767,-0.16306948558609943,-0.356590872545089
2012-09-24,-0.07851809045359529,1.2900195245170012,-0.26825191957049443,-0.35014937289620424
2012-09-25,-0.041181727969369836,1.107146915710548,-0.18664874710175064,-0.36459188477835736
2012-09-26,-0.04114260361861408,0.7135787944628627,-0.35499819741714583,-0.252113634070253
2012-09-27,-0.04395801834510275,0.7167227075663096,-0.5210261493515794,-0.30733286785713254
2012-09-28,-0.03743464151047444,0.6879727083343702,-0.09147549559132163,-0.37490777156232113
2012-09-30,,0.05403492995059911,0.08738876134088155,0.5290898456036495
2012-10-01,-0.0919917618230524,0.7335908091408407,0.21029047499388356,-0.4053656390045172
2012-10-02,-0.0015903217099409771,0.7215034272081786,0.08409319335643224,-0.42630067867230287
2012-10-03,0.08577925115973024,0.6734028446787823,0.1372842553669349,-0.3666833142377539
2012-10-04,-0.046470576327002,0.7559402366180247,-0.07064031480489122,-0.3531763822427326
2012-10-05,-0.11673883811885903,0.8272854428748114,0.0836115483043292,-0.3729033392039909
2012-10-08,-0.19144374584852505,0.8280386564748424,0.05262828614121113,-0.26782893106757977
2012-10-09,-0.3886261978668994,0.7614456803488506,0.08631842776650193,-0.3516070822882637
2012-10-10,-0.3868882153519351,0.46209987559058585,-0.24771619015414226,-0.3071573463253174
2012-10-11,-0.25369842137397913,0.5264270397777105,-0.20205945167872225,-0.379012844215403
2012-10-12,-0.01664902965935373,0.41935591236528985,-0.45080749520382796,-0.4074316499972369
2012-10-15,-0.11140829924988539,0.3622163061227475,-0.47337015178315855,-0.3478849004617001
2012-10-16,-0.08737191278681163,0.47280516865225874,-0.005785474245141364,-0.420169878270554
2012-10-17,-0.10430365626729632,0.7100723187063841,0.39998951162837165,-0.4601343739735267
2012-10-18,0.12024472437524926,0.9778692718871915,0.6295819575172843,-0.48721058676305684
2012-10-19,0.15551933211842478,0.7665329315405207,0.7661397561891772,-0.47649189072529663
2012-10-22,0.2866816036477233,0.8525657534579533,0.8412248845448985,-0.48018162538489007
2012-10-23,0.26844395026143714,0.5705284671532391,1.0001902112155185,-0.4505099654435124
2012-10-24,0.3036594953987681,0.5489046996855488,1.2983179364288984,-0.4492780274881079
2012-10-25,0.29626186934422427,0.5531858428692369,1.2531392011639326,-0.49407136994308576
2012-10-26,0.24656266352797032,0.4205661052254054,0.8184093807556395,-0.3797122833691466
2012-10-29,0.36018460999067337,0.5362823945465075,0.8117713655740068,-0.39789774333251315
2012-10-30,0.35088887495218013,2.617020378488253,0.7576344471058338,-0.41674853077843865
2012-10-31,0.2864577061304748,0.384589423350527,0.5762557963145646,-0.4137861744411562
2012-11-01,0.3712832645611881,0.4013215035491572,0.20504828111621795,-0.4193597921351221
2012-11-02,0.4079193487698994,0.4720954859909625,0.18732248029574938,-0.5552401895687953
2012-11-05,0.6393902841627547,0.35687238782068476,-0.08437877308054094,-0.4946917097968218
2012-11-06,0.73018166051001,0.4943734216281426,-0.008915157773063823,-0.5114445477386153
2012-11-07,0.7518190236847714,0.5574596023945064,-0.037339084950185536,-0.6143284089228124
2012-11-08,0.8394068164370133,0.3443766692682338,-0.32119282088415774,-0.5240018067762593
2012-11-09,0.9805055088697661,0.3509890467275406,-0.5500246129452759,-0.42837416624700814
2012-11-12,0.5176911812372936,0.2814370446393713,-0.9771633897256637,-0.42284809749998215
2012-11-13,0.8558115216102171,0.17834203237843962,-1.2679873434432454,-0.32419259621532187
2012-11-14,0.8003680210154661,-0.04134373416657222,-1.5097079809758476,-0.35187166728847896
2012-11-15,0.7589292785036513,-0.2547673081357819,-2.051867735257733,-0.2573024359975647
2012-11-16,0.5929746604281498,-0.48020776212425875,-2.542782056863601,-0.18046397403622305
2012-11-19,0.5737936004558204,-0.41835866226050966,-2.3505815336593145,-0.05760687869212938
2012-11-20,0.5901636575132435,-0.3773652504992774,-2.174314935662383,-0.07612368606701304
2012-11-21,0.5589814194752972,-0.27390309555585723,-1.691454997990307,-0.10205919451088073
2012-11-22,0.5746391541172093,-0.13776638010132025,-1.6624321773124449,-0.2107675970750888
2012-11-23,0.5898499191144044,-0.03188765664109955,-1.701019594574946,-0.27107401194266645
2012-11-26,0.6355397245979342,0.044050142137492025,-1.447733788217769,-0.28123472509412273
2012-11-27,0.5734123507711367,0.19102751061627973,-1.1942572877093593,-0.3186135129339673
2012-11-28,0.7127818969692326,-2.1837184225831368,-1.2786119141674472,-0.19665010207698408
2012-11-29,0.2408641980150632,0.3912803682928744,-1.0537645674184448,-0.32276555236390536
2012-11-30,-0.06641715817076906,0.49146777194006813,-0.9809244583767538,-0.3397054633166386
2012-12-03,-0.1550463121174003,0.5481170599605857,-0.9146899070071929,-0.36707073344304614
2012-12-04,-0.24215607153696814,0.47206594630808063,-0.7523341090349884,-0.36226906685710786
2012-12-05,-0.17549328629679012,0.5331809583490108,-1.0595746448975438,-0.44953371809093323
2012-12-06,-0.14629780077936488,0.5536369295127128,-0.8065462432289173,-0.4674308152283238
2012-12-07,-0.23465065886835168,0.5258768653972653,-0.6168781232718934,-0.46946941829727556
2012-12-10,-0.5619300900457774,0.5506769883238408,-0.454220832943162,-0.49539327510166453
2012-12-11,-0.0992247730071496,0.5544432305054127,-0.42307273163825165,-0.5084739359302856
2012-12-12,0.25319403094351894,0.5690791338098592,-0.04348521583417805,-0.5618259381191505
2012-12-13,0.3644060992644545,0.6462187030813531,0.2738307932346312,-0.6088967651321757
2012-12-14,0.4173109337304575,0.71829717658765,0.42667972462705434,-0.6148016441587669
2012-12-17,0.4536020628930639,0.7216248251207193,0.7093439633321481,-0.5444385564463184
2012-12-18,0.44619334952362527,0.8194881604803849,0.6460655613282715,-0.5327750635669114
2012-12-19,0.5349220690991366,0.8118582216260888,0.7939019088789273,-0.6405177801934623
2012-12-20,0.6294511409016357,0.6611349242655316,0.689190124370867,-0.5783444085238254
2012-12-21,0.5306674205908931,0.4891932400494398,0.660702041258449,-0.5302748031161201
2012-12-24,0.5369197369028114,0.5758304518813699,0.6563719800559813,-0.56477489580288
2012-12-25,0.6285468589715683,2.926346592493173,0.6997731867622212,-0.5697280973078482
2012-12-26,0.47599410135104864,0.49120008449262004,0.7328402128481738,-0.5892951520775692
2012-12-27,0.6774936025644697,0.40973502351031316,0.6782824829527239,-0.6109305494927585
2012-12-28,1.323283498945231,0.46632029193956287,1.033661878790598,-0.7181420470726514
2012-12-31,1.3944058101978054,0.4838848246990911,0.4591085261615608,-0.6243838558557312
2013-01-01,1.9950240340418086,2.84313000214162,0.4566140805250432,-0.6324244484465633
2013-01-02,1.2481204162424668,0.6867540747806183,0.36885657999180366,-0.6991986544342677
2013-01-03,1.4424131706986425,0.7687787031733401,0.7416393468726223,-0.7539754506377313
2013-01-04,1.401774082757945,0.7058553030015363,0.8281098335501923,-0.675745764317913
2013-01-07,1.4148689780001666,0.6322052795781417,0.7675219319283519,-0.6369626341564858
2013-01-08,1.3674154367736233,0.48500949665684057,0.5908259562739107,-0.5900999769572205
2013-01-09,1.1024352964140465,0.4464956875465119,0.36809182547762304,-0.5849322804564291
2013-01-10,1.593867094636189,0.5106880587682123,0.3210645053053911,-0.589755807925629
2013-01-11,1.5218554080446922,0.353140374877739,0.05185160518345529,-0.5345889929240846
2013-01-14,1.4940533012185506,0.3561494834783492,0.12683150717017766,-0.6209830248462749
2013-01-15,1.4754368705964247,0.1562945488700666,-0.17115978056517406,-0.5287950484112292
2013-01-16,1.4617012743767979,0.16593098002341414,-0.3398948107402337,-0.5357127217447902
2013-01-17,1.3800413324451708,0.1950105161398558,-0.11000696552392765,-0.647655264862487
2013-01-18,1.269210865325345,0.2471202964468646,-0.37383343055427587,-0.7212097771017869
2013-01-21,1.2855713377670726,0.15029177818278602,-0.31765569789492465,-0.6794345911667817
2013-01-22,1.2118814450423636,0.10961753928016367,-0.4212486266919444,-0.6465656841494751
2013-01-23,0.9999116509589037,-2.591070192138775,-0.4117601351226139,-0.5926696313982447
2013-01-24,0.8389990387522294,0.09953858402320089,-0.21596165149491986,-0.5579602104314336
2013-01-25,0.9200065468497137,0.10385024114215134,0.23741384796665732,-0.48405916967975554
2013-01-28,0.9016734964714205,0.031178645159568277,0.3925655198377911,-0.41512021688634576
2013-01-29,0.8519784104705481,0.15820685877383495,0.08762220321478571,-0.4734783123348537
2013-01-30,0.7838175515447396,-2.676793433440399,0.028570238018056516,-0.4930381309361657
2013-01-31,0.4614265048418089,-0.04994692029928227,-0.8844302669323989,-0.4955923447031357
2013-02-01,0.4181689623728682,-0.12866915946115268,-1.4518490149016745,-0.47132109841327735
2013-02-04,0.36400678422149535,-0.2251938459906558,-1.6892097666809438,-0.5363800971954192
2013-02-05,0.3511972903130555,-0.32491154669491484,-1.7980982366750593,-0.4421166080384668
2013-02-06,-0.025320254274004597,-0.39055524120833957,-1.8087809838204327,-0.37813802864572715
2013-02-07,-0.023115069234931018,-0.40880721914589074,-1.7112574284854734,-0.3354597065359384
2013-02-08,-0.05347706789240766,-0.3618689133488037,-1.7987281919459572,-0.34330950034781793
2013-02-11,-0.2247746016764929,-0.3349025248505745,-1.6266372101173106,-0.31141035078086665
2013-02-12,-0.39745009807214277,-0.27845997364281483,-1.4919833031687633,-0.32354624623593664
2013-02-13,-0.9712516598150821,-0.07785394158077878,-1.2717747808628617,-0.3945594727505709
2013-02-14,-1.0837721926167585,-0.19425961456602428,-1.4989196460102927,-0.4012932966874389
2013-02-15,-1.4377602447433475,-0.2752136053655596,-1.7000774051165137,-0.4202688814698069
2013-02-18,-1.279850355743184,-0.2747505422247817,-1.5720175605973954,-0.3171822218739313
2013-02-19,-1.3346392285305262,-0.29509716952500326,-1.4691163770480875,-0.265493524996852
2013-02-20,-1.6299161935118895,-0.18634532615339292,-1.1720078137405856,-0.43095382632264556
2013-02-21,-1.6792539585797113,-0.40142494583855204,-1.329501083088396,-0.863682456292771
2013-02-22,-1.0082748934592813,-0.4108329105717699,-1.5033280313888717,-0.8163167660477781
2013-02-25,-0.9828548951949528,-0.5603460439817701,-1.2637669839748444,-0.931091120587271
2013-02-26,-1.1498441373518895,-0.8183351438763488,-1.678398973376701,-0.7076793158452883
2013-02-27,-1.0946973452789959,-0.6298541861334781,-1.6963129966775943,-0.696620405612116
2013-02-28,2.3371139572038846,-0.5064961151004181,-1.3254714663865557,-0.8428473412762477
2013-03-01,2.2733274792188096,-0.4207515351213458,-0.9442429420071845,-0.7820737755715039
2013-03-04,2.156762835351294,-0.5536024958747108,-1.0202022219818514,-0.5484997033526242
2013-03-05,2.08391783653459,-0.3134454605409116,-0.6443821712244556,-0.6327924662373019
2013-03-06,2.0561298726854838,-0.178247767604051,-0.5337691701586756,-0.8264681087211898
2013-03-07,1.999444195851393,-0.07576782609183529,-0.199349170942181,-0.9362450725227971
2013-03-08,2.394891745044169,0.033702243350493426,-0.1123644130992151,-0.9822972963864035
2013-03-11,1.9040925075930617,-0.01865872978557703,-0.3508171760572302,-0.9235978245839128
2013-03-12,2.0543976127359986,-0.1616479243711347,-0.3979876917802336,-0.8695055184073223
2013-03-13,1.9309845817600924,-0.3259412065029862,-0.6043811754894692,-0.7666878731531592
2013-03-14,1.9619945612871086,-0.39966385281820016,-0.7710810640460214,-0.7170434511241089
2013-03-15,1.9247849243719723,-0.4174941615262094,-0.7118958030840958,-0.6503700739707766
2013-03-18,1.8098166479755817,-0.5903531741562494,-0.7218596328401095,-0.4741946747933355
2013-03-19,1.7797047923025362,-0.7108913095777115,-0.6732867561986914,-0.3702513957599567
2013-03-20,1.7091749636749445,-0.715313004239559,-1.0071275025721262,-0.3489671780488258
2013-03-21,1.6786067131205946,-0.7798939429155526,-0.8130427470696827,-0.3195567958040203
2013-03-22,1.6767240715036877,-0.7554374006150255,-0.7108772754585557,1.7119402258029393
2013-03-25,1.5331799805151773,-0.6140222663867098,-0.5779988083639649,1.5692113978171363
2013-03-26,1.1932704129075964,-0.49235481576356666,-0.6057722838921761,1.5067919495471196
2013-03-27,1.1796454644211818,-0.4715314005198303,-0.6496240654697427,1.4285929608537504
2013-03-28,1.138843778429373,-0.43372087133089304,-0.8099969066986743,1.3973935062367504
2013-03-29,-0.24354844483782156,2.572531724418028,-0.8533763477973111,1.3572790507022319
2013-03-31,,-0.8966940657697862,-0.8444239944463381,1.2822989488834804
2013-04-01,-1.0913625996803622,-0.6395498726466786,-0.9196120800394072,1.3319317125437626
2013-04-02,-1.0477328251690798,-0.7410343934028015,-1.0742387754732783,1.345928018130876
2013-04-03,-1.0085450609006241,-0.7853760453839994,-1.0686605797557895,1.3226588319756
2013-04-04,-1.0540171796953623,-0.8905400039204862,-1.2565055370914657,1.432831579749637
2013-04-05,-1.110993098475134,-0.9822316293629731,-1.2362064622599573,1.504439259376542
2013-04-08,-1.1076017410992147,-0.9189900298281285,-1.115964207001865,1.5196917910474022
2013-04-09,-1.1523438038333689,-0.7061714764893051,-0.9445269164228374,1.4085149408007984
2013-04-10,-1.249167181830509,-0.47620806753580647,-0.8453684885002647,1.3330455464568272
2013-04-11,-1.59660347951127,-0.4665461991089196,-0.800932231077608,1.2981002575646428
2013-04-12,-1.3846027268054084,-0.5811942857432402,-0.817679788485126,1.416972478968134
2013-04-15,-1.4914912369384656,-0.7463567682651934,0.08730857991943432,1.4800648210524172
2013-04-16,-1.4884475870960172,-0.6848584929222709,-0.22527081804206836,1.4456585782364728
2013-04-17,-1.3485106280950399,-0.8870308394174609,-0.07095949155517718,1.4039662373409596
2013-04-18,-1.3427297905511164,-0.9208609652341918,0.028034214324047353,1.4228704354951152
2013-04-19,-1.297371464120981,-0.7268309730226377,-0.1844645122464054,1.2261156442857881
2013-04-22,-1.277211286350582,-0.7259457540821544,-0.3750994470727252,1.2449773908597186
2013-04-23,-1.4009050222017265,-0.6222372804700724,-0.3407200530238563,1.2972082656458384
2013-04-24,-1.3639734583741008,-0.3506800482339957,0.010771119143363886,1.2055086221767966
2013-04-25,-1.2833547782393186,-0.13272508581636014,0.12401447307032604,1.088438806266949
2013-04-26,-1.2848329812067225,-3.0,-0.04277479509946944,1.1444061502042404
2013-04-29,-1.2159468060876277,-0.06565814431695825,0.1409801431734034,1.123688709409764
2013-04-30,-1.3635671784120116,0.13522307107557602,0.28135769719157006,0.965302770991791
2013-05-01,-1.3787027149561688,0.16466967252670037,0.3139535311360625,0.9147552526875102
2013-05-02,-1.3745473529024144,0.2262169582062456,0.4042206299951591,0.939491742715235
2013-05-03,-1.3890824513167168,0.4758396208814982,0.6317917158473184,0.9007763873532901
2013-05-06,-1.3811560197743467,0.49817410564155423,0.5438770228692497,0.8621978964162925
2013-05-07,-1.3837426970445157,0.6222388524062442,0.45382153243038487,0.8006896061936621
2013-05-08,-1.3829837970370198,0.6238804033864976,0.2549620179265457,0.7264955022595513
2013-05-09,-1.3757288454783791,0.5860264006414493,0.26941717769401125,0.7076233481694938
2013-05-10,-1.421716998107207,0.6049773191324259,0.4188582619793814,0.7889415290748192
2013-05-13,-1.355202448113396,0.3528834093728205,0.295741024776244,0.8639651561861181
2013-05-14,-1.20528132312758,0.4139714601421486,0.5636113225572706,0.82907161733653
2013-05-15,-1.161287944288953,0.34654984746295064,0.450621949390794,0.8047912227763561
2013-05-16,-1.1687952535306807,0.25436967284509915,0.48988003409544734,0.7584197597955354
2013-05-17,-1.1397637587437892,0.3682775060182875,0.6285999835050058,0.7694799546392381
2013-05-20,-1.1395302885708856,0.4222830342093619,0.655396115611703,0.7270391950196429
2013-05-21,-1.0880914423160215,0.48993644120566876,0.4690303967744892,0.7228540700010471
2013-05-22,-1.0935079032469155,0.5757544727513747,0.6575056008719118,0.6181378043569411
2013-05-23,-1.1100666793644645,0.09681411728345006,0.2733900512267902,0.8599970532741447
2013-05-24,-1.1069761898696537,0.0064384546223513,0.01863933519071279,0.8131074493206671
2013-05-27,-1.0280950551904544,-0.010749383460947417,0.2022553992754859,0.8123400923929617
2013-05-28,-1.0204138311771593,0.07231091998401583,0.28065388828460347,0.7406320284781411
2013-05-29,-0.9769908020781547,-0.25427496948813055,-0.3389886996257255,0.7737921302098189
2013-05-30,-0.7971950081404143,-0.28471371347967006,-0.5073164838216943,0.819051089154076
2013-05-31,-0.7569064061426973,-0.5751613127819915,-0.7728375734437687,0.8337136920847976
2013-06-03,-0.615698322992883,-0.8756012295517682,-1.6222098850898639,0.9689165487536238
2013-06-04,-0.7662543864265942,-0.8107986399505307,-1.596285871710148,0.751164590893904
2013-06-05,-0.7410386133889036,-1.1787527972764922,-2.084967884299746,0.9293007392890122
2013-06-06,-0.6986800693305766,-1.3701891847578989,-2.6141845613807297,1.0422930347461747
2013-06-07,-0.630311966254556,-1.3847239306243828,-2.6841986688431594,1.056093143641491
2013-06-10,-0.7384458973958332,-1.4619897361122507,-2.9644198346188158,1.1749254340500088
2013-06-11,-0.7262394059715052,-1.7107338382233508,-3.0,1.3472486276298095
2013-06-12,-0.6940941803370452,-1.5152448414218536,-2.723702525011877,1.2460674870283264
2013-06-13,-0.7332832223235617,-1.5147832451986147,-2.8006837427134648,1.4773810618119965
2013-06-14,-0.695548624679585,-1.1784624969056101,-2.0436237237653203,1.2901271669834322
2013-06-17,-0.6555803805379185,-1.0490399195840663,-1.9441074921511323,1.263703514541102
2013-06-18,-0.6446773795041565,-1.3251905091554719,-2.200002414716876,1.3329943211779525
2013-06-19,-0.6002525505362256,-1.2288861857281772,-1.6803106767488283,1.266675665027256
2013-06-20,-0.5608251514076289,-2.0357666472641935,-2.4801848823036527,1.5042517151989727
2013-06-21,-0.5082719535455299,-2.1001119369361843,-2.4937044493893366,1.5850244189305462
2013-06-24,-0.34093413625075103,-2.4623860457611975,-3.0,1.6369970465257964
2013-06-25,-0.32868770580234896,-2.1766636803764206,-2.7936409163104563,1.5873804248145178
2013-06-26,-0.2927934869665191,-1.8517358653870173,-2.6974344799985004,1.3569270119876937
2013-06-27,-0.2684995000887734,-1.4140785962394307,-1.9492157945882937,1.2018275922623112
2013-06-28,-0.30152478610846245,-1.1578753711679437,-1.7488935453067858,0.8282677209733239
2013-06-30,,-1.8835428494910598,-1.5204487897060277,0.120832664814333
2013-07-01,-0.21493416777585123,-0.8453210311630754,-1.2379687386042397,0.8648869153780528
2013-07-02,-0.1801614339753665,-0.9728673867464147,-1.1353846804540229,0.9656855508603762
2013-07-03,-0.14320670758438775,-1.0118836165551823,-0.9133773939360933,1.2016890431814213
2013-07-04,-0.09597733286710382,-0.8720387180554,-0.5899911773640488,1.0176530835938804
2013-07-05,-0.11433232422593789,-0.9019319259308519,-0.6101098270527581,1.037442074657632
2013-07-08,-0.027058084083291852,-1.137881490390972,-0.7742633327274325,1.394730379431039
2013-07-09,0.02393930390412611,-0.8185534741900414,-0.05955168606265396,1.2830117205698344
2013-07-10,-0.09235609555628682,-0.757045808093052,-0.2736223244394224,1.2072619344161908
2013-07-11,-0.015735918370539517,-0.5096547496798779,-0.4937275672180423,0.905554085246695
2013-07-12,-0.22759473968240615,-0.5585220253418146,-0.6286756195216261,0.8975468534053045
2013-07-15,-0.16308154271536157,-0.5337532216317644,-0.7087294794716913,0.7958163003087354
2013-07-16,-0.11072536481233328,-0.4773849814885338,-0.18514874598159606,0.7764178198458942
2013-07-17,0.002578850916241702,-0.5837707484436454,-0.4591071564664579,0.7206206088578325
2013-07-18,0.02497478092470377,-0.16664504127391494,0.9351788420846465,0.7360109688412356
2013-07-19,0.040139155186774675,-0.28593843152574366,0.9929539338223184,0.8845632622672881
2013-07-22,0.08139073506983338,0.14634640335852303,2.0724099104757614,0.826897163187875
2013-07-23,0.06177371546409069,0.07650686684054882,1.794969107962888,0.5400884503852387
2013-07-24,0.02237818927254373,-0.12328659938508026,1.5083785993387462,0.5042133540815406
2013-07-25,0.058779611651191686,-0.32570830285754987,1.033897408112826,0.5989852163177986
2013-07-26,0.019086921738905662,-0.42445284817441914,0.7999747004917062,0.5844674526118727
2013-07-29,0.12028731386823198,-0.5035057392917202,0.9085333851206095,0.640516235271883
2013-07-30,0.05336662829896285,-0.5318168698470733,0.8223686876765741,0.598754008465276
2013-07-31,0.07644830848809575,-0.6990785235731621,0.6236450292277419,0.6878437682460933
2013-08-01,0.19644238074024567,-0.538047137396898,0.9651579752695869,0.5688760713313796
2013-08-02,-0.12737098642970454,-0.6079206071492876,0.5703419576824704,0.5723366460671024
2013-08-05,-0.040450469318947066,-0.6827747627736142,0.43124090124833986,0.4872554453356737
2013-08-06,-0.027574444688724765,-0.7290231057095212,0.8127960123280746,0.6700449174617462
2013-08-07,-0.01789074345171854,-0.8464654319874839,0.6335915954047651,0.7547192963090256
2013-08-08,0.03745500399300972,-0.7201954497023144,0.5616876455387705,0.6299638133153175
2013-08-09,-0.09456338722940835,-0.49166717316942765,0.8405737016013662,0.5250092501267619
2013-08-12,-0.08047107216789688,-0.4843894121448983,0.603342520510237,0.3807723625140957
2013-08-13,-0.10576549531233799,-0.2515337241917878,0.7502970241240746,0.23190606131663716
2013-08-14,-0.0949263039231811,-0.32338986838226913,0.49778579772181714,0.16894441662610726
2013-08-15,-0.0901443952456848,-0.43778687873017136,0.6050306717795245,0.16617740435050268
2013-08-16,-0.06596991842315646,-0.5761677547102235,0.22630345692316703,0.13175487486091123
2013-08-19,0.021233251354915435,-0.8140811558605976,0.05749905090286007,0.30851158490553715
2013-08-20,-0.14627511162316745,-1.0905036796619012,-0.5555959990636352,0.5583567340198838
2013-08-21,-0.1792489093883644,-1.202349764986191,-0.6006239176844819,0.5733772507614886
2013-08-22,0.0730075118210948,-1.1287140261785398,-0.5624380391281055,0.626727804826051
2013-08-23,0.14928064177583358,-0.8914284829888495,-0.5204383092690669,0.46521326446847183
2013-08-26,0.20272046006931918,-0.8677714941427221,-0.26896095226780964,0.47454064030132526
2013-08-27,0.2719795761458721,-1.2408155978083257,-0.3152121357058379,0.7102524853429459
2013-08-28,0.3103389654942368,-1.2317813187129298,-0.2587380390443792,0.762664130073189
2013-08-29,0.3429740856127061,-1.087180858213993,-0.3050296736385796,0.5561564333471652
2013-08-30,0.5301509660589755,2.2325871404416056,-0.539868762863964,0.37412308749151074
2013-08-31,,,0.2699000058037005,-0.18751221186408884
2013-09-02,0.7059086864816405,-0.8439855736724436,-0.23101779290031357,0.19945700612776654
2013-09-03,0.6384818319045366,-1.0137962124620399,-0.2769843638462857,0.18887445563981042
2013-09-04,0.6747375725383917,-0.9292535574692146,-0.27419107684008726,0.18906446284167375
2013-09-05,0.6670664458244472,-0.6919001642748023,-0.061513525843575105,-0.03842052376778249
2013-09-06,0.7119037242078867,-0.5487810539646545,-0.14011139159363925,-0.08334544553334236
2013-09-09,0.7413681015805277,-0.3047048493723736,-0.16541467195564424,-0.29993918384103124
2013-09-10,0.9375118358668955,-0.08944480230980667,-0.16378462254175274,-0.4741011466490187
2013-09-11,1.104169540306084,-0.1958528012716282,-0.5687796692902634,-0.40685483400847905
2013-09-12,1.488923446383263,-0.10461294985334105,-0.18497994139054602,-0.40957599156216
2013-09-13,1.4465474734142356,-0.07182740179380623,-0.10701828915060513,-0.33573530677401303
2013-09-16,1.4572033914056814,0.11597601445788445,0.10766431000563208,-0.49582326503852253
2013-09-17,1.3250593952754275,0.30407677074821476,0.3132831610378742,-0.45872752814349077
2013-09-18,1.283029065839108,0.33576266243589065,0.3798906322210726,-0.31013611094364213
2013-09-19,1.2872252916246376,0.8520597616174997,1.1168290155326306,-0.6167061441762722
2013-09-20,1.304475167432439,0.6861711069387125,1.0552634655295452,-0.48648103018068806
2013-09-23,1.3690152357055019,0.6148030613463363,1.1034779998872168,-0.5064618038300954
2013-09-24,1.4051608798395296,0.3791701560293442,0.9251506136596326,-0.41633090465118755
2013-09-25,1.4084125285933806,0.32970004126390284,1.1415733988393915,-0.3911674407970651
2013-09-26,1.3323363598901334,0.24717002438100497,1.1368991862145932,-0.3431843727996448
2013-09-27,1.3180671025970196,0.2994900425379671,1.3017202043528204,-0.309802790259202
2013-09-30,1.3668972902250032,-3.0,1.2455145416224251,-0.1745257896363343
2013-10-01,1.161888570936311,0.3429099621634559,1.2835554904686401,-0.26808129860500846
2013-10-02,1.0885478392146297,0.3478214144694567,1.3096590617086974,-0.27632223732152267
2013-10-03,1.0481898973479555,0.449196459963873,1.381991039696921,-0.46813820444068827
2013-10-04,1.109153474192348,0.45494934401169346,1.2953692849386043,-0.4668119362550526
2013-10-07,1.1705748416544706,0.43416684669573646,1.6999596293989265,-0.47688793693883214
2013-10-08,1.084269414565335,0.47626123191675435,1.8295985674469908,-0.6163918011849021
2013-10-09,1.0883376774571536,0.41299651054446235,1.5750624597355838,-0.5300558037184212
2013-10-10,1.0052481267695659,0.6169801864947533,1.3527899653970095,-0.5734326648286902
2013-10-11,0.8486856860161383,0.678552638850414,1.1102555032115957,-0.6884054625239191
2013-10-14,0.6637531964539158,0.6043231127862513,1.142212415181846,-0.6504010087131286
2013-10-15,0.7085394459464192,0.7542276459046605,1.3559958722671306,-0.8017183427487434
2013-10-16,0.7447099867493195,0.8362693939377533,0.9494849576642366,-0.7296790935989419
2013-10-17,0.6882800360696671,0.9066755870840809,1.0160529285745659,-0.6713570653380228
2013-10-18,0.6066261865580717,0.83611414453212,0.5475427478803125,-0.8038451281900619
2013-10-21,0.5444655791892833,0.8276932805219664,0.6506289428759732,-0.8428619858565272
2013-10-22,0.4953082900236656,0.8435541217087567,0.6679999581712256,-0.774546861629818
2013-10-23,0.5068634991686385,0.6972220522152921,0.9030930101293049,-0.5940954828663072
2013-10-24,0.5950618869388435,0.6753290440676192,0.9599397327927413,-0.5034405324206261
2013-10-25,0.5881588781329447,0.5465703058301512,0.8016177891584506,-0.4147499458142356
2013-10-28,0.6107075444183337,0.8090899325295917,1.005969289781863,-0.6036435387566448
2013-10-29,0.6251186897862803,0.8641488805407334,1.1912856674811547,-0.6417821635264468
2013-10-30,0.3871599420575047,0.9304581350255705,1.0718107010948121,-0.7718338288903112
2013-10-31,0.3044945240507772,0.8208116758544923,1.0739062756879263,-0.7063282750321003
2013-11-01,0.41201800897976526,0.8004909343623229,1.005797203981381,-0.6159560260707374
2013-11-04,0.26559685055352983,0.7430559426435612,0.5871724532276389,-0.6387224905718962
2013-11-05,0.2509749732000492,0.5597103678206324,0.5802959081449999,-0.4720771936713366
2013-11-06,0.2701859266414209,0.4066040499669176,0.22356351575145017,-0.4238114825713211
2013-11-07,0.20954093453742847,0.255000699106239,0.2859503447513234,-0.40286304825457153
2013-11-08,0.4360297877481212,0.038271993682297153,0.01644148533269321,-0.16898262481172346
2013-11-11,0.308081183616925,0.016936038462538567,-0.029602645168944022,-0.5828298062060584
2013-11-12,0.09240983378801028,-0.1759097520301337,-0.41864962362182984,-0.19993021430535504
2013-11-13,0.05117971991354215,-0.3381311386769662,-0.7384625791445356,0.0890457384236132
2013-11-14,0.19868431049519705,-0.07487792322901012,-0.7983875590964857,-0.11359458656893077
2013-11-15,0.15649609543749582,0.3138286930359032,-0.575323203226732,-0.37214784504743487
2013-11-18,0.19371874334974826,0.4753886659992289,-0.6454529588892393,-0.7216442199179365
2013-11-19,0.1332196578947074,0.4713535033548031,-0.5545153185454753,-0.6118518623744549
2013-11-20,0.13495440594101457,0.38639728513606986,-0.4518857985572741,-0.5838198079782949
2013-11-21,0.21202295103144989,0.059607908121444196,-0.786522469221034,-0.16110475492477688
2013-11-22,0.2179957652964197,0.1377219876336697,-0.830905678529176,-0.29977265583947615
2013-11-25,0.21011290652193185,0.20169073442748486,-0.6081971940153257,-0.3622511302643712
2013-11-26,0.197080249161246,0.046393251200930775,-0.6981859760029354,-0.18711631531576417
2013-11-27,-0.030013771195081255,0.06920769309083906,-0.5716331018005014,-0.4944255903835899
2013-11-28,-0.06193551623401654,0.06094473411765475,-0.5667768103675175,-0.5263255316968595
2013-11-29,0.02193664258316787,0.08164883381632808,-0.5168128799687269,-0.659808030472797
2013-11-30,,-0.7095955224179114,-0.5623044208181197,-0.39536229952379137
2013-12-02,-0.027472594519449823,0.06574262088005418,-0.13707514744614174,-0.6383826619806597
2013-12-03,0.15487080642831605,-0.18629042515608374,-0.1934870736838679,-0.44543526347459295
2013-12-04,0.13781769974913385,-0.24605340884479243,0.08168815589076951,-0.3046986523391612
2013-12-05,0.0785239760505203,-0.2639577407215857,0.28594759711485046,-0.4755462117772963
2013-12-06,0.1026974937835911,-0.3373713526919609,0.11044376768669797,-0.49364227184248943
2013-12-09,0.03393559790852473,-0.20034246182030027,0.12139435629967367,-0.6808501936550115
2013-12-10,0.06774983633843241,0.020462880833294835,0.643280710469109,-0.6059521204732075
2013-12-11,0.12744219459998918,-0.037330360872248856,1.1016367467114885,-0.44819225239636246
2013-12-12,0.06803207177666637,-0.2885563519061114,1.158378078167976,-0.14343564456725996
2013-12-13,0.09152194691783623,-0.32821381600687644,1.023085328032503,-0.11653658416523172
2013-12-16,0.08535643612462912,-0.3285141636310302,0.9480948983568742,-0.08714051790030765
2013-12-17,0.04084911989874756,-0.47388381521091966,0.7071078657399614,-0.11852206870121915
2013-12-18,0.2579952374505732,-0.3433431590506096,0.4758077483512379,-0.12104914813669773
2013-12-19,0.2913193832414902,-0.2975239726963248,0.834344833111674,-0.12486859722896755
2013-12-20,0.35793297349155595,-0.5084674347549556,0.7787921513575576,0.00016254945334784782
2013-12-23,0.4080470538488904,-0.34645633385817254,0.7746250065769591,-0.15212283751432668
2013-12-24,0.4341380236457703,-0.11303690895407988,1.0056635937938045,-0.2420558497555096
2013-12-25,0.06917204703105628,2.9086269907980014,0.8924992118770746,-0.22544752169688007
2013-12-26,0.7054547611333833,-0.13867160977003148,0.8649583967152813,-0.1343287933939613
2013-12-27,0.767230413891715,-0.08077356644288704,0.876453319831254,-0.3077799036916913
2013-12-30,0.9341209443562745,-0.0009273751809560359,1.021550779028281,-0.41104508229748443
2013-12-31,0.9618680955283001,-0.07247384609561328,0.8768946275687471,-0.4673283633411625
2014-01-01,0.7783338467165788,2.929126618246207,1.0278723888076233,-0.496908315142119
2014-01-02,1.0731920320984318,-0.4654454313898514,0.9312062317043975,-0.1293205852047774
2014-01-03,1.2569250205591276,-0.6492052478037161,0.805447063330837,0.11979520613283641
2014-01-06,1.3433769119029222,-0.7374789371780779,0.717304166568747,0.2460339307793681
2014-01-07,1.3295320764692344,-0.8069117476850839,0.5711499943849442,0.28988090269852845
2014-01-08,1.3905758718041443,-0.7672860022556847,0.6146754079199034,0.23741202435919026
2014-01-09,1.4639267582678521,-0.999092479263979,0.39872885189472057,0.4774802453032118
2014-01-10,1.1453696298237217,-1.0315115772323271,-0.14303292911234408,0.3415998827983988
2014-01-13,1.1886763351488978,-0.8685398844728387,0.021277818727747227,0.11914259841472573
2014-01-14,1.2500659076527973,-0.8368482976432329,0.043329439174619934,0.18838555177158975
2014-01-15,1.2304858169423494,-0.6821547043288348,0.3196029362222245,0.11476256493663252
2014-01-16,1.180684676128073,-0.8144012036176274,0.2441621147800649,0.22714034887053028
2014-01-17,1.3190399746992143,-0.9088166378802424,0.06381345918970374,0.2588675360174366
2014-01-20,1.3511389064413237,-0.9128474397544369,0.008525359553876512,0.28397979291660724
2014-01-21,1.1681776536268165,-0.9390626738950247,-0.04019466622033559,0.3261112170402361
2014-01-22,1.190931851323704,-0.8012400289074799,-0.156582411173501,0.15946775060214805
2014-01-23,1.3080324943167048,-3.0,-0.4720487591376817,0.42184909008034427
2014-01-24,1.355654020430761,-1.34842850353211,-0.33466871183901087,0.4428195996031804
2014-01-27,1.32369250828287,-1.52070453509918,-0.5531545788627693,0.7542058282438014
2014-01-28,1.3361554971333112,-1.3993005579399853,-0.7323372256264158,0.7122363666476894
2014-01-29,1.460184675821073,-1.382224254932879,-0.7815726908601974,0.639497664256972
2014-01-30,1.4651605218807962,-3.0,-0.8977782910483021,0.6873763371998872
2014-01-31,1.4808102485914296,-1.4038227788570357,-1.1217874212051644,0.6582544496222524
2014-02-03,1.4284539233845075,-1.5985004833105871,-0.9424389720690373,0.806596179088601
2014-02-04,1.2860373136116885,-1.616216717048569,-1.1064412632723362,1.0336898669588408
2014-02-05,1.269050350956964,-1.4720294784450787,-0.6813885477976148,1.0290826205922903
2014-02-06,1.2526833623435627,-1.151878138236097,-0.852829105354009,0.7237292912708942
2014-02-07,1.217352812362553,-1.0550759916633154,-1.0203608599418836,0.6577932053265032
2014-02-10,1.2977129016356257,-0.7962666468753556,-0.4948432966399422,0.698280988192318
2014-02-11,1.328605018768872,-0.6418815610978649,-0.43007434184815024,0.49556425402509335
2014-02-12,1.439229281061718,-0.6127734499151812,-0.5171658904248444,0.21354002009133197
2014-02-13,1.3323749691890003,-0.8231651012834947,-0.946726136493084,0.4881452697372156
2014-02-14,1.327622361316374,-0.6537836275449392,-0.7903127970743818,0.19800359839189116
2014-02-17,1.2549912409440902,-0.6104901430018571,-0.7831741302962358,0.020848180065459892
2014-02-18,1.3305658592889973,-0.5985259904272038,-0.6123581835012728,0.1636252795337385
2014-02-19,1.2460759690582446,-0.5474453860547888,-0.3560379615464976,0.02507682366233078
2014-02-20,0.9782812776370322,-0.7173362704544244,-0.5227790949005033,-0.2659092723137498
2014-02-21,0.532936228933306,-0.5517192032070195,-0.05621016801254861,-0.5088074121378763
2014-02-24,0.5543222207145905,-0.4042001433684199,0.6576199969454973,-0.48707632453417576
2014-02-25,0.4349506505764313,-0.5362021708288152,0.6265362871783247,-0.4143321032665411
2014-02-26,0.35789666826396843,-0.5553348356093122,0.608736699225749,-0.9598706497431538
2014-02-27,3.0,-0.31766182531918746,0.8595952074819073,-1.0998288102077876
2014-02-28,2.9917870180347643,-0.07776139540253799,1.268610926605206,-1.1455921100650484
2014-03-03,2.8837162747275364,-0.40876686518815053,1.1455021836493746,-0.8458618950980291
2014-03-04,2.7669995365018996,-0.14417105223692583,1.55566501168677,-0.922848205868962
2014-03-05,2.6576688354849387,-0.07827316521353023,1.5004410258307002,-1.0029710001223693
2014-03-06,2.572874726930369,0.0037352777031464234,1.3513858675266768,-1.1901502398937684
2014-03-07,2.577700521960908,-0.11817964144398321,0.9638944302922646,-1.1496551455658002
2014-03-10,2.019180478921875,-0.30729801250172045,0.6105502562431977,-0.8817834758458599
2014-03-11,2.0540189572839673,-0.2853581522080327,0.45941412701745793,-0.9481541361790763
2014-03-12,2.0326630172513287,-0.6571475989766389,-0.38487555412162744,-0.5691064694903087
2014-03-13,1.7863916056286762,-0.8126584372605314,-0.5933110952726224,-0.6533108925056683
2014-03-14,1.5512541293121476,-0.9539064933124556,-0.45747621111122383,-0.43493917405334315
2014-03-17,1.5056002243188384,-0.8058845795093547,-0.738314440521105,-0.6419967969766626
2014-03-18,1.5780454916072753,-0.5527638602964624,-0.6029312041244486,-0.881249361877423
2014-03-19,1.5562468514083412,-0.40017338356972915,0.11698211477539258,-0.9078091835456897
2014-03-20,1.5980543275717538,-0.6147688044394101,-0.2287988550235206,-0.44418953968262553
2014-03-21,1.5789610814219532,-0.6249429989128034,-0.3994242736365222,-0.6100566422834933
2014-03-24,1.5362470117686913,-0.4017140745807926,-0.38172989501603927,-0.9480651081464465
2014-03-25,1.4361915395429865,-0.3308178458178898,-0.741458306534427,1.568210801695126
2014-03-26,1.422221619743926,-0.15842433216643695,-0.3341845779105644,1.3585130666494747
2014-03-27,1.3982846814720606,-0.025202337624137552,0.06317652706154345,1.1892768712979738
2014-03-28,-0.31707692257425946,0.15256917394392064,0.41277110026235947,0.9167674239573527
2014-03-31,-0.37420132543876017,0.1639521341965457,0.06620891357028487,0.7579767352349485
2014-04-01,-0.2819586930931287,0.6788776817497145,1.411609161168749,0.5974948186261532
2014-04-02,-0.3133542117981506,0.7969142306946586,1.0757000899738534,0.46555018497226397
2014-04-03,-0.25131191263425723,0.6296046568982376,0.7928837734840325,0.4874020091629051
2014-04-04,-0.22018779713080702,0.6531054040146178,0.5637200481594623,0.36182532118388205
2014-04-07,-0.1911062106485098,0.6300564439101183,0.6344282867206825,0.23197138242933463
2014-04-08,-0.1481801953232783,0.7688287517511312,1.0340792662102456,0.08584967401309054
2014-04-09,-0.10573095344817766,0.7474042841425645,0.7828556859449056,0.09926528909336477
2014-04-10,-0.38005578491951203,0.896922125470413,1.6312034754534341,-0.12047323691609628
2014-04-11,-0.7751948139188907,0.7838345888693009,2.0374225741574468,-0.03242598739779578
2014-04-14,-0.79289420922931,0.6869694523159646,2.092570475109873,0.10083058520232134
2014-04-15,-0.7982044206989175,0.4005465271235911,1.4805763337832778,0.3430796066756301
2014-04-16,-0.8234113389586137,0.36799059839813686,0.922799924590877,0.4032268217745773
2014-04-17,-0.8416156864426805,0.28955871144090123,0.4063588645745584,0.1861176506219237
2014-04-18,-0.4204427918288225,3.0,0.5941506589236816,0.19387172617390883
2014-04-21,-0.8699760480606763,0.34562735958503443,0.8257040831786535,0.18332771367547113
2014-04-22,-0.8964979996274881,0.42434075249039,0.9990076788572368,0.23188229972515975
2014-04-23,-0.948573451674765,0.32220043561511097,0.7502188959575555,0.2531041938115265
2014-04-24,-0.9376501507274038,0.35460195912861225,0.4984888927115389,0.20256164245025204
2014-04-25,-0.8943860129727287,-0.08828175967471746,-0.1528853457459285,0.4174655760205968
2014-04-28,-0.9222915166815953,-0.17050175189750563,-0.5533980653915394,0.3938645472172425
2014-04-29,-0.9315435161134702,0.11498340563427491,-0.46294426902575037,0.25603524583697285
2014-04-30,-0.9822400182301047,-0.09784214192074689,-1.2828743553877173,0.5489607302561286
2014-05-01,-0.9151873825300901,-0.11608073675114436,-1.546476439088294,0.5467606230962772
2014-05-02,-0.9675084914507124,0.14037290752791642,-1.3251380596942217,0.30346991197816414
2014-05-05,-1.0530235066625522,0.15927582097650153,-1.0559153828173236,0.35148489180450737
2014-05-06,-1.0426395418504548,0.24992404735116577,-0.6411852989236371,0.2721760317868897
2014-05-07,-0.9994257442570893,0.2710821153204944,-0.5728936247721312,0.2672286081564907
2014-05-08,-0.916030537514254,0.4865001998183799,-0.1734816628474465,0.17408225680473954
2014-05-09,-0.8941266470910506,0.47031004878615995,-0.06057295380083522,0.18890990367517713
2014-05-12,-0.8200589050880905,0.7788812201829789,0.08818745608188856,-0.0057678069927033105
2014-05-13,-0.9461815532609578,0.9803688792756947,0.4022557032020969,-0.08773742266636271
2014-05-14,-0.9374493893129502,0.9571973682357058,0.34126118473283357,-0.3591833419004268
2014-05-15,-0.8407491502338114,0.8531039750437798,0.5757627918676037,-0.43378217956141346
2014-05-16,-0.838954732789844,0.8832567691401755,-0.019602192313846536,-0.46963529808258436
2014-05-19,-0.8075499146681955,-2.4417583475241806,0.04538149073815021,-0.5748257618396677
2014-05-20,-0.7507655281898352,0.9305366235581811,0.07094066911086003,-0.5265139609884167
2014-05-21,-0.6680941876461737,0.9584212998054761,-0.17740553075088653,-0.5277296617615017
2014-05-22,-0.5345606187111765,1.0999786971772925,0.11903513044472408,-0.7138623613070773
2014-05-23,-0.5480676318849886,1.2782736269475923,0.20951400331189116,-0.6930222980473244
2014-05-26,-0.41095739021384997,1.3622984827816578,0.6918223663727819,-0.6524474661371208
2014-05-27,-0.5586728625778529,1.1985235413321542,0.9198008065915197,-0.4452303753223072
2014-05-28,-0.5030907605394672,1.3128240853597564,0.8044445838920887,-0.51953423390458
2014-05-29,-0.48011387783003134,1.6963267537023765,1.530671054463759,-0.5056938742252212
2014-05-30,-0.5143690008572516,1.4742760803097679,1.6129159080080622,-0.30032116028117317
2014-05-31,,1.0116294000962731,1.3195957979579236,-1.5732472134788864
2014-06-02,-0.5974447684279932,1.5748018054246284,1.5998588149895483,-0.4179550596255395
2014-06-03,-0.6106832914622788,1.5086326966600796,1.5563461970026173,-0.6930654667519126
2014-06-04,-0.5490952678289835,1.3348150466310311,1.3033661224899784,-0.8976819094635671
2014-06-05,-0.44979437879559,1.3866827490660887,0.8879456816597474,-0.9755464485939654
2014-06-06,-0.2908040809179924,1.678407983809589,1.1218660030426841,-1.2090780544886035
2014-06-09,-0.21910634217997194,2.086255201130765,1.3786547258689725,-1.3149609265558897
2014-06-10,-0.1542632181275511,2.2076641554988705,1.201931425283925,-1.6630231534386588
2014-06-11,-0.05321629677882332,2.322620855018898,1.3549116597093347,-1.6291689896204247
2014-06-12,0.050157431525430556,2.1611415069819797,1.1671342198074617,-1.5329533287572743
2014-06-13,0.059025272712829396,1.8180559840584911,1.0914206150105747,-1.30124708836464
2014-06-16,0.039760827467046074,1.5519225846811686,0.8274079472748405,-1.2752775911809648
2014-06-17,-0.0934290737034487,1.4169827486536068,0.8554778480397769,-1.1783885126052314
2014-06-18,-0.09778703299277622,1.3173753728593165,0.4052264849831024,-1.1064753660801476
2014-06-19,-0.05833776491982735,1.4587620176703924,0.5400873283147747,-1.338957186795775
2014-06-20,-0.04280614705346923,1.4453637618188389,0.44111091374106265,-1.0273013527902588
2014-06-23,0.17101337713221634,1.3075110019372147,0.5290729829911013,-0.9898855384841079
2014-06-24,0.19063062893442903,1.4021960883874611,0.7889460892249485,-1.2034966638612068
2014-06-25,0.16378540160823987,1.237587793511659,0.48701430075572566,-0.8633180562857288
2014-06-26,0.14384594931124361,1.1269394772623404,0.010611002462569701,-1.0553577892304387
2014-06-27,0.026256169829350178,1.0276848742738875,-0.19041015196198138,-1.0016598762353657
2014-06-30,0.009677938243587125,0.8501013278560999,-0.1349661265308509,-1.1512009250652286
2014-07-01,-0.02699075389766676,0.7989500824055903,-0.4850198352965012,-1.215324188058536
2014-07-02,-0.07096718537504042,0.9311838717011058,-0.3980875906973044,-1.7098871963945115
2014-07-03,-0.08423182507048932,0.9321444663415671,-0.4109835885834371,-1.70407937125405
2014-07-04,-0.095679124461989,0.8922289141706898,-0.33632687280378376,-1.7254090946962508
2014-07-07,-0.052204181955945186,0.8180786964615037,-0.7237755942472527,-1.7623695057956748
2014-07-08,0.07058719498206062,0.7551074025572224,-1.0286247016599808,-1.7878434809911494
2014-07-09,0.14201437466805034,0.6671886937644137,-1.1457343087632834,-1.588703098068242
2014-07-10,0.07641658152681645,0.6005132383375088,-0.9701134651164658,-1.6400092659522534
2014-07-11,0.16337746045599383,0.6295140607431637,-0.7660363862442965,-1.5104152127293347
2014-07-14,0.1489708131897551,0.753877492635666,-0.6623497883049244,-1.6525728161618416
2014-07-15,0.1812314201408162,0.8291237106952097,-0.3451828284482408,-1.7462301821537378
2014-07-16,0.27974444221414935,0.8220289930759559,-0.7279504454028646,-1.7060268596049113
2014-07-17,0.12004577340693345,0.5591948862733376,-0.8180475601484501,-1.6562791205831602
2014-07-18,0.11407137805035945,0.5899713216122396,-1.4599706334113456,-1.589455002951291
2014-07-21,0.10904238541163838,0.4750917938711639,-1.5916389068180306,-1.5833282274212281
2014-07-22,0.11453709837043598,0.6166456218572391,-1.733171718069079,-1.707377629980084
2014-07-23,0.12451567898896616,0.7123798041426534,-1.8235386612570605,-1.7577585943379634
2014-07-24,0.2944202144251183,0.8731929535957283,-1.391668764065201,-1.7904650617790754
2014-07-25,0.3165355371697818,0.7657305070467731,-1.5740678736999107,-1.700255900437999
2014-07-28,0.2994989850447615,0.709313934045215,-1.6390630644380133,-1.7123450368022168
2014-07-29,0.291928730773316,0.6699682337565857,-1.628238358236795,-1.7248398292015974
2014-07-30,0.16130677416487074,0.5668097095534573,-1.4581918772796154,-1.7486834604570372
2014-07-31,0.15508344817003308,0.1796194689119305,-1.1763959540004743,-1.643063963159488
2014-08-01,0.24433436197601444,-0.09681491103806918,-1.8189845889603695,-1.5354747851029742
2014-08-04,0.3233836363542306,0.1087518950602408,-2.151660514779482,-1.6621554477122473
2014-08-05,0.2702766182684911,-0.037197155829940466,-2.013944972219096,-1.5964164220284502
2014-08-06,0.23615721644675827,-0.12889141407824942,-2.416660254309285,-1.4159715474721457
2014-08-07,0.2487953482787774,-0.23093947388903716,-2.5386951653352354,-1.3513431070293482
2014-08-08,0.4171323815787214,-0.2307324625062212,-2.46586640085162,-1.0725050496381296
2014-08-11,0.3684504275086944,0.08238461783733401,-2.320439888021244,-1.4411435959454344
2014-08-12,0.18410504164197058,0.13220607680924287,-2.097152334464239,-1.5131465743436006
2014-08-13,0.0026441732244402516,0.27101231548665883,-2.0495481849559245,-1.5207346041543326
2014-08-14,-0.11879724112621846,0.47646056537568254,-1.8434730213930268,-1.4944895157218416
2014-08-15,-0.10275506264323302,0.7243788788039884,-1.1331395823200414,-1.4892590842097804
2014-08-18,-0.3306458001934373,0.7663843337716112,-0.8922454271200688,-1.4987534097199697
2014-08-19,-0.3194681772690896,0.8704233098259561,-0.4908753069669465,-1.568805734470043
2014-08-20,-0.2911681383713566,0.8685403985930013,-0.43186916022149047,-1.5664389566693122
2014-08-21,-0.4261015959671189,0.8149970087322774,-0.4902486737086873,-1.4908087560472512
2014-08-22,-0.41701954482184717,0.8229112801976071,-0.5879405650991336,-1.5186783102497765
2014-08-25,-0.3825997780028582,0.8505681833532331,-0.19121601036935476,-1.5175394454599236
2014-08-26,-0.3195928595461524,0.8936980827413973,0.04074378014330486,-1.233447170787014
2014-08-27,-0.32862520989773797,0.9847063528435522,0.36560569818757094,-1.2915516813022097
2014-08-28,-0.29050771989074725,0.5425676985212861,-0.08021406518439446,-1.194539646126838
2014-08-29,-0.19665411802054222,0.46198906684888236,-0.15026651831930352,-1.0683771336782273
2014-08-31,,-0.2583765883341276,0.34173870642583454,-1.095592563352469
2014-09-01,-0.26636054214889554,0.6678643829289865,0.34076369365441084,-1.1177908911461234
2014-09-02,-0.21125592516477124,0.676400663860905,0.6274170272462807,-1.1157842033171452
2014-09-03,-0.2662612833457976,0.9460508926761572,1.3755183996107605,-1.2936333360752172
2014-09-04,-0.23472621177333286,1.0148254384674906,1.8182658998768244,-1.3211533976442176
2014-09-05,-0.2460433215064348,0.9215034435399149,1.821990521296396,-1.2737984135740728
2014-09-08,-0.14325778969145914,0.6616001029585606,1.6356871613818291,-1.3063594702827044
2014-09-09,-0.12123714441653786,0.5361001261091157,1.4962729128215375,-1.249203817928808
2014-09-10,-0.18358374093845328,0.24118264748648122,1.0321592451880048,-1.093344816246445
2014-09-11,-0.1306721983584422,0.1559729529412032,0.7730918035690821,-1.0161662735735104
2014-09-12,-0.1869288752345689,0.11320301141448282,0.9022623890366009,-0.9738833626836024
2014-09-15,-0.5709921084522788,-0.11037843884442139,0.4141255137321327,-0.9184730340613976
2014-09-16,-0.7170585639280826,-0.20615344904273458,-0.03697367158500201,-0.8497331823876213
2014-09-17,-0.7057943010231043,0.10302712046673275,-0.04803300948175876,-1.117347220914105
2014-09-18,-0.67583202165678,-0.01586141233603301,-0.0788044620416883,-1.0131927133073813
2014-09-19,-0.6687605014857825,-0.13792692832024175,-0.18871979653606627,-0.9509762771791505
2014-09-22,-0.6534290024477225,-0.32145446198266747,0.05234493643212824,-0.7767180278890046
2014-09-23,-0.5338535831075019,-0.5141223205049499,-0.00757678839061398,-0.6156508278833795
2014-09-24,-0.44109600948936256,-0.37246045567596714,-0.07311106358885555,-0.684680160872409
2014-09-25,-0.4348912407072864,-0.5068175103623522,0.29217100793572215,-0.5652683573856596
2014-09-26,-0.39783699552476853,-0.5304878084890885,0.16920331441433586,-0.5334726989781496
2014-09-29,-0.26149908678402006,-0.9087198383067775,-0.10057042027116926,-0.17335445476182942
2014-09-30,-0.5572341524577923,-0.9637044977119108,0.07992298552065288,-0.19337748683074707
2014-10-01,-0.502398220318342,-1.206360731058223,-0.3703917763052567,0.05822605115098829
2014-10-02,-0.5204417030067493,-1.3379913791551736,-0.7742425713838391,0.19860414097845944
2014-10-03,-0.47169028228268756,-1.2600284529853771,-1.0822750129194347,-0.0950395935705087
2014-10-06,-0.45867843788721085,-1.0290349357357662,-0.928131928624878,-0.459403244425591
2014-10-07,-0.7163399558852926,-1.1416362008175591,-0.8378694957037253,-0.5095092303973214
2014-10-08,-0.7152443635964312,-1.3768787685627162,-1.4097320399797904,-0.04664176390947049
2014-10-09,-0.6867006936332047,-1.1921799349571123,-0.5005161157850986,-0.3550404991350815
2014-10-10,-0.9803195079470053,-1.4177804351248244,-0.2971692718001324,0.23578375937345114
2014-10-13,-0.8394410157764843,-1.3962282444246468,0.2444230534054077,0.03493058200024762
2014-10-14,-0.8663884287605512,-1.3754221408304537,-0.11590450791951608,0.051963818333420016
2014-10-15,-0.7902448994315434,-1.6548871035517922,-0.022193090201926162,0.3818998204735048
2014-10-16,-0.7056870808218499,-1.7385174119915616,-0.18958159184246837,0.7759210983142933
2014-10-17,-0.5861917644791186,-1.6532462067339875,-0.5020909065759214,0.6024475300848082
2014-10-20,-0.6251883299662906,-1.5509811305847887,-1.1063908945690928,0.4447922723858997
2014-10-21,-0.5326234264536724,-1.5113973505071854,-1.3552882707317429,0.5005722909344356
2014-10-22,-0.46770983175226205,-1.3510700502994637,-0.7927813990322687,0.23758473138236427
2014-10-23,-0.2961507602405652,-1.39832699681812,-1.1923795196824625,0.4122730479299254
2014-10-24,-0.3208253769692671,-1.287386266264486,-0.9186630500039562,0.2977045284281753
2014-10-27,-0.3245074966281369,-1.2747502127860393,-0.7238800734249105,0.4754374287224588
2014-10-28,-0.3038584342991976,-0.7321770836893403,-0.1911358095204725,-0.07342596451522958
2014-10-29,-0.3396884483780585,-0.5048700366601281,0.13347867521998905,-0.4385304994600785
2014-10-30,-0.2584866916194462,-0.4002701378049608,0.4985465052504425,-0.4673201859408163
2014-10-31,-0.3089269136062984,-0.16948209424787722,0.6170802266431062,-0.7078050942176405
2014-11-03,-0.2147157763222837,-0.34269179392611987,0.5937727295258898,-0.5903865315866572
2014-11-04,-0.194613472048269,-0.5163891937281972,0.27926590583409155,-0.5263616683783517
2014-11-05,-0.193887114503861,-0.7328443709142628,0.22741010810707923,-0.3525994245032324
2014-11-06,-0.12209375792844783,-0.8553537744368596,0.4170472007135247,-0.16184596673760845
2014-11-07,-0.1283814430079441,-1.0136616752420469,-0.22544840775389116,-0.034679385152749834
2014-11-10,0.06349298135033012,-0.6802703069540069,0.32229188746476517,-0.38806576437060303
2014-11-11,0.0040479027767466765,-0.7727353483622058,0.36331489842554426,-0.25435032979366
2014-11-12,0.28098590743289115,-0.678749147018765,0.6566882078845669,-0.36166080811758405
2014-11-13,0.3198890172118298,-0.6264985624420536,1.1967973237173402,-0.31227518890661554
2014-11-14,0.4536283342756218,-1.0077354384932844,0.2016217575674156,-1.0883159820490873
2014-11-17,0.5686975047686077,-1.3193522396458381,-0.5251572951054408,-1.0315746931296677
2014-11-18,0.5959010196282482,-1.2507992162203763,-0.4727721817877278,-1.06746727686392
2014-11-19,0.6347886109632346,-1.2346350103316037,-0.5929948100866058,-1.2351264515165297
2014-11-20,0.7010907904779164,-1.1897457494892052,-0.7942366246864524,-1.0760785493581184
2014-11-21,0.7006752991311681,-0.8904610371083977,-0.761861427210562,-1.3625968503143673
2014-11-24,0.6737062765739561,-0.7895086275205931,-0.6611084773678739,-1.3785294594720392
2014-11-25,0.7715783434945387,-0.9114046266541355,-0.9322322391942081,-1.2825085844216724
2014-11-26,0.7703560104340154,-0.9891743304076855,-1.3067669091794782,-1.4212186985457362
2014-11-27,0.7435428111911582,-1.0228003219912674,-1.568545521752482,-1.4516437140970295
2014-11-28,0.6448839977651395,-1.1973455157904926,-1.6777677191129226,-1.257997743515584
2014-11-30,,-1.5182834101586737,-1.9188669071680178,-2.2332688164608543
2014-12-01,0.4811476564344279,-1.5754385253187473,-2.0548398662642966,-0.9515399466318991
2014-12-02,0.37282227903285853,-1.4967068942537203,-1.9725367886564038,-1.058045761092678
2014-12-03,0.4653742794763126,-1.5298613426563756,-2.2449635329881334,-1.0154957774331579
2014-12-04,0.4058787451583971,-1.5918480040992227,-2.447338478838922,-1.074908968083305
2014-12-05,0.4894210166962207,-1.5048290418731887,-2.1495721432976946,-1.1297435829417584
2014-12-08,0.340540257475864,-1.839116931872469,-2.6415699612688646,-0.9444452118042412
2014-12-09,0.3763629666134315,-2.080548520856986,-3.0,-0.6379496206217542
2014-12-10,0.2762738026557576,-2.270861380757833,-2.96861977348436,-0.47212473576969993
2014-12-11,0.334391695565845,-2.35816667826764,-2.779768086846678,-0.1254028247367707
2014-12-12,-0.2984315341116421,-2.4719605521625985,-2.8745350291712284,0.011222516419712149
2014-12-15,-0.22991796786230898,-2.749451327329399,-3.0,0.2819767580484124
2014-12-16,-0.10678418718926656,-3.0,-2.7863023871187647,0.8927895579738703
2014-12-17,-0.04628372581193868,-2.707004156813528,-3.0,0.4633791911034802
2014-12-18,-0.07444178667735359,-1.9671061911565253,-2.6119415603912643,-0.07730202870746034
2014-12-19,-0.08721243099138194,-1.7620366283269384,-2.418349882394804,-0.22431283986031936
2014-12-22,-0.10246993334049384,-1.4098742554186052,-2.183637115150047,-0.48019630730299817
2014-12-23,-0.17488942452033845,-1.211407065976274,-1.8438835243398193,-0.4123975440782258
2014-12-24,-0.14422417410664834,-1.1379605973203835,-1.7655524691998628,-0.3697474086793419
2014-12-25,0.1551413167042066,2.2532373835699686,-1.7250165592220048,-0.36835310512861313
2014-12-26,-0.11241997592343621,-0.9694779826718061,-1.5138006698969817,-0.45343347389406563
2014-12-29,-0.0749169572189958,-0.8834078295883241,-1.5814235501597396,-0.5906453698768187
2014-12-30,-0.02496504600313715,-0.9816259287377501,-1.3770308003901013,-0.41562953436638317
2014-12-31,0.02816812769544658,-1.0241808374761459,-1.0339627398972162,-0.5927555480840877
2015-01-01,0.1867666394619895,2.192869036970346,-0.817836728983211,-0.6433871749379254
2015-01-02,0.050402452903063916,-1.0030395986359324,-0.9591506177180904,-0.4492302975718286
2015-01-05,-0.13085782270440174,-1.2622533025588831,-1.1814635695071662,-0.1305249777722506
2015-01-06,-0.14228560621773795,-1.4598017320542778,-1.3359202403875778,-0.02977949468413352
2015-01-07,-0.0741375260847792,-1.1047780881596392,-0.8826031828207614,-0.1406735714249406
2015-01-08,-0.1624006913587835,-0.6324205846363766,-0.29687241592253116,-0.6235846452921164
2015-01-09,-0.4222754083711399,-0.6725220792495834,-0.23266092105422462,-0.6964565666605178
2015-01-12,-0.4085960848911307,-0.4999540002606781,0.4777203540213462,-0.5976393630165225
2015-01-13,-0.21065247949787436,-0.1526870413094444,1.2180846387337678,-0.7541869821344612
2015-01-14,-0.15607119351531712,0.2248882536070305,2.38075410780941,-0.5456798656342045
2015-01-15,-0.3463522404612431,0.05090101726134071,1.852096628648616,-0.5641091935556237
2015-01-16,-0.2710661477511595,2.3388320519165107,0.5943485287980009,-0.5360868292196115
2015-01-19,-0.4081347039123014,-0.454546010767593,0.4745592345440607,-0.43640302344333004
2015-01-20,-0.21095467389677397,-0.4286466747316476,0.08340320963356801,-0.539715143256725
2015-01-21,-0.10787105784211096,-0.2282517584944189,-0.10757147431269236,-0.9017733539037732
2015-01-22,-0.11810668311841976,-0.006289303617723551,-0.13736662090157814,-1.0063770311079614
2015-01-23,0.026459201001733542,-2.052236803678146,0.09245464539268732,-1.1530317729944213
2015-01-26,-0.014307269415979406,-0.011157998432329957,0.006479722042996926,-1.0932707810498306
2015-01-27,-0.07866996517075678,-0.041972044555301985,0.15757676344981078,-1.0217115507372074
2015-01-28,0.2018736758462673,-0.1642861936536765,0.47867000934702975,-0.9502324756789597
2015-01-29,0.4722664095315285,-0.3690370248892413,0.20737399316873922,-0.6369520493605022
2015-01-30,0.6971406047242742,-2.6153390377275705,-0.15115720580624986,-0.21627373001797698
2015-01-31,,-0.5957327467825326,0.17840904243673633,-0.14372141814892134
2015-02-02,0.5187443808327599,-0.29305996341321405,0.5766492088395649,-0.20066143482073553
2015-02-03,0.6580972368097691,0.1301840757064832,1.5144150392558304,-0.470435547106407
2015-02-04,0.673008806038235,0.13079014627278837,1.6044325016585705,-0.5898120180596815
2015-02-05,0.5356570758601374,0.09427397972693234,1.2180800673581966,-0.442114822423834
2015-02-06,0.473333126964548,0.32188505483501717,1.925023889082409,-0.5239654257891686
2015-02-09,-0.12072443094349314,0.3695957011998349,2.250035033141622,-0.4230514944275539
2015-02-10,-0.016497777797033472,0.2663257119009503,2.130941952167109,-0.29942286705682325
2015-02-11,-0.31768818733421605,0.23006689953204484,2.053582296072455,-0.14862771924226442
2015-02-12,-0.1686406943944835,0.4322651908639113,1.9886250240426144,-0.2997476694154577
2015-02-13,-0.29281052152416676,-2.3185021584275662,2.203048624273728,-0.6695419972538026
2015-02-16,-0.27602676568789675,0.6041835650316173,2.076110012653051,-0.6189797758787827
2015-02-17,-0.35679974525337416,0.641293084788497,2.3761959403489445,-0.6691081655159783
2015-02-18,-0.47970585086798284,0.6658162864399745,2.1391476095486177,-0.567895014659991
2015-02-19,-0.5824376787067753,0.5973353721874706,1.86953085047854,-0.8317559852747736
2015-02-20,-0.5419280524423301,0.5521212924156776,1.6025919833806443,-0.7808651484556737
2015-02-23,-0.43405450622052627,0.38932810772626886,1.330855317322149,-0.7146780049005267
2015-02-24,-0.4556299438605088,0.49039618484083,1.298078056255107,-0.723763151578343
2015-02-25,-0.5151284348933612,0.6783320715961058,1.3638768124629421,-0.796440330029173
2015-02-26,3.0,0.8497131703628444,1.6530439433438815,-0.8699497631954449
2015-02-27,3.0,1.0030181108099236,2.0911587137046848,-0.7208037059661088
2015-02-28,,2.916614155345487,3.0,-1.2577817550203743
2015-03-02,3.0,1.437775470927189,3.0,-0.7174677405511091
2015-03-03,2.891633184233621,1.336651704755633,2.97096288773459,-0.7764406201714137
2015-03-04,2.689757072847753,1.1262027361162885,2.7287363989233167,-0.6973506654958724
2015-03-05,2.6374182572315363,1.0160393644282815,2.447356660078799,-0.7810065305170382
2015-03-06,2.753123636861864,0.9628441611999964,2.3244161692992633,-0.9251658140079414
2015-03-09,3.0,0.8300215754038551,2.0901203505485655,-0.6582694439319109
2015-03-10,3.0,0.6273790133394908,2.009356215733391,-0.28377458179716836
2015-03-11,2.893755489859979,0.5489522633908207,1.923815557817929,-0.3321133572845043
2015-03-12,3.0,0.5827291005606505,1.6239465338684047,-0.5786209050996811
2015-03-13,2.923144786522581,0.386436907591112,1.3454063475924172,-0.4362370716179682
2015-03-16,2.7152263358251254,0.2983451234352071,1.124932072745262,-0.3720843479203704
2015-03-17,2.5227297242514855,0.12394259302999128,0.7454354532780312,-0.5917918319770042
2015-03-18,2.3797319583196685,0.06374891602801534,0.4588705855818458,-0.47323282642984954
2015-03-19,2.20505328413803,0.1620682609639551,0.6140397243533513,-0.7367251314922693
2015-03-20,2.201857540735481,0.21295673960479033,0.5274857590310106,-0.7586656447329191
2015-03-23,2.193072268708266,0.46629433042603485,0.8805660373019073,-0.9724739975966101
2015-03-24,2.1122827121197534,0.5591347676420028,1.0376363074768649,-0.996140482459151
2015-03-25,1.8860721631425408,0.6046454790098429,1.3393790824013292,-1.0143163106355009
2015-03-26,1.887692691693168,0.3216683361447881,1.273526730443806,-0.719947186998507
2015-03-27,0.09875123969391837,0.20815090253413113,1.076667428479379,-0.5523159364925793
2015-03-30,0.11307809936575741,-0.3122737467608884,-0.1761478597541376,-1.1562222864091598
2015-03-31,0.20273629982673722,-0.023911711132637268,0.2642309734887374,-1.3485359280934628
2015-04-01,0.3366434711837242,0.0041274903769695235,0.07137259084921592,-1.4337367812412913
2015-04-02,0.39902294984668424,0.2823173684745092,0.21407636110305475,-1.749380306171271
2015-04-03,0.34614588420254827,2.6350392487342997,0.21291197998991152,-1.737975491838961
2015-04-06,0.3727076813915784,0.19659056835137578,0.011793091630734212,-1.917345769347264
2015-04-07,0.41367371806818637,0.2003702282717739,0.2732993410264,-1.775969610576466
2015-04-08,0.445753164255535,0.41359644470280194,0.4917465178045611,-2.0511793817305297
2015-04-09,0.4250787564481101,0.6180832237612207,0.6491804477475176,-2.194082639724828
2015-04-10,0.6152566634195401,0.6876950693242075,0.6023071013329442,-2.219454522280595
2015-04-13,-0.21876133173492623,0.7510983668258483,0.7600485964138622,-2.2973265065853554
2015-04-14,-0.21657014380457246,0.7804018084359945,0.8607418093603872,-2.1148558343960073
2015-04-15,-0.5701022322752614,0.9032953507265611,0.965255094451264,-2.0048089480942886
2015-04-16,-0.6100068098848817,1.1023180119737124,1.088574626773348,-2.1640078871875836
2015-04-17,-0.4862960280941348,0.8727372382543268,0.9477536355953655,-1.972734469215106
2015-04-20,-0.525184761076325,0.6989025674320758,0.9147725242959938,-1.739787809555955
2015-04-21,-0.5268060495586487,0.6789252239482951,0.7973348276411465,-1.9594469123952711
2015-04-22,-0.5272860397709108,0.7492076857434614,0.7967496642149613,-2.074633968353578
2015-04-23,-0.5952254024982035,0.7298677567371683,0.640041838245056,-2.0173522360871834
2015-04-24,-0.5806293671218258,0.7101623947150171,0.5664930865589154,-2.042769987717051
2015-04-27,-0.6049403255625806,0.8259910841579524,0.8127444788993956,-2.0702845984515794
2015-04-28,-0.7007836394536063,0.9403019745988033,0.771535453920434,-2.087350104305522
2015-04-29,-0.7505737311015405,0.6223096612106089,0.4002119584738524,-1.9780640744985116
2015-04-30,-0.6450088069889328,0.4722475676829543,0.547139649916097,-1.388436121632835
2015-05-01,-0.6510212663911495,0.32459874993725374,0.2815882288071287,-1.377873033445398
2015-05-04,-0.7690882939785721,-2.4619372967912065,0.29228813299002304,-1.468670494904696
2015-05-05,-0.764311293677602,0.4313138214841433,0.49411018374984095,-1.527005873114635
2015-05-06,-0.7904007817816107,0.31749856711402225,0.5350806980793873,-1.5040973481012587
2015-05-07,-0.535890363223002,0.15413745890924965,0.31422759091838454,-1.1611130246846744
2015-05-08,-0.7275913421896393,0.24412918725158755,-0.07256547021833512,-1.2269853951816199
2015-05-11,-0.6337916196655208,0.3375295617547644,0.2038463527537565,-1.4089111829706353
2015-05-12,-0.6876095064125768,0.18067814385848102,0.09389623313371069,-1.2796363152674377
2015-05-13,-0.8073348063618446,0.21500471310036437,0.16701121926644152,-1.3563041155746254
2015-05-14,-0.8413233629600698,0.26823525829915584,-0.006327083137247571,-1.247020545943807
2015-05-15,-0.5249128173120571,0.3847624333337299,-0.06584865344997654,-1.7893258222906088
2015-05-18,-0.36458274515916067,0.426670652604287,0.2165812403175067,-1.7498056582484895
2015-05-19,-0.294836056887873,0.46524693101312586,0.22568935443734398,-1.7648619820158757
2015-05-20,-0.44075764428874525,0.38428792193960987,0.14228200699768054,-1.641271626628477
2015-05-21,-0.466656140006823,0.2325675164715062,-0.1258446521307506,-1.540913898943746
2015-05-22,-0.5505133616510369,0.42430665721144784,0.01894780788973413,-1.6120522741454073
2015-05-25,-0.23737565711760894,2.744815498825155,-0.009890458787091045,-1.544263077671028
2015-05-26,-0.6655296340123552,0.061290157593150846,-0.06525162118470938,-1.4439349692948167
2015-05-27,-0.6168993137625685,-0.046016670554923006,-0.19481514077308984,-1.335676766021432
2015-05-28,-0.7206282083728616,-0.27239319362380393,-0.33548657620287814,-1.2123931103565995
2015-05-29,-0.8264563272937967,-0.3679150489916976,-0.3434298259227468,-1.1506432175246637
2015-05-31,,-0.30636846896473785,-0.42950357997169153,-2.95507088848932
2015-06-01,-0.8740358689242076,-0.32049074623632207,-0.2972386638768317,-1.2139534268955632
2015-06-02,-0.7974127167378956,-0.2939121046665728,-0.2705931316706122,-1.2058006934327148
2015-06-03,-0.731717574619576,-0.28366558366484884,-0.293596002891647,-1.2820203716192624
2015-06-04,-0.765013472889424,-0.32872953337282806,-0.2534072978940367,-1.1335175199727328
2015-06-05,-0.8975651101952612,-0.28959220438284466,-0.11880969348494827,-1.1148354377745182
2015-06-08,-0.6444364165468094,-0.4800969865644519,-0.37864496636237244,-1.0466275460814096
2015-06-09,-0.6357760223506302,-0.4503440322028557,-0.3330941052701559,-0.9864249591332624
2015-06-10,-0.6367050511121594,-0.3296158614211572,-0.5418241749498337,-1.0703403360160972
2015-06-11,-0.8402345133082871,-0.39910352457070186,-0.6652416096717536,-0.9677140018075926
2015-06-12,-0.5078481281043169,-0.2782451232711131,-0.4489870125387514,-1.0206468945365603
2015-06-15,-0.5325097146263587,-0.5331150704706088,-0.5684528820282042,-0.8465848785335999
2015-06-16,-0.6621929088451954,-0.704618889495001,-0.8053239791410439,-0.6375507254875812
2015-06-17,-0.7470186120971954,-0.644081294673961,-0.7670142964121844,-0.637545279729547
2015-06-18,-0.620687799787806,-0.4689167024473853,-0.7021230321855809,-0.706446607756173
2015-06-19,-0.6247672383094874,-0.7223617765461284,-0.9012316345735714,-0.6364946295968805
2015-06-22,-0.5808511796570099,-2.87104446130425,-0.7944925812826393,-0.8615377578438252
2015-06-23,-0.5271845080578338,-0.16890138005136343,-0.6000373994297841,-0.9399511322636901
2015-06-24,-0.7306113268984864,-0.17668959517643043,-0.5148764334788315,-0.9937428345590973
2015-06-25,-0.8437065559740556,-0.2753531470294238,-0.31166001286387457,-0.9241384778029944
2015-06-26,-0.8542119900684588,-0.35584186419364067,-0.15015229852215145,-0.889898890403927
2015-06-29,-0.8533409266654983,-0.8124503171124001,-0.05228990633677872,-0.5414371708011679
2015-06-30,-0.9477153448244775,-0.715025742016775,-0.24214131136481407,-0.7825271474633956
2015-07-01,-0.8363702835503337,-0.6992363153341072,-0.2941083319319623,-0.8530833775159646
2015-07-02,-0.6463508219178328,-0.8746870640420984,-0.4483108213741774,-0.7705985621688237
2015-07-03,-0.617313089983636,-0.8983639948261878,-0.217943136887038,-0.6721438212129557
2015-07-06,-0.609394554064461,-1.3021225549981252,-0.5206114239720973,-0.1805283453855213
2015-07-07,-0.6278813448400195,-1.4583784380641804,-0.6104864247963625,0.09874662705766299
2015-07-08,-0.5955696093048802,-1.7013131255490388,-0.2742093913293796,0.578450228862953
2015-07-09,-0.5557042719387754,-1.4900291822904386,-0.0753784198053326,0.11196658354048461
2015-07-10,-0.7014478340654547,-1.1498410031202708,0.06650409027779812,-0.14986657143787369
2015-07-13,-0.44883039711008177,-1.0433761466586822,-0.2377595664677166,-0.37198622182340024
2015-07-14,-0.5360962889824328,-1.128833391832977,-0.2916186198629599,-0.26953587054793104
2015-07-15,0.028239678249675812,-1.114047505194111,-0.2708554514327406,-0.1790612038175081
2015-07-16,0.0016648424993357296,-0.9953804198429423,-0.31898841416363616,-0.19352147082374213
2015-07-17,-0.016373159930045667,-1.022356795509819,-0.43598245533747304,-0.2142201950905558
2015-07-20,-0.004366425284211683,-0.9792803824706204,-0.23044447643743576,-0.14305397561105082
2015-07-21,0.006840898884240536,-1.013138685789932,-0.6100949763706063,-0.22584708396393458
2015-07-22,-0.01759756532731438,-1.2027560585278187,-0.719502705222386,-0.043650903503839635
2015-07-23,0.060838131723432096,-1.3110902836795362,-0.8309023241409655,0.18701922706939936
2015-07-24,-0.3322398401333606,-1.474714321566544,-0.8793452190416162,0.29936014127585897
2015-07-27,-0.3000565523513779,-1.6960535368695635,-0.9834720194932908,0.6489575189350745
2015-07-28,-0.31836956549434875,-1.5038412026629566,-0.7209551951004718,0.6957600559395276
2015-07-29,-0.31521832470579764,-1.349819852022615,-0.6771548120034622,0.47756012983662527
2015-07-30,-0.25169345707054724,-1.4925647199502508,-0.9200607663936566,0.535038568477246
2015-07-31,-0.1021872361813238,-1.4139388380409161,-0.9127658457024151,0.39384125685467736
2015-08-03,0.006624896860423638,-1.5344468802341553,-0.9269740441209787,0.5497000097417083
2015-08-04,0.11717620652665196,-1.4144422370867666,-0.5920060589300413,0.44122051342467483
2015-08-05,0.416836278657887,-1.4024375748446587,-0.3944093829153595,0.3912941505400335
2015-08-06,0.3727214841393633,-1.6133061642348798,-0.39663398591230037,0.5054994577242298
2015-08-07,0.5150608904588403,-1.6233198501078026,-0.7193841186241555,0.49446462695659915
2015-08-10,0.3613834476662966,-1.605709308863135,-1.0869456604885783,0.5129591873299609
2015-08-11,0.42511022384238945,-1.7510931889955768,-1.196478898965317,0.6214962200128396
2015-08-12,0.20013814606774638,-1.877114609093473,-1.1577640292010158,1.0288099681383736
2015-08-13,0.2103166804396529,-1.7177821248506515,-0.911591138471149,0.7620389327482806
2015-08-14,0.29279281376021055,-1.7339673585596795,-1.0448854343077607,0.8255315606171424
2015-08-17,0.4278636681472511,-1.7933521171525117,-1.1887241580028367,1.0367141203096413
2015-08-18,0.3075642949592062,-1.8188123477347617,-1.0915418709378588,1.1394654272848181
2015-08-19,0.36332668844125726,-1.8937436068065925,-1.0616257361679542,1.3346348118611848
2015-08-20,0.36719384397023,-1.9920524330284448,-0.8382824143540145,1.5362211937087515
2015-08-21,0.08886269045875553,-2.1170890548934636,0.09954645401917206,1.764742620712712
2015-08-24,0.09855651260171736,-2.414296065398164,-0.18817960344403034,2.920428612181084
2015-08-25,0.17304114695471795,-2.024800806857914,0.4246808690199814,2.065488445130049
2015-08-26,0.20632885613455657,-2.0133682926684213,0.28389304656789016,2.2564902782422362
2015-08-27,0.23722129084486432,-1.6852144049412874,-0.0629946376102531,1.4486287539409888
2015-08-28,0.06638833037454296,-1.53330742961089,0.03841261545362654,1.7301115696181555
2015-08-31,-0.3023661363926825,-1.4077415362533368,0.4989206740902371,1.7840496374463923
2015-09-01,-0.7143126878031129,-1.5146298215426877,0.621418890369855,1.9631377862582196
2015-09-02,-1.1064817196819716,-1.517658712212281,0.052836406568136256,2.144126474875373
2015-09-03,-1.082624827570178,-1.4836948490772992,-0.1445611665476785,1.8647317167289594
2015-09-04,-1.0925750295110688,-1.5495072738269782,0.19100932280938243,2.136850471863218
2015-09-07,-1.072219279859839,-1.5388248065653787,0.33269772327226266,2.41963533767112
2015-09-08,-1.2414210168077213,-1.3847520579836565,0.06440630993276301,1.9006555761904218
2015-09-09,-1.2336321382410254,-1.152049160612789,0.38570911686841763,1.2274242995081515
2015-09-10,-1.0579139917326081,-1.1824688972702757,0.15095878219219983,1.4534992163479425
2015-09-11,-1.015996561487159,-1.2696820106769529,-0.308610701251515,1.4854203594575535
2015-09-14,-1.103463861413871,-1.2008639555205438,-0.23384531631850086,1.276399897959518
2015-09-15,-1.0565212092775795,-1.1064831263659831,0.0025499691734529313,1.2850490039931435
2015-09-16,-0.9830339922493375,-0.9280626244118361,-0.12262337545840019,0.904838959589247
2015-09-17,-1.0611076781438271,-0.9028402635623494,-0.10564860639911863,0.8706383811584854
2015-09-18,-1.0248281465169955,-0.8224878936727846,0.20736117950079022,0.8138238434383814
2015-09-21,-0.897842871880036,-0.8519748053926712,0.4005210630196461,1.1077107803210533
2015-09-22,-0.8131203871136959,-0.9331449354267808,0.8352276473455523,1.242562462721068
2015-09-23,-0.9936445060267816,-1.1590502431632885,0.3712671551178729,1.6383481432018052
2015-09-24,-1.1244958564864576,-1.2347581950052005,0.20171306702013572,1.779448824752033
2015-09-25,-1.142657208935378,-1.1775603460331023,0.021187155194331852,1.4912764686336248
2015-09-28,-1.202699787037874,-1.4062970990513037,-0.17482904536067,1.576079182840485
2015-09-29,-1.2493011987918792,-1.5039597680057004,-0.7665539242924607,1.8113852640400576
2015-09-30,-1.2223847933451624,-1.1907368101367681,-0.3834710544678244,1.387367234831941
2015-10-01,-0.8602812212683573,-1.0623566504696442,-0.47201915402073724,1.2436177921088676
2015-10-02,-0.9015771853332334,-0.9373306580633948,-0.6801437589508874,1.2100043239781522
2015-10-05,-0.929426128600083,-0.5547659374563559,-0.23346285874278416,0.8217773492487093
2015-10-06,-0.9232274377066116,-0.514652687619731,-0.04795191570554155,0.6692643001448672
2015-10-07,-1.0191264714130392,-0.3568822665959706,-0.03689207527488212,0.22609519107100823
2015-10-08,-0.7719414415364779,-0.34149027561405015,-0.06386031233960848,0.3847073622578694
2015-10-09,-0.7813136249220906,-0.21090466293220667,0.18211777630367437,0.10947507641633565
2015-10-12,-0.7445050487306892,-0.09311452636636407,0.2832864104377181,0.03181297272655789
2015-10-13,-0.6371291900976905,-0.22588478189797218,0.36790072892202924,0.31407938736527863
2015-10-14,-0.6724754576419424,-0.3932890105261171,-0.1265758574221287,0.48504721635289716
2015-10-15,-0.6364134827446465,-0.21584129603157723,-0.10146839233775352,0.1856490573056693
2015-10-16,-0.6099509835523713,-0.10937500260866652,0.2833175428921198,0.13323811074292388
2015-10-19,-0.6159975844477978,-0.04915198640195505,0.3572055761648879,0.08767971737592857
2015-10-20,-0.5525197304014322,-0.11727268947186309,0.40148392710317793,0.19995229831378916
2015-10-21,-0.3888111597367434,-0.05735987124561815,0.7591620344699883,0.2482742684714458
2015-10-22,-0.3089104921013532,-0.0043539069807145125,0.5797937520857841,0.39190042225685756
2015-10-23,-0.10473560069591512,0.3517044168035624,1.4109446650363704,0.08218760762263531
2015-10-26,-0.055305731431362457,0.33691961071897375,1.4429700312235798,0.19789737632861126
2015-10-27,-0.044146561809483384,0.4057345655759989,1.801276785838094,0.21513414836285635
2015-10-28,-0.01764765284852837,0.5128204798899582,2.2722823332789024,0.3442953825715998
2015-10-29,0.05353729387391932,0.3292986314185523,1.8917459294295085,0.6649108644307251
2015-10-30,0.24166321870406185,0.3152451195356571,1.784207041319847,0.6519383189470416
2015-10-31,,1.8757302774219997,1.748313242486959,0.48739607116367106
2015-11-02,0.3772518971610476,0.2618949996503483,1.3118479319539302,0.48394043691793615
2015-11-03,0.484212854602234,0.44979174232437813,1.3734173993726493,0.2792911536669641
2015-11-04,0.6604038872264655,0.5294602032294089,1.3803453825840253,-0.09052776053773497
2015-11-05,0.6332422149354511,0.5090425713735119,1.311853114712978,0.2047278090099141
2015-11-06,0.830680197012524,0.3836277447110068,1.1416142385183288,0.3705705320622969
2015-11-09,0.8901801397914836,0.3272796711218898,1.2086562564697003,0.38556377596529967
2015-11-10,0.7968575586463283,0.17475776123196307,0.9873117464925275,0.6403302619734347
2015-11-11,0.8796472296712061,0.21251067558883413,1.286981687511642,0.589925315383435
2015-11-12,0.8251040503613503,0.1613626144589224,1.2502423861316643,0.4865458107925131
2015-11-13,0.8845433184784195,-0.02219823223488602,1.0376706381521397,0.7588291536272205
2015-11-16,1.0630945742122053,-0.08794180157320405,0.7084782272281822,-0.025164932657528977
2015-11-17,1.057916704553744,0.09149625207247418,0.6993757320825693,-0.40252806588075773
2015-11-18,1.036721744403342,0.27244434252664557,0.6728915082102723,-0.25895955054167163
2015-11-19,1.0398824648583194,0.5768865641022799,0.6830441302431187,-0.5800495481356668
2015-11-20,1.0810508478081557,0.4811126105020547,0.24065715844031782,-0.7614086154495527
2015-11-23,1.0916409619187355,0.45392989464637823,0.17724471891867286,-0.6895873985253206
2015-11-24,1.0789120927195992,0.36926184230306436,0.2890200642678344,-0.572892572496458
2015-11-25,1.1630997443133584,0.20197431975708968,-0.19035089031639293,-0.5053890459876029
2015-11-26,1.2683618854322314,0.23315239817565273,-0.30875663689935784,-0.5675888394902732
2015-11-27,1.3240509241582983,0.1480358218543056,-0.35483093952441,-0.26510894566505244
2015-11-30,1.640876041368828,0.1330341578575474,-0.15959796074501437,0.0510323225019913
2015-12-01,1.6384329957318524,0.1593968201785681,-0.7253961348000925,-0.5927657740833506
2015-12-02,1.6457252555996131,0.19417613942938497,-0.782286737542797,-0.6003506560982671
2015-12-03,1.562780850863564,0.3051800052543067,-0.48823178262983924,-0.7413025551732022
2015-12-04,1.7245860626437934,0.0772868767859977,-1.058523428232269,-0.39256200436110844
2015-12-07,1.58679012617134,-0.26765769418346624,-1.3327456641979378,-0.30394482296268654
2015-12-08,1.52802036144461,-0.4117760589112042,-1.11907709086224,-0.006062929217602946
2015-12-09,1.5273279744851498,-0.4489989679776154,-0.8010090413256273,-0.09496193772413221
2015-12-10,1.576168082161326,-0.4921243493799806,-0.823678246461789,0.056785234801459965
2015-12-11,1.8719083400454717,-0.7904493516118087,-0.8114759542083452,0.396708888267281
2015-12-14,1.9783960077592357,-0.8134200966410283,-0.787691996823593,0.36600543958267545
2015-12-15,1.8273695726303418,-0.6450254587280244,-0.7378156107060387,0.11419149729453897
2015-12-16,1.9395535205616221,-0.500453844100748,-1.038497614133805,-0.24784784784914715
2015-12-17,1.8413469670706093,-0.3094748037498566,-0.8246436761499116,-0.6456237480943269
2015-12-18,1.8037501747310771,-0.43257463017454695,-0.8600038453304579,-0.3318308242052535
2015-12-21,1.736470751660198,-0.3887952581844441,-1.2365711961904875,-0.45078008594357427
2015-12-22,1.674371393869427,-0.23453640816655455,-1.2154571559828442,-0.5390008997504206
2015-12-23,1.664477321421045,-0.05318342162264192,-1.19582889390684,-0.7476861335183884
2015-12-24,1.6058557468701875,0.04841892998470443,-1.0425254795368484,-0.73213960597059
2015-12-25,-0.6222125014210249,2.8088597282679553,-1.0314662267035926,-0.5948918314391853
2015-12-28,1.4038603012683577,-0.1905920582645147,-0.8886833989323014,-0.44288755426724297
2015-12-29,1.3007876174304147,-0.1425801785660544,-0.6919648781099648,-0.4011457525836552
2015-12-30,1.2025025481206246,-0.16315682497645334,-0.3451757447977699,-0.11894521930223549
2015-12-31,1.2175977038340466,-0.14368434777179673,-0.03228636839489533,-0.2973480696772562
2016-01-01,1.2077422722933457,2.367569107108581,-0.23772089540706776,-0.33937828908660117
2016-01-04,0.9470697333852938,-0.577582401016176,0.21817621262995465,0.49962375196689196
2016-01-05,0.7522132077014908,-0.45208776756414515,0.39147285888264244,0.4775792598991831
2016-01-06,0.7523120976993695,-0.5665423551173706,0.5350370037212968,0.7309954774202051
2016-01-07,0.5266523545441222,-0.7706722322700646,1.0000405799739127,1.2868106736091725
2016-01-08,0.42466935226176766,-0.8472996352258595,1.0535987738504757,1.0626571860073604
2016-01-11,0.23905774270206806,-0.8180128110311952,1.3102109941180868,1.5830086657235671
2016-01-12,-0.326256409118317,-0.9896677438435025,0.7526033187317099,1.7347128525184479
2016-01-13,0.108373161644879,-0.9723830208194151,0.7272325398109457,1.126438175669036
2016-01-14,0.09389407793642035,-1.0661804238150132,0.3631320928314249,1.5122412189670762
2016-01-15,0.1434139454255231,-1.2839399757175967,0.16343796118025095,1.9967881522777053
2016-01-18,0.060345256085688304,-1.2047984869392743,0.3715363693986048,2.1452871400096982
2016-01-19,-0.15926211195727893,-0.9864163826167197,0.2965405494913478,1.6722744638482978
2016-01-20,-0.21749320974293454,-1.35401433415724,-0.12990457406963288,2.4196860680054035
2016-01-21,-0.12829420982644282,-1.398181827624636,-0.2784415486103808,2.463689397277307
2016-01-22,-0.1299936325405171,-1.038182215003802,-0.437376185311489,1.8300119993192974
2016-01-25,-0.17522535358375543,-2.885318254057932,-0.266520355177159,1.3227826283616262
2016-01-26,-0.041872061852736356,-0.9228959956998527,-0.457411259065621,1.6583009769041053
2016-01-27,-0.04007166935765415,-0.8707522136776502,-0.5561243525555953,1.2727653803216399
2016-01-28,-0.29984730316393604,-0.7816247588891861,-0.5449170601627084,1.1100255267546368
2016-01-29,-0.09630800437127855,-0.6808266383620303,-1.0603742157437723,0.6070804787023854
2016-01-31,,-3.0,-0.9607803337291255,0.22750528239142376
2016-02-01,-0.3232253628105965,-0.5750404120569466,-0.8888662442187032,0.5381886483375882
2016-02-02,-0.45576483541963786,-0.8935632224130962,-1.077502893566162,1.0015287006924858
2016-02-03,-0.5160729334608672,-0.860043718731029,-0.9289469820315284,1.3219635483482899
2016-02-04,-0.4979277268900174,-0.6197025959229352,-0.6355492991339009,0.8814949958432052
2016-02-05,-0.43390998671895076,-0.5636987725919045,-0.22927728030877406,0.7336735603958313
2016-02-08,-0.343822922656671,-0.707088714489829,-0.31358895846750623,0.9066554038883811
2016-02-09,-0.5442359534876766,-0.681020450665165,0.0603074840874094,1.030447858526754
2016-02-10,-0.6340502833257687,-0.6023884353724586,0.11709395781701165,1.059106567762606
2016-02-11,-0.41516825736192065,-0.7959314350691382,0.11045497538073265,1.7576268474963948
2016-02-12,-0.3882299610905683,-0.6581424059629091,0.5419824108941704,1.9112277722223527
2016-02-15,-0.6523818158155653,-0.5007221014189784,0.5365547501467153,1.2454044088015395
2016-02-16,-0.47082226535838023,-0.44839004504792257,0.5132492425282691,1.091676163407233
2016-02-17,-0.5940848114534925,-0.186753157776231,1.1053594462985046,0.6819786657810529
2016-02-18,-0.4893578089320451,-0.13881702301195778,0.8353871835978744,0.3209481037030876
2016-02-19,-0.45153983804934084,-0.2171920945483643,0.4701620350873227,0.5104064380821053
2016-02-22,-0.6440504199205604,-0.04522762560548706,0.5116929454258891,0.3720295678981889
2016-02-23,-0.6640688283619685,-0.06912215587536374,0.7465275929335536,0.46710719825016767
2016-02-24,-0.7040714772716204,-0.1291307342582338,0.5724186838815002,0.8144303432193272
2016-02-25,0.13780355414524467,-0.08069098574702076,0.23551528403959493,0.8761184665967354
2016-02-26,0.5609675010455658,0.037611326222185514,0.6437868982308999,0.6176230229185131
2016-02-29,0.427186272899155,0.031714823104231196,0.5903658119544951,0.5740015024879571
2016-03-01,0.3862549109189624,0.32599768971005155,0.7042187640053125,0.2510582215263297
2016-03-02,0.3388375767522872,0.6303889417556544,1.2273675630837557,-0.23544535710398437
2016-03-03,0.39834088960877123,0.72390705530236,1.2576418511176313,-0.6436543919829619
2016-03-04,0.3921058521301113,0.929988718263714,1.5797666249398357,-1.0046718954276879
2016-03-07,0.2898641047239889,0.9588554790582927,1.7015084837517738,-1.1629449525729492
2016-03-08,-0.23394477981185077,0.9266057504107662,2.0440632187157117,-0.9859355741404555
2016-03-09,-0.055498368286513375,1.014397964362223,2.173284505228444,-1.1708754464684104
2016-03-10,-0.17631083497781944,1.1363438455662018,2.417700751295643,-1.4681476068339039
2016-03-11,-0.5031180076334062,1.3302716861892814,2.694896900795566,-1.5551474182455054
2016-03-14,-0.5588692950237238,1.287815121288079,2.4817097589272294,-1.6216769563508788
2016-03-15,-0.4176340372096667,1.0954145434707665,2.352348372216814,-1.3816472904928736
2016-03-16,-0.5531854118503334,1.0173498071316782,1.8229897149242256,-1.2588598887182771
2016-03-17,-0.4794283400401922,1.2087610853656967,1.6870601668684322,-1.7579393575031188
2016-03-18,-0.46665457071709027,1.3370425296793373,1.872457769938856,-1.8229028176921616
2016-03-21,-0.4898582547702173,1.319754165573275,1.9143775593145909,-1.8579665535256373
2016-03-22,-0.36152842640360877,1.3124211918227984,1.8677463404729808,-1.8847001543651494
2016-03-23,-0.21846489853291273,1.0879845668543735,1.6828121086730483,-0.5790607242217358
2016-03-24,-0.13061810935446935,1.0033597453954415,1.6278279587275923,-0.3719061011286278
2016-03-25,-1.109873672126182,2.532079502102265,1.6661732968962017,-0.3670564621847323
2016-03-28,-0.6863436343920163,0.8402541574787218,1.3972076205824258,-0.3667653259250737
2016-03-29,-0.7401256183065089,0.7954173740337561,1.0897303643988325,-0.2060896382110896
2016-03-30,-0.7537896579172814,0.890906336546848,0.7971244201245347,-0.803858507017756
2016-03-31,-0.5856992665216549,1.1666866528792545,1.2225250708041748,-0.7844102708191356
2016-04-01,0.33170056115624463,1.0320735494618367,1.0833103462593436,-0.4101507461527667
2016-04-04,0.5885801438677728,0.9452658852539602,0.8485859508536897,-0.3750200148205829
2016-04-05,0.7427448995525894,0.815382509949301,0.682359385860513,-0.034530583862421284
2016-04-06,0.787934419857725,0.8568761322495273,0.7579815604459269,0.17842793285897768
2016-04-07,0.8782766119504166,0.7948534891717992,0.5983038425048672,0.06640673052171141
2016-04-08,0.941480868242154,0.8514283244027057,0.4385043161665312,-0.13674210715368007
2016-04-11,1.1864107674476352,0.8617286031518417,0.4175264654525194,-0.3216582762296753
2016-04-12,1.492450154586707,1.0006969047912766,0.45277789381676864,-0.5233393531827564
2016-04-13,1.536454819840196,1.1960441250576648,0.49192586228315643,-0.8799047862511212
2016-04-14,1.4933479823501845,1.3465914877313128,0.8801207084178096,-0.9305840714103539
2016-04-15,1.9168198575243833,1.2361660858234438,0.5278109690913954,-0.915036091881497
2016-04-18,1.8370056647251622,1.2838203736550613,0.3832348789875051,-0.7459613938797173
2016-04-19,1.5178238438670169,1.3870264660710414,0.40544488200678586,-0.8931797032422659
2016-04-20,1.443201162036968,1.2841264126956513,0.5926211459642771,-0.7956774731111368
2016-04-21,1.3811927430613062,1.3609862937214312,0.917671655577296,-0.9356938044961036
2016-04-22,1.4358646902334953,1.2816812452645479,0.8297564470840798,-0.7051898204920599
2016-04-25,1.4178158551065754,-1.4331956585405285,0.8730146303950771,-0.53884878971551
2016-04-26,1.387071970928199,1.218306088802762,0.9242326018218086,-0.6824046988451589
2016-04-27,1.3771957567413167,1.1739485091372337,1.0037715357437964,-0.6210760958502705
2016-04-28,1.3513785959467328,1.1711725706244065,0.9948004895074153,-0.582549224866331
2016-04-29,1.3432445538750069,0.9922714649243639,0.4745213276127575,-0.08094892178594304
2016-04-30,,1.0715862073589546,0.395215605237678,-0.7551788721909092
2016-05-02,1.1291651052151286,0.9448541313460351,0.39583870161564033,0.08568029177908602
2016-05-03,0.9486320404043673,0.7146861809028495,0.49123952744969707,0.4119930817529572
2016-05-04,0.8165225084857001,0.6008373981668389,0.38337158821545014,0.628975852357852
2016-05-05,0.7737512699383243,0.6209265885100894,0.47962019569596687,0.7456750338268348
2016-05-06,0.7162871804613808,0.5957881529557616,0.26906367374261764,0.8153789616435746
2016-05-09,0.5787115635282073,0.5337553947630913,0.09568272928285611,0.8790369984685603
2016-05-10,0.5924477786177407,0.630204841486784,-0.20324197644074696,0.807210324207076
2016-05-11,0.5332785164276387,0.6424138780022058,-0.16359414780138715,0.7897873925329428
2016-05-12,0.1609676099134325,0.5850480015382913,-0.2728329309132187,0.7624345716695445
2016-05-13,-0.1206630120775184,0.4926589547776566,-0.20160236073851218,1.0362251659288946
2016-05-16,-0.3265990662994903,0.5590099163975091,-0.12257564988407343,0.8628428649124797
2016-05-17,-0.3242741338702456,0.5387284663591833,-0.22138291856704698,0.7192800373279458
2016-05-18,-0.30428002021246425,0.5006235360580372,-0.17770305572917328,0.7721248704367963
2016-05-19,-0.15844274955299373,0.2551383185936701,-0.5359394964610907,1.0624712425949872
2016-05-20,-0.1610051025798099,0.36224590301394816,-0.5809759551183145,0.9458879112762718
2016-05-23,-0.18932185357315257,0.4614141239160108,-0.4664230254339207,0.7793175339110412
2016-05-24,-0.14284610309029283,0.4632604018779503,-0.6244626395738644,0.9023967964485093
2016-05-25,-0.21054693373016492,0.6521793124313612,-0.558205776999489,0.5097088262598853
2016-05-26,-0.17247512140061502,0.6536088336935402,-0.7725458474196717,-0.504375004387276
2016-05-27,-0.22294856640050037,0.6771710206928636,-0.6799839628961127,-0.692200033599431
2016-05-30,-1.3815047987950224,0.6168028876707369,-0.6344452501697339,-0.6572338376785546
2016-05-31,0.042913680183241085,0.48425298929303034,-0.7540648600350607,-0.7080749058410044
2016-06-01,0.177103926948013,0.531111305597171,-0.45772687741770246,-1.310726840719099
2016-06-02,0.5139888912698658,0.560804250808105,-0.48036384398241694,-1.2526101890543468
2016-06-03,0.5096679134870999,0.606662645284999,-0.6220578563941904,-1.2743999741694076
2016-06-06,0.6372797655251796,0.680978282928709,-0.47114283616003294,-1.4133166848347105
2016-06-07,0.7786888785869144,0.8201817248659938,-0.25241450832403006,-1.5562503951737512
2016-06-08,0.6427644252493921,0.8093195589844208,-0.20545309695536984,-1.5750759979055855
2016-06-09,0.6750610344220567,0.6761622834657163,-0.22337936749837878,-1.4260000598131175
2016-06-10,0.3782125344651034,0.42349086008238673,-0.32216539059093247,-1.158273855410527
2016-06-13,-0.19248346757578408,0.24481904039962973,0.06771117910426197,-0.8517796945212646
2016-06-14,-0.2268741471969657,0.022966294793532408,-0.33693694069982655,-0.6789392810154932
2016-06-15,-0.3070225741545179,0.06498110418809704,-0.5528096183668881,-0.860728917165691
2016-06-16,-0.40837324857713286,-0.15592454337023404,-0.9463202499388472,-0.5352676943723802
2016-06-17,-0.3942633978185731,0.06452459180916957,-0.36708613079307567,-0.8559871179180417
2016-06-20,-0.5570892495867316,0.30105778009862794,-0.3167189236131098,-1.2446974000491895
2016-06-21,-0.5233948685130428,0.41663839159873955,-0.21333852727569838,-1.3364618553597947
2016-06-22,-0.6005602446773249,0.5252612878803168,0.1197142623278909,-1.3814900271217112
2016-06-23,-0.5825509621091196,0.6985552408229093,-0.14435289686244085,-1.3830020849366282
2016-06-24,-0.4618751944376802,0.31965528565043433,0.3748847582482953,-0.8256039243366257
2016-06-27,-0.471704478859124,-0.009021983151856912,-0.3178133781703478,-0.530331206362265
2016-06-28,-0.6279351394607926,0.08004394351931496,-0.8161102975077088,-0.7198451185151689
2016-06-29,-0.7570775224529248,0.3814552944871184,-0.5764152942337141,-1.0535244289811556
2016-06-30,-0.5604563660206054,0.45868391581297874,-0.7900297864882082,-1.193295106138687
2016-07-01,-1.1224666750025198,0.6351062609244928,-0.6195231030015615,-1.2242300686570542
2016-07-04,-1.1515449888252884,0.7562709481755395,-0.34122966910220387,-1.2869696431811843
2016-07-05,-1.1497906965303426,0.5581265645411632,-0.5130159840821187,-1.0077695570116445
2016-07-06,-1.1803722934001946,0.4629087409629437,-0.5428510075803828,-0.6350085066350276
2016-07-07,-1.2062700807242557,0.46512788351343737,-0.7040625640224901,-0.8681537327436852
2016-07-08,-1.1943385410922096,0.5183004098362322,-0.7591619589934728,-0.6929028190033285
2016-07-11,-1.406076459306514,0.8269428262364408,-0.05698730594170017,-1.2069679958249915
2016-07-12,-1.4251220513422935,1.0262931049666613,0.3665097573464379,-1.2966441151051122
2016-07-13,-1.4189251052229757,1.1309650901778694,0.43840058631056655,-1.2982610105396906
2016-07-14,-1.4194286131672453,1.3179795385505446,0.7350687676803742,-1.4302184109998684
2016-07-15,-1.008369965920495,1.3000836475289816,0.8952154609947798,-1.4802513919198321
2016-07-18,-0.9024132217567,1.2436539300862146,0.4786200057323213,-1.4428054518254316
2016-07-19,-0.8446154680060994,1.0989469160571792,0.08047486286673387,-1.4470276238457727
2016-07-20,-0.8870148087707543,1.1651146621563193,-0.042416424269852995,-1.438407867347569
2016-07-21,-0.8728133713460138,1.1286592339812473,-0.1069716239461075,-1.3358277565404566
2016-07-22,-0.9033518775065785,1.0547798771664827,-0.34683807249583964,-1.2603086352207653
2016-07-25,-0.840377696961302,1.2466103087001263,0.5904822608211654,-1.3214064722703314
2016-07-26,-0.6946823888167102,1.3133008335757685,0.8973063221184178,-1.3466374916129606
2016-07-27,-0.6315233035306402,1.2504250721449892,0.4716742166663539,-1.359685604982756
2016-07-28,-0.6355695411055055,1.2334491032899344,0.06288136490077799,-1.2911230216729483
2016-07-29,-0.44317128502032155,1.2717551020584865,-0.24842429278561204,-1.1571212565027134
2016-07-31,,0.6583387305672352,-0.24735818557083902,-2.440441879268998
2016-08-01,0.022308000142446178,1.4305496828350912,0.028775367207860596,-1.3045199264027143
2016-08-02,-0.03510751686023741,1.3541771199998829,0.20408103461647834,-1.2817153614365342
2016-08-03,0.054377896012640745,1.164991396340312,-0.167361619039833,-1.0689765681107979
2016-08-04,0.058602353240637124,1.28347519679114,-0.17703736454394117,-1.1391489847589331
2016-08-05,0.22451410125315674,1.4997463918464506,0.08537282663623755,-1.2739173796535277
2016-08-08,0.3256426158907206,1.5208531935428768,-0.255296796133061,-1.366689752434443
2016-08-09,0.6089564937801257,1.595189879450032,-0.48635737557999653,-1.3585899546410927
2016-08-10,0.7263953524892364,1.8746498290201086,-0.3272190708342831,-1.4005780534661532
2016-08-11,0.9814199849547702,1.8187440148577834,-0.2744818150238257,-1.4478778812056088
2016-08-12,0.6781507629063229,1.7410640730005695,-0.6005850651885736,-1.441549802402964
2016-08-15,0.3410696246281483,1.7920095906342026,-0.04253743646729917,-1.4716369953500048
2016-08-16,0.3126338916790292,1.8230266213889212,0.2822164714849767,-1.5010752474027547
2016-08-17,0.30464429859332604,1.6722607156282436,0.16369212893797513,-1.3440628482810746
2016-08-18,0.24437247421319105,1.7960966539422896,0.15899536826678362,-1.3421942662458966
2016-08-19,0.2587698549806328,1.728121333822993,0.24979849088489262,-1.2953256272091669
2016-08-22,0.3169076052142284,1.4722692420226002,0.00976279759789971,-1.178832718777317
2016-08-23,0.31975671987578036,1.5471608980798202,0.13130036560584762,-1.1785490493194117
2016-08-24,0.31362926832055393,1.5223219757875364,0.6039547175175803,-0.4374708422045477
2016-08-25,0.3144529988256436,1.4686905971275113,0.6241293266944702,-0.48846518057044325
2016-08-26,0.2264961989988639,1.529077549405519,1.1521709594533962,-0.5684351116058892
2016-08-29,0.11177190648593137,1.3461619999324193,0.5032066030830137,-0.15910099129303598
2016-08-30,-0.03695721592074771,1.3589373748003366,0.4172027635168784,-0.38972709837816233
2016-08-31,-0.24103964447812554,1.2050792159150243,0.3492149424099241,-0.22638473757367578
2016-09-01,-0.04630835634959463,1.1431851000783213,0.40893153811754374,-0.19778511172518534
2016-09-02,-0.005651968197016552,1.150484895736043,0.18450153187389645,-0.31876369339826144
2016-09-05,-0.08281000561899142,1.106782079738066,-0.3101405336585429,-0.46788370768140924
2016-09-06,-0.25727621739727935,1.1815205565487636,-0.5225976927960072,-0.5169091429010458
2016-09-07,-0.32475983719626983,1.330822956301826,-0.36601444007642037,-0.5484571377170152
2016-09-08,-0.605348446396824,1.4526489954425146,-0.0573144793756734,-0.5642283633574302
2016-09-09,-0.7535091875400102,1.2418655655852635,0.24523009344013494,-0.5046219586250247
2016-09-12,-1.2848812534512746,1.0324675757633552,-0.33385984610388314,-0.07830037047594918
2016-09-13,-1.087504800529125,0.967956059390185,-0.15040583849810743,-0.2508625162174749
2016-09-14,-1.0560469106103196,0.8535194182939008,-0.6148600152469976,-0.1909311190442671
2016-09-15,-0.9787955825202267,0.8584298328255452,-0.8337814732201906,-0.18796510512539652
2016-09-16,-0.9879158227319756,0.7614067455928905,-0.9120887622599794,-0.12339791627854317
2016-09-19,-1.0122842143273725,0.761640092140717,-1.162325901871184,-0.35868367547537283
2016-09-20,-0.9689965750219487,0.7776060688702144,-0.7525981401208389,-0.3870556224862243
2016-09-21,-1.029021940814097,0.8441690692859518,-1.2015701772153078,-0.3597770398625526
2016-09-22,-1.021777147049248,0.9798104655012858,-1.2127819344018504,-0.5065659103183429
2016-09-23,-1.0326498561376787,0.7903082161740527,-1.2713657338191464,-0.4408808813977508
2016-09-26,-0.8780609348759792,0.47391557330822776,-1.5960160111554809,-0.27659147763167896
2016-09-27,-0.6678479349844513,0.4669385896920839,-1.612744006129676,-0.3136488564105765
2016-09-28,-0.5808709959563784,0.4399087983118144,-1.6915778414183622,-0.2636951970983481
2016-09-29,-0.608813606174687,0.47865454831226434,-1.372032829901646,-0.36496986251740504
2016-09-30,-0.5352591844648307,0.4964936759049323,-1.1324675244785023,-0.06863569208586694
2016-10-03,-0.47002902706435584,0.5683869292707137,-1.0799164819872837,-0.2816639197847581
2016-10-04,-0.5114810072362911,0.6260082549800747,-0.8947266949134334,-0.4624441593574276
2016-10-05,-0.5338787391928924,0.6648935240471863,-0.815406679994133,-0.42774587108752793
2016-10-06,-0.5860171960285411,0.6219004906000345,-0.8872352783147637,-0.4872238120910167
2016-10-07,-0.5127545708675589,0.5099676544389183,-1.1194491565746916,-0.4525654784218021
2016-10-10,-0.5561562599399595,0.5492558814394864,-0.9561227264451354,-0.45845166897225215
2016-10-11,-0.5399839608277379,0.369182142515414,-0.31559350765774785,-0.3637710328100495
2016-10-12,-0.7107044555985047,0.31562689928291415,-0.28800561658562707,-0.3302225409560453
2016-10-13,-1.1571681618901102,0.27992963120295605,0.11642509134296998,-0.12425063639607473
2016-10-14,-1.252346148677952,0.41133983493909304,0.2008611160126632,-0.2749291000243614
2016-10-17,-1.1988669134367702,0.37101577456929263,-0.017147701072313053,-0.1861602450756355
2016-10-18,-1.2454124826209376,0.5262544057846668,-0.16002402569330432,-0.4096416740877833
2016-10-19,-1.2434774005147722,0.5749784335877225,-0.23534012030063378,-0.47489626016227243
2016-10-20,-1.1202527594780027,0.56496405871433,-0.21953894957997439,-0.46225883811224217
2016-10-21,-1.0667812386976183,0.4836183352932266,-0.4584580140200107,-0.4650087655082036
2016-10-24,-1.0549180480781581,0.5886095115469394,-0.32887133649668404,-0.5793217022978872
2016-10-25,-0.9799837001414539,0.6795425483729398,0.09752214300020774,-0.5436998476659408
2016-10-26,-0.7755624176796858,0.6085362017423985,0.15968955703685256,-0.49171896231032136
2016-10-27,-0.6975856120522834,0.5563307057699964,0.3354055238929406,-0.45135754346502044
2016-10-28,-0.5408867623333926,0.5193729441341105,0.34453679713056506,-0.43565991283768096
2016-10-31,-0.483166846112916,0.45689199032169164,0.11822220192809459,-0.43404906678597815
2016-11-01,0.6415687985276007,0.40855086372442084,0.1145344166006049,-0.4201899274973717
2016-11-02,0.4966354420667473,0.203855856881273,-0.13076948186921084,-0.18436851969466753
2016-11-03,0.7310908339908245,0.07556064424119249,0.3150242974771093,-0.17312230335738524
2016-11-04,0.7643187608299719,-0.05621340325980572,0.011341626247736512,-0.029446730684811646
2016-11-07,1.0258695054884892,0.1582151225697664,-0.17266950891934826,-0.25188569189921056
2016-11-08,0.48676013957614805,0.24432473262766702,0.020162034195710575,-0.3688414509592165
2016-11-09,0.6579394300083938,0.03990612749406728,-0.5700126070595898,0.07688715657912723
2016-11-10,0.616948342616862,-0.14450623150217465,-1.0696924850467742,0.14028982372334994
2016-11-11,0.8387562065973005,-0.3188563009422749,-1.0278487206084024,0.7249075344402605
2016-11-14,0.8392839297731769,-0.6282426990347778,-2.068409278735,0.6567394205737747
2016-11-15,0.8173653067022886,-0.4160170716572786,-1.538743861750214,0.6472015407893367
2016-11-16,0.9083007632687758,-0.31761477194154886,-1.7011405441701914,0.7167301741347045
2016-11-17,0.7485740777289677,-0.31730557110143964,-1.6113130542644432,0.7646589723914945
2016-11-18,0.6545564364889769,-0.4068614759429953,-1.9567681119479123,0.7781667872280288
2016-11-21,0.6009138721348859,-0.35368132232491717,-2.0388306690923925,0.7328427667850038
2016-11-22,0.7304570418116529,-0.20759143773944538,-2.0524299005293276,0.5381844342336435
2016-11-23,0.7417494815914734,-0.18686726884163374,-1.891815554145424,0.49508740191525624
2016-11-24,0.6405465290072423,-0.12977935154315265,-1.6864788808007967,0.5945773425013229
2016-11-25,0.6681564025418948,-0.1664356777049648,-1.8940277890749944,0.49323043557620444
2016-11-28,0.7281263760566771,-0.027281075346186557,-1.684862098178548,0.25314895324103004
2016-11-29,0.664008761034574,0.026570597863124365,-1.5823257370482369,0.4057296364636066
2016-11-30,0.6459131696634979,0.1432234129363601,-1.163774465744507,0.26754867829415807
2016-12-01,0.8497441697505084,0.041961958847416984,-0.8194785697554184,0.3000751744699499
2016-12-02,1.125814972770088,-0.24121341508967062,-1.1978692686594818,0.46978608421036544
2016-12-05,1.2703965343981853,-0.16553611776705607,-1.025878416374464,0.5146622367035956
2016-12-06,1.1959568969531507,-0.04761298644791488,-1.2344875501152182,0.3362118532652755
2016-12-07,1.2079201854856438,0.01593298090740929,-1.3801903343154918,0.3218434934193744
2016-12-08,1.6138300402428565,0.11392381748113918,-1.3570305982878352,0.0606612973365816
2016-12-09,1.155014103916995,0.23896747368098073,-0.8009183276266062,0.08678292931658681
2016-12-12,0.918253166341034,0.0663446173489174,-0.7771298537369126,0.2734697952055453
2016-12-13,1.1051787827905373,0.3915307607104235,0.3162870502888515,0.16248649471040358
2016-12-14,0.6669155617517933,0.35236347203759066,0.3836554406397929,0.1425715791337376
2016-12-15,0.4768906195113239,0.13700164682798144,0.32215080946345875,0.4634676094806706
2016-12-16,0.616415146302722,0.10900391312191499,0.11779101112474526,0.43784625869313937
2016-12-19,0.6662670518928172,-0.01002948288156592,-0.013535363363297801,0.6001945808581634
2016-12-20,0.6952655007605149,-0.003973304290207647,0.12204320136788525,0.6347557367788942
2016-12-21,0.6568819332267781,0.16627022004389946,0.1529198224612645,0.6662769367452475
2016-12-22,0.4806411786460692,0.08032754247623289,0.11787994370791197,0.904777638196021
2016-12-23,0.697025287820418,0.06884075599561736,0.06011774447822018,0.9673941958151925
2016-12-26,-2.4857352144326548,2.603014758905738,0.1784629961529873,0.9385986428031543
2016-12-27,0.8018150454588998,0.3174101891921896,0.5581736518963344,0.871690595457109
2016-12-28,0.8320152233986462,0.4971162213085195,0.46281950208415124,0.6482119931196406
2016-12-29,1.6192749984090393,0.5071762294599171,0.2849040589997662,0.45448355582364663
2016-12-30,1.737055739588092,0.42086275937843926,0.14581910430042871,0.3406708371822732
2016-12-31,,-0.040036547577622594,0.38702355181723397,-0.19246445331393425
2017-01-02,-2.0487034395007546,2.8878557274703653,0.14154992434161118,0.2891213413745027
2017-01-03,2.446011927807424,0.5406272947148157,0.01572242792093391,0.2288444556720336
2017-01-04,2.2128083752800634,0.648780055413188,-0.018421300322938598,0.20620218757883313
2017-01-05,1.9532717183288628,0.5953072270943964,-0.3552126105447304,-0.01762152808986964
2017-01-06,2.0275880468936553,0.7938511014292119,-0.28405748529204106,0.00011685195428369121
2017-01-09,2.1001079076836846,0.7063291102918128,-0.4308839125245253,0.10651693524233019
2017-01-10,2.1665701706546376,0.6317969793339125,-0.5639984262013622,-0.08047893677567478
2017-01-11,2.2792150733878818,0.41482533417386047,-1.2809630987524228,-0.02551811537110372
2017-01-12,2.5882204187666047,0.6474754089311855,-0.7872881850046446,-0.23685850570095052
2017-01-13,2.6445973111027374,0.49039278898641214,-0.892265976543452,-0.29528467062866826
2017-01-16,2.6390019337684025,0.35876510431746717,-0.6334119407755384,-0.11800760956874243
2017-01-17,2.590110446693864,0.25305816700024436,-0.7158721981385721,-0.17367457803310504
2017-01-18,2.5282629491469195,0.3183998265468841,-0.4863462832776807,-0.319417778557146
2017-01-19,2.5343965989602375,0.28252684365945446,-0.49866441202694173,-0.27444468571732883
2017-01-20,2.5364469067609874,0.2790147486773794,-0.6946327013446175,-0.21998533095385964
2017-01-23,2.5229947276323066,-2.2715313532129287,-0.7801228372496736,-0.3988677980084563
2017-01-24,2.6023216990309823,0.4370270177417402,-0.6939733815606008,-0.46686912321948126
2017-01-25,2.4550907550279457,0.5843848504966598,-0.4077946307292015,-0.5275416909152765
2017-01-26,2.378180199223163,0.6519188380431624,-0.43381162882994434,-0.5263186994580867
2017-01-27,2.3503248218075625,0.679254341794863,-0.308047060771845,-0.4653478930925543
2017-01-30,2.111404949092918,0.8050357584599062,0.10401384112448628,-0.48267282457410227
2017-01-31,2.0674722144847912,-2.02368014104978,-0.07608294130436385,-0.318802724660084
2017-02-01,1.9762359310744277,0.6749124106687537,-0.237680345942609,-0.32888988867328856
2017-02-02,1.9227957098336785,0.625629586746506,-0.21611545623960104,-0.3194736430471842
2017-02-03,1.9274371864284567,0.7414110593938681,0.09461051803186514,-0.34149635775958576
2017-02-06,1.7962375613873918,0.6324398489758589,-0.5784678657645982,-0.405955174676638
2017-02-07,1.3133326222785338,0.6910838041497457,-0.18259879785432784,-0.31103190852266155
2017-02-08,1.1301270601095434,0.7175656841481103,-0.42570705755862404,-0.2261725010356452
2017-02-09,2.435599077462032,0.9820776080096775,0.16342068166499846,-1.7874401973969367
2017-02-10,2.4750206744661924,1.038911011095277,0.020883423793507792,-1.7862804101981216
2017-02-13,2.4207334647523093,1.0759562145822958,0.12762194722911488,-1.8394313703247898
2017-02-14,2.3582132185091513,1.073185310522836,0.4170084582348853,-1.7793189475195772
2017-02-15,2.166724645525505,1.1699022477670247,0.6934447381323623,-1.8353106518369442
2017-02-16,2.1370178699820417,1.0088558254966946,0.1655478751943703,-1.852732455836
2017-02-17,2.254197720858069,0.7219224448034154,0.0483803886063341,-1.6277921955723602
2017-02-20,2.1802153244256504,0.7350595090816512,0.11894034722796881,-1.669637407422526
2017-02-21,2.046474424919952,0.7965344911989153,0.41535269290529975,-1.6205874467247385
2017-02-22,1.8006539331639078,0.7394225120862203,0.08740293142339714,-1.673827568006148
2017-02-23,1.7057394670296777,0.7530560957339885,0.08198676195583045,-1.5623814605325037
2017-02-24,2.9051965180786303,0.560008509469747,-0.1757773039161426,-1.3121556157571457
2017-02-27,2.663580517156027,0.5681271639919572,0.3678512075365894,-1.2476683274917741
2017-02-28,2.690334732162582,0.454081329224612,0.4400202061164287,-1.2319884381129171
2017-03-01,2.7612094107762784,0.6235260838071347,0.9488961170715683,-1.2635472385857471
2017-03-02,2.633493388599946,0.6307014771069159,0.738963796431259,-1.3163350484314595
2017-03-03,2.5836839217916925,0.4827733689995136,0.43701745329743924,-1.1301768628403763
2017-03-06,2.5142492861654198,0.3745640791875658,0.33794651808642673,-1.2441602284453523
2017-03-07,2.443739252188787,0.42734286362532253,0.813466052260124,-1.283547457703484
2017-03-08,2.159537467748475,0.35687843762760857,0.733011898064108,-1.3088122932516242
2017-03-09,2.086743598468755,0.2023933792742244,0.8056723452792836,-1.1186509887945182
2017-03-10,2.135469512643755,0.1517251126242035,0.0924335014795226,-1.0891470008267363
2017-03-13,1.9966667790072294,0.4349756234391285,0.1851831009630385,-1.362672575509218
2017-03-14,2.0981272411555034,0.4395768256698829,-0.017717692761721162,-1.5109492998989382
2017-03-15,1.9762580020366913,0.30042411109311273,-0.9648909887681465,-1.3358055870746428
2017-03-16,1.9115125300186429,0.6401841628181166,-0.5824325440570802,-1.6873460975968295
2017-03-17,1.9050521111544922,0.6263290803095366,-0.33862235542225694,-1.663209679217227
2017-03-20,1.7568979763187547,0.6621553365196806,-0.32522174954380156,-1.7213785065498557
2017-03-21,1.6983731851736752,0.7360779350219135,-0.19134451347626402,-1.6822935799565677
2017-03-22,1.628781178471472,0.5727012358537027,-0.3576981090560987,-1.569703621905575
2017-03-23,1.589010238588137,0.6462188646562494,-0.29793482303687097,0.9426633575697068
2017-03-24,1.5182739438835497,0.6636600734547178,-0.32598206024441667,0.9708903990615153
2017-03-27,0.1726908592631232,0.6457320532508654,0.057725310864511395,1.091481095796588
2017-03-28,0.1380693396744185,0.592964274807904,-0.28165893336717956,1.0008387963430931
2017-03-29,0.10590518429514097,0.5197329649205252,-0.4577656119882454,1.0431473206572828
2017-03-30,-0.005223483493220587,0.38682561418754907,-0.6684675643067087,1.0971635617413595
2017-03-31,-0.06240443291719543,-0.0471144073786274,-1.136415562775639,1.4215771811212978
2017-04-03,-0.10749225218958587,-0.022312386171827618,-1.3562325539590392,1.179786730841703
2017-04-04,-0.18019319822581079,-0.04764226615681191,-1.3705806144930472,1.1705048433841394
2017-04-05,-0.08278762167905152,0.014359531202605058,-1.2268432229160422,1.0111617699838353
2017-04-06,-0.10956211842639604,-0.10419851613809147,-1.2277021587768822,1.1591655263810074
2017-04-07,-0.11268052557170738,-0.08919238586698892,-0.8129722325090691,1.1009071332874556
2017-04-10,-0.2647334869006252,-0.16758785309818847,-0.5852097874402398,1.1338304147651708
2017-04-11,-0.35822543232282206,-0.3191263906952802,-0.8623263762674752,1.2431311883969327
2017-04-12,-0.41757406903180466,-0.1540013793075881,-0.48558176169460754,1.1182321743971717
2017-04-13,-0.24739099783125118,0.005104184218252299,-0.2068309723950812,1.0289940399112252
2017-04-14,-0.9514627663655314,2.9620650134387705,-0.7650542811083313,1.126432713565512
2017-04-17,0.06753193807621836,-0.11393677436095667,-0.766361484612343,1.0978501250247692
2017-04-18,0.059973882872558844,-0.21736326791306196,-1.0452055434790593,1.222800683485988
2017-04-19,0.031925153741560686,-0.21119340638859163,-0.6976512288534339,1.3408571309643942
2017-04-20,0.05146584728036153,-0.008253394646879395,-0.5194400291171135,1.245072399916354
2017-04-21,0.030967823920089114,0.04246624739211247,-0.5043292789304513,1.0661324980821274
2017-04-24,-0.03690396274657215,0.24642947978961216,-0.987569625440142,0.7993699711548305
2017-04-25,0.002302276203409945,0.36877298476427034,-0.9930357037971499,0.602432633292302
2017-04-26,0.022779511991754438,0.3022305937424785,-1.3683212248676462,0.587123199528797
2017-04-27,0.026328298908126612,0.24190161948517216,-1.362696115978082,0.807870917316167
2017-04-28,0.026440508193597723,0.19125427339545584,-1.3376862280305986,0.8230703734650303
2017-04-30,,-0.898324455217477,-0.758826363690592,-1.4763494361378113
2017-05-01,0.018056341495989572,0.4212233378397425,-0.4818242206100219,0.7616551423558284
2017-05-02,-0.09301809293179548,0.5250590009488435,-0.6304667614664696,0.6125697193080764
2017-05-03,-0.15500767834306664,0.5009466552283312,-0.36197580950805097,0.5998739793003067
2017-05-04,-0.21576149605575917,0.38587651728699907,-0.23637894183152652,0.6608429345211031
2017-05-05,-0.15676460843255352,0.3309166092968898,-0.4613649782818626,0.8058586514872553
2017-05-08,-0.20757394809432556,0.5675597290093319,-0.27982905378357503,0.544073687518561
2017-05-09,-0.16762166339764803,0.6923895934385503,0.17892860748170888,0.3825063572394806
2017-05-10,-0.16869533001717238,0.7161283660643034,0.3120655406995894,0.3022957330326856
2017-05-11,-0.1821661595314703,0.8167759760524688,0.6403393467279308,0.25296256840423126
2017-05-12,-0.07453436450216512,-2.512372510205116,0.4281696206586328,0.24274009424078796
2017-05-15,-0.1796250801616181,0.7811850550101717,0.43024580119524286,0.13660028237413327
2017-05-16,-0.14755257871401684,0.855932360719358,0.8138292597778675,0.06263953849123863
2017-05-17,-0.18500058244341602,0.5832548098766823,1.1004244742970712,1.0233106646949983
2017-05-18,-0.21909169778563656,0.14813495312647793,0.48086616630121165,1.3565736549995242
2017-05-19,-0.21512827214888108,0.2865033063257253,0.12828029508165173,1.3036377239963637
2017-05-22,-0.28700206761990865,0.2988641115824207,-0.3535856318485354,1.0752153511538143
2017-05-23,-0.32664689891231036,0.28187450121583313,-0.3927992943915697,1.051017778000375
2017-05-24,-0.37363568205260483,0.3022531632763412,-0.530024455506563,1.0982091849800446
2017-05-25,-0.4461247513936655,0.3871175550397532,-0.4438517630452824,0.8702624331775152
2017-05-26,-0.4502766938697757,0.3938750542830865,-0.47612564225536513,0.8839381920371481
2017-05-29,-0.9213842206072367,0.36998706251279734,-0.471743276078174,0.906890656468799
2017-05-30,-0.574250024000393,0.29708874426195775,-0.7063223831505611,0.9945441092446484
2017-05-31,-0.8150920309498498,0.23107284236750852,-0.959516147334762,1.1775493421343841
2017-06-01,-0.9470689852778585,0.2753301575507056,-1.1425515966267827,1.1335077549155712
2017-06-02,-0.9507867124052035,0.22729875193837196,-1.5937576214355333,1.0719177174430523
2017-06-05,-0.9428779272342916,0.40771296707332433,-1.069797440556462,0.9781106035234646
2017-06-06,-0.9792151697132241,0.33572277109156695,-1.245224105128178,1.048344007551123
2017-06-07,-1.0072981579548008,0.2636126425020436,-1.1545155679525803,1.0126771940181394
2017-06-08,-0.9525806712233342,0.20536601706085633,-1.3608782695075643,0.9412697379504711
2017-06-09,-1.0690474029180403,0.17730506775309204,-1.1495103659579522,0.895990549070085
2017-06-12,-1.0887614009113458,-0.009298411778419063,-0.7230332256671976,1.0542938647743103
2017-06-13,-1.0088344661043802,0.05810632393572363,-1.0993388045429517,1.112040683566008
2017-06-14,-1.018782749782777,0.14756444108010297,-1.2188262170392208,1.0255233377426043
2017-06-15,-0.9787091149481808,0.027407361342523903,-0.448192936424485,1.131583873576126
2017-06-16,-0.9507307523041238,-0.09069394241606793,-0.4594465558852694,1.1878323980771777
2017-06-19,-0.94144541227306,0.09107158705600721,-0.3680152013697586,0.9268745673379964
2017-06-20,-0.9470814008672748,-0.11429477076875996,-0.7150669291563125,0.965635825029894
2017-06-21,-0.9459726145430951,-0.24452897694719694,-0.9996143460639504,0.9553232939507237
2017-06-22,-0.8928048767903841,-0.10497440840326268,-1.0432447542870862,0.924047401095505
2017-06-23,-0.875391828424649,0.009630068005840457,-1.123654169707529,0.8070126383902556
2017-06-26,-0.894415048633109,0.10357727937007846,-1.1345636829509977,0.7076973055146141
2017-06-27,-0.8677956619129028,0.1334801873887641,-0.5308068095258331,0.6251850630678565
2017-06-28,-0.874184119869579,0.006869016023185625,-0.6430030399191345,0.8275712137732859
2017-06-29,-0.880680312786252,0.08127475804753867,0.10338545104966858,0.5897182575699947
2017-06-30,-0.5479263769851263,-0.020064071449261967,-0.04097581343965293,0.7221749000613077
2017-07-03,-0.5818032172816259,0.13891369254520528,0.5209670007611947,0.4867201736499407
2017-07-04,-0.5591639587715566,-0.08966692733320157,0.14861185387458764,0.6834135257404512
2017-07-05,-0.45998514620294934,-0.05149915522342099,0.02475315113046338,0.6010791543415666
2017-07-06,-0.43719298496132514,-0.15467484303042814,0.04838990295677678,0.583367299666371
2017-07-07,-0.359266307514568,-0.1710503386029454,-0.043208556059055915,0.7146248445383262
2017-07-10,-0.45132597708934447,-0.08903585151532874,-0.24784031776864723,0.5631573168619439
2017-07-11,-0.5066849347286948,0.02099068760844808,-0.3864214089040803,0.40455609738874343
2017-07-12,-0.5284757928609466,0.20007286065207966,-0.5065402805411835,0.2540448680437467
2017-07-13,-0.5066412537226922,0.41126333906420137,-0.20301048364123359,0.09756684592956381
2017-07-14,-0.5899097706421548,0.38086421909922014,-0.6669779646011623,0.09095771660436928
2017-07-17,-0.5358577688794779,0.48975794473158685,-0.4025592688741975,0.014691621411938601
2017-07-18,-0.5298191302703195,0.40323457396047396,-0.770934299044396,0.06325758809571554
2017-07-19,-0.5306011320096155,0.5490114395131189,-0.20178111365159673,-0.001759063906256686
2017-07-20,-0.5227334431557544,0.5509167061973324,-0.04793396841439939,0.056644882884229864
2017-07-21,-0.49558075557064285,0.5713627903456941,0.00549322083334673,0.04199270617965517
2017-07-24,-0.5066674669803691,0.619895733714452,0.22008297005171829,-0.0238397684274698
2017-07-25,-0.5074477580910535,0.5616631969371909,0.4190745443743467,0.0344250203077145
2017-07-26,-0.484986782482121,0.3497149567266386,-0.24391550836626963,0.05926187245762411
2017-07-27,-0.41341052325610544,0.49398116603842535,0.27072892652154035,-0.13427550397480478
2017-07-28,-0.42901884207914465,0.21511514472627763,0.10791395835487363,0.045901481606195185
2017-07-31,-0.4120494801754218,0.1755179716943945,-0.20212663536781109,-0.12764898615198
2017-08-01,-0.2883241957157986,0.13715698065288318,-0.6436011331623784,-0.14248733072129513
2017-08-02,-0.33206755810674515,0.1729081569840306,-0.39234927518765195,-0.16903942520531695
2017-08-03,-0.33147337354279727,-0.05262155377895631,-0.4562083494638429,0.002216647546896147
2017-08-04,-0.38234522045632646,0.03095531067329983,-0.4394699273172977,-0.04480570785458762
2017-08-07,-0.3873949855691949,0.027107217697026256,-0.7671403274174368,-0.201383450784701
2017-08-08,-0.43694734782480177,0.16030404003045517,-0.22127677375837462,-0.2950585486309349
2017-08-09,-0.42156510602004577,-0.12618509390815283,-0.4988207339645149,-0.031148786729318614
2017-08-10,-0.4250446568050236,-0.4749453328393557,0.2925048473939259,0.14658553629355925
2017-08-11,-0.2530790504228285,-0.7799215951530611,-0.45938358684886343,0.44119905302538637
2017-08-14,-0.39362452265788944,-0.3914905457734436,-0.5372917821251444,0.1988560218793805
2017-08-15,-0.33514771687997774,-0.2666557270043441,-0.3863631905896855,0.18827432064209124
2017-08-16,-0.25959320649070156,-0.16234601337630314,-0.5577968356272954,0.0696990225407166
2017-08-17,-0.21214972065517257,-0.23816273181442965,-0.00730361635930289,-0.08607524592266626
2017-08-18,-0.19973332598522367,-0.2872244129758519,-0.3016638034928704,0.003474466257474507
2017-08-21,-0.1592090362956128,-0.22899390787325025,-0.6525304605525287,-0.10984231409909179
2017-08-22,-0.1601899897931761,-0.17711086181689073,-1.0675826096460044,-0.21350778847928906
2017-08-23,-0.2247837407401088,-0.3638807010552502,-1.4918887020400025,-0.256130891899556
2017-08-24,-0.2405905511679931,-0.13909434674464743,-0.7279536565246902,-0.1265280259944964
2017-08-25,-0.22432834099352325,-0.16723981639526203,-1.2593002487762153,-0.11488322469045308
2017-08-28,-0.17687624260831875,-0.13010422973545238,-1.1279680526442444,-0.02005260601109913
2017-08-29,-0.17497939420582737,-0.09172175101223347,-0.8146607281771052,0.14493161477148206
2017-08-30,-0.2272777949215496,0.15953863728665935,-0.7007360929580253,0.07220562533922086
2017-08-31,-0.2992613024558524,0.08995170951722362,-1.161734048053538,0.21840020778791222
2017-09-01,-0.25628257233413987,0.3181763378561788,-0.6046127695291506,0.13508962345131742
2017-09-04,-0.15732927005131023,0.0506073069721453,-0.7079643886502561,0.375125439706561
2017-09-05,-0.13430906327381262,0.03872533375359221,-0.43751726394454554,0.3887773095470335
2017-09-06,-0.15476834479254278,-0.0720354991408211,-0.5725810131526542,0.4893742911755216
2017-09-07,-0.1846355770054112,0.1280148189769877,-0.4759574114915413,0.3827063598960688
2017-09-08,-0.12159101412482586,0.22382303512451476,0.21668340667005243,0.36702861394205977
2017-09-11,-0.2720049541123716,0.4378690303620065,0.672299293618375,0.22029983621367633
2017-09-12,-0.31977578777938404,0.513589428938511,0.41010953825401625,0.11093844998146798
2017-09-13,-0.385343230139029,0.439100870831326,0.16500589560989415,0.16391223102468877
2017-09-14,-0.5832386896490908,0.4242986426150628,0.377574497925948,0.13269980137960158
2017-09-15,-0.526051217733079,0.5441369790498833,0.5397884231023018,0.08445908546853073
2017-09-18,-0.5614518425560324,0.7421613773588335,0.646631342616425,-0.20172806433081633
2017-09-19,-0.5276185573602188,0.7026629124288654,0.7644014561403654,-0.12181627217279745
2017-09-20,-0.5175506791735609,0.6823930561400083,0.6650054153566337,-0.26621758121328976
2017-09-21,-0.4823972363541615,0.5379480215828412,0.8644451495816406,-0.22663276035716745
2017-09-22,-0.48829829460731705,0.26873391787517764,0.38001968741077935,-0.03605485252742216
2017-09-25,-0.5521291049669869,-0.07516311452481987,0.29617386884865815,0.38990663748342574
2017-09-26,-0.5777963140862196,-0.1855236900313826,0.40268014738724595,0.6656353058775789
2017-09-27,-0.6058838233776448,-0.16578697553310826,0.5629553426138326,0.5755595581880883
2017-09-28,-0.6294550714185715,-0.2582035989149755,0.24882221998634388,0.7562032684815242
2017-09-29,-0.5769872226054139,0.18820200375631102,0.8277198330583893,0.4065207781991045
2017-09-30,,-0.8329693612030948,0.232873406127101,-0.9511172413655916
2017-10-02,-0.3418759206403931,0.15839751954845002,0.3375813519098018,0.2981999838575543
2017-10-03,-0.3984352641645983,0.5257112614127214,0.8278516198987835,-0.07645769660848652
2017-10-04,-0.42928473226793096,0.610011016816931,0.7328510866302409,-0.18950595735419307
2017-10-05,-0.41863260686928394,0.5751466499307679,0.978753659029912,-0.11139987746834953
2017-10-06,-0.3844771857708127,0.40501629218110985,0.7255483089547369,-0.19265814730687178
2017-10-09,-0.40111128805438134,0.19268317786359349,0.6478418676397946,-0.10661932134197612
2017-10-10,-0.4416243817852169,0.27901599751516604,0.2209326808386044,-0.3293384477503863
2017-10-11,-0.38826270886026704,0.2393006231407118,0.0426705901143775,-0.3733434248872323
2017-10-12,-0.1964124324900805,0.27096532662590483,0.058835131202013224,-0.4538024100823849
2017-10-13,-0.2364135245328336,0.20914759033781175,-0.6282692384336116,-0.49404606621282066
2017-10-16,-0.3201507783651547,0.31540270143107957,-0.42473101992743395,-0.6541299356506021
2017-10-17,-0.4059704983860197,0.1591512963636995,-0.3207111052638019,-0.5320780032918522
2017-10-18,-0.44645233502757076,0.1868936942015621,-0.25340393650968,-0.585780172228365
2017-10-19,-0.47915794193573585,-0.08737283975327581,-0.25561507078514184,-0.30939364120569623
2017-10-20,-0.48094043000642084,0.1621373711809737,0.10432800301328533,-0.3695572339870381
2017-10-23,-0.4783024004792419,0.11777858108420397,0.5107381242745026,-0.2950428750479453
2017-10-24,-0.48063554173817374,-0.011756100846365613,0.4047356658785521,-0.28372676836801625
2017-10-25,-0.47479941231947437,-0.10883602074661522,0.2938272021694192,-0.4049680980272017
2017-10-26,-0.2597546040816917,-0.30150236346710974,0.4390824195712143,-0.21463685252766057
2017-10-27,-0.2455977442400755,-0.34992040264988933,-0.8480947359161748,-0.1199170542116577
2017-10-30,-0.2658581407805434,-0.12945910629711982,-0.5317235889968651,-0.3007031634981044
2017-10-31,-0.16212766898112932,0.1922833006089641,-0.6096137273889538,-0.28176067608861055
2017-11-01,-0.33287776770582406,0.48121235650514443,-0.5989617284448584,-0.45598107886397354
2017-11-02,-0.32360923109360135,0.22065034148674142,-1.1803941618946823,-0.3911221226087119
2017-11-03,-0.3202164897897574,0.07635335521125236,-1.4945225840774126,-0.30416460781586435
2017-11-06,-0.3754908477209585,0.266815646761256,-1.2788885536135166,-0.32894900831622575
2017-11-07,-0.39362408758972056,0.3186521633898927,-1.5192816866279875,-0.43430330543593504
2017-11-08,-0.3780884098600961,0.43005252819119016,-1.3973175248208267,-0.3805001466500044
2017-11-09,-0.4166420776022474,0.13601683026897302,-1.5751797447179314,-0.4317374582499229
2017-11-10,-0.4536146337560495,0.014524962237390707,-1.102814183814548,-0.4082786720581111
2017-11-13,-0.4796998873851521,-0.06495550102982475,-0.65645754042785,-0.25760743945024595
2017-11-14,-0.5129920214675295,-0.39147246823145315,-1.1378850376869036,-0.14675258491047033
2017-11-15,-0.4934175090239421,-0.7173487451110778,-1.1188523635889842,0.7920137771505465
2017-11-16,-0.42003494034591893,-0.30325347459653296,-1.4473610043696978,0.4047620025769095
2017-11-17,-0.3207145138083793,-0.07661503396863496,-1.1313473571502797,0.14234825900396655
2017-11-20,-0.35571300571057474,-0.07467032193959178,-1.3121128132817328,0.0897231839882303
2017-11-21,-0.33615387517864803,0.25423357596682616,-1.2713273714575428,-0.10748081796944496
2017-11-22,-0.3358671399643699,0.23316828465860134,-1.467665835361995,-0.1378937609731422
2017-11-23,-0.35561343878354407,0.0093653208929315,-1.5694610957780935,-0.0009721818652205901
2017-11-24,-0.4391895743143582,0.0783085864578045,-1.348183810617816,-0.03694472486735124
2017-11-27,-0.4931463203372349,-0.18396471146673904,-0.7821686036635699,0.24816474522970397
2017-11-28,-0.521546423081289,-0.0509881410571916,-0.4827099293867891,0.3712195794868865
2017-11-29,-0.5618586445468768,-0.16591304348785216,-0.3116631601087032,0.4259059197831552
2017-11-30,-0.9320551352349299,-0.34838598386681263,0.6030557839285282,1.1745167248232746
2017-12-01,-1.0143295264596977,-0.41840714444045507,0.6375987014670962,1.3023865913597654
2017-12-04,-1.0167257717747218,-0.06945894311732281,0.9524876398785611,1.0666817482253663
2017-12-05,-0.9711259476795707,-0.17846931791751716,0.857791809398039,1.1069592539642563
2017-12-06,-0.9409426179998205,-0.4679102661960688,0.6457318390412986,1.7415950090646186
2017-12-07,-0.9348774448963514,-0.4968309523158326,0.5553066932361836,1.7234675491274498
2017-12-08,-0.6196665051959573,-0.17639276369118262,0.6663502270109698,1.3828946313803545
2017-12-11,-0.5775115269638379,0.0666386926703656,0.47243878249279636,1.1232953078172763
2017-12-12,-0.7216656209045561,-0.0690167050675908,0.7488668025445,1.3736296574445963
2017-12-13,-0.8670052184486853,-0.1206761188074568,0.28578023667019087,1.2311660758341534
2017-12-14,-0.9190857078517506,-0.01689841172983458,0.891490287321686,1.0897777924791585
2017-12-15,-0.9976385385981414,-0.1539722810589151,0.48091916124690703,1.3292695353433392
2017-12-18,-1.0337670505948469,0.010213246044271167,0.37500569509702175,0.7997440706466584
2017-12-19,-1.0201692488748433,0.11587883463592469,0.7691845367413865,0.6575022819818523
2017-12-20,-0.9986829061820043,0.14655922079379832,0.5516656092502086,0.5917432295557297
2017-12-21,-0.9481372321704888,0.26706726649296836,0.6579021436023339,0.606594981250722
2017-12-22,-0.9794297679543934,0.47310832009088527,0.8610306101301712,0.48004737609235404
2017-12-25,-0.8307299947310683,3.0,0.5862332839419034,0.49646681518631575
2017-12-26,-1.0749080298200075,0.08797837847970585,0.40357960345283084,0.5758499728233624
2017-12-27,-1.0622175309521442,0.047334796828035465,-0.08596731316706831,0.49623840795805235
2017-12-28,-1.1035414778891166,0.17760719957109275,-0.023032260676621334,0.32414748057548753
2017-12-29,-1.0935917071120091,-0.1689979445965069,-0.8959805445635596,0.22219959381628926
2017-12-31,,-1.8365085885888528,-0.4748514149634417,-0.8049595653346902
2018-01-01,-0.6145107221294027,3.0,-0.7472159107538756,0.25993567620164865
2018-01-02,-0.9778433448104661,0.13402687121202217,-0.5212277816861283,-0.11270382614668653
2018-01-03,-0.8991102590735217,0.34497677925433573,-0.2618813331737258,-0.12919524830577003
2018-01-04,-0.912188000330648,0.4046829346538469,-0.23974548937599055,-0.23263136717352853
2018-01-05,-0.8814400022152309,0.5378524526912735,0.3284461817835837,-0.3190071281442835
2018-01-08,-0.9471630846578845,0.5606332953230063,0.26714005784810735,-0.42622915761768787
2018-01-09,-0.959258834957172,0.5930628596181007,0.8438044798193998,-0.4479462891996642
2018-01-10,-0.95039859490288,0.41777810016850436,1.3322893104313753,-0.2462365768169714
2018-01-11,-0.8824171954326951,0.25669174148347995,1.0525555086900085,-0.16010537184251214
2018-01-12,-0.580831760243893,0.4021256977846927,0.9770488834060999,-0.31000336364916586
2018-01-15,-0.6498518061439078,0.35763330076771693,0.8278924740763345,-0.3407709641168271
2018-01-16,-0.6512234977761041,0.38734825165997916,0.6551574510776196,-0.4978008104711384
2018-01-17,-0.6170816957926298,0.5172313747306485,1.00367302520255,-0.5196389653481177
2018-01-18,-0.5445968660676611,0.6586380999518042,1.219724015709373,-0.7097497057134258
2018-01-19,-0.5682584999915146,0.6728478317598472,0.811438611482231,-0.7945620541362631
2018-01-22,-0.6068081425995532,-3.0,0.8844567597353767,-0.8623387085304439
2018-01-23,-0.6594252176579647,0.8867094264088669,0.7535608155979975,-1.0416968500394996
2018-01-24,-0.6391891061263812,1.0676055292836253,1.559513298418167,-1.1509119638947016
2018-01-25,-0.7638026191989974,0.9945012035606966,1.1432443054363097,-1.2469977827296637
2018-01-26,-0.7938500516705249,1.247602114883676,1.8413076765059604,-1.261639304247496
2018-01-29,-0.7485434806819194,0.9821354998431214,2.3721705640445583,-1.2970539263476437
2018-01-30,-0.7038419692790957,-3.0,2.669921386168783,-0.9681067513916867
2018-01-31,-0.9781121093190263,0.517037622334079,1.7660390261140864,-0.9724080855187905
2018-02-01,-0.9500459739034735,0.457691255416092,1.9789076294620922,-0.840460944945597
2018-02-02,-0.8725536679192576,0.11614738695532235,2.8386274752333778,-0.746243791874354
2018-02-05,-0.8054203006009208,-0.5243502576483211,3.0,-0.771916198517179
2018-02-06,-0.7887689434169776,-0.8732716481851088,3.0,0.2815276002991298
2018-02-07,-1.2449654466995501,-0.8052235244083158,3.0,0.16295061539590971
2018-02-08,-1.2535324853459346,-1.02685806269768,2.9035009051012803,-0.1492095875479816
2018-02-09,-1.271149252650409,-1.5331824157755813,1.7639280316692398,0.5549546373229207
2018-02-12,-1.1559806286082472,-1.235592754174096,1.4630668816425652,0.44677786134292213
2018-02-13,-1.2262439810196843,-1.0775676794261835,1.3170476280798267,0.15009310163625697
2018-02-14,-1.1740429706104525,-0.744569913814561,0.4466706774292002,-0.2487328258324878
2018-02-15,-0.9947633722797712,-0.6123671739989038,-0.0181256414742048,-0.45405074203339524
2018-02-16,-0.8564491756673798,-0.6969483065630744,0.15558551588554073,-0.25285041017409415
2018-02-19,-0.8244596066842326,-0.6562100961295692,0.2657613365937338,-0.2851039448417677
2018-02-20,-0.7026590955222385,-0.7478514502083506,0.26089919861003774,-2.8670484572114443
2018-02-21,-0.7944290620761805,-0.38905735239019856,0.7046728784360023,-3.0
2018-02-22,-0.6660430614208471,-0.6604672005671852,-0.2210990173619931,-2.7656760763354877
2018-02-23,-0.6001730643871446,-0.47606202620178195,-0.7611363171159313,-2.769560001157794
2018-02-26,-0.4632539437558939,-0.39592361158934064,-1.219653317401687,-2.665005191795228
2018-02-27,-0.20994330108293693,-0.28652160487317113,-0.10788023954807079,-2.5617130658307814
2018-02-28,1.8634866492127875,-0.779889326550862,-0.42553735235690654,-2.3158826765141636
2018-03-01,1.8113287466051378,-1.0446332929256728,-0.5896407195802108,-2.171688188163218
2018-03-02,1.8482682146933709,-1.118583335355163,-0.9153383557435707,-2.0361669786736862
2018-03-05,1.9824631810280653,-1.1986860062025164,-0.9578694122043411,-1.938328020611084
2018-03-06,1.905711450533884,-0.7070118358456509,-0.22706142973318857,-2.1290418767678654
2018-03-07,1.7626803276681597,-0.8695824942450434,-0.22812033139242147,-2.034767809572459
2018-03-08,2.8732666479745803,-1.0874013305004964,-1.372291764250367,-2.042481259798081
2018-03-09,2.7852206494215457,-0.6378395522918155,-1.045919994949415,-2.125741165906098
2018-03-12,2.7781609522794697,-0.19079414149079732,0.21487464451054922,-2.1724331888618273
2018-03-13,2.617687019126864,-0.3166106278609371,-0.13279807094817744,-2.10527617455301
2018-03-14,2.798135785412682,-0.43688030900080055,-0.18737629005841952,-2.0034379846927637
2018-03-15,2.7124462758799655,-0.6619865198964929,-0.6596663143075672,-1.9523009268629048
2018-03-16,2.575059679659849,-0.6264239237058257,-0.4631213598002861,-1.9167964814807035
2018-03-19,2.367788845481162,-0.9312518443252386,-0.2802630667789561,-1.8055303828828884
2018-03-20,2.2760123217785995,-0.761002091084551,-0.4418835645864916,-1.8528767025205761
2018-03-21,2.1226106589017704,-0.8501244813085929,-0.5058942597671253,-1.780286958713721
2018-03-22,2.155730301553888,-1.3302097603594503,-0.33665265072361555,1.2723010246806588
2018-03-23,1.9305144578271012,-1.6174473622514096,0.20993852333157503,1.637251048928509
2018-03-26,1.7602628478297973,-1.340893270199652,-0.33177215158843537,1.567943577550597
2018-03-27,1.668103592374738,-1.4450737545726529,-0.5056979776892103,1.446562110224943
2018-03-28,1.5126894342723125,-1.805723778343417,-0.662818431313995,2.0578999297628164
2018-03-29,0.2618166233992184,-1.596124609959548,-1.0028536814898337,1.8524559376536835
2018-03-30,-0.7370374829481291,3.0,-0.2761682180912746,1.7771660169148271
2018-03-31,,-2.606315308791779,-1.106810613911479,0.3480356654284364
2018-04-02,0.044854379491785286,-1.8230818979335301,-0.8283314118151491,1.597386325441912
2018-04-03,0.1392631772169668,-1.672188446062225,-0.7326346937251109,1.6494007485224034
2018-04-04,0.08995741867574882,-1.8391418639844546,-0.8150920658218017,2.0788036748219088
2018-04-05,-0.03102709026138824,-1.4954064941567295,-0.4351803256843022,1.7155519674819744
2018-04-06,-0.09233317804345116,-1.6515352826637777,-0.5102265524656596,1.6989922014217487
2018-04-09,-0.07946137098984529,-1.5994963369727826,-0.44703079883767977,1.607826454459361
2018-04-10,-0.1132135743813013,-1.444147627928672,-0.9478131355899158,1.3048375936933057
2018-04-11,-0.22216009462075784,-1.46509310771273,-0.7416936376573725,1.2597161532286718
2018-04-12,-0.2788588964078911,-1.3599762156990198,-0.4876999692322219,1.2103687121601785
2018-04-13,-0.6300229815008015,-1.5507436620220714,-0.9467773296098086,1.3633360442509679
2018-04-16,-0.6438793711843682,-1.5898095993994037,-0.8684766119417247,1.5357641915938165
2018-04-17,-0.7014171908839945,-1.5950068884140767,-1.2479777390151732,1.5513992990295633
2018-04-18,-0.6960263674221494,-1.258204409101479,-0.5555845554763329,1.3264940253741733
2018-04-19,-0.7022368628945584,-1.0268478175494316,0.25905086971059976,1.034344268453076
2018-04-20,-0.6959662549154302,-1.2628180804573632,0.6962158386846335,1.666957447887176
2018-04-23,-0.6106599050660654,-1.4258681672061275,0.4562000125025904,1.7602287417143316
2018-04-24,-0.5911996752049119,-1.37393273229196,1.1744232469677007,1.7122221999903469
2018-04-25,-0.5623278486913758,-1.6869313568396018,0.633588315097652,1.8585385223749584
2018-04-26,-0.5427717742348614,-1.5930798066364067,0.41805381029226146,1.8309506282934565
2018-04-27,-0.5562644151067576,-3.0,-0.1344345116558868,1.5819553810785523
2018-04-30,-0.743000451114221,-1.197334980229968,-0.02205165889969927,1.3584441428677245
2018-05-01,-0.8414518337025494,-1.10227805026297,0.39045954211927775,1.3821998425275104
2018-05-02,-0.7720259442121407,-1.4220886148426601,-0.6491558086090242,1.532187507168806
2018-05-03,-0.8457867624607714,-1.6290013360718123,-1.2861091276484522,1.834305001744257
2018-05-04,-0.835152498070759,-1.5981854582376203,-2.1130434217923377,1.8442425868872763
2018-05-07,-0.8450949286493207,-1.347191516833216,-1.5853905723568336,1.7316396458770578
2018-05-08,-0.726586093076402,-1.2515231578952457,-1.445654960989331,1.612502988835612
2018-05-09,-0.6932076075557426,-1.1193340292476062,-1.4466682287041182,1.6098357948795983
2018-05-10,-0.7659725890647558,-0.899174463877294,-1.1015239318955239,1.4658315936825381
2018-05-11,-0.738410091410805,-0.915256466387938,-1.5696156878793948,1.1846872876244876
2018-05-14,-0.7486310715688512,-0.9042953743070321,-1.1274255224580698,1.0587415778137743
2018-05-15,-0.8364155005415509,-1.1642628247174447,-0.3979986655432497,1.3707774090150546
2018-05-16,-0.900394156540124,-1.1263091661683062,-0.8911901887757582,1.4385003710400999
2018-05-17,-0.8582591946292959,-1.3817179528292305,-1.6055879221723843,1.5567813184600756
2018-05-18,-0.8194747120521397,-1.5069650550255347,-2.1655220968351676,1.6750632348205186
2018-05-21,-0.83170150704142,-1.6043399173742308,-2.2890605350157536,1.7032797575479466
2018-05-22,-0.8112916745921604,-1.4331367662223498,-1.8622293954228366,1.5245482956555767
2018-05-23,-0.812804204578694,-1.660144522424925,-2.278017252617451,1.7062105036329724
2018-05-24,-0.8490116805929785,-1.551988827730381,-1.8977641346726304,1.5356478721498434
2018-05-25,-0.8659729240122757,-1.4965154840134056,-1.8377627173439448,1.5087078266300964
2018-05-28,-0.25427356837200094,-1.375149683795394,-1.582506450941651,1.5064313254996076
2018-05-29,-0.9754684878796219,-1.6417285167014664,-1.6064467329014962,1.689281382142138
2018-05-30,-1.0322529386161576,-1.6222417680837782,-1.6368847020079875,1.9691941998045683
2018-05-31,-0.8391823515581626,-1.5140294785041621,-1.7286385625749356,1.7133641746912671
2018-06-01,-0.9352494619341756,-1.2364746363050878,-1.0958906890300333,1.4330443478135684
2018-06-04,-1.158457176755114,-0.8907710818867289,-0.7838450677517937,1.02033801492154
2018-06-05,-1.2274082636633588,-1.0026393751050289,-1.165030864342025,1.1016532687950122
2018-06-06,-1.2820555635521842,-0.9340533103226751,-0.9676847231080478,0.9700901459039578
2018-06-07,-1.3194330245007078,-1.0792343398066595,-1.4057410808973647,0.952142104132617
2018-06-08,-1.2334762229150535,-1.2962527747586101,-1.588313315391708,1.3288986631268493
2018-06-11,-1.246204784065813,-1.2918515033156999,-1.8443053692364995,1.1492145272309127
2018-06-12,-1.3120540888464431,-1.3321428008883183,-2.1142461541257807,1.1208109775373323
2018-06-13,-1.2730158751617742,-1.388913980046099,-1.8556114197342835,1.2076017652703652
2018-06-14,-1.6424642709418584,-1.4492579800365857,-1.9578800412102173,1.4106023287624074
2018-06-15,-1.6123479514830747,-1.5191055772956166,-1.7393572708723721,1.5775085056063212
2018-06-18,-1.402798903925233,-1.5118455380052633,-1.350108548313691,1.6437544651990188
2018-06-19,-1.3201251145908872,-1.6583246210547389,-1.3499051043358241,1.962694205555893
2018-06-20,-1.263059681003752,-1.4338927636337033,-1.3267264286059748,1.711933960099518
2018-06-21,-1.2579556701966195,-1.5146228910586612,-0.8859480159117541,1.889001290610135
2018-06-22,-1.22420321075108,-1.370818621520072,-0.8263135055708336,1.7168577608891564
2018-06-25,-1.1244983804305364,-1.405262459746744,-0.18961004608067233,1.8898437676570259
2018-06-26,-1.0110932691463945,-1.4009701415407083,-0.33406710279954943,1.885740541288596
2018-06-27,-0.9883261054029007,-1.3833544737064358,0.7429359372656077,2.0956911004289704
2018-06-28,-0.9419741783801117,-1.5052206706108961,0.24144137783461572,2.1388933094877975
2018-06-29,-0.9252586601849894,-1.0992422770923143,0.828635020106627,1.6714162178596914
2018-06-30,,-0.5936406539970109,0.09815564128985488,1.0538389589286281
2018-07-02,-0.79324557273136,-1.3423320875411402,-0.0936333600942032,1.773877822001855
2018-07-03,-0.6862254947108346,-1.3601545332232985,0.11159355770564532,1.7618556384416009
2018-07-04,-0.6151985237840202,-1.4024581946416674,-0.09797976865805288,1.7375592421600703
2018-07-05,-0.5628733742106319,-1.1952457186453302,0.64201979857318,1.7842942849583527
2018-07-06,-0.5338908030824683,-1.1907047921658644,0.23904593768064436,1.6861871420525085
2018-07-09,-0.4431962341502535,-0.8676310703753998,0.7528801876864627,1.423213634939194
2018-07-10,-0.4110016138639561,-0.7905194896847043,1.0575284849533042,1.4256949156726704
2018-07-11,-0.3426563513862608,-1.0185634860552844,0.6985386627641957,1.5190321198315515
2018-07-12,-0.42231998104206564,-0.8521037127982943,0.8215817443198401,1.482784731961157
2018-07-13,-0.3648153289611699,-0.7983974884565808,0.7421887106959657,1.3386724066596696
2018-07-16,-0.41549523528773563,-0.8286011273492531,1.2848193429602832,1.4111927741042967
2018-07-17,-0.40388085867906076,-0.7784350118644511,1.3417924998038564,1.3574915036408297
2018-07-18,-0.36286573119221094,-0.8164892490882779,1.1216130418728305,1.3652687555440541
2018-07-19,-0.3714338829034182,-0.909689693267766,1.145535007844891,1.4384226517385774
2018-07-20,-0.34276991858416395,-0.7521939936298133,1.2385949712658795,1.27004745273463
2018-07-23,-0.4152492399561413,-0.5302601342510115,1.9127020713051164,1.1837594914506502
2018-07-24,-0.4009971563664188,-0.4234473073146367,1.8384711947648704,1.0393276976720809
2018-07-25,-0.3682543404207996,-0.29981409531302394,2.184902569852618,0.9379944561037223
2018-07-26,-0.3968552351878321,-0.2859290926847778,2.301660459304636,0.8974738476274695
2018-07-27,-0.3939377343092724,-0.21827866888560962,2.387258810063071,1.1146529445221687
2018-07-30,-0.346637652538943,-0.13141715651265287,2.70146297159387,1.121592867762741
2018-07-31,-0.392447084114372,-0.1939656679620714,2.0210749807595816,1.1754195276325585
2018-08-01,-0.5059598556717425,-0.1837062266917979,2.2094803061219865,1.111627065216862
2018-08-02,-0.6311101434890988,-0.5497486057450516,1.7339555374208475,1.4323938660924291
2018-08-03,-0.47155348133373354,-0.5855202868311135,1.2514150758439144,1.3719813070378806
2018-08-06,-0.4049306750709136,-0.6245376625216088,1.1781149671306461,1.3867864470129194
2018-08-07,-0.416957318580388,-0.5659399585922047,0.9263963606341291,1.2684048897956381
2018-08-08,-0.37260894208346196,-0.7211645398818184,0.43948412919710655,1.2163988063147038
2018-08-09,-0.3708404921859473,-0.8485593553093154,0.2232729624992676,1.2234416591427082
2018-08-10,-0.39533085158234565,-1.2000091501340127,-0.22645641500069194,1.4281864441174834
2018-08-13,-0.36263150272974065,-1.430590872483131,-0.053707769756650384,1.6288737403369555
2018-08-14,-0.5522773050560843,-1.4196456221147589,-0.39063082053048975,1.6219288262916236
2018-08-15,-0.5631138188315814,-1.5863266085649512,-0.35933036721095407,1.8426326837941687
2018-08-16,-0.5980643314973101,-1.5401424545392377,-0.4575571207897035,1.8448955104372105
2018-08-17,-0.6521991394360558,-1.440716534322482,-0.20180676100662925,1.786933377839296
2018-08-20,-0.6568482251520246,-1.4416482612939034,-1.0962528125608222,1.61586671067371
2018-08-21,-0.6353540208720246,-1.3274347788912035,-1.1183749965691003,1.435989343470445
2018-08-22,-0.6429867159196937,-1.2415114187878258,-1.301116801106454,1.332895268325211
2018-08-23,-0.6122087931530257,-1.2588640488016656,-1.2573486734379797,1.3817660097927231
2018-08-24,-0.6512490972319162,-1.2994667190919922,-1.7785720369754068,1.3740765288725436
2018-08-27,-0.6281893750560756,-0.9839481654914005,-1.4381039767515802,1.0791286408077119
2018-08-28,-0.6583907532870884,-0.9411454206885356,-1.174521842426585,1.0441168130755485
2018-08-29,-0.6581736622143389,-0.8915110254685918,-0.823938706111379,1.1485334592430942
2018-08-30,-0.6976568079641937,-1.1853197646196882,-0.8906643141569173,1.305760819420729
2018-08-31,-0.4687591188527454,-1.1625011510297398,-0.8964258619434226,1.3156346989950247
2018-09-03,-0.6174921604824979,-1.2455957165782707,-0.7922936876944855,1.4463868660898251
2018-09-04,-0.6090041205804639,-1.310617035694044,-0.7352677745450512,1.5047153901221866
2018-09-05,-0.5425395250028304,-1.5151714657859319,-0.8908273000521706,1.7357294372480279
2018-09-06,-0.5407815191576086,-1.4962884641764873,-0.6631002830246057,1.7265179340392691
2018-09-07,-0.5114098539910428,-1.1838569190720294,0.34757089239308925,1.5737156348165011
2018-09-10,-0.4011883714306876,-1.1605807041221323,0.6137807793581742,1.753947426598434
2018-09-11,-0.3771691186649635,-1.1028689417396038,0.7441684932436555,1.8398607325520662
2018-09-12,-0.44476579804491195,-1.0663331207888425,0.4334101507259634,1.7906415972491831
2018-09-13,-0.560133181322883,-0.7145498092384207,0.7911030859481506,1.5327225012981878
2018-09-14,-0.6916339001027533,-0.4852814287631749,0.8329220455677836,1.3504626977008916
2018-09-17,-0.6277130803612937,-0.6223591581853221,1.0979203897211889,1.5171870086670203
2018-09-18,-0.620142609204623,-0.39053595199106644,1.6155195569418348,1.428387454152197
2018-09-19,-0.5961519237296036,-0.3537991420298005,1.1306119065890303,1.24692034223459
2018-09-20,-0.6041506298664239,-0.24913387502641057,1.2241176693616398,1.1895385483117018
2018-09-21,-0.6104190482242223,-0.10549462334914567,1.1907384405763226,0.96582138556398
2018-09-24,-0.6166733242856314,-0.11511282486899521,1.4554964122178995,1.07284785882367
2018-09-25,-0.5709503057555783,-0.14798936866073079,1.281033483823575,1.0779906178719818
2018-09-26,-0.5926282555239181,-0.24594730931164002,1.0562700487389225,0.9939534793373503
2018-09-27,-0.5324967324990817,-0.10529614798383942,1.2549376635911587,0.9110036152947592
2018-09-28,-0.4983735354238099,-0.10974557657563486,1.3835525076247803,0.9450575771800723
2018-09-30,,1.0658379439697705,1.3656526929515138,0.8197241404133844
2018-10-01,-0.7079176342527728,-0.12144801224460149,1.4230910775116226,0.9250846491744679
2018-10-02,-0.62762666708816,-0.3375344747115935,1.3178691913948997,1.1144221913685086
2018-10-03,-0.595615594929535,-0.19420433035424922,1.789849868358887,1.01189505215642
2018-10-04,-0.604985250270287,-0.5625596193461673,1.9842403707193776,1.300917307822234
2018-10-05,-0.6976286307435032,-0.7305501097710416,1.7655876294934172,1.3764259896331952
2018-10-08,-0.6572715205679353,-0.6299726092413666,2.1352245567513295,1.4241886825862435
2018-10-09,-0.6628872612915029,-0.7945817702862265,1.68530378682659,1.43177005081702
2018-10-10,-0.6639460331944576,-0.845743211509927,2.7783345906617685,1.3825889079859592
2018-10-11,-0.532540946164119,-1.2387768997521889,2.3865313513826028,1.7531231510101444
2018-10-12,-0.2452230668899846,-0.959935402696591,1.6323596421708464,1.3930397427426382
2018-10-15,-0.27909691884992127,-0.9762479076087606,1.6884523270358351,1.488537392025952
2018-10-16,-0.22837617146798278,-0.8526070156046551,0.9633165285240886,1.3504846494753107
2018-10-17,-0.23910758377541294,-0.8739076927150152,1.008711332098992,1.311796775363856
2018-10-18,-0.22583891918467427,-1.0991030749825768,1.0430452114649305,1.391850615348873
2018-10-19,-0.34462662155977997,-1.1134677289880741,1.0937628908669075,1.3603400407990467
2018-10-22,-0.38509192048498414,-1.0598432984000108,0.7890698827386404,1.1221836630120237
2018-10-23,-0.3201966548054948,-1.3640305855719994,0.5927307478752528,1.4010845908262735
2018-10-24,-0.3161843432762771,-1.505407676337107,0.9824871650462385,1.3660558449806737
2018-10-25,-0.42284729746338084,-1.6145058685748268,0.47580674298571735,1.4326090524223318
2018-10-26,-0.458070701432027,-1.77669282250917,0.02414596782292103,1.4686995806993288
2018-10-29,-0.26338103824339865,-1.7756103560949827,0.1003667737346236,1.4820551919113032
2018-10-30,-0.17375400243506345,-1.7485156178463708,-0.4498493105542521,1.459680989871955
2018-10-31,-0.47650014163386173,-1.5396065075957623,-0.9277642144637336,1.1801282622469496
2018-11-01,-0.4131877583100088,-1.557511279911769,-1.9513875204152102,0.9999677567130667
2018-11-02,-0.5223708064670721,-1.082977230258495,-1.035734591318798,0.551056003167438
2018-11-05,-0.5279029167873047,-1.224788742372873,-1.2121892627917854,0.6744449776696293
2018-11-06,-0.5650795898929213,-1.183164702742631,-1.0300092558132705,0.6800750831476631
2018-11-07,-0.5772182087573928,-0.9671032482380028,-1.1812094212487059,0.6559997080724872
2018-11-08,-0.42401078801731806,-0.9804448324820434,-1.113909373177094,0.6558385899112638
2018-11-09,-0.37997306799901825,-1.1938502243721856,-1.0927100803719927,0.9240246468422382
2018-11-12,-0.26655303214409665,-1.2332485538025177,-0.7220674354258428,0.9354733245925773
2018-11-13,-0.3504609248599012,-1.387635668485955,-1.364857728849652,0.9363354610326993
2018-11-14,-0.2999131733818504,-1.4208821054412941,-1.4976759118454301,0.794633901042183
2018-11-15,-0.3049062573347804,-1.4132459944318982,-2.04213377454081,0.655553482277569
2018-11-16,-0.5320512252448654,-1.354828175043073,-2.226310709741381,0.6034665413225531
2018-11-19,-0.511004054313479,-1.4062569397777542,-2.2761935221222442,0.4997239184669176
2018-11-20,-0.4768755999462403,-1.595120356078467,-2.037066585982177,0.6836966458860034
2018-11-21,-0.4419639440243154,-1.482943110438826,-1.9641664389355236,0.6643555357116273
2018-11-22,-0.45565432887937257,-1.3972215966451702,-1.6131594488611876,0.48924388371441857
2018-11-23,-0.3384974888557995,-1.444549134463944,-1.5544015551320787,0.6086702813123954
2018-11-26,-0.25182979260173405,-1.1835512995388942,-1.415590012125092,0.5184281934986504
2018-11-27,-0.3217768028290344,-1.1302084334413904,-1.4441332028929676,0.4212351422323686
2018-11-28,-0.319041587525354,-0.9539300206765802,-1.3380199114237121,0.34778933789624167
2018-11-29,-0.2975882469318145,-0.6753031370944813,-0.7688099340876754,0.2776908858392481
2018-11-30,-0.21767614402594587,-0.7347080054957634,-0.9239787252968052,0.3460464492146756
2018-12-03,-0.19824978710636212,-0.4914899152481585,-1.192347337527499,0.11053929733349951
2018-12-04,-0.2649508039149102,-0.5754452985453016,-0.8401463497423652,0.06428878420831839
2018-12-05,-0.07361468362318095,-0.8185010464511987,-0.9712811094866859,0.2582784003288506
2018-12-06,-0.04076257654581609,-1.1841259943537712,-1.396466009088673,0.5627811590873185
2018-12-07,-0.13277660043728054,-1.1400442227958578,-1.1782136669642245,0.4244793278952483
2018-12-10,-0.23301588703460557,-1.1160977611199991,-0.6609917264994298,0.7371616741362904
2018-12-11,-0.16192041812597024,-1.0627043489680514,-0.5479599461238689,0.6280623497456718
2018-12-12,0.19766379768785158,-0.7108007637146166,0.070323436288647,0.4020698312943996
2018-12-13,0.21611896438625208,-0.46669977062687096,0.329863072406298,0.28664348884548346
2018-12-14,0.1001727661007499,-0.5813070263628146,0.6005698863764449,0.4487161535961031
2018-12-17,-0.058451557766868764,-0.5736366876904662,1.2552499254582035,0.45358945461382094
2018-12-18,-0.03595898428279501,-0.6177407259583222,1.441940631745864,0.5636717531416774
2018-12-19,-0.03792301773188164,-0.5903707623052563,1.418036672225894,0.4478143198314466
2018-12-20,-0.055645716107852655,-0.6487672721408788,1.8050004179702643,0.4728295632844143
2018-12-21,-0.053603477776735825,-0.7477030376437321,1.606087991529604,0.41837970398351443
2018-12-24,-0.13676244184200917,-0.8831398042610153,1.3746475489574896,0.4196326756914399
2018-12-25,0.20120610389375987,2.0126849679805883,1.3603774491020868,0.45519383118811907
2018-12-26,-0.09550246426178301,-0.7463592003389092,1.8999442632918873,0.5851901945915091
2018-12-27,-0.25275399246467495,-0.7824096814446218,1.5242808321515304,0.5894548095288618
2018-12-28,-0.34112966251303994,-0.6590612124804194,1.0744337886799342,0.4196863442194381
2018-12-31,-0.5441780739243448,-0.5888663760939965,0.8000987362751525,0.41204310392952537
2019-01-01,0.10242054842458904,2.3899698330298635,0.43994828096322985,0.3700553506652094
2019-01-02,-0.6742180706267094,-0.6617649781828933,0.46876558745146324,0.5852710311864904
2019-01-03,-0.6340782777545348,-0.8700048352379693,0.22175737211195337,0.6481273214603362
2019-01-04,-0.7179788336202174,-0.2516022177214863,1.0361889203609225,0.4891628013790317
2019-01-07,-0.6813356741504678,0.05208414133855481,1.4498883042323696,0.25578168877257257
2019-01-08,-0.825192187741088,0.2097053211923948,1.5355287364844623,0.29326814205380775
2019-01-09,-0.8618875436125665,0.2547161690987821,1.3207877207487424,0.006797524568456998
2019-01-10,-0.6997773806509585,0.23203235454739687,1.0427643508320543,-0.05781856711784929
2019-01-11,-1.1075921823615196,0.127545723071261,0.6757022856164535,-0.035585099593510076
2019-01-14,-1.0609243993384014,0.07958002200232428,0.981948463233376,0.0516906620056081
2019-01-15,-1.0227192748363123,0.29395097702942385,1.0616209317486986,-0.11514195077178692
2019-01-16,-0.9381140312754722,0.4864940525538156,1.5195278757645252,-0.1794905584013077
2019-01-17,-0.9994250992519701,0.6512829803146737,1.9375537648618348,-0.19324605180036514
2019-01-18,-0.8596576673077975,0.9386478647867877,2.201643942224955,-0.2801096423938115
2019-01-21,-0.7392843457294314,1.0517935296153746,2.338932376424521,-0.2872956238791179
2019-01-22,-0.5037060701088348,1.0119493856493293,2.6968830837004987,-0.21577884555367827
2019-01-23,-0.5486477160171707,-2.2471116710407584,2.6584437699279424,-0.22270073027083095
2019-01-24,-0.5594156546392381,1.1927975587892021,2.1508915800553092,-0.35847808915190515
2019-01-25,-0.6028299780540582,1.5168886630312612,2.5407533690834674,-0.5430735697225425
2019-01-28,-0.5650987759649027,1.361907272291756,2.587682631147555,-0.5154051440194309
2019-01-29,-0.6068217224030366,1.3205914196200212,2.4675475624197265,-0.48735078325236225
2019-01-30,-0.7372047086068417,-2.098296059124192,1.9865257557581082,-0.473020078069765
2019-01-31,-0.8002686683188511,1.2451799075767926,1.7883062568165256,-0.6091570687415496
2019-02-01,-0.736205822735115,1.500200135461628,2.507387663754514,-0.6530433558412795
2019-02-04,-0.7644454081919106,1.208864144870916,1.9223869248227001,-0.6105657653060605
2019-02-05,-0.7312139578521945,1.168849370115281,1.6559241192702183,-0.596451916697359
2019-02-06,-0.6825913491340415,1.1045833208641724,1.4518835680856008,-0.5613660212117472
2019-02-07,-0.7349696480845416,0.8896917506626191,1.149281243188461,-0.48418399046448235
2019-02-08,-0.7462514131417464,0.730947395816063,0.9733636432998953,-0.21866541722480248
2019-02-11,-0.6054334110616412,0.8277496679884863,1.2479474865108164,-0.17454257095580433
2019-02-12,-0.5990484306257374,0.8451619429813112,1.184145325439648,-0.2329767416065213
2019-02-13,-0.8100870756836227,0.8030092575095056,1.1882274498520258,-0.2066928996623944
2019-02-14,-1.0099358188436982,0.6219341814086319,0.8571797670794427,-0.12902271463857415
2019-02-15,-0.9077498899753509,0.5431421599610767,0.628037417268833,0.0403211318866643
2019-02-18,-0.6980199848615491,0.5112249597590864,0.3041139900635419,-0.05977585105713534
2019-02-19,-0.6393694894456342,0.5324346774486514,0.29949364864027567,-0.034403644715962876
2019-02-20,-0.5889843316509714,0.8221067118685612,0.43519510294036984,-0.22770487450120183
2019-02-21,-0.6470605695604882,0.7368175575458591,0.36394240330957983,-0.3158742315343798
2019-02-22,-0.572900446167102,0.7979273719666601,0.22107918605786744,-0.3911764671211466
2019-02-25,-0.5066792507528377,0.8014861498813138,0.2871779302316294,-0.8850485479444793
2019-02-26,-0.598012259173405,0.6686082542210712,0.20505004324053186,-0.822749707224398
2019-02-27,1.5597000645904782,0.7771743823890064,0.6550043564846934,-0.8283768136175854
2019-02-28,1.3839209427351808,0.6756416529604171,1.0391616713549272,-0.8038496965724171
2019-03-01,1.1100589676888117,0.7625845072075864,1.0793086075814007,-0.7955345725332562
2019-03-04,1.2196439976463793,0.6355799423500403,0.6182189282508954,-0.8248474013079119
2019-03-05,1.2912507265669997,0.7370708778556875,0.5683984260831385,-0.8702393928257021
2019-03-06,1.2330334686522453,0.7157946343621396,0.5462539057097411,-0.9017966135237357
2019-03-07,1.3892935020887018,0.48324981102123576,0.3438459331024019,-0.7233850989487824
2019-03-08,0.7996149118447818,0.45087095856676845,0.6256558889464736,-0.46702664556958234
2019-03-11,0.5836860835335717,0.6751054555363046,0.6827755927681874,-0.646443560207086
2019-03-12,0.5768688554668763,0.7660221303145431,0.4564323921411144,-0.882969877093675
2019-03-13,0.6661883036313861,0.7868029568961215,0.41889251252775994,-0.7996343647008264
2019-03-14,0.5998212538596915,0.7893204295777057,0.48059967338381143,-0.7677491017747624
2019-03-15,0.5657275463501455,1.0361805586716226,0.5874689972690801,-0.8438339029400056
2019-03-18,0.759902623275631,1.153792871244678,0.6597441487279354,-1.0029700555800911
2019-03-19,0.7265555728557977,1.2553281970886756,0.8670311220212858,-1.0504130903059137
2019-03-20,0.8156603768533817,1.0904905907621811,0.5510035820132998,-0.9656675917123547
2019-03-21,1.0076295918765363,1.1961428770422105,0.7472657745758309,-0.900171766647725
2019-03-22,1.066609464965736,0.961248782931256,0.7289561651746175,-0.18416214368151543
2019-03-25,1.0101916590746325,0.7790648536096711,0.7083398587813853,0.030877951214519417
2019-03-26,0.9491476460775216,0.7852933395886658,0.4852067569935045,-0.010528209310750724
2019-03-27,1.1076693592321758,0.6834540355667709,0.5848456334607773,0.05115122802480549
2019-03-28,-0.907395465224909,0.5818159651482043,0.27787118527543214,0.009845983273053499
2019-03-29,-0.966959816448272,0.7632315394840159,0.2050107935494217,-0.2727565771244969
2019-03-31,,0.8223257204595132,0.02728181394560034,0.9639259566112726
2019-04-01,-0.40655093723514213,0.9977755071785743,0.34964032775334875,-0.442532723898745
2019-04-02,-0.6090824764169451,0.9767418078514468,0.16534735104338003,-0.4640647976812827
2019-04-03,-0.39241839271511797,1.076372968092757,0.3802056983205403,-0.5970793730165398
2019-04-04,-0.5402823120097008,1.0642125318099258,0.4802191397264907,-0.6050938697784385
2019-04-05,-0.5291670325839872,1.0909513234005495,0.3996381890154216,-0.6404100212857222
2019-04-08,-0.32501799091850403,1.0077182814023913,0.3725632185876689,-0.6981564830699757
2019-04-09,-0.16705353331120162,1.036179350483665,0.420859791399439,-0.7903409128138636
2019-04-10,-0.05742897900698803,1.0181937654664732,0.19636197217608745,-0.7327612251513049
2019-04-11,0.03814471571570393,0.8947285190101018,0.16591425722672207,-0.6349363918130628
2019-04-12,0.002740860342025856,0.956460420524942,0.24392536312093366,-0.6502144010511012
2019-04-15,-0.017789781053590668,0.783721702629517,0.027771138860887005,-0.6195766032555178
2019-04-16,0.07495674161390817,0.8444714450192767,0.012494885891822075,-0.7644574370525988
2019-04-17,0.723047121876325,0.9535016088938845,0.4278944920226936,-0.8234102734461499
2019-04-18,0.7680562847185874,0.7219841730139707,-0.06533058442744182,-0.7268545235960074
2019-04-19,-0.02836882349726236,3.0,0.18511347539658798,-0.710366546515478
2019-04-22,0.7383483818089643,0.8095756098992549,0.4065487681943062,-0.6826219436313504
2019-04-23,0.5342731336332113,0.7539994753075278,0.2619709480456671,-0.6583398716265824
2019-04-24,0.47791720560619594,0.5785397031099745,0.28772036059716194,-0.5591719192501972
2019-04-25,0.00200732578029683,0.4930210459714707,0.3605944620825328,-0.47064905623130315
2019-04-26,0.0016111371623367344,0.4470486179009932,0.10988377901877593,-0.46732611073154723
2019-04-29,0.1125202567108056,0.5452173031838229,0.3423076474901779,-0.5865966367195143
2019-04-30,-0.4093254379888614,0.3120910433280033,0.017742567739548312,-0.27718780816986116
2019-05-01,-0.19762771407217516,0.3690114764152623,0.3297605854822091,-0.39158189776687596
2019-05-02,-0.32175135560375034,0.36904482398917743,0.22054087091802338,-0.4634023731813899
2019-05-03,-0.3516540829221467,0.44479084617979836,0.11393250538452075,-0.4555246379385242
2019-05-06,-0.5870487111800501,0.15888807083906348,0.2646164282442919,-0.13075225105148827
2019-05-07,-0.5617555037814674,0.03209688777509097,0.36169326305014654,-0.12487004968326426
2019-05-08,-0.6704244602274905,0.06527238700910505,0.5670203763604712,-0.07170368490706808
2019-05-09,-0.7893070760136139,-0.19840015040679312,0.3296254541597091,0.34966838701335023
2019-05-10,-0.8865942287287211,-0.18525153785989532,-0.2165090001286498,0.2286008922850738
2019-05-13,-0.9140068737655901,-0.4585906122666014,-0.11325002954072654,0.43782794635608946
2019-05-14,-0.8899333730402873,-0.44318478552973767,-0.32623423337214597,0.5115144950056522
2019-05-15,-1.6320170935351097,-0.4957508585537024,-0.8464281667138223,-0.005944270336608464
2019-05-16,-1.5774636074963315,-0.4594034202701307,-0.7663295807307821,0.12142381894209814
2019-05-17,-1.7703382203598121,-0.5605270812438725,-0.7529096842741938,0.36204952351113556
2019-05-20,-1.7166893278621198,-3.0,-0.5712255608570813,0.33565447076608684
2019-05-21,-1.6910745898401376,-0.43093849464657724,-0.5857899672832005,0.23757684402602447
2019-05-22,-1.6657000075480006,-0.5649570141025836,-0.8113238345164444,0.23739927888972137
2019-05-23,-1.2960257179715136,-0.7959397126258431,-0.9005677625596734,0.47504063563938204
2019-05-24,-1.2120350458463525,-0.6982415886754886,-0.8089461905233152,0.47635908948235994
2019-05-27,0.3758071715992933,-0.6121667534268841,-0.7336624133595452,0.42021938803252235
2019-05-28,-0.971241252983216,-0.678648161958051,-0.9532899310754591,0.40398981616425433
2019-05-29,-1.1004072707719674,-0.7348321309375924,-0.9673647400801485,0.2035876911743032
2019-05-30,-1.0974758095767514,-0.6152038550461083,-1.1642126123288676,-0.09118154975827239
2019-05-31,-1.2533304785075168,-0.7726702853744705,-1.6683701713360841,-0.1525030347253619
2019-06-03,-1.2521648833690382,-0.6891099510083961,-1.8837267189420694,-0.2796883415257325
2019-06-04,-1.5234268600584286,-0.5274610339126711,-1.6571160710889572,-0.13566117988777232
2019-06-05,-1.4765170017126361,-0.3763285381094542,-1.462319331936465,-0.05530378430253288
2019-06-06,-1.5109927057941248,-0.4151956601172845,-1.5231577626406745,-0.014716215306911905
2019-06-07,-1.5168529407942086,-0.4708456380744242,-1.6522942631494901,-0.012636296827637405
2019-06-10,-1.3039359138768143,-0.07334341806435457,-1.1452135701828479,-0.32664027152341457
2019-06-11,-1.2937145111247943,0.10646167200729048,-0.8651688585730896,-0.5524316222396494
2019-06-12,-0.9280992467549606,-0.004762304747969078,-0.9322535195471914,-0.43814260466084565
2019-06-13,-0.9108184391935784,-0.12737878226560648,-0.9992731601810586,-0.3077278022322659
2019-06-14,-1.1598952347504916,-0.26713813959529353,-1.245175879069113,-0.2476657545881682
2019-06-17,-1.2921763284609409,-0.3051580403013169,-1.2221531777708918,-0.16101184433469004
2019-06-18,-1.4215491754965337,-0.17956359822378232,-1.164367422713008,-0.30013043520481364
2019-06-19,-1.4156691802534482,-0.12546228388198796,-1.6904763151539277,-0.5339394861774105
2019-06-20,-1.3856333223568194,0.27937557416559966,-1.0388793487355634,-0.5768853712730351
2019-06-21,-1.3789863645835907,0.49446725807690123,-0.3045016731249283,-0.7034822215421355
2019-06-24,-1.4839298943178307,0.3347333694217585,-0.8436228027461299,-0.6167056682579961
2019-06-25,-1.4598120116967597,0.16667331577188518,-0.788844862511761,-0.5716935176096558
2019-06-26,-1.441473075418297,0.31329011946492685,-0.19620344697696265,-0.6260995077885982
2019-06-27,-1.261925621954373,0.31840487834627357,-0.3054805707759495,-0.6934445079564774
2019-06-28,-1.2233388153167386,0.4108512601781686,-0.18673017014745236,-0.6224388350723717
2019-06-30,,0.8278766746095072,0.41909966102983687,0.9808873663648787
2019-07-01,-1.396368001151248,0.878721036082909,0.9043840475283726,-0.7762924242616086
2019-07-02,-1.252658463875738,0.7367103411388021,0.43179769390735406,-0.7215964584643182
2019-07-03,-1.259234228569302,0.6271920360601063,0.31985714814137534,-0.6229516460228527
2019-07-04,-1.287116176972577,0.669757349369874,0.3176160718212452,-0.7012144369206591
2019-07-05,-1.2609972244061962,0.8987948657631032,1.3429110605308452,-0.6814981251940067
2019-07-08,-1.1888798987892946,0.49543789166328406,0.8646602390731172,-0.4638051054046468
2019-07-09,-1.2314647889424435,0.39816243991495076,0.7360088727043294,-0.41877508721860507
2019-07-10,-1.1836803057525223,0.4150693411768686,0.4034281710547032,-0.4506354476376059
2019-07-11,-1.20788297432388,0.7256766205906221,1.0691673824092647,-0.5781468463602246
2019-07-12,-1.4862574343488106,0.5516273859963017,0.8589204344106762,-0.437993738575909
2019-07-15,-1.026316751959388,0.706042158721226,1.0858903564201123,-0.5419120448117668
2019-07-16,-0.9476967414254294,0.7429096133694393,1.092684252277957,-0.6149448695955798
2019-07-17,-0.9560128122211382,0.6109329473600966,1.0715688752876773,-0.5375095439575123
2019-07-18,-0.9478856012458954,0.3778028510655607,0.4661913280689108,-0.40807310944894803
2019-07-19,-0.9072374635085122,0.4433921033221856,0.5013027710243168,-0.5650981606631704
2019-07-22,-0.6299841370720964,0.5325613116726784,0.5960050138642313,-0.48256648815736114
2019-07-23,-0.5359041435835888,0.6481625895262279,0.6894507891793797,-0.4898497145936674
2019-07-24,-0.5092035708308913,0.5427489601573463,0.34392310254200764,-0.46558078460394664
2019-07-25,-0.4731137149466982,0.6628024328004771,0.9033333461620273,-0.5263316649204586
2019-07-26,-0.3909071169210601,0.5392138437379915,0.7564511010372059,-0.37868837953564055
2019-07-29,-0.2227317276387844,0.4594397736619707,0.7586277888914597,-0.34946661483725194
2019-07-30,-0.22275126925695274,0.3709683325776353,0.6052171659844092,-0.3259267936839473
2019-07-31,-0.5559634268068903,0.32337088317020135,0.8586908564597104,-0.28537089641248
2019-08-01,-0.5699220702961387,-0.11071838010457095,0.08015970284340172,-0.061495798709566604
2019-08-02,-0.5838429665706806,-0.21694737923461777,0.04836461417677245,0.27398959778692844
2019-08-05,-0.46507511931048756,-0.8855973780686891,-0.31830769730912034,0.679403722201656
2019-08-06,-0.43713334501361967,-0.8248027379739353,-0.9167004582111137,0.8255181080763686
2019-08-07,-0.4256670122723066,-0.8488577055848914,-0.9182737988656874,0.8095625871427459
2019-08-08,-0.33358809752701835,-0.3795465910978389,-0.653650009526667,0.6729686347902138
2019-08-09,-0.3540936251692189,-0.522975944326143,-0.8050523302494635,0.6373641212851304
2019-08-12,-0.008094986912790795,-0.7213598031222893,-0.7772102224252551,0.7105884880182711
2019-08-13,0.008455625283015644,-0.6158688897615621,-0.8451574792513441,0.931237086578711
2019-08-14,-0.37691902629231405,-0.9163796291388191,-0.9951724199232038,0.7383920260887091
2019-08-15,-0.2227852865956396,-0.8601038526909913,-0.9525571458633905,0.8892101994584454
2019-08-16,-0.370614181376914,-0.6300045240746334,-0.9845937333439854,0.7376930792014715
2019-08-19,-0.44952964815997254,-0.39028806912241437,-1.023884333490268,0.558285443388389
2019-08-20,-0.4557141649222912,-0.31271256862168884,-1.0094126959560634,0.47722853797528214
2019-08-21,-0.3926467817374153,-0.21121500281321332,-1.1324203586768662,0.20598757717102878
2019-08-22,-0.34609882820716936,-0.26124257261413303,-0.872591083758677,0.32412628149659495
2019-08-23,-0.2247907078404207,-0.5253087523392007,-1.257185209564508,0.16041531962238748
2019-08-26,-0.043126851023718035,-0.563138117541062,-1.0245098634098442,0.5823816610049395
2019-08-27,0.025138842957453434,-0.6087406364553166,-1.034458010068842,0.42859179809001585
2019-08-28,0.1425446082992425,-0.5935091180071395,-1.2064779376422696,0.386418896831028
2019-08-29,0.24603079961129776,-0.35464741478232575,-0.9460713241536118,0.5140524635931265
2019-08-30,0.32707884373331736,0.2955807106126494,0.2615420915878397,0.0959269684645363
2019-08-31,,0.16044074357750251,0.045211440288258256,2.748460549141038
2019-09-02,0.6009755476955032,0.3885270309329328,0.6916351165062287,0.039408078145187556
2019-09-03,0.4952301406133573,0.15459470465175276,0.7693747597767427,0.1999002810192059
2019-09-04,0.6613268848563782,0.42890149382007203,0.47849036291991714,-0.09197252946278572
2019-09-05,0.5275072261635132,0.6386430703471233,0.7073507382349487,-0.3434946562607652
2019-09-06,0.5315229619295513,0.40206633708216266,0.0355422979467251,-0.40798175040129897
2019-09-09,0.4859147374713317,0.7525709853458363,0.8724713675485968,-0.5093000173647804
2019-09-10,0.5180629638814744,0.6649351686119881,0.8558298214527129,-0.5033868252411644
2019-09-11,0.7932430679361749,1.0360441058013201,1.2817048006397345,-0.6073139689042256
2019-09-12,1.0836248419482117,1.4522947991759538,2.0605285600010723,-0.628261506200209
2019-09-13,1.2382905804798445,1.5118833724767977,2.219923821685828,-0.8216143935381808
2019-09-16,0.9720371405275919,1.1506797822040888,1.6597101083222217,-0.8193782313892977
2019-09-17,0.9858467365691177,0.8787193242421606,1.533320524508219,-0.4824536373566981
2019-09-18,0.962446475399252,0.8544077151023348,1.314040329451654,-0.6282687188237017
2019-09-19,0.92651334246459,0.7368062848337101,1.1707194389201017,-0.5016946051312079
2019-09-20,0.9123301823944542,1.0267818316844082,1.7708985332582183,-0.573836469506803
2019-09-23,1.020017971804518,0.7939887779764687,1.2901827752862833,-0.4407199792564115
2019-09-24,0.9749603636910946,0.5606691139233492,1.1868956082188535,-0.4301209186105316
2019-09-25,0.957867299203728,0.6814306075512153,1.5103043713563162,-0.3437149863531466
2019-09-26,0.898917627531122,0.445161801819642,0.9021514918042095,-0.4389485474875256
2019-09-27,0.9044784892394181,0.28359735218267185,0.8935988760429122,-0.34733516397255726
2019-09-30,1.0308693121846322,0.3323890282701479,0.568595645792481,-0.2944812404762586
2019-10-01,0.960767635121542,0.004089558597143725,0.498936716651517,-0.397586943298273
2019-10-02,0.8103416320930754,-0.15367483109375193,0.5954622810709828,-0.33038855678216394
2019-10-03,0.756827276292742,-0.21327306543681657,0.07759079369803565,-0.29192084386371836
2019-10-04,0.763258890831414,-0.2667420667592497,-0.5844447452587633,-0.21613410900409846
2019-10-07,0.6325297222675222,-0.040239932739462116,0.07050265928434629,-0.24073535025563828
2019-10-08,0.6026883435234178,-0.29297183971990903,-0.12615334579396004,-0.37285848889568096
2019-10-09,0.5477717391948586,-0.40357464382427427,-0.46324700630345195,-0.3113248499534798
2019-10-10,0.41705796848018195,-0.11140070024830932,-0.30971106767774387,-0.38286450337474226
2019-10-11,0.00023304864426337965,0.1442937745263434,-0.6904345688231018,-0.6913288983610845
2019-10-14,-0.24298881445973716,0.09265267980788325,-1.2271583197042193,-0.8427579371260056
2019-10-15,-0.178875215451385,0.40203257201349185,-0.8493294001634845,-0.7766386926780323
2019-10-16,-0.19745447624637225,0.45531596097669974,-0.8257793489394433,-0.8758574912613569
2019-10-17,-0.19062376583604015,0.5280836730207072,-0.8061411027976596,-0.9406596903630756
2019-10-18,-0.2538987839866375,0.2805081641485818,-0.8147194838993377,-0.8288164434877897
2019-10-21,-0.19536172469400268,0.3812377812298359,-0.6263500516485129,-0.88036842380378
2019-10-22,-0.2766190439646629,0.381612306152184,-0.4944966313791847,-1.005048441609843
2019-10-23,-0.28844544488344903,0.6058377209176637,0.02760528614648565,-0.8694505595198653
2019-10-24,-0.2656639623117116,0.48773041459787536,-0.5158352544688035,-1.0032691776820408
2019-10-25,-0.12160265435645465,0.6666627988633048,-0.13738941062206952,-0.8988993006802356
2019-10-28,0.055592562107259325,0.9474461335068057,0.21235397581043716,-1.0665703602606162
2019-10-29,-0.011046467893897597,1.2904331674536804,0.6599759440812032,-1.117636033385845
2019-10-30,-0.3811855415780982,1.4037096640013005,0.6175613796597056,-0.97534649010469
2019-10-31,-0.8415361336829408,1.3809303860137798,0.28392379136895246,-0.9613671274815936
2019-11-01,-0.5081343951623583,1.7916503927812149,0.9000404437325288,-0.9862495546826057
2019-11-04,-0.6496791518484273,1.9028965448298454,0.956258367404405,-1.299762019294604
2019-11-05,-0.5923687069918266,1.8182713448266143,0.9059584405453777,-1.4322915068142565
2019-11-06,-0.4710831781884679,1.7409305704624822,0.8350257227719928,-1.3378436580643722
2019-11-07,-0.3633158333047471,1.9613466761401417,1.0585574993801663,-1.442875698953323
2019-11-08,-0.1481050229664173,1.5996885894724493,0.5956254464620413,-1.2758996551827277
2019-11-11,-0.1770578838018982,1.2098928092634742,0.22558783065355326,-1.0041226195502542
2019-11-12,-0.0793239253263081,1.1986627095048152,-0.0012042101765885964,-1.0571103110527078
2019-11-13,-0.15272644844973507,0.7713252141128019,-0.33491880356503906,-0.9497432395207543
2019-11-14,-0.4675877273331797,0.6908678264027399,-0.32693001426338286,-0.9969015374298298
2019-11-15,-0.38423755243084906,0.7770592752523655,-0.3799816038141372,-1.0785651797944307
2019-11-18,-0.4452923140338881,0.7202442343735996,-0.4763644864593846,-1.0650627905946344
2019-11-19,-0.5476323392192185,0.7373441027997064,-0.7256960963833542,-1.1253649489984356
2019-11-20,-0.4953540090602025,0.49921635335273135,-0.8832154410234345,-1.0278445354115147
2019-11-21,-0.46817342134676826,0.5466465417016804,-0.6016006797683198,-0.8340015131677685
2019-11-22,-0.717857333564564,0.653172283029349,-0.7018067706526571,-1.0131496954670562
2019-11-25,-0.6837176001856162,0.7372013309888648,-0.988733009421075,-0.9985086511404457
2019-11-26,-0.6165581697561705,0.469744537671491,-1.327536969657692,-0.837139944786635
2019-11-27,-0.8413762666640809,0.629375619508319,-1.132541803288412,-1.1925520207446656
2019-11-28,-0.7214423038619437,3.0,-0.8155568657159844,-1.1313540192252753
2019-11-29,-0.625705402971308,0.6999697316420347,0.0005631248161267259,-0.9844286364068887
2019-11-30,,0.05367971066695995,-0.5441064490392948,0.14350143721358238
2019-12-02,-0.524206062670089,0.3543713274351285,-0.31432826667113184,-1.0561366795684195
2019-12-03,-0.6064607048071351,-0.03140210789534378,-1.108719220810878,-0.9412137119656397
2019-12-04,-0.31648887192124714,0.28540387119191357,-0.39433064514891913,-0.8885696541579104
2019-12-05,-0.3438027510927759,0.22358802708601636,-0.9783488526556189,-1.0364115265657865
2019-12-06,-0.38555927953687097,0.45808345778001597,-0.7767087169985502,-1.09024104167677
2019-12-09,-0.43177142991614303,0.4138324426201157,-0.6280259073209155,-1.1253537815190469
2019-12-10,-0.3504713217217058,0.49752034731893585,-0.2517994746723318,-1.0882987779076898
2019-12-11,-0.3639516042626896,0.6838339678428351,-0.2644801137172211,-1.1674037168602567
2019-12-12,-0.1960382881646833,1.1515539871217517,0.3955452054968433,-1.3278604589615322
2019-12-13,-0.2817935286700002,1.1559078287368065,-0.35046535910218723,-1.517479724993224
2019-12-16,0.07963446680930526,1.4040861145255814,0.31216497273772265,-1.4380769489314105
2019-12-17,0.11951509120962547,1.5766499783725807,0.49242158924642426,-1.6358164834743505
2019-12-18,0.22138795597466074,1.7025449391072855,0.8520229651073034,-1.7306460005111548
2019-12-19,0.2741057013902098,1.51734477723065,0.42655982457604963,-1.6074275922703798
2019-12-20,0.2957237521762955,1.5988335525802695,0.5061581172946589,-1.549934624195914
2019-12-23,0.5382824304532313,1.7357962847758683,0.6793653653235373,-1.639279474117967
2019-12-24,0.4305023452911057,1.5401597991749603,0.5994941400735095,-1.5405489921452957
2019-12-25,0.6767133919414108,3.0,0.3470316561205383,-1.5198387824723245
2019-12-26,0.6216014970426103,-1.9502876768693953,0.3414365756922223,-1.5110608496237676
2019-12-27,0.6658480431242659,1.293673989291376,0.2825195726423011,-1.5786660523191054
2019-12-30,0.9255096216975561,1.3720247129204715,0.728105039201359,-1.5926126271061487
2019-12-31,0.7990426201249018,1.215624326404704,0.49045794295304934,-1.4705050959115524
2020-01-01,1.0834986971833578,3.0,1.2366775482215089,-1.4746401644211706
2020-01-02,1.0493485601002233,1.2029514784489617,0.2841481282226129,-1.5125937033657926
2020-01-03,1.1503585264936134,1.0288554362162947,0.25100139521803283,-1.4305919779742513
2020-01-06,1.2160451025156305,0.8383800442881025,0.22457821357351976,-1.2335681630292472
2020-01-07,1.3123521729210075,0.8992568333087214,0.469609974216935,-1.3217525106167285
2020-01-08,1.3509722302841065,0.8230053958843971,0.6722432700560256,-1.232066216709321
2020-01-09,1.324050910916081,1.0419852230454099,0.5339850969106924,-1.4421438793647239
2020-01-10,1.5447111705286274,0.8689322057418387,-0.24229563569501478,-1.4888015398369607
2020-01-13,1.5670279515144372,1.1117441027871318,0.41553995291181206,-1.5583543514368439
2020-01-14,1.7693892170920578,0.8503156235100072,-0.2725843711450598,-1.5130798903233462
2020-01-15,1.617207116197862,0.7498410446529296,-0.441570762040816,-1.3893811089481638
2020-01-16,1.5405684058051952,0.7548489392732888,-0.4540962268530463,-1.3704074468742193
2020-01-17,1.863339207833021,0.8604964166250969,-0.13213604399569598,-1.4252094822514814
2020-01-20,1.855353389538701,0.7806982864774262,-0.22043695992163176,-1.3924575629767415
2020-01-21,1.9367531758071777,0.35933639294775205,-0.5515741783062501,-1.1096621651325125
2020-01-22,2.20511195444059,0.5283896309652475,-0.2715586703989415,-1.1864620569102489
2020-01-23,2.4237174836192685,-2.511830687115572,-0.34962656133878106,-0.9939354520477374
2020-01-24,2.3718976428795377,0.24050982160549864,-0.4684543071209295,-0.9911788909399357
2020-01-27,2.5096627974653325,0.06960623358208051,-0.08672040955655459,-0.8503432890264099
2020-01-28,2.2525113074712837,0.14799875887426683,-0.11219599045011289,-0.769688360766246
2020-01-29,2.1194443740796327,-0.016347542358906866,-0.4611042791013626,-0.6372148843426348
2020-01-30,1.915920530503928,-2.9396709823235696,-0.8716089687194485,-0.14653068046032036
2020-01-31,2.466410137546963,-0.6132376804556177,-1.1695015048160928,-0.10857003692639731
2020-02-03,2.3738042879930807,-0.4994235200797758,-0.8346632731402542,-0.03769488295107793
2020-02-04,2.3959221628571568,-0.141147417941325,-0.9399811220336943,-0.3436235108926441
2020-02-05,2.504433343776036,-0.03536119768403783,-0.8872431103264801,-0.3637476576958998
2020-02-06,1.9133481125671399,0.057185289394105915,-1.2735471910150735,-0.5161365774302762
2020-02-07,1.68711639077,-0.11156521741765962,-1.270990852871428,-0.3254616963104568
2020-02-10,1.728381676785751,-0.10699394629923954,-1.320925862199855,-0.14000764575093977
2020-02-11,1.9026664353047402,0.02063026610686953,-1.2830490783094153,-0.38901275622706916
2020-02-12,1.5766115243035985,0.1809667505436148,-1.035332626447762,-0.5080278139317242
2020-02-13,1.558860869161379,0.175056467463359,-0.7811128328707528,-0.47841006614460807
2020-02-14,1.4671024578276146,0.10481293707686243,-1.1203051955121075,-0.4561079690757232
2020-02-17,1.4084163511660996,0.14644492155198302,-1.2895865918149572,-0.48376468321377414
2020-02-18,1.363910729384294,-0.0016640722553542804,-1.1897513263604398,-0.25114235224136705
2020-02-19,1.2581053280544057,0.16659640194474412,-0.7919678561408753,-0.4425390356143273
2020-02-20,0.8547051786875018,-0.02598500293079997,-0.8783926849393862,-0.2522908401338656
2020-02-21,1.122972126744045,-0.1402603708953202,-0.6368982960280895,-0.12249247475231191
2020-02-24,1.1882013246819734,-0.4893080180440086,0.2262471008339239,-0.9506895486457931
2020-02-25,0.9949849458368568,-0.4560571521517332,0.5331538991151843,-1.2254620039663433
2020-02-26,1.23898476264899,-0.7645974286476781,-0.24329740514862364,-0.9936570248172092
2020-02-27,3.0,-1.032123076877392,-0.6599108256660924,-1.106225669481633
2020-02-28,3.0,-1.6594029425892205,-2.245672933537536,-0.6113838027845018
2020-02-29,,-2.043772151243989,-1.4675741495335834,2.1603350685454967
2020-03-02,1.841859915481497,-1.3460150209752741,-1.6806776955597444,-0.49363534957714317
2020-03-03,1.984517251471996,-1.4293296983509036,-2.2040176624777765,-0.7711644880946662
2020-03-04,1.4913381435506452,-1.3428022154263373,-2.1100827003433102,-0.5494758202948671
2020-03-05,1.3248249317563898,-1.5263615833677946,-2.3813782610311804,-0.8091002016235714
2020-03-06,1.628229507328481,-1.9393928305631838,-2.3203051566406647,-0.35629395772822975
2020-03-09,1.6262538523455163,-3.0,-2.2632675773004856,0.37218425748144524
2020-03-10,1.475148857470189,-2.9336405259904774,-2.209831851977138,0.19941188777025742
2020-03-11,1.0623041379181946,-3.0,-2.1596270660563595,0.12475246508437385
2020-03-12,1.1534453744149307,-3.0,-2.1123338373686504,0.9628330603274369
2020-03-13,1.0457701014644436,-3.0,-2.0676754530708146,1.2885994622185097
2020-03-16,-0.2128194716179367,-3.0,-2.025410801970624,2.105728288853735
2020-03-17,-0.26100567536154845,-3.0,-1.9853286876035299,2.3667392392401188
2020-03-18,-0.6616775057119808,-3.0,-1.9472432141143199,3.0
2020-03-19,-0.8947658321028317,-2.8969532007664194,-1.9109900136297335,3.0
2020-03-20,-0.5720875432070568,-2.783484356711976,-1.8764231395194397,2.329159864102662
2020-03-23,-0.9669523717691907,-2.748855067379843,-1.8434124909182639,3.0
2020-03-24,-1.367125110331135,-2.689235358115144,-1.8118416643473776,3.0
2020-03-25,-1.8404775059799423,-2.5862587663154644,-1.7816061511516506,2.6389718605630397
2020-03-26,-1.9858975931445977,-2.5375492351879307,-1.7526118168154938,2.6271664880228798
2020-03-27,-2.441162897225334,-2.5080493141421245,-1.7247736114852854,2.500987620452748
2020-03-30,-2.4001599448533892,-2.4760859887709556,-1.6980144712563652,2.7501666381032055
2020-03-31,-1.5393468525941765,-2.3714039065214614,-1.6722643777328636,2.211134694075153
2020-04-01,-1.2242838260030269,-2.3414021939840755,-1.6474595495925854,2.2123700856456976
2020-04-02,-1.373777542598647,-2.251384334193276,-1.623541744795364,2.156204189479633
2020-04-03,-1.2558152678496128,-2.2298899906629654,-1.6004576559660246,2.0660722690064413
2020-04-06,-1.2702446147558442,-2.1153138667383784,-1.6236273597084245,2.136570389685299
2020-04-07,-1.1548859565762875,-1.8499625909454842,-1.5553340907626443,1.6620000905771282
2020-04-08,-1.1626667084350475,-1.8294178116944606,-1.6866516137261032,1.899690256313731
2020-04-09,-1.0763984341314885,-1.6885065442093543,-1.5620522670169137,1.7661609093222252
2020-04-10,-3.0,1.0238983184839163,-0.9914269115091163,1.7057082968188113
2020-04-13,-0.6476011919316417,-1.34665581711407,-0.6831381358415889,1.6442451381850818
2020-04-14,-0.5429619342748875,-0.9482401591126477,0.14981711013014948,1.5996762602070904
2020-04-15,-0.49527014186883483,-1.0012551675989216,0.27226078132189074,1.562264193029636
2020-04-16,-0.4825285528835203,-0.7845930940483165,0.8512243309978739,1.5157343231630194
2020-04-17,-1.2998564778222839,-0.3237713252162336,1.71170058246441,1.3192130636543056
2020-04-20,-1.4009856606813686,-0.22032352446012107,2.178218722460738,1.1943645342194547
2020-04-21,-1.3167773658714996,-0.14983895056607024,2.6161311541496457,1.3878579194137823
2020-04-22,-1.3492359310044055,-0.03927959936234481,2.4228881003398803,1.319277309186626
2020-04-23,-1.1094888201157453,-0.023410242910616292,2.2281457363668644,1.2654869917710492
2020-04-24,-1.0020071599621883,-0.1614444228922284,1.7384874672961135,1.4967065814593261
2020-04-27,-0.7977448234631918,-0.027726209473851855,1.6681229430702016,1.2909275421524693
2020-04-28,-0.7402265312920302,0.05626589514139224,1.7335732008831324,1.1378986894732717
2020-04-29,-0.3865698043101231,0.2349620708692773,1.7412997853986316,0.9593313447292613
2020-04-30,-0.20724079032135254,0.7587566903534864,2.894413636483585,0.8077521235019511
2020-05-01,-0.13115937051062324,0.6730409886356457,2.8828487861656162,0.8203738609027513
2020-05-04,-0.12103079098697604,0.5077966256225667,2.6949712456687025,1.1829172568989663
2020-05-05,0.01799630611724707,0.5680298906328909,2.529135980025165,1.094839510563494
2020-05-06,0.0897724520219127,0.5964709014078475,2.4335103621100953,0.9436072177500733
2020-05-07,0.1451556835639212,0.5065205778986068,2.1469768529016866,1.0240538752624384
2020-05-08,0.3070816660465591,0.5770422964857683,1.9890789750575157,0.8478968838541552
2020-05-11,0.3383493168749649,-1.8392190896158804,1.9928774151979813,0.744789988768534
2020-05-12,-0.44164529196139873,0.5204821287653438,2.0043288331041564,0.7668066608376957
2020-05-13,-0.1025679880031213,0.43399904108977116,1.8741771043092128,0.6735949500153179
2020-05-14,-0.2719820601326219,0.41056364957841707,1.8123784325777954,0.8190262409269585
2020-05-15,0.015017493894197022,0.4334119611193256,1.7642179167453125,0.8196838507081209
2020-05-18,0.2110077657140308,0.504990085424357,1.6845299705553447,0.7635418051010746
2020-05-19,0.009657218429213474,0.5875565103070627,1.7267044219133034,0.5404574193914043
2020-05-20,0.015575112774231037,0.6402455935758283,1.6985410992228727,0.5284185210449995
2020-05-21,-0.0476792059448949,0.7227884983280237,1.782786763721721,0.49866281983631305
2020-05-22,-0.05172377904254908,0.5793611814836002,1.7140990058567867,0.22466138594224463
2020-05-25,-1.2211999495852495,0.6316271056640124,1.689592143729051,0.11413864618050777
2020-05-26,0.6562054826106796,0.7596848412015257,1.696140046146677,-0.031108598700175467
2020-05-27,0.5788902512520063,0.8152064476358721,1.7056534440872806,0.010475458457768403
2020-05-28,0.8688795733866557,0.7575415817660819,1.663196252414621,0.040474621510067046
2020-05-29,1.2345687740229723,0.31171156588385834,0.8546146856180319,-0.007535017352155986
2020-05-31,,1.3047068079002733,0.8115917057436798,-0.09195856820519174
2020-06-01,1.5321365119201111,0.39623738957288795,0.8722785322498933,-0.36251744794704777
2020-06-02,1.5866645024323593,0.46513896330448046,0.8452318213236164,-0.4730722754927111
2020-06-03,2.303014657613441,0.6426053825140449,0.871338085026624,-0.6432044524014362
2020-06-04,2.191635324600993,0.8188447419653324,0.9947648855649563,-0.6769396676415871
2020-06-05,2.1110780639849707,0.8239653858129483,0.9676036441826641,-0.7085406214473607
2020-06-08,2.0330479508031,0.8570385203667767,0.9953301006253887,-0.6707810519091895
2020-06-09,2.060265592374894,0.9967156111372565,1.0367020131819464,-0.7188948429051607
2020-06-10,2.0064229224175802,0.9572457261435954,0.9897278493135148,-0.6888421227678859
2020-06-11,1.4437889539987923,0.9298558362365649,1.3271608732812479,-0.76306594519257
2020-06-12,1.1996606872147104,0.8660153334872128,1.1338520489846349,-0.6857341467940441
2020-06-15,0.9552796611352228,0.7398199511914718,0.9314489840965661,-0.4894079496796815
2020-06-16,0.3647558455970133,0.9498083432705696,0.9458875139451077,-0.6201115280718239
2020-06-17,0.21113852504298572,0.8366780150670462,0.8835791733666803,-0.6578371976932206
2020-06-18,0.17003624952469562,0.8638607459298505,0.7545035156913898,-0.6282587634734237
2020-06-19,0.18408449141798103,0.8126857953433729,0.82422055183568,-0.6726238500343277
2020-06-22,-0.023296330373670224,0.7066529991797804,0.7391645328781723,-0.6631636409151687
2020-06-23,-0.12167780677915875,0.716160579411173,0.6620019974658389,-0.7392552301599039
2020-06-24,-0.23462624806803767,0.7055831468613212,0.6718770451120278,-0.8241243165677332
2020-06-25,-0.33463923547783586,0.6450652007292736,0.5464704204148864,-0.7108158951962796
2020-06-26,-0.3970586550187492,0.5548565394845618,0.6177159826406776,-0.7424662109401168
2020-06-29,-0.7415820078207719,0.5580902059808858,0.5111894222884064,-0.6454181321773147
2020-06-30,-0.6318302950629385,0.5659082390888612,0.46604800272571045,-0.6124849096463423
2020-07-01,-0.5089136328163457,0.60793902266251,0.3832206948771749,-0.6539375821292293
2020-07-02,-0.5308342783037199,0.6187298441070792,0.23104405446975346,-0.775885226894033
2020-07-03,-0.46414406012633486,0.5708408976699859,0.15655019642599474,-0.843055011523992
2020-07-06,-0.5933713402483393,0.6598438210041987,0.0901506154136176,-0.9493531632565781
2020-07-07,-0.6693561448628482,0.5261938803501678,0.06195439144503211,-0.9390707961580157
2020-07-08,-0.45083005385575964,0.6011659922632292,0.018960692986663447,-1.0374967721569992
2020-07-09,-0.3679650706187675,0.6464771846350588,0.055319185739588064,-1.108303409515478
2020-07-10,-0.566585717007657,0.5874964918114723,0.0796525375815893,-0.9879869533686954
2020-07-13,-0.4177440613248301,0.6177450409298365,0.24583969621437549,-1.0408433104841939
2020-07-14,-0.5197372547964977,0.541686751243961,0.15922303009735014,-0.8953498110195973
2020-07-15,-0.28874796950059567,0.5370770719558121,0.05126792049030156,-0.9098948715352769
2020-07-16,-0.02935754293595517,0.44404043783904906,0.07087202432763694,-0.7444170935609662
2020-07-17,-0.04283376989872329,0.5744786791186763,0.033865121720948334,-0.7794304366997536
2020-07-20,0.10644727244979862,0.6297280410382491,-0.00610413268051428,-0.8025282208958957
2020-07-21,0.07859439822484973,0.7695790456870537,0.018707829812748586,-0.9227890613646017
2020-07-22,0.02808335478719061,0.8506086764364713,0.02718719258921354,-0.8547368280764835
2020-07-23,-0.3186136316790183,0.8270765503530312,0.11019834225299333,-0.8836962200840213
2020-07-24,-0.48010140872990537,0.7206866106778894,0.12746025262969476,-0.7636083855598319
2020-07-27,-0.6330283743165703,0.7470994497211372,0.14269864663668216,-0.8429944927357202
2020-07-28,-0.323028286335376,0.7876419003196898,0.17783664157899773,-0.9283406366481746
2020-07-29,-0.27466083003228114,0.840934383926665,0.13178404763408152,-0.9065285492788051
2020-07-30,-0.2550974057651468,0.8741563184883392,0.12588497758098882,-0.8975494052897881
2020-07-31,-0.028375429356033793,0.8908299406029652,0.14150130432215213,-0.8650434653116027
2020-08-03,0.2566704275600842,0.9222616625666368,0.1881344033539567,-0.8099518585259343
2020-08-04,0.4583012650716396,0.9794988864119806,0.1282517509763963,-0.857198116819213
2020-08-05,0.2650979932610699,1.0363853132297707,0.1962245447360484,-0.9116495979221986
2020-08-06,0.21002060699177066,1.0631143916663361,0.19659540087964011,-0.8929803490915045
2020-08-07,0.619066110081418,1.0095332656222902,0.2622481490406887,-0.7868328821207684
2020-08-10,0.7315702679910067,0.9837457352112213,0.24345267937500056,-0.7587727140685674
2020-08-11,1.2241249555916585,1.0790845272886673,0.39023997004899896,-0.8480929908647623
2020-08-12,1.5267978951808414,1.1030536292703705,0.32625342357813625,-0.8109259849998953
2020-08-13,1.5570344536445908,1.0925930247849662,0.33220317691233503,-0.841217705168331
2020-08-14,1.4000772506491777,0.9741573895068291,0.27043640353991516,-0.8237135156858191
2020-08-17,1.4893783604784294,0.9798131162321075,0.21522914778329488,-0.8602126789465553
2020-08-18,1.551845764854189,0.9477588193048077,0.1622230407857718,-0.8624760120789445
2020-08-19,1.6758042066926293,0.9561483617138904,0.16875917856263414,-0.8521861373710927
2020-08-20,1.5940922172440606,0.7954647207920932,0.11633051358110037,-0.7165964545710491
2020-08-21,1.7336999625727838,0.7898139782047495,0.10861676869325612,-0.9616845395233666
2020-08-24,1.6134451058443235,0.8216254501254495,0.10127068502626857,-1.018025028889682
2020-08-25,1.59362984824941,0.8483555050704067,0.07323813551999007,-1.0597157330169875
2020-08-26,1.562066175052351,0.8688582325474656,0.13195046885704623,-1.0333817920825819
2020-08-27,1.4760428744508662,0.8211623214246413,0.17446069544839718,-1.038756299090748
2020-08-28,1.5812089617154172,0.765100764100799,0.08793520318767373,-1.0376486962639455
2020-08-31,0.9814769193632848,0.5407292683725026,0.15476174587370423,-0.9093210477569583
2020-09-01,1.0130108965447766,0.5816403244543946,0.06805091117449438,-1.0154369289282303
2020-09-02,0.98643087909538,0.5798001814654223,0.11380304227563465,-0.9466956252637225
2020-09-03,1.1803634361968893,0.48801097817720684,0.2691848758428874,-1.037455018712793
2020-09-04,1.243012903917772,0.4736304812422578,0.23574492447335996,-1.0191454858604443
2020-09-07,1.545026966871737,0.414638914062442,0.20318186908146904,-0.9844251802855529
2020-09-08,1.607921130720689,0.342578123877931,0.13622292128784982,-1.0457785786887492
2020-09-09,1.7036377376215948,0.3232028377600798,-0.04243729648141788,-0.932041473128735
2020-09-10,1.9251414278931904,0.3716052319603179,-0.008731624288674323,-0.9963508535660862
2020-09-11,2.1609636411379447,0.3544568517607662,-0.19538850062119442,-1.0444100254979325
2020-09-14,2.217505401264292,0.4510824060614326,-0.17155810268163466,-1.0756885118199655
2020-09-15,2.2646457731304834,0.5251941754703281,-0.18121342864849757,-1.0862975433719642
2020-09-16,2.15295585649684,0.5709893939035355,-0.11608964465852371,-1.1200771464230888
2020-09-17,2.151739662467776,0.47489209796954784,-0.13146595668330122,-1.0809208329899147
2020-09-18,2.087084194775423,0.47523036757878184,-0.12403381440701049,-1.1301431629441492
2020-09-21,2.0168402948049646,0.3322813336848504,-0.11170963586977181,-1.04742782416078
2020-09-22,2.0115826845779083,0.2957656432456922,-0.18012860784737306,-0.9380280636015285
2020-09-23,1.9304726284946776,0.26580033402942665,-0.1604602413131488,-0.9979761242457728
2020-09-24,1.8854990185612477,0.142173892826396,-0.24440453796779305,-0.8368167608606428
2020-09-25,1.8697785224234595,0.11317729318002893,-0.3937343261132134,-0.7768073607679536
2020-09-28,1.7183386975031731,0.2007635622470643,-0.3667575451850804,-0.7739491314555532
2020-09-29,1.645621911546853,0.08011084854969783,-0.36199804249752415,-0.7603843830440704
2020-09-30,1.712194671484664,0.1852028868004354,-0.32331728906169904,-0.8529219100950186
2020-10-01,1.7988592522552558,0.14027929338081163,-0.3253841010146788,-0.8516799705980888
2020-10-02,1.7431896364407682,0.12423996662948061,-0.25294466019309736,-0.8714931651886888
2020-10-05,1.6327271303685822,0.12470584928580428,-0.2555602870392397,-0.8807413407880607
2020-10-06,1.6140103217134036,0.17663038196443098,-0.19268627629422266,-1.0224129693485915
2020-10-07,1.556819377894207,0.2959694453122863,-0.08056043389243876,-0.9689283477508491
2020-10-08,1.5017407952287514,0.31246420281954146,-0.16794783744231603,-0.9811220986506329
2020-10-09,1.4654535726578484,0.392795612730671,-0.17239634135111362,-0.9533568276183152
2020-10-12,1.3546262462410854,0.4542962134830389,-0.13456807641518437,-0.9708114683311189
2020-10-13,1.3461189559364808,0.4921847889267983,-0.1099832797171331,-0.9832344088294717
2020-10-14,1.340387459482455,0.46641692431845894,-0.07866763413661773,-1.0048687276636508
2020-10-15,1.351857135347032,0.3063759243818238,-0.07236067847775503,-0.8976225406516953
2020-10-16,1.2800174410988105,0.29285996431155575,-0.03631499623004111,-0.9118365158055695
2020-10-19,1.2437527637407275,0.32737195943457204,0.038463393619092,-1.0112431956767796
2020-10-20,1.2035229757548787,0.37189962360373163,0.1339251277198416,-1.0422452869398602
2020-10-21,1.1712013154977594,0.38398833754924244,0.12041425398246688,-1.0674259359424614
2020-10-22,1.1625285467956092,0.351600572527174,0.14987604799380924,-1.0427398768275693
2020-10-23,1.1681584455201297,0.3456769274665787,0.17849441845347608,-0.9976864743630153
2020-10-26,1.143148054373468,0.2697704492296555,0.40754357602222324,-1.0227795176723113
2020-10-27,1.2974921569415199,0.3201176995024515,0.4060572886433319,-1.0563557560023207
2020-10-28,1.3493805041145408,0.2401676173549305,0.7201315039073746,-1.1299462943723124
2020-10-29,1.3191771753261916,0.23596986366729464,0.5775341094972256,-1.0902665136195107
2020-10-30,1.6084129871098332,0.11539752701347805,0.5532569104094314,-1.0503652129788708
2020-10-31,,0.10049424685015654,0.5103418704557683,-1.5597617164910509
2020-11-02,1.55979154045991,0.10842502892309025,0.35460327351158494,-1.0436073929143999
2020-11-03,1.4969042053427095,0.165906232334303,0.3191216840748401,-1.0135102629129178
2020-11-04,1.4607566078166951,0.2254618037435936,-0.07803401198214446,-0.9746750501007236
2020-11-05,1.3153520504001859,0.43593331242612093,-0.0715375140285424,-1.1305851181796676
2020-11-06,1.2686504400352918,0.5076794871014699,-0.1733411051916912,-1.2121099493896486
2020-11-09,1.1345296789104058,0.713471415620262,0.07684269691148043,-1.2720544244219196
2020-11-10,1.1110218855182936,0.6328000866038951,0.05246250813158483,-1.170345147577166
2020-11-11,1.1542371076628812,0.5997830390389863,-0.028495382753605313,-1.1144966308859638
2020-11-12,1.2469975505999629,0.5725395218151341,-0.020911397451147982,-0.9438076067663486
2020-11-13,1.2812719440284033,0.5539575329607259,-0.12351742519847027,-0.9155163360006469
2020-11-16,1.2961742629870021,0.655506610459901,-0.1335501241944595,-0.9744681501395718
2020-11-17,1.2337735742435214,0.6682976466294711,-0.20047248260595502,-0.9439327398234892
2020-11-18,1.207119289164506,0.7041994602501804,-0.10847887487703614,-1.0350796887429978
2020-11-19,1.1703194000050485,0.5855304080309045,-0.20203978332530412,-0.9392359271750808
2020-11-20,1.1215184369582425,0.6186148386822252,-0.17423890396034036,-1.0129954891572528
2020-11-23,1.0578054703981863,0.6647736787801714,-0.18220587531161506,-1.0589033995096808
2020-11-24,0.9820034886849488,0.6962367733702428,-0.16901861311541624,-0.9995078521311219
2020-11-25,0.9718481440077018,0.6214357219352619,-0.16685786107086922,-0.9797125521340696
2020-11-26,0.9364121798672833,0.7029211592355401,-0.1666947576089559,-1.0340559259367443
2020-11-27,1.0204595640068301,0.6519863563126072,-0.16547909725901824,-0.9984912809286877
2020-11-30,1.0251499169514173,0.4052675112595256,-0.13696378114635413,-0.8379348750515644
2020-12-01,1.0159121308568935,0.5868423826198255,0.017730474481096756,-1.0405625122228723
2020-12-02,0.9291287874942133,0.6132783516048153,-0.005635955929921268,-1.0134537639044685
2020-12-03,0.8413266684921363,0.6811973141023332,0.0407742654434921,-1.0420870910850064
2020-12-04,0.7969708234786992,0.7551307370651644,-0.026240806576240436,-1.0682290723938141
2020-12-07,0.8131993558382564,0.7425353503592034,-0.08665248540526427,-1.0458231502508157
2020-12-08,0.8114085285763385,0.6383656045179121,-0.35127056710015453,-1.0311881051790333
2020-12-09,0.7654369809494265,0.6118339216522016,-0.25029089002264643,-1.074560970550814
2020-12-10,0.7685794296400906,0.5689624576867442,-0.2587051203767347,-1.025399877980295
2020-12-11,0.8528435945201587,0.6055323482887366,-0.15393358933683943,-1.041302236454279
2020-12-14,0.8428456532131027,0.5241021699956276,-0.06164481931855672,-1.0033004211139995
2020-12-15,0.8375167766198415,0.5368871221108108,-0.15387345655372828,-0.930858091576982
2020-12-16,0.854080945026476,0.6572060368685136,-0.10765465141908089,-0.9990704888376767
2020-12-17,0.8618061987090978,0.7661428123792479,-0.13669885261334536,-1.0094219028292821
2020-12-18,0.8637339028170479,0.7488999402625618,-0.08859952749785678,-1.00473282704747
2020-12-21,0.8633978755009263,0.6249707347403559,0.11699473540794399,-0.8820918679224379
2020-12-22,0.8290298804157098,0.6002169072795297,0.02309299774524166,-0.8306963855123571
2020-12-23,0.8267107126207094,0.72034521837861,-0.002765478287373425,-0.8699931023545067
2020-12-24,0.8069101094068719,0.5890112831062074,-0.16365568607544825,-0.802490772219992
2020-12-25,-0.29291681568592365,2.6963248946707434,-0.16354043969699653,-0.8077239492334415
2020-12-28,0.7879764336486653,0.4720158595172632,-0.15452772999986317,-0.7408898043028108
2020-12-29,0.8145308252809513,0.518665516027173,-0.10483670091902317,-0.8517020575800469
2020-12-30,0.8269098491665476,0.5734075349869162,-0.2598109601111771,-0.9594675031497188
2020-12-31,0.8117575082200327,0.5417167836681502,-0.30649763345289205,-0.922013176673458
2021-01-01,-0.17847982072439889,2.6994214144039694,-0.3054774961006765,-0.9335903473933467
2021-01-04,0.8374169293834659,0.5309845991948183,-0.1489799372305257,-1.0528583349008513
2021-01-05,0.8302511642743567,0.5921668288476152,-0.1658466483809797,-1.0971345093069529
2021-01-06,0.7707794766823635,0.5594113372666883,-0.1328952805867714,-1.0636758217666447
2021-01-07,0.748619817482574,0.5829759878338001,-0.35057869643659706,-1.039670742315632
2021-01-08,0.7357107481607267,0.6958788813601582,-0.36947779921855356,-1.2377052874138383
2021-01-11,0.6615618816236771,0.7093577124747991,-0.20632112598044763,-1.2403501781643158
2021-01-12,0.6027757848730182,0.7265631871809739,-0.2953329608856601,-1.234348894087957
2021-01-13,0.6036070468861167,0.7605811986649657,-0.4529917503397848,-1.2424751992369036
2021-01-14,0.6047331780788806,0.8210573400642146,-0.34477181652559274,-1.2848997793313504
2021-01-15,0.572684511710063,0.6783102605550894,-0.35629273342569046,-1.2227856645197681
2021-01-18,0.5930059217571001,0.7326723025685855,-0.3794894170284311,-1.216861094696328
2021-01-19,0.5855008982136587,0.8489790087825166,-0.4395420392491693,-1.2964361457772884
2021-01-20,0.5947867155783194,0.9472494973926828,-0.45653380191146536,-1.3088825837440374
2021-01-21,0.5690841617322258,0.8851210578329644,-0.4940211448790636,-1.3532120211672338
2021-01-22,0.5987092897529548,0.7637868943598255,-0.4082639237691521,-1.2845659644345866
2021-01-25,0.5027709762171148,-1.4825067326926213,-0.3588508621161568,-1.310387143089247
2021-01-26,0.5790042971987341,0.7276343877221858,-0.3166600201523031,-1.2023671305892234
2021-01-27,0.498318391187944,0.6709707645488477,0.44660929231384433,-1.1467726650522814
2021-01-28,0.5079178981095965,0.5469678623814818,0.09147941106909867,-0.988032835411209
2021-01-29,0.714484969153735,0.4366627721675188,0.3328292370434889,-0.9753586299452127
2021-01-31,,-3.0,0.30375079178544157,-1.7201442178620179
2021-02-01,0.6569047118685669,0.537703154499612,0.0836844013063876,-0.9523218953464698
2021-02-02,0.7712005501211421,0.5783961836766498,-0.19053021012652765,-0.8459720312709854
2021-02-03,0.4165020273032498,0.6187574224510627,-0.34539803830409327,-0.803858536268506
2021-02-04,0.21361890214587512,0.6112054967875639,-0.35861034368856587,-0.6508271331231258
2021-02-05,0.3211896489040252,0.666351856028638,-0.35762985591267116,-0.6703733732713811
2021-02-08,0.26885721851186767,0.7337905105115153,-0.38743392022435547,-0.6547300215575469
2021-02-09,0.19964932353669826,0.8095455114470954,-0.30939352309761303,-0.6584170617594071
2021-02-10,-0.03718260102495048,0.9581869864843819,-0.260058351154973,-0.6995728257082172
2021-02-11,-0.07363667589392112,0.9390585816647913,-0.330758240362813,-0.7176721985490636
2021-02-12,0.012969202260420393,1.0091333276703407,-0.3527853218668981,-0.7094551716569178
2021-02-15,0.02852859197574007,1.0518207220910483,-0.32438101628004234,-0.7441645757529474
2021-02-16,0.05152069761159386,1.1875453199834798,-0.15062334125857357,-0.8045618818956363
2021-02-17,0.029916575812686075,1.122624622770901,-0.2305459021175205,-0.8470688940286047
2021-02-18,-0.17314639153481498,0.9196280252794444,-0.19677941503024968,-0.7878563327092147
2021-02-19,-0.016137549728119843,0.9118625203194681,-0.16812392400840842,-0.8652624651218994
2021-02-22,-0.10682346014008497,0.7044678515529487,-0.08107708969467549,-0.7243549652066738
2021-02-23,0.14128720160683642,0.7660584235479092,-0.1866945952604824,-1.602548967243841
2021-02-24,0.02511224605104323,0.7900365147794518,-0.15636200693282812,-1.5247419319308313
2021-02-25,-0.22689127414333662,0.9235653629827703,0.4316558872780042,-1.6196762608138797
2021-02-26,1.6625348674267557,0.6404908296527578,0.141494735856246,-1.444571621224504
2021-02-28,,-0.3455419797420906,0.16853183733568744,-1.8734405479687772
2021-03-01,1.483824744105355,0.7748083660219669,-0.18345951963228302,-1.4359390859565238
2021-03-02,1.494803666834072,0.6616120475202639,-0.2508022307891039,-1.3737229468421241
2021-03-03,1.4880574739004269,0.7212775694523474,-0.056065626538919305,-1.4103675172474803
2021-03-04,1.4944528300236375,0.5807215823076153,0.09518351776930938,-1.3729553259819411
2021-03-05,1.4238432638024578,0.47518082290856606,-0.3647073694226787,-1.3397252296401378
2021-03-08,1.3333989129270236,0.33584604850953054,-0.3401448120583336,-1.28243858146119
2021-03-09,1.2812616903755603,0.3246321432774596,-0.5805608604409825,-1.2607622932461517
2021-03-10,1.3272481640803535,0.3458034958661101,-0.6733573094653914,-1.219070093821585
2021-03-11,1.2809171131582957,0.4977275625576714,-0.7118335958387512,-1.2640932945292704
2021-03-12,1.1711655364885,0.4703767470253584,-0.7278140470431946,-1.296144664101359
2021-03-15,0.9915220992370454,0.3842844715000582,-0.8262313945173375,-1.2480521755188805
2021-03-16,0.9362582030034146,0.37677580821525697,-0.8959263621625023,-1.2332591515107008
2021-03-17,0.9323465872008839,0.3477462430611306,-0.9259525040072629,-1.212413217965112
2021-03-18,0.926614210039826,0.4311115892901449,-0.6436729367764824,-1.26034442396227
2021-03-19,0.9003320599622897,0.380181708112152,-0.7420525673944509,-1.2179825272696878
2021-03-22,0.8763045236067456,0.3396821407037802,-0.9046609513788624,-1.1666056521686183
2021-03-23,0.8167763100959375,0.3215865888449532,-0.7732864379514808,-1.1191239385178349
2021-03-24,0.8033345912251431,0.13321263387494345,-0.8599687747688451,0.27024553779649074
2021-03-25,0.7995282455418234,-0.1134829894025852,-1.1578259159404527,0.3110141937980122
2021-03-26,0.7976673248482246,0.09035511863154425,-0.9673520630050078,0.2700937487372372
2021-03-29,-0.7856472961313185,-0.011252676279859914,-0.7733514595706079,0.22611129467642063
2021-03-30,-0.7560153150431883,0.06802868356360675,-0.8131523443878701,0.15669313482623412
2021-03-31,-0.7137648493989511,0.16142534617083584,-0.5452972983691085,0.18656982986535983
2021-04-01,-0.7737051794081699,0.1531212036844244,-0.8360451209533845,0.13795929329742868
2021-04-02,-0.9773606590933013,2.364671680947775,-0.8916982686680727,0.12653631112662506
2021-04-05,-0.7516535004936454,0.15202296470200474,-0.6603462227163585,0.15204563001623872
2021-04-06,-0.7559346809414518,0.11235517563505783,-0.611124031712084,0.13220636893974042
2021-04-07,-0.7429384791182432,0.07114654715411338,-0.5169322051057968,0.18651770809729284
2021-04-08,-0.7453234479333102,0.1561004259047375,-0.5601731427967739,0.20470031960424798
2021-04-09,-0.7359092002901033,0.04525105478427424,-0.5751224709072558,0.2534186362445444
2021-04-12,-0.7734879873350005,-0.08651530011906985,-0.6517759988116231,0.29608872120147856
2021-04-13,-0.8059691662495629,-0.11139811286103034,-0.7925644034991106,0.3337252634787032
2021-04-14,-0.7873424604736444,-0.05060796675054377,-0.7637151733690779,0.2551006443322269
2021-04-15,-0.7157014606590184,-0.1451631641776446,-1.0098355169139153,0.30454989069926247
2021-04-16,-0.4650616491502481,-0.18404710067472005,-1.0232020734352614,0.27378886446047684
2021-04-19,-0.49138961282961063,-0.205975334257092,-0.8472296351332793,0.23568088973503507
2021-04-20,-0.5197197690430762,-0.23137989251093605,-0.8086306804162002,0.22795335517107768
2021-04-21,-0.4977074931874667,-0.24321714690941018,-0.8848127435987154,0.3373464590399856
2021-04-22,-0.4296579944410755,-0.25399274182198084,-0.729735946793821,0.27543224895519863
2021-04-23,-0.3823957967633613,-0.13382922773966613,-0.7568717288121409,0.25107727583987816
2021-04-26,-0.4546119028096435,-0.08614193004313715,-0.8270657405039792,0.24304767639829214
2021-04-27,-0.2989425533047758,-0.09404719885973774,-0.8267233668108968,0.21315314204642113
2021-04-28,-0.26751972254449274,-0.04062711884618912,-0.8079748677861269,0.15758635824322226
2021-04-29,-0.2530351456987841,-0.16702092068479193,-0.9740097657853456,0.1930704585165265
2021-04-30,-0.09558453360957314,-0.4750440922819783,-1.1549557129373993,0.3135090941047774
2021-05-03,0.01784486274013252,-2.6299783387973434,-1.196478016124476,0.37246273838339183
2021-05-04,-0.05496905958339779,-0.5466442646154495,-1.134607141594802,0.3790868082661318
2021-05-05,-0.034170497639820344,-0.5757637955130595,-1.0816646668031848,0.43044199805200506
2021-05-06,-0.025614002011844838,-0.5472744240554395,-1.124431516288971,0.42112955899765986
2021-05-07,0.19891145578256028,-0.4694457699189724,-1.1349221622456034,0.41326377401744996
2021-05-10,0.17277990900095677,-0.5167487865501688,-0.9162226792893481,0.4138748014705596
2021-05-11,0.18700847935937645,-0.582651022938431,-0.7229538012881809,0.4997006946364035
2021-05-12,0.33273513884780714,-0.5673895406901143,-0.01452269992811036,0.5004141404645628
2021-05-13,0.32294855782078263,-0.8004413100013749,-0.5310979842943175,0.6656821354350662
2021-05-14,0.34677068862961424,-0.5774056368107394,-0.5708993018901646,0.6248499421714094
2021-05-17,-0.10462249978790562,-0.5929842094327634,-0.6356350758193924,0.5849881217623382
2021-05-18,-0.09347729651742417,-0.47364733191589337,-0.615637738578681,0.40603813820379026
2021-05-19,-0.12194563547799023,-0.5107483527465585,-0.3834915517015286,0.3819493043910944
2021-05-20,-0.046094202765227556,-0.5556246559920595,-0.625745610025196,0.6893474464981992
2021-05-21,-0.019819373493485143,-0.5736182293000448,-0.5919898257446483,0.6801602422863775
2021-05-24,-0.09210476992161572,-0.5880992330405977,-0.783385785601502,0.7666617664961786
2021-05-25,-0.10106819181763921,-0.4827333569324186,-0.7118633612250015,0.6447484110485947
2021-05-26,-0.11775886946728391,-0.3821048636665241,-0.8150660118393993,0.5968621389316633
2021-05-27,-0.17576802190064397,-0.36777423726201497,-0.7520493029323504,0.5821099388891364
2021-05-28,-0.1567944726781964,-0.35976002643327176,-0.8138704292165712,0.3788604621413973
2021-05-31,-0.9138554054831636,-0.11604690241207884,-0.42954092728302923,0.44563023060699875
2021-06-01,-0.03475084914853274,0.04587348569807687,-0.27364545085758124,0.374230344453996
2021-06-02,-0.054973010433371446,0.08381300731582757,-0.303850578998514,0.4140956651593624
2021-06-03,-0.07228402934867141,0.0689677480317851,-0.15558970919083615,0.38605673944569885
2021-06-04,-0.09489831713746853,-0.03639164164516612,-0.4177376914237401,0.4826261576120458
2021-06-07,-0.08643704926687285,-0.03194093823132073,-0.3450350779961961,0.4763231492015441
2021-06-08,-0.03565757802157679,-0.17516115262672183,-0.3653829521498283,0.4968730477360706
2021-06-09,-0.011613270340455874,-0.23258565115530158,-0.3370900465900971,0.5126010800572907
2021-06-10,-0.010225386692530723,-0.28114348427469044,-0.6510979371542515,0.5414153644468052
2021-06-11,0.5128353408819288,-0.1541718564205477,-0.39398156059393336,0.49621265941101667
2021-06-14,0.47201029776650333,-0.08351984623668733,-0.26292046950826287,0.5043394838032099
2021-06-15,0.4272413759649108,-0.14780731104161535,-0.21326525111418046,0.5323123796384065
2021-06-16,0.25436927066914905,-0.13207374332341296,0.058040540399877126,0.5057693403264273
2021-06-17,0.24897871530665489,-0.26697761280026355,-0.12101422817416732,0.5392537203771002
2021-06-18,0.22876703801673953,-0.19941254814520953,0.2951586326710459,0.5200015921186739
2021-06-21,0.17055326655343248,-0.302333413315157,0.07188449699807792,0.6269613658446168
2021-06-22,0.23085747561499373,-0.3503020013080427,-0.0636359827193177,0.7008885675250457
2021-06-23,0.2349077590972259,-0.2601693871245672,-0.0533279793195856,0.5883669547921273
2021-06-24,0.2584368214437047,-0.20498380862873142,-0.15693566567534867,0.5495386229982433
2021-06-25,0.256413286627165,-0.149848395116887,-0.14677644939946521,0.48355740401010616
2021-06-28,0.2080192088417233,-0.18350145074912214,-0.21141573510091385,0.5172660646360145
2021-06-29,0.1860437101737709,-0.24792443026338917,-0.2280200451689309,0.5331198526951467
2021-06-30,0.13197495806448215,-0.27985714688695773,-0.24270180124357368,0.5825629875404484
2021-07-01,0.2296685858849441,-0.3120534183247251,-0.23175905223249357,0.6382177303631534
2021-07-02,0.17617678715958987,-0.5488614607944349,-0.45864315091457464,0.7631007111959481
2021-07-05,0.11182852307007739,-0.42525292191415187,-0.30039038018352515,0.7620120300327837
2021-07-06,0.032269565706622316,-0.6181894889610564,-0.4212466266310019,0.8250591425333662
2021-07-07,-0.015085453861709225,-0.6711404812465809,-0.478386326039864,0.9093764314491235
2021-07-08,-0.046895170425869326,-0.8879391033104518,-0.3221837877462631,1.0334568833260327
2021-07-09,0.032378367999079755,-0.7898141778611096,-0.4370559895952186,1.050508646081167
2021-07-12,-0.2511920263017961,-0.7376646691156772,-0.5154418823017559,1.0062072283488932
2021-07-13,-0.14233004379958883,-0.5706645471627626,-0.43280518716098343,0.8715833387398336
2021-07-14,-0.23194459773521145,-0.6926842179225914,-0.6579368815154366,0.9153666127203683
2021-07-15,-0.16268899125983818,-0.699115052178751,-0.7975016655116064,0.8123412518779234
2021-07-16,-0.13136558476186783,-0.7060537212974628,-0.4679786095502495,0.8648153757263587
2021-07-19,-0.2447621787574629,-0.9399708393504713,-0.36443719444665523,0.9866859730625117
2021-07-20,-0.2158180023479624,-0.9962635377734473,-0.6400780757571046,1.0690563401133155
2021-07-21,-0.3118477282298249,-0.901028569786261,-0.5463156898991658,1.0564832940534157
2021-07-22,-0.40210854422501563,-0.853575861874448,-0.7263078230182579,0.9450781541566428
2021-07-23,-0.3472917256432581,-0.9568670049041658,-0.6811963037440765,1.1329605726780598
2021-07-26,-0.43329239665623853,-1.18719977540847,-0.7677948769014299,1.379312964349473
2021-07-27,-0.4776182816224142,-1.297754706980124,-0.691249526882297,1.5523073636031368
2021-07-28,-0.4537115469251121,-1.1240416336842907,-0.7775749097598806,1.3825647573250779
2021-07-29,-0.43576519380911294,-0.940082045519448,-0.8663929503333628,1.1583570935151415
2021-07-30,-0.3983426211695921,-1.1029817597626066,-0.9790088913814979,1.259889024129926
2021-07-31,,-1.0247134953033086,-0.8455160356967407,0.716045036243909
2021-08-02,-0.5213794590023852,-0.9948712106739169,-0.8580407557237374,1.1320104333082162
2021-08-03,-0.5508673732672908,-0.9252314078633774,-0.8075647494634204,1.143431185438294
2021-08-04,-0.5075459884062787,-0.841391422021889,-0.6814268436268673,1.0271592282028568
2021-08-05,-0.43190503704656164,-0.7758636584984924,-0.48368840781980155,1.0428277831038597
2021-08-06,-0.3900130691893244,-0.793194171530982,-0.5809323980275861,1.066628860930001
2021-08-09,-0.4203198600604195,-0.7053806608741308,-0.5268687637077262,1.0232330502179579
2021-08-10,-0.40150243449479023,-0.6317354268723834,-0.5175957335077253,0.97058208935464
2021-08-11,-0.4353598698212864,-0.6507626781488381,-0.4075019399216928,1.0098605035486992
2021-08-12,-0.3677475949886596,-0.6963826401842147,-0.36095614006322063,1.0467073243011757
2021-08-13,-0.25646229310957214,-0.9086852192843267,-0.5893000637593072,1.1445537106370685
2021-08-16,-0.47770859066797566,-0.8707781154415771,-0.30669193348618407,1.2568665812020314
2021-08-17,-0.4539071595823874,-0.9781355253369886,-0.09836992781730317,1.3519995243224585
2021-08-18,-0.4141734329404099,-0.9212111659295514,0.10410480788908859,1.2315223766513792
2021-08-19,-0.4430675626392005,-1.0078225816463589,0.4236077788072423,1.4935396270234216
2021-08-20,-0.46177452887837456,-1.1045916207703894,0.08947600240807597,1.597122326003303
2021-08-23,-0.5336430593411902,-0.9605265464805889,-0.08692402979561813,1.9563297304686136
2021-08-24,-0.5422025467136202,-0.598368242802164,0.23559839540492852,1.5961019946062314
2021-08-25,-0.616478673157756,-0.5408548278786603,0.28431857323719234,1.5390502499705894
2021-08-26,-0.66612960911631,-0.5969322389785823,0.5200654240186402,1.5564656502586223
2021-08-27,-0.7562427115897736,-0.5441070580583428,0.33136240415513457,1.5954644530647224
2021-08-30,-0.9285736920903687,-0.4766552879554193,0.26413142040375237,1.493905416261547
2021-08-31,-1.0811380315972654,-0.2629689139665947,0.4740548732746019,1.2981359300954283
2021-09-01,-1.159815214389785,-0.2860063683214752,0.3890030995456898,1.2158035676706356
2021-09-02,-1.2161814648550042,-0.32389563504645663,0.36835301326312153,1.2204610463268033
2021-09-03,-1.309929418037763,-0.3594880481379763,0.2254784327966123,1.1730473416783078
2021-09-06,-1.4418979271712242,-0.31355165642553967,0.1297750872030718,1.1081828523786192
2021-09-07,-1.3741236961285024,-0.30469377861976843,0.34382363967912055,1.0594000831876997
2021-09-08,-1.4698393249830755,-0.44982028472112934,0.18157609781061648,1.1422605887925652
2021-09-09,-1.475140075497337,-0.5615712518882007,0.26252440453270043,1.250100597024148
2021-09-10,-1.3339700403128336,-0.4651093024324438,0.47212231376942415,1.1286575666099334
2021-09-13,-1.4145503531046582,-0.41428043441058315,0.4572719542676793,1.1797158459539414
2021-09-14,-1.3900458535138285,-0.4924775530058076,0.3664870359888408,1.214010483448432
2021-09-15,-1.5604094323691653,-0.6070177856932387,0.18800687792398782,1.3010703893733964
2021-09-16,-1.5184513499518433,-0.6891215016219449,0.18882296762554063,1.3571831843363815
2021-09-17,-1.536348483778711,-0.7865477111410947,0.15524366572615977,1.2380693789971333
2021-09-20,-1.54754352436711,-1.104442537374001,0.3036408115695948,1.3592064338614263
2021-09-21,-1.5381368146543555,-1.0609432628213116,0.1649669601851137,1.3191069921355414
2021-09-22,-1.513632795549348,-1.0526677713110133,-0.1418215945623756,1.3092432752310357
2021-09-23,-1.5237062951884635,-0.9170976458808228,-0.2703752102644256,1.2222334277800526
2021-09-24,-1.561602262135078,-1.0043551915164424,-0.4098938481417497,1.2689607505353984
2021-09-27,-1.5747902833895078,-0.9690098159110098,-0.25311363214719185,1.222386668093041
2021-09-28,-1.5586162984106922,-1.0497270520331525,0.11199961898283547,1.1612836518830894
2021-09-29,-1.547052523694832,-1.1523906538480206,-0.06286631490329019,1.2312154468726881
2021-09-30,-1.4415541759924986,-1.1509834747697807,-0.10473501962762205,1.1802697538326106
2021-10-01,-1.3722085237014823,-1.2683932256410106,-0.5711834786555542,1.2908642743255783
2021-10-04,-1.4182697175426298,-1.261738211707193,-0.3252716190585036,1.3129547748017003
2021-10-05,-1.4225501004994927,-1.2180000821493266,-0.5510514879102422,1.3617107995046722
2021-10-06,-1.5182666157927085,-1.370819587382223,-0.8393737991426067,1.4239890209379253
2021-10-07,-1.5400526608597966,-1.041286988131341,-0.831049316713636,1.1716517020599448
2021-10-08,-1.472705248773415,-1.0571351710952843,-0.9581193472871522,1.106970027216387
2021-10-11,-1.492177802575431,-0.999858830946579,-0.9238349806849179,0.9921073861922333
2021-10-12,-1.4114632630523734,-1.2946478875265748,-1.3983140272077166,1.0950613977242534
2021-10-13,-1.3423595989238244,-1.1564939853484197,-1.4035252741157291,1.047369701893854
2021-10-14,-1.3330216434259892,-1.0909023609087234,-1.6710749279664103,1.05819621481724
2021-10-15,-1.3306328187433287,-0.7994265971824019,-1.3979191239975275,0.9117406091676786
2021-10-18,-1.309428220703626,-0.7256146579067191,-1.1753661403715023,0.9034848331048403
2021-10-19,-1.298793536286346,-0.46841250567387643,-0.7645298169907316,0.8092087302508261
2021-10-20,-1.2960318502700428,-0.4146778121741054,-0.7809959666501387,0.7851403943958373
2021-10-21,-1.2454797075033628,-0.45376887572948144,-0.8255879708616397,0.8486328744460748
2021-10-22,-1.218277926787604,-0.528060236787955,-1.085954406268269,0.8514920791669544
2021-10-25,-1.2263510341814061,-0.6203390916838771,-1.1468144011156554,0.8670009931131564
2021-10-26,-1.300833874986623,-0.6960813065064028,-1.0062204218001147,0.896754880322212
2021-10-27,-1.2459345510842115,-0.8522530218230423,-0.892405408893866,1.0137404307034183
2021-10-28,-1.1560254493764124,-0.8869890347884969,-0.8282083106995849,1.0396956434158022
2021-10-29,-1.4221550898606146,-0.9621739075016975,-0.7979829295902621,1.1070047227634066
2021-10-31,,-0.37610244435040285,-0.6345034071656636,1.1010984696929773
2021-11-01,-1.4615983977846887,-1.002749442142843,-0.8250836058481735,1.0811796421789215
2021-11-02,-1.4141683110219887,-1.101151512532245,-1.1214604279460287,1.0892903991873504
2021-11-03,-1.3898275890318064,-1.0035723372059266,-0.8933500296103924,1.094017164903124
2021-11-04,-1.3708425290379154,-1.0560659807877681,-1.2700217631198416,1.0933379437399768
2021-11-05,-1.3902662973135858,-1.2133909292712082,-1.4066702210602349,1.1945882682925077
2021-11-08,-1.2933432091954942,-1.0877482605198867,-1.2592048460536827,1.1424682369421777
2021-11-09,-1.2438056324424231,-1.0035519514618099,-1.1340483644560861,1.1243641207172996
2021-11-10,-1.2382878029206834,-0.8238812459774241,-0.6027334584156058,1.070202054691977
2021-11-11,-1.2671153168576743,-0.699573179955432,-0.6593357248739335,0.9984065177118742
2021-11-12,-1.3561763702777638,-0.5930649092702818,-0.8003093352695223,0.9679100101217023
2021-11-15,-1.1826007656535442,-0.5308582967679524,-0.5601704727397484,1.1427314052090647
2021-11-16,-1.151147580400799,-0.4944384016896774,-0.7829578527663883,1.0950468476186919
2021-11-17,-1.090553699095801,-0.4940092818297788,-0.7512544325409699,1.104392515909653
2021-11-18,-1.0983101734901035,-0.8136998605837309,-0.8013269873440206,1.1913632951097506
2021-11-19,-1.0881832883120643,-0.9158422986143645,-0.6530586891754538,1.1978764749562136
2021-11-22,-1.147806074450304,-0.8846519797770556,-0.13253894646759648,1.1664426997396165
2021-11-23,-1.121259690681811,-0.9947358411744716,-0.27258195661141726,1.1955618288553738
2021-11-24,-1.0792076725046176,-0.9855287051465239,-0.2489206833574981,1.2229500154023334
2021-11-25,-1.0960456032579302,-1.021299587449543,-0.3576793913543103,1.2095404793076194
2021-11-26,-1.0844138360377447,-1.5134740623074927,0.1440438676602687,1.4826350951208507
2021-11-29,-1.0707539503623422,-1.5611852625041331,-0.5945318761613112,1.515948142266345
2021-11-30,-0.9852543318538126,-1.5570696769085393,-0.06447442522794969,1.5060838394200526
2021-12-01,-0.9153605882797076,-1.24027834116151,0.6538348042003759,1.1248697781725425
2021-12-02,-1.0095857134517905,-1.132706024556001,0.2954739447248645,1.1163414283339588
2021-12-03,-1.0510698269714696,-1.2043298802326567,0.7105283396355787,1.220513073671981
2021-12-06,-1.0589189419037872,-0.9905463319729123,1.104208005546551,1.3089121417890328
2021-12-07,-1.0477123893804026,-0.6709128200034525,0.6731491358719853,1.133337245650271
2021-12-08,-1.0736917143780182,-0.41549358695587646,1.011281497453088,1.0877014560005305
2021-12-09,-1.0699597432456,-0.44007407319227726,0.8505878289853622,0.9656013846343569
2021-12-10,-1.09179444600455,-0.5489471079741388,0.4617773841455527,1.0843965781046108
2021-12-13,-0.9951385510856758,-0.7279458338677032,0.2409005308202492,1.1381225699967432
2021-12-14,-1.034293251428649,-0.8906376913867352,0.07332726952175389,1.1542739568160374
2021-12-15,-1.0707388011931902,-0.9413731037127916,-0.22475811214905483,1.2554595970399887
2021-12-16,-1.0873551490704487,-0.8737752906849736,-0.2512163548924854,1.135707533707634
2021-12-17,-1.045448527665832,-1.0074028683662002,-0.19276747516508846,1.1632106153458972
2021-12-20,-0.9874329187064932,-1.1971444896359775,-0.04058673223563431,1.372321733115378
2021-12-21,-0.8373874046301403,-1.1356680579347058,-0.43460275589729763,1.2441045114922857
2021-12-22,-0.8195317950686071,-1.053545690649643,-0.6503651495426369,1.237479471863788
2021-12-23,-0.7764907116189812,-0.9493253187283013,-0.6052854968817779,1.1259496790005
2021-12-24,-0.7913376323921272,2.2157416412748376,-0.601224618155793,1.09965345226294
2021-12-27,-0.7943771995060886,-0.6456902836105322,0.1512708469637591,1.146504405296143
2021-12-28,-0.7475726804258215,-0.5880277733293054,0.31515234855758234,1.0733719051984596
2021-12-29,-0.7350161809958607,-0.5901400375403028,0.425032589768058,1.1391677275399086
2021-12-30,-0.6932254943821305,-0.5180100033138908,0.4677538592170705,1.1206381652439397
2021-12-31,-0.6741221796784641,-0.36156192653244207,0.6957561877710112,1.0011965688715607
2022-01-03,-0.61735462373807,-0.09081558553360217,1.344531771725587,0.9481685860489609
2022-01-04,-0.59234429320407,-0.3019193204520101,0.8198360238979504,0.9002285797465843
2022-01-05,-0.553860043485343,-0.48829680012491905,1.0883369977394464,0.9235744085350119
2022-01-06,-0.5416777659718861,-0.7071612184241092,0.7587252486330196,0.9324481732960492
2022-01-07,-0.5168086256264275,-0.6382703737115537,0.5279844463774668,0.8075857951623892
2022-01-10,-0.5172129525409163,-0.6314017858503934,0.4784218889789988,0.727367349267842
2022-01-11,-0.5497771213379447,-0.555800922613262,0.23086889997601423,0.6601071119302067
2022-01-12,-0.621919499646498,-0.4926776150172601,-0.054608979376985514,0.39581788405706847
2022-01-13,-0.5000794117956228,-0.561049419065882,0.08755050378903825,0.40011879159016656
2022-01-14,-0.47024714093678616,-0.5672495119308045,0.13839258032476948,0.4142992132989176
2022-01-17,-0.3018871361166245,-0.579416038143015,0.13762141073516937,0.439301751701295
2022-01-18,-0.23320309810681322,-0.8110744555706954,0.13856846690174499,0.49904047985003336
2022-01-19,-0.21125437917185078,-0.9840463012538737,-0.05019637845633214,0.4777101961984048
2022-01-20,-0.18930844723335188,-0.6894632242796099,0.683757951356057,0.2182779094620149
2022-01-21,-0.14235035799083967,-0.9321750610462002,0.7650623884293728,0.3374673187822005
2022-01-24,-0.08683681837044675,-3.0,0.6320620987009729,0.6317368237815949
2022-01-25,-0.008406244291387045,-1.1178427025893252,0.849431790859828,0.7024913114961074
2022-01-26,0.060547457547493695,-0.9803158633171621,1.2627835411228197,0.6434682147102115
2022-01-27,0.1634487883563298,-1.2155183102932423,0.7419051958728954,0.923761131495573
2022-01-28,0.23719533280611796,-1.264954849404782,0.24961786906380962,1.0295374711006013
2022-01-31,0.16751052659090573,-1.2282293538509395,-0.6349018948591735,0.917329824509716
2022-02-01,0.14050016145234842,-1.3082869016178427,-1.4448485142080516,0.8826466975450107
2022-02-02,0.08411158632596993,-1.3006299156177377,-1.4083199861690128,0.9279639038178866
2022-02-03,0.02457400113523111,-1.3056762136105091,-1.0444658750188671,0.8367484012052449
2022-02-04,0.04584422427833633,-1.014967267572924,-0.5905702136547746,0.7135343842144072
2022-02-07,0.02598419104595479,-1.132870475523408,-1.0874446559130813,0.7175057708250605
2022-02-08,0.0361992548554787,-1.098356019640667,-1.1236253289431748,0.6935872943268591
2022-02-09,0.05061134105535802,-0.8025696842105068,-1.10201322482466,0.5342915350471976
2022-02-10,0.11534090658711794,-0.4804198706707728,0.19334225717357817,0.3237532782958116
2022-02-11,0.188662399402353,-0.6875774489363609,0.23426453177589862,0.4206708055982194
2022-02-14,0.18512446175956326,-0.8125077978314311,0.5552493793505733,0.6164555891195332
2022-02-15,0.20543781877878908,-0.6817995548558394,0.015788409457508427,0.5515629968165299
2022-02-16,0.21482957935739974,-0.47724845700407487,0.16990977255189074,0.3823327507316459
2022-02-17,0.3392527982748952,-0.5421729589287171,0.392283847477861,0.3300386128194019
2022-02-18,0.39546074198914655,-0.8426264840778593,-0.2654416358502277,0.44747179261070424
2022-02-21,0.44258833678374193,-0.8460077497932661,-0.12780422543104078,0.5925331162942739
2022-02-22,0.39797680974196453,-0.9519986340782666,-0.057093892124824575,0.2777970975093258
2022-02-23,0.47098827917130986,-1.0860512743205106,-0.7264674341233267,0.1917584247494894
2022-02-24,0.7954266317994846,-2.06320793667001,-2.959856178661885,0.8917715487946801
2022-02-25,0.7867973867874709,-1.8568512833615116,-3.0,0.739145004712539
2022-02-28,0.767221026473334,-2.7207644549112384,-3.0,0.8519684843982808
2022-03-01,0.8946011009716457,-2.937948260714677,-3.0,0.7691709890355733
2022-03-02,0.8251727831747614,-2.707746858458469,-3.0,0.9013867760552206
2022-03-03,0.8091497153843431,-2.555228496709108,-3.0,0.7986037319300234
2022-03-04,1.0004249189117838,-2.9282662618704554,-3.0,0.9805459587112788
2022-03-07,0.9645617701488056,-3.0,-3.0,1.3462908116063173
2022-03-08,1.0105348920082033,-2.934399277844579,-3.0,1.486383017967072
2022-03-09,0.9551182778282343,-2.5765258730004854,-3.0,1.5550360219680266
2022-03-10,0.9572723760379687,-2.31214748793342,-3.0,1.2730466623381054
2022-03-11,0.7692846165457433,-2.640451731538985,-3.0,1.5170453640853547
2022-03-14,0.7251474217912021,-2.530731868694912,-2.8580164992375265,1.79707644497896
2022-03-15,1.2074278677044314,-2.729281933872324,-2.877305342961106,2.010236284951234
2022-03-16,1.188463882205181,-2.2479033613262684,-2.9616678612442975,1.3494480779181934
2022-03-17,1.0772514463608212,-1.7815323092242186,-2.8297583316561385,0.9242216012233836
2022-03-18,0.868385230135866,-1.6541432431187344,-2.605016318197238,0.9355149115916509
2022-03-21,0.7841269674378835,-1.4748740098473399,-2.0903193414499683,0.9383540571338771
2022-03-22,0.7973641591677323,-1.4205448413178743,-2.1063792470251594,1.037703782991791
2022-03-23,0.7996930201476474,-1.3115856126753793,-1.9138469645845315,0.8756811578188446
2022-03-24,0.7439048774510951,-1.2045889017836937,-1.7353598583002872,0.9380637497741791
2022-03-25,0.38222894679477887,-0.7794228243646782,-0.8065163750498292,1.03842854482044
2022-03-28,0.2504297934209231,-0.7305415890347385,-0.7930876439630932,1.0429157338634278
2022-03-29,0.24390167261001428,-0.06999939426035778,0.3533900211269442,0.8908280017839677
2022-03-30,0.17641205719877817,0.3409057396112766,1.0752722836988284,0.7751109370985823
2022-03-31,0.1552924683356192,1.2327343794596586,2.9325779300443724,0.8080438300892753
2022-04-01,0.09781894559857184,1.2642890267456504,2.842049901091096,0.7015657078740711
2022-04-04,0.05249930005333608,1.5577579297736925,3.0,0.5655930084681515
2022-04-05,-0.01219209548068663,1.6024315936626012,3.0,0.5216457755593985
2022-04-06,-0.1162245855622331,1.4889715934258896,3.0,0.5807124245186543
2022-04-07,-0.11777003795645803,1.2142843947697195,2.696719589967796,0.7621761258593844
2022-04-08,-0.13798206003689842,1.1300284235602227,2.468590540517955,0.6676092663490614
2022-04-11,-0.02140467866947302,1.1648635215710128,2.78312856411328,0.86166796652177
2022-04-12,0.007829781305062835,1.0180512296710553,2.485023033671993,0.8719939330234951
2022-04-13,0.0557247393145507,1.1949166100490625,2.4676424061069806,0.7090293069496175
2022-04-14,0.03969290671399719,1.2268650191628652,2.517839343185655,0.6832249766019215
2022-04-15,-0.0074266728111697464,1.5517334051405212,2.2145259095847645,0.7682087738850776
2022-04-18,0.4281516645491237,0.8969007958107966,2.0947353145067056,0.838233734095907
2022-04-19,0.39174783344022496,0.6739530105810552,1.7983375440965979,0.9652690618206621
2022-04-20,0.35221117963135096,0.644659653396232,1.65638749134233,0.9775449109564363
2022-04-21,0.31737620210014583,0.6866225738678662,1.7997701844231666,1.0048265451739489
2022-04-22,0.3339761398099563,0.5997449585383823,1.9155053032710936,0.970542577917865
2022-04-25,0.24441551165001077,0.273249575832889,1.5721663096044052,1.298190086723879
2022-04-26,0.332303248484117,0.26672168035044014,1.7231219391112078,1.089527550847729
2022-04-27,0.3227739733968547,0.20012946205928062,1.5610597773561719,1.1457138398411677
2022-04-28,0.5036346525161104,0.242450824740745,1.4314493246786035,1.0713775831849075
2022-04-29,0.5835069018046815,-0.5076001899623581,0.3331991843913972,0.5905841267836758
2022-04-30,,0.1386152755086434,0.27341950738457993,0.48041958964940484
2022-05-02,0.4239821226626268,-0.5883300286145197,0.17249070808635467,0.5156300387379923
2022-05-03,0.28413082385688043,-0.7233804624389931,-0.09402097352702378,0.5915767562322987
2022-05-04,0.3706663268252925,-0.8465829991274637,-0.34549720349404867,0.7635872645049551
2022-05-05,0.331775448236634,-0.803961379007391,0.0010348652635060632,0.5777692770426486
2022-05-06,0.344214717727321,-0.9622913232321495,-0.08310883445480814,0.9101550146976555
2022-05-09,0.3528304362512759,-1.118650959498797,0.009822003992442666,0.9715820340926912
2022-05-10,0.3663115416138895,-1.0878181932440714,0.02759148743115308,0.9885521399201891
2022-05-11,0.2768156349388345,-1.036446310536706,-0.00509791315498153,0.9108927494963839
2022-05-12,0.32281859553037306,-1.3150719723976758,-0.319943316475444,1.17649187439815
2022-05-13,0.05462353589025011,-2.6272559821356456,-0.3596245668584418,0.9725416809796212
2022-05-16,-0.5616530676702153,-1.1110296644969435,-0.4584757195320426,0.8751631574961943
2022-05-17,-0.44524962437960364,-0.9010803627848721,-0.42039650502682685,0.6380718656383165
2022-05-18,-0.5097946094537221,-0.8653772176640403,-0.20513899002033686,0.3599461734364893
2022-05-19,-0.6462909458628642,-1.0307190931862031,-0.3908068203416382,0.5771726617574781
2022-05-20,-0.7009144462464899,-0.841251580577625,-0.3239164911657153,0.2836180165687647
2022-05-23,-0.6385181681963258,-0.7048615235577053,-0.17718296403864756,0.3919178534676164
2022-05-24,-0.6967300931023095,-0.7342051670240368,-0.18234377021436196,0.5633082349138328
2022-05-25,-0.6789340866595583,-0.6623945731932239,-0.11777231669749604,0.5676488554914447
2022-05-26,-0.6046977347594218,-0.6398697510916863,-0.1688151714390866,0.6223690107248854
2022-05-27,-0.6559694681871727,-0.5098305107207615,-0.2265072637344902,0.4925694556046079
2022-05-30,-0.7235966948296951,-0.3822003205387879,-0.17510081700818117,0.24917279673264087
2022-05-31,-0.49447449905095314,-0.2848252271761011,-0.12574257619892887,0.00802852104447152
2022-06-01,-0.46615326710624344,-0.19422692660300606,0.012383459498425758,-0.019643297488818375
2022-06-02,-0.553276446459432,-0.10942135124268489,0.050810575246042544,0.18337489680928268
2022-06-03,-0.5368453124082544,-0.17947425566223402,-0.09071311165188475,0.14696050391051133
2022-06-06,-0.6921216268070771,0.038537614124108575,0.11512698534307138,-0.020707300888872383
2022-06-07,-0.6640700306597104,-0.0062334168489422736,0.13404680377619435,0.14577875126265305
2022-06-08,-0.722884344156038,0.24792921344217583,0.32595986241788766,-0.10323609379610145
2022-06-09,-0.7706370200804014,0.29453155922615987,0.46545957837353885,-0.1255324723719901
2022-06-10,-0.36768895821842984,0.43941178760145244,0.7958947255550101,-0.15879135288517202
2022-06-13,-0.39019854977484114,-0.005476485186342776,0.9134048776845348,0.010152008891944538
2022-06-14,-0.37179393384685044,-0.022205671812194034,0.9288610713896627,-0.13845482442603194
2022-06-15,-0.2568049366774826,-0.26298461051156713,0.42601808659010837,0.017438435364486242
2022-06-16,-0.2511776434587473,-0.31842674523670306,0.551643458131848,0.03520910238936176
2022-06-17,-0.24083528615248764,-0.3192265354265545,0.5178603634091434,0.06250802835617503
2022-06-20,-0.25069405192274036,-0.3427866327933532,0.5264552752676017,0.10227674474021016
2022-06-21,-0.2686765104488204,-0.24305750739048101,0.40207660669644396,-0.07211455419170296
2022-06-22,-0.2356706778196747,-0.39411825760968444,0.2773142424013301,0.2672502051745912
2022-06-23,-0.2364638160751816,-0.46934542723950734,0.12744349624026677,0.2312251161113236
2022-06-24,-0.20294355530528785,-0.377083213235503,0.028488249592528173,0.13708425216258646
2022-06-27,-0.2554389403936939,-0.2600837959510338,0.03284429959463214,-0.14217257724828075
2022-06-28,-0.2725943346126688,-0.2581336805870685,0.061461680777320574,-0.37142591081882714
2022-06-29,-0.3034485486110699,-0.5530521009676331,-0.2076385131969553,-0.15095253269189668
2022-06-30,-0.07774719974008112,-0.813729754882711,-0.4072455994699369,0.036870772197133035
2022-07-01,0.00014541484560801684,-0.8518345588980222,-0.5130112211144,0.2058871540587032
2022-07-04,-0.011521935377089653,-0.8320775897706023,-0.4890208582126646,0.2048278958653313
2022-07-05,0.10634394303798148,-0.9708373895344251,-0.7467775659973547,0.19204414689618102
2022-07-06,0.13991997073677523,-0.8362563746387107,-0.5322257272501897,0.28075329095095364
2022-07-07,0.05156879778821481,-0.7589552322662733,-0.6808682487227214,0.11662882644528035
2022-07-08,-0.019202893787289017,-0.6127445546054388,-0.600629162614943,-0.004932733331501569
2022-07-11,-0.16673889637314362,-0.9501895748485847,-0.8072823157919914,0.21376843886290442
2022-07-12,-0.21745211117738902,-0.9590279324930705,-0.6951063093113427,0.38134046101358954
2022-07-13,-0.274592525421196,-0.9532108605618225,-0.8162751074359418,0.32530431809223365
2022-07-14,-0.26155700098549733,-0.8010032136596986,-0.6333647776361734,0.3734253642836622
2022-07-15,-0.3792089417377263,-0.7370836506225982,-0.6224989541074599,0.5372482313965709
2022-07-18,-0.4765100415863529,-0.701656820592087,-0.7277966811344759,0.19105933557557292
2022-07-19,-0.4116489150423575,-0.6247016541666758,-0.7052700137126534,0.30836301304223673
2022-07-20,-0.3384368243046752,-0.5740241365754292,-0.7460796243678731,0.1869278309292298
2022-07-21,-0.37157449461669717,-0.4652547631871492,-0.7756231947296045,0.19914609388032462
2022-07-22,-0.3756860516648726,-0.4176563405686538,-0.6829566937889676,0.2608286129767961
2022-07-25,-0.4602871786541713,-0.397693786867628,-0.6078492535968344,0.3150591040984432
2022-07-26,-0.37504589355454176,-0.35674649448409124,-0.5039355610313492,0.20792187871022166
2022-07-27,-0.3551973542236145,-0.448086446525315,-0.6417646083067806,0.2474755727318688
2022-07-28,-0.33428526734407527,-0.24994883738116014,-0.5165188772227269,0.3004068491191788
2022-07-29,-0.08950633844401114,-0.11591754309916101,-0.323068646873651,0.4693736922129887
2022-07-31,,0.3183731886602741,-0.3027446260752116,0.195790223545329
2022-08-01,-0.2657810891545524,-0.06612317051917242,-0.22771572156993306,0.47770757058910546
2022-08-02,-0.3034619647233971,0.11110590788906353,0.23632052067886483,0.5088727518163847
2022-08-03,-0.28880841266125473,0.023042394926599426,-0.12385597471479949,0.5324726633017525
2022-08-04,-0.3455999748070236,0.159582227714712,-0.18585733527360887,0.36667268978398704
2022-08-05,-0.21933957220948735,0.30829800086344183,-0.10463979472834715,0.1462064164829304
2022-08-08,0.015577762838417391,0.3426656270032203,-0.05909491423156867,0.21035446213569078
2022-08-09,0.10544951797407484,0.48362065350283273,0.060745288741373665,0.16754070015155959
2022-08-10,0.1282614765704372,0.4169173128578802,0.03547337885477442,0.3529007852379366
2022-08-11,0.12303089112755175,0.7170718105293117,0.32859718377044805,0.04335821869011002
2022-08-12,0.3786253487209024,0.6901396155495952,0.29277102661003296,0.1098856226141939
2022-08-15,0.23746018112068704,0.7462857183619213,0.4290341751527611,0.15323716102081683
2022-08-16,0.26278221737749347,0.8368535051454753,0.5300263623803035,0.12035275072749337
2022-08-17,0.2187989112745453,0.7688963609166882,0.5174669079151464,0.022842012616900963
2022-08-18,0.18890069672918466,0.7774115805365249,0.6924298699366014,0.13052947234365786
2022-08-19,0.15782414320739546,0.7428055877007562,0.7987790087049188,0.1276319564470596
2022-08-22,0.061872083399641294,0.5297464152716176,0.7989489517001762,0.12824262006020917
2022-08-23,0.011669316407190442,0.4175281890536109,0.6901692883390373,0.12295554502373184
2022-08-24,-0.017423401276863808,0.4940109785641221,0.8748858597293139,0.1768528365570416
2022-08-25,-0.08166548407925502,0.6221612493923951,0.7540519092565949,-0.02166966490632446
2022-08-26,-0.1867181479279283,0.6304210363458745,0.9431118643455392,-0.2690425508315271
2022-08-29,-0.36580875647400896,0.5446376005028747,1.0072089638057808,-0.09007891836080284
2022-08-30,-0.410055771265134,0.5872841249769497,1.0365835276624942,-0.22799160457847564
2022-08-31,-0.8976897980039159,0.7808430951051297,1.2438560646144499,-0.38490551270422335
2022-09-01,-0.7890149900388607,0.7075393970636629,1.3677731338740509,-0.22324673116432936
2022-09-02,-0.7742030594875512,0.6447311157609206,1.2661128778902266,-0.157529907038729
2022-09-05,-0.8900111503125463,0.399500878529041,1.0041279767083375,-0.12194145718721512
2022-09-06,-0.9662749482469054,0.5696411240602355,1.2932726244429196,-0.19821475908138383
2022-09-07,-1.2575853594869548,0.40542219451848815,0.9472994673629543,0.04127343998686468
2022-09-08,-1.2646774750003569,0.5883785646587475,1.0018911013255434,-0.006961219578205955
2022-09-09,-1.2895148674813286,0.6401997966811486,0.7930997801885158,-0.18195192424872955
2022-09-12,-1.561155951676628,0.7553715708430054,0.9002959361078561,-0.2954836299874341
2022-09-13,-1.752051103695016,0.966510905796538,1.2989866329289226,-0.5879677841439049
2022-09-14,-1.7692549573495007,0.560984895079647,0.8952337364967796,-0.235083718659046
2022-09-15,-1.6159404926923588,0.6145289844117204,0.9899650070356307,-0.2983387677226619
2022-09-16,-1.3336219396321762,0.4271752092256242,0.922862875408988,-0.07362747091417919
2022-09-19,-1.364214325000693,0.431408935274606,0.8665718289956251,-0.013796027372405577
2022-09-20,-1.281173658335505,0.5744081302270154,0.9893671207895112,-0.22725286107711828
2022-09-21,-1.2250972600586267,0.42251699503687734,1.0024358470979555,-0.05182933427004691
2022-09-22,-1.2373053597994645,0.28813424480595307,0.9200202936103437,-0.04670420276861769
2022-09-23,-1.1509590718600147,0.18108711659844,1.0435605004284305,0.0956829096982326
2022-09-26,-1.1813588181075587,-0.018566112107148022,1.0157920663097026,0.10434960545352885
2022-09-27,-1.2428217413886988,0.05150637355123276,1.0225289219608849,-0.062830228153622
2022-09-28,-1.2030655682145814,-0.5730877269500031,0.1557912408834925,0.45246958644254615
2022-09-29,-1.1722416086335357,-0.8732888846708229,-0.17806112761717663,0.22620374876660299
2022-09-30,-1.3027310321973553,-0.8189620176180911,-0.16914924753489866,-0.0029739271418850848
2022-10-03,-1.2546883829685294,-0.8301048390950623,-0.30885822062650076,0.304755634061924
2022-10-04,-1.29004896190751,-0.532450548708762,-0.17966809001542144,0.21889024500492277
2022-10-05,-1.207241775084626,-0.45897359340638477,-0.30811702850067113,-0.20780481180675836
2022-10-06,-1.2343203902398043,-0.24317156442871554,0.022674981564694493,-0.3355215115906178
2022-10-07,-1.12664497783293,-0.40874538902359014,-0.03595584458109795,-0.3018954914480207
2022-10-10,-1.1937199006391455,-0.550082638319308,-0.01946560565666974,-0.1390327992374127
2022-10-11,-0.9864395316672034,-0.8659516697015875,-0.20585230809905228,0.1535900408521662
2022-10-12,-1.0943722400077185,-1.0670690446756268,-0.5203279346236614,0.10254191879672633
2022-10-13,-1.1189162376557795,-0.9799756252036098,-0.3338574040356531,0.43167508816276473
2022-10-14,-1.1019808448750201,-0.9295519881258324,-0.43264038316175546,0.12376072448443445
2022-10-17,-1.2546516782326673,-0.9423075789201425,-0.5282125030292292,0.23662816266052766
2022-10-18,-1.2021566087610347,-0.9250367785627661,-0.7605491413198665,0.031211850288348022
2022-10-19,-1.1932878247915877,-0.9571119501961449,-0.6348866678513758,0.1170448592576181
2022-10-20,-1.1311514104270575,-0.9583383131545743,-0.6934147598393783,0.09596395206182701
2022-10-21,-1.1407520340369772,-1.2014043646260806,-1.0603864285826559,0.2568671809710497
2022-10-24,-0.8369756877077457,-1.307861331366435,-0.9555661479240207,0.7541965875051425
2022-10-25,-0.7675415982980478,-1.4663616261830508,-1.2903698987145806,0.8339772941693988
2022-10-26,-0.7580579631561231,-1.3143452892260254,-1.2727224958794918,0.6502878403924934
2022-10-27,-0.6100470407541381,-0.8129589453398812,-0.6887048640430306,0.5042319412756693
2022-10-28,-0.4829557192080639,-0.8593437547378361,-0.7093305244794892,0.8806748224772586
2022-10-31,-0.525607859756409,-0.8938507682661814,-0.7806590882743292,0.7240356248654926
2022-11-01,-0.6382508804950989,-0.5205770707249222,-0.5036748539248372,0.34241874227663344
2022-11-02,-0.6195608965489999,-0.6206126450911874,-0.667185086659471,0.0593176766096129
2022-11-03,-0.7016240672306503,-0.8207838066048135,-0.798733409972101,0.06435784383948143
2022-11-04,-0.5834246302996021,-0.6491493701530896,-0.8964869811432874,-0.2420705731690745
2022-11-07,-0.6196123623925397,-0.47033024454961675,-0.8354931781134991,-0.4595594222885422
2022-11-08,-0.5575144334312632,-0.5807204061612217,-0.9110712924130303,-0.43027868185065277
2022-11-09,-0.47283309097784254,-0.37572419326107037,-0.6164773596930079,-0.6038249629232885
2022-11-10,-0.5992639119413004,-0.6484842491657423,-0.9880533060659322,0.19222287652174938
2022-11-11,-0.4896825617632228,-0.326902231194941,-1.0972241039222708,-0.6987702392155911
2022-11-14,-0.5371849547064736,0.21729388033309316,-0.291638887745208,-0.8027848111814504
2022-11-15,-0.6677932273587676,0.5579970733049645,-0.028353364721514798,-1.1240478829093037
2022-11-16,-0.6789913623644258,0.615974362002651,0.09980582845385337,-1.0543340059993163
2022-11-17,-0.6056798931520768,0.5564053566163724,0.11090079796926847,-0.9921398636237482
2022-11-18,-0.5828523347876,0.6454134865492104,0.196061230591561,-1.0151117291773355
2022-11-21,-0.5787176374673297,0.696061385375307,0.3942266585725181,-0.7502118470083513
2022-11-22,-0.5525924239700252,0.6173888971505785,0.2861010426822071,-0.5381973480121657
2022-11-23,-0.5650653673457853,0.8209167455395353,0.4526168422186548,-0.6335936537981915
2022-11-24,-0.5272933214120218,0.90998346721816,0.40881358475160534,-0.8916575188239336
2022-11-25,-0.49588225579096085,1.1242332008307117,0.8125329055507677,-0.7807605460438924
2022-11-28,-0.5297251985312524,0.9460447729995154,0.8144933389691724,-0.700678998428808
2022-11-29,-0.5617647495952252,1.3025031053235174,0.9445125275421723,-1.2219129696679212
2022-11-30,-0.7974141351787449,1.3290062147546151,0.7026901614098701,-1.207913231552084
2022-12-01,-0.6499081570126737,1.3919079093941065,0.675926292769931,-1.1437151190949175
2022-12-02,-0.6568888180071012,1.4644446978858643,0.7816900721132618,-1.0008447419611535
2022-12-05,-0.7412157577951389,1.6585304109557188,1.0737386659228951,-1.403315524366041
2022-12-06,-0.745324391743985,1.3946909246297285,0.964857507161704,-1.2486197649014286
2022-12-07,-0.9435718279960255,1.2221941919256418,0.9619474303895512,-0.9283138286493933
2022-12-08,-0.9490805436951699,1.3813780832825093,1.1074968809962429,-1.1100599967095242
2022-12-09,-0.9391220127125873,1.7679531276760208,1.6088054073373563,-1.3989566070519703
2022-12-12,-1.2362068485199602,1.6341190622561077,1.722805928324527,-0.9875954299084627
2022-12-13,-1.1719807606388877,1.023477981274377,0.6575577459665297,-0.9056669950823256
2022-12-14,-1.2226224502951462,1.1550003246512224,0.6144429056939078,-1.154841862732958
2022-12-15,-1.4983776607999206,1.0359391470757922,0.7077324437758158,-1.0101070218438144
2022-12-16,-1.6041807593039075,0.8892906725394636,0.5334913091598303,-1.0396132251080525
2022-12-19,-1.5994626148949935,0.9729520920455561,0.584781159297873,-1.191456916929324
2022-12-20,-1.6165739353968724,0.945758648473904,0.5471584222022582,-1.030446409511905
2022-12-21,-1.5618498350192658,1.0185739863069025,0.4593063112866164,-0.9227405018579061
2022-12-22,-1.4996031443106486,1.2952081634509733,0.7263280262858395,-1.3087908908603119
2022-12-23,-1.5653114708290847,1.2150716694649137,0.6995194207484645,-1.073724471893717
2022-12-26,-0.3039380687648937,3.0,0.44353789028151547,-1.1333521686274746
2022-12-27,-1.5629511486641272,1.1181888861448948,0.5552137872549573,-1.260007027279751
2022-12-28,-1.4642291760297044,0.9547040961236065,0.3282509216678616,-1.3521406145567796
2022-12-29,-1.5164908034599567,0.982736580057841,0.42164455447683874,-1.1302002059765348
2022-12-30,-1.5484994483186936,0.8639846380052101,0.4092480263966739,-1.1254217754334872
2022-12-31,,1.3491405350240127,0.29000395432816667,-2.14632278307549
2023-01-02,-0.29632097286371417,2.7592833328058695,0.05413414229152795,-1.0970112833469319
2023-01-03,-1.4254559420351134,0.6824061300405728,0.2232897266747346,-1.1981184917963337
2023-01-04,-1.5849944506025326,0.96134760270696,0.3552375941178021,-1.329649821628091
2023-01-05,-1.5821084065793092,0.9943787631699532,0.19102506198877406,-1.5851939361509757
2023-01-06,-1.4935215449386694,0.8623101581572279,-0.29885713245360596,-1.41241691959335
2023-01-09,-1.4861145565922487,1.056099082335141,-0.14903298630413495,-1.8472355499809305
2023-01-10,-1.505764163355117,1.3127405428266452,0.12497633567137015,-1.893218649940127
2023-01-11,-1.4594969969593188,1.2156570782725635,-0.01330154708128742,-1.7932546845624335
2023-01-12,-1.1520055666297844,1.148648791442904,-0.279174394552005,-1.6898077975209433
2023-01-13,-1.1393778754752675,1.3144937472113811,-0.039872152794038024,-1.863356801799387
2023-01-16,-1.1847193679297405,1.3080393007768363,-0.0898441253677856,-1.8517762746546886
2023-01-17,0.020102865234487503,1.2431350953378397,-0.09823948975218308,-1.8377875917300333
2023-01-18,-0.14040987141587374,1.2042336683946206,-0.08430942021989792,-1.8554752208914747
2023-01-19,-0.13752312846944703,1.3072425987710474,0.07716524181184255,-1.794721572237079
2023-01-20,-0.20284900442796625,1.3673817695013968,0.08254200314126392,-1.8318661342157234
2023-01-23,-0.24782897509354782,-1.2295283704690305,0.1796932713654722,-1.7604629632946471
2023-01-24,-0.2720413995230188,1.214978420216687,-0.16613496463529334,-1.6873429705737504
2023-01-25,-0.2907695141934934,1.3145338052575752,-0.07184637749687856,-1.6490324358208166
2023-01-26,-0.2731385545845922,1.4091481816436602,0.007031813549871307,-1.723105079604259
2023-01-27,-0.209413139940583,1.2698495403238843,-0.03404294457498642,-1.7090199459845477
2023-01-30,-0.13254691747872893,1.1765762686265875,0.1909995599657465,-1.7082337041616427
2023-01-31,0.10092310718816838,-1.529353851754683,-0.028966355601186437,-1.445971859805825
2023-02-01,-0.12583271534928583,0.9797994700872036,-0.23766307904116354,-1.4583913032072369
2023-02-02,-0.026696119484519693,1.0478744459778904,0.031661289613733185,-1.34282540785234
2023-02-03,0.03133835632771582,1.0914086836240295,0.3195428478290467,-1.3742513703538197
2023-02-06,0.06709446788726461,1.0849758884888707,0.8130224813406725,-1.0900662249889552
2023-02-07,0.11745198255943422,1.0084298774387985,0.5148570838582708,-1.0133793666221302
2023-02-08,0.16323872173144433,0.8232684750647199,0.3386434553934209,-1.0843051370970669
2023-02-09,0.012874393488527982,0.9646693980743881,0.623411305221824,-1.2099549583632008
2023-02-10,0.14475907738816457,0.85387641969096,0.6850911687311194,-1.066771125847163
2023-02-13,0.09482124400151433,0.7475216958925213,0.2911299018649505,-1.3212500147953912
2023-02-14,0.20134834284477973,0.840578821685701,0.3498303342578486,-1.3481111085597668
2023-02-15,0.24209904563248322,0.7186507192421339,0.21771487411579854,-1.1775027195230532
2023-02-16,0.20223030215233173,0.8905596803139889,0.5155189823928716,-1.2161877422095615
2023-02-17,0.06920051708020251,0.5467443947732288,-0.04482157610807047,-1.0185588856805785
2023-02-20,0.0709519004545088,0.5368744564561212,-0.06849239774256378,-1.1048047756233785
2023-02-21,-0.011072831757468248,0.43413923241982044,-0.0060646852115659395,-1.1006373764003499
2023-02-22,0.18282296931747785,0.42399364110760385,-0.020563881016571844,-0.8930275864682471
2023-02-23,-0.21452812097148818,0.5031194969492432,-0.16003758071084703,-0.9416166573273381
2023-02-24,-0.17262006680004283,0.3886818472666608,-0.03698891730401101,-0.7870161222513548
2023-02-27,-0.22398721065000113,0.22525974585722813,-0.23081489584620488,-0.7091809858867623
2023-02-28,-0.21233749156867593,0.14958329010534227,-0.3898559905072329,-0.6453715199384603
2023-03-01,0.026220564635650097,0.5893904304845166,-0.02723862226918006,-1.0717722989417553
2023-03-02,0.053751724833295315,0.622957678646329,-0.015288617623432293,-0.9553532307065535
2023-03-03,-0.06477161160718946,0.4607116240392205,-0.4423704689686496,-0.8993999196246317
2023-03-06,0.04939656508641256,0.35648992229882476,-0.6902284214965407,-0.9911007104114982
2023-03-07,-0.1806268852304074,0.2765821799391045,-0.6127181337372064,-1.0605532672585563
2023-03-08,-0.10114106642298781,0.17856204040595808,-0.6450378096628051,-0.9426615369282177
2023-03-09,-0.11103464748081854,0.019507945661452534,-0.58156163002476,-0.8723549246299583
2023-03-10,0.27735004678761316,-0.3991633831655831,-1.0524477426574466,-0.6041754302209222
2023-03-13,0.36117992125642656,-0.5996537567414376,-1.4302544735118203,-0.6536828093946061
2023-03-14,0.503874925536631,-0.3847467405750963,-1.073542886530566,-0.3089405518393491
2023-03-15,0.5753488663740718,-0.8494958695661275,-1.8749426585352689,-0.2919650073743585
2023-03-16,0.5929790651277055,-0.5559307047495917,-1.3962617815981846,-0.19182900116715587
2023-03-17,0.5725262754160566,-0.758051009471002,-1.8044387243091065,-0.4342692628824494
2023-03-20,0.526415545119088,-0.5422393590534336,-1.3440779036171067,-0.2566391036430923
2023-03-21,0.48748807175063885,-0.37824331609984524,-1.3323995354634,-0.03485048857727309
2023-03-22,0.5485543615530043,-0.5501305382502286,-1.7445560193497738,-0.24152653553185688
2023-03-23,0.46120654666133626,-0.39579131114722854,-1.6604690023773223,-0.5002846304008969
2023-03-24,0.7505476518265689,-0.3609610462483952,-1.5585413858136679,-0.3739568969258012
2023-03-27,0.9065547475282246,-0.4286290456873359,-1.6401014699164762,-0.3193938859367076
2023-03-28,0.8981411504053439,-0.2895728443351771,-1.523822904437003,-0.4306893074127503
2023-03-29,0.860499737010801,-0.10651855790997279,-1.4274608871220504,-0.5556323643551261
2023-03-30,0.7619407045819779,-0.10262395657414158,-1.4938040657610114,-0.60355347593266
2023-03-31,0.9663067450271848,-0.17409161241032467,-1.6244969918359864,-0.5846537607614278
2023-04-03,0.8914369201606733,-0.1726772961727222,-1.5301145625861456,-0.5711298425597388
2023-04-04,0.8694619899228871,-0.32801283655648283,-1.6822822944262588,-0.5845572867258582
2023-04-05,0.8627754961080865,-0.3715150080457391,-1.7236237790905131,-0.5761112992663723
2023-04-06,0.8519704345373179,-0.37704575947376173,-1.585930077213894,-0.47398250277707743
2023-04-07,-0.0629081289689848,2.878805672643281,-1.3324373450793472,-0.5388059135545463
2023-04-10,0.8684358149359569,0.14341629284742297,-0.661511446224295,-0.6430817328683981
2023-04-11,0.6772105631519536,0.5505383073839539,-0.07549192003407156,-0.7481342209818589
2023-04-12,0.6913233882954921,0.2635906595520666,-0.547138190191444,-0.7027979151041773
2023-04-13,1.1336185779266381,0.7688864646761674,0.23476532401452105,-0.6749575234765207
2023-04-14,0.9561589556573763,0.6253062416526494,-0.16114422516233962,-0.8138918368503667
2023-04-17,0.7632850857774938,0.9909860439451545,0.4947186530903012,-0.9152693567109427
2023-04-18,1.3116252600078149,0.7278500647904278,0.18988541017876184,-0.8510692598214774
2023-04-19,1.3014570383113822,0.44841212586706786,-0.024978524220711253,-0.7189886630176636
2023-04-20,1.2586960332730261,0.6134016554717227,0.34804237497038254,-0.7079168692395004
2023-04-21,1.243972422363451,0.5962943752164758,0.47904204116862426,-0.5773659446979745
2023-04-24,1.1965974137425186,0.4553891836333445,0.2943589559493873,-0.4676149471964126
2023-04-25,1.093976977813226,0.09740642691611653,-0.06491579577231867,-0.29006546707813374
2023-04-26,1.1682035022667563,0.2603243319159539,0.10554774551882441,-0.3785339076232764
2023-04-27,1.2163271369638624,0.43487220806335,0.11203660579436923,-0.37129553198593035
2023-04-28,1.4002867792468512,0.4156315839729218,-0.20087653958729768,-0.43244473763700936
2023-04-30,2.284326302032194,0.6920362069882576,-0.11638956606860493,-0.7638392416048022
2023-05-01,1.1845503330262663,0.6249987874377361,0.18571421814124858,-0.5294905912185166
2023-05-02,1.2978209909952845,0.3729210851107851,-0.00018919130020198665,-0.47897461220866494
2023-05-03,1.349485714571679,0.2671152182709577,-0.07220538896352385,-0.3683973636010443
2023-05-04,1.4439244713958121,0.32479225782692794,-0.05610982953360435,-0.8353148522559228
2023-05-05,1.446286086775346,-2.2690570768118263,-0.014546881231007006,-0.8216063582766466
2023-05-08,1.5141568736199318,0.6122097508975815,-0.11649441394838865,-1.00820192189214
2023-05-09,1.5856510283505825,0.4102797471210033,-0.14787667547189098,-0.9186482811256839
2023-05-10,1.4738882772365822,0.3146792981353802,-0.37919366198580495,-0.7904485705767819
2023-05-11,1.2655155491445704,0.27689358543490983,-0.46516863251403723,-0.8086550454164171
2023-05-12,1.0540908782742207,0.18996398226305272,-0.48410026040312454,-0.7275245813497573
2023-05-15,1.044905942867346,0.16869176478332815,-0.6794557932704712,-0.8198892804565129
2023-05-16,0.22645367779406234,0.2300265021268842,-0.4321400657748869,-0.945273508283823
2023-05-17,0.2708851633675296,0.1666092816843389,-0.5153438102748821,-0.8282155569304873
2023-05-18,0.3482209941376434,0.28928576114806365,-0.3374784441953272,-0.9538445128798096
2023-05-19,0.29191782964250723,0.31070416331661077,-0.3069011721773099,-0.9664251770898479
2023-05-22,0.2657606682221809,0.5364849737973542,-0.1240616649161618,-1.0911809595480328
2023-05-23,0.13197176873876962,0.548772881910635,0.19075490804323375,-1.0444982753139775
2023-05-24,0.10635419651552193,0.43067981943255673,0.24619961733656265,-0.999611884039849
2023-05-25,0.13286555195836025,0.33408507802819437,0.08320988626596217,-0.8565374773198526
2023-05-26,0.05283726947914706,0.5248455551802846,0.11129207249744216,-0.9030553212725354
2023-05-29,0.23438934913038395,0.492997863154831,0.13326414169183118,-0.8832884746073635
2023-05-30,-0.18444211032813243,0.2694663839351832,-0.33234086283928066,-0.790612930923191
2023-05-31,-0.03679758254599604,0.34362508812218157,0.01909702310622065,-0.6251721368068122
2023-06-01,0.44752475081667265,0.3608902472236788,-0.19645737143501302,-0.7936074923259189
2023-06-02,0.4430266377332048,0.8849076294181499,0.16008367473139296,-1.1302918737795504
2023-06-05,0.4673909595389701,0.7484091443986685,-0.24118071499172225,-1.1483578292657304
2023-06-06,0.36418610517141486,0.8026074560804604,-0.3023185109445615,-1.1848717525299448
2023-06-07,0.04655175799123708,0.9994887688330563,-0.14263213160095387,-1.3852872964638705
2023-06-08,0.09736649969303636,0.962736297071455,-0.06931830103196554,-1.2757270378827406
2023-06-09,-0.16055997626244423,1.2068555814250577,0.07476766704609165,-1.4314030043281654
2023-06-12,-0.013361742831625487,1.026400438270824,-0.15229859104657026,-1.3445408464360564
2023-06-13,-0.19116856676866475,1.2881866189274729,0.20591341602137092,-1.5155971659877103
2023-06-14,-0.22029521619220424,1.1683947236824184,0.04579507544248257,-1.504440896810872
2023-06-15,-0.43306137622599045,1.1674794742819792,-0.06712440173459702,-1.4856244192969295
2023-06-16,-0.5548594109826753,1.251009058400534,-0.04810622340878786,-1.6372185793473555
2023-06-19,-0.5765078694833194,1.0729099327614426,-0.09276766612756028,-1.4540470073204972
2023-06-20,-0.4695748075522396,0.8216467672502401,-0.25189193004980115,-1.3026967435182117
2023-06-21,-0.5249095375955615,0.7851930824881089,-0.1738455385870895,-1.165709442908857
2023-06-22,-0.5855860753159727,0.7859199713548796,-0.1636649291526241,-1.119546468698953
2023-06-23,-0.6197656363279964,0.5276103836010757,-0.42200670703803544,-0.9782946610289363
2023-06-26,-0.667289135642768,0.38447573019345377,-0.45198807594443857,-0.9950948421802824
2023-06-27,-0.714383483712045,0.5365788969575499,-0.28803675200638384,-1.1475061739019308
2023-06-28,-0.7760372896602071,0.5443729359006987,-0.27862908152079735,-1.1017868404575009
2023-06-29,-0.6993802172618064,0.7941088320358242,0.28449126866960023,-1.0574055707559784
2023-06-30,-0.6500012711622147,0.763536001855627,0.14843924469015088,-0.9624657449644827
2023-07-03,-0.9499212685226622,0.8226004642070767,-0.16761195102042498,-1.318521688555821
2023-07-04,-0.8988235505130254,0.9427976152586289,-0.015213845915959185,-1.3348137513852405
2023-07-05,-0.9850231110642677,0.7705331478856503,-0.008155862483129559,-1.2795198057554689
2023-07-06,-0.9462756393510924,0.5508265959051617,0.032255109744460275,-1.105271144478695
2023-07-07,-1.012618664715377,0.4983989898653552,0.0489812608206869,-1.000479708712903
2023-07-10,-1.1812854234194952,0.2715757211349448,-0.42999459764891684,-1.0281578051700182
2023-07-11,-0.8108758055029028,0.5692857909686324,-0.16104015574038671,-1.1579192355877315
2023-07-12,-0.6186749342866479,0.367727248405543,-0.9230501666956602,-1.138059616549425
2023-07-13,-0.7313993170298566,0.435937307473162,-1.015904533151082,-1.2932354522533198
2023-07-14,-0.8228751204016975,0.7433139470784393,-0.563265693224998,-1.4475148706695034
2023-07-17,-1.3340979267638773,0.6035181495279083,-0.8358148211439315,-1.3485045313001822
2023-07-18,-1.3745250920584497,0.5807138167354914,-0.7364358074352786,-1.1990326592566423
2023-07-19,-1.3369548843030772,0.5837378575632312,-0.6531718792222045,-1.0870087108391064
2023-07-20,-1.3521608333207817,0.6850362295324078,-0.4450255880355093,-1.0998503478025754
2023-07-21,-1.3374975876316346,0.5575383896680289,-0.6974849050014044,-0.9980247626018246
2023-07-24,-1.3149580058679013,0.6111179346116296,-0.44330425364014175,-0.9383622118309332
2023-07-25,-1.169712872318814,0.8444110455657694,-0.3337910051041393,-1.2641998928603815
2023-07-26,-1.8412786303183073,0.6899179938762793,-0.6530414069304644,-1.2374143840566916
2023-07-27,-1.6972579419526606,1.027550914946637,0.09876740226822622,-1.414413133266803
2023-07-28,-1.5645022792156285,0.828306171717242,-0.6020850754901254,-1.4013824971121236
2023-07-31,-1.1928567798415137,0.9552193225426922,-0.30643956524885596,-1.4326470293723446
2023-08-01,-1.1896702039686071,0.8606497872974692,-0.23883118993925945,-1.4552057164171583
2023-08-02,-1.1240454232354185,0.46104551729430554,-0.15115688296591132,-1.227099972796604
2023-08-03,-1.033723036082496,0.3294972602099777,-0.2811812850009354,-1.2815164832179973
2023-08-04,-0.9238748152007391,0.15773357732280371,-0.6304912423593801,-1.2575633333650424
2023-08-07,-0.7952976580200678,0.3095936606033758,-0.4424686622206953,-1.2100535317446095
2023-08-08,-0.7046096825567758,0.32234965021956774,-0.1473915536420951,-0.9802274123132761
2023-08-09,-0.634121816347282,0.3495400005972381,-0.34454299058084764,-1.0972555383692555
2023-08-10,-0.5228012997705965,0.60612463323953,0.19606444288806835,-1.1106869882802066
2023-08-11,-0.6432619944091827,0.5673649693996567,0.2560583658832943,-0.9607902441563612
2023-08-14,-0.4005098773909567,0.20814904092698203,-0.1829471181841499,-0.7424917103662015
2023-08-15,-0.5517115023755595,0.051796644623239664,-0.22307916678462994,-0.8097280133889263
2023-08-16,-0.543424839223841,0.018357025268664274,-0.23093675811309833,-0.7938989372740957
2023-08-17,-0.5292760052661001,-0.14188594189291093,-0.3630793636061881,-0.8266185969854357
2023-08-18,-0.4845783748522899,-0.40568739860508823,-0.8206745287519168,-0.670370884594348
2023-08-21,-0.5146204633352207,-0.34501660981215676,-0.7903960938738717,-0.9104714978800803
2023-08-22,-0.5005865010621863,-0.2114513440270738,-0.880307510042117,-1.0486660142032094
2023-08-23,-0.4901883582100919,-0.25776953757234117,-1.1695763413615607,-0.9137595413715528
2023-08-24,-0.49326495747106247,0.09941329332490782,-0.7167957302654475,-1.2459648464256554
2023-08-25,-0.611125453438435,-0.24872078094627167,-1.3418330640702056,-1.0172987773433608
2023-08-28,-0.6382690180240967,-0.06263209781041257,-1.3026668796275334,-1.14288874930062
2023-08-29,-0.7333202258765028,-0.1357367079894756,-1.6234275882093756,-1.1668763647772378
2023-08-30,-0.7551717477442108,-0.24576344319181645,-1.6507963827499992,-1.2068552601462437
2023-08-31,-2.1104419573846536,-0.3020989113372309,-1.4969343973196583,-1.0765669004257536
2023-09-01,-1.7335100211948253,-0.06041387433703017,-1.2859536840878751,-1.2549705232230977
2023-09-04,-1.5913213276418405,0.2561257685547756,-0.8078216520751373,-1.4539709700812946
2023-09-05,-1.5093617274157594,0.16540553880553033,-0.783064865995441,-1.3577849645903683
2023-09-06,-1.4336650305352379,0.12615527917415997,-0.655059453747912,-1.3368854744363408
2023-09-07,-1.382078039129842,-0.12587683503175554,-0.8947252507626766,-1.1583044459251268
2023-09-08,-1.314473943807216,-0.19731023970232078,-1.0993564975818575,-1.1412423844999555
2023-09-11,-1.1564821311686568,-0.19960064890974277,-1.2502145478181363,-1.1590101160308248
2023-09-12,-1.0639085997841164,-0.143677328483779,-1.075933074616373,-1.1663399216047758
2023-09-13,-0.9984927577152723,-0.05847110003440033,-1.0164215800567649,-1.0439824251022272
2023-09-14,-0.9686769246516452,0.17334592813614946,-0.9092347454613976,-1.158769062103546
2023-09-15,-0.7328196773164831,0.50552953142986,-0.4467496873488033,-1.2802187515716692
2023-09-18,-0.7627279528149511,0.48998441408341764,-0.2206728776414322,-1.0986812099306225
2023-09-19,-0.7420073719325326,0.5443010933105652,-0.04522374181550318,-1.0937498245984771
2023-09-20,-0.7432881259108428,0.5195372341967731,0.05519612902610318,-1.0474864466674232
2023-09-21,-0.7053262135078544,0.39190726814445337,0.535649966027413,-0.9980607339683257
2023-09-22,-0.6872622282394406,0.24314249906761676,0.0857148810318249,-1.097788725846263
2023-09-25,-0.6434845217594166,0.21363047081893718,0.18086112454192724,-1.024586268702419
2023-09-26,-0.6593788017864894,0.18004136426484196,0.42287277106850363,-0.9753658711396158
2023-09-27,-0.6232977473315064,0.5090871566007312,0.8511438160396054,-1.0430387155264735
2023-09-28,-0.5664130359836866,0.15911431124671574,0.16992193468503347,-0.8699356966855151
2023-09-29,-0.5558511491541089,0.343448737838509,0.27172538953669656,-1.149989864092149
2023-09-30,-1.7330198205489082,-0.035582840612579915,-0.0273028150804282,-2.2665303300261197
2023-10-02,-1.0162571520503916,0.3043799591679785,0.11038258771719184,-1.1239826234725725
2023-10-03,-0.9404090018289646,0.09488483189884829,0.20024043225775626,-1.0313532670336654
2023-10-04,-0.7600727010853149,-0.3884618968030116,-0.5696951631278714,-0.7601884040035295
2023-10-05,-0.7140579317996422,-0.24895156383466208,-0.27189050808556525,-0.8441221235420472
2023-10-06,-0.711906374054127,-0.0780356721629609,-0.28931425282157036,-0.8998008177735901
2023-10-09,-0.7642031761369167,-0.12593912428854015,-0.21804748406652805,-0.843789287345479
2023-10-10,-0.7550824763529088,-0.21139131516330345,-0.6369521730774125,-0.923082726713024
2023-10-11,-0.6769718308365207,0.1755904215049337,-0.465063076051512,-1.0671679386808401
2023-10-12,-0.5136615327863779,0.3380762147576836,-0.22250445131866228,-1.2707303454241419
2023-10-13,-0.3949451603376075,-0.025371646321587605,-0.25894191955428125,-1.0123528077777988
2023-10-16,-0.43122321014764514,-0.08003419010834432,-0.3884616483144339,-0.8612732765917124
2023-10-17,-0.4317782889007665,0.07827957748105571,-0.27057741706174493,-0.9916857531244578
2023-10-18,-0.20242092813245732,-0.1226204529194349,-0.26299947582902483,-0.9427034088715249
2023-10-19,-0.1829828668573603,-0.47537326364391363,-0.2117180386453527,-0.7145125076029075
2023-10-20,-0.19517380279815594,-0.7457296347679596,-0.35959546711188056,-0.7151709903339726
2023-10-23,-0.19751637541733638,-0.9717235194139623,-0.8648947252093182,-0.5519994723499171
2023-10-24,-0.16716190427086222,-0.9070757260567668,-0.777933623946047,-0.5516778913600274
2023-10-25,-0.14710139427755747,-0.907774793160774,-0.5032783987013129,-0.6865801182960515
2023-10-26,0.015277590978955634,-1.0730144815949934,-0.49294169927414083,-0.5593121378894873
2023-10-27,0.020352649358705465,-0.9546202096658901,-0.5643754428553126,-0.7375191308655414
2023-10-30,0.02333986501476203,-0.6509253063029145,-0.4922730791208985,-0.7105642114661929
2023-10-31,-0.2208312634063488,-0.7595179691461289,-0.38362599868506586,-0.5651169253899117
2023-11-01,-0.3125788755495804,-1.0625983625504252,-1.0796958928082137,-0.46185473598572224
2023-11-02,-0.2538482797928785,-0.3422896400688158,-0.21753176373680005,-0.5079256406370644
2023-11-03,-0.21637728006095103,-0.1474465367316306,-0.5343923959887941,-0.7466522922129105
2023-11-06,-0.24492718309180095,0.2615729850593663,-0.24821260997607045,-1.168389049564626
2023-11-07,-0.29816090997640443,0.04301040413040801,-0.39831273976876286,-0.7983814448069534
2023-11-08,-0.20721151516538872,0.31560465930179976,-0.003973171528379871,-0.6785635714764099
2023-11-09,-0.17019374419095937,0.5525908304399458,0.47545736884433565,-0.776270491629882
2023-11-10,-0.19366543405414363,0.11036205886775372,-0.2330509658417101,-0.49944108403519966
2023-11-13,-0.16265329178880686,0.21476961333635256,-0.019002711565648193,-0.6148901169313857
2023-11-14,-0.17942321947938936,0.0522362561105423,-0.6233754272982613,-0.5125375733940692
2023-11-15,-0.08215195102525796,0.7006920745082602,-0.12613725262643122,-1.0562857934105292
2023-11-16,-0.0858640266314282,0.5320327611759342,-0.25706901977194896,-0.933274367653876
2023-11-17,-0.056369417967147235,0.5227936409069084,0.08247147730416947,-0.8015816612035068
2023-11-20,-0.06152733315625774,0.7780828557432545,0.38673463325134055,-0.8481035979252151
2023-11-21,-0.054945228395974544,0.9767711829158743,0.7766968255683361,-0.9082301526909442
2023-11-22,-0.05468440710248961,0.8985273801983293,0.7136884792862759,-0.7541282789401984
2023-11-23,-0.037805418580403316,0.7738142471960595,0.35211807277740387,-0.8238842764069327
2023-11-24,0.040843068427190245,1.0084378474017859,1.0639529932891458,-0.681925004130669
2023-11-27,0.06136625450900335,0.7492197933179082,0.7796167269989365,-0.6241640411185874
2023-11-28,0.037803558511542386,0.6910458866330018,0.42097453546735275,-0.7033401682186418
2023-11-29,-0.015045158262072807,0.4498771215813897,0.04601267089666723,-0.6323206845423969
2023-11-30,0.5870947440462134,1.0725243824188704,1.2069357884698084,-0.7481933420705043
2023-12-01,0.8976429098756129,0.49495515665456885,0.24821934796469125,-0.6235061462754852
2023-12-04,0.7586500920298613,0.8477515141986528,0.9117374079701498,-0.6441599576971336
2023-12-05,0.7929765194359683,0.3636789928032196,0.16144698063294158,-0.42686089086617374
2023-12-06,0.775516319598417,0.5809795149598076,0.48430020138984375,-0.517231347831434
2023-12-07,0.8608683313886937,0.5177162508688896,0.5437474148559686,-0.32735160179689765
2023-12-08,0.8277873573891379,0.5160273035765361,0.2495871396874242,-0.4769376899482464
2023-12-11,0.7450660714403706,0.4081479529583561,0.22967415569961325,-0.36462540885656475
2023-12-12,0.8562392048523598,0.6213394254499022,0.4247512137349606,-0.42420142901984004
2023-12-13,0.7254490937407988,0.31101664644049054,0.015636748851534193,-0.15607763892063256
2023-12-14,0.6888550830766773,0.690783994419502,-0.0020497574090070285,-0.3980034685054177
2023-12-15,0.5369588107001069,1.0545091541117477,0.45361380188722733,-0.5498870926005046
2023-12-18,0.5112905523893758,0.9231627348854377,0.3247713627177138,-0.46550240509210594
2023-12-19,0.4838871024397787,1.0692306712050836,0.42702127375686033,-0.41609478052858234
2023-12-20,0.48354078995245114,0.8370342396246917,0.23938638690594116,-0.48735629338069486
2023-12-21,0.44804813029320967,0.7987806630012836,0.12763575820298698,-0.4180984359512605
2023-12-22,0.4379234766453912,0.642451072140411,0.05179972456643203,-0.28806824540101345
2023-12-25,0.5983368398115242,3.0,-0.22180430407500018,-0.31083836611939114
2023-12-26,0.34295348325817565,0.683698472861227,0.1605097459215295,-0.3808556283816023
2023-12-27,0.3318348301065758,0.6356127018000146,-0.13018647685738424,-0.500885797687193
2023-12-28,0.31191429617692235,0.9314424788892581,0.15428464113932935,-0.7102362714972523
2023-12-29,0.28360976109464675,0.7361654213967318,-0.40715186710548057,-0.7574559405389439
2023-12-31,1.0212239335595015,0.8436871732406733,0.4377295654430284,-2.1074321592800493
2024-01-01,-0.035287045096444446,3.0,-0.015158180462216056,-0.7731695667703232
2024-01-02,0.7228640967834912,0.7572840147656689,0.4194746469485976,-0.694580185743838
2024-01-03,0.7497061706759663,0.2739591597977759,0.06805466249264137,-0.5095534281250428
2024-01-04,0.8345424824297875,0.39441640169871794,0.25109422082232546,-0.5915754684679104
2024-01-05,0.8284914230156541,0.10897202770358688,-0.30895543666833664,-0.5587177934690113
2024-01-08,0.906609635425269,-0.03285256873358446,-0.3410097954891392,-0.20019799954330397
2024-01-09,0.8628983429426148,-0.19375559957932825,-0.49518051338491115,0.09084962166658106
2024-01-10,0.8346259005831447,0.31226498647430034,0.7219897426693727,0.17704030623730047
2024-01-11,0.6842454867892706,0.048766104507747286,-0.3074568930372948,0.07498422011230085
2024-01-12,0.5084415153523281,-0.09023607987627386,-0.6232234914239252,0.10547051075337606
2024-01-15,0.4273457346103861,-0.10483032141877134,-0.5474738209518132,0.13650955552558208
2024-01-16,0.40215194381198255,-0.11952942080322768,-0.05283804044750275,0.3962721246472815
2024-01-17,0.30515162539162716,-0.19901849099678534,0.36910836625549936,0.7541114456623206
2024-01-18,0.2912884296079922,-0.07630799669946395,0.22128090413843302,0.7627593692484496
2024-01-19,0.2691799568547949,0.04034309179623368,0.05145616946065396,0.6351560263501606
2024-01-22,0.12927840597359216,-3.0,-0.083614265167714,0.8212200274208183
2024-01-23,-0.011317082931256215,0.1075297800953348,-0.1671897683856961,0.7057568887680947
2024-01-24,-0.016379395970136934,0.6311683070403277,0.6439349305741717,0.4077593083047851
2024-01-25,0.04803154935586113,0.4424713693843974,0.008522942576661786,0.33167742570815845
2024-01-26,0.003135851516285422,0.4828185507663182,0.16825361991970228,0.3901472733276832
2024-01-29,0.012421854015767782,0.3462276929011024,-0.28145724275611916,0.3435066738557793
2024-01-30,-0.1971533921451192,-3.0,-0.25624491831814533,0.5567245951727187
2024-01-31,-0.09690662312696881,-0.14672055626533637,-0.6128263058771909,0.6682833903820831
2024-02-01,-0.41600044752114557,-0.034444828591580684,-0.3590034146389025,0.44555534323005425
2024-02-02,-0.27233075022894054,0.3151223458909898,0.14358864992239795,0.35458482983412787
2024-02-05,-0.23864661468885537,0.2670777048987108,0.24529912527904357,0.3626471417413757
2024-02-06,-0.15483941050884006,0.5251322912516612,0.09709900558426322,0.004935803557579966
2024-02-07,-0.24800798053652282,0.6669389443904147,0.321255196526029,-0.020701029844215083
2024-02-08,-0.3458363746123252,0.5621547186365364,0.2501926119957571,0.0715312166362206
2024-02-09,-0.13610937691503522,0.6102150339985655,0.4621375157046778,0.1695303218920738
2024-02-12,-0.009350345924388324,0.5309904301634811,0.7273085840778937,0.12236458864382303
2024-02-13,-0.03765757446918235,0.8419888300524043,1.6235532518270328,0.011641347003180064
2024-02-14,-0.0743746855532612,0.5266949016832098,0.3763793230188656,0.08002912031900733
2024-02-15,-0.08814474308991514,0.6037739100020864,0.25814168141538224,-0.12009363985147391
2024-02-16,-0.04824901141339933,0.7018642853785535,0.484506460141151,-0.37180776593046033
2024-02-19,-0.1588940585388093,0.7386824765877061,0.5473741517494956,-0.41816246975266164
2024-02-20,-0.059949941293501445,0.7409691333269957,0.7088312732185617,-0.49073518198473154
2024-02-21,-0.08789382598012935,0.8491056576052065,0.8888174740610136,-0.5304744608142606
2024-02-22,-0.23312458011440484,0.8935703011765689,0.5062185688282064,-1.4768525721577832
2024-02-23,-0.5512953034190418,0.8556251124312115,0.3915321629095756,-1.3983826081833004
2024-02-26,-0.627786489131325,0.7519575758807011,0.3214940569762569,-1.355277848394
2024-02-27,0.5024046304347808,0.9333590106936014,0.5429784721270612,-1.4053134607186577
2024-02-28,0.46279535148546685,0.6045135716025932,0.3299422540904734,-1.235028931732278
2024-02-29,0.8593058874973049,0.8094788173118267,0.5346936785525429,-1.2366497364173858
2024-03-01,1.1622180019263502,0.8101347514250774,0.2190882756292819,-1.1819609220049545
2024-03-04,1.183656006327465,0.7356441720106861,-0.2036833878760711,-1.2507263414222942
2024-03-05,1.0118999044959427,0.36093302490517476,-0.47191705630213354,-1.157656199725712
2024-03-06,1.039641673295992,0.5885568546073231,-0.18803431811908472,-1.2461354753200284
2024-03-07,1.111054126588129,0.49473777730831725,-0.4717359390006645,-1.1794825069605974
2024-03-08,1.097156595135964,0.49010702649459814,-0.5630787064803469,-1.400030898367119
2024-03-11,1.123191557392389,0.516090647850608,-0.3494174954314197,-1.4435994220318167
2024-03-12,1.1515139011647861,0.67743098194994,-0.27101902153877117,-1.5538202244782304
2024-03-13,1.2105267387402148,0.37619528281388237,-0.9133349026167763,-1.530364019946459
2024-03-14,1.3736480682989987,0.7312827404729487,0.1058211680304331,-1.7081392769237413
2024-03-15,1.3091766748772198,0.35506093222524243,0.036147183218820544,1.266864494239712
2024-03-18,1.2481821566994251,0.2747810146020988,-0.33206220734070874,1.1696767906969692
2024-03-19,1.2200391938365993,0.06667696535602434,-0.4064108795761571,1.3722739666260135
2024-03-20,1.1047288396321662,0.18775815058557443,-0.5209908403349099,1.3116549016755776
2024-03-21,1.023908426213819,0.4232317596864027,-0.6071930234115254,1.0210753827548051
2024-03-22,1.18575711681159,0.16141939679581147,-0.7977598604693257,1.2138120388802736
2024-03-25,1.4939783852816937,0.25121908435414336,-0.26379583022572,1.1559615271975803
2024-03-26,1.4458384041702335,0.11072174231361527,-0.6188672717586606,0.9967664151382952
2024-03-27,0.48087301170292696,0.019129397996141533,-0.7570421428955464,1.1185328612017396
2024-03-28,0.6704212980897195,0.1606589702337194,-0.4223410718228109,0.9650695083015576
2024-03-29,0.6667996340627075,3.0,-0.2714901849707708,0.8876471349008647
2024-03-31,3.0,0.26013991257494096,0.32486718607129694,-2.0757118844559304
2024-04-01,2.4653327960205496,0.47102736246863464,0.34795298890560517,0.7707830416014823
2024-04-02,2.374615553123442,0.6668794184508882,0.7192536566278603,0.5602966521597248
2024-04-03,2.2462510633919917,0.5437267732408624,0.7453991857171239,0.6528373683181371
2024-04-04,2.4125930838643277,0.6313201293827392,0.9035694139457296,0.4916993725726775
2024-04-05,2.384618786129014,0.701601929982436,1.070389200320329,0.5910164527509703
2024-04-08,2.358757026135688,0.7664789805714473,0.8550322767939308,0.5156966577016292
2024-04-09,2.339387689168016,0.7497655519391699,0.43858028876005944,0.4474323994687342
2024-04-10,2.368510112732367,0.9842720315347709,1.0926064818520198,0.2359596033450882
2024-04-11,2.5489158559883816,0.7551220829277095,0.3379114743046281,0.3327139396971331
2024-04-12,2.2455210695643295,0.4671258109475974,0.48570026034292074,0.4419854676393752
2024-04-15,2.2227407625776014,0.4245569668293961,0.9382893523948347,0.48409535460153424
2024-04-16,2.2299166492540277,0.11305940168926891,0.7997673277298535,0.836323463195026
2024-04-17,2.09644548599786,0.056422205791820695,0.6104120113048099,0.7405974810533048
2024-04-18,2.015829085242127,0.25873610439228384,0.6502427767985315,0.6020657731876223
2024-04-19,1.9803992547626008,0.0713061427370028,0.7590615456008071,0.8703359955791178
2024-04-22,1.9710118574468463,0.03206814064758677,0.23727835795319605,0.7551818126900529
2024-04-23,1.8612444606996008,0.1366004914753692,0.11296946282864728,0.7174127170936748
2024-04-24,1.8271909481094835,0.4198637726330762,0.31522811291377006,0.327814988422269
2024-04-25,2.175676114658072,0.34841290275432074,0.29513966791392426,0.46177360040653176
2024-04-26,2.0898752623337127,-3.0,0.07925671167909283,0.27239774657494525
2024-04-29,2.159971568000177,0.6540446145524165,-0.21966758766181635,0.17855425116263984
2024-04-30,1.4320661929044896,0.44348585170489047,-0.3779214261652464,0.05891960743168764
2024-05-01,1.3618177456684997,0.3388774227903354,-0.5793368177058031,0.0931259752397457
2024-05-02,1.4092704205696538,0.4298439942524928,-0.7729778740975184,0.08803021240053582
2024-05-03,1.3080331977967627,0.5328866716388507,-0.8017243084728415,0.08212986706784875
2024-05-06,1.2691686574905183,0.5177762679555238,-0.9564590388174222,0.08790129809830749
2024-05-07,1.1977170684222223,0.5679156016003477,-0.9902987246241276,0.07388982889372676
2024-05-08,1.0919469304344083,0.5983179528383084,-0.775807339482355,0.11161132480313264
2024-05-09,1.0765756932066681,0.24760146858788323,-1.7039086548998477,0.21900095036488623
2024-05-10,0.9284589277065596,0.5586941033136732,-1.2215730776894367,0.06540175722922972
2024-05-13,0.8933454326302201,0.714273457617914,-0.875672805140148,-0.0447244049969795
2024-05-14,0.8710697914746284,0.5901980191194509,-1.0585676513897628,0.09264365491615309
2024-05-15,0.84868950466957,0.555457382412543,-1.2856609342919414,0.20416535821314122
2024-05-16,0.7836625111745242,0.9425916983993188,-0.630286507488512,-0.09956648447603339
2024-05-17,0.7512906893438663,0.9399637988604278,-0.858146418430751,-0.09167204531285533
2024-05-20,0.6874517835647931,1.0030205007154713,-0.5795776826001502,-0.11242688020551056
2024-05-21,0.6614135942916408,0.6309451951003349,-0.6226920852931304,0.11384408682539397
2024-05-22,0.638016486312947,0.6833065296890307,-0.4640283349377054,0.06657089868276128
2024-05-23,0.6804446151819923,0.6620714625348245,-0.21481939791905807,0.06648440106548882
2024-05-24,0.6395415349172694,0.33727812511083227,-0.6026909380258545,0.323734026279571
2024-05-27,0.6374957447312329,0.5869655425627247,-0.3588810869219474,0.19995082499032477
2024-05-28,0.4037212556443263,0.5780730582510804,-0.009672896465465045,0.20435421052808614
2024-05-29,0.4012402975475668,0.25146907155975884,0.22087543428197332,0.40498573678549377
2024-05-30,0.4499413317169012,-0.0016944754658741307,0.3371775512974682,0.6390097848067007
2024-05-31,0.8827248820947745,-0.18898811121934425,-0.26973148464593144,0.8556863291794055
2024-06-03,0.7650385569053311,0.1441145234167311,-0.14933095850229838,0.4545895898845288
2024-06-04,0.800651477117673,-0.2775536239474016,-0.569760479814789,0.8030090358107824
2024-06-05,0.7368456776030043,-0.1962805020649881,-0.9140467092493079,0.6927989238771749
2024-06-06,0.6184095624948808,-0.03779748497689754,-0.9997762043040748,0.5198137641559203
2024-06-07,0.5549133313864328,0.23911608651623006,-0.18710899639749534,0.4233965355273654
2024-06-10,0.40806649829262254,0.07938665289510596,-0.5312026000622182,0.5076334306025232
2024-06-11,0.44152940370255345,-0.04745952748996483,-0.7697201061925796,0.6018892708949609
2024-06-12,0.46331330626432354,0.1661922819275938,-0.7282432098431482,0.6728293812901983
2024-06-13,0.3982621524878943,0.1564384609158462,-1.001370581450779,0.5388853896650561
2024-06-14,0.40219405052292695,0.05675911343790399,-1.4748312083966826,0.5292428927068082
2024-06-17,0.4557799044730545,-0.00215602897161814,-1.4384657907372826,0.6088963528355479
2024-06-18,0.4379405007870595,-0.08701059362830446,-1.8330864810306051,0.44116178429064346
2024-06-19,0.4629902323906433,0.11493780943148134,-1.6850430302610881,0.09270043565289184
2024-06-20,0.4687840098293596,0.18559512326649186,-1.3565042887845684,0.09333905290621218
2024-06-21,0.5218677678309249,-0.10471683927357671,-1.603721981510294,0.32788623276978207
2024-06-24,0.5012643558338185,-0.07351516661650818,-1.5570395300525182,0.3314324628910106
2024-06-25,0.5034019677223084,-0.04257011585449503,-1.612641738599088,0.33885166259300936
2024-06-26,0.4866098351263414,-0.013133438770177672,-1.5511776404176598,0.2917896220311703
2024-06-27,0.5592109321696507,-0.27199125977166566,-1.8215708818420013,0.4529872394890775
2024-06-28,0.46467789205903187,-0.08781426688614719,-1.26732475433877,0.2536425798041796
2024-06-30,-2.0207475701570132,-0.9827928672091456,-0.8390001833060985,-2.551116986799809
2024-07-01,-1.6763662844983176,0.1018598709240913,-0.7837271384881971,0.1982243042455001
2024-07-02,-1.7472474941273874,-0.1449934494405589,-0.8075031786716166,0.4569097093590683
2024-07-03,-1.741577434698887,0.1426482937438015,-0.7903270645653394,0.22310874921475538
2024-07-04,-1.680983606176382,0.34050165528265397,-0.8393544657195661,-0.12074769757321109
2024-07-05,-1.5865494117447476,0.011419428525245145,-1.6274851228385527,0.06018042601471124
2024-07-08,-1.6069200258669032,0.1857904028317656,-1.289920127837576,0.005313072786700279
2024-07-09,-1.530854799829271,0.44935326331569486,-0.8361929155539279,-0.12631339119913526
2024-07-10,-1.549801969323293,0.4861504097872862,-0.8571640831835514,0.07780725089865623
2024-07-11,-1.4145712791427472,0.7610050291228351,-0.5858318649470894,-0.2842914084676688
2024-07-12,-1.3141068479572249,0.891072363686801,-0.571441730920686,-0.18572222683351117
2024-07-15,-1.5414298942247473,0.7473977090705136,-0.45871341105806424,-0.06355627955459109
2024-07-16,-1.5071663358546301,0.6018680527172596,-0.35808501030139,0.11481375556219416
2024-07-17,-1.5243609887370049,0.4747665680445428,-0.22797550009253986,0.16231889610817246
2024-07-18,-1.4993840283140252,0.3109797390082037,0.014871183305471715,0.23452463379992095
2024-07-19,-1.4109018418745598,0.07673447702375026,0.20088489460356165,0.5844139326832252
2024-07-22,-1.4939975663682432,-0.01604892727311955,0.10526733492175913,0.731612081804941
2024-07-23,-1.5642010829221473,0.04493802995569119,0.07344344063116849,0.6575068289420409
2024-07-24,-1.5207955868436662,-0.2868851157315626,0.19424446468600853,0.5283796689478885
2024-07-25,-1.6600484732123093,-0.3564151916528638,0.44259182618745646,0.6961437560806115
2024-07-26,-1.6746012089237083,-0.5916539166785636,-0.44654948255649995,0.8857854033790639
2024-07-29,-1.57404488871336,-0.3977324867418007,-0.3177721264010783,0.7978140934649417
2024-07-30,-1.5991606737124113,-0.6323512406413209,-0.486864098477289,0.8781673016389858
2024-07-31,-0.9684838338517906,-0.3623577303527086,-0.8907218874836473,0.7775777378151987
2024-08-01,-1.0804912045712445,-0.2504597228672572,-0.4083943478012622,0.6395111081084507
2024-08-02,-1.04114629947274,-1.1871516786067615,-0.8392074536642576,1.163929717854279
2024-08-05,-1.0019920654374344,-1.7611342041362898,1.6766884180422081,1.972462520794609
2024-08-06,-1.043823934453304,-1.2668742658596184,0.1670703539090192,1.622492133754865
2024-08-07,-1.0632621335953834,-0.9144983311771365,0.28186025519108915,1.0118301189075491
2024-08-08,-1.0659374168056215,-0.9116016398755092,-0.05421291059621209,1.261494793065209
2024-08-09,-1.080022260669172,-0.5766595235931393,-0.46175933877816466,0.963310374236639
2024-08-12,-1.1975452218358011,-0.6191751534720906,-0.48987630841158636,0.9051916601957779
2024-08-13,-1.16303896732541,-0.7089954923393884,-1.2077215504888905,1.0424195070961095
2024-08-14,-1.0975108294893643,-0.4639491714019364,-0.9799660712396664,0.9973145894765997
2024-08-15,-1.1784423466286231,-0.2681969190169401,-0.40282093275102215,1.2793844051218677
2024-08-16,-1.1175546781280545,-0.13509060798794462,-0.9355651505100877,0.9513019413913143
2024-08-19,-1.093605656871551,0.056300457234492195,-0.860547695617213,0.8634921617796323
2024-08-20,-1.1122009890990507,-0.09045632106261732,-1.0069174899347064,0.8382890689559814
2024-08-21,-1.0998930119852017,-0.21091556012748747,-1.020649278734698,0.9775808377567518
2024-08-22,-1.124400042879015,-0.017052408218326414,-0.32255411726060923,0.8888407522860072
2024-08-23,-1.091287618027421,-0.10772830647174914,-0.8966128247921311,1.059196947834325
2024-08-26,-1.079791863298887,0.3609438474220374,-0.18253978503679058,0.9186168897984571
2024-08-27,-1.0019057813458851,0.2500671498833097,-0.4968815330520405,1.0354026621383081
2024-08-28,-0.9928444173172825,0.3144894030755446,0.09065885234076553,1.0379750744528309
2024-08-29,-0.9344732759178629,0.3642593976621812,0.4005817741915055,1.1017969753123338
2024-08-30,-0.9424281323787689,0.752424903691269,0.6639394306574704,1.0357756134289995
2024-08-31,-1.9578073313883835,0.8483600755538865,1.8814851021100287,-1.754264198254708
2024-09-02,-1.3432109159616246,1.0745580341967933,2.2100382844201234,0.8257204440997167
2024-09-03,-1.2378002176831224,0.27119744439138976,1.8650968875508964,0.8107953584839935
2024-09-04,-1.2263326135633892,-0.2514099725288108,1.3930737614825484,1.1822150014613628
2024-09-05,-1.2000621532014681,-0.2808351007851045,0.7678334756529004,1.1249754494115467
2024-09-06,-1.2183147984321632,-0.33944396811412036,1.0070179967289112,1.0171992290318201
2024-09-09,-1.163286195849221,-0.42799096399230135,0.5843004847982822,1.326802890953714
2024-09-10,-1.1233506305935153,-0.6436056799414752,0.23742765763571347,1.3421082912047795
2024-09-11,-1.046967004276729,-0.7554977470345221,-0.19466466638310614,1.4910794722805498
2024-09-12,-1.0431856313180536,-0.41300926739436,-0.8649823571253891,1.1666386138532545
2024-09-13,-1.0142816392245593,-0.24824799972455577,-0.7588744473200004,1.1044250752305027
2024-09-16,-1.080314997745815,-0.3199886152713126,-0.9317978288065375,1.0609467677288955
2024-09-17,-1.0712049967312536,-0.00030369518755206387,-0.17845396009515868,0.9556054579856904
2024-09-18,-1.0752055060708774,0.14272288211188147,0.31519753813284807,0.910499957387391
2024-09-19,-1.0672335610052084,0.36703426579179654,-0.3130778008836892,0.7363729647478915
2024-09-20,-1.0752358178377783,0.7452857896718909,0.1384165645279149,0.568490036503106
2024-09-23,-1.0921010609250377,0.621230835756378,-0.2955266600333739,0.4910295937135103
2024-09-24,-1.0792119065150392,0.8802797461904135,-0.48064924983803337,-0.07075650687018813
2024-09-25,-1.0280883165574972,1.0305165573071011,-0.18060959176004412,-0.2275694930085525
2024-09-26,-0.9886775691967076,1.3250976170876692,-0.08799038075457395,-0.6954723907300757
2024-09-27,-0.948824807049739,1.2116818705148242,-0.2880367848996033,-0.8552302080260947
2024-09-30,-1.3398915205415507,1.1393866491157731,0.06864043466077016,-0.7886906537349954
2024-10-01,-1.3066498989429753,1.0520130235355838,0.3386618205326753,-0.8324026001640064
2024-10-02,-1.2777744436390548,1.613325921059044,1.1661754428037288,-1.0636809581323776
2024-10-03,-1.251680240102303,1.4778832163358742,2.2132849038227516,-0.9139416269387619
2024-10-04,-1.24830009969087,1.964808713768638,2.8553930067311724,-1.0108869522422934
2024-10-07,-1.1809469607698182,2.068267249337887,3.0,-1.1293292792413763
2024-10-08,-1.1827269799575548,1.3831966062008445,2.8782581896584594,-0.6544028700654801
2024-10-09,-1.15742642775953,1.5582113509265696,3.0,-0.48823896025520086
2024-10-10,-1.1578149742002064,1.48685139799942,2.7263796108531846,-0.670269900944583
2024-10-11,-1.2701096429292549,1.5140844524662993,2.4906476862682583,-0.6783817655925029
2024-10-14,-1.244114678487704,1.620408160279344,2.310311647167214,-0.6114285324026935
2024-10-15,-1.222722121079266,1.385737003243022,2.3821417781785073,-0.5275116615375498
2024-10-16,-1.1722371326526706,1.2534545123107743,1.9466961435090744,-0.3663035976863872
2024-10-17,-1.160426785794611,1.1560491640762693,1.842393588815877,-0.2376099428670902
2024-10-18,-0.9954323821220041,1.417010210991461,1.4330161616374217,-0.5449170601206385
2024-10-21,-0.901925276102619,1.3335745623315507,1.6859092641918576,-0.5008799556610205
2024-10-22,-0.8707111900471864,1.0061930291358958,1.3366177159264123,-0.3997035157769249
2024-10-23,-0.8426434076334824,1.0155944696066468,1.687109084014577,-0.5327888191642492
2024-10-24,-0.9973769360153241,0.674223440818642,1.193261818576145,-0.3723351695900613
2024-10-25,-0.9405700831170255,0.8151804181763865,1.4276834772234708,-0.41010566162394274
2024-10-28,-0.939735096018592,0.8650687336069347,1.483893350262414,-0.4764734794613083
2024-10-29,-0.824642165866851,0.6586603429057805,1.0307064407869917,-0.4533708102578702
2024-10-30,-0.8270476280706419,0.8416402102147281,1.602699057463064,-0.28028938778640616
2024-10-31,0.40825604671967813,0.8181222003759472,1.5941649777820612,-0.2360527432662364
2024-11-01,0.41162659936577767,0.5913655457485738,1.397871546836886,-0.32624857827351894
2024-11-04,0.4043717314027857,0.11967463280152703,0.3623166875128042,-0.49053531030079234
2024-11-05,0.43126225940097074,0.4412172125093595,0.22918415142554222,-0.5560174104345158
2024-11-06,0.42510880768031006,0.3216034425326637,0.16718341789606386,-0.30425813120858947
2024-11-07,0.44202465413828934,0.2348065234587264,-0.3607499086315455,-0.3440568348740208
2024-11-08,0.43441177312525076,0.4262000920384114,0.13629969932765088,-0.2224973163668703
2024-11-11,0.5107179879280148,0.15645414394030144,0.13993996845863738,-0.07728665363679244
2024-11-12,0.523546359059871,0.024351871746290558,0.4855263792114483,0.35333174785137816
2024-11-13,0.5269313622055939,-0.27581671867085583,0.30788424962967864,1.0176789802197848
2024-11-14,0.529713613123831,-0.5312398686989513,0.3475347815869035,1.2292665282990995
2024-11-15,0.6055476203558956,-0.7653044664110562,0.14131993671036824,1.0621764970006637
2024-11-18,0.5541717468792914,-0.6051042207430588,0.0601475476864401,0.9416903606303595
2024-11-19,0.5441553678076532,-0.6584520262828423,-0.2215878639654156,0.8234443710228934
2024-11-20,0.5363170062892575,-0.46825805016283456,0.2921457449786601,0.830328858297364
2024-11-21,0.5290914010674445,-0.6703432607105969,0.0897538626212308,1.0689651942935003
2024-11-22,0.6163408666770845,-0.5817176935287411,-0.06955419576373474,1.0436763355945533
2024-11-25,0.6046501420677042,-0.8086158557239852,-0.961635761601757,0.968563371430239
2024-11-26,0.6593951402643391,-0.8452160466546047,-0.866671648409486,1.02858458105854
2024-11-27,0.6652662347943981,-0.8048879763139904,-0.7794462977916401,1.0104197851182883
2024-11-28,0.7069087896621938,-1.1443950802039915,-1.1217795207555044,1.2407440016561821
2024-11-29,0.6804558593033597,-1.1110291491530653,-1.1666239675798376,1.3668967427543606
2024-11-30,0.5049651899797619,-2.0665109607963745,-1.46986361613387,-0.6247260697875955
2024-12-02,0.3914039879205294,-0.8034501832009695,-1.079467385440279,0.9261449681916389
2024-12-03,0.5179779570008589,-0.4662847389755202,-0.8355131581340663,0.5179786030340217
2024-12-04,0.47938006522242477,-0.696185709646384,-1.4415590833869942,0.5250582883808876
2024-12-05,0.48366910318553225,-0.47334857886774734,-1.172626535875037,0.4770148377100849
2024-12-06,0.4593465916870475,-0.647831961367664,-1.738664495078019,0.4237605702276388
2024-12-09,0.4628255088571401,-0.32653772527807945,-1.2753829957104914,0.12605661121532882
2024-12-10,0.40851835736548164,-0.6810461084462692,-1.5719620864112718,0.13744911458776532
2024-12-11,0.4658718678416791,-0.7126080344896258,-1.3229964274871246,0.2325022966632436
2024-12-12,0.4517407449275727,-0.6287993849619464,-1.1809425283568233,0.06565958317355197
2024-12-13,0.452593161451381,-0.7232474183635663,-0.7928648040021299,0.14118035553722988
2024-12-16,0.32525620498326785,-0.8950675087491882,-0.6608450083065668,0.22919494855563957
2024-12-17,0.42028597479251834,-1.2680432988128165,-0.565947808638183,0.4471861786846055
2024-12-18,0.44290158267222535,-1.0714914819758576,1.4399257874461517,0.04370030936260306
2024-12-19,0.4429867282157409,-1.4603614038180068,0.6856752325099991,0.351510059064717
2024-12-20,0.4406679896962209,-1.7200768796794317,-0.22215874778870376,0.8108253728559026
2024-12-23,0.4033360277739169,-1.1076341226007662,0.2730762633168941,0.4350624141534503
2024-12-24,0.39646886950183974,-1.3362498032126033,-0.4149338218112264,0.4393529633689196
2024-12-25,0.35947899615908185,3.0,-0.3311936377824183,0.38042546402453126
2024-12-26,0.35159648994580645,-1.2730634541976584,-0.2616851616348893,0.4102614614934979
2024-12-27,0.3179279995288943,-1.1403332370327885,0.2466343452590778,0.32645413768543
2024-12-30,0.32661874067708163,-1.5439413423338177,0.04861398168625451,0.38534962880532225
2024-12-31,0.8316797300391665,-1.508234247038181,0.04134808219044696,0.4381696453460293
2025-01-01,0.7231479931899369,3.0,-0.12467534656104393,0.3635730445613574
2025-01-02,0.7530651060582572,-1.4530186615481322,0.21389643182661014,0.5490359505137831
2025-01-03,0.7460277100983113,-1.0606451442263376,0.026311693799912234,0.5010310739776123
2025-01-06,0.807466630769154,-0.7779309316080811,0.18173682140065273,0.2912294679705955
2025-01-07,0.7733024034944389,-0.8714757781770138,0.36640624269790273,0.11956239074559602
2025-01-08,0.8053331115429432,-1.183622796872661,0.09082490263087092,0.40512431404872923
2025-01-09,0.7493833481377803,-1.3406606634486544,0.061779285709393325,1.06743318241599
2025-01-10,0.8235479826538441,-1.3891624827152265,0.5461171208268273,1.149950683340184
2025-01-13,0.8590096692873714,-1.7786555681894136,0.1436585222467561,1.723988799055226
2025-01-14,0.8548007284778789,-1.301207211248701,0.24280191360567846,1.2523557806196068
2025-01-15,0.7150086764054623,-1.5237805576554544,-0.5109320739970692,1.3160253499419532
2025-01-16,0.7313414882015317,-1.391055041472125,-0.8687779350158634,0.9349064992516962
2025-01-17,0.8822474209504293,-1.057946608889683,-0.4345156431628745,0.9079766633900068
2025-01-20,0.9737665356882445,-0.8468731661269396,-0.2802526723725861,0.4832193780683224
2025-01-21,0.9746704268906591,-0.8903991646225047,-0.5736990468300018,0.5421469793706757
2025-01-22,0.9518102151465311,-0.6872041333442428,-0.20738511516267688,0.5167129600591162
2025-01-23,0.9324372011158835,-3.0,-0.12904829160421458,0.5288923684274478
2025-01-24,0.9807484267100424,-0.48955869543478964,-0.06510273444548356,0.19650664562511005
2025-01-27,0.8831929859566924,-0.6465296047097758,-0.027036493856591595,0.21838252704362932
2025-01-28,0.877089458461065,-0.4072665428783197,0.18807778859622723,0.2083758425100012
2025-01-29,0.8721415859625152,-0.3381099877962382,0.303178140139959,0.04266514018319904
2025-01-30,0.6825332280034961,-3.0,0.09278117309938057,0.037376079731024726
2025-01-31,-1.2448667263566593,-0.478877585329188,0.004358910430648052,0.08495105696198543
2025-02-03,-0.915035475061106,-0.9526346180691616,0.17896964579853464,0.7809242203892215
2025-02-04,-0.8365393828446174,-0.7259162965772736,-0.14769709710765877,0.19488530737663282
2025-02-05,-0.7771725151702684,-0.7196199856558502,-0.5723566375338484,0.17675605912842332
2025-02-06,-0.6111872228141114,-0.4661298550291931,-0.2368662635009405,0.04182469596378797
2025-02-07,-0.5338873616002746,-0.2065810938081894,0.12806921120688358,-0.26819150905348815
2025-02-10,-0.6453217297496586,-0.36428303316662763,-0.47044081116128106,-0.21469086392388317
2025-02-11,-0.5628966830875699,-0.279249821550768,-0.04963226257926768,-0.06139741068546991
2025-02-12,-0.6349285947266876,0.013266864885851295,0.4094165467655779,-0.3403276882325148
2025-02-13,-0.7335771694721095,0.07157781006866995,0.4660539183100385,-0.2171566416951648
2025-02-14,-0.8265379926538675,0.2283425575939313,0.31054685761198036,-0.4074941010954827
2025-02-17,-0.8923905943907174,0.2603806665893079,0.31448889594648544,-0.4841794266283413
2025-02-18,-0.9766933924877634,0.5340959479846967,0.7000731371067485,-0.7304510833820167
2025-02-19,-1.006595785685463,0.37430846601274065,0.48593634524508167,-0.7218972108916021
2025-02-20,-1.0253955694693428,0.20732554698361172,0.3537192673106888,-0.7098294171175864
2025-02-21,-1.0461783581905701,0.24033896136313646,0.2998226284574153,-1.104261204766696
2025-02-24,-0.9953862948986759,-0.049039704581227486,0.3335046503225629,-0.9482177306809992
2025-02-25,-0.9646251357262315,-0.2797355443584096,0.41102100543489284,-0.6141535035681692
2025-02-26,-0.6700233015623925,-0.10633063133630269,0.25071486239206126,-2.1531595026095878
2025-02-27,0.2719723911532278,-0.3800245828556901,0.6082635647132587,-2.0341585569826015
2025-02-28,1.6440125610960579,-0.9440031047094232,-0.06626369878054506,-1.3844526319388666
2025-03-03,1.6975642485339497,-0.9294003868874451,0.5974363909811671,-1.4169836073821964
2025-03-04,1.5743918977990425,-0.841517887891976,1.0281106003433085,-1.4914302728324376
2025-03-05,1.4533094853396806,-0.2653922732164883,1.3460089163074274,-1.9183616478480363
2025-03-06,1.3994164398261033,-0.10565660968813223,1.6406223864200518,-2.362110384614199
2025-03-07,1.355780453588957,-0.14834635635388344,1.3568091130188484,-2.2449449423682375
2025-03-10,1.3176183642237722,-0.7912349634970013,1.119745833142999,-2.035875340511947
2025-03-11,1.2088059735588217,-0.7201682914736559,1.2440916689423906,-2.2667102423591743
2025-03-12,1.1661962697854311,-0.7037223676542848,0.5620935481909106,-2.2207040845604977
2025-03-13,1.1225358167356005,-1.0517826173015477,-0.17855638938586627,-2.126152496107763
2025-03-14,1.1554382110354187,-0.5209017040889852,-0.07392084589748806,-2.171157170463698
2025-03-17,1.3365146388300126,-0.3165070261770243,-0.19365228637441734,0.8063085768015188
2025-03-18,1.2916837778551715,-0.1084739928826138,-0.18608511375519013,0.4983528618841416
2025-03-19,1.4031056875303358,-0.2436310923138318,-1.020884658070109,0.6184562646985431
2025-03-20,1.43443368393646,-0.2813845686765014,-0.719272331495362,0.6346614117367748
2025-03-21,1.4594964252697435,-0.4420220109365347,-0.8058226326379225,0.7892072441062854
2025-03-24,1.385965908840505,-0.03685985627183656,-0.185554755082156,0.7218830291662601
2025-03-25,1.516587562516364,-0.22511043033085926,-0.4534038019937562,0.8559798441677303
2025-03-26,1.4602523493021677,-0.015854002952184233,0.2907720629405265,0.6956460498545755
2025-03-27,1.2395438645036716,-0.05569656483600201,0.24942587387416298,0.7027421789076806
2025-03-28,0.2599665080469732,-0.55308430282652,-0.06036092744987185,0.8280491730190429
2025-03-31,0.9862438040132356,-0.8537332072136165,0.16372915522860348,1.3448073518362502
2025-04-01,0.8738585034406207,-0.5902557607921713,-0.038108404847635585,1.1210949996926798
2025-04-02,0.8318070483979471,-0.5594373512657185,-0.19331605572401842,1.120155240411585
2025-04-03,0.7200826554591344,-1.2697381657994533,-0.5583398192791666,1.0950933078332454
2025-04-04,0.6858278301875766,-1.5889604829779016,0.3993353379303903,0.9138677320041988
2025-04-07,0.640287799708255,-2.775248533515974,-0.4559630391408606,2.773938787148594
2025-04-08,0.6021961396327749,-2.352339963631032,0.3242119399623816,2.4203846981641517
2025-04-09,0.5499589993651179,-2.7702317521952735,-1.7315445965537626,3.0
2025-04-10,0.576282336202999,-1.7488427981196706,0.2615681893429588,1.8893894568069747
2025-04-11,0.5759491932147355,-1.530518062804894,0.5639293659008446,1.6095150166942067
2025-04-14,0.7746300211681868,-1.5159467820937855,-1.3555629228112673,1.406788900507994
2025-04-15,0.7246612519964544,-1.410633612712391,-1.2524391047770553,1.146501548505056
2025-04-16,0.9948389506969608,-1.6423600472751525,-1.015225844638884,1.302778604543035
2025-04-17,0.9024119301387062,-1.415471987127589,-1.087452357541962,1.1201182871821025
2025-04-18,0.8874930617985151,3.0,-1.1772677721001696,1.0646952123597428
2025-04-21,0.8812780981910696,-1.3317571184980264,-0.23877048958107086,0.7853702312281292
2025-04-22,0.826110869877357,-1.443304457784613,-1.2161027953352543,0.95582645447506
2025-04-23,0.7672013841489848,-0.9481581438761502,-0.6052190310067495,0.605688184087361
2025-04-24,0.7401288418925472,-1.101495000028397,-1.3577821466729108,0.8848932006166251
2025-04-25,0.7383185857587863,-0.9501622282984992,-1.2956366044737915,0.8487834128359946
2025-04-28,0.7781430911370109,-0.7656339177930701,-0.8033835144454133,0.7703081321915439
2025-04-29,0.7767360489305277,-0.6706622944309939,-0.5365044889175967,0.7582581907010595
2025-04-30,-1.37293016699818,-0.5861513514146015,-0.4402720614256855,0.6726019646887111
2025-05-01,-1.2822589482661275,-0.4380459948208543,-0.2380253177106927,0.6756534833945846
2025-05-02,-1.1554778263340224,0.23178272794867708,1.2641828076949915,0.2922834235970306
2025-05-05,-1.210562819515984,0.37127164078909486,1.9354246391998642,0.21641779888715088
2025-05-06,-1.2552642723469334,0.3072535748601451,2.382462002445403,0.30315654871848235
2025-05-07,-2.028837472121998,0.2677391744684348,2.1276837978297425,0.3435439884954419
2025-05-08,-1.7830262623025086,0.7473994852675031,3.0,0.3813852920923944
2025-05-09,-1.7032925835469757,0.46659277084854744,2.173748301625396,0.2847664359218027
2025-05-12,-1.529974839608603,0.9575337164205192,2.250051984659167,-0.02690512178600896
2025-05-13,-1.3883307553028073,1.0789465573099721,2.7013024737688727,0.12522277590226602
2025-05-14,-1.2796283632567387,1.1992361556387119,2.7489992410741824,0.17312483863825495
2025-05-15,-1.1596458114130226,1.089433229389647,2.378991544072679,0.18955195868328226
2025-05-16,-1.1527986273870363,1.0600743398432968,2.1494771187809785,0.22631238339538143
2025-05-19,-1.038698804112223,-3.0,2.0517033958668627,0.38742130657584556
2025-05-20,-0.9648827798448285,0.9993008096506603,1.9991682062307266,0.3098634617114877
2025-05-21,-0.8870345096564252,0.98019196609355,2.4763546047231726,-0.012513723373265293
2025-05-22,-0.8812048521610828,0.6079621475726114,1.4491545560092605,0.22916966388122217
2025-05-23,-0.7602300845545081,0.7965251502522479,1.9317129345926702,0.09164156194222085
2025-05-26,-0.650341647409265,0.6337362869163589,1.5937467966483543,0.12322598583954605
2025-05-27,-0.5865686789290764,0.6344355306424028,1.5221726371096114,0.40208208466477924
2025-05-28,-0.363015485482044,0.9167026881153255,1.8595530661392985,0.3377029866299423
2025-05-29,-0.2915219968121683,1.0146169028357523,1.7293446417933784,0.2676013572582162
2025-05-30,-0.1190139384521804,0.6115735214609505,1.2312486891274066,0.5677961965187088
2025-05-31,0.44989810457125673,0.5789634712378559,0.9003986622887902,-1.6597949668457934
2025-06-02,0.3914564973938393,0.38408540525572127,1.1039394822756747,0.5771924791572368
2025-06-03,0.2523388859104405,0.5830227869634458,1.47957446586895,0.5233455443412444
2025-06-04,0.3097754006437038,0.7076066831775629,1.134460145076123,0.2523478777621165
2025-06-05,0.2771340053975531,0.7959889995964609,0.9958534521556346,-0.09478455876406974
2025-06-06,0.26784299972018205,0.9786111995874718,1.3204944430520524,-0.13066588725043302
2025-06-09,0.2908023397870479,0.8146351984554853,0.6429960530169784,-0.37030903552680794
2025-06-10,0.29705276452897955,0.9366251901034064,0.45157326484648014,-0.47203020857115063
2025-06-11,0.32753840314721405,0.7919508773176772,0.08651793047972485,-0.6769999048034164
2025-06-12,0.6713114499302674,0.7558975221503721,0.5079023607734755,-0.361766854957361
2025-06-13,0.6896924028471925,0.44075468267745566,0.8677167803870939,-0.11400324304553511
2025-06-16,0.6928553603816507,0.7134963505985111,0.9617069143982192,-0.2185142614330085
2025-06-17,0.5674221796959343,0.490292100093217,0.7909388587039738,-0.21427102714691873
2025-06-18,0.5889867694511247,0.3828926607960904,0.34997908815222106,-0.12546242003882843
2025-06-19,0.5893868884993021,0.2795400348810605,0.9406356782493352,0.3247189036531498
2025-06-20,0.5418974730692966,0.45081096186501013,0.7299266130551939,-0.046266027794404266
2025-06-23,0.4857285270603635,0.20740997103873762,0.4562222727230938,0.19888448668038625
2025-06-24,0.5066452545342423,0.6221147497894477,0.14204753659328082,-0.5434263233492411
2025-06-25,0.49564049987026726,0.6308825939828938,-0.2881091949504864,-0.7798093437309371
2025-06-26,0.40581426618726735,0.8428569521761122,-0.2257213125706048,-0.8566138011209846
2025-06-27,0.39526519334763444,0.9578816169123212,0.07571146627551353,-0.8433598588619465
2025-06-30,0.10765198745094441,0.7068552398582779,-0.03880525114130788,-0.457534393808287
2025-07-01,0.0029718530347565336,0.884656247723682,0.05982271603935598,-0.7156346688798636
2025-07-02,-0.007092386909927349,0.9833449413851868,-0.05211257008837051,-0.7116635351533322
2025-07-03,-0.013274256854881492,1.759889762921545,0.6844054821067618,-0.8282668997191763
2025-07-04,-0.017343112411496775,1.542507531406085,0.4001088503048272,-0.6460373599747186
2025-07-07,-0.0720311927291382,1.316671570851803,0.00744986598456621,-0.638967535173566
2025-07-08,-0.07058488836307436,1.4260428978662933,-0.0414422926773185,-0.8886948737764825
2025-07-09,-0.15420719021742404,1.136905874100189,-0.5121120021968485,-0.708801356326577
2025-07-10,-0.19016923575217964,1.2282758499329862,-0.18030973037588238,-0.8839901719856684
2025-07-11,-0.19504765518993855,1.2600044765622096,0.2606702668428856,-0.915589590515269
2025-07-14,-0.2757663414704789,1.257843896731555,0.19413516071415016,-0.8966154825091126
2025-07-15,-0.28418918866140713,1.4344677158573953,0.3074680542718741,-1.35161145020316
2025-07-16,-0.3389380859344443,1.3927520587505882,0.3637735170839266,-1.2735958952632023
2025-07-17,-0.34340842965144863,1.4726042633639203,0.44992576518901717,-1.2442099907558584
2025-07-18,-0.33273419439099666,1.4659770994066317,0.4310509203327321,-1.3882080922939215
2025-07-21,-0.3258847980156064,1.3468292269450117,0.37184975399268794,-1.415182342152261
2025-07-22,-0.375867033913066,1.3659128569575436,0.4387447851032842,-1.286177745147577
2025-07-23,-0.4825549405392948,1.9431243246961636,0.6375092009546756,-1.5721039269562618
2025-07-24,-0.6140871635040489,1.9017995523598552,0.8177425616249477,-1.5173779153717333
2025-07-25,-0.6561879676763464,1.6073139994443695,0.8350312838788843,-1.3101448016057053
2025-07-28,-0.7389763729916408,1.4663470356985557,0.6584881566912362,-1.3059567135430916
2025-07-29,-0.7870271017713518,1.2680468058513397,0.6991917749394209,-1.1983757030155888
2025-07-30,-0.8133749416751077,1.1682692300084496,0.7126515015302829,-1.2492142993664015
2025-07-31,0.4554147183148599,0.7666211725915395,0.3318141850777676,-1.1950357523588009
2025-08-01,0.38295449430773615,0.042093072385781596,-0.5325329029334687,-0.8724982499471956
2025-08-04,0.13237894572801856,0.2235838008850365,-0.9503038632969047,-0.9180255982760102
2025-08-05,0.2787906633589835,0.34717467375526023,-0.7068934386191092,-1.1565461045115524
2025-08-06,0.36076271731606663,0.2596961482096148,-0.8615116596136687,-1.060572813462493
2025-08-07,0.46330468220473087,0.5517328153833874,-0.3191673621119304,-1.3354799281505918
2025-08-08,0.5411306050624601,0.5273815739897005,-0.43484204955389427,-1.1584847550020239
2025-08-11,0.47162015845859984,0.40174905660683674,-0.45822662224378186,-1.191658462103819
2025-08-12,0.40058634640627555,0.4619139891692224,-0.5884679190043041,-1.157859052798898
2025-08-13,0.3243427087543844,0.5785073479976122,-1.0030651997842441,-1.368758808099434
2025-08-14,0.2628785597398325,0.8078682004079654,-0.17506698877088045,-1.3008695471757075
2025-08-15,0.13301712576664695,0.7875013724327493,-0.23176580136724995,-1.366171040000633
2025-08-18,0.07153302378127897,0.8158032723993932,-0.14862976301664424,-1.3908106600425958
2025-08-19,0.045508183254113564,0.7889181874972193,-0.05923039834646705,-0.8988824060879506
2025-08-20,0.044282837087450184,0.5326907647552589,-0.1391290828708677,-0.7467001789289669
2025-08-21,0.10117516108637911,0.5582817108957882,-0.1957501764085198,-0.8247960279870481
2025-08-22,0.013690787502784444,0.5843485675313659,-1.0571019293551647,-0.6596508205297311
2025-08-25,0.006613516382208594,0.9407889518159337,-0.5643536618594616,-1.0223603701433266
2025-08-26,0.10081034903181943,0.5112413978600256,-1.0825596363232386,-0.7383188072427666
2025-08-27,0.18722028516024466,0.5798704179856298,-0.9379002810856157,-0.7080885194770892
2025-08-28,0.3192216393750622,0.30801160736725625,-1.4859386091546538,-0.5668013774893268
2025-08-29,0.5047315817755095,0.38434896236459065,-0.9315572763039804,-0.634562352404603
2025-08-31,0.9253050038345736,-0.1845367344700199,0.07267787023350843,-0.6997474091040097
2025-09-01,1.1489150328578683,0.6752545139849788,0.19063630519516325,-0.8291673861334721
2025-09-02,1.1784760446795433,0.5145401282419778,0.1520970078468166,-0.9488060719169636
2025-09-03,1.2574516855897855,0.45947127645913893,-0.18102351074317646,-0.8471578661948295
2025-09-04,1.229532369969982,0.17223491606134197,-0.6513426110009588,-0.6227229902859411
2025-09-05,1.1656562389547571,0.27144462757495513,-1.0717038137920207,-0.8478200790447723
2025-09-08,1.1153234642577288,0.12683581203049815,-1.3740579277122928,-0.8906006115064985
2025-09-09,0.937978555380654,0.36251242725277605,-1.1671411882424536,-1.0993803523154726
2025-09-10,0.9212055609037211,0.5760894675571467,-1.0058427272504609,-1.2116774629141258
2025-09-11,0.8611784417242669,0.37612123014130144,-1.3974997586940168,-1.1347190147655497
2025-09-12,0.8547601302996288,0.5388030533553306,-1.2719220738153947,-1.3827004572806545
2025-09-15,0.6251873231000492,0.41447537013139324,-1.2136706070633114,-1.319900472538374
2025-09-16,0.6595487634781051,0.5851394289112487,-0.9963178373362147,-1.4358170540751534
2025-09-17,0.6608370899887778,0.7847088430507322,-0.5812863212412573,-1.5173824753594463
2025-09-18,0.6266619239373785,0.7876077141313904,-0.47868482148329916,-1.4967906672994098
2025-09-19,0.6293594484344227,0.5652481098672109,-0.20742654884404552,-1.4020978988124382
2025-09-22,0.4071315850740851,0.5515658684214398,-0.309612239721192,-1.4006008305601492
2025-09-23,0.3932581210497998,0.6577283291920147,0.08951671959507632,-1.4347493745931632
2025-09-24,0.3750948486433374,0.8124895095523414,0.43221194915176264,-1.5758367053737516
2025-09-25,0.33381504051909244,0.8113727013988317,0.623657740868819,-1.5171661905625324
2025-09-26,0.3121069864861988,0.4753829701393612,0.38587670305559607,-1.2141334060493343
2025-09-29,0.09407418980415234,0.5837045626407243,0.4122048421586797,-1.3555524066970164
2025-09-30,0.45125116948394556,0.5496875916680556,0.22363527251112222,-1.394222852255985
2025-10-01,0.5482120571157097,0.5354322400736298,-0.09597809333291833,-1.4226969700086156
2025-10-02,0.6007318037883304,0.8628443169609927,0.17467221501395305,-1.55638561847817
2025-10-03,0.6127294959730941,1.0288087806587636,0.49968567574249506,-1.6405291552198007
2025-10-06,0.5703116942661424,1.149659306766898,0.6656478056997716,-1.612290492579771
2025-10-07,0.5354666443814463,1.0595051423729631,0.8041750565317711,-1.5939756984781912
2025-10-08,0.5749243086321162,0.9750956697801486,0.42536059777756163,-1.476604626186687
2025-10-09,0.5248838893153052,0.9951902034008421,0.22597786289822278,-1.5397789076002801
2025-10-10,0.4599887411853231,0.34094337530500973,0.003540326502902803,-1.548467560176781
2025-10-13,0.5104109309583179,0.1294030316120569,-0.6592279104285356,-1.2613088668119727
2025-10-14,-0.29964555083569094,-0.1945201100960804,-0.6855911533900123,-1.0673902611452357
2025-10-15,-0.22709456886221752,0.3235054470049067,-0.2657184190982458,-1.3767370026103172
2025-10-16,-0.19799814469452906,0.20453221118719542,-0.25107509414284057,-1.4757517774529136
2025-10-17,0.02362193088865389,0.042599357088468404,-1.0185473487456993,-1.2434045731830206
2025-10-20,0.08651684643823956,0.2010340003119829,-1.545524962247326,-1.365267577380083
2025-10-21,0.17710656560721094,0.18113516239489294,-1.5817014370356095,-1.3090865401173117
2025-10-22,0.17574245728550086,0.13317837877732613,-1.436926196890249,-1.2571738045684127
2025-10-23,0.1992383196775973,0.11449943472288812,-1.630095402965483,-1.2359685557530375
2025-10-24,0.365715986083296,0.25699268884498777,-1.7545608018807959,-1.2766849810798722
2025-10-27,0.8354035767095158,0.467316969469376,-1.6058966768003182,-1.3438465340252999
2025-10-28,0.9803212954328137,0.5177782514008944,-1.373741048285271,-1.227083215662326
2025-10-29,0.9933826105464065,1.2006719759368298,-0.30843115433629836,-1.3965384288835012
2025-10-30,1.7862101978009184,1.2362025986288958,-0.19944730907269057,-1.4214677093791108
2025-10-31,1.2165350394130674,1.0159605850796551,-0.3289811624941073,-1.2629916494007234
2025-11-03,1.2986502251409495,1.1134958226030505,-0.5914157047564147,-1.3264091522858519
2025-11-04,1.2986410016616752,0.58689376342176,-0.7214705875532031,-1.2110893027937057
2025-11-05,1.281142971692953,0.6543907080353987,-0.3298433275198195,-1.1104955523518034
2025-11-06,1.5007951101702632,0.5421250733049128,-0.6317024543974074,-1.2616290604964817
2025-11-07,1.5177400274123798,0.46178548864353125,-0.4752998467930414,-1.1055847043710567
2025-11-10,1.539693818753891,0.9287810010960816,0.06104331723233578,-1.2055532517040959
2025-11-11,1.5635010149868533,0.9360062187687485,0.006210627986235247,-1.2104193708362951
2025-11-12,1.5781531260756552,0.9704113210430675,0.1591052211558087,-1.1983686701430905
2025-11-13,1.4625526857696611,0.9881027800188319,0.3596146913431434,-1.194197367169275
2025-11-14,1.5064216155137646,0.8672793905445717,0.8981454676179759,-0.9651642155084404
2025-11-17,1.5268580546801132,0.7870959901606287,0.8741428619720449,-1.006982307438339
2025-11-18,1.5364754996261076,0.4976686232360779,1.2622442834511423,-0.7277334420329861
2025-11-19,1.5529977843616518,0.3516260944898309,0.959055118978414,-0.6901032439913821
2025-11-20,1.5018397881068946,0.30484889026510525,1.3071642255035407,-0.9428750165405647
2025-11-21,2.1313919858916157,-0.29856798923424716,0.21014300421316184,-0.3302223299196778
2025-11-24,1.9912003917290448,-0.1976345243397243,-0.41005750465693824,-0.35442702710216994
2025-11-25,1.9488147154671707,-0.14862223620286147,-1.2050088980454856,-0.5166175240180632
2025-11-26,2.156378669258023,0.06822130843680636,-1.311424384745948,-0.6397468586463758
2025-11-27,2.2847759425963026,-0.26214359294146294,-2.0718542758200336,-0.6160993332586011
2025-11-28,2.13961485271288,-0.21323946321217774,-1.9484486448851228,-0.5504949728830176
2025-11-30,2.2592420431961813,-2.328713493846446,-1.6918507276560382,-1.0110402514320718
2025-12-01,1.6013816882966259,0.02129023316694138,-1.0792952000675784,-0.6626821885810512
2025-12-02,1.5434664045413533,0.22603487103451134,-1.0656493169588968,-0.6946741153895083
2025-12-03,1.562598459592787,-0.015269468170477316,-1.4690247814269064,-0.6080150358657206
2025-12-04,1.6583831944691496,0.316083912497107,-0.8383385143066427,-0.6758059622130081
2025-12-05,1.9866414720162857,0.5151018186946225,-0.5590460630223776,-0.7953228582077322
2025-12-08,1.9191097458361634,0.6095525451715287,-0.12039137254773717,-0.8297111457194729
2025-12-09,1.9062909343676813,0.529591786024631,-0.07389188856593565,-0.7665395268549535
2025-12-10,1.82905144529344,0.40206925617135375,-0.384020377494956,-0.705704413433308
2025-12-11,1.6460662398148886,0.2566644345255237,-0.5382106720205029,-0.6127909254780671
2025-12-12,1.7792391042768851,0.4115203340126471,-0.3825824427422324,-0.9102850143470187
2025-12-15,1.6030830569381718,0.06938005472780762,-0.1344818480699744,-0.6749217260158201
2025-12-16,1.5409729464694817,-0.26509221705386565,-0.25282403587268226,-0.3814485511058764
2025-12-17,1.7273471596068566,-0.21591333653147204,-0.16987443491345092,-0.5847791846912099
2025-12-18,2.0000495254920145,-0.18822084772470152,-0.18244462391835456,-0.44838164673464875
2025-12-19,1.954124742641094,0.22285119029726314,0.06368314513215521,-0.5615896706611447
2025-12-22,1.898568952178817,0.42501200779243276,0.03588284312518744,-0.7430855448889493
2025-12-23,1.8257666535080934,0.6489135940571874,0.37806404950876404,-0.7350929408959376
2025-12-24,1.7659506331501564,0.6443876824171583,-0.07572299359616783,-0.6974360981674721
2025-12-25,1.6528840819693655,3.0,-0.0749558190243605,-0.6844625242396396
2025-12-26,1.5118687909962936,0.491029377196724,-0.2921487594651245,-0.7535429875690827
2025-12-29,1.5695373051673185,0.4851035649905471,-0.3038010613964708,-0.7950423742879411
2025-12-30,1.3977341146441011,0.3039305521558662,-0.7640840966987232,-0.8018245714758
2025-12-31,1.91366803830569,0.6337054118743531,-0.036933803530342126,-0.9092436350528496
2026-01-01,1.129587258681695,3.0,-0.03653283053890641,-0.9700236090348376
2026-01-02,1.1519898301830787,0.6211443017625758,-0.3630139073423614,-1.2299338440016219
2026-01-05,1.0623744390274392,0.6008951761746633,-0.7839492896424979,-1.3439387046454314
2026-01-06,1.0498826179752707,0.6825825850988916,-0.8049412736006163,-1.4365233692452213
2026-01-07,1.047961496945213,0.5230726654965118,-0.8074692624846732,-1.3648082037649791
2026-01-08,0.99267505640639,0.5869160694660149,-0.1646593567971666,-1.288129658870018
2026-01-09,0.9619969318262551,0.5793728548541964,-0.4661471208717545,-1.1906507039002536
2026-01-12,0.7997101649528054,0.5737347698166451,-0.47254296668208734,-1.2953592912214835
2026-01-13,0.829291052518448,0.4462269999460459,-0.4363496959088096,-1.3468634066130174
2026-01-14,0.7725209969225476,0.652829565687309,-0.03514094109015603,-1.4149282156833372
2026-01-15,0.7042593677282245,0.6405898356391923,0.17881875110280468,-1.3698096674115374
2026-01-16,0.6389286276035877,0.8850472047148474,0.8232348060411018,-1.4443584616838492
2026-01-19,0.6114636583000004,0.816169977566494,1.118148570517049,-1.419122739654581
2026-01-20,0.5605216869722872,0.6121446327069309,1.0853979109000118,-1.555752893370692
2026-01-21,0.6873789085066749,0.5908559392195207,0.21943839778473043,-1.3759315282392846
2026-01-22,0.5825878325014872,0.7329473292494679,0.49823598997907836,-1.4788628751240185
2026-01-23,0.8029464635871433,-3.0,0.5805741684349689,-1.4732878418112973
2026-01-26,0.4795542844954742,0.8198982607977215,0.7183983228510956,-1.4702385072841437
2026-01-27,0.5292001115776332,1.0108064424491516,0.8813908914130878,-1.5961428070727761
2026-01-28,0.666251349336234,1.2580301126818647,0.8740460961366124,-1.8022600624103349
2026-01-29,0.6081815745116742,1.028855409315414,0.4439019370373617,-1.7432131652950085
2026-01-30,0.9505616877981989,-3.0,0.5490674487231296,-1.4924927481144117
2026-01-31,0.9952730572017878,-0.9277888059330791,0.2805098195689381,-2.6076591149250934
2026-02-02,0.6986380074426874,0.39227368256265965,0.4657302280088048,-1.0889493681028608
2026-02-03,0.6642581030055031,0.6466561552824845,0.5184500101570865,-1.4861828725217074
2026-02-04,0.6366755940781543,0.6932335832769484,0.7741778162286194,-1.443538440079825
2026-02-05,0.6607819004148604,-0.013908249215294674,0.30389417031019456,-1.1573576272063684
2026-02-06,0.30841169567510973,-0.08095369346911511,-0.6222636244493663,-1.0257162720861313
2026-02-09,0.9338739707867756,0.24520122809425487,-0.6963956683707809,-1.296056286707484
2026-02-10,1.02013755360694,0.23240416618032061,-0.7421548375434694,-1.3425303607532404
2026-02-11,0.9813616602695344,0.6204830961593882,-0.49108502488894795,-1.4999659900508073
2026-02-12,0.9607195174699911,0.4618651034509544,-0.8165488631775628,-1.6213329754758898
2026-02-13,1.0659964153297306,0.1274007655566333,-1.5290449026838207,-1.3838033693007878
2026-02-16,1.0454414964041416,0.2264707284457713,-1.3882196301615004,-1.3886531322618165
2026-02-17,0.9490115073591341,0.40984266219339555,-1.1431988500284445,-1.353702227344674
2026-02-18,0.9076918489761051,0.754355998404567,-0.856165683199573,-1.3477707456991714
2026-02-19,0.9829169725809477,0.6737806291977113,-0.9991652288715086,-1.3426919497113259
2026-02-20,0.9999317653690853,0.5471967573773611,-1.211857597134953,-1.321834763264832
2026-02-23,1.057531205086593,0.4633562602954959,-1.0912511690760214,-1.477618355741171
2026-02-24,0.9011687603406553,0.6202181334145455,-1.2291057005836294,-1.4754892763404965
2026-02-25,0.8222811070877709,0.9903107269132787,-1.3946317349015422,-2.261726901951021
2026-02-26,2.189921021206457,1.0367668541174864,-1.3733598169823251,-2.18742268753627
2026-02-27,2.214616090376983,0.7188595173581885,-1.5150769627337868,-2.0801584143032477
2026-02-28,3.0,-1.8952343040622315,-0.42359343518504067,-2.272089866957569
2026-03-02,3.0,0.729320293456611,0.026389973132909347,-1.9283190126232261
2026-03-03,3.0,-0.09273981859061432,0.17502794473007618,-1.6259045052604009
2026-03-04,3.0,-0.5487172755851127,-0.1681859856246154,-1.363083168590176
2026-03-05,3.0,0.06260382511201062,1.5770911520584259,-1.5349107982118089
2026-03-06,3.0,-0.050997104240064095,2.372336525134946,-1.4700003867044706
2026-03-09,2.911513388031051,-0.729375876067928,0.6400688776880045,-1.1312578079514153
2026-03-10,2.8029469770281694,0.21720406879888132,1.5919656999269876,-1.4902317406096528
2026-03-11,2.6952050054242918,0.25390889526990523,1.4364649765181106,-1.5600371794618317
2026-03-12,2.5595675723007676,0.417324613621225,2.7355631513821987,-1.4648079576793247
2026-03-13,2.442192964571786,0.2217005453255443,2.3830448618272353,-1.36860591373419
2026-03-16,2.71283305092992,0.09002516668137721,1.1754247703530498,-1.3511957395896026
2026-03-17,2.5696790564124257,0.13484258637083615,0.44671652586620325,-1.3683641504544002
2026-03-18,2.5107549557355724,0.4813633868508444,1.1952099314437112,1.8265646332446188
2026-03-19,2.3931119026283385,-0.21216358588561585,0.4838296479185714,2.192106704686167
2026-03-20,2.35179567289612,-0.18229873992237866,1.4853110678361987,2.0512114539884454
2026-03-23,2.211299920084977,-0.794817869029348,0.5864458767407249,2.5503809515692044
2026-03-24,2.1081637011371397,-0.3530285675375406,0.9839578478720468,2.116279688059646
2026-03-25,2.0302522197281214,0.2192669606565595,0.2927566269763283,1.767844396567792
2026-03-26,1.9315985250225685,0.19392165464899105,1.446853463248005,1.8451219335623958
2026-03-27,0.9372843116784971,-0.056956240811462916,1.6834068947505967,1.7685103360326426
2026-03-30,0.9163225844850693,-0.8900348387409421,0.042772302628040854,2.0286150319521243
2026-03-31,0.14831876919029943,-1.2370364155089835,-1.05073318491532,2.241587931878819
2026-04-01,0.2462206138438236,0.7869050092491405,3.0,1.5602875786298918
2026-04-02,0.2256083423208979,-0.058250130611754616,2.97401822997605,1.83785711652245
2026-04-03,0.22184421903258725,0.1164163579924744,2.8598466161988334,1.7307491914356647
2026-04-06,0.17759015962587552,0.18970379983123403,2.9035603731523643,1.693139785208851
2026-04-07,0.1123067304850257,0.2804702714784555,3.0,1.6961333631014213
2026-04-08,0.11454659099031801,1.6526760760541526,1.1475631674315225,1.1134489452551903
2026-04-09,0.07242400793186773,1.3058187616304722,0.36802890989305753,1.2902706668055033
2026-04-10,0.10620371613491994,1.239581149009135,0.2358854488210381,1.1090164432118041
2026-04-13,-0.04351833474345989,0.9175221394011155,0.1793574816428492,1.285960947803411
2026-04-14,-0.1448672341727768,1.3341217018003237,-0.20601175011033832,1.093220084645144
2026-04-15,-0.1633549140270112,1.5073730248888388,-0.30148399601760434,0.9546456891728687
2026-04-16,-0.12253770696414465,1.7652520503115428,-0.41716283977781043,0.7376865010049096
2026-04-17,-0.15651373260154042,1.5079111185187763,-0.6498450478321334,0.900477384662727
