Date,F,M,S,V
1987-07-24,,,,
1987-07-31,,,,
1987-08-07,,,,
1987-08-14,,,,
1987-08-21,,,,
1987-08-28,,,,
1987-09-04,,,,
1987-09-11,,,,
1987-09-18,,,,
1987-09-25,,,,
1987-10-02,,,,
1987-10-09,,,,
1987-10-16,,,,
1987-10-23,,,,
1987-10-30,,,,
1987-11-06,,,,
1987-11-13,,,,
1987-11-20,,,,
1987-11-27,,,,
1987-12-04,,,,
1987-12-11,,,,
1987-12-18,,,,
1987-12-24,,,,
1987-12-31,,,,
1988-01-08,,,,
1988-01-15,,,,
1988-01-22,,,,
1988-01-29,,,,
1988-02-05,,,,
1988-02-12,,,,
1988-02-19,,,,
1988-02-26,,,,
1988-03-04,,,,
1988-03-11,,,,
1988-03-18,,,,
1988-03-25,,,,
1988-04-01,,,,
1988-04-08,,,,
1988-04-15,,,,
1988-04-22,,,,
1988-04-29,,,,
1988-05-06,,,,
1988-05-13,,,,
1988-05-20,,,,
1988-05-27,,,,
1988-06-03,,,,
1988-06-10,,,,
1988-06-17,,,,
1988-06-24,,,,
1988-07-01,,,,
1988-07-08,,,,
1988-07-15,,,,
1988-07-22,,,,
1988-07-29,,,,
1988-08-05,,,,
1988-08-12,,,,
1988-08-19,,,,
1988-08-26,,,,
1988-09-02,,,,
1988-09-09,,,,
1988-09-16,,,,
1988-09-23,,,,
1988-09-30,,,,
1988-10-07,,,,
1988-10-14,,,,
1988-10-21,,,,
1988-10-28,,,,
1988-11-04,,,,
1988-11-11,,,,
1988-11-18,,,,
1988-11-25,,,,
1988-12-02,,,,
1988-12-09,,,,
1988-12-16,,,,
1988-12-23,,,,
1988-12-30,,,,
1989-01-06,,,,
1989-01-13,,,,
1989-01-20,,,,
1989-01-27,,,,
1989-02-03,,,,
1989-02-10,,,,
1989-02-17,,,,
1989-02-24,,,,
1989-03-03,,,,
1989-03-10,,,,
1989-03-17,,,,
1989-03-23,,,,
1989-03-31,,,,
1989-04-07,,,,
1989-04-14,,,,
1989-04-21,,,,
1989-04-28,,,,
1989-05-05,,,,
1989-05-12,,,,
1989-05-19,,,,
1989-05-26,,,,
1989-06-02,,,,
1989-06-09,,,,
1989-06-16,,,,
1989-06-23,,,,
1989-06-30,,,,
1989-07-07,,,,
1989-07-14,,,,
1989-07-21,,,,
1989-07-28,,,,
1989-08-04,,,,
1989-08-11,,,,
1989-08-18,,,,
1989-08-25,,,,
1989-09-01,,,,
1989-09-08,,,,
1989-09-15,,,,
1989-09-22,,,,
1989-09-29,,,,
1989-10-06,,,,
1989-10-13,,,,
1989-10-20,,,,
1989-10-27,,,,
1989-11-03,,,,
1989-11-10,,,,
1989-11-17,,,,
1989-11-22,,,,
1989-12-01,,,,
1989-12-08,,,-0.2577704781669498,
1989-12-15,,,-1.0965872741923148,
1989-12-22,,,-0.3033695781647669,
1989-12-29,,,-0.06372858722218096,
1990-01-05,,,-0.7802891419532483,
1990-01-12,,,-2.103829216551635,
1990-01-19,,,-0.7565073068644939,
1990-01-26,,,1.1750714409367649,
1990-02-02,,,2.4040842749568476,
1990-02-09,,,2.1360088491770117,
1990-02-16,,,0.6693650445216194,
1990-02-23,,,0.8516502136600049,
1990-03-02,,,1.2806477048727694,
1990-03-09,,,0.77813549541138,
1990-03-16,,,0.8219854798688168,
1990-03-23,,,-1.0793734827362176,
1990-03-30,,,-0.3870953361907568,
1990-04-06,,,-1.0600178852545399,
1990-04-12,,,-0.8363106953125551,
1990-04-20,,,-0.8901149872695926,
1990-04-27,,,0.5082988967601432,
1990-05-04,,,1.5626524482704203,
1990-05-11,,,0.23779558725693797,
1990-05-18,,,-0.8020334304858254,
1990-05-25,,,-0.858134069831005,
1990-06-01,,,-0.28807077718879237,
1990-06-08,,,-0.49797278018448615,
1990-06-15,,,-1.398704009346899,
1990-06-22,,,-0.10383032842858893,
1990-06-29,,,0.39788358310587246,
1990-07-06,,,0.6052241362882658,
1990-07-13,,,-0.8577584534094647,
1990-07-20,,,-0.8442785010114419,
1990-07-27,,,-2.072687950237519,
1990-08-03,,,1.3407677856224096,
1990-08-10,,,1.8702579733003029,
1990-08-17,,,2.45900405322953,
1990-08-24,,,1.4281165761863683,
1990-08-31,,,2.0400469598089286,
1990-09-07,,,0.6867195314742837,
1990-09-14,,,1.741758967654895,
1990-09-21,,,2.0550297761476526,
1990-09-28,,,1.1654277287143289,
1990-10-05,,,1.919948413949908,
1990-10-12,,,1.1774592785030928,
1990-10-19,,,2.1912288775924895,
1990-10-26,,,1.1948633906846244,
1990-11-02,,,0.6355972559307839,
1990-11-09,,,0.8077147256619448,
1990-11-16,,,1.4671254484785634,
1990-11-21,,,0.8616515653492142,
1990-11-30,,,0.46612463585249375,
1990-12-07,,,0.0775638233214861,
1990-12-14,,,-0.3089112506582158,
1990-12-21,,,0.9764479063258391,
1990-12-28,,,-0.18963775266098823,
1991-01-04,,,-0.7211582283977641,
1991-01-11,,,0.5945525207529541,
1991-01-18,,,0.7214231395075829,
1991-01-25,,,0.510053824423088,
1991-02-01,,,-0.0863095475838455,
1991-02-08,,,-0.7284174831706781,
1991-02-15,,,-1.7752853447121055,
1991-02-22,,,-2.249795108713546,
1991-03-01,,,-1.450813317915377,
1991-03-08,,,-1.5501850405104756,
1991-03-15,,,-1.9806246702727712,
1991-03-22,,,-1.1826631432197003,
1991-03-29,,,-1.4638114990583562,
1991-04-05,,,-2.0847296465823204,
1991-04-12,,,-1.1871105825526933,
1991-04-19,,,-1.1231617959547762,
1991-04-26,,,-1.9517544480146407,
1991-05-03,,,-0.7973444829713046,
1991-05-10,,,-0.745955723175553,
1991-05-17,,,-0.9870620161159251,
1991-05-24,,,-0.9304586418431597,
1991-05-31,,,-1.082838028599356,
1991-06-07,,,-1.4706770095964379,
1991-06-14,,,-1.2724402532832744,
1991-06-21,,,-1.3645301005208816,
1991-06-28,,,0.09661734311401886,
1991-07-03,,,0.011445562472442508,
1991-07-12,,,-1.0747882615321689,
1991-07-19,,,-0.39213706496903433,
1991-07-26,,,-0.6839242096158785,
1991-08-02,,,-0.2520330013226515,
1991-08-09,,,-0.0354283978822618,
1991-08-16,,,-0.46888955515565267,
1991-08-23,,,-0.15950230630948617,
1991-08-30,,,-1.1168687355921443,
1991-09-06,,,-0.27202386174870824,
1991-09-13,,,-1.230011096801771,
1991-09-20,,,-0.6442329913467434,
1991-09-27,,,-0.1067592934691058,
1991-10-04,,,-0.10631812060726432,
1991-10-11,,,-0.7792647372643261,
1991-10-18,,,0.31344450367847454,
1991-10-25,,,-0.009018074470068383,
1991-11-01,,,-0.8330712768674983,
1991-11-08,,,-0.08832150901857887,
1991-11-15,,,-0.505862838756565,
1991-11-22,,,-1.3700194680330846,
1991-11-27,,,0.26670661533905915,
1991-12-06,,,0.9563924022590714,
1991-12-13,,,-0.17381273350991674,
1991-12-20,,,-0.17275276396630035,
1991-12-27,,,-0.40887263568147786,
1992-01-03,,,-0.926145862690062,
1992-01-10,,,-1.1462951875338354,
1992-01-17,,,-1.1256087813083864,
1992-01-24,,,-0.8262872430261471,
1992-01-31,,,-0.9561122746664631,
1992-02-07,,,-0.517258180322524,
1992-02-14,,,-0.939437727346464,
1992-02-21,,,-0.8783785391933917,
1992-02-28,,,-1.007571518996629,
1992-03-06,,,-0.8499648327193685,
1992-03-13,,,-0.45629602509265255,
1992-03-20,,,-1.1208990639387213,
1992-03-27,,,-0.9117751149618875,
1992-04-03,,,-0.46732282934597935,
1992-04-10,,,-0.5113047595068813,
1992-04-17,,,-0.4573991880946164,
1992-04-24,,,-1.694207752329211,
1992-05-01,,,0.4534887838260663,
1992-05-08,,,-0.6703796918974417,
1992-05-15,,,-0.6625081156038491,
1992-05-22,,,-0.8003660527446668,
1992-05-29,,,-1.030925213350263,
1992-06-05,,,-0.8691030572667698,
1992-06-12,,,-0.17183217247508747,
1992-06-19,,,-0.12064163181999471,
1992-06-26,,,-0.3693328830869642,
1992-07-02,,,0.9373050110152852,
1992-07-09,,,0.8251490856564818,
1992-07-17,,,0.31332589824697615,
1992-07-24,,,-0.19784615632071126,
1992-07-31,,,0.6731169838229325,
1992-08-05,,,0.46146739712465035,
1992-08-14,,,0.7654453631304922,
1992-08-21,,,1.3133186510720485,
1992-08-28,,,0.32203543791996825,
1992-09-04,,,1.5871271508707154,
1992-09-11,,,1.0023791820700736,
1992-09-18,,,0.9368491794003426,
1992-09-25,,,0.9233408914500666,
1992-10-02,,,0.35098821584170464,
1992-10-09,,,1.2622706442878229,
1992-10-16,,,1.8663861159172157,
1992-10-23,,,1.3289491317808182,
1992-10-30,,,-0.23020687514663327,
1992-11-06,,,-1.2216823785814706,
1992-11-13,,,-0.8573088311627397,
1992-11-20,,,-1.6215724089101733,
1992-11-25,,,-1.0554804686393924,
1992-12-04,,,-0.5514709994818824,
1992-12-11,,,-1.277633028161633,
1992-12-18,,,-2.391265632942987,
1992-12-24,,,-1.7134209844129578,
1993-01-01,,,-1.9635967345470866,
1993-01-08,,,0.6948267350235725,
1993-01-15,,,-1.6098187619414401,
1993-01-22,,,-0.6923674268741337,
1993-01-29,,,-0.549849227507461,
1993-02-05,,,-0.7690484559598648,
1993-02-12,,,-0.8936873924057828,
1993-02-19,,,-0.6113286678392337,
1993-02-26,,,0.2628578119243832,
1993-03-05,,,0.7194676648024291,
1993-03-12,,,-0.8068205632010322,
1993-03-19,,,-0.38340633380558276,
1993-03-26,,,-0.6573267900466555,
1993-04-02,,,-0.18488925697008207,
1993-04-09,,,0.14606885383019874,
1993-04-16,,,0.4291509647366129,
1993-04-23,,,0.37836362612596663,
1993-04-30,,,1.1797583548534032,
1993-05-07,,,0.8799844876858561,
1993-05-14,,,1.1504445893535833,
1993-05-21,,,1.3627571181304394,
1993-05-28,,,0.9206388210330199,
1993-06-04,,,-0.035506053135916794,
1993-06-11,,,1.0562008839923036,
1993-06-18,,,1.18001133352748,
1993-06-25,,,0.45710673754886877,
1993-07-02,,,1.1137599717611342,
1993-07-09,,,0.7683776871973337,
1993-07-16,,,0.7124631060894016,
1993-07-23,,,0.5620928480996831,
1993-07-30,,,0.364817154391872,
1993-08-06,,,0.4102742439382994,
1993-08-13,,,0.552550735819538,
1993-08-20,,,0.1563656027165965,
1993-08-27,,,0.6468430996231794,
1993-09-03,,,-0.3484537229856624,
1993-09-10,,,0.5994642451590976,
1993-09-17,,,0.19471454507952543,
1993-09-24,,,0.2938843272114084,
1993-10-01,,,0.7950445902165262,
1993-10-08,,,0.33188637070391636,
1993-10-15,,,0.07391207312420635,
1993-10-22,,,-0.6454913974299267,
1993-10-29,,,-0.8947612501259066,
1993-11-04,,,0.09434567182734954,
1993-11-11,,,0.09361553529787306,
1993-11-18,,,0.14531446267377446,
1993-11-24,,,-0.9584884576086351,
1993-12-02,,,0.20988476371157602,
1993-12-09,,,-0.5877064557866253,
1993-12-16,,,-0.10322023637955495,
1993-12-23,,,-0.04883027539339363,
1993-12-30,,,-0.749363096901672,
1994-01-06,,,-0.5802629345109936,
1994-01-13,,,-0.2491610410492548,
1994-01-20,,,-1.0625250931449761,
1994-01-27,,,-0.23303487971020326,
1994-02-03,,,-0.12113410567216497,
1994-02-10,,,-1.2187612297116175,
1994-02-17,,,-0.7100584595376082,
1994-02-24,,,-0.4824171149813211,
1994-03-03,,,-0.03267181623306493,
1994-03-10,,,0.6401310776927793,
1994-03-17,,,0.8018114602151415,
1994-03-24,,,0.456644351331545,
1994-03-31,,,1.3469090800832113,
1994-04-07,,,0.8811470136858875,
1994-04-14,,,1.2033183210038396,
1994-04-21,,,0.5170204077078363,
1994-04-28,,,0.7376999320539506,
1994-05-05,,,0.33431332903268723,
1994-05-12,,,-0.35430965091030736,
1994-05-19,,,1.2462621088489156,
1994-05-26,,,0.6057938042240537,
1994-06-02,,,-0.7200369791157706,
1994-06-09,,,-0.08009095733606968,
1994-06-16,,,-0.2539917840093264,
1994-06-23,,,-0.07694195939139827,
1994-06-30,,,0.041221450592907376,
1994-07-07,,,0.8077412558162596,
1994-07-14,,,0.6814452165856107,
1994-07-21,,,-0.276551017160238,
1994-07-28,,,0.3244852244076851,
1994-08-04,,,0.3220166249683329,
1994-08-11,,,-0.22604688859192681,
1994-08-18,,,0.08045266469011446,
1994-08-25,,,-0.10447250006292855,
1994-09-01,,,-1.145909787135046,
1994-09-08,,,-1.5479237785314977,
1994-09-15,,,-0.8003521232658732,
1994-09-22,,,-0.4877157223181611,
1994-09-29,,,-0.3609999966712885,
1994-10-06,,,-0.1725999415033759,
1994-10-13,,,-0.4208050564303372,
1994-10-20,,,-0.5427234974628237,
1994-10-27,,,-1.3440376761007229,
1994-11-03,,,-0.7678562257920821,
1994-11-10,,,-0.13358691969465622,
1994-11-17,,,0.18390385943588808,
1994-11-23,,,-0.4539423047609683,
1994-11-30,,,-0.9580690366900413,
1994-12-08,,,0.5215925321574965,
1994-12-15,,,0.13184359049553493,
1994-12-22,,,-0.3871293370051483,
1994-12-29,,,-1.2840268622622275,
1995-01-05,,,-1.0097738369151517,
1995-01-12,,,-0.6766903524403461,
1995-01-19,,,-0.6057598387007067,
1995-01-26,,,-0.6004651477680528,
1995-02-02,,,-0.595224539386299,
1995-02-09,,,-0.45878261720202856,
1995-02-16,,,-1.2394887519107929,
1995-02-23,,,-1.6022690703932698,
1995-03-02,,,-1.754129912273157,
1995-03-09,,,-1.587881383885447,
1995-03-16,,,-0.8689768759218736,
1995-03-23,,,-1.1732019128878135,
1995-03-30,,,-1.341518476797895,
1995-04-06,,,-0.18747489888064864,
1995-04-13,,,0.19799059467395277,
1995-04-20,,,0.3256782806703586,
1995-04-27,,,-1.715767214834948,
1995-05-04,,,-0.2969866351530166,
1995-05-11,,,-0.4868989066569418,
1995-05-18,,,-0.03114157241641975,
1995-05-25,,,-0.48490892544601244,
1995-06-01,,,-0.3505100340081285,
1995-06-08,,,-0.4130568622967054,
1995-06-15,,,0.24978320808839027,
1995-06-22,,,-0.6786412701811877,
1995-06-29,,,0.5903617589119307,
1995-07-06,,,0.1856250327156077,
1995-07-13,,,0.050205872944409216,
1995-07-20,,,-0.6251931403985261,
1995-07-27,,,-0.07722086373887088,
1995-08-03,,,-0.21302197802688838,
1995-08-10,,,-0.21122091454338357,
1995-08-17,,,-0.5541182124784109,
1995-08-24,,,0.6292725584139066,
1995-08-31,,,-0.7661032405965645,
1995-09-07,,,-0.2015610836989361,
1995-09-14,,,-1.1738187864349232,
1995-09-21,,,-0.6728841986689651,
1995-09-28,,,-0.24590923555176425,
1995-10-05,,,-0.5258808183255586,
1995-10-12,,,-0.3087033328883215,
1995-10-19,,,-1.2925431550631659,
1995-10-26,,,-1.20146479140853,
1995-11-02,,,-1.388830483701105,
1995-11-09,,,-1.7004814898179785,
1995-11-16,,,-0.9856169730134196,
1995-11-22,,,-0.3513167209750209,
1995-11-30,,,-1.5830668088992044,
1995-12-07,,,-1.0102954401471362,
1995-12-14,,,-1.0641516047568294,
1995-12-21,,,-0.9807830651282972,
1995-12-28,,,-1.1028550283174214,
1996-01-04,,,-1.220640436516986,
1996-01-11,,,-1.2000211733422603,
1996-01-18,,,-0.162897761090051,
1996-01-25,,,-0.09214748783803722,
1996-02-01,,,-1.9168869012275056,
1996-02-08,,,-1.7322283312408056,
1996-02-15,,,-1.1702533772686419,
1996-02-22,,,-0.5565831741859297,
1996-02-29,,,-0.41675871887709526,
1996-03-07,,,-0.27771287767096314,
1996-03-14,,,0.33639519570933457,
1996-03-21,,,-0.8894640423952391,
1996-03-28,,,-0.6073989028796994,
1996-04-04,,,-0.7363932018899855,
1996-04-11,,,-0.6595160261286301,
1996-04-18,,,0.17219327080774022,
1996-04-25,,,1.1356739693249966,
1996-05-02,,,-1.0106115301637726,
1996-05-09,,,-1.198286487083207,
1996-05-16,,,-0.08637528546730833,
1996-05-23,,,-1.6488460327603258,
1996-05-30,,,-2.4927525421446672,
1996-06-06,,,-0.5511212439314843,
1996-06-13,,,-0.8080368493205806,
1996-06-20,,,-0.13584523264237797,
1996-06-27,,,-0.7328615886320032,
1996-07-03,,,0.4127013521576289,
1996-07-11,,,-0.06082211071347641,
1996-07-18,,,0.7525392719560887,
1996-07-25,,,1.4823943699282462,
1996-08-01,,,1.1956386091896216,
1996-08-08,,,1.181821661731933,
1996-08-15,,,-0.6480859809249472,
1996-08-22,,,0.7789129398918518,
1996-08-29,,,0.9751234057641711,
1996-09-05,,,1.3671119564750542,
1996-09-12,,,1.0153226400967514,
1996-09-19,,,1.0724708229880662,
1996-09-26,,,0.38597705141338196,
1996-10-03,,,0.11072946813506813,
1996-10-10,,,0.04203024026438219,
1996-10-17,,,-0.09577672962168339,
1996-10-24,,,-0.30273639126448515,
1996-10-31,,,0.6778192266885615,
1996-11-07,,,1.0900473354152242,
1996-11-14,,,0.3113853609987055,
1996-11-21,,,-0.25448718569654677,
1996-11-27,,,-1.3016789750069437,
1996-12-05,,,0.3317254050854907,
1996-12-12,,,0.3303413811845739,
1996-12-19,,,1.3185781104123147,
1996-12-26,,,0.38486027678218987,
1997-01-02,,,-0.47514762156956764,
1997-01-09,,,0.10382758930121873,
1997-01-16,,,-0.2574036919479599,
1997-01-23,,,-0.18219712769263596,
1997-01-30,,,-1.614451552489926,
1997-02-06,,,-0.7322517704153119,
1997-02-13,,,-1.0093531531994702,
1997-02-20,,,-0.7811210467559581,
1997-02-27,,,-2.424920787964293,
1997-03-06,,,-0.645968850629136,
1997-03-13,,,0.6991808489106098,
1997-03-20,,,-0.013004338249669784,
1997-03-27,,,1.4012034270213007,
1997-04-03,,,1.103565691747903,
1997-04-10,,,1.7134318262520654,
1997-04-17,,,0.7160981345979075,
1997-04-24,,,1.1997744441592566,
1997-05-01,,,1.0470001818641568,
1997-05-08,,,0.6163339086774757,
1997-05-15,,,-0.37989588030060745,
1997-05-22,,,-0.16279641581806945,
1997-05-29,,,-0.5182296564669104,
1997-06-05,,,-1.7053783579479207,
1997-06-12,,,-1.391457043930093,
1997-06-19,,,-2.099343843346981,
1997-06-26,,,-1.0394645193301728,
1997-07-03,,,-0.4096559100138847,
1997-07-10,,,-1.1580379906779026,
1997-07-17,,,-1.605798096594456,
1997-07-24,,,-1.1057151886770402,
1997-07-31,,,-0.4822771201291637,
1997-08-07,,,-0.7487023118422064,
1997-08-14,,,-0.8747942278909225,
1997-08-21,,,-0.7953689604825751,
1997-08-28,,,-0.8528891262841719,
1997-09-04,,,0.25327028815154484,
1997-09-11,,,-0.29979681534217706,
1997-09-18,,,-0.5727209815893519,
1997-09-25,,,-0.2890465384812504,
1997-10-02,,,-0.21594840828039874,
1997-10-09,,,-0.9106009693545418,
1997-10-16,,,-0.41069550844065933,
1997-10-23,,,-0.6863648453211041,
1997-10-30,,,-0.11492469521177709,
1997-11-06,,,0.24237625389010858,
1997-11-13,,,-0.8257277504206503,
1997-11-20,,,-0.10378872951350122,
1997-11-26,,,-0.24551754019925393,
1997-12-04,,,-1.0293278129070373,
1997-12-11,,,-0.8717724456965875,
1997-12-18,,,-0.28719844676980344,
1997-12-24,,,-0.06660547167933542,
1997-12-31,,,1.0242382862247932,
1998-01-08,,,-0.5121840201796264,
1998-01-16,,,-0.28760823027809035,
1998-01-23,,,1.1801355079802387,
1998-01-30,,,-0.07623641509861498,
1998-02-05,,,0.8839070529416615,
1998-02-12,,,-0.673988016904093,
1998-02-19,,,-0.7392432857859216,
1998-02-26,,,-1.598269082066448,
1998-03-05,,,-1.6308938415688623,
1998-03-12,,,-0.452844975948661,
1998-03-19,,,-0.010124281867263276,
1998-03-26,,,-0.521557437318639,
1998-04-02,,,-0.4420937418418695,
1998-04-09,,,0.005994795231491426,
1998-04-16,,,-1.4587433200204452,
1998-04-23,,,0.028032887704335957,
1998-04-30,,,-0.04497665450919276,
1998-05-07,,,-0.117824319870875,
1998-05-14,,,0.8566376861887726,
1998-05-21,,,0.25098356373128866,
1998-05-28,,,0.7780774334555077,
1998-06-04,,,1.8103087905721897,
1998-06-11,,,1.1185703727067473,
1998-06-18,,,1.6206070138103297,
1998-06-25,,,1.303859102954096,
1998-07-02,,,0.25318459741414107,
1998-07-09,,,0.10282381512248112,
1998-07-16,,,0.25394023061057336,
1998-07-23,,,0.3291083750122973,
1998-07-30,,,-0.5081210234118747,
1998-08-06,,,1.0204676216998474,
1998-08-13,,,1.9027847568870897,
1998-08-20,,,1.8632182232978478,
1998-08-27,,,2.793786821297973,
1998-09-03,,,2.353059203094643,
1998-09-10,,,1.8835176943940148,
1998-09-17,,,0.8896274180400857,
1998-09-24,,,0.6733521361176441,
1998-10-01,,,1.1567693303473146,
1998-10-08,,,1.5560916016040702,
1998-10-15,,,2.130686243933875,
1998-10-22,,,1.0807671421679372,
1998-10-29,,,-0.5074118128442923,
1998-11-05,,,-0.22708932313778457,
1998-11-12,,,-1.4549644837657048,
1998-11-19,,,-0.47926085784495154,
1998-11-25,,,-1.0894491777387356,
1998-12-03,,,-0.8700008696149777,
1998-12-10,,,-0.17283106318096345,
1998-12-17,,,-0.0320939290307528,
1998-12-23,,,0.9432653138298782,
1998-12-31,,,-0.2507517544110962,
1999-01-07,,,0.03272207093725089,
1999-01-14,,,-1.0195950377083502,
1999-01-21,,,-1.4174683557984267,
1999-01-28,,,-0.7732055489303049,
1999-02-04,,,-1.2460849866817814,
1999-02-11,,,-1.0201107251629546,
1999-02-18,,,0.24432513009847767,
1999-02-25,,,0.24363322225155187,
1999-03-04,,,-0.03944355451788983,
1999-03-11,,,0.03263478507207959,
1999-03-18,,,-0.7485677014224563,
1999-03-25,,,0.543366819358284,
1999-04-01,,,0.10996513790845473,
1999-04-08,,,0.47091333968431653,
1999-04-15,,,0.2511600703822006,
1999-04-22,,,0.6144640068815876,
1999-04-29,,,0.17202274794558928,
1999-05-06,,,-1.7113512217837774,
1999-05-13,,,-0.02596780965755165,
1999-05-20,,,-0.0249310429251952,
1999-05-27,,,-0.09743192911317868,
1999-06-03,,,1.2277303266384147,
1999-06-10,,,0.9225942601504201,
1999-06-17,,,0.39948388597738727,
1999-06-24,,,1.2817901189423382,
1999-07-01,,,0.6057658580381287,
1999-07-08,,,-0.4402072430959051,
1999-07-15,,,-1.4647643164463475,
1999-07-22,,,-1.2199722061121179,
1999-07-29,,,-0.3964169640293239,
1999-08-05,,,0.7948975224525915,
1999-08-12,,,1.2307363303085348,
1999-08-19,,,0.627277363302009,
1999-08-26,,,0.4743695015268195,
1999-09-02,,,-0.7272292771060146,
1999-09-09,,,0.3321187669174702,
1999-09-16,,,0.10382926050302865,
1999-09-23,,,0.635904884002703,
1999-09-30,,,0.32712962008351504,
1999-10-07,,,0.7850414851858404,
1999-10-14,,,-0.5273593094737604,
1999-10-21,,,0.24969812080263395,
1999-10-28,,,0.171244755414618,
1999-11-04,,,-0.37550967862304435,
1999-11-11,,,-0.45010311943925996,
1999-11-18,,,-0.6024460044724361,
1999-11-24,,,-1.6757849469438253,
1999-12-02,,,-2.438041062877736,
1999-12-09,,,-2.4812679178406816,
1999-12-16,,,-1.1990791668601062,
1999-12-23,,,-1.2510151816208737,
1999-12-30,,,-1.9289351783921647,
1999-12-31,,,,
2000-01-03,,,,
2000-01-04,,,,
2000-01-05,,,,
2000-01-06,,,-2.9134273840437537,
2000-01-07,,,,
2000-01-10,,,,
2000-01-11,,,,
2000-01-12,,,,
2000-01-13,,,-1.4750585351651226,
2000-01-14,,,,
2000-01-17,,,,
2000-01-18,,,,
2000-01-19,,,,
2000-01-20,,,-1.3477671225670143,
2000-01-21,,,,
2000-01-24,,,,
2000-01-25,,,,
2000-01-26,,,,
2000-01-27,,,-0.9282001917865225,
2000-01-28,,,,
2000-01-31,,,,
2000-02-01,,,,
2000-02-02,,,,
2000-02-03,,,-0.4685700761677374,
2000-02-04,,,,
2000-02-07,,,,
2000-02-08,,,,
2000-02-09,,,,
2000-02-10,,,0.40060835323380756,
2000-02-11,,,,
2000-02-14,,,,
2000-02-15,,,,
2000-02-16,,,,
2000-02-17,,,1.1400260381297505,
2000-02-18,,,,
2000-02-21,,,,
2000-02-22,,,,
2000-02-23,,,,
2000-02-24,,,0.6327556861146046,
2000-02-25,,,,
2000-02-28,,,,
2000-02-29,,,,
2000-03-01,,,,
2000-03-02,,,0.42441710858737236,
2000-03-03,,,,
2000-03-06,,,,
2000-03-07,,,,
2000-03-08,,,-1.5068415123122907,
2000-03-09,,,,
2000-03-10,,,,
2000-03-13,,,,
2000-03-14,,,,
2000-03-15,,,,
2000-03-16,,,-0.24301993136533448,
2000-03-17,,,,
2000-03-20,,,,
2000-03-21,,,,
2000-03-22,,,,
2000-03-23,,,-1.7417190376020244,
2000-03-24,,,,
2000-03-27,,,,
2000-03-28,,,,
2000-03-29,,,,
2000-03-30,,,2.079591274823622,
2000-03-31,,,,
2000-04-03,,,,
2000-04-04,,,,
2000-04-05,,,,
2000-04-06,,,-0.34165678763038965,
2000-04-07,,,,
2000-04-10,,,,
2000-04-11,,,,
2000-04-12,,,,
2000-04-13,,,-0.1520375226335993,
2000-04-14,,,,
2000-04-17,,,,
2000-04-18,,,,
2000-04-19,,,,
2000-04-20,,,-1.4070921903595988,
2000-04-21,,,,
2000-04-24,,,,
2000-04-25,,,,
2000-04-26,,,,
2000-04-27,,,-1.7350820713259725,
2000-04-28,,,,
2000-04-30,,,,
2000-05-01,,,,
2000-05-02,,,,
2000-05-03,,,,
2000-05-04,,,1.3515429080296526,
2000-05-05,,,,
2000-05-08,,,,
2000-05-09,,,,
2000-05-10,,,,
2000-05-11,,,1.0341420253699034,
2000-05-12,,,,
2000-05-15,,,,
2000-05-16,,,,
2000-05-17,,,,
2000-05-18,,,1.7012804702101072,
2000-05-19,,,,
2000-05-22,,,,
2000-05-23,,,,
2000-05-24,,,,
2000-05-25,,,1.3994510480003581,
2000-05-26,,,,
2000-05-29,,,,
2000-05-30,,,,
2000-05-31,,,,
2000-06-01,,,1.0128788918446525,
2000-06-02,,,,
2000-06-05,,,,
2000-06-06,,,,
2000-06-07,,,,
2000-06-08,,,-1.213811376392125,
2000-06-09,,,,
2000-06-12,,,,
2000-06-13,,,,
2000-06-14,,,,
2000-06-15,,,-0.3314327519367689,
2000-06-16,,,,
2000-06-19,,,,
2000-06-20,,,,
2000-06-21,,,,
2000-06-22,,,2.1244676941282035,
2000-06-23,,,,
2000-06-26,,,,
2000-06-27,,,,
2000-06-28,,,,
2000-06-29,,,,
2000-06-30,,,,
2000-07-03,,,,
2000-07-04,,,,
2000-07-05,,,,
2000-07-06,,,-1.3053243679550937,
2000-07-07,,,,
2000-07-10,,,,
2000-07-11,,,,
2000-07-12,,,,
2000-07-13,,,-1.5716951793452882,
2000-07-14,,,,
2000-07-17,,,,
2000-07-18,,,,
2000-07-19,,,,
2000-07-20,,-0.006597425384210466,-2.10720924268521,
2000-07-21,,-0.10282964201675558,,
2000-07-24,,-0.2441910911528873,,
2000-07-25,,-0.0595222337340677,,
2000-07-26,,0.0766183828794489,,
2000-07-27,,-0.3114514211884145,-0.13196972961215953,
2000-07-28,,-0.07043218346702466,,
2000-07-31,,-0.3188875963456914,,
2000-08-01,,-0.41742702761055694,,
2000-08-02,,-0.46524859711402095,,
2000-08-03,,-0.46224079036346605,0.2086866787411166,
2000-08-04,,-0.8650683649150139,,
2000-08-07,,-0.4944894040008547,,
2000-08-08,,-0.6979327905327266,,
2000-08-09,,-0.7936791795488402,,
2000-08-10,,-0.9911149752060499,-1.3447833208868512,
2000-08-11,,-0.553529429847381,,
2000-08-14,,-1.3887863031458814,,
2000-08-15,,-1.6050281170777814,,
2000-08-16,,-1.6034586275880527,,
2000-08-17,,-1.6014884633309678,-1.1988688903529516,
2000-08-18,,-1.1566511765553233,,
2000-08-21,,-1.0826525822487891,,
2000-08-22,,-1.21280454758839,,
2000-08-23,,-1.2862528611979935,-0.814660808027733,
2000-08-24,,-1.4534281594634497,,
2000-08-25,,-0.968242416726668,,
2000-08-28,,-0.5447647852398889,,
2000-08-29,,0.3435205573847159,,
2000-08-30,,0.6978017861478022,,
2000-08-31,,0.0005820972860955183,-1.0225861268709469,
2000-09-01,,-0.26854003039773783,,
2000-09-04,,-0.05220955443622337,,
2000-09-05,,0.1090368782351354,,
2000-09-06,,0.3787019384354959,,
2000-09-07,,0.698165005108803,-1.9431981310859348,
2000-09-08,,0.7898465329023893,,
2000-09-11,,0.6601657542715209,,
2000-09-12,,0.8084985049576926,,
2000-09-13,,0.40058224144548416,,
2000-09-14,,0.5029138368647572,0.27262591434514377,
2000-09-15,,0.7706034529698438,,
2000-09-18,,0.6948655543620164,,
2000-09-19,,0.33826318858773763,,
2000-09-20,,0.15739094042724225,,
2000-09-21,,0.26786299088715393,-0.17332744353657079,
2000-09-22,,0.02636886426535118,,
2000-09-25,,-0.03651841218197987,,
2000-09-26,,-0.8145797826852128,,
2000-09-27,,-1.6783768911352144,,
2000-09-28,,-1.9633537552362466,-1.4665909286350598,
2000-09-29,,-1.2307481547240933,,
2000-09-30,,-1.2080449493500447,,
2000-10-02,,-1.1295416426140272,,
2000-10-03,,-1.3931820898420055,,
2000-10-04,,-1.7486501489518618,,
2000-10-05,,-2.4216445045502093,0.38619321849967087,
2000-10-06,,-2.348434326559044,,
2000-10-09,,-2.420919659145495,,
2000-10-10,,-2.5599646280311963,,
2000-10-11,,-2.85798392184203,,
2000-10-12,,-3.0,0.7703302721923745,
2000-10-13,,-3.0,,
2000-10-16,,-2.7203412430498854,,
2000-10-17,,-2.7827712364197796,,
2000-10-18,,-2.6407106371390348,,
2000-10-19,,-2.5175020282640683,-0.12760074765640333,
2000-10-20,,-2.3381348109833318,,
2000-10-23,,-2.318983915749641,,
2000-10-24,,-1.9460005936618465,,
2000-10-25,,-1.5096755226290752,,
2000-10-26,,-1.5218787791032777,-1.430124723841991,
2000-10-27,,-1.398577820898068,,
2000-10-30,,-1.240985986474503,,
2000-10-31,,-1.570653743374189,,
2000-11-01,,-1.4858174700307825,,
2000-11-02,,-1.4695098824477189,-0.381209773982391,
2000-11-03,,-1.1688908628959889,,
2000-11-06,,-1.0318872719974181,,
2000-11-07,,-1.0051142015674173,,
2000-11-08,,-0.7942711272600776,,
2000-11-09,,-0.632075099400365,-1.867684018143817,
2000-11-10,,-0.49461347197038297,,
2000-11-13,,-0.3805247972654486,,
2000-11-14,,-0.4389523058820033,,
2000-11-15,,-0.0434785289267561,,
2000-11-16,,0.08901555681278372,-0.35128328655897706,
2000-11-17,,0.02278807327062633,,
2000-11-20,,-0.17669683039900486,,
2000-11-21,,-0.37482012456969804,,
2000-11-22,,-0.7468468705333644,,
2000-11-23,,-0.8637221243634844,1.3913702811555644,
2000-11-24,,-0.6691074050109684,,
2000-11-27,,-0.7886553863762921,,
2000-11-28,,-0.9682306435581832,,
2000-11-29,,-0.9657063778552268,,
2000-11-30,,-1.7871405115106354,-1.2188890381067334,
2000-12-01,,-1.4427071534966762,,
2000-12-04,,-1.635614059861206,,
2000-12-05,,-1.6695450002274963,,
2000-12-06,,-1.5878271944715776,,
2000-12-07,,-1.5659441852499412,0.8082034864000686,
2000-12-08,,-1.2853018672968748,,
2000-12-11,,-1.0450661928600167,,
2000-12-12,,-0.7836899192448774,,
2000-12-13,,-0.6750627693786038,,
2000-12-14,,-0.730232206087071,-0.2172017678681142,
2000-12-15,,-0.5164938887572038,,
2000-12-18,,-0.5053830088678657,,
2000-12-19,,-0.2416158035383523,,
2000-12-20,,-0.16332401448424633,,
2000-12-21,,-0.048809608659453496,2.5220317026315584,
2000-12-22,,-0.06489604087492697,,
2000-12-25,,-0.08089382052467611,,
2000-12-26,,0.01607518381062494,,
2000-12-27,,0.24558587294300513,,
2000-12-28,,0.6650737881803781,0.8700867929750408,
2000-12-29,,1.3573869318249348,,
2000-12-31,,0.8838421415794194,,
2001-01-01,,1.025227050872159,,
2001-01-02,,0.7085221669948638,,
2001-01-03,,1.1769056694759943,,
2001-01-04,,1.2147392946319313,0.24993707009426344,
2001-01-05,,1.101429917379732,,
2001-01-08,,1.0668034153187311,,
2001-01-09,,1.2386654662169874,,
2001-01-10,,1.4015362957903028,,
2001-01-11,,1.765854654389459,1.7366535551998703,
2001-01-12,,1.9179153577924055,,
2001-01-15,,1.9983437630372818,,
2001-01-16,,1.8409448802173325,,
2001-01-17,,1.9810873158557016,,
2001-01-18,,1.9327079301359673,0.5978440539168627,
2001-01-19,,2.089684239201975,,
2001-01-22,,2.0500888158499944,,
2001-01-23,,2.0774747254220602,,
2001-01-24,,1.9918829130144795,,
2001-01-25,,1.851585892854832,-0.041874693006269594,
2001-01-26,,1.7755684102990514,,
2001-01-29,,1.919413423137708,,
2001-01-30,,1.843333474746602,,
2001-01-31,,1.8509280542120987,,
2001-02-01,,1.8113646992625898,-0.49162502958356247,
2001-02-02,,1.7739488104067018,,
2001-02-05,,1.738488646252812,,
2001-02-06,,1.7048156994325767,,
2001-02-07,,1.4653449587607799,,
2001-02-08,,1.3100945151121024,-1.0878292546829555,
2001-02-09,,1.0812197630422071,,
2001-02-12,,0.9124859042831355,,
2001-02-13,,0.8752394326421479,,
2001-02-14,,0.9344347559801491,,
2001-02-15,,0.9996222464946037,0.8263969743525145,
2001-02-16,,0.9209280288132984,,
2001-02-19,,0.7517385989763548,,
2001-02-20,,0.6916181257808027,,
2001-02-21,,0.5762384523285035,,
2001-02-22,,0.4726228362828236,2.02158716434227,
2001-02-23,,0.3992979918283957,,
2001-02-26,,0.3751364977327341,,
2001-02-27,,0.36094890102216637,,
2001-02-28,,0.327375521932518,,
2001-03-01,,0.19568484117897192,0.5876066168038603,
2001-03-02,,0.19346573122899532,,
2001-03-05,,0.12139117204702712,,
2001-03-06,,0.09978236651298793,,
2001-03-07,,0.007305794777433255,,
2001-03-08,,0.04758474553447576,1.286910384318761,
2001-03-09,,0.06726449923636171,,
2001-03-12,,0.02486633977200337,,
2001-03-13,,-0.038328983959416044,,
2001-03-14,,-0.30083328798934517,,
2001-03-15,,-0.4149780160630908,1.5802740777698765,
2001-03-16,,-0.6549958612247414,,
2001-03-19,,-0.553590408344294,,
2001-03-20,,-0.6127883821758277,,
2001-03-21,,-0.7350239662477271,,
2001-03-22,,-0.886431131306284,2.3206055349733408,
2001-03-23,,-0.7051278423883233,,
2001-03-26,,-0.515524945147637,,
2001-03-27,,-0.305365561068108,,
2001-03-28,,-0.3689468235196441,,
2001-03-29,,-0.39933116865939816,0.6501042901006656,
2001-03-30,,-0.4957412855403813,,
2001-03-31,,-0.5138959815746599,,
2001-04-02,,-0.5763420042680418,,
2001-04-03,,-0.8926126509641193,,
2001-04-04,,-1.001525865616868,,
2001-04-05,,-1.0299498177102429,1.3971142699148364,
2001-04-06,,-1.207969303259776,,
2001-04-09,,-1.1415134171780843,,
2001-04-10,,-0.8413211000001724,,
2001-04-11,,-0.5471138748173305,,
2001-04-12,,-0.43190732556701933,1.761153742884432,
2001-04-13,,-0.2950731199777625,,
2001-04-16,,-0.11365842003270518,,
2001-04-17,,-0.14686064295780168,,
2001-04-18,,-0.06636304668840842,,
2001-04-19,,-0.03166845598400965,0.4548286935166913,
2001-04-20,,-0.18139689478494933,,
2001-04-23,,-0.5962248664877716,,
2001-04-24,,-0.9228663032380465,,
2001-04-25,,0.025752160065701434,,
2001-04-26,,0.048930168116575225,0.2826075282263641,
2001-04-27,,0.27237953434999085,,
2001-04-30,,0.37665776299145387,,
2001-05-01,,0.5393629727855017,,
2001-05-02,,1.0274916229417552,,
2001-05-03,,1.1251181960857959,-1.1989949873772825,
2001-05-04,,1.0919585254452047,,
2001-05-07,,1.218805627271023,,
2001-05-08,,1.2482174970070117,,
2001-05-09,,0.9066379008653795,,
2001-05-10,,0.9373359770938827,-0.8284917062905108,
2001-05-11,,1.067248992431264,,
2001-05-14,,0.935529021820341,,
2001-05-15,,0.8640412825212501,,
2001-05-16,,0.9062472796111488,,
2001-05-17,,0.9688963503558691,-0.6725337474427945,
2001-05-18,,1.1381065428042487,,
2001-05-21,,1.17859047147348,,
2001-05-22,,1.417102508130714,,
2001-05-23,,1.4897720875656415,,
2001-05-24,,0.7475269361543623,-1.34388699993364,
2001-05-25,,0.7680935443325182,,
2001-05-28,,0.6073432791987682,,
2001-05-29,,0.5136313213109653,,
2001-05-30,,0.34558424504149016,,
2001-05-31,,0.04776001448308021,0.037189547925154116,
2001-06-01,,0.11271704740897297,,
2001-06-04,,0.100248962925556,,
2001-06-05,,0.010016490000442151,,
2001-06-06,,-0.0018063921869195861,,
2001-06-07,,0.09893850701127788,0.24987136716888436,
2001-06-08,,0.041010865943859075,,
2001-06-11,,-0.22206672505552574,,
2001-06-12,,-0.18666672512763668,,
2001-06-13,,-0.3820907008653807,,
2001-06-14,,-0.5881740916542771,0.7321430318343349,
2001-06-15,,-0.5373571069234371,,
2001-06-18,,-0.7314619154270992,,
2001-06-19,,-0.8643832582974812,,
2001-06-20,,-0.9596137249072927,,
2001-06-21,,-0.959907605954514,0.6411920827819455,
2001-06-22,,-1.1327478024100546,,
2001-06-25,,-1.0934031983086578,,
2001-06-26,,-1.0208849702195835,,
2001-06-27,,-0.9503245407505206,,
2001-06-28,,-0.8353173733804901,1.3433406715920742,
2001-06-29,,-0.5361936787846535,,
2001-06-30,,-0.567307817037668,,
2001-07-02,,-0.5393727667877192,,
2001-07-03,,-0.3576867069564964,,
2001-07-04,,-0.3792974791420306,,
2001-07-05,,-0.37686446581373434,-0.07322449793665466,
2001-07-06,,-0.49488825350971627,,
2001-07-09,,-0.4429150120125034,,
2001-07-10,,-0.43985995106562115,,
2001-07-11,,-0.3511721978201615,,
2001-07-12,,-0.15170216619697507,1.801411052376283,
2001-07-13,,-0.20062143368679453,,
2001-07-16,,-0.02463843140522319,,
2001-07-17,,0.050718373139165704,,
2001-07-18,,-0.00046879913607336974,,
2001-07-19,,0.06294786229286811,-0.7961266819151014,
2001-07-20,,0.19032208306940854,,
2001-07-23,,0.18874130891766647,,
2001-07-24,,0.14831947592025108,,
2001-07-25,,0.1209848881939487,,
2001-07-26,,0.10679515098902219,1.6458793749306382,
2001-07-27,,-0.07898350532385744,,
2001-07-30,,-0.13188328654830186,,
2001-07-31,,-0.03772348061416348,,
2001-08-01,,0.0967594138583703,,
2001-08-02,,0.2985780281331906,1.1480338763022946,
2001-08-03,,0.28250866566181915,,
2001-08-06,,0.3755992629587715,,
2001-08-07,,0.42706506401688,,
2001-08-08,,0.4094782792052308,,
2001-08-09,,0.4472201727000494,0.7342656824517358,
2001-08-10,,0.45696304170314517,,
2001-08-13,,0.32736123726068994,,
2001-08-14,,0.3805603691743507,,
2001-08-15,,0.5316839361984563,,
2001-08-16,,0.6528565526826927,1.246905674861239,
2001-08-17,,0.4624323270659106,,
2001-08-20,,0.4722280171630865,,
2001-08-21,,0.3678931821521924,,
2001-08-22,,0.3788950722934391,,
2001-08-23,,0.23119044919478718,0.9259256555887693,
2001-08-24,,0.20007097545618344,,
2001-08-27,,0.19824496601831493,,
2001-08-28,,0.18173791219536695,,
2001-08-29,,0.046986598786129014,,
2001-08-30,,-0.22165160595458286,0.631744783096813,
2001-08-31,,-0.16074731558058336,,
2001-09-03,,-0.1902586493294872,,
2001-09-04,,0.053056498095921674,,
2001-09-05,,-0.13068108265692588,,
2001-09-06,,-0.22229555801859505,1.2943587480428786,
2001-09-07,,-0.45244495669914436,,
2001-09-10,,-0.3567432135331554,,
2001-09-11,,-0.2300506295451594,,
2001-09-12,,-0.2760130738471068,,
2001-09-13,,-0.4007017701314952,1.640411154478488,
2001-09-14,,-2.145027403637151,,
2001-09-17,,-2.1735899844753814,,
2001-09-18,,-2.057606360229631,,
2001-09-19,,-2.0466376878463417,,
2001-09-20,,-2.113682492692135,1.799268598089023,
2001-09-21,,-2.2458820782688282,,
2001-09-24,,-2.257724409292891,,
2001-09-25,,-2.0719481411732565,,
2001-09-26,,-2.0462947858062064,,
2001-09-27,,-2.043509424496227,-0.5555186572248699,
2001-09-28,,-2.1708509442696444,,
2001-09-30,,-2.1878459883046584,,
2001-10-01,,-2.078787749088153,,
2001-10-02,,-2.0907855636289283,,
2001-10-03,,-2.0007223208236207,,
2001-10-04,,-1.759943671816848,-0.16638515396387418,
2001-10-05,,-1.5687844676505618,,
2001-10-08,,-1.4874326335165406,,
2001-10-09,,-1.3920201953218885,,
2001-10-10,,-1.283101487388404,,
2001-10-11,,-1.1513300944202463,-0.017004937141084246,
2001-10-12,,0.05841505875220366,,
2001-10-15,,0.3433925975465766,,
2001-10-16,,0.29206048533233625,,
2001-10-17,,0.3996600322981379,,
2001-10-18,,0.4868750750155909,-1.1346492630309082,
2001-10-19,,0.6930898415168442,,
2001-10-22,,0.7470172607877247,,
2001-10-23,,0.7002803375826379,,
2001-10-24,,0.7443234532454295,,
2001-10-25,,0.8277007149228459,-1.0516337448183821,
2001-10-26,,0.9990149801747327,,
2001-10-29,,0.8970230472502602,,
2001-10-30,,0.7570084840790224,,
2001-10-31,,0.9002056579841055,,
2001-11-01,,0.9100885723110932,0.9906699174085464,
2001-11-02,,0.9695548974832924,,
2001-11-05,,0.9277204108587527,,
2001-11-06,,0.856853839480588,,
2001-11-07,,0.7572629529074113,,
2001-11-08,,0.840226621751002,1.4925060319083938,
2001-11-09,,0.7909364351910119,,
2001-11-12,,0.7324009527501505,,
2001-11-13,,0.6645958794158995,,
2001-11-14,,0.8206604526908661,,
2001-11-15,,1.2325346605719125,0.3842866122536278,
2001-11-16,,1.4463928600994387,,
2001-11-19,,1.3088765730235667,,
2001-11-20,,1.3896905706720089,,
2001-11-21,,1.4459775736710645,,
2001-11-22,,1.4604889123197948,-0.7968281594405391,
2001-11-23,,1.5191526087838731,,
2001-11-26,,1.4638462570385322,,
2001-11-27,,1.438442389655752,,
2001-11-28,,1.5290557340964315,,
2001-11-29,,1.208299183821421,-1.6542024390271832,
2001-11-30,,1.0880239082617134,,
2001-12-03,,0.9899095986175436,,
2001-12-04,,0.9126325663369226,,
2001-12-05,,1.1117236507866137,,
2001-12-06,,1.231454870171561,-0.8315151325854708,
2001-12-07,,1.1548959427522072,,
2001-12-10,,0.9082674280705724,,
2001-12-11,,0.8078954646372051,,
2001-12-12,,0.6484609319248978,,
2001-12-13,,0.5619149391698628,-1.5015919130102047,
2001-12-14,,0.1565441626340085,,
2001-12-17,,0.09240596226077359,,
2001-12-18,,0.03735468220117431,,
2001-12-19,,-0.135594915882974,,
2001-12-20,,-0.20810955450894975,-0.3360622323195612,
2001-12-21,,-0.1704802828673081,,
2001-12-24,,-0.23438317900996924,,
2001-12-25,,-0.21472361857670608,,
2001-12-26,,-0.1670791498914594,,
2001-12-27,,-0.279036396664204,-0.5809111608988224,
2001-12-28,,-0.08883395627099513,,
2001-12-31,,0.053814753921430335,,
2002-01-01,,0.043584673833523144,,
2002-01-02,,0.24445679928213232,,
2002-01-03,,0.11706240815604564,-0.3504874461295653,
2002-01-04,,0.02862301083200707,,
2002-01-07,,-0.1476467997877953,,
2002-01-08,,0.04928731994084917,,
2002-01-09,,0.1670403072428373,,
2002-01-10,,0.23494520318411868,-0.6877199588892581,
2002-01-11,,0.05351816786746525,,
2002-01-14,,0.06284660161976446,,
2002-01-15,,-0.20029674314510715,,
2002-01-16,,-0.04719503508951533,,
2002-01-17,,0.08541271733250887,1.1317670827838011,
2002-01-18,,-0.018131724404113307,,
2002-01-21,,-0.08034113510900638,,
2002-01-22,,-0.08022269166127935,,
2002-01-23,,-0.027878344981316385,,
2002-01-24,,-0.02807764804541959,0.8969810724738512,
2002-01-25,,0.08792084176138963,,
2002-01-28,,0.11884192258894245,,
2002-01-29,,-0.13865516196515584,,
2002-01-30,,-0.1704246950850065,,
2002-01-31,,0.1327532996617453,-0.14151579907707296,
2002-02-01,,0.12065977202160849,,
2002-02-04,,-0.03339801276157682,,
2002-02-05,,-0.03357534527460233,,
2002-02-06,,-0.08900916791596826,,
2002-02-07,,-0.09996807650858751,0.3142273652861038,
2002-02-08,,-0.12210412117174642,,
2002-02-11,,-0.031800968253159693,,
2002-02-12,,0.0358509894945086,,
2002-02-13,,0.18297426533688493,,
2002-02-14,,0.12427608252124374,-0.4959979689578943,
2002-02-15,,-0.0033009638406497066,,
2002-02-18,,0.05411709561768871,,
2002-02-19,,0.06500820953557605,,
2002-02-20,,-0.040988641675140644,,
2002-02-21,,-0.11168142804596218,0.5258453579851537,
2002-02-22,,-0.25327201306112285,,
2002-02-25,,-0.33527317976870336,,
2002-02-26,,-0.2977278892600729,,
2002-02-27,,-0.1881584418743974,,
2002-02-28,,-0.006120713178550962,-0.21952535278663537,
2002-03-01,,-0.2495414238749885,,
2002-03-04,,-0.2606169916189408,,
2002-03-05,,-0.02592881358263287,,
2002-03-06,,0.13447731874755536,,
2002-03-07,,0.504888897015756,-0.9881038667775842,
2002-03-08,,0.7104180453211282,,
2002-03-11,,0.7890855219668689,,
2002-03-12,,0.8045614813082121,,
2002-03-13,,0.6714620202936741,,
2002-03-14,,0.8128980468413517,-1.2040248979144192,
2002-03-15,,0.9018148802171112,,
2002-03-18,,0.9391842571086036,,
2002-03-19,,0.9631713210451612,,
2002-03-20,,1.071866681770908,,
2002-03-21,,1.1158492944940466,-1.1845117131174072,
2002-03-22,,1.1338261964097627,,
2002-03-25,,1.2347963765169399,,
2002-03-26,,1.1643032906182287,,
2002-03-27,,1.072498112257444,,
2002-03-28,,1.1500313575988852,-0.3871104580084648,
2002-03-29,,0.987859120545373,,
2002-03-31,,0.7704613027659725,,
2002-04-01,,0.7725902305072959,,
2002-04-02,,0.5827846895988493,,
2002-04-03,,0.3950491286204625,,
2002-04-04,,0.0742589094038211,0.048031813271910494,
2002-04-05,,-0.2093185127856152,,
2002-04-08,,-0.1840214978642063,,
2002-04-09,,-0.2208149075557926,,
2002-04-10,,-0.10779215770007713,,
2002-04-11,,-0.3337083544524663,1.4724113064192095,
2002-04-12,,-0.470872711675855,,
2002-04-15,,-0.4557239851502766,,
2002-04-16,,-0.40247339517020236,,
2002-04-17,,-0.43887341938825947,,
2002-04-18,,-0.39808538842948077,0.21442628891707952,
2002-04-19,,-0.4348986438923861,,
2002-04-22,,-0.5104923033683242,,
2002-04-23,,-0.40338126783083167,,
2002-04-24,,-0.4407083968871464,,
2002-04-25,,-0.4910704663107048,0.42295713260196494,
2002-04-26,,-0.5147970049319812,,
2002-04-29,,-0.48532621487822913,,
2002-04-30,,-0.1753468567215304,,
2002-05-01,,-0.10764765879043797,,
2002-05-02,,0.041140538447188374,1.5244594288096531,
2002-05-03,,-0.05491943587840438,,
2002-05-06,,-0.0005199779231684583,,
2002-05-07,,-0.12488095754384426,,
2002-05-08,,0.08259614483376217,,
2002-05-09,,0.011957991658636879,1.731211760627858,
2002-05-10,,-0.07259926667967657,,
2002-05-13,,0.06771311388855708,,
2002-05-14,,0.1795635466660027,,
2002-05-15,,0.03580581182450658,,
2002-05-16,,-0.23632155290302997,0.6531765954571073,
2002-05-17,,-0.19245200683667688,,
2002-05-20,,-0.2640698534929165,,
2002-05-21,,-0.2630770665205797,,
2002-05-22,,-0.3349956040245039,,
2002-05-23,,-0.21624359775269256,1.8996201984406078,
2002-05-24,,-0.1565687809948269,,
2002-05-27,,-0.1265894206445332,,
2002-05-28,,-0.21591253522460735,,
2002-05-29,,-0.783151630268901,1.734218808887713,
2002-05-30,,-0.8517693001176784,,
2002-05-31,,-0.9640708803457492,,
2002-06-03,,-0.8358074503213028,,
2002-06-04,,-0.918905833779345,,
2002-06-05,,-0.7607242935003954,,
2002-06-06,,-1.0106249660674629,1.4135813548641192,
2002-06-07,,-1.0906138499600098,,
2002-06-10,,-1.0640735218857396,,
2002-06-11,,-1.2023087647410222,,
2002-06-12,,-1.48345213405188,,
2002-06-13,,-1.4745062001385543,1.1400261918104981,
2002-06-14,,-1.4947084941328062,,
2002-06-17,,-1.456014504233795,,
2002-06-18,,-1.3466958532646776,,
2002-06-19,,-1.4422699100113097,,
2002-06-20,,-1.333990442237201,-0.06084221133429145,
2002-06-21,,-1.6543043470517693,,
2002-06-24,,-1.719377240216593,,
2002-06-25,,-1.7931505958068092,,
2002-06-26,,-2.7647630985360165,,
2002-06-27,,-2.650704519499439,1.8382066041361371,
2002-06-28,,-2.570927046819974,,
2002-06-30,,-1.8331638421401117,,
2002-07-01,,-1.72881192450849,,
2002-07-02,,-1.875899225559798,,
2002-07-03,,-1.9746750887461482,2.068665243860737,
2002-07-04,,-1.8735399601052218,,
2002-07-05,,-1.6907067253674848,,
2002-07-08,,-1.607477649158327,,
2002-07-09,,-1.462914843831781,,
2002-07-10,,-1.3800719727901756,,
2002-07-11,,-1.5177411764133926,1.3454001449940056,
2002-07-12,,-1.3253006515851682,,
2002-07-15,,-1.28078277701205,,
2002-07-16,,-1.195008037009319,,
2002-07-17,,-1.1121723503137484,,
2002-07-18,,-1.1921850878623257,2.3473872753157163,
2002-07-19,,-1.0883679837905453,,
2002-07-22,,-1.1470879944069894,,
2002-07-23,,-1.276915006829181,,
2002-07-24,,-0.6841917294957589,,
2002-07-25,,-0.6132233607336232,1.953405621577849,
2002-07-26,,-0.6719716831139263,,
2002-07-29,,-1.049995451903546,,
2002-07-30,,-1.0773735459735345,,
2002-07-31,,-0.5078169190245649,,
2002-08-01,,-0.22254472486689655,0.7365584582598635,
2002-08-02,,-0.4597196724215409,,
2002-08-05,,-0.6836865094641968,,
2002-08-06,,-0.5355275188076726,,
2002-08-07,,-0.6288217622173881,,
2002-08-08,,-0.49145023841384755,0.9475658996925838,
2002-08-09,,-0.3440272777224169,,
2002-08-12,,-0.42969685487434134,,
2002-08-13,,-0.6694826621097858,,
2002-08-14,,-0.7840208553609691,,
2002-08-15,,-0.4983111357222055,1.0300679680601597,
2002-08-16,,-0.32629077014611735,,
2002-08-19,,-0.1998772969431283,,
2002-08-20,,-0.07369323115436156,,
2002-08-21,,0.24593805412584588,,
2002-08-22,,0.7921892008308246,0.632517188161766,
2002-08-23,,0.8426465693563481,,
2002-08-26,,1.084790871804715,,
2002-08-27,,1.061483729785707,,
2002-08-28,,0.9821833324240304,,
2002-08-29,,0.6197357183645116,-0.2356052557278014,
2002-08-30,,0.4317384943442957,,
2002-08-31,,0.5563199180931128,,
2002-09-02,,0.7377250804622183,,
2002-09-03,,0.43024619778720813,,
2002-09-04,,0.5329483608317451,,
2002-09-05,,0.40051843023327793,1.7790129586429475,
2002-09-06,,0.6339149573012723,,
2002-09-09,,0.7237613112678901,,
2002-09-10,,0.8831335533966096,,
2002-09-11,,1.0628487294055733,,
2002-09-12,,0.7807856529810399,0.7504464315511151,
2002-09-13,,0.6558846080816222,,
2002-09-16,,0.6986701917283596,,
2002-09-17,,0.7171658539205316,,
2002-09-18,,0.5798895323529503,,
2002-09-19,,0.09305175162790523,1.2904324784479917,
2002-09-20,,-0.06535887042119855,,
2002-09-23,,-0.3944545340160761,,
2002-09-24,,-0.6966600364500086,,
2002-09-25,,-0.543579200718135,,
2002-09-26,,-0.48995862158972886,1.913107816966664,
2002-09-27,,-0.6584715749365742,,
2002-09-30,,-0.5537550353314971,,
2002-10-01,,-0.4125729701624221,,
2002-10-02,,-0.3719522297210822,,
2002-10-03,,-0.557000040816732,1.3915517376569686,
2002-10-04,,-0.5522670799229127,,
2002-10-07,,-0.9109081591094751,,
2002-10-08,,-1.0989959263198745,,
2002-10-09,,-1.4388643317974836,,
2002-10-10,,-1.5792740801715446,2.0025737031373763,
2002-10-11,,-1.3421931924092212,,
2002-10-14,,-1.3180572157194335,,
2002-10-15,,-0.9122248718387376,,
2002-10-16,,-0.9130469092572521,,
2002-10-17,,-0.7327396034166083,0.7135111717092749,
2002-10-18,,-0.5304810921948763,,
2002-10-21,,-0.268312152312604,,
2002-10-22,,-0.0066778905103642636,,
2002-10-23,,0.15539946649967282,,
2002-10-24,,0.0674530303370662,0.17481504339139542,
2002-10-25,,0.004673733599127973,,
2002-10-28,,0.19460652477064272,,
2002-10-29,,0.07959455819932647,,
2002-10-30,,-0.009827578131413023,,
2002-10-31,,0.19613463330466646,-0.453798298313634,
2002-11-01,,0.5306076091528753,,
2002-11-04,,0.8366730907246641,,
2002-11-05,,1.175455622474357,,
2002-11-06,,1.4773668950223888,,
2002-11-07,,1.7999086620412552,-0.45791264159599376,
2002-11-08,,1.7490230749276894,,
2002-11-11,,1.5316023305676327,,
2002-11-12,,1.5654586697042832,,
2002-11-13,,1.151882436299125,,
2002-11-14,,1.3435670254101808,-0.08244698589633367,
2002-11-15,,1.4076934275940283,,
2002-11-18,,1.4923472744063586,,
2002-11-19,,1.44331663212446,,
2002-11-20,,1.6637957061700717,,
2002-11-21,,1.9136428384467274,-0.7318009794690881,
2002-11-22,,1.9754650789032082,,
2002-11-25,,1.9977141457495668,,
2002-11-26,,1.7817930701736056,,
2002-11-27,,2.0754013385119454,,
2002-11-28,,1.9613763022341737,-0.2210591483325105,
2002-11-29,,1.8051472456267899,,
2002-11-30,,1.8198203049596466,,
2002-12-02,,1.7632194973643844,,
2002-12-03,,1.612158730558264,,
2002-12-04,,1.3521881041458335,,
2002-12-05,,1.269920244852162,-1.0291982834627176,
2002-12-06,,1.1809288962230442,,
2002-12-09,,1.104656116803747,,
2002-12-10,,1.089255392247154,,
2002-12-11,,0.9961611782209481,,
2002-12-12,,0.8465441534406433,-0.11110547629100839,
2002-12-13,,0.7488091524737526,,
2002-12-16,,0.7709318287987084,,
2002-12-17,,0.6543361096904462,,
2002-12-18,,0.38954960897697927,,
2002-12-19,,0.055234620401165384,0.11223422835844254,
2002-12-20,,-0.016073409127333238,,
2002-12-23,,-0.05686730501271125,,
2002-12-24,,0.06592591071241594,,
2002-12-25,,-0.14024497297746003,,
2002-12-26,,-0.15000284719733797,0.359881957353794,
2002-12-27,,-0.17014878367021666,,
2002-12-30,,-0.37814619915296804,,
2002-12-31,,-0.30265257193112993,,
2003-01-01,,-0.30106649388508283,,
2003-01-02,,0.11400111418059769,1.0405739324995946,
2003-01-03,,0.28354713477821936,,
2003-01-06,,0.5696061056433877,,
2003-01-07,,0.8095483980141087,,
2003-01-08,,0.8540719883000588,,
2003-01-09,,1.1294792113425374,0.9964731803606652,
2003-01-10,,1.1130733179286942,,
2003-01-13,,1.023884903557246,,
2003-01-14,,0.8529976643719331,,
2003-01-15,,0.8643788982529633,,
2003-01-16,,0.8649532778208694,0.7447736166862381,
2003-01-17,,0.8339005771743357,,
2003-01-20,,0.7717693249829721,,
2003-01-21,,0.7635042916697592,,
2003-01-22,,0.6493871714790103,,
2003-01-23,,0.7174727087611631,1.6510010956994792,
2003-01-24,,0.6674954186525477,,
2003-01-27,,0.6715274165823045,,
2003-01-28,,0.7288790726005642,,
2003-01-29,,0.4853081530426014,,
2003-01-30,,0.4702500706303133,1.8195660525552844,
2003-01-31,,0.1512633984372801,,
2003-02-03,,0.14990259875809678,,
2003-02-04,,-0.10438999813780783,,
2003-02-05,,-0.21479944834992742,,
2003-02-06,,-0.43610507600874704,0.8271719352400085,
2003-02-07,,-0.7339922354402013,,
2003-02-10,,-0.7174660958279874,,
2003-02-11,,-0.7345700425731981,,
2003-02-12,,-0.8296647511424338,,
2003-02-13,,-1.0346187399349145,1.4764223162227814,
2003-02-14,,-0.9126715943392314,,
2003-02-17,,-0.736517505847837,,
2003-02-18,,-0.6972134287920598,,
2003-02-19,,-0.6469675345770782,,
2003-02-20,,-0.4948255614506762,2.415111651598743,
2003-02-21,,-0.46904386128726283,,
2003-02-24,,-0.3974216821074294,,
2003-02-25,,-0.3490853747628179,,
2003-02-26,,-0.38211036869901766,,
2003-02-27,,-0.3450859165953596,1.6143938374349025,
2003-02-28,,-0.3081376928458504,,
2003-03-03,,-0.1533069054347635,,
2003-03-04,,-0.2713105633859439,,
2003-03-05,,-0.2104365491117459,,
2003-03-06,,-0.24546884025752266,0.8774281440528453,
2003-03-07,,-0.13592103041874876,,
2003-03-10,,-0.13543949327052615,,
2003-03-11,,-0.12277986037753331,,
2003-03-12,,-0.0856310358328961,,
2003-03-13,,0.27148434478404787,1.389553087526531,
2003-03-14,,0.4914997117017323,,
2003-03-17,,0.5616653318590694,,
2003-03-18,,0.6682318316587712,,
2003-03-19,,0.6744668668439092,,
2003-03-20,,0.6806155909705566,0.33467097043832783,
2003-03-21,,0.8355701247666255,,
2003-03-24,,0.5653601502010953,,
2003-03-25,,0.5604746895191652,,
2003-03-26,,0.6309344485829546,,
2003-03-27,,0.6377415769625066,0.23811871705636045,
2003-03-28,,0.5940256806394796,,
2003-03-31,,0.6013578737524353,,
2003-04-01,,0.6212937318815837,,
2003-04-02,,0.9573953995203205,,
2003-04-03,,1.0336343279002902,0.8426475070462262,
2003-04-04,,1.0825793424395427,,
2003-04-07,,1.2665267468256725,,
2003-04-08,,1.1715311739164256,,
2003-04-09,,0.9678866340095701,,
2003-04-10,,0.9803316482159447,0.18141330144744075,
2003-04-11,,0.8557252860326754,,
2003-04-14,,0.9700134414892448,,
2003-04-15,,0.8580162280929803,,
2003-04-16,,0.7106021580217113,,
2003-04-17,,0.7656270293960681,-0.1661208462091163,
2003-04-18,,0.7070100458239503,,
2003-04-21,,0.5736764106848709,,
2003-04-22,,0.7948578406410166,,
2003-04-23,,0.9612569453136256,,
2003-04-24,,0.948494604683878,-1.5680090551436228,
2003-04-25,,0.9234778138361042,,
2003-04-28,,0.9489217090616169,,
2003-04-29,,1.0109642826996375,,
2003-04-30,,0.9966705666796059,,
2003-05-01,,0.7585156706967668,-0.5349809055905228,
2003-05-02,,0.8246546953513615,,
2003-05-05,,0.739439213524385,,
2003-05-06,,0.4540424363611376,,
2003-05-07,,0.42419014918710035,,
2003-05-08,,0.43270305471981835,-1.085242584797513,
2003-05-09,,0.4156290141494058,,
2003-05-12,,0.3217423333624196,,
2003-05-13,,0.20248100992406248,,
2003-05-14,,0.018643836403688566,,
2003-05-15,,0.08293062451442303,-1.640024265133446,
2003-05-16,,-0.12825090630164684,,
2003-05-19,,-0.1678374750427964,,
2003-05-20,,-0.37959715415977596,,
2003-05-21,,-0.4976701814600763,,
2003-05-22,,-0.7748570095996757,0.4629081182725386,
2003-05-23,,-0.8094040265216872,,
2003-05-26,,-0.8168726275284313,,
2003-05-27,,-0.8777373179513743,,
2003-05-28,,-1.0045212024934602,,
2003-05-29,,-1.1154840698899489,-1.7114224594038865,
2003-05-30,,-1.11748005211829,,
2003-05-31,,-1.2255992407406329,,
2003-06-02,,-1.0523347739338031,,
2003-06-03,,-1.0289346668747417,,
2003-06-04,,-0.8053346318243912,,
2003-06-05,,-0.5162329757368208,-0.9457989423802193,
2003-06-06,,-0.40477471791367287,,
2003-06-09,,-0.4438231091225738,,
2003-06-10,,-0.5375552880476923,,
2003-06-11,,-0.30038458110716026,,
2003-06-12,,-0.36846685637547305,-0.37024149130912004,
2003-06-13,,-0.22752624244705882,,
2003-06-16,,0.02538583848404331,,
2003-06-17,,0.4183067775471946,,
2003-06-18,,0.5973688693749396,,
2003-06-19,,0.6056690290215472,-0.3525431492015259,
2003-06-20,,0.6420757823044411,,
2003-06-23,,0.43736676096184723,,
2003-06-24,,0.33360592111379567,,
2003-06-25,,0.5451587449447701,,
2003-06-26,,0.6829609064284229,-2.3078312173309734,
2003-06-27,,0.5899134546130267,,
2003-06-30,,0.41125310073159294,,
2003-07-01,,0.18989142993603464,,
2003-07-02,,0.26088936197540263,,
2003-07-03,,0.3023450412866125,0.36816933145078107,
2003-07-04,,0.12285980938645896,,
2003-07-07,,0.06212184714403898,,
2003-07-08,,0.22469331055048483,,
2003-07-09,,0.32698827364544897,,
2003-07-10,,0.15890433802642406,0.07171858393495151,
2003-07-11,,0.051481035838649505,,
2003-07-14,,0.18693912694175027,,
2003-07-15,,0.27633405682077167,,
2003-07-16,,-0.03253783476534196,,
2003-07-17,,-0.17173617783184492,-0.4253952985338675,
2003-07-18,,-0.10953820083698068,,
2003-07-21,,0.12378382474816568,,
2003-07-22,,0.23160732944455634,,
2003-07-23,,0.26065823869519206,,
2003-07-24,,0.06882874351719154,-0.3581271105763401,
2003-07-25,,-0.17041671343014722,,
2003-07-28,,-0.04256118500288851,,
2003-07-29,,0.14927251410202413,,
2003-07-30,,-0.14249672757073306,,
2003-07-31,,0.16528023380426227,-1.019266712043769,
2003-08-01,,-0.11326179537098563,,
2003-08-04,,-0.22793300898640914,,
2003-08-05,,-0.26025222015432464,,
2003-08-06,,-0.8197534899295212,,
2003-08-07,,-0.9615879469179238,0.053217637245366926,
2003-08-08,,-0.8712840141240097,,
2003-08-11,,-0.6993781342113903,,
2003-08-12,,-0.9598325677935933,,
2003-08-13,,-1.0672533099246804,,
2003-08-14,,-1.1230295379977702,-0.614522826894699,
2003-08-15,,-1.1446302754374142,,
2003-08-18,,-1.08344638512754,,
2003-08-19,,-1.2372835078485813,,
2003-08-20,,-0.8278209553688556,,
2003-08-21,,-0.38819000150162697,-1.4315335777486622,
2003-08-22,,-0.4368160642273573,,
2003-08-25,,-0.23206498402455325,,
2003-08-26,,-0.40108127368865504,,
2003-08-27,,-0.2627792071067008,,
2003-08-28,,-0.004485080390764889,-0.9217616288266648,
2003-08-29,,-0.16032257291836519,,
2003-08-31,,-0.038623331192842766,,
2003-09-01,,0.0830014550425707,,
2003-09-02,,0.4841087205643617,,
2003-09-03,,0.984934988925824,,
2003-09-04,,0.972918945553707,-1.4630285465400303,
2003-09-05,,0.6308262268510129,,
2003-09-08,,0.6598036841001952,,
2003-09-09,,0.7584873391627502,,
2003-09-10,,0.36334078267089015,,
2003-09-11,,0.5902869542271678,-1.197158179076731,
2003-09-12,,0.4960000366242207,,
2003-09-15,,0.4379909630872984,,
2003-09-16,,0.3802987395250082,,
2003-09-17,,0.03432964946149967,,
2003-09-18,,-0.16622258590468106,-1.2910870987922933,
2003-09-19,,-0.03829655758157342,,
2003-09-22,,-0.2405125379510599,,
2003-09-23,,-0.3135176642461228,,
2003-09-24,,-0.5342707084552588,,
2003-09-25,,-0.45721299383980146,-0.8949841794345806,
2003-09-26,,-0.734251504552296,,
2003-09-29,,-0.5800973907451172,,
2003-09-30,,-0.7828113415781668,,
2003-10-01,,-1.1876157334826336,,
2003-10-02,,-1.0449300902481051,-0.25595489601015115,
2003-10-03,,-0.5293867888394225,,
2003-10-06,,-0.33731218616981606,,
2003-10-07,,-0.24073660959572438,,
2003-10-08,,-0.20169296495850234,,
2003-10-09,,0.10682254287427108,-0.8584460538435467,
2003-10-10,,-0.010556189717120771,,
2003-10-13,,0.12498709611707497,,
2003-10-14,,0.3968695746538158,,
2003-10-15,,0.5889187622439942,,
2003-10-16,,0.8568237974089233,-1.4096866834718451,
2003-10-17,,0.5541944618632227,,
2003-10-20,,0.4309529451662299,,
2003-10-21,,0.4667469606898062,,
2003-10-22,,0.3234029715726478,,
2003-10-23,,0.3405059541665261,-0.9079124468185863,
2003-10-24,,0.21692215428836814,,
2003-10-27,,0.5575567243112409,,
2003-10-28,,0.3097863324976146,,
2003-10-29,,0.7328412881238755,,
2003-10-30,,0.8062841143859334,-1.0328863618816566,
2003-10-31,,0.4930030987775099,,
2003-11-03,,0.28373151496477267,,
2003-11-04,,0.3634072214131707,,
2003-11-05,,0.23599211176945378,,
2003-11-06,,0.29601971564997115,-1.1038519380717484,
2003-11-07,,0.20968134875428052,,
2003-11-10,,0.24950015634926842,,
2003-11-11,,0.22595191905538992,,
2003-11-12,,-0.15819593140829197,,
2003-11-13,,-0.7539466781790399,-0.9962523509664141,
2003-11-14,,-1.1089307747601913,,
2003-11-17,,-0.9714619806479984,,
2003-11-18,,-0.9420885289814868,,
2003-11-19,,-0.7640818469723775,,
2003-11-20,,-0.7161003188346934,-0.6795422085648503,
2003-11-21,,-0.6685065686238905,,
2003-11-24,,-0.3400376610477621,,
2003-11-25,,-0.4257870709510653,,
2003-11-26,,-0.11756960433878244,,
2003-11-27,,-0.33764638217405546,-1.0115148173411512,
2003-11-28,,-0.3363623098740832,,
2003-11-30,,-0.26845570952705833,,
2003-12-01,,-0.2006270845470659,,
2003-12-02,,-0.0879390280688638,,
2003-12-03,,-0.043032786965936404,,
2003-12-04,,-0.15700362178216373,-1.686181908686034,
2003-12-05,,-0.5441640814213768,,
2003-12-08,,-0.3583951493136964,,
2003-12-09,,-0.12687119372319425,,
2003-12-10,,-0.08060332408234767,,
2003-12-11,,-0.05762248572142651,-0.7202410806660954,
2003-12-12,,0.08227060724321225,,
2003-12-15,,0.24547417882157385,,
2003-12-16,,0.12516598164064527,,
2003-12-17,,-0.1374892430426748,,
2003-12-18,,0.12505489428687283,-1.0117982399843788,
2003-12-19,,0.1235403546381531,,
2003-12-22,,0.04971336009708074,,
2003-12-23,,0.21822392353026332,,
2003-12-24,,-0.1735333071436225,,
2003-12-25,,-0.1733137498520981,,
2003-12-26,,-0.46815070525846314,-1.3319131871161416,
2003-12-29,,-0.2684106522725319,,
2003-12-30,,-0.41654399369878686,,
2003-12-31,,-0.48947225866072624,,
2004-01-01,,-0.6869356714805673,-1.3364002561708004,
2004-01-02,,-0.45699930100764435,,
2004-01-05,,0.1515281266040147,,
2004-01-06,,-0.12958933660048552,,
2004-01-07,,-0.2317568503671314,,
2004-01-08,,-0.025808394610651084,-1.3258824214284501,
2004-01-09,,-0.052234909849083674,,
2004-01-12,,-0.052703747238894774,,
2004-01-13,,-0.3660297080436174,,
2004-01-14,,-0.2336387936608916,,
2004-01-15,,0.0040215276514746325,-1.6004100066096414,
2004-01-16,,0.10914152178556072,,
2004-01-19,,0.10772744058766377,,
2004-01-20,,0.07956827506431294,,
2004-01-21,,-0.21750530093314402,,
2004-01-22,,-0.027802035667863195,-1.5595234215411304,
2004-01-23,,0.27037597511037936,,
2004-01-26,,0.43138327558272266,,
2004-01-27,,-0.06550187346054903,,
2004-01-28,,-0.010792940320574908,,
2004-01-29,,-0.2886157212283562,-0.9182480770522129,
2004-01-30,,-0.5934576211028515,,
2004-01-31,,-0.9234913186715652,,
2004-02-02,,-1.2475476854543248,,
2004-02-03,,-1.5071394423585762,,
2004-02-04,,-1.728650379358095,,
2004-02-05,,-1.884936993394989,-0.3498566055154619,
2004-02-06,,-1.7958247089927664,,
2004-02-09,,-1.6324468920127886,,
2004-02-10,,-1.3704901413260309,,
2004-02-11,,-1.562776483587779,,
2004-02-12,,-1.3830380006632614,-0.887814993920564,
2004-02-13,,-1.624751762792876,,
2004-02-16,,-1.573244523244423,,
2004-02-17,,-1.6003812806671593,,
2004-02-18,,-1.6514346706381362,,
2004-02-19,,-1.5991676383029139,-0.6157732897502932,
2004-02-20,,-1.7986829936099609,,
2004-02-23,,-2.0343734175140673,,
2004-02-24,,-1.8921744176744362,,
2004-02-25,,-1.9732002650909926,,
2004-02-26,,-1.573945102832517,0.46781336459121886,
2004-02-27,,-1.3336287150868755,,
2004-02-29,,-1.2686295846550817,,
2004-03-01,,-1.1089524637565713,,
2004-03-02,,-0.6605361957810322,,
2004-03-03,,-0.5825738103888672,,
2004-03-04,,-0.5788805995975055,-0.5864997533578323,
2004-03-05,,-0.5505093754453609,,
2004-03-08,,-0.745290646543096,,
2004-03-09,,-0.9130890301869314,,
2004-03-10,,-0.6569519849327079,,
2004-03-11,,-1.0503409958176464,0.6205816145954142,
2004-03-12,,-0.841324515841367,,
2004-03-15,,-0.9341475150358606,,
2004-03-16,,-1.2731397127312372,,
2004-03-17,,-1.134128437351478,,
2004-03-18,,-0.9979901796623292,0.4144715112033799,
2004-03-19,,-0.9636202438874248,,
2004-03-22,,-0.9796020892598375,,
2004-03-23,,-0.8205894074327741,,
2004-03-24,,-0.9140774727614319,,
2004-03-25,,-0.930998420504801,1.4476744873140497,
2004-03-26,,-0.595293643455509,,
2004-03-29,,-0.38816429656192036,,
2004-03-30,,-0.4880165082704231,,
2004-03-31,,-0.8680584156625344,,
2004-04-01,,-0.6305850742654021,-0.517078489141422,
2004-04-02,,-0.1620485309701397,,
2004-04-05,,0.2543730287031239,,
2004-04-06,,0.22678419532194424,,
2004-04-07,,0.3827212431099617,,
2004-04-08,,0.4329614232708838,-0.767188567918681,
2004-04-09,,0.5358005226183414,,
2004-04-12,,0.5851016361615438,,
2004-04-13,,0.7931116700734124,,
2004-04-14,,1.0772931124451297,,
2004-04-15,,1.0393869452333986,-1.2618902081179604,
2004-04-16,,0.8964523334550697,,
2004-04-19,,0.8616779934021181,,
2004-04-20,,1.1716986641842584,,
2004-04-21,,1.210541969863771,,
2004-04-22,,1.1957634786951568,-0.25136444602685143,
2004-04-23,,1.4164950331079884,,
2004-04-26,,1.0827712522254238,,
2004-04-27,,0.7812908739781157,,
2004-04-28,,0.8539835916233792,,
2004-04-29,,1.0048327346172423,-0.3067064498618981,
2004-04-30,,0.5431425236514946,,
2004-05-03,,0.05607830925933554,,
2004-05-04,,-0.21469680326632365,,
2004-05-05,,-0.10510808266861639,,
2004-05-06,,-0.3776897494550555,0.45632201358298785,
2004-05-07,,-0.3756853355454596,,
2004-05-10,,-0.9765186631701982,,
2004-05-11,,-1.1579695667018812,,
2004-05-12,,-1.4957792740092248,,
2004-05-13,,-1.606683517659225,1.450457981543298,
2004-05-14,,-1.9207849611656782,,
2004-05-17,,-2.059346642209759,,
2004-05-18,,-1.808469250149388,,
2004-05-19,,-1.4938199846985467,,
2004-05-20,,-1.6740865521092188,1.1129934172850826,
2004-05-21,,-1.3925220587467888,,
2004-05-24,,-1.5995672607254698,,
2004-05-25,,-1.5230820087392625,,
2004-05-26,,-1.4245907149845842,,
2004-05-27,,-1.6018713406173073,1.137958848821294,
2004-05-28,,-1.3286943380223595,,
2004-05-31,,-1.212032291854786,,
2004-06-01,,-1.0734306375450493,,
2004-06-02,,-0.8875999779777377,,
2004-06-03,,-0.9545069982292116,0.6241017335768126,
2004-06-04,,-0.5435313578956534,,
2004-06-07,,-0.66618110114592,,
2004-06-08,,0.0513680480185429,,
2004-06-09,,0.2561799671585143,,
2004-06-10,,0.40918377101768433,-0.8286483385021977,
2004-06-11,,0.5873626671487925,,
2004-06-14,,0.9955341209529216,,
2004-06-15,,0.8831530157680092,,
2004-06-16,,0.7980432690721105,,
2004-06-17,,0.4018265377183341,0.35488519686442666,
2004-06-18,,0.712913746960804,,
2004-06-21,,0.49806378125295775,,
2004-06-22,,0.5212250818897328,,
2004-06-23,,0.4913966058568135,,
2004-06-24,,0.4085381564547455,-0.5517107908725915,
2004-06-25,,0.5395237319287557,,
2004-06-28,,0.5627238728868708,,
2004-06-29,,0.5320519556106188,,
2004-06-30,,0.06858191582461032,,
2004-07-01,,-0.06798612681233142,-0.8995653773543281,
2004-07-02,,-0.12238652996525914,,
2004-07-05,,-0.39676080174323064,,
2004-07-06,,-0.2562611323217826,,
2004-07-07,,-0.39360214167747465,,
2004-07-08,,-0.4747833040691383,-0.5505633468816441,
2004-07-09,,-0.3878104804399724,,
2004-07-12,,-0.4135717648084963,,
2004-07-13,,-0.3827660511434402,,
2004-07-14,,0.07439831105947801,,
2004-07-15,,-0.011752661209896263,-0.09324639001318984,
2004-07-16,,-0.2128528505135492,,
2004-07-19,,-0.21163756142495968,,
2004-07-20,,0.13806822778080685,,
2004-07-21,,0.07896589119486551,,
2004-07-22,,-0.12689802658665086,0.44614998143330264,
2004-07-23,,-0.15567702876218817,,
2004-07-26,,-0.18444388266870243,,
2004-07-27,,-0.36212004514902596,,
2004-07-28,,-0.33001398062230514,,
2004-07-29,,0.15350487397896997,1.0764335981638058,
2004-07-30,,0.0921964296198496,,
2004-07-31,,0.12217014815669287,,
2004-08-02,,0.09097075768518037,,
2004-08-03,,-0.09397853856704216,,
2004-08-04,,-0.15524537831730445,,
2004-08-05,,-0.18541784214350138,1.1018120233669888,
2004-08-06,,-0.6827672983919548,,
2004-08-09,,-0.5841330816563922,,
2004-08-10,,-0.6426613643267673,,
2004-08-11,,-0.7320801534785522,,
2004-08-12,,-1.0395973257897952,1.0278156560126674,
2004-08-13,,-0.8725302257601749,,
2004-08-16,,-0.86480370305939,,
2004-08-17,,-1.2953004953694605,,
2004-08-18,,-1.1854146705119606,,
2004-08-19,,-0.9217676431299016,0.952988130376196,
2004-08-20,,-0.6298570926908179,,
2004-08-23,,-0.4348282076812587,,
2004-08-24,,-0.49574979991041274,,
2004-08-25,,-0.2679348482360141,,
2004-08-26,,-0.3951902294092454,0.20851549910992964,
2004-08-27,,-0.16580781460041816,,
2004-08-30,,-0.09952329375370048,,
2004-08-31,,-0.2953660168508468,,
2004-09-01,,-0.2934764689773907,,
2004-09-02,,0.006222128981072261,0.34146982907042256,
2004-09-03,,0.3058010994212804,,
2004-09-06,,0.7706792635172286,,
2004-09-07,,0.5313232236481639,,
2004-09-08,,0.29278872993009936,,
2004-09-09,,0.4939873897196343,-0.287167120774868,
2004-09-10,,0.7278450683751538,,
2004-09-13,,0.8915758679815685,,
2004-09-14,,0.7824190967058625,,
2004-09-15,,0.9460179891241415,,
2004-09-16,,0.39192065649282604,0.3255177868942126,
2004-09-17,,0.6987164692218191,,
2004-09-20,,0.34911627369725706,,
2004-09-21,,0.24306106196631183,,
2004-09-22,,0.1370849259655221,,
2004-09-23,,0.38200207133092556,-0.18001974342425853,
2004-09-24,,0.4150448041230697,,
2004-09-27,,0.16483401216553945,,
2004-09-28,,0.1996465941646332,,
2004-09-29,,0.6273525190919657,,
2004-09-30,,0.5156889237072164,0.8827023939440714,
2004-10-01,,0.4044651684044026,,
2004-10-04,,0.039778033059861516,,
2004-10-05,,0.03964560749853878,,
2004-10-06,,0.478850051634243,,
2004-10-07,,0.7323547887681306,-0.7881956063054404,
2004-10-08,,0.21157283094046603,,
2004-10-11,,0.17337594539086087,,
2004-10-12,,0.06059382303699044,,
2004-10-13,,-0.05218390483295515,,
2004-10-14,,-0.27798360924149346,0.1954835893610269,
2004-10-15,,0.3297395575394029,,
2004-10-18,,-0.16698198259756,,
2004-10-19,,-0.012907225586121358,,
2004-10-20,,-0.3589281623858213,,
2004-10-21,,-0.047594327068369816,0.32512056675447976,
2004-10-22,,-0.43565478513077815,,
2004-10-25,,-0.3159621069434288,,
2004-10-26,,0.03898334475959697,,
2004-10-27,,0.4723866996951855,,
2004-10-28,,0.4299829508318837,0.4729975145178918,
2004-10-29,,0.6653472781156596,,
2004-10-31,,0.1825091554531061,,
2004-11-01,,0.46224760769522466,,
2004-11-02,,0.5398333901684892,,
2004-11-03,,0.41521592311135186,,
2004-11-04,,0.49390364997997915,-0.6614406808105575,
2004-11-05,,1.338912994681183,,
2004-11-08,,1.3615731422140886,,
2004-11-09,,1.3437447843239474,,
2004-11-10,,1.48442916260136,,
2004-11-11,,1.5802461499070932,-0.9685957693335819,
2004-11-12,,1.2028133805483279,,
2004-11-15,,1.4242645309176276,,
2004-11-16,,1.5209283513100018,,
2004-11-17,,1.536405042577134,,
2004-11-18,,1.358675076083766,-0.9913568500668773,
2004-11-19,,1.6470392171806298,,
2004-11-22,,1.4290678737818199,,
2004-11-23,,1.370694754645401,,
2004-11-24,,1.008172116326558,-0.07685927174194682,
2004-11-25,,0.8054085028701736,,
2004-11-26,,0.9532642891438199,,
2004-11-29,,1.328532113438886,,
2004-11-30,,0.8502575943163395,,
2004-12-01,,0.8427634777556315,,
2004-12-02,,0.7187860635134581,-0.49192847263704953,
2004-12-03,,0.203814117336229,,
2004-12-06,,-0.38974941684549125,,
2004-12-07,,-0.3084136787548964,,
2004-12-08,,-0.4661139149082482,,
2004-12-09,,-0.34351049159643143,-0.23599599089700984,
2004-12-10,,-0.30153537588755486,,
2004-12-13,,-0.057414442290384116,,
2004-12-14,,-0.17931570050118775,,
2004-12-15,,-0.26027282676231445,,
2004-12-16,,0.31601194376491487,-0.5825998679402065,
2004-12-17,,0.23146103375146243,,
2004-12-20,,-0.0605001454976794,,
2004-12-21,,-0.018677491371414136,,
2004-12-22,,-0.060744710841746374,,
2004-12-23,,-0.14496949109198282,-0.9950183534897483,
2004-12-24,,-0.05963626318451985,,
2004-12-27,,-0.0595397667574323,,
2004-12-28,,-0.18795149697260227,,
2004-12-29,,0.1573437977656537,,
2004-12-30,,-0.06017772157896177,-0.890597371218941,
2004-12-31,,-0.6248745177598668,,
2005-01-03,,-0.1412222044569328,,
2005-01-04,,0.2983286559435774,,
2005-01-05,,-0.14478127279757388,,
2005-01-06,,-0.14421842768251214,0.8872201763611811,
2005-01-07,,-0.27737618612605214,,
2005-01-10,,-0.4550200445893601,,
2005-01-11,,-0.9445359131330622,,
2005-01-12,,-0.980843666412454,,
2005-01-13,,-1.1499916785036075,1.331723401415774,
2005-01-14,,-1.4470780397020089,,
2005-01-17,,-1.383257578329545,,
2005-01-18,,-1.539742325488067,,
2005-01-19,,-1.4298608923798513,,
2005-01-20,,-1.8825389687425438,1.0347360703773312,
2005-01-21,,-2.0129548342981476,,
2005-01-24,,-1.9687580408703382,,
2005-01-25,,-1.8447415151803574,,
2005-01-26,,-1.7271261970476228,,
2005-01-27,,-1.6556978295881266,1.49776031230909,
2005-01-28,,-1.668335926846985,,
2005-01-31,,-1.2751214177116827,,
2005-02-01,,-1.3002065303292192,,
2005-02-02,,-1.405509551364374,,
2005-02-03,,-0.8981157828612452,0.20470892871445462,
2005-02-04,,-0.8490783565513075,,
2005-02-07,,-0.8418164767607749,,
2005-02-08,,-0.5864855468516389,,
2005-02-09,,-0.5407460644096064,,
2005-02-10,,-0.24390729388861335,0.002500579593614678,
2005-02-11,,0.09495395677494857,,
2005-02-14,,0.05215782450697292,,
2005-02-15,,0.22247717662403846,,
2005-02-16,,0.6487606180589137,,
2005-02-17,,0.6442849231538431,0.6998096004906166,
2005-02-18,,1.2792600276070525,,
2005-02-21,,1.432108383455926,,
2005-02-22,,1.4540963138467986,,
2005-02-23,,1.056453264726457,,
2005-02-24,,1.172227321010826,1.008704479794357,
2005-02-25,,1.1172006007031643,,
2005-02-28,,1.3568541624159278,,
2005-03-01,,1.5051805371743823,,
2005-03-02,,1.2342549928988202,,
2005-03-03,,1.0112003765291966,0.399718151445402,
2005-03-04,,0.6651233687455714,,
2005-03-07,,0.9976892029538189,,
2005-03-08,,1.1559317223520102,,
2005-03-09,,1.226708296876253,,
2005-03-10,,1.2538794346030522,-0.21475726379627091,
2005-03-11,,1.1970247173068311,,
2005-03-14,,0.8484760863905119,,
2005-03-15,,0.7990502496292287,,
2005-03-16,,0.07021287504365752,,
2005-03-17,,-0.6999884286547076,1.0073800998407023,
2005-03-18,,-0.6094702443214376,,
2005-03-21,,-1.2873954487372925,,
2005-03-22,,-1.2717452848731061,,
2005-03-23,,-1.7571132998556034,,
2005-03-24,,-1.6430623331898935,1.8908167948982417,
2005-03-25,,-1.8195182396045888,,
2005-03-28,,-1.9449619618304408,,
2005-03-29,,-2.3335620643548345,,
2005-03-30,,-2.7171788717105914,,
2005-03-31,,-3.0,2.0237612240715337,
2005-04-01,,-3.0,,
2005-04-04,,-2.9183227449667437,,
2005-04-05,,-2.7337214830813,,
2005-04-06,,-2.6624769347853627,,
2005-04-07,,-2.504836432151206,1.6807473795567112,
2005-04-08,,-2.1484958579364988,,
2005-04-11,,-2.480303183749346,,
2005-04-12,,-2.599280543213889,,
2005-04-13,,-2.5893931775597676,,
2005-04-14,,-2.5503167317005166,2.058177290461134,
2005-04-15,,-2.538977314963073,,
2005-04-18,,-2.728848201910547,,
2005-04-19,,-2.420670011359618,,
2005-04-20,,-2.191389596587904,,
2005-04-21,,-1.5577608831954426,0.6845296817119324,
2005-04-22,,-1.6538351471697084,,
2005-04-25,,-1.6701886243382376,,
2005-04-26,,-1.7093788939835481,,
2005-04-27,,-1.7455601089842376,,
2005-04-28,,-1.7550352309678987,1.090732737516537,
2005-04-29,,-1.3605892104773027,,
2005-04-30,,-1.3623337059872496,,
2005-05-02,,-1.1975504631031297,,
2005-05-03,,-1.2279310670280152,,
2005-05-04,,-1.3043291278406632,,
2005-05-05,,-1.4709489798801891,1.593983060631573,
2005-05-06,,-1.3513083149890355,,
2005-05-09,,-1.0960859548754094,,
2005-05-10,,-1.0111225611981183,,
2005-05-11,,-1.1616265152324146,,
2005-05-12,,-0.935182828916813,1.0933751326449088,
2005-05-13,,-0.8536734043477033,,
2005-05-16,,-0.8674182937901396,,
2005-05-17,,-0.997900308126476,,
2005-05-18,,-1.0783835106797501,,
2005-05-19,,-0.993738015297567,0.3427189757479098,
2005-05-20,,-0.7236593284944332,,
2005-05-23,,-0.5746389441215387,,
2005-05-24,,-0.4505642476784243,,
2005-05-25,,0.1265672507465413,,
2005-05-26,,0.6304135323777634,-0.14434553439017755,
2005-05-27,,0.7227457810597929,,
2005-05-30,,0.8142174330296238,,
2005-05-31,,0.4945907273136448,,
2005-06-01,,0.39489143665548665,,
2005-06-02,,0.686026562531167,-0.5367530395062785,
2005-06-03,,0.9498043940100179,,
2005-06-06,,0.5755075218438277,,
2005-06-07,,0.5231098008578229,,
2005-06-08,,0.7426258043244501,,
2005-06-09,,0.9104248005458456,-0.405123254109422,
2005-06-10,,1.2714337840680041,,
2005-06-13,,1.595835809347484,,
2005-06-14,,1.926554691326536,,
2005-06-15,,2.186108548074549,,
2005-06-16,,1.9714592453878088,-0.5323306552780978,
2005-06-17,,1.6333947492927747,,
2005-06-20,,1.4467511655051253,,
2005-06-21,,1.3122197187561035,,
2005-06-22,,1.0895405539389555,,
2005-06-23,,0.8477118459079043,-0.4900079032094458,
2005-06-24,,0.5149346624352491,,
2005-06-27,,0.3241811820352754,,
2005-06-28,,0.5587105061968928,,
2005-06-29,,0.9326448608497447,,
2005-06-30,,0.8305192554703337,0.08018098314097367,
2005-07-01,,0.753186600524996,,
2005-07-04,,0.509983394641913,,
2005-07-05,,0.8174131333253248,,
2005-07-06,,0.7156472210009097,,
2005-07-07,,0.614699389110033,-0.21247412802194449,
2005-07-08,,0.9472673135206727,,
2005-07-11,,0.8429671785444476,,
2005-07-12,,0.9325224359306493,,
2005-07-13,,0.8762802514151439,,
2005-07-14,,0.8690833237476872,-1.2176271206699378,
2005-07-15,,1.0550194333204264,,
2005-07-18,,1.0686761976759063,,
2005-07-19,,0.985683948450411,,
2005-07-20,,1.0006923442056324,,
2005-07-21,,1.3513933381464827,0.22589721442180108,
2005-07-22,,1.2142107438922003,,
2005-07-25,,1.3902594929640224,,
2005-07-26,,1.4652400734909614,,
2005-07-27,,1.3023825435271914,,
2005-07-28,,1.1205461099806235,-1.0211767468457138,
2005-07-29,,1.390607555436252,,
2005-07-31,,1.0190009339362514,,
2005-08-01,,1.0325179824419624,,
2005-08-02,,0.9275306807772337,,
2005-08-03,,0.9427826482114023,,
2005-08-04,,1.0288145393981736,-0.14708996109481945,
2005-08-05,,0.8047169551639858,,
2005-08-08,,0.6068310239709663,,
2005-08-09,,0.38590996572817504,,
2005-08-10,,0.3352258867405008,,
2005-08-11,,0.08953328730782781,0.3760238592657834,
2005-08-12,,-0.10707654849241069,,
2005-08-15,,-0.05709060706059715,,
2005-08-16,,-0.08147391590460158,,
2005-08-17,,0.018740982648137727,,
2005-08-18,,-0.2567472810782786,1.4233510889214551,
2005-08-19,,-0.12937591354507888,,
2005-08-22,,-0.20445923319167356,,
2005-08-23,,-0.2540451065652724,,
2005-08-24,,-0.3035533735581233,,
2005-08-25,,-0.2503562409939948,0.6487847219094596,
2005-08-26,,-0.3519261989356786,,
2005-08-29,,-0.2979077524001942,,
2005-08-30,,-0.6077439577410275,,
2005-08-31,,-1.0687749367505914,,
2005-09-01,,-1.0824927495158452,1.1541363545279864,
2005-09-02,,-1.095830364730127,,
2005-09-05,,-1.1343846755414762,,
2005-09-06,,-0.9155393018502659,,
2005-09-07,,-0.7774597149050142,,
2005-09-08,,-0.7447077570248422,0.40043153734698195,
2005-09-09,,-0.608207053543984,,
2005-09-12,,-0.367754490167805,,
2005-09-13,,-0.5758226436698191,,
2005-09-14,,-0.4394569805341536,,
2005-09-15,,-0.48943035155866155,-0.24236068005206404,
2005-09-16,,-0.35264947759554893,,
2005-09-19,,-0.5910048398769232,,
2005-09-20,,-0.6934978268371185,,
2005-09-21,,-0.9283404803726041,,
2005-09-22,,-1.1316480331067502,0.5296600296423226,
2005-09-23,,-0.8518411663819891,,
2005-09-26,,-0.7901219854571806,,
2005-09-27,,-0.7291730667900346,,
2005-09-28,,-0.5068463614115147,,
2005-09-29,,0.04152264498659121,1.2144050090117093,
2005-09-30,,0.5070887948683789,,
2005-10-03,,0.6959684335055047,,
2005-10-04,,0.6637152971517124,,
2005-10-05,,0.4108074765967133,,
2005-10-06,,0.21400663383431776,-0.2455109623572936,
2005-10-07,,0.04526978655752155,,
2005-10-10,,0.04532038536727863,,
2005-10-11,,-0.2655441203501376,,
2005-10-12,,-0.3487845981501601,,
2005-10-13,,-0.5170589005803119,1.295677843047468,
2005-10-14,,-0.42751723277105586,,
2005-10-17,,-0.1371035571510361,,
2005-10-18,,0.2110249219280881,,
2005-10-19,,0.21017898637640886,,
2005-10-20,,0.5593589912259996,0.49435606859838543,
2005-10-21,,0.7019424150528337,,
2005-10-24,,0.5506424414086939,,
2005-10-25,,0.517883836507936,,
2005-10-26,,0.5444302460326056,,
2005-10-27,,0.39258668049928586,1.5160718844118843,
2005-10-28,,0.3008602330090168,,
2005-10-31,,-0.18177836180079743,,
2005-11-01,,-0.27109648771501277,,
2005-11-02,,-0.14778261528485348,,
2005-11-03,,0.12817024356548248,0.07311054554160164,
2005-11-04,,0.25053008483026046,,
2005-11-07,,0.3419045937817062,,
2005-11-08,,0.1543020992511417,,
2005-11-09,,0.5272168703551446,,
2005-11-10,,0.49290175628814953,-0.9123786252198894,
2005-11-11,,0.6778501739964937,,
2005-11-14,,0.4533589941308891,,
2005-11-15,,-0.023982381279209868,,
2005-11-16,,-0.5005903280107215,,
2005-11-17,,-0.5606246331350593,-0.7192947161519475,
2005-11-18,,-0.3324768175502823,,
2005-11-21,,-0.3623683051111528,,
2005-11-22,,-0.6179840896914276,,
2005-11-23,,-0.6131256698293789,,
2005-11-24,,-0.6083085088170989,-1.1704094287789135,
2005-11-25,,-0.44064275000091757,,
2005-11-28,,-0.3719304776505475,,
2005-11-29,,0.059482272352615155,,
2005-11-30,,-0.2721949213662759,,
2005-12-01,,-0.2036521190120696,-0.5602052956758334,
2005-12-02,,-0.4363211300005095,,
2005-12-05,,-0.3996020142560084,,
2005-12-06,,-0.5651294322277042,,
2005-12-07,,-0.29016130710055726,,
2005-12-08,,-0.5939005967991443,-0.6292717805454704,
2005-12-09,,-0.008799313332177587,,
2005-12-12,,-0.008384814039710867,,
2005-12-13,,0.026598392631914526,,
2005-12-14,,-0.042679445165859545,,
2005-12-15,,0.37696459072071675,-0.3060879959390911,
2005-12-16,,0.5501707291715516,,
2005-12-19,,0.1950989910607287,,
2005-12-20,,0.3005990937927027,,
2005-12-21,,0.5479262971327196,,
2005-12-22,,0.1878307479210427,0.2498237118305172,
2005-12-23,,0.007506445465419444,,
2005-12-26,,0.1161873112339144,,
2005-12-27,,0.006975940969417388,,
2005-12-28,,-0.21167343906447048,,
2005-12-29,,0.046650469772162806,0.8434564867725131,
2005-12-30,,-0.02700570658220502,,
2005-12-31,,-0.21182217283694746,,
2006-01-02,,-0.2474798594550312,,
2006-01-03,,-0.09597137848414566,,
2006-01-04,,-0.01979219400142949,,
2006-01-05,,0.3211619364755849,1.404961386439506,
2006-01-06,,0.24370072291848033,,
2006-01-09,,0.39542506797559696,,
2006-01-10,,0.47007805220692517,,
2006-01-11,,0.8128729924781832,,
2006-01-12,,0.4990355191207427,-1.1067909860303946,
2006-01-13,,0.18600682542389516,,
2006-01-16,,0.3023689826274443,,
2006-01-17,,0.10494058038472888,,
2006-01-18,,-0.053018972115279304,,
2006-01-19,,0.38349522562400085,-0.32398629690918906,
2006-01-20,,0.5007952236328223,,
2006-01-23,,0.5378467979480267,,
2006-01-24,,0.8142633336486998,,
2006-01-25,,1.0470238016617577,,
2006-01-26,,1.076765494245821,0.9999545428824788,
2006-01-27,,1.0264512401927337,,
2006-01-30,,1.4909243432424313,,
2006-01-31,,1.155377486116299,,
2006-02-01,,1.4961131652092232,,
2006-02-02,,1.318600892461488,0.3029469402212616,
2006-02-03,,0.9887578833001482,,
2006-02-06,,0.6632419464132407,,
2006-02-07,,0.41936492290210087,,
2006-02-08,,0.41704827649989423,,
2006-02-09,,0.2936980578298561,0.5880021855020688,
2006-02-10,,0.6566650872197978,,
2006-02-13,,0.9351354547779952,,
2006-02-14,,0.8865473050668654,,
2006-02-15,,1.2015804755861734,,
2006-02-16,,1.3080748580524766,0.6408653563288397,
2006-02-17,,1.011464451430645,,
2006-02-20,,1.0822644768657905,,
2006-02-21,,1.071252274534657,,
2006-02-22,,0.7779864855734401,,
2006-02-23,,0.5278404121916312,0.11793183472785139,
2006-02-24,,0.40161410292044986,,
2006-02-27,,0.31689799993201634,,
2006-02-28,,-0.3066887439314074,,
2006-03-01,,0.19513868147389124,,
2006-03-02,,-0.05716242554657275,0.2689806152997946,
2006-03-03,,0.06957928595270382,,
2006-03-06,,0.32319607519257887,,
2006-03-07,,0.15137755654116264,,
2006-03-08,,0.1506502344874436,,
2006-03-09,,0.06395499053075221,0.3371217587369199,
2006-03-10,,0.1501289650616992,,
2006-03-13,,0.14940574596657075,,
2006-03-14,,-0.06966496908227372,,
2006-03-15,,0.10640246430183566,,
2006-03-16,,-0.29118526097255965,0.16450777425146096,
2006-03-17,,-0.2894397670540592,,
2006-03-20,,-0.19863130965359166,,
2006-03-21,,0.20569241106321745,,
2006-03-22,,0.20465973609922875,,
2006-03-23,,0.3844811774754234,0.037594411261450925,
2006-03-24,,-0.026753052228858584,,
2006-03-27,,0.2020310072599295,,
2006-03-28,,0.5221117792623639,,
2006-03-29,,0.8398650678187541,,
2006-03-30,,0.7871269565075767,0.6346803851289566,
2006-03-31,,0.6427690192306287,,
2006-04-03,,0.6845619953354388,,
2006-04-04,,0.4937315803803655,,
2006-04-05,,0.5373721503040072,,
2006-04-06,,0.627637005942989,-0.39082347303327286,
2006-04-07,,0.9512728329652586,,
2006-04-10,,0.6611585655777081,,
2006-04-11,,0.4673586247384837,,
2006-04-12,,1.0321470855645796,,
2006-04-13,,0.8333178694418503,-0.03036504678147932,
2006-04-14,,1.062655391589208,,
2006-04-17,,0.7680362244285804,,
2006-04-18,,0.5712816507640531,,
2006-04-19,,0.3273442328910266,,
2006-04-20,,0.4219908144554345,1.2467226445543003,
2006-04-21,,0.3223691143386762,,
2006-04-24,,0.4666583222614221,,
2006-04-25,,0.6590422335880952,,
2006-04-26,,0.36001307291474677,,
2006-04-27,,0.3084644599573188,0.5488044099445285,
2006-04-28,,0.15768445922887273,,
2006-04-30,,0.05688789777624547,,
2006-05-01,,0.25727978039831095,,
2006-05-02,,0.25576699268183906,,
2006-05-03,,0.5578576268270438,,
2006-05-04,,0.5540596846035841,0.2226004643032244,
2006-05-05,,0.09097733374985746,,
2006-05-08,,0.3984418986385265,,
2006-05-09,,0.5503615488583871,,
2006-05-10,,0.39158541383227846,,
2006-05-11,,0.4410862043984461,-0.5724653542472609,
2006-05-12,,0.43825733968457153,,
2006-05-15,,0.3830292957690018,,
2006-05-16,,0.1697416669848721,,
2006-05-17,,-0.25562972718703825,,
2006-05-18,,-0.7326148542141578,1.0969976515802062,
2006-05-19,,-0.6740722094853753,,
2006-05-22,,-0.9354268353281479,,
2006-05-23,,-1.1920102615071424,,
2006-05-24,,-1.5456345431796457,,
2006-05-25,,-1.1042558045838367,1.5081332796291034,
2006-05-26,,-1.0401707241177236,,
2006-05-29,,-0.8184768425189514,,
2006-05-30,,-1.1295073953472552,,
2006-05-31,,-1.1701659748136142,,
2006-06-01,,-1.367011802632947,1.8199648894835116,
2006-06-02,,-1.8650219772886627,,
2006-06-05,,-1.522341829273429,,
2006-06-06,,-1.8541303276112466,,
2006-06-07,,-1.8174346561212824,,
2006-06-08,,-2.076999476407164,1.7607998425678015,
2006-06-09,,-2.1720697450997313,,
2006-06-12,,-2.0226206761319645,,
2006-06-13,,-2.1167067487838573,,
2006-06-14,,-1.7402106454660362,,
2006-06-15,,-1.380559508676445,2.1891792154420378,
2006-06-16,,-0.9358642003588736,,
2006-06-19,,-0.9269954730109905,,
2006-06-20,,-0.7269158993405006,,
2006-06-21,,-1.1515726821076633,,
2006-06-22,,-0.7560799690454066,1.1008950498554069,
2006-06-23,,-0.9419740381126809,,
2006-06-26,,-1.1244007425526839,,
2006-06-27,,-1.2070724145805296,,
2006-06-28,,-1.1448645433741733,,
2006-06-29,,-1.036329776503219,0.7910029951205093,
2006-06-30,,-1.073151746646853,,
2006-07-03,,-0.5331879075753982,,
2006-07-04,,-0.6745024516407258,,
2006-07-05,,-0.13360324311307545,,
2006-07-06,,-0.4265557326563507,0.9695526898802892,
2006-07-07,,-0.3251832169564446,,
2006-07-10,,-0.12501510592992754,,
2006-07-11,,-0.372602519931016,,
2006-07-12,,0.02977787915204329,,
2006-07-13,,-0.32173309416445445,0.8606919752906464,
2006-07-14,,-0.7219066858939506,,
2006-07-17,,-0.7661585706760067,,
2006-07-18,,-0.5576822075122599,,
2006-07-19,,-0.6548812914813151,,
2006-07-20,,-0.3949439484949197,2.3377931961003955,
2006-07-21,,-0.3921081303081334,,
2006-07-24,,-0.4407607298464564,,
2006-07-25,,-0.12699692282003466,,
2006-07-26,,-0.02170809226112533,,
2006-07-27,,-0.07354643749002106,1.0573288702888073,
2006-07-28,,-0.28319537421956886,,
2006-07-31,,-0.4395239368767361,,
2006-08-01,,-0.4892700700643258,,
2006-08-02,,-0.3792078812215662,,
2006-08-03,,-0.6966574945394948,1.4060474275161312,
2006-08-04,,-0.5839503801613042,,
2006-08-07,,-0.36427159853288815,,
2006-08-08,,-0.4697173353694818,,
2006-08-09,,-0.303265856157794,,
2006-08-10,,-0.41017567208016653,0.8676525029419278,
2006-08-11,,0.14186439078327154,,
2006-08-14,,0.5826089685106945,,
2006-08-15,,0.30264864846796913,,
2006-08-16,,-0.14420320086945268,,
2006-08-17,,0.3609005367416149,0.8779147821345292,
2006-08-18,,0.2468398915147334,,
2006-08-21,,0.019759352064468293,,
2006-08-22,,0.020126935217124543,,
2006-08-23,,-0.15094554104669602,,
2006-08-24,,-0.14962839020495441,0.522684379409488,
2006-08-25,,-0.3213912881797232,,
2006-08-28,,0.08696665016026575,,
2006-08-29,,0.3784212585929116,,
2006-08-30,,0.25960693980055144,,
2006-08-31,,-0.2712722058955948,-0.1536948989246706,
2006-09-01,,-0.2692083718970522,,
2006-09-04,,-0.14828464823173249,,
2006-09-05,,0.09214492833506538,,
2006-09-06,,0.21231395097596933,,
2006-09-07,,0.15125258228864746,-0.02290430603941429,
2006-09-08,,0.15092699997098236,,
2006-09-11,,0.15060350725906718,,
2006-09-12,,-0.09512500081069405,,
2006-09-13,,0.21424204658439075,,
2006-09-14,,0.5847860922194276,0.14929850119146398,
2006-09-15,,0.4573080361678573,,
2006-09-18,,0.6418653845953293,,
2006-09-19,,0.3250651377804519,,
2006-09-20,,0.3866424066423663,,
2006-09-21,,-0.1850402629132677,-0.046450228908646723,
2006-09-22,,-0.5012926316463495,,
2006-09-25,,-0.5611788339315146,,
2006-09-26,,-0.4289084087047515,,
2006-09-27,,-0.16822564876341636,,
2006-09-28,,0.0275587851544578,-0.29093549406650293,
2006-09-29,,0.6132234126747265,,
2006-09-30,,0.47926360552959124,,
2006-10-02,,0.4767846546980335,,
2006-10-03,,0.14493753981500784,,
2006-10-04,,-0.1867973355466282,,
2006-10-05,,0.28109443650987137,1.07227793716705,
2006-10-06,,0.8801086323142387,,
2006-10-09,,0.6733457456745797,,
2006-10-10,,1.0028892292899374,,
2006-10-11,,1.1270177976567604,,
2006-10-12,,0.9827566334213522,0.06002950950740036,
2006-10-13,,1.0408900664374945,,
2006-10-16,,1.0979403852371694,,
2006-10-17,,1.4844625065450237,,
2006-10-18,,1.4638874604351266,,
2006-10-19,,2.0883635158998484,-0.6038616473519355,
2006-10-20,,2.3522265846375157,,
2006-10-23,,2.5888276065342164,,
2006-10-24,,2.1515406309244725,,
2006-10-25,,1.621997736685,,
2006-10-26,,1.3545020658387485,-0.46434601609109727,
2006-10-27,,1.094056210011705,,
2006-10-30,,1.326612426206157,,
2006-10-31,,0.8224584497676246,,
2006-11-01,,0.6928604464896586,,
2006-11-02,,1.1802669349845776,0.2918965857274453,
2006-11-03,,1.5319156757690964,,
2006-11-06,,0.9631159751594691,,
2006-11-07,,0.8931750317868203,,
2006-11-08,,0.5772848590569862,,
2006-11-09,,0.44930143986343646,-0.5860637367133548,
2006-11-10,,0.25911799785186124,,
2006-11-13,,0.25780213079365666,,
2006-11-14,,0.13004442885987302,,
2006-11-15,,0.7003050950577226,,
2006-11-16,,1.0112742447573673,-0.170808606840099,
2006-11-17,,0.49471163321171424,,
2006-11-20,,0.42774268452767633,,
2006-11-21,,-0.1541525401380173,,
2006-11-22,,-0.15322344880037608,,
2006-11-23,,0.108034827538242,0.6524249743387901,
2006-11-24,,0.1729716272165722,,
2006-11-27,,0.17213218560809138,,
2006-11-28,,-0.2913633653745472,,
2006-11-29,,0.7053915181648709,,
2006-11-30,,0.43479955803556924,1.0175991997714047,
2006-12-01,,-0.036087938311525056,,
2006-12-04,,-0.7741844873720691,,
2006-12-05,,-0.2974361186909009,,
2006-12-06,,0.24676398718160916,,
2006-12-07,,0.4496786783017671,0.7713010309217913,
2006-12-08,,0.651645109994438,,
2006-12-11,,0.6471453778297694,,
2006-12-12,,0.1610962740590392,,
2006-12-13,,0.6443993219061226,,
2006-12-14,,0.08457101687257138,0.4577218621067102,
2006-12-15,,-0.1954878495672198,,
2006-12-18,,0.2273029546804377,,
2006-12-19,,0.3672598842032667,,
2006-12-20,,0.8595776346366387,,
2006-12-21,,0.7819316893591453,0.8036466396732485,
2006-12-22,,1.198483718359558,,
2006-12-25,,1.254999414330445,,
2006-12-26,,1.3794542402373449,,
2006-12-27,,2.1116146650303746,,
2006-12-28,,1.8623164446668132,0.10069783009217381,
2006-12-29,,2.2199477343348013,,
2006-12-31,,1.7745179971191853,,
2007-01-01,,1.6767505182215292,,
2007-01-02,,1.124354720944001,,
2007-01-03,,0.6471335281313527,,
2007-01-04,,0.2392980508285189,-0.4128334500388184,
2007-01-05,,0.03477734504453728,,
2007-01-08,,0.2386345863539553,,
2007-01-09,,0.7145688534209268,,
2007-01-10,,0.43578075769984326,,
2007-01-11,,0.7759621577348161,0.09541111963142734,
2007-01-12,,0.7697066759144036,,
2007-01-15,,0.9008823808971562,,
2007-01-16,,0.8928188542870834,,
2007-01-17,,1.2275653870114795,,
2007-01-18,,1.2810825521572238,-0.972356284567309,
2007-01-19,,1.0608047920431678,,
2007-01-22,,1.1181533282314857,,
2007-01-23,,1.3778332490690683,,
2007-01-24,,1.0879893609897715,,
2007-01-25,,1.21234845489577,0.315951733103979,
2007-01-26,,0.9940508377519579,,
2007-01-29,,1.5257557011620073,,
2007-01-30,,1.2337854037980807,,
2007-01-31,,0.6759411085157445,,
2007-02-01,,1.0798970227678897,-0.19514293516874398,
2007-02-02,,1.271394978542186,,
2007-02-05,,1.1203514868670492,,
2007-02-06,,1.0401627474063468,,
2007-02-07,,0.9614074433246154,,
2007-02-08,,0.8156349635135732,-0.21331474100034764,
2007-02-09,,0.8768724360463163,,
2007-02-12,,0.7316321389373465,,
2007-02-13,,0.7255571994904002,,
2007-02-14,,0.37312622743364493,,
2007-02-15,,0.16100035993604128,-0.23093820787428193,
2007-02-16,,0.37026141519838623,,
2007-02-19,,0.15608559630971058,,
2007-02-20,,0.0838805859049401,,
2007-02-21,,0.08301031051405675,,
2007-02-22,,0.2254770962830996,-1.0336016853171759,
2007-02-23,,-0.6398213740980057,,
2007-02-26,,-0.7077333723181518,,
2007-02-27,,-2.2515190768845637,,
2007-02-28,,-2.127190939625974,,
2007-03-01,,-1.4695290028112247,0.8258614225966815,
2007-03-02,,-2.384418054345993,,
2007-03-05,,-2.7599413761826925,,
2007-03-06,,-2.353974424710777,,
2007-03-07,,-2.1041857294784,,
2007-03-08,,-1.8087787587840585,1.1427400438301551,
2007-03-09,,-1.1517175356036615,,
2007-03-12,,-1.824281635975012,,
2007-03-13,,-2.5062113644812167,,
2007-03-14,,-2.599794901904627,,
2007-03-15,,-1.9476576496420863,1.3004136443067231,
2007-03-16,,-2.076817769338862,,
2007-03-19,,-1.9723543693822698,,
2007-03-20,,-2.095264905629946,,
2007-03-21,,-2.2075297945058314,,
2007-03-22,,-1.8287648144065656,0.05244688896971737,
2007-03-23,,-1.899672830319984,,
2007-03-26,,-1.700905817100722,,
2007-03-27,,-1.4578530676534436,,
2007-03-28,,-0.46485353222301734,,
2007-03-29,,-0.18754841878158207,-0.28611119790473843,
2007-03-30,,-0.02077931974689888,,
2007-03-31,,0.14597523460329329,,
2007-04-02,,0.5353060698623752,,
2007-04-03,,0.4201850872657001,,
2007-04-04,,0.02402285117894613,,
2007-04-05,,-0.14576383401420862,1.0400377704048493,
2007-04-06,,-0.7120808651774703,,
2007-04-09,,0.03349717076410791,,
2007-04-10,,0.6060415892043207,,
2007-04-11,,0.8877384813504926,,
2007-04-12,,0.5364045218340555,0.4743010824847116,
2007-04-13,,0.7633599939951534,,
2007-04-16,,0.6421070330995974,,
2007-04-17,,0.6955881152641037,,
2007-04-18,,0.8065945265885042,,
2007-04-19,,0.33339518420339703,-0.3174518211061564,
2007-04-20,,0.39030928645450486,,
2007-04-23,,0.5649834414694844,,
2007-04-24,,0.38361517887616675,,
2007-04-25,,0.7378709411553988,,
2007-04-26,,0.8509678558599781,0.5607805940965757,
2007-04-27,,0.7248717744815363,,
2007-04-30,,0.359955675037218,,
2007-05-01,,0.418169785511663,,
2007-05-02,,0.35505529860533014,,
2007-05-03,,0.8989289009299951,1.9907926845569939,
2007-05-04,,0.526904772832553,,
2007-05-07,,0.5845673321330354,,
2007-05-08,,0.08877511036248106,,
2007-05-09,,0.5210172954829049,,
2007-05-10,,0.26949005485647565,0.5932973125080399,
2007-05-11,,0.392708159413648,,
2007-05-14,,0.26498489160992594,,
2007-05-15,,0.45235813545227277,,
2007-05-16,,0.5126730444363972,,
2007-05-17,,0.7624035860640979,0.4929853637524966,
2007-05-18,,0.8828275730510451,,
2007-05-21,,0.7484014783973079,,
2007-05-22,,0.9963001744322976,,
2007-05-23,,1.2390075992125418,,
2007-05-24,,0.9720375921527349,0.6501338958178234,
2007-05-25,,0.708702727115408,,
2007-05-28,,0.7032570346957243,,
2007-05-29,,1.5846185201852343,,
2007-05-30,,1.4344748878853208,,
2007-05-31,,1.1640384971218325,1.1946565189723293,
2007-06-01,,1.1507694573091813,,
2007-06-04,,1.1377713875019844,,
2007-06-05,,1.2501363858339116,,
2007-06-06,,0.7954519395251972,,
2007-06-07,,0.47151905571411035,0.6717691941622308,
2007-06-08,,0.3404569693134668,,
2007-06-11,,0.27394280751141226,,
2007-06-12,,0.2075174725644648,,
2007-06-13,,-0.31386813413008935,,
2007-06-14,,0.014270415204034794,0.9012462724404187,
2007-06-15,,-0.3143506568009676,,
2007-06-18,,-0.641871223574937,,
2007-06-19,,-1.2270208884700176,,
2007-06-20,,-1.407237501489809,,
2007-06-21,,-1.96040956127592,0.03442404757112385,
2007-06-22,,-2.042840365657797,,
2007-06-25,,-2.6548488006596975,,
2007-06-26,,-2.506549116656034,,
2007-06-27,,-3.0,,
2007-06-28,,-2.581238974819104,0.3746198312915586,
2007-06-29,,-2.7044955115325,,
2007-06-30,,-3.0,,
2007-07-02,,-3.0,,
2007-07-03,,-3.0,,
2007-07-04,,-2.5749856695858866,,
2007-07-05,,-2.176087410495768,-0.05145647209864081,
2007-07-06,,-1.896030306298993,,
2007-07-09,,-2.029736202096462,,
2007-07-10,,-2.818334387859189,,
2007-07-11,,-2.70128581192543,,
2007-07-12,,-2.4398900126550744,-0.19947747780247518,
2007-07-13,,-2.2034977135979426,,
2007-07-16,,-2.1395562010681943,,
2007-07-17,,-1.6994353149675425,,
2007-07-18,,-2.264401386240489,,
2007-07-19,,-1.9393046391744684,0.2779164011593718,
2007-07-20,,-2.3908168504210354,,
2007-07-23,,-2.1706088623986126,,
2007-07-24,,-2.7066146167251346,,
2007-07-25,,-2.6227944970713577,,
2007-07-26,,-2.855624163782168,0.14720716987198867,
2007-07-27,,-2.756512347966942,,
2007-07-30,,-2.666373921524133,,
2007-07-31,,-2.583914460811968,,
2007-08-01,,-2.508087249864161,,
2007-08-02,,-2.438035449061936,0.22971028648179187,
2007-08-03,,-2.373049958088364,,
2007-08-06,,-2.312538175164584,,
2007-08-07,,-2.256000471314954,,
2007-08-08,,-1.470505652262162,,
2007-08-09,,-1.597013625363458,0.17743894676477853,
2007-08-10,,-1.910940856410981,,
2007-08-13,,-1.8088020787240218,,
2007-08-14,,-1.9036254068639964,,
2007-08-15,,-2.0515307441002633,,
2007-08-16,,-2.010109229726501,0.7473537161336008,
2007-08-17,,-1.9707976768735231,,
2007-08-20,,-1.709779082497346,,
2007-08-21,,-1.5839136579490047,,
2007-08-22,,-1.0052739486002005,,
2007-08-23,,-0.6374275293450541,0.6560783069147861,
2007-08-24,,0.3009716120933547,,
2007-08-27,,0.5789936524558305,,
2007-08-28,,0.2156573323258136,,
2007-08-29,,0.13472330921744322,,
2007-08-30,,0.2157611085387105,0.8833504884051864,
2007-08-31,,-0.13009931981866302,,
2007-09-03,,-0.005729168883783574,,
2007-09-04,,0.11839404954604299,,
2007-09-05,,-0.19034631668542962,,
2007-09-06,,-0.6608240231119369,0.7654739266167201,
2007-09-07,,-0.7747616086948002,,
2007-09-10,,-0.7229674624569286,,
2007-09-11,,-0.692584520632475,,
2007-09-12,,-0.41640300943166886,,
2007-09-13,,0.0652520993304547,0.26110354473047753,
2007-09-14,,0.7121792207228584,,
2007-09-17,,0.6034509033486862,,
2007-09-18,,0.7675920996531664,,
2007-09-19,,1.1587233553603549,,
2007-09-20,,1.105396920633358,0.09410148080644909,
2007-09-21,,1.0323657712668262,,
2007-09-24,,1.043906735978185,,
2007-09-25,,0.9092953558984259,,
2007-09-26,,1.255970236966789,,
2007-09-27,,1.2002110287434316,-0.3450444940454171,
2007-09-28,,1.2697100632761245,,
2007-09-30,,1.316434404199972,,
2007-10-01,,1.3206185400358637,,
2007-10-02,,1.2429017733207244,,
2007-10-03,,1.4520352471096487,,
2007-10-04,,1.3707039020506722,-0.995194254247065,
2007-10-05,,1.9467872847551726,,
2007-10-08,,2.0169100861770937,,
2007-10-09,,2.0047492219175944,,
2007-10-10,,1.9367529077730536,,
2007-10-11,,1.7625373226069339,-1.1202628051457146,
2007-10-12,,1.7994820875035886,,
2007-10-15,,1.6890633617995783,,
2007-10-16,,1.3674646554022425,,
2007-10-17,,0.7616221377401952,,
2007-10-18,,0.3463661905273219,0.19676260267666285,
2007-10-19,,-0.04964427387930788,,
2007-10-22,,-0.21868167477292583,,
2007-10-23,,0.010572079853453126,,
2007-10-24,,-0.19861731922873394,,
2007-10-25,,-0.13953386150810707,1.5272050479603316,
2007-10-26,,-0.09978133179964402,,
2007-10-29,,-0.0020770729912929736,,
2007-10-30,,-0.021063009147434926,,
2007-10-31,,0.038110003893182906,,
2007-11-01,,-0.37348201096031114,0.06163858445055381,
2007-11-02,,-0.624926730343535,,
2007-11-05,,-0.9497023023130571,,
2007-11-06,,-0.8789032120794192,,
2007-11-07,,-1.1950248304022997,,
2007-11-08,,-1.5329021577720614,1.4094969815288534,
2007-11-09,,-1.7905758827175826,,
2007-11-12,,-1.7928543929383427,,
2007-11-13,,-1.8630390320749854,,
2007-11-14,,-1.581151360296592,,
2007-11-15,,-1.6269241505320298,1.4562627713216127,
2007-11-16,,-1.5669886404211186,,
2007-11-19,,-1.6600215985055669,,
2007-11-20,,-1.7277566811236538,,
2007-11-21,,-1.825599914778681,,
2007-11-22,,-1.7947874547410418,2.01073127533307,
2007-11-23,,-1.6827045238756364,,
2007-11-26,,-1.739543381264122,,
2007-11-27,,-1.7122154825893499,,
2007-11-28,,-1.4519379636003193,,
2007-11-29,,-1.4431328752625534,1.9773514779189982,
2007-11-30,,-1.1897414505791704,,
2007-12-03,,-1.0922255511395864,,
2007-12-04,,-1.1134942627621192,,
2007-12-05,,-1.0907214529533371,,
2007-12-06,,-0.8120204982007287,0.39279090434868974,
2007-12-07,,-0.366139673811953,,
2007-12-10,,-0.08422149400973312,,
2007-12-11,,-0.2730787313912182,,
2007-12-12,,-0.09292543065946644,,
2007-12-13,,-0.09105295005303359,-0.22791395561086128,
2007-12-14,,0.28269801814873885,,
2007-12-17,,0.40148313466942004,,
2007-12-18,,0.6397425574538834,,
2007-12-19,,0.7111253439630723,,
2007-12-20,,0.8269328600546889,1.0659752810015481,
2007-12-21,,0.986194774889507,,
2007-12-24,,0.9176424062757504,,
2007-12-25,,1.090431338808414,,
2007-12-26,,1.109732156512188,,
2007-12-27,,0.7982866390868321,1.5235794855309048,
2007-12-28,,0.65637385220236,,
2007-12-31,,0.3932350352370258,,
2008-01-01,,0.49890228058511366,,
2008-01-02,,0.3269811030231149,,
2008-01-03,,0.17084407505245364,1.9953350690992993,
2008-01-04,,-0.24928195599469938,,
2008-01-07,,-0.6186793158660536,,
2008-01-08,,-0.8262948850939825,,
2008-01-09,,-0.9512851271208853,,
2008-01-10,,-0.8895473700418066,2.4262031754495967,
2008-01-11,,-0.9963808203579652,,
2008-01-14,,-1.0087467899582339,,
2008-01-15,,-1.0503392109803213,,
2008-01-16,,-1.0453750327422993,,
2008-01-17,,-1.1878111801549176,1.888161061243404,
2008-01-18,,-1.118503985582519,,
2008-01-21,,-1.2694113952189499,,
2008-01-22,,-1.6671868509106231,,
2008-01-23,,-1.6425654637012632,,
2008-01-24,,-1.3617178051007282,2.0199966198673036,
2008-01-25,,-1.081568700339647,,
2008-01-28,,-0.9905358560080504,,
2008-01-29,,-0.4622575957207701,,
2008-01-30,,-0.3582051804393654,,
2008-01-31,,-0.33905701055238924,1.2248509889581047,
2008-02-01,,-0.250030117384675,,
2008-02-04,,0.07818816884449832,,
2008-02-05,,0.008108792130481324,,
2008-02-06,,0.05225297949253308,,
2008-02-07,,0.3540290581106005,0.9218311703304636,
2008-02-08,,-0.006713463773351533,,
2008-02-11,,-0.10617761887906961,,
2008-02-12,,-0.13272493107981762,,
2008-02-13,,-0.02831000314379218,,
2008-02-14,,0.29506672082509916,0.6816999898943255,
2008-02-15,,0.4559470976734002,,
2008-02-18,,0.52775106701502,,
2008-02-19,,0.6139830862517257,,
2008-02-20,,1.1125327628142112,,
2008-02-21,,1.087228513188284,0.8255341564827544,
2008-02-22,,0.5451968413776794,,
2008-02-25,,0.5574217358094011,,
2008-02-26,,0.6742694996238705,,
2008-02-27,,0.38488919643920005,,
2008-02-28,,-0.009561837616621506,0.7875539940267827,
2008-02-29,,-0.2052096416590185,,
2008-03-03,,-0.30833256834602585,,
2008-03-04,,-0.38005605525714753,,
2008-03-05,,-0.038743307838980105,,
2008-03-06,,-0.1599963871556399,1.7057598044118865,
2008-03-07,,-0.34196418801215434,,
2008-03-10,,-0.35260896938444103,,
2008-03-11,,0.0398189481877531,,
2008-03-12,,-0.23954882131756386,,
2008-03-13,,-0.43845810330382173,2.092465319136917,
2008-03-14,,-0.8043234300345351,,
2008-03-17,,-1.0816636251848493,,
2008-03-18,,-0.7091082087675143,,
2008-03-19,,-0.7438268136313254,,
2008-03-20,,-0.7775796408021972,1.576223780057013,
2008-03-21,,-0.6114646039922911,,
2008-03-24,,-0.0921952361929039,,
2008-03-25,,-0.15206955020731505,,
2008-03-26,,-0.24277383301247515,,
2008-03-27,,-0.14477634711841106,-0.24235630361068325,
2008-03-28,,0.07882940122306056,,
2008-03-31,,0.20667454639933777,,
2008-04-01,,0.6363563113316538,,
2008-04-02,,0.9032477494403677,,
2008-04-03,,0.8965245603900279,0.2811273502253289,
2008-04-04,,1.0963474927712877,,
2008-04-07,,1.6350282587592873,,
2008-04-08,,1.792720289317199,,
2008-04-09,,1.3622623819219148,,
2008-04-10,,1.6356200241919312,-0.26951087026363724,
2008-04-11,,1.7292014713766362,,
2008-04-14,,1.8903845227126312,,
2008-04-15,,2.32298783136251,,
2008-04-16,,2.198034497745936,,
2008-04-17,,2.2459608628097496,1.0497724157204065,
2008-04-18,,2.4950094363340494,,
2008-04-21,,2.431630735085514,,
2008-04-22,,2.0109893328468487,,
2008-04-23,,1.8605808747436368,,
2008-04-24,,2.0040551021888864,-0.8077575193389076,
2008-04-25,,1.9890786437115533,,
2008-04-28,,1.9856530842997584,,
2008-04-29,,2.176278460668815,,
2008-04-30,,1.8952565433390753,,
2008-05-01,,1.724857106173975,-1.1830498903884017,
2008-05-02,,1.7886507828429463,,
2008-05-05,,1.7149003982058366,,
2008-05-06,,1.3813669771753692,,
2008-05-07,,1.3819696119823193,,
2008-05-08,,1.3822198256779066,-1.224252375619722,
2008-05-09,,1.2731925715722665,,
2008-05-12,,1.3203618384775941,,
2008-05-13,,1.4295832605619399,,
2008-05-14,,1.4265196030671121,,
2008-05-15,,1.1576357684988225,-0.5942275640245962,
2008-05-16,,1.1000352373249502,,
2008-05-19,,0.893933301890779,,
2008-05-20,,0.7776183352671301,,
2008-05-21,,0.7494599633971318,,
2008-05-22,,0.7758586553105494,-0.4205938941727538,
2008-05-23,,0.507993973479947,,
2008-05-26,,0.4170341065334041,,
2008-05-27,,0.40361656135745677,,
2008-05-28,,0.5341289221092964,,
2008-05-29,,0.5971790653941488,0.8930807665618018,
2008-05-30,,0.515155220286933,,
2008-05-31,,0.36640302039985423,,
2008-06-02,,0.21796571877385912,,
2008-06-03,,0.14893975079912097,,
2008-06-04,,0.15967602996746272,,
2008-06-05,,0.4676639451483929,-0.10080482163870538,
2008-06-06,,0.48770500056546223,,
2008-06-09,,0.5994872045950281,,
2008-06-10,,0.5376767781068831,,
2008-06-11,,0.32558672205853445,,
2008-06-12,,0.521703712537712,1.2747913767183154,
2008-06-13,,0.4949459993296103,,
2008-06-16,,0.48005895077365424,,
2008-06-17,,0.5358060202638305,,
2008-06-18,,0.33137136521894306,,
2008-06-19,,0.2700730860963634,0.7868266014182891,
2008-06-20,,0.19689982634607023,,
2008-06-23,,0.12377225050627781,,
2008-06-24,,-0.15485779228023622,,
2008-06-25,,-0.29954028076571776,,
2008-06-26,,-0.6739865113409697,1.1817402495616354,
2008-06-27,,-0.8130549401695423,,
2008-06-30,,-0.7805213172252222,,
2008-07-01,,-0.760609164232159,,
2008-07-02,,-0.6803710008370293,,
2008-07-03,,-0.7834284946197085,1.507844465643046,
2008-07-04,,-0.9688687456867403,,
2008-07-07,,-1.0528382541729644,,
2008-07-08,,-1.2879664818030379,,
2008-07-09,,-1.3122886802121931,,
2008-07-10,,-1.3001463175661532,1.7006603885970433,
2008-07-11,,-1.4033391990440747,,
2008-07-14,,-1.4318968628128401,,
2008-07-15,,-1.614222517175228,,
2008-07-16,,-1.4860770892433026,,
2008-07-17,,-1.066247407244457,1.6650087342297768,
2008-07-18,,-0.9162485248202034,,
2008-07-21,,-0.6122419150830766,,
2008-07-22,,-0.5610016742479498,,
2008-07-23,,-0.11116464838406867,,
2008-07-24,,-0.305323973776512,0.45802222648334173,
2008-07-25,,0.031631387002234355,,
2008-07-28,,-0.026243351594051736,,
2008-07-29,,-0.13070530958305843,,
2008-07-30,,0.03452148868449886,,
2008-07-31,,-0.13026876796297943,0.11633364197635766,
2008-08-01,,-0.16462156234323105,,
2008-08-04,,-0.1751329596302942,,
2008-08-05,,0.017509679283469814,,
2008-08-06,,0.22207673094984473,,
2008-08-07,,0.02790831356064356,0.3864528877622406,
2008-08-08,,0.14953716669365183,,
2008-08-11,,0.21008063657805526,,
2008-08-12,,0.17245550732013593,,
2008-08-13,,0.40596690997593093,,
2008-08-14,,0.3172650401964501,-0.1362878529886163,
2008-08-15,,0.02950941268788635,,
2008-08-18,,-0.18292846386775588,,
2008-08-19,,-0.3695605018216606,,
2008-08-20,,-0.4293779111087319,,
2008-08-21,,-0.5892923932411939,0.015038273869331518,
2008-08-22,,-0.30595171419627726,,
2008-08-25,,-0.4431256446341065,,
2008-08-26,,-0.19708007139605396,,
2008-08-27,,-0.18260767462998295,,
2008-08-28,,-0.12947936826159154,0.7737545751337395,
2008-08-29,,0.1311297391577384,,
2008-08-31,,0.1959944432070922,,
2008-09-01,,0.2083922403840558,,
2008-09-02,,0.08903248042405314,,
2008-09-03,,-0.0699858333684436,,
2008-09-04,,-0.015946124454742597,0.34590239973446624,
2008-09-05,,-0.04220587365517224,,
2008-09-08,,-0.014668123376166322,,
2008-09-09,,-0.05471772557245051,,
2008-09-10,,-0.10830182472566167,,
2008-09-11,,-0.17543630658168444,1.2854238624057275,
2008-09-12,,-0.05056656060639204,,
2008-09-15,,-0.6812579923166613,,
2008-09-16,,-0.9191974683764164,,
2008-09-17,,-1.283622609517933,,
2008-09-18,,-1.5234542936280278,1.3380152376617476,
2008-09-19,,-0.7247094662959764,,
2008-09-22,,-0.6227558060241896,,
2008-09-23,,-0.857846195003615,,
2008-09-24,,-1.1920337339163507,,
2008-09-25,,-1.4965830396117137,0.5727121581249158,
2008-09-26,,-1.9526287217338927,,
2008-09-29,,-1.9849493020022004,,
2008-09-30,,-1.94688238987426,,
2008-10-01,,-1.9106462486574245,,
2008-10-02,,-1.8760950973028587,1.045848595747036,
2008-10-03,,-1.8430989777464475,,
2008-10-06,,-1.8115416102489827,,
2008-10-07,,-1.7813185938554703,,
2008-10-08,,-1.7523358881824316,,
2008-10-09,,-1.724508525973856,1.3936679766927513,
2008-10-10,,-1.6977595160709749,,
2008-10-13,,-1.6720189043721327,,
2008-10-14,,-1.647222966568417,,
2008-10-15,,-1.6233135113357384,,
2008-10-16,,-1.6002372765481532,-0.0900247284247473,
2008-10-17,,-1.5779454041782273,,
2008-10-20,,-1.5563929820405384,,
2008-10-21,,-1.5355386425454032,,
2008-10-22,,-1.5153442102624248,,
2008-10-23,,-1.4957743914253965,-0.03352200373915467,
2008-10-24,,-1.4767964996019942,,
2008-10-27,,-1.4583802126509153,,
2008-10-28,,-1.4404973568328987,,
2008-10-29,,-1.423121714559818,,
2008-10-30,,-1.3707322431107247,0.13305145605479568,
2008-10-31,,-1.1054692328121831,,
2008-11-03,,-1.0248892863387489,,
2008-11-04,,-0.5747432258732508,,
2008-11-05,,-0.46874703394193984,,
2008-11-06,,-0.3598083908395569,-0.5996251709769932,
2008-11-07,,-0.2243635889599966,,
2008-11-10,,0.43798534142826956,,
2008-11-11,,0.4408982435020184,,
2008-11-12,,-0.20172366115003798,,
2008-11-13,,7.61042242859551e-05,0.1739467786011632,
2008-11-14,,0.22961069161951678,,
2008-11-17,,0.21030210510145644,,
2008-11-18,,-0.13461466970185332,,
2008-11-19,,-0.3901200129360501,,
2008-11-20,,-0.7120104244848128,1.5587884492865325,
2008-11-21,,-0.7697963340923656,,
2008-11-24,,-0.566647160823405,,
2008-11-25,,-0.49543802269584203,,
2008-11-26,,-0.5061413017306777,,
2008-11-27,,-0.7197625659225507,0.6107153762820654,
2008-11-28,,-0.8514986743060051,,
2008-11-30,,-0.7594309578719353,,
2008-12-01,,-0.8376237730641151,,
2008-12-02,,-0.8665510580498342,,
2008-12-03,,-0.9856932692431757,,
2008-12-04,,-0.9810614336866577,0.9648459180727408,
2008-12-05,,-0.9943379395260574,,
2008-12-08,,-0.8990282589271833,,
2008-12-09,,-0.8610090662584761,,
2008-12-10,,-0.6583770690413261,,
2008-12-11,,-0.6633104128516425,0.03968069052796449,
2008-12-12,,-0.7752416258037492,,
2008-12-15,,-0.8696146813922419,,
2008-12-16,,-0.4456647780725461,,
2008-12-17,,0.026664352946445327,,
2008-12-18,,0.5784034464477662,-0.2785495788942026,
2008-12-19,,0.9074391621835075,,
2008-12-22,,0.9914446526797293,,
2008-12-23,,1.1417840379005706,,
2008-12-24,,1.0992019894633807,,
2008-12-25,,1.0936248704548743,0.6593709875701304,
2008-12-26,,1.1964655765352623,,
2008-12-29,,1.3636615888622585,,
2008-12-30,,1.8270909203124377,,
2008-12-31,,1.9411980223178869,,
2009-01-01,,1.9825692946694577,1.4138395520277363,
2009-01-02,,2.113443346871772,,
2009-01-05,,2.296697655197356,,
2009-01-06,,2.469890960938928,,
2009-01-07,,2.465482255479426,,
2009-01-08,,2.3113529343567563,-0.7697434561282334,
2009-01-09,,2.3324994008899234,,
2009-01-12,,2.2943326682987975,,
2009-01-13,,2.2389550233050026,,
2009-01-14,,2.1870063738274923,,
2009-01-15,,1.9706038010631466,0.871969043625669,
2009-01-16,,1.866936397227626,,
2009-01-19,,1.7240511155322034,,
2009-01-20,,1.615013511495317,,
2009-01-21,,1.4967885958101148,,
2009-01-22,,1.4668726358105812,0.8296592050592998,
2009-01-23,,1.429012967840016,,
2009-01-26,,1.329446333947422,,
2009-01-27,,1.2127833265054266,,
2009-01-28,,1.0728338475178079,,
2009-01-29,,1.0061422785604728,0.9575216470272502,
2009-01-30,,0.9954607362363754,,
2009-01-31,,0.888111232298919,,
2009-02-02,,0.7155639054661119,,
2009-02-03,,0.5078238143471238,,
2009-02-04,,0.4709009518456226,,
2009-02-05,,0.5519095368629924,0.8189540666366899,
2009-02-06,,0.567138441367723,,
2009-02-09,,0.5916058844606903,,
2009-02-10,,0.6065039973083879,,
2009-02-11,,0.5836619884034303,,
2009-02-12,,0.5830216572053938,0.1705158120660778,
2009-02-13,,0.5413282520222257,,
2009-02-16,,0.5918513421172092,,
2009-02-17,,0.45744433467397566,,
2009-02-18,,0.3843975708089695,,
2009-02-19,,0.4113367470876196,1.5599656602941037,
2009-02-20,,0.3315062940912638,,
2009-02-23,,0.30384689474640475,,
2009-02-24,,0.18797096978951508,,
2009-02-25,,0.08529530344423274,,
2009-02-26,,0.022308295331274017,1.3244805906001071,
2009-02-27,,-0.047284387502056956,,
2009-02-28,,-0.03004658928626742,,
2009-03-02,,-0.13690530674122547,,
2009-03-03,,-0.2535816790906044,,
2009-03-04,,-0.366304609889572,,
2009-03-05,,-0.4747431264979375,2.232285854496647,
2009-03-06,,-0.5211469707049423,,
2009-03-09,,-0.607501397586853,,
2009-03-10,,-0.519912185295577,,
2009-03-11,,-0.36849978475551626,,
2009-03-12,,-0.3002628807623573,1.0498856597700734,
2009-03-13,,-0.23234860373666802,,
2009-03-16,,-0.140415287890043,,
2009-03-17,,0.014071021833137812,,
2009-03-18,,-0.07321247015578121,,
2009-03-19,,-0.03019560384894019,-0.5395498869094543,
2009-03-20,,0.06939740820970479,,
2009-03-23,,0.165391631635391,,
2009-03-24,,0.33634491834647556,,
2009-03-25,,0.38494717578996496,,
2009-03-26,,0.44781062377566144,-0.06229490205529452,
2009-03-27,,0.643869089308353,,
2009-03-30,,0.5852430516077168,,
2009-03-31,,0.6975137880675438,,
2009-04-01,,0.7504567235538304,,
2009-04-02,,0.93654671811521,-0.4834959729555964,
2009-04-03,,1.1287909089042198,,
2009-04-06,,1.1755490048479365,,
2009-04-07,,1.2275587384478424,,
2009-04-08,,1.1856940869568993,,
2009-04-09,,1.113361393226977,0.19461799288872259,
2009-04-10,,1.0677705281352194,,
2009-04-13,,0.9774740302345797,,
2009-04-14,,0.9316149624197367,,
2009-04-15,,0.9432603869564281,,
2009-04-16,,1.1758427365968462,-0.6148084098587954,
2009-04-17,,1.2152751143068807,,
2009-04-20,,1.1560802621080273,,
2009-04-21,,1.0155119423070962,,
2009-04-22,,0.993173915883459,,
2009-04-23,,0.9505059735951669,0.1140740096191208,
2009-04-24,,0.9850952723107544,,
2009-04-27,,0.8418871351674986,,
2009-04-28,,0.9239416077590719,,
2009-04-29,,1.0762790981718737,,
2009-04-30,,1.4363339699537558,0.14593346165283466,
2009-05-01,,1.3315113501254465,,
2009-05-04,,1.2613667682711929,,
2009-05-05,,1.2571297429242188,,
2009-05-06,,1.285683248208898,,
2009-05-07,,1.367781762332068,-0.7420605263182604,
2009-05-08,,1.3288779115533802,,
2009-05-11,,1.249792654294663,,
2009-05-12,,1.19956056534115,,
2009-05-13,,1.0135502600006105,,
2009-05-14,,0.9453322870136491,-0.6311732040151418,
2009-05-15,,0.8370146193458347,,
2009-05-18,,0.7308648172446655,,
2009-05-19,,0.8107547795947359,,
2009-05-20,,0.9304921564851806,,
2009-05-21,,0.934704202519454,0.35813849321134583,
2009-05-22,,0.9514579782922546,,
2009-05-25,,0.8367361276674783,,
2009-05-26,,0.8589407858763944,,
2009-05-27,,0.8805049448821219,,
2009-05-28,,0.8057729912107044,0.18880684896593072,
2009-05-29,,0.4657184341153442,,
2009-05-31,,0.4457349532917118,,
2009-06-01,,0.5168182882646175,,
2009-06-02,,0.5188726859506432,,
2009-06-03,,0.47522268894099806,,
2009-06-04,,0.3925873803425253,-0.7589520435084998,
2009-06-05,,0.44872947736448116,,
2009-06-08,,0.5340129735508156,,
2009-06-09,,0.5523417207452013,,
2009-06-10,,0.6727251173269361,,
2009-06-11,,0.6822586801882223,-0.2132006306220795,
2009-06-12,,0.6816968898465144,,
2009-06-15,,0.6480617389108145,,
2009-06-16,,0.5651586637039279,,
2009-06-17,,0.4031093165509906,,
2009-06-18,,0.352796151412164,0.4364539463829567,
2009-06-19,,0.28253394146594535,,
2009-06-22,,0.22609549864131248,,
2009-06-23,,0.16982114285820607,,
2009-06-24,,0.09996570543422402,,
2009-06-25,,0.026749973657532768,0.8113190055221824,
2009-06-26,,0.033185652276018954,,
2009-06-29,,0.025704082474042024,,
2009-06-30,,0.08115017526712148,,
2009-07-01,,0.03817701412506644,,
2009-07-02,,0.023490781433398986,0.10510567866409977,
2009-07-03,,-0.033785806280037,,
2009-07-06,,-0.17669340768328373,,
2009-07-07,,-0.21908612743185615,,
2009-07-08,,-0.2974784752225163,,
2009-07-09,,-0.3395459021979525,1.0932184241851575,
2009-07-10,,-0.37062007880831177,,
2009-07-13,,-0.3870126953353092,,
2009-07-14,,-0.32997421113189845,,
2009-07-15,,-0.2102809583896228,,
2009-07-16,,-0.13519556847254363,0.6651551185227296,
2009-07-17,,-0.07133117122219217,,
2009-07-20,,-0.052498080448195907,,
2009-07-21,,0.045493388628276336,,
2009-07-22,,0.12444864524901378,,
2009-07-23,,0.22986942880297967,-0.01850254551539013,
2009-07-24,,0.2891385768807533,,
2009-07-27,,0.34048609034972527,,
2009-07-28,,0.36081767344715054,,
2009-07-29,,0.21114406506610098,,
2009-07-30,,0.2327519506241493,-1.0727572056379444,
2009-07-31,,0.2815803447000132,,
2009-08-03,,0.3692992841849528,,
2009-08-04,,0.444678658375813,,
2009-08-05,,0.49192453874906,,
2009-08-06,,0.5858849444239493,-0.991982718357843,
2009-08-07,,0.62352433326093,,
2009-08-10,,0.6527345497598518,,
2009-08-11,,0.6341571285151247,,
2009-08-12,,0.5088968762982021,,
2009-08-13,,0.35679860807131164,-1.1403449580103386,
2009-08-14,,0.36174805339529187,,
2009-08-17,,0.20169996160067896,,
2009-08-18,,0.17565220430783296,,
2009-08-19,,0.11712191123810685,,
2009-08-20,,0.0627749604831472,0.06850661261015849,
2009-08-21,,-0.003847565633281016,,
2009-08-24,,-0.0414870750550063,,
2009-08-25,,-0.09157014443614091,,
2009-08-26,,-0.12909746543066378,,
2009-08-27,,-0.16240736730525118,0.5013317150567108,
2009-08-28,,-0.19569830265313595,,
2009-08-31,,-0.275606637265588,,
2009-09-01,,-0.39797003648684326,,
2009-09-02,,-0.4644061832055811,,
2009-09-03,,-0.49197779302437195,-0.24024984614161465,
2009-09-04,,-0.463432595031163,,
2009-09-07,,-0.534517285207836,,
2009-09-08,,-0.49670390344150217,,
2009-09-09,,-0.4459557410345985,,
2009-09-10,,-0.36026665920580786,0.09954582282997101,
2009-09-11,,-0.2350140656871627,,
2009-09-14,,-0.12760068161148025,,
2009-09-15,,0.07341691640347804,,
2009-09-16,,0.19798215068752978,,
2009-09-17,,0.22329591087593706,-0.35258184239589513,
2009-09-18,,0.2801403383504578,,
2009-09-21,,0.20526771527188528,,
2009-09-22,,0.23999152236780075,,
2009-09-23,,0.25172178283180796,,
2009-09-24,,0.24962368848702135,0.038978781364835194,
2009-09-25,,0.21982122004773555,,
2009-09-28,,0.17617220323465443,,
2009-09-29,,0.2305724375339121,,
2009-09-30,,0.24734244862070454,,
2009-10-01,,0.18407589304045732,-0.6600912640367812,
2009-10-02,,0.12094169538606689,,
2009-10-05,,0.09594785435564845,,
2009-10-06,,0.14744923922847628,,
2009-10-07,,0.08362744458301481,,
2009-10-08,,0.11159319462931401,0.07917341524314571,
2009-10-09,,0.14921164848675642,,
2009-10-12,,0.06982101780081015,,
2009-10-13,,-0.05849680453281629,,
2009-10-14,,-0.08329287874064234,,
2009-10-15,,-0.1773994910680896,-0.9431328245801862,
2009-10-16,,-0.17688760027724143,,
2009-10-19,,-0.22139641488312597,,
2009-10-20,,-0.20554498181071623,,
2009-10-21,,-0.19981486591329256,,
2009-10-22,,-0.19409180996055764,-0.48176970238537326,
2009-10-23,,-0.1628483861189384,,
2009-10-26,,-0.10083137123946703,,
2009-10-27,,-0.1317066067232739,,
2009-10-28,,-0.21441449699684587,,
2009-10-29,,-0.18762953417847197,0.22332687972926266,
2009-10-30,,-0.14514906881402964,,
2009-10-31,,-0.06583118940125991,,
2009-11-02,,-0.09241675441992277,,
2009-11-03,,-0.1509131171088852,,
2009-11-04,,-0.08637577490433994,,
2009-11-05,,-0.15089033478209446,1.495475625141812,
2009-11-06,,-0.2423747030766279,,
2009-11-09,,-0.21976373177565078,,
2009-11-10,,-0.16442650765508765,,
2009-11-11,,-0.2572401488750805,,
2009-11-12,,-0.30585420037974037,-0.2526579436323545,
2009-11-13,,-0.2934886429269099,,
2009-11-16,,-0.3200992433187158,,
2009-11-17,,-0.32430529164105953,,
2009-11-18,,-0.3453632739845872,,
2009-11-19,,-0.40024117402528575,-0.8218904908927374,
2009-11-20,,-0.43230512441411045,,
2009-11-23,,-0.4756503066423745,,
2009-11-24,,-0.427406969607505,,
2009-11-25,,-0.36206295671721933,,
2009-11-26,,-0.3777007014914703,-0.24486516939698175,
2009-11-27,,-0.3585024418642154,,
2009-11-30,,-0.39763717244422986,,
2009-12-01,,-0.35470624683447405,,
2009-12-02,,-0.29419782003662404,,
2009-12-03,,-0.27519530273640547,-0.6615990961349796,
2009-12-04,,-0.17292999580178184,,
2009-12-07,,-0.16043884788629106,,
2009-12-08,,-0.20807397546245168,,
2009-12-09,,-0.20734173454832464,,
2009-12-10,,-0.15802545846520172,-0.6255724974323885,
2009-12-11,,-0.09041529202153181,,
2009-12-14,,-0.028967818894374203,,
2009-12-15,,0.05712751496874848,,
2009-12-16,,0.0811635003863351,,
2009-12-17,,-0.0007590897889498227,-0.9589634613538766,
2009-12-18,,0.06771266241832986,,
2009-12-21,,0.1361233989791295,,
2009-12-22,,0.16649927159769565,,
2009-12-23,,0.222238774280249,,
2009-12-24,,0.2650898501462818,-0.22504880114387663,
2009-12-25,,0.26296583579751853,,
2009-12-28,,0.3316525498524287,,
2009-12-29,,0.34192956743617525,,
2009-12-30,,0.28726108216912266,,
2009-12-31,,0.297988615807156,-1.611230950013805,
2010-01-01,,0.2366005916953164,,
2010-01-04,,0.16216333453815365,,
2010-01-05,,0.2004263920050037,,
2010-01-06,,0.31838607422189813,,
2010-01-07,,0.3758443158199268,-1.0016364400215565,
2010-01-08,,0.32587671326131723,,
2010-01-11,,0.28281551594774545,,
2010-01-12,,0.14509275893648504,,
2010-01-13,,0.0960424487895242,,
2010-01-14,,0.060727015649685676,-1.282157489624342,
2010-01-15,,0.08047058869659413,,
2010-01-18,,0.031062618802810353,,
2010-01-19,,-0.06001951618266205,,
2010-01-20,,-0.1440722869315264,,
2010-01-21,,-0.23509147854611742,-0.46424275308459406,
2010-01-22,,-0.3612586350827021,,
2010-01-25,,-0.40215452405082186,,
2010-01-26,,-0.44294217617835696,,
2010-01-27,,-0.4264610562926038,,
2010-01-28,,-0.41721127368814265,-0.09248747236677432,
2010-01-29,,-0.5305041901812904,,
2010-01-31,,-0.5854146411584348,,
2010-02-01,,-0.6182539272126226,,
2010-02-02,,-0.6436105016929642,,
2010-02-03,,-0.6760885103029359,,
2010-02-04,,-0.8689721067268182,0.5587478029296862,
2010-02-05,,-1.0297859578731714,,
2010-02-08,,-1.0711190828479353,,
2010-02-09,,-1.0243254387455287,,
2010-02-10,,-1.080306865835124,,
2010-02-11,,-1.0987357537033562,0.08533138739493133,
2010-02-12,,-1.0804019563034062,,
2010-02-15,,-1.0551447365445463,,
2010-02-16,,-1.044921049817169,,
2010-02-17,,-0.837682340714793,,
2010-02-18,,-0.6620325423152419,-0.22741788786440875,
2010-02-19,,-0.5022913366270375,,
2010-02-22,,-0.410138824003874,,
2010-02-23,,-0.46787015269404714,,
2010-02-24,,-0.47282804886866003,,
2010-02-25,,-0.5230099789024153,-0.4836280235339881,
2010-02-26,,-0.48970889777609455,,
2010-02-28,,-0.46414974836677997,,
2010-03-01,,-0.4234005421716906,,
2010-03-02,,-0.35972338497798695,,
2010-03-03,,-0.3888230146179881,,
2010-03-04,,-0.24718241200034413,-0.7145652326687695,
2010-03-05,,0.019270531485746163,,
2010-03-08,,0.12869908783163156,,
2010-03-09,,0.18285072849701398,,
2010-03-10,,0.2765223709410867,,
2010-03-11,,0.3222670212077119,-1.269719098643492,
2010-03-12,,0.39182627338526516,,
2010-03-15,,0.3649374882608526,,
2010-03-16,,0.3381395194410023,,
2010-03-17,,0.19802940416755604,,
2010-03-18,,0.1476733955642714,-0.469881974898297,
2010-03-19,,0.10554700865109669,,
2010-03-22,,0.02227908552625692,,
2010-03-23,,0.12110575121098963,,
2010-03-24,,0.22814981285004754,,
2010-03-25,,0.34332054638495285,-0.04205630684514049,
2010-03-26,,0.33243936780343863,,
2010-03-29,,0.38051957854923174,,
2010-03-30,,0.352356790091673,,
2010-03-31,,0.22228779229565632,,
2010-04-01,,0.20351067575419932,-0.7260905188263307,
2010-04-02,,0.15898988751698814,,
2010-04-05,,0.20085732143170845,,
2010-04-06,,0.1125195178162301,,
2010-04-07,,0.015503039640463684,,
2010-04-08,,-0.028851994111051545,-0.851134771292065,
2010-04-09,,-0.020283630624156432,,
2010-04-12,,-0.05604337454576714,,
2010-04-13,,-0.02941290050535458,,
2010-04-14,,0.08678827174813693,,
2010-04-15,,0.08589252432933066,-1.1887914653038587,
2010-04-16,,-0.04171301042832771,,
2010-04-19,,-0.09649786178208823,,
2010-04-20,,-0.014070060416770495,,
2010-04-21,,-0.041997544439637165,,
2010-04-22,,-0.13461766172329886,-0.35607029774277904,
2010-04-23,,-0.1435933448372376,,
2010-04-26,,-0.10587370310238285,,
2010-04-27,,-0.23712584039749723,,
2010-04-28,,-0.21736017046621275,,
2010-04-29,,-0.17864871583121572,-0.8456104812270816,
2010-04-30,,-0.2638483749500892,,
2010-05-03,,-0.22447879426294387,,
2010-05-04,,-0.49289886279530837,,
2010-05-05,,-0.711686513559739,,
2010-05-06,,-0.9760835799453365,-0.7196421091920465,
2010-05-07,,-1.1875382914785853,,
2010-05-10,,-0.9834530423751232,,
2010-05-11,,-1.0609460061097236,,
2010-05-12,,-0.9163260656728268,,
2010-05-13,,-0.9567642315802969,-0.12477477173118967,
2010-05-14,,-1.1789009366668648,,
2010-05-17,,-1.1469409443143719,,
2010-05-18,,-1.211290612073979,,
2010-05-19,,-1.3688519720674066,,
2010-05-20,,-1.651781634496166,-0.5522282158912807,
2010-05-21,,-1.7627560767303838,,
2010-05-24,,-1.739176145743729,,
2010-05-25,,-1.9690660400772055,,
2010-05-26,,-1.657710287042006,,
2010-05-27,,-1.4947261920342967,1.0612525613120722,
2010-05-28,,-1.4633081946520765,,
2010-05-31,,-1.4507560653582054,,
2010-06-01,,-1.5182804231694258,,
2010-06-02,,-1.3976484015095276,,
2010-06-03,,-1.0767394316473275,0.07864440767447649,
2010-06-04,,-0.9405421219769815,,
2010-06-07,,-0.7793809057502801,,
2010-06-08,,-1.0515614128850594,,
2010-06-09,,-0.951168082576197,,
2010-06-10,,-1.0230250888041443,0.3522928884056213,
2010-06-11,,-1.1202095914696073,,
2010-06-14,,-0.8387055899902738,,
2010-06-15,,-0.6869610391511444,,
2010-06-16,,-0.5363637201567168,,
2010-06-17,,-0.3589616307222656,-0.8105914855464392,
2010-06-18,,0.03014563398010332,,
2010-06-21,,0.25235369842218447,,
2010-06-22,,0.1392442295611849,,
2010-06-23,,0.32561378659217816,,
2010-06-24,,0.0981019370083462,-0.24959683754310116,
2010-06-25,,-0.0915600747076673,,
2010-06-28,,-0.10057657981196777,,
2010-06-29,,-0.14781311332355157,,
2010-06-30,,-0.1566164671675508,,
2010-07-01,,-0.19437562333534864,0.8555916489545238,
2010-07-02,,-0.2612013004361579,,
2010-07-05,,-0.05496011235733479,,
2010-07-06,,-0.02523834057184335,,
2010-07-07,,0.10306157306949054,,
2010-07-08,,0.21149845870672035,1.8871442517488919,
2010-07-09,,0.24021055682807554,,
2010-07-12,,0.34887474836841786,,
2010-07-13,,0.3870030523798327,,
2010-07-14,,0.27371241726639156,,
2010-07-15,,0.16054135540412912,-0.254252930193999,
2010-07-16,,0.05761248490619852,,
2010-07-19,,-0.035051120836688474,,
2010-07-20,,-0.19989014184123363,,
2010-07-21,,-0.08477913585780926,,
2010-07-22,,0.0720159363233641,0.5643469309425094,
2010-07-23,,0.22875510885401712,,
2010-07-26,,0.2906183923930946,,
2010-07-27,,0.43685825847702053,,
2010-07-28,,0.5295253617857955,,
2010-07-29,,0.5897997216081899,-0.5516151944720555,
2010-07-30,,0.5324003486380741,,
2010-07-31,,0.46456232579114776,,
2010-08-02,,0.515442555684262,,
2010-08-03,,0.512053254660358,,
2010-08-04,,0.5303844995272335,,
2010-08-05,,0.3742208041835685,0.2802964199743291,
2010-08-06,,0.19640919096812756,,
2010-08-09,,0.19527637484983787,,
2010-08-10,,-0.03884482466269036,,
2010-08-11,,-0.2617328702412967,,
2010-08-12,,-0.2603340052871505,-0.7249640671490432,
2010-08-13,,-0.2589411369546885,,
2010-08-16,,-0.3028030192735096,,
2010-08-17,,-0.17605864817186168,,
2010-08-18,,-0.17515540063107324,,
2010-08-19,,-0.31211468357127475,0.5437940040787955,
2010-08-20,,-0.37959218387469784,,
2010-08-23,,-0.4584549899780105,,
2010-08-24,,-0.7109450682264993,,
2010-08-25,,-0.6475416820767395,,
2010-08-26,,-0.6429567059833012,1.4643998734205943,
2010-08-27,,-0.3920578479855713,,
2010-08-30,,-0.4605317985923353,,
2010-08-31,,-0.5523885163144442,,
2010-09-01,,-0.3941552008437124,,
2010-09-02,,-0.36788425383504336,0.46116008624364696,
2010-09-03,,-0.22143489486172843,,
2010-09-06,,-0.1476487105699596,,
2010-09-07,,-0.256237163638256,,
2010-09-08,,-0.07152854045310382,,
2010-09-09,,0.29736494768507454,-0.9009197622942895,
2010-09-10,,0.4805287002558086,,
2010-09-13,,0.5393032011104745,,
2010-09-14,,0.585363440934781,,
2010-09-15,,0.5316101702361714,,
2010-09-16,,0.553131292381389,-1.703364125731376,
2010-09-17,,0.6121507317505898,,
2010-09-20,,0.5701371245053496,,
2010-09-21,,0.5030706098529927,,
2010-09-22,,0.6013514360467995,,
2010-09-23,,0.5589754126987428,-1.2822198009545487,
2010-09-24,,0.6318804790377038,,
2010-09-27,,0.4219812907424785,,
2010-09-28,,0.5225936562234237,,
2010-09-29,,0.6484938799169583,,
2010-09-30,,0.526968589875454,-0.7803900495260555,
2010-10-01,,0.4712573640394656,,
2010-10-04,,0.3238873910456726,,
2010-10-05,,0.3878841226346412,,
2010-10-06,,0.5046175252268078,,
2010-10-07,,0.408241177091647,-1.359706231085825,
2010-10-08,,0.2586225603581294,,
2010-10-11,,0.13603782110930823,,
2010-10-12,,0.1622451948171675,,
2010-10-13,,0.24278851234179788,,
2010-10-14,,0.24132821341932076,-1.2868927666170618,
2010-10-15,,0.1849767025719152,,
2010-10-18,,0.07345282611276471,,
2010-10-19,,0.05907090185931954,,
2010-10-20,,0.1283793226360196,,
2010-10-21,,0.2537066334280977,-1.5015858484344553,
2010-10-22,,0.3366202840167096,,
2010-10-25,,0.3486755172848055,,
2010-10-26,,0.5593074374633838,,
2010-10-27,,0.6407063270667583,,
2010-10-28,,0.47901625898501,-1.7640359231669,
2010-10-29,,0.36097000626597525,,
2010-10-31,,0.14198846693506204,,
2010-11-01,,0.11200307742783612,,
2010-11-02,,0.06741668816093199,,
2010-11-03,,0.052211786777080264,,
2010-11-04,,0.06654002498240992,-1.1207743126441982,
2010-11-05,,0.19958364405574822,,
2010-11-08,,0.2281447053984785,,
2010-11-09,,0.3615049002971265,,
2010-11-10,,0.10329626625838198,,
2010-11-11,,0.026852539831251746,-1.6903002228717587,
2010-11-12,,-0.003913431256174361,,
2010-11-15,,0.22545997391511144,,
2010-11-16,,-0.08357004676536592,,
2010-11-17,,-0.05237641646424275,,
2010-11-18,,-0.0056386703878815786,-0.47999875539146974,
2010-11-19,,-0.08392757524563647,,
2010-11-22,,-0.31919713614561535,,
2010-11-23,,-0.7108805249124702,,
2010-11-24,,-0.6270779117911748,,
2010-11-25,,-0.559618358036766,-1.319392000065015,
2010-11-26,,-0.49249005548024577,,
2010-11-29,,-0.4575909850587283,,
2010-11-30,,-0.7113809324879085,,
2010-12-01,,-0.4167854365849848,,
2010-12-02,,-0.30104979245654023,-1.342904246096698,
2010-12-03,,-0.3320493205078815,,
2010-12-06,,-0.5427232114229316,,
2010-12-07,,-0.16165485343559782,,
2010-12-08,,-0.24353566789806438,,
2010-12-09,,-0.02634398462627979,-1.7050616330498694,
2010-12-10,,0.07390419255635552,,
2010-12-13,,0.00621595257334317,,
2010-12-14,,0.1411071471461153,,
2010-12-15,,0.5468031514570328,,
2010-12-16,,0.458158770967463,-1.2784111985116022,
2010-12-17,,0.1475559348146558,,
2010-12-20,,0.1982047152161928,,
2010-12-21,,0.3869401580685476,,
2010-12-22,,0.7131696817923232,,
2010-12-23,,0.6557223640069441,-2.504054809539512,
2010-12-24,,0.6508661665371862,,
2010-12-27,,0.6111505665920555,,
2010-12-28,,0.9734049063052459,,
2010-12-29,,1.0857999861326828,,
2010-12-30,,0.865426327951794,-1.6486143596908918,
2010-12-31,,0.5419572765515456,,
2011-01-03,,0.6793457359311101,,
2011-01-04,,0.8154463935675955,,
2011-01-05,,0.6314138413242706,,
2011-01-06,,0.4662872954810893,-1.9271973962546338,
2011-01-07,,0.24780226053770937,,
2011-01-10,,0.04753005418542768,,
2011-01-11,,0.2285713428885854,,
2011-01-12,,0.026338536666420158,,
2011-01-13,,-0.029098552550407945,-1.443795148814807,
2011-01-14,,0.17367546417399543,,
2011-01-17,,0.33917824865985696,,
2011-01-18,,0.33693779425729337,,
2011-01-19,,0.27862714492306095,,
2011-01-20,,0.33313528050800334,-1.0517540472429394,
2011-01-21,,0.1420758317703652,,
2011-01-24,,0.17901265790741913,,
2011-01-25,,0.17775417703531826,,
2011-01-26,,0.09974563712863406,,
2011-01-27,,0.31103134217383377,-0.32027334144312314,
2011-01-28,,0.07642782505072829,,
2011-01-31,,0.15367345103412774,,
2011-02-01,,0.15254498505537184,,
2011-02-02,,0.24982603497760786,,
2011-02-03,,0.050285797780564676,-1.1974891023893868,
2011-02-04,,0.3876724166927003,,
2011-02-07,,0.6638183881198214,,
2011-02-08,,0.9767239346559469,,
2011-02-09,,0.7086125677692903,,
2011-02-10,,0.7029512690199047,-1.069722998748063,
2011-02-11,,0.6370983464995505,,
2011-02-14,,0.5313142578777015,,
2011-02-15,,0.5477320987004779,,
2011-02-16,,0.5640670451897897,,
2011-02-17,,0.5394606322555943,-0.9806725346277668,
2011-02-18,,0.43285900391553483,,
2011-02-21,,0.49167682740908775,,
2011-02-22,,0.15628503277890085,,
2011-02-23,,0.2176449301270086,,
2011-02-24,,-0.09869030742264631,0.10014303878512035,
2011-02-25,,-0.056370052152032016,,
2011-02-28,,-0.09887979146417482,,
2011-03-01,,0.050477429933221636,,
2011-03-02,,-0.057347236714028055,,
2011-03-03,,-0.014355398991191405,-0.0663665921401155,
2011-03-04,,-0.3394089853062157,,
2011-03-07,,-0.6632942531956273,,
2011-03-08,,-0.6372968895233835,,
2011-03-09,,-1.0244693291390707,,
2011-03-10,,-1.1664808865235616,-0.06734349479507111,
2011-03-11,,-1.3264763322975288,,
2011-03-14,,-1.3319011205807363,,
2011-03-15,,-1.6767438650029132,,
2011-03-16,,-1.8164974701982335,,
2011-03-17,,-1.7211384123848144,0.7448625633057917,
2011-03-18,,-1.4849665122845483,,
2011-03-21,,-1.3396588458135579,,
2011-03-22,,-1.3023506898043204,,
2011-03-23,,-0.9949388549403635,,
2011-03-24,,-0.8389494374961126,-0.03132085943777884,
2011-03-25,,-0.5787419817127997,,
2011-03-28,,-0.5325690902222906,,
2011-03-29,,-0.33686077391208363,-0.526114216809504,
2011-03-30,,-0.44262425139696293,-0.5726947785202338,
2011-03-31,,-0.5479890362721506,-0.5643448258063656,
2011-04-01,,-0.6959675362865233,-0.6370035468317715,
2011-04-04,,-0.4957937503768908,-0.4796325400097811,
2011-04-05,,-0.3399511771195018,-0.8095976964900512,
2011-04-06,,-0.2722515656738805,-0.9261349070223923,
2011-04-07,,-0.09412233184175546,-0.7711428365941976,
2011-04-08,,0.2838974924983753,-0.5852962117645972,
2011-04-11,,0.3490395795425424,-1.0570842157055933,
2011-04-12,,0.23476800662842656,-0.717010186226128,
2011-04-13,,0.5483721368809831,-0.785709001872223,
2011-04-14,,0.8146713992995244,-0.909660153245055,
2011-04-15,,0.49187368454277264,-1.3345657641474544,
2011-04-18,,0.16992490201945967,-0.6677101744114362,
2011-04-19,,-0.060298257409623704,-1.0731577443414992,
2011-04-20,,0.10105512724401061,-1.520591981419288,
2011-04-21,,0.12346651344086464,-1.0487347645026124,
2011-04-22,,-0.040320101168968156,-1.550344098331194,
2011-04-25,,-0.25084148396191136,-1.0319334723878895,
2011-04-26,,-0.3671059500154801,-1.0996607732298995,
2011-04-27,,-0.34157442963416584,-1.2256022777739428,
2011-04-28,,-0.4109149532562562,-1.0220391069809232,
2011-04-29,,-0.3372216151705873,-1.309785418784172,
2011-04-30,,-0.5745405116966527,-1.272110448168788,
2011-05-02,,-0.5229796573867883,-0.8230316582476465,
2011-05-03,,-0.7362276279071245,-0.5037769253045487,
2011-05-04,,-0.9231559253013031,-0.3250369679284378,
2011-05-05,,-1.035236177850216,0.1660826615492312,
2011-05-06,,-1.1212510683482075,0.2834369269987952,
2011-05-09,,-1.1336950516972097,-0.2609075355805216,
2011-05-10,,-0.7373811320231327,-0.8766460444281731,
2011-05-11,,-0.756190027135938,-0.3595300432783278,
2011-05-12,,-0.8233272136034351,-0.4042655167548334,
2011-05-13,,-0.6951647153271734,-0.4127846020198351,
2011-05-16,,-0.5189109904222345,0.0715362868036885,
2011-05-17,,-0.5648941834849792,-0.21590639189750463,
2011-05-18,,-0.7092387951416956,-0.8230183635390794,
2011-05-19,,-0.7535267803900833,-0.35017617370966847,
2011-05-20,,-0.7973869089996996,-0.24878167150724295,
2011-05-23,,-0.8159801298046554,0.17741751423289878,
2011-05-24,,-0.8095130386545415,-0.0641532110285471,
2011-05-25,,-0.9773070923417564,-0.3696840118796493,
2011-05-26,,-1.0429224018147498,-0.029940245692090688,
2011-05-27,,-1.08248179587628,-0.7679644037680187,
2011-05-30,,-0.9472453290248444,-0.7421614782079136,
2011-05-31,,-1.187512959882236,-0.9061545960889551,
2011-06-01,,-1.2733781727274955,0.5583689315430543,
2011-06-02,,-1.2582110360732564,0.4439872982205087,
2011-06-03,,-1.366430604741545,0.3369173787343267,
2011-06-06,,-1.3487519350756565,0.6307398180301395,
2011-06-07,,-1.3804178351230951,0.43489640449448763,
2011-06-08,,-1.7493041783205414,0.8582535900936958,
2011-06-09,,-1.646572619153433,0.7823468226237585,
2011-06-10,,-1.785498280596827,0.8230324009797213,
2011-06-13,,-1.776182744831655,1.1568731503278724,
2011-06-14,,-1.5333242314957762,0.35443654720978934,
2011-06-15,,-1.7893124124758224,1.8664407510646839,
2011-06-16,,-2.1202280492369336,2.1090115003795358,
2011-06-17,,-2.0254195501197865,2.011966226796447,
2011-06-20,,-2.002586863632072,1.21046099808213,
2011-06-21,,-1.8051390047185782,0.6712955655940962,
2011-06-22,,-1.6613436184482198,0.5458173002626319,
2011-06-23,-0.022980535291171916,-1.8506931145809098,0.7426973222789679,3.0
2011-06-24,0.04468412487501065,-1.7282111059748435,1.7678858323576132,3.0
2011-06-27,0.1098372359628606,-1.6542851492778037,1.4043003303172994,2.7288661906400993
2011-06-28,0.13642605772589791,-1.3471312324678606,0.6467187186211725,1.9259409681000863
2011-06-29,0.1738214340292898,-0.8956694792238752,-0.2366370017539698,1.5704191934770904
2011-06-30,0.3836887434898994,-0.5146299737150009,-0.47722860866590106,1.056627348299225
2011-07-01,0.5447267508339669,-0.3340233374151001,-0.9124090382042422,-0.23972065389078787
2011-07-04,0.5871646751038216,-0.1314209202089936,-0.8956837327810028,-0.29721067788159694
2011-07-05,0.6601763139366382,-0.1751074286372308,-0.6742548177838247,-0.08993793866719328
2011-07-06,0.6838945568689279,-0.196273827670917,-0.5901943690240128,-0.42938184264439755
2011-07-07,0.7972990181399479,0.34781479367948703,-0.7957119565756644,-1.6584875055535624
2011-07-08,0.5974865939747127,0.07360367469059315,-0.6503321002652619,-0.8674880524905211
2011-07-11,0.6713620009035695,-0.20054219941536722,0.5564646663248615,1.4068573525362649
2011-07-12,0.5709514839711914,-0.19906325351680396,1.207048088574591,1.4669648605860421
2011-07-13,0.6129138524992329,-0.3589706616113712,1.2387709355154304,1.3392495361715742
2011-07-14,0.6632230720253616,0.17663912095246412,0.9610483724183464,1.734162475678169
2011-07-15,0.6534243272015732,0.4321637552004812,1.0362478983187657,1.2759667898837501
2011-07-18,0.7015701942097152,0.3364370895344581,1.5680906915941155,1.6429415290541611
2011-07-19,0.7363536515953,0.40535018866834144,0.7943802960728055,0.5594788426277096
2011-07-20,0.7301624868006337,0.5447550466787939,0.7060121825978688,0.34468416827356435
2011-07-21,0.7781259143182702,0.7069526125471408,-0.20928012581038372,-1.1502770808436176
2011-07-22,0.8361577826795765,1.0324246168139581,-0.09607536473530102,-0.6110546814193001
2011-07-25,0.9021523590238703,1.1872296920421057,0.6344424701912666,0.04653290557839535
2011-07-26,0.9754653126282553,1.0808018423807018,0.9320808541614146,0.4720935047879923
2011-07-27,0.9451962488539492,0.8347249594553444,2.0073470956859016,2.052148447751053
2011-07-28,1.0020182278859382,0.4242144842056713,1.551121532569174,2.0255484869142064
2011-07-29,0.9126407743787367,-0.17762980865639938,2.8309246936552728,2.097755453124521
2011-07-31,-1.2311539908872855,-0.5374852721904667,2.629002650164028,
2011-08-01,-0.4885214113304734,-0.6541532542662235,2.0550571114347047,2.3476231757063553
2011-08-02,-0.36525024885383844,-0.9863405938291051,2.4606082048561295,2.6976530397803025
2011-08-03,-0.2535771376968801,-1.0486773517085801,1.987025290623893,2.2819602427583487
2011-08-04,-0.14297105474139898,-2.051290051959039,2.2049064851317635,2.395685001492355
2011-08-05,0.08668796076183763,-1.913044257634766,2.551043602129892,2.032707883876618
2011-08-08,0.19424462114780291,-2.823050927782199,2.4657859718355852,2.1173439170727764
2011-08-09,0.26986630097086606,-3.0,2.3879561035206858,1.536328348790153
2011-08-10,0.31525684434566503,-3.0,2.316520194184814,1.9012566459334206
2011-08-11,0.25405244705373775,-3.0,1.7211269610047186,1.5121672019062748
2011-08-12,0.30320803062163987,-3.0,2.215809672971971,1.4218273481661285
2011-08-15,0.3399776080737206,-2.6364260734825757,1.8474911609092497,1.2900428760456428
2011-08-16,0.4646993211608649,-2.56133918393836,1.8763221820380913,1.4418540911715587
2011-08-17,0.5057466056112858,-2.5585547922696388,1.6752655335951647,1.3971153948441886
2011-08-18,0.41845141962084,-2.8732527648695436,1.4492769695151748,1.6049188317050778
2011-08-19,0.44416878100894885,-2.8786448782273717,2.0228394781295815,1.4876874550251926
2011-08-22,0.5339994513023775,-2.819257992963289,1.976841198402379,1.3922693330278866
2011-08-23,0.5995347520628164,-2.878102938060615,1.6943598739736223,1.2180649526662695
2011-08-24,0.7117028078180277,-2.7851519680352124,1.5603509694233453,0.9602640401326333
2011-08-25,0.7732636601668816,-2.578168314917666,1.2843034696585556,1.1406485424786466
2011-08-26,0.8154575225717301,-2.391823357470304,1.4046494294772358,0.8815996826842397
2011-08-29,1.032357505773168,-2.0750893431991035,1.017006145290549,0.6670880073611957
2011-08-30,0.9770283321007318,-1.95412445803678,1.044527996066387,0.6795492799540229
2011-08-31,0.9829837210766025,-1.5617805610168267,0.8715823063694966,0.7388934033875181
2011-09-01,1.0799313832692674,-1.3865282678572335,0.4590837267113861,0.9216841833295955
2011-09-02,0.9497928499679728,-1.069510611554318,1.0872244698760085,1.207056085571348
2011-09-05,0.9775747848028075,-0.961756548945644,1.0497696241740326,1.0018477316371246
2011-09-06,1.0342579246631332,-0.40684195661149725,1.290843197961291,1.0940884081771094
2011-09-07,1.0560637072571115,0.25675488805012425,0.9022042684684808,0.6773377408056002
2011-09-08,1.276180720899401,0.39420394076439125,0.7166850461040979,0.9042946138234867
2011-09-09,1.296268351213305,0.39257056384568517,1.3193265619020387,1.2416530207850982
2011-09-12,1.332903008394438,0.08399040724795645,1.274671024377598,0.983028435607447
2011-09-13,1.3401359509102164,-0.16823502832861398,1.0854283570153798,0.6727999655922768
2011-09-14,1.3144345704705012,-0.05369118853704665,0.8588369379495105,0.3725200637798803
2011-09-15,1.2735659246539102,-0.01008892422052588,0.44952827882418755,0.08161129352437557
2011-09-16,1.273245860463657,0.24714245348261862,0.504258429052114,0.08033004198047738
2011-09-19,1.3326717424830137,0.13197834660366164,0.65988502522766,0.16156741255686832
2011-09-20,1.3241524134302014,0.18956316808839047,0.6551692317299345,0.24118996598609077
2011-09-21,1.3355379071177302,0.3627161920360555,1.010924105787562,0.8707102166707831
2011-09-22,1.340037951192383,-0.14718229996551122,1.0941644118786218,0.8609207176875259
2011-09-23,1.3288167902563874,-0.26224847878530455,1.2545201885631718,0.6561972884227532
2011-09-26,1.3296864804332194,-0.14253866959168154,1.0190150814572878,0.2777852841783516
2011-09-27,1.2943074754976032,-0.18510352907108057,0.8675615952850747,0.28202181786400027
2011-09-28,1.2844036791842666,-0.3459446470456918,1.1199145147074188,0.7730253375424747
2011-09-29,1.351724472596887,-0.6688293966749942,0.6763544913213736,0.6292270183141425
2011-09-30,1.3898283466851686,-1.0899913233437002,1.2115640512816492,0.8408369234074846
2011-10-03,1.4432311829831816,-1.425579418515802,1.379097103767099,1.0044766924583093
2011-10-04,1.451584014017352,-1.9285553962104245,0.9936680964759482,0.5252226269243053
2011-10-05,1.5093182551743416,-1.4324739376970688,0.7483005687980416,0.28213243968696
2011-10-06,1.5198415266613303,-1.2240036859748977,0.39881214025727996,0.03424099943314011
2011-10-07,1.5819743292782795,-0.949636237144965,0.5562508724864978,0.4060778404052602
2011-10-10,1.6138146138803986,-0.8236542555583147,0.30993719565821837,-0.6075939765637945
2011-10-11,1.6193332509922804,-0.3083052867183726,0.2613470754636159,-0.38709734551817293
2011-10-12,1.6170908565614317,0.05988888754870373,0.12297507547185862,-0.5828070047391493
2011-10-13,1.610300490861969,-0.01297904454698625,-0.1471598928871336,-0.461095962828667
2011-10-14,1.6335996148408904,0.1357233300196779,-0.13071215468501451,-0.6927650542078707
2011-10-17,1.6115089965559903,0.10619616582853714,0.2488514705858423,-0.27256721071686196
2011-10-18,1.6484311591295988,0.3451487038741597,0.09603293871215017,-0.8181263508523464
2011-10-19,1.5759250778135854,0.5684006766614547,0.3071959204094089,-0.6290760941622743
2011-10-20,1.626715611075563,0.6854027452140489,0.03684652989265301,-0.8435265761267612
2011-10-21,1.5972105716582057,1.4555301801846947,0.024489163507410764,-0.9753976848270227
2011-10-24,1.5930942202666887,1.7424448910550798,-0.13659004675998174,-0.9775622032481691
2011-10-25,1.4954085577619283,1.7271417918920422,0.10468995664930468,-0.5273145962247918
2011-10-26,1.5070890371709436,1.7123056050133079,-0.10281334113612245,-0.6537655228781315
2011-10-27,1.4903000322901279,2.353135603226772,-0.745642717414053,-1.4721894451207445
2011-10-28,1.5122756361438179,2.4358874795179566,-0.5495254149490635,-1.3786715410595196
2011-10-31,1.041239750200003,2.4039653763093454,-0.06653765234800285,-0.6149629501917744
2011-11-01,1.0308373452655277,2.283298738811027,0.31747488127614165,-0.19839073567809756
2011-11-02,1.0356029029115292,2.78389021321814,0.1427754439246277,-0.3656808339510691
2011-11-03,1.0611386796526883,2.6564326378575904,-0.3445790877705638,-0.8580773676666482
2011-11-04,1.1234774760360258,2.244738672479868,-0.07368851282518073,-0.4872385985312303
2011-11-07,1.179614582114794,1.9478215701422246,-0.10394239542564988,-0.7695339261138255
2011-11-08,1.2112500290082517,1.989233158326158,-0.3040268031878017,-1.143025418646798
2011-11-09,1.1938684207134582,1.3895142266775566,0.41977093243045577,-0.017738454584657996
2011-11-10,1.2901424608854626,1.070978022016268,-0.34504540354169955,-0.4523085231267387
2011-11-11,1.3223434784744443,1.0363809843938139,-0.08972675816982151,-0.9559313651794505
2011-11-14,1.3375228913512427,0.8569547040226435,-0.0018591762769335851,-0.4230872112583248
2011-11-15,1.4266335601251663,0.7770903227805555,0.017770771204377568,-0.7137373237549476
2011-11-16,1.4888347835217048,0.6980006423829901,0.2139293601483866,-0.15863478539850231
2011-11-17,1.4873861878339512,0.38548111934517465,-0.11083475060949276,0.12361171344974088
2011-11-18,1.4724839347525256,0.3215741821410584,0.08863690688345825,-0.03893389352608223
2011-11-21,1.4417020651139596,-0.12889165350912393,0.1798309039471167,0.1936563096757156
2011-11-22,1.335436284401132,-0.4532822668422659,0.10839264327917633,0.2960313972438336
2011-11-23,1.3308431107538092,-0.6378361522959495,0.28831831148156145,0.7097225933883125
2011-11-24,1.3257033792926725,-0.7453515335258384,0.10748712464713277,0.7140014871602567
2011-11-25,1.3142019324277967,-1.162908896125168,0.30017673521442284,0.7721378044800555
2011-11-28,1.2941062026920913,-1.061290413807229,0.09291607835621864,0.10168894456983942
2011-11-29,1.406117793789906,-0.7746552444770007,-0.03913992781283383,0.02381908569831631
2011-11-30,1.6169689630920903,-0.12462548035641045,-0.30614539791970535,-0.8346825806796124
2011-12-01,1.5862052661436525,-0.08536253787328596,-0.31244330603474385,-0.5381575109909279
2011-12-02,1.8089154714348783,-0.16114505305491508,-0.33169601670186316,-0.4841018062533968
2011-12-05,1.6823042777727315,-0.031350054159995325,-0.3151958021740112,-0.9684877988825926
2011-12-06,1.620017305691167,0.08549181676278136,-0.3078783678759572,-1.1700639950142753
2011-12-07,1.6057147586106801,-0.044385119744469896,-0.25850800091131426,-1.0970450912168088
2011-12-08,1.5711606137142269,0.25642809784755694,-0.2828182968557808,-0.26971253451502847
2011-12-09,1.5858988779136134,0.26852324329868066,-0.4698843710391935,-1.0105660734261754
2011-12-12,1.5490512283875022,0.1751930451310548,-0.5155065984027307,-0.33353570705622515
2011-12-13,1.4861809649430824,0.14815559336931974,-0.5273772635697024,-0.2365053997521292
2011-12-14,1.4208630196096006,0.1744037205104767,-0.44741854676137904,-0.15341361719090255
2011-12-15,1.3709466619847854,0.25417053418385954,-0.6347357330072921,-0.338209227546282
2011-12-16,1.389214013015073,0.3203954989419762,-0.5863784878156177,-0.3005955036269293
2011-12-19,1.4227770615344562,0.30546704063520536,-0.5217344962628055,0.07068314903420121
2011-12-20,1.4158433418083474,0.697007549449788,-0.7064167909477235,-0.7351975692194391
2011-12-21,1.3654663229270865,0.9087212434611095,-0.8706274123529159,-0.6582095098639323
2011-12-22,1.3423486309460912,1.1302935449284623,-0.8638875113653047,-0.9025842183877237
2011-12-23,1.3399092713001686,1.2259280737003033,-0.9359659200036935,-1.425133746736961
2011-12-26,1.033189688079105,1.1719173124142088,-0.9282963246873425,-1.3589527885227661
2011-12-27,1.3095950591467447,1.0923073879980232,-0.8164732948090486,-1.3877920428333612
2011-12-28,1.2754945928695607,1.041119830357867,-0.6451018425495908,-0.6167399807558105
2011-12-29,1.257988773239875,0.8695432334410169,-0.8115521507991663,-1.2192255620792478
2011-12-30,1.2302696648247247,0.699902684668627,-0.6455889616933556,-0.9525134613011308
2011-12-31,1.5168714784809323,0.8446810791531144,-0.6427653435607843,
2012-01-02,0.8904513963629958,0.7153709163742054,-0.6408877207712472,-0.9053749626307136
2012-01-03,1.3320357411967545,0.8606851393041222,-0.7006041133958996,-1.4656410568995897
2012-01-04,1.3023965920685427,0.9902462413695701,-0.7784649756031925,-1.4456347544157842
2012-01-05,1.3485889608649542,1.0084525380849472,-1.2396660922168832,-1.5833117714025016
2012-01-06,1.517787612656447,0.958075913138789,-0.919066561291355,-1.4889811716386705
2012-01-09,1.437263846553073,1.0588106863001185,-0.875416032204621,-1.5005100104102564
2012-01-10,1.40610796061527,1.1437726505260057,-0.919572131414535,-1.5646312071327242
2012-01-11,1.3670825922115957,1.0906924881264262,-0.8744554686733577,-1.5712040145818165
2012-01-12,1.2843954952305146,1.1340157684904617,-1.2891716096724737,-1.583729298494636
2012-01-13,1.2342540491108507,1.040235945758992,-0.8802178933165431,-1.241539235056499
2012-01-16,1.1868683572283267,1.0845942861695783,-0.8741419615516542,-1.2057100398197003
2012-01-17,1.0922740648426996,0.9096561796122787,-0.7514723355425693,-1.1524539638210138
2012-01-18,1.0851412883713962,0.915476688187604,-0.8875740218427649,-1.6194508151620048
2012-01-19,0.9607419790663649,1.071842483759541,-1.1888635047993368,-2.105083767953775
2012-01-20,0.9082993225738064,1.060953950314411,-1.1540448361071936,-2.046810555777516
2012-01-23,0.8952440923079116,1.1458551607273073,-1.105059628152302,-1.963289685689234
2012-01-24,0.9141038454871311,1.1333101684326488,-1.077585313498726,-1.8990042712002622
2012-01-25,0.9038687672623195,1.1482584944400744,-1.120862608864931,-1.906951472482567
2012-01-26,0.8813376350361437,1.1491981675697327,-1.3179844368109748,-1.6876332830387202
2012-01-27,0.809077048093287,1.177242322168453,-1.072656504612257,-1.6263262459644887
2012-01-30,0.7871718114379739,0.8502428065896298,-0.9780019410715909,-1.4982080497798382
2012-01-31,1.8704308105687426,0.8979280634784179,-0.9653964313611348,-1.54922085410458
2012-02-01,1.7652612492042417,0.7525236750606075,-1.0592849063456968,-1.5087626434513823
2012-02-02,1.6859862252586781,0.6499464614521634,-1.156245251765345,-1.3452120611124767
2012-02-03,1.944200627160085,0.8254713508521674,-1.2154762461751902,-1.3367089844409406
2012-02-06,1.8553526585090099,0.7908855498301837,-1.1405675201737573,-1.272799222467477
2012-02-07,1.7812265474809852,0.881735074897726,-1.1574895697312766,-1.2139620274668546
2012-02-08,1.7308818625121358,0.8739948577695602,-1.107275610423775,-1.061832088669624
2012-02-09,2.624947523615002,0.9914907003915292,-1.3071762922015615,1.5383787729446454
2012-02-10,2.487577705405181,0.7868196126704977,-0.8393438928246029,1.6216827431662797
2012-02-13,2.3491743090892414,1.017681836158139,-1.011967827562604,1.3917688005284385
2012-02-14,2.283927874285789,0.9517332909970118,-0.9516865062832519,1.3524867350632255
2012-02-15,2.154263607408146,0.9566731769952186,-0.7815893667618994,1.6883235750229943
2012-02-16,2.1080434791165295,0.877617355010722,-0.9808967877349221,1.1921054256820285
2012-02-17,2.141719896677053,0.7293378702544357,-1.0981315334579715,1.2479336586289171
2012-02-20,2.088343764865246,0.610625814218985,-1.0870331922609902,1.2719064449763458
2012-02-21,2.014076841667512,0.5920743717217171,-1.0425173524385467,1.2055830621591905
2012-02-22,1.9118812714485263,0.5736496640076422,-1.0275097303758787,1.2585229879803639
2012-02-23,1.8434292114752924,0.6411164775888958,-1.0939576235102406,1.0244669508403668
2012-02-24,1.8005198468405414,0.7080180537849626,-1.09235337292761,1.0349073903641977
2012-02-27,1.7127550982027835,0.630673393847855,-0.9926880644137847,0.9005110452155101
2012-02-28,1.6686029107321059,0.7988723348970639,-1.016564155411446,0.9099082749089323
2012-02-29,1.342495825247121,0.7777205411358594,-0.9584161195705775,1.0420238331117557
2012-03-01,1.2740961481570257,0.7278868970935393,-1.0500374157156132,0.7415376887986659
2012-03-02,1.274422164104697,0.6930523740054969,-1.0494134199476521,0.8607322599235679
2012-03-05,1.2658106411643106,0.4396243736919073,-0.9689470357546782,0.8555690044584593
2012-03-06,1.239737720527006,0.11325728572535562,-0.6509218910282576,1.1253791180359014
2012-03-07,1.2236993033903303,0.0977163796022127,-0.8359685110700529,0.9257029648356917
2012-03-08,1.2151083770705475,0.09705575422581324,-0.8864965714277256,0.8231313067354981
2012-03-09,0.4661535293034946,0.08144425405717576,-1.0403470625664808,0.6294141205341147
2012-03-12,0.4621325073104175,0.26118144235111157,-1.1692878024355302,0.5817124190030379
2012-03-13,0.47991090166426653,0.2746523394285636,-1.270361814890554,0.1304145789681951
2012-03-14,0.4834023456449649,0.4850299476998659,-1.2188476319903727,0.2797826944036135
2012-03-15,0.48992047245088627,1.4857033473356034,-1.12213731035495,0.06911245035674844
2012-03-16,0.43428508796879395,1.3827900966009803,-1.266074756326667,0.0791029265730027
2012-03-19,0.4272604064496194,1.4274064547378056,-1.2210357813994797,-0.03521398071896978
2012-03-20,0.4215858615824654,1.254136714573318,-1.1507219180888932,0.06288132771847063
2012-03-21,0.40885394370304823,1.1157113817144908,-1.1613455517375963,0.13736690217091238
2012-03-22,0.4063170409964981,0.924276186940701,-0.9682665552140198,0.45051542025495966
2012-03-23,0.3938163537208294,0.9320742811466208,-1.1522561876459523,0.32248502332106455
2012-03-26,0.3724288817708651,1.1062671729179028,-1.2050743018766819,-1.4207890085668464
2012-03-27,0.3667614907317055,1.0695954245951258,-1.0577963673226367,-1.2469567357482236
2012-03-28,0.3474604094792315,1.0290153585632338,-1.0598923161888796,-1.0274776951605447
2012-03-29,0.33618347398306525,0.9681336167276537,-0.9468903603399301,-0.9375869206677494
2012-03-30,0.36009595721292936,1.003036784687287,-1.0222063986840517,-1.0287465271367071
2012-03-31,0.4533551481541005,-0.3328757161469612,-1.0108659055388944,
2012-04-02,0.3131252217805102,1.0571248360572223,-0.9924461440470618,-1.2424652329184547
2012-04-03,0.29822090289960645,1.0387162207812253,-1.0065940341237147,-0.9299862771086461
2012-04-04,0.26649138205992684,0.7944594090127528,-0.8918221917614795,-0.5214020089316243
2012-04-05,0.2649887192298552,0.7066212959833346,-0.707511471621735,-0.4623456286749941
2012-04-06,-0.14325401547476038,0.5958301217125843,-0.8194269970679016,-0.4534552921345204
2012-04-09,0.24941813695905682,0.3073838976194996,-0.6148191133808353,-0.19214375916000145
2012-04-10,0.2490293339408952,0.051099604563559886,-0.42925161731818734,0.31831268336661894
2012-04-11,0.24784462545846395,0.2870742430493912,-0.47191489905192324,0.02856760995027171
2012-04-12,0.31633605233979556,0.38883198082861786,-0.2630690386796308,-0.35354386649542496
2012-04-13,0.31967870234478385,0.20389452395653282,-0.5104436980246718,0.17942497547846328
2012-04-16,0.30842569641726875,0.10187287452699884,-0.49968116223212955,0.18083443226977564
2012-04-17,0.27414569081458934,0.30381625602248546,-0.6232166663850934,-0.30688518363748707
2012-04-18,0.269495841623889,0.26354695298212805,-0.595378379977793,-0.10177243539750774
2012-04-19,0.23955196098050185,0.23246514774656926,-0.32839962667993433,0.1006485770150103
2012-04-20,0.23366220524305992,0.2777239494995923,-0.7076664813001867,0.06942703554957239
2012-04-23,0.23277491588350135,0.2294163474662449,-0.5385430696689131,0.3494619756090987
2012-04-24,0.24777989524511723,0.4049023788790304,-0.637793970149384,0.3534265510546872
2012-04-25,0.22346114348520602,0.5337357111908274,-0.7814938464018344,-0.09675027974937608
2012-04-26,0.20592288316646953,0.5141118935009408,-0.3449489491812491,-0.37646866832050657
2012-04-27,0.14890878461176152,0.6186464292831384,-0.8216514472854403,-0.43941226007902773
2012-04-30,0.3982932174548787,0.5034320306172853,-0.7174641977041276,-0.262259392266774
2012-05-01,0.4170966064396239,0.7480369774121823,-0.7917138605691028,-0.3805213051731736
2012-05-02,0.33409239841865046,0.6313421715371577,-0.7506935126025177,-0.26916577079513665
2012-05-03,0.288739735788302,0.4793598954557645,-0.49892807743196893,0.048832747920237875
2012-05-04,0.29138495459104224,0.18741171980991142,-0.47194417939629796,0.5664524705517096
2012-05-07,0.28517445271824543,0.14509825674941057,-0.4897530744432581,0.491195912633596
2012-05-08,0.2954393936949513,0.14604761329210947,-0.4944813572345439,0.5622389425965497
2012-05-09,0.2965077630206331,0.09973335402086976,-0.3664771060791039,0.8090799103257813
2012-05-10,0.2514088865146686,0.20078274710531743,0.0023956647313671375,0.7067005097758954
2012-05-11,0.24416484099481672,0.19884606940856542,-0.38218219615124016,0.689107837727962
2012-05-14,0.2256969738525126,-0.10342588238015182,-0.1332311060281321,0.895065102168392
2012-05-15,0.21801079724512798,-0.28925098658544096,-0.12700791604016,0.9948433204932564
2012-05-16,0.24171547451146863,-0.27528368216437726,-0.07858003393407495,0.9151086722389056
2012-05-17,0.18689990815150442,-0.6783248481470959,0.6079089757675235,1.1354957567611472
2012-05-18,0.18638193825431798,-0.5644985398894231,0.26231708686646676,1.1069193646877191
2012-05-21,0.1816836881511873,-0.3739244133997714,-0.06779462510952713,0.9298414281601141
2012-05-22,0.16807137433048402,-0.27882386055977376,-0.018585792909130545,0.9646343836107203
2012-05-23,0.14039201748049265,-0.2054235479178559,-0.029536565482347867,0.7753923987114284
2012-05-24,0.12786447560436232,-0.09414975221356271,0.13146349889796902,0.8191195120133384
2012-05-25,0.12861358565651912,-0.04969608616443078,-0.10392209482146685,0.8570520691191885
2012-05-28,0.11841661041119922,-0.5490892343847193,-0.3989564392788958,0.9020809260325122
2012-05-29,0.0768405372681258,-0.27716955619492517,-0.4343221041261482,0.7386009144624383
2012-05-30,0.056136934607179535,-0.446930746212452,-0.08451285032169678,0.965552117001644
2012-05-31,-0.5471301863843114,-0.727038894607741,0.21320129966991325,1.0190779607344542
2012-06-01,-0.7085584671513828,-0.9381465948541201,0.1588179886254992,1.3632855960418093
2012-06-04,-0.6887978708407195,-1.0811640221412762,0.09930528427341626,1.2610604944106838
2012-06-05,-0.6619250342704206,-0.970410706560593,0.04964327746367747,1.123872153534362
2012-06-06,-0.5306852338623763,-0.6701794317304245,-0.1503078113659405,1.5607928107149929
2012-06-07,-0.5416966762170311,-0.6535350574278459,0.2647433610581891,1.5391869204603108
2012-06-08,-0.5539159846453199,-0.522188660423387,-0.10388833293113055,1.3520539595709344
2012-06-11,-0.5317500344242247,-0.6906471264425725,0.05616001495228039,1.6210301132631864
2012-06-12,-0.5177172034554831,-0.44122224856241854,-0.016004617914146403,1.3514710676410078
2012-06-13,-0.5506373813717005,-0.5948748156864199,0.21580660007789437,1.4715226250513513
2012-06-14,-0.5613935773028615,-0.4883189238391833,0.12197572805998451,1.2000829347590019
2012-06-15,-0.6359929673920465,-0.37537130339165764,0.06278622974427432,1.1079187665714576
2012-06-18,-0.6413627754392693,-0.4534483006625659,-0.21194346557955673,1.00316075235398
2012-06-19,-0.6448632574657733,-0.2506864316812585,-0.23548030107493337,0.7238894003165527
2012-06-20,-0.6337978996230311,-0.23201272544121512,-0.33414932749601334,0.7485084755308458
2012-06-21,-0.6283724226207964,-0.4341976011447973,0.08031011504097803,1.2384001182830773
2012-06-22,-0.6131484258821135,-0.2561760219457397,-0.1586075792137283,1.0059262149944406
2012-06-25,-0.5623649069376797,-0.5838841724235024,0.03049455429417161,1.2969601319793083
2012-06-26,-0.5609296952405965,-0.4536901989217596,-0.03494607508101885,1.159618368832572
2012-06-27,-0.5427355529478501,-0.08314487584070986,-0.028828560441425725,1.0236053954085989
2012-06-28,-0.47920735383436325,-0.16396638563056107,0.30293326046138636,1.10733416978544
2012-06-29,-0.5097379682812564,0.45770784968130623,-0.12498517593653724,0.5265426094415825
2012-06-30,-2.1767960466066345,1.8560038472068523,-0.08571376283671565,2.006338978864781
2012-07-02,-1.7984055918478075,0.49574466522019556,-0.0947095972912771,0.5005887433434572
2012-07-03,-1.766751223202545,0.5362031791430097,-0.13792770426088194,0.3398326440538899
2012-07-04,-1.6955025944904984,0.5272438616192421,-0.1648352483910562,0.33719754888180564
2012-07-05,-1.6231356908350507,0.4532844073207312,0.04560882980291322,0.49371479452449274
2012-07-06,-1.5805903095127822,0.2717394756774013,-0.1802572874369714,0.7243061752651355
2012-07-09,-1.5404781662717253,0.11937948180981404,-0.09895678293539496,0.7214891853726573
2012-07-10,-1.5248782256849096,-0.0749312167442498,-0.003967860375213272,0.9595048669769043
2012-07-11,-1.508686975743466,0.1155735098190592,-0.09332542953142733,0.8378290479961173
2012-07-12,-1.432498542974745,-0.12124419614573129,0.04129144146746077,0.9030321617446144
2012-07-13,-1.4095841909284412,0.3636421577807687,-0.25049018551200236,0.4135895431667903
2012-07-16,-1.3912742925901065,0.4076558751900546,-0.24991180069957297,0.4937729823747654
2012-07-17,-1.3132881093512554,0.5074662886794798,-0.33409242425442737,0.2914716973555578
2012-07-18,-1.3317558523788526,0.6699416453582879,-0.354727155226957,-0.07368952105703731
2012-07-19,-1.3377041621189785,0.9996107011720345,0.09658076948872991,-0.09982649737673961
2012-07-20,-1.2982600981250654,0.4295388181612646,-0.4591726263522481,0.13788720325295975
2012-07-23,-1.223771484323206,0.7498899063282687,-0.25327540693476797,0.32060263477944995
2012-07-24,-1.1714052284895686,0.33282928412244384,-0.1468608043954955,0.5719345551942641
2012-07-25,-1.1484343871578913,0.7296417168956965,-0.2796541566815832,0.5001929354532408
2012-07-26,-1.1077640248463179,0.8917571454712236,0.045050499131058463,0.00651461969882526
2012-07-27,-1.1267022037737262,1.2876016510905566,-0.4618231025728627,-0.5309942765248411
2012-07-30,-1.0330569303327428,1.2240620498581511,-0.28964271143341913,-0.27190920019620235
2012-07-31,-1.2557843001982085,1.0941117753580882,-0.2133901800897447,-0.06275747488061395
2012-08-01,-1.2151849840293856,1.000121002206425,-0.16707782590946718,0.021651558036368923
2012-08-02,-1.1589754144239846,0.8791855625436702,-0.1059551537428384,0.21744041136387307
2012-08-03,-1.118031393830347,1.2717564080134696,-0.45946442838062296,-0.33356002319882955
2012-08-06,-1.0690340277286396,1.6396608586827526,-0.40521780621373477,-0.27559436039416385
2012-08-07,-1.0840342782334533,1.7296000576625348,-0.42543189380712815,-0.5154938785578069
2012-08-08,-1.03886597696258,1.7842512837943958,-0.3850391412484161,-0.5101736734279972
2012-08-09,-0.8329766130118833,1.5167970413222973,-0.3647678639867042,-0.36530960220536707
2012-08-10,-0.7961858022816294,1.4459303740372063,-0.3853469645541776,-0.3938720889701086
2012-08-13,-0.75669149142869,1.6070134687360447,-0.5097334357158154,-0.3694467510285125
2012-08-14,-0.6740445726160945,1.5319320662646772,-0.377784013092453,-0.3535957621006631
2012-08-15,-0.7131877846663368,1.2440274716395434,-0.5562691726257796,-0.46797918845139036
2012-08-16,-0.6390097984482873,1.2628548708312992,-0.48760888178864126,-0.5881061899794305
2012-08-17,-0.5895225872736504,1.2229891499391308,-0.6145226058509383,-0.5981338820180097
2012-08-20,-0.5356508796806844,1.3110476744276658,-0.5133054539365072,-0.5789586605024891
2012-08-21,-0.5653238401449073,1.4035037410922053,-0.3887104153337047,-0.5278886161454323
2012-08-22,-0.5515897255283378,1.3507086039312544,-0.32680388870973875,-0.501276816616452
2012-08-23,-0.48668984285988093,1.1296347825952715,-0.4198436346052552,-0.20730760829017836
2012-08-24,-0.4162950874357858,1.00107753738222,-0.4519991750755169,-0.3655456034105251
2012-08-27,-0.3553608018545055,1.0950170419207381,-0.3123828689173923,-0.31593254675554344
2012-08-28,-0.429381251780207,1.24404594789181,-0.2780306107366083,-0.2736863762636676
2012-08-29,-0.3768341692062171,1.2912725717240048,-0.15567017465920086,-0.3053889648059309
2012-08-30,-0.35054904929754477,0.8867581182325786,-0.06832219294467697,-0.10845929793871126
2012-08-31,-0.4520214558136618,0.8397230065941501,-0.1284037418869969,-0.20750520518389537
2012-09-03,-0.4247837261859753,0.521459574242847,-0.26462403722058603,-0.16341256857965022
2012-09-04,-0.43187750368216754,0.44726958825320995,-0.264347234920979,-0.13000249781162324
2012-09-05,-0.3568608432136314,0.49500101446367256,-0.2549924265842465,-0.10844980535785403
2012-09-06,-0.2772972761495904,0.9772689392895363,-0.23311440255338228,-0.4382150736817062
2012-09-07,-0.2594820879020389,1.2537924344056355,-0.5362228623842827,-0.3606788469368445
2012-09-10,-0.22606484198206048,1.3538213657578333,-0.3413546120486357,-0.26608696447396873
2012-09-11,-0.16558797037292944,1.3068007283091865,-0.32279187433781015,-0.2729856119986563
2012-09-12,-0.1934603302302843,1.2192671408753668,-0.3731277821531473,-0.3327980127130163
2012-09-13,-0.22885374389892046,1.3660104413946819,-0.31441320950987134,-0.40680907937953503
2012-09-14,-0.3218988105252393,1.5760801133462934,-0.48574721759078987,-0.27126652427776426
2012-09-17,-0.2856006107303852,1.428546843246951,-0.4838300824806229,-0.2340062277208777
2012-09-18,-0.24142903227258428,1.5053989392770073,-0.6058502777921179,-0.23396703120169707
2012-09-19,-0.1495394465835163,1.620284634481771,-0.5908608574772501,-0.21699225490385707
2012-09-20,-0.12562888386111298,1.462629648074849,-0.399543193381811,-0.27208634282498395
2012-09-21,-0.16364626696317794,1.256454667964751,-0.6169141483147479,-0.21983889071781026
2012-09-24,-0.09609340831555889,0.9568927377021391,-0.6441430688030131,-0.1242127533344221
2012-09-25,0.002656711401815163,0.5636366694811644,-0.699682564616108,0.005759596544053339
2012-09-26,0.031062184681169842,0.09369199212484401,-0.519278056340915,0.05439483184051735
2012-09-27,-0.17651089137753892,0.22373212253700683,-0.46790247397046186,-0.008351391194466175
2012-09-28,-0.200929283294761,0.09846080285475832,-0.6578486608520299,0.06399291418598102
2012-09-30,0.48958272643232265,-0.12851832373962155,-0.6809872680067877,2.2555322002409848
2012-10-01,0.5052087305014357,0.18713928057909,-0.6152438573546832,0.037742874858736376
2012-10-02,0.48814281546085764,0.11985634780835668,-0.675985353367478,0.08994928127714712
2012-10-03,0.5435796397829931,0.33245397684103084,-0.7045837080033288,0.03816974777124008
2012-10-04,0.49705426982068773,0.2853723587706299,-0.510890517471107,-0.016470496411614403
2012-10-05,0.7471239506216105,0.40855084164661243,-0.9313751692570277,-0.022165557223571927
2012-10-08,0.7603625038625558,0.33061211388496353,-0.7717909836711173,-0.003230205443505517
2012-10-09,0.7586323216554366,-0.09177242018448308,-0.741719532271719,0.1639144568293876
2012-10-10,0.7722618069747679,-0.44475126390803216,-0.7962604937674603,0.23816883496015023
2012-10-11,0.8656944487288345,-0.3644885705439239,-0.4004222502804296,0.23403291199007023
2012-10-12,0.8981316260723021,-0.576139522764442,-0.9214638618791654,0.31168803909145537
2012-10-15,0.9481965508830572,-0.5405240536992633,-1.0101541963155358,0.18713973989712904
2012-10-16,0.9076495534243676,-0.21294693369355996,-0.8698332991358939,0.0396185497472389
2012-10-17,0.9205720088634882,0.18816446348775512,-0.8176592145093255,-0.024952603272387037
2012-10-18,0.8801164896837369,0.38077411516583554,-0.12325630563681035,0.03213357375497413
2012-10-19,0.866233048305136,-0.03284519776950441,-0.6031252296867279,0.2878783467410744
2012-10-22,0.8261885170807103,-0.12423859749427062,-0.7337783174836539,0.2793978394521442
2012-10-23,0.7686330563625207,-0.4301468381053899,-0.47114983485386397,0.48165984847154225
2012-10-24,0.7632536203683908,-0.5156073762124493,-0.6182867770169382,0.5114594478986266
2012-10-25,0.8110172133031434,-0.4908463860268797,0.004968201993986193,0.449685337186125
2012-10-26,0.8326451276154779,-0.3451605370540843,-0.6500657413006234,0.4503592322176931
2012-10-29,0.7980545698320173,-0.4693516440759301,-0.6888875635930649,0.4995461352087077
2012-10-30,0.7748084549773853,-0.6282636277130901,-0.7623672321616101,0.4943090131780073
2012-10-31,0.7659779496704623,-0.6776230186158411,-0.5807067568902987,0.5264979220098699
2012-11-01,0.7965135771863172,-0.3920458215237145,-0.28687855604123447,0.38126698501388645
2012-11-02,0.8588981018801085,-0.5622119943718988,-0.7275649586356371,0.5553163430463077
2012-11-05,0.8140390353501864,-0.49079888530220744,-0.5916227299135088,0.5243800620669979
2012-11-06,0.7630893904774607,-0.2854873579676035,-0.6737478533234391,0.3956752767881386
2012-11-07,0.7922774768694242,-0.6736889463962844,-0.5207883163103517,1.0265916865006186
2012-11-08,0.8855904121125466,-0.8617694551405509,-0.2898337100742941,1.417820001247072
2012-11-09,0.8862716305780282,-0.8379716283881489,-0.6868014511589399,1.2467272285692288
2012-11-12,0.8682197672200783,-0.8958734346500263,-0.9922770771600519,1.220433814045903
2012-11-13,0.858568017492631,-1.0236930654216485,-1.013946952909345,1.3271249098985236
2012-11-14,0.8117039734799689,-1.4786094814521358,-0.9817803761752282,1.6952101423479145
2012-11-15,0.7484598734604483,-1.6842489038036037,-0.15952245407765683,1.6686281120534003
2012-11-16,0.7210516496894394,-1.7499229958259255,-1.1537217227532364,1.48529875932347
2012-11-19,0.7154201064130319,-1.1361737045357705,-1.0391892385939763,0.8576938462805795
2012-11-20,0.7167099366093819,-0.9857319786406331,-0.970743266898721,0.7553682337019355
2012-11-21,0.6968177196284969,-0.9167224170478185,-0.9101283144788311,0.6499758407338244
2012-11-22,0.6910019330612608,-0.884865166269522,-0.33465645050163423,0.6772640616194623
2012-11-23,0.6890256345337192,-0.7146445066373863,-0.8220146696873208,0.425876730943397
2012-11-26,0.7050272310533277,-0.5693890399962608,-0.7545330157513476,0.5010043278445949
2012-11-27,0.7199775073095086,-0.6598114656202028,-0.6751641300363204,0.6194781142042693
2012-11-28,0.7042938558484022,-0.4617195790256621,-0.45640448151751434,0.41494662483612776
2012-11-29,0.6705314778423498,-0.2138450552765294,-0.7289892706367272,0.4411165746112277
2012-11-30,-0.04277114594698953,-0.24325687236599786,-0.6566011464068547,0.4542548846884557
2012-12-03,-0.13667633549326613,-0.46332243010972635,-0.6476503037002528,0.5527347890728891
2012-12-04,-0.1402413101049418,-0.6656628150008763,-0.7027559862384479,0.6363967578676332
2012-12-05,-0.12292469432754723,-0.44848180571226975,-0.662795401636515,0.664325484263752
2012-12-06,-0.12361590945759866,-0.4065804733598232,-0.3639779580841831,0.641830417846846
2012-12-07,0.041735993963650145,-0.3059798742610025,-0.5897485680010951,0.5779301892924344
2012-12-10,0.038880069888060594,-0.2716887321819566,-0.5443414939044109,0.5977808245995393
2012-12-11,0.030594280424173483,-0.24086854334418425,-0.5903645408004238,0.4803359896644357
2012-12-12,0.03799565721651802,-0.19503183189142237,-0.5424478884526497,0.4702636080617635
2012-12-13,0.08091979812016804,-0.351780938322491,-0.41275453511012294,0.570096179993639
2012-12-14,0.08189915498838261,-0.3106759570255612,-0.34318170840328527,0.6650123596204075
2012-12-17,0.04796404812884592,-0.06690473147381606,-0.33959600092096254,0.3603464355169349
2012-12-18,0.03431140326548312,0.125398072606417,-0.5038008920286119,0.17701060376063144
2012-12-19,0.053857979379756685,-0.08873373820575109,-0.2646633382798426,0.3633073749897051
2012-12-20,0.17591900782454858,-0.030953103109227866,-0.3482684246533979,0.28968926088456715
2012-12-21,0.1670737565915194,-0.3070483818017192,-0.19494434935386964,0.406428443073506
2012-12-24,0.21278021207340134,-0.339778796161552,-0.2330517708157095,0.513361350806147
2012-12-25,0.10907659913174333,-0.3824590551330786,-0.21957691979456717,0.5248865133685353
2012-12-26,0.22391274386346163,-0.544285754905643,-0.006752015713641026,0.6691744279035792
2012-12-27,0.15769428272192457,-0.6706316091499375,-0.15273850106664452,0.7339446794559618
2012-12-28,0.14965645249816517,-1.226659498641803,0.10090289341794963,1.0363741801393014
2012-12-31,1.06114743306227,-0.6436430652954322,-0.3177369156437535,0.5589839540726644
2013-01-01,0.1704223395761193,-0.6995034473857322,-0.3294491955359636,0.5646874903712499
2013-01-02,0.9625280622346168,0.07881722795124599,-0.5321505724963008,0.14609939542483033
2013-01-03,0.968084682237284,-0.05189351621345631,-0.36512830403783914,0.14631022608216296
2013-01-04,0.9347259932650874,0.03234797818710236,-0.7862556180269005,0.05997859686535774
2013-01-07,0.8706116383353365,0.004919372880189222,-0.7398693312803613,0.12428901031815086
2013-01-08,0.8637646546445745,-0.14819463680666256,-0.841321426427426,0.14654832757949945
2013-01-09,0.82533742097548,-0.15443800260942006,-0.8705651537166621,0.15614848988966443
2013-01-10,0.7970866865654782,-0.02560721150530366,-0.8633255330106221,0.0716466147266485
2013-01-11,0.598021664127653,-0.2679472664922372,-1.0011380526340046,0.06636179500464166
2013-01-14,0.564568384336741,-0.37765591872298,-1.0812107479709707,0.17043708068728342
2013-01-15,0.5540257162592469,-0.31810574609916,-1.0660979560011021,0.12068423363673796
2013-01-16,0.5743216813846643,-0.22564824144757833,-1.0365910608291848,0.15503056789801145
2013-01-17,0.6375696139270469,-0.015425451677814362,-0.8251905196261426,0.12280660627953616
2013-01-18,0.6012760303004019,0.11357760990704976,-1.0219749185908809,0.16106618992491975
2013-01-21,0.5715311136516735,0.28687043149673536,-0.8671128853519949,0.14854680932314304
2013-01-22,0.47301828026582143,0.25132135691585156,-0.8246217657122407,0.09298871039356553
2013-01-23,0.44821583790836456,0.3054506606571372,-0.8064793700427084,0.03690759218313342
2013-01-24,0.4601386231792776,0.4049550982033184,-0.8991948301041289,-0.022779537593466688
2013-01-25,0.44097049738192307,0.6147280347260873,-0.5824517451846127,-0.1566022516920418
2013-01-28,0.4444439502789724,0.6429914349361239,-0.3317991800956293,-0.17892629846881208
2013-01-29,0.22855094656021516,0.4289155583883776,-0.7054973505957568,-0.24342052965308844
2013-01-30,-0.10130475503899528,0.16577694432990434,-0.6232190047279984,-0.13391880985253848
2013-01-31,0.8958332580518771,-0.19436549446036655,-0.8866121594390699,-0.06559939299455518
2013-02-01,0.7792085062744848,-0.02044573256312318,-0.9281928097106534,-0.24472277504311404
2013-02-04,0.7474917373130119,-0.34926017065158077,-0.6621714058609434,-0.03379035958927348
2013-02-05,0.7440906824674709,0.014087762284227668,-0.6700809931647935,-0.2297310306767414
2013-02-06,0.7362500521508706,-0.011366221792646014,-0.6921358284317731,-0.22651816543854283
2013-02-07,0.7245951513017121,-0.08095120719844062,-0.5341976622265031,-0.20006307520856959
2013-02-08,0.9734040076825132,-0.006897196333583072,-0.7908534535911383,-0.26938277945141753
2013-02-11,0.9910100086764204,0.16567123722472124,-0.6657524716864677,-0.2520879733671855
2013-02-12,0.976003719023807,0.3299178500044008,-0.5832001675098768,-0.27047512708637705
2013-02-13,0.928268526407286,0.3879543346716919,-0.5579958733721421,-0.2839439790282558
2013-02-14,0.8646333525627897,0.09239689338325262,-0.6156781499200453,-0.2701687023011291
2013-02-15,0.8329400396717838,-0.04583562163294566,-0.912453524420753,-0.24152541510799358
2013-02-18,0.7849429175437866,-0.09822209400016813,-0.927382299628291,-0.3212052060026124
2013-02-19,0.7539531159081332,0.15393945246718146,-0.8973119649111053,-0.47795388274340533
2013-02-20,0.7513770402584643,-0.3738978874634591,-0.6455274817406552,-0.14931851192316806
2013-02-21,2.224141402256746,-0.4827595935728281,-0.35626145870218595,1.743937627039902
2013-02-22,2.142689421269282,-0.18534013491684898,-0.6095826945796563,1.453306190597572
2013-02-25,2.059948725095771,-0.887499038509666,0.02185603192993385,2.136103939350298
2013-02-26,2.1668547222481154,-0.8432678374887592,-0.32498597226770115,1.787637948169074
2013-02-27,2.1501023694607864,-0.4495329873361746,-0.6135327047670782,1.3777356634565634
2013-02-28,2.4410819655616023,-0.4448754279194488,0.25108415021594294,1.4585241780709026
2013-03-01,2.401410055804117,-0.21072493817842686,-0.28013824401261644,1.3558183546048328
2013-03-04,2.296950582591451,-0.2023970125442129,-0.5813073465130291,1.0743412023147327
2013-03-05,2.227311415634464,0.09029327486369645,-0.5755231317837849,0.8882784774303601
2013-03-06,2.1696407500466846,0.05882032476364732,-0.6474648936881687,0.8938395816803995
2013-03-07,2.081506045211212,0.21766357341490214,-0.015196764741894537,0.899787592231347
2013-03-08,2.1920437174672167,0.36350407333185186,-0.7724726400430696,0.7866813600375355
2013-03-11,2.0988534292735017,0.5807820271000533,-0.8621587775341816,0.6766702112422859
2013-03-12,2.0255339505439256,0.5058968790432141,-0.6973936085316274,0.7144114602674647
2013-03-13,2.0183316727403118,0.4739023513521808,-0.7344687347222565,0.6227055824543749
2013-03-14,1.980886110207075,0.44909435140030335,-0.6621814778965668,0.46625351879797095
2013-03-15,1.8985621076697927,0.2457126045793975,-0.9460368542879205,0.4784713844019721
2013-03-18,1.8197559046207283,0.07915736474213045,-0.5626385282309805,0.6904289154835598
2013-03-19,1.8466197347150792,-0.12740641374758452,-0.4113876483346135,0.7025838958630773
2013-03-20,1.797167509981973,0.18950113269604946,-0.5793795099239052,0.4737111719725253
2013-03-21,1.775268572698481,-0.06791727252305166,-0.0654127930011347,0.675362189073484
2013-03-22,0.86893616435202,0.3000015394538335,-0.32056368847043726,-0.6809419736175518
2013-03-25,0.8630350727432305,0.23705096465291586,-0.3388473405119987,-0.5088630141265345
2013-03-26,0.7990154395552159,0.4799449054566388,-0.32888000101637527,-0.7034820404539146
2013-03-27,0.7958145233877524,0.49940261032954186,-0.39588480294044176,-0.622723569877674
2013-03-28,0.7088231923846626,0.353025461027641,-0.4715368237121341,-0.7069841802431616
2013-03-29,-0.9136071179681211,0.29658798867755465,-0.7390371864416772,-0.6839385142867189
2013-03-31,0.23284882389570383,-1.2396689383245008,-1.0465390517259925,0.9472148186453134
2013-04-01,0.09177048036636727,-0.47227660355776985,-0.8596925789392746,-0.5615237393493654
2013-04-02,0.09571343836912895,-0.22972439631339872,-1.0232035213158621,-0.7435394805598218
2013-04-03,0.054391423521726504,-0.5828669342451424,-0.7640279501249503,-0.38089023240009395
2013-04-04,0.016728898099194933,-0.6609887594276239,-0.42724758100634835,-0.5392940612929827
2013-04-05,0.014181431931433784,-0.7845450141290709,-0.7826029574937574,-0.39196832953264477
2013-04-08,0.04894230912539307,-0.5228472985729414,-0.9003105066256619,-0.6708586545945573
2013-04-09,0.07717279574054152,-0.3720685992940107,-0.8835893308860988,-0.7420268581358285
2013-04-10,0.1128370806954398,0.1102686783749874,-0.8650320741002366,-0.9913245389486143
2013-04-11,0.12233166100354888,0.17045731847153617,0.6951886059581053,-1.0051692405333703
2013-04-12,0.03438022494493678,0.006792530786564774,-0.8476138590532597,-0.9643652858120986
2013-04-15,0.010052189273984588,-0.7602901908098882,-0.07461858306160787,-0.3871125462279515
2013-04-16,-0.10743952616420088,-0.31688751362020157,-0.4583288843851904,-0.8458525625770736
2013-04-17,-0.08198389751022923,-0.7854193426395211,-0.1523355065087438,-0.3901244129391946
2013-04-18,-0.03937528489547906,-0.8845035720519072,1.027484120422856,-0.2832002034212429
2013-04-19,-0.08303496649380149,-0.7250033939670392,-0.41926301127246884,-0.45281873872509976
2013-04-22,-0.09604343786310102,-0.42355048247477184,-0.4064364467490078,-0.6037242908930892
2013-04-23,-0.1065811865887018,-0.05618222525021188,-0.5885954879090747,-0.8763341829901782
2013-04-24,-0.18979017893657255,0.3201710864058898,-0.27960605462282473,-0.8531654538354927
2013-04-25,-0.17829139918357015,0.5547491867617976,0.5448006357318387,-0.8693546028576699
2013-04-26,-0.24686144967335452,0.699589428662582,-0.05122054666781997,-0.8025352965759114
2013-04-29,-0.1507839867434943,1.0743192044876582,0.09050692371314398,-0.9577930180400402
2013-04-30,-0.6843252045264046,1.1474510041270227,0.08511278761956931,-0.9597386218038659
2013-05-01,-0.6831725605235585,0.9407932917643264,0.2211106229025853,-0.7528997747632478
2013-05-02,-0.5757581073474719,1.427419344125913,0.7126115388602041,-0.9589653435048513
2013-05-03,-0.6363301899270289,1.7968724433565124,0.12644195227902466,-1.1820849244803968
2013-05-06,-0.6734839507654252,2.1090640260763833,0.23534621654040438,-1.1774402956963772
2013-05-07,-0.6949334991593684,2.2452115198581746,0.24904547912628533,-1.1191888414432036
2013-05-08,-0.70850487163646,2.0174642063576718,0.14534882246162156,-1.134450236384606
2013-05-09,-0.6960437328721872,1.6648201455809135,-0.000588161169851075,-1.0427947532754795
2013-05-10,-0.6987037597225008,1.5244121084468685,-0.290132077012852,-1.1945619541251264
2013-05-13,-0.6926423218686616,1.3077790622526546,-0.37406949328533506,-1.2669696594695368
2013-05-14,-0.6889184799880947,1.5415567559963161,-0.1704010379488005,-1.3963153224275164
2013-05-15,-0.7112564076753006,1.5798962751031467,-0.21284912219235258,-1.468603529671485
2013-05-16,-0.8440316682781769,1.2297373780655645,0.04833705682079607,-1.302141832303091
2013-05-17,-0.7734590838884737,1.6358967947629275,-0.06833882510217267,-1.5819077678873252
2013-05-20,-0.7748407206732056,1.699586349272415,0.022063142835115075,-1.5076992561764946
2013-05-21,-0.7608337541542438,1.8324232690262703,0.009542064429327566,-1.4826718552586324
2013-05-22,-0.7448841165409125,1.5450401467585195,-0.030219010684060653,-1.3569635297701639
2013-05-23,-0.666666682776188,1.1866318219540486,-0.5100763162156583,-1.4098603661893545
2013-05-24,-0.6446006660887998,0.6294670659771294,-0.4312121650076993,-1.3252707877161336
2013-05-27,-0.6902314340272123,0.5445930670923318,-0.4176301276448876,-1.309758241953033
2013-05-28,-0.6434319550292594,0.5216406686505605,-0.5419388506909746,-1.492675577846196
2013-05-29,-0.6209666201594092,0.11045728586163425,-0.6023174371409423,-1.4008260184941874
2013-05-30,-0.6219947412847694,0.08461529267438618,-0.15923780530712844,-1.5288476460406195
2013-05-31,-0.4969138889019076,-0.5954584541149978,-0.5114840291392078,-1.280656876063388
2013-06-03,-0.6068504900453418,-0.8282993532826836,-0.6079822968808812,-1.3670526631421598
2013-06-04,-0.6070423297441166,-1.3760349254487085,-0.9803539378795709,-1.2032971139991095
2013-06-05,-0.6792295733626942,-2.120406623997407,-0.9948195770509167,-1.0467668857270018
2013-06-06,-0.6814368440198684,-1.7905238809191377,0.08300650535391169,-1.2176046777400213
2013-06-07,-0.6903216261463679,-1.2836369863346482,-1.108432984516539,-1.4485983711794264
2013-06-10,-0.67946382598738,-1.3079915156305493,-1.3305416562106174,-1.5529870675027384
2013-06-11,-0.6341020321697721,-1.645499810636308,-0.9305103238029135,-1.4698644279546296
2013-06-12,-0.6061971453326994,-1.5004891061357506,-0.5896147878173921,-1.3689802174525807
2013-06-13,-0.5799766898593387,-0.98001282640964,0.03822769688201636,-1.5956265189480836
2013-06-14,-0.5851424808520803,-1.1603931204953655,-0.6046767844687175,-1.3451433257621603
2013-06-17,-0.35779866244960923,-0.8423524591193782,-0.5245185293153491,-1.5006894523181795
2013-06-18,-0.3831194919733946,-0.8985036262268522,-0.5798318798376156,-1.6083238230244705
2013-06-19,-0.365927570017877,-1.4547596399903453,-1.0942623152828632,-1.4764205845329197
2013-06-20,-0.3003123719913016,-2.3104952501657476,-0.1092355551865319,-1.3575235549596187
2013-06-21,-0.24366038822529604,-1.8769317526504015,-0.4499171896336152,-1.5513885423164475
2013-06-24,-0.142870733040449,-2.194105315349179,-0.1936175900217568,-1.3485672913939386
2013-06-25,-0.03700528475954905,-1.7318724239756291,-0.26397229437690767,-1.5088325016604607
2013-06-26,-0.16313460820583867,-1.393126790759368,-0.32872024632824354,-1.5069504328485852
2013-06-27,-0.1802295366336503,-0.8962409621697364,0.485033623788868,-1.399786905153762
2013-06-28,-0.22612936122989033,-1.0748624271616078,-0.41592183561525836,-1.1991007812479308
2013-06-30,-0.5620958838222329,-2.728565095235605,-0.2600839685194165,-1.3965621876651395
2013-07-01,-0.439423364946801,-0.4881479772766931,-0.11387246182544011,-1.2184241578213766
2013-07-02,-0.42172279951928177,-0.5883785781862024,-0.1298504243850749,-1.1879574471510146
2013-07-03,-0.5909726371925308,-0.34091511924148643,-0.16848292341599394,-1.3183204245885152
2013-07-04,-0.5781386102060939,-0.5338379265342248,-0.3407477769327934,-1.2234869248732445
2013-07-05,-0.6126254275349203,-0.5725862296093904,-0.8403733389760368,-1.5231605255119145
2013-07-08,-0.6093568517699325,-0.3228041452503466,-0.4030372180079282,-1.6660778376568512
2013-07-09,-0.5947066815187181,0.15609678413256123,-0.35402640697092297,-1.7092423544769086
2013-07-10,-0.5658516774455057,0.29486013481040146,-0.22942927235172275,-1.7010101606656536
2013-07-11,-0.5674239526581826,0.7373341720023152,-0.7783886145498975,-1.7081202677692677
2013-07-12,-0.5610062209911238,0.907599822283829,-0.18648535241053113,-1.7016143037429978
2013-07-15,-0.60391180016046,0.8469608095239801,-0.12933367125838108,-1.5743281184841011
2013-07-16,-0.47396051564225733,0.6269194680161795,-0.11028462120224117,-1.4290335632211908
2013-07-17,-0.5681630829809385,0.8625005006387203,0.13931049751060262,-1.415843055950799
2013-07-18,-0.5425375271615499,1.294980762129519,-0.1716842711216789,-1.4527855166045287
2013-07-19,-0.5615754442079344,1.202403043352578,0.08910501013907134,-1.432146774893272
2013-07-22,-0.54832169498874,1.4909093604928123,0.05772028040398215,-1.3963296085036736
2013-07-23,-0.5478665439420257,0.9853271280550437,-0.23913748444731278,-1.310005304689034
2013-07-24,-0.5141895502072475,0.5671905623270035,-0.4962696929644683,-1.3280952776221178
2013-07-25,-0.44766214982648406,0.3566766905694917,-0.7292758258032221,-1.3615245482462057
2013-07-26,-0.41596826914246127,0.48035323434016935,-0.3809365064789783,-1.3374380796574876
2013-07-29,-0.43848674400631293,0.2716165381337812,-0.48380356344870395,-1.284217239275534
2013-07-30,-0.4704558540050066,0.10242643440984214,-0.6828202223150808,-1.2709555886749049
2013-07-31,1.1649150615956116,-0.008543087865666505,-0.6253338021273264,-1.2038247224017389
2013-08-01,1.27833252754195,0.24570435132967774,-0.48628500218252296,-1.3676421500195428
2013-08-02,1.2025906018834511,0.246680352970671,-0.8706985503065308,-1.3154077898374845
2013-08-05,1.2889848616991826,0.12448486615887351,-0.8267895190276271,-1.2551587826281867
2013-08-06,1.544065885094948,-0.15537463911595525,-0.8329358189687286,-0.9197796535018201
2013-08-07,1.5292644920085607,-0.46406322643825143,-0.8988953676221411,-0.8594729692536386
2013-08-08,1.5175527625766712,-0.3461348597072674,-0.590977209771563,-0.8469945990503318
2013-08-09,1.4894044335912127,-0.6465260926704212,-0.9349186649047714,-0.7534481933378243
2013-08-12,1.479429656961484,-0.7265922648725546,-1.122525344404861,-0.7219604925236202
2013-08-13,1.4666147630935966,-0.7117543985207402,-1.3724385843094142,-0.7970131079722197
2013-08-14,1.4512780161266425,-0.870297732459103,-1.084705027498585,-0.7088811735645282
2013-08-15,1.4795227950302299,-1.437653619357796,-0.4366196270195113,-0.575713591108644
2013-08-16,1.4160866980366091,-1.5407607390152542,-1.1393304597589626,-0.5569390976750875
2013-08-19,1.4041427159101108,-1.6325826946631061,-1.122101985335157,-0.5538886381970259
2013-08-20,1.3614852406122584,-1.4048741698508231,-0.8077586598170609,-0.6055586361655431
2013-08-21,1.3532636811983725,-1.4919160685508333,-0.5901504580585155,-0.536817938286742
2013-08-22,1.3370051968720469,-1.013778631897279,0.6437166619263952,-0.7716555695947104
2013-08-23,1.2010676686495303,-0.768730087488091,-0.5553160128683714,-0.6793580954637816
2013-08-26,1.1055667888691347,-0.9896888641799995,-0.3925771311476941,-0.5679419962049448
2013-08-27,1.1160406174885584,-1.4011128797469876,-0.012121293380334618,-0.277849980393545
2013-08-28,1.0914620348595947,-1.1460982914755622,0.0044804552759303215,-0.38192214623201204
2013-08-29,1.1735309443304611,-0.9815229444145258,0.6691244408227415,-0.3659168251236054
2013-08-30,1.1632445914576564,-0.9380026912741901,0.42448672418700545,-0.29349990646201773
2013-08-31,1.6455285451247317,-2.301633008013556,0.19637418414783783,-0.4167649533233865
2013-09-02,1.2490904926781945,-1.0323828850715857,0.15804124641368458,-0.2453705358779675
2013-09-03,1.2931629038766073,-0.7367595426527944,0.35028381237788464,-0.3835359500622602
2013-09-04,1.2666995877089546,-0.4541644690460899,0.3314591287102667,-0.5968387886505302
2013-09-05,1.5102411803817466,-0.42892886967064636,0.5313818756169223,-0.6429256430313658
2013-09-06,1.5135842637486954,-0.486952861515301,0.06640746398875397,-0.5932973009844974
2013-09-09,1.4613699437030838,-0.07989665614037975,0.3297168726431737,-0.6684145819900567
2013-09-10,1.4037779915627087,-0.02511107555432606,0.004167513391216344,-0.7331002361928306
2013-09-11,1.3723047032358249,0.08275473282835068,-0.03516386028424243,-0.7305157866919452
2013-09-12,1.3827071181708244,0.22786560430285316,0.1297750326796327,-0.6686807002421874
2013-09-13,1.2668627630489109,0.4724163959059952,0.7259712162185284,-0.7376354034620775
2013-09-16,1.1873996416552342,0.735011789710586,1.0201519347233257,-0.7154361535585148
2013-09-17,1.0812308695608142,0.9979398722843813,1.184459452151198,-0.7053678052102466
2013-09-18,1.003273684231948,1.1662305953440797,1.0290274654100182,-0.6722265146728543
2013-09-19,1.0712951376053756,1.0278134645667536,0.3618190389576493,-0.6038618895693756
2013-09-20,1.0537389395794157,0.5392130326287442,0.182105883616701,-0.535733573371243
2013-09-23,1.1044514540481243,0.36061609257289917,0.6405206713866475,-0.3914401257582778
2013-09-24,1.1180913347029864,0.3138737968797555,0.7448001175367485,-0.3910471858865591
2013-09-25,1.1190444866908045,0.08822891619111703,0.47790120474388076,-0.31883063576094306
2013-09-26,1.115042888357123,0.23002551000966728,0.8204909839090054,-0.39932207236857914
2013-09-27,1.0897429119380673,-0.22415810154550816,0.42625216630148477,-0.31373156266302055
2013-09-30,0.8005837337600935,-0.45870419292748105,0.7393278684946043,-0.22369916239189613
2013-10-01,0.8215580955504361,-0.07729414159184787,0.5975698182731116,-0.35991416112336144
2013-10-02,0.772930386770409,-0.4085292389521004,0.7138085288599799,-0.31285492369043233
2013-10-03,0.6778183544915862,-0.7929650539198699,0.9204742233136161,-0.07288957067687593
2013-10-04,0.6548587651480989,-0.5909350875702878,0.7281420444654524,-0.2487211945776348
2013-10-07,0.6409383370436338,-0.993490771591604,1.0134253212618705,-0.053986604210749814
2013-10-08,0.641861244112951,-1.2562391226285352,0.9250732687543396,0.18379705790872367
2013-10-09,0.6135515576734032,-1.265060304975632,0.7087654095880651,0.14207745822601908
2013-10-10,0.4798993350016386,-0.46202787430552683,0.37419648670194433,-0.28858212075959344
2013-10-11,0.4832049836272891,-0.2639410454640706,0.025573412549548633,-0.3297469137067598
2013-10-14,0.4401038262042681,-0.25796010064301517,0.07543061813787537,-0.3947868029043399
2013-10-15,0.39081637494847044,-0.4988276869860088,0.5940894882244832,-0.29531560046491623
2013-10-16,0.32249784478577975,-0.09628801781014976,-0.2648749788081645,-0.4450372185682748
2013-10-17,0.2904587491262693,0.25610977938277135,-0.513394167439796,-0.47983677339335834
2013-10-18,0.25997725917869297,0.3584807457757309,-0.3127249653211719,-0.47778126553817024
2013-10-21,0.20126280360415577,0.28771399359206307,-0.36252235328464905,-0.47840776088286235
2013-10-22,0.1657492249194094,0.4951050435615206,-0.18360767394971628,-0.47141723724902973
2013-10-23,0.15795150808746972,0.34687237628389217,-0.21661792460858062,-0.44018136358932586
2013-10-24,0.1298765471090939,0.4358517291628293,-0.8845533723349529,-0.4825390113444043
2013-10-25,0.12176732348993934,0.6884976459131308,-0.3100400640452287,-0.5215119283378081
2013-10-28,0.03438575795481202,1.0171915388130262,0.06587430050724467,-0.49187241460370323
2013-10-29,-0.03810493547197249,1.0090102640947531,0.02097545586695848,-0.5238485999477183
2013-10-30,-0.1675058117969558,0.7068953514794222,-0.17599942465592,-0.4571148944573833
2013-10-31,0.056189523189519475,0.7496579895697653,-0.4030847793936335,-0.43912920077814693
2013-11-01,0.0931419912237051,0.9902029582651974,-0.15837200207843916,-0.5786831571979915
2013-11-04,-0.045314624047252505,0.9989175630549011,-0.3302554302780431,-0.6061964878147735
2013-11-05,-0.053945603338340434,0.7985251215678155,-0.24945488668882265,-0.6449032249007774
2013-11-06,-0.022278396585542506,0.8341708866613099,-0.1449672353860785,-0.6256160678732673
2013-11-07,0.20036302664831102,0.3858203834277942,-0.30454115270416915,-0.4284534888533305
2013-11-08,0.282734926895517,0.6128828427909858,-0.30170274065670655,-0.7750916371735642
2013-11-11,0.2704013759188848,0.7489748781859059,-0.3202138637372558,-0.6593779069525759
2013-11-12,0.25571838723287843,0.6573404144183158,-0.3102521485140147,-0.7431834047189324
2013-11-13,0.24673984457262646,0.903188645627267,-0.034660022481150195,-0.8632562847175521
2013-11-14,0.13318432755649467,0.9287159963324664,-0.17869140429830066,-0.7758918421317059
2013-11-15,0.06550480896127346,1.00655619968387,-0.40168655652863067,-0.7618596133520031
2013-11-18,0.040641509560713156,0.7153739614274984,-0.389233585593692,-0.5915067611726783
2013-11-19,0.058635543973657146,0.49946268289182094,-0.4733193818294247,-0.460239555106711
2013-11-20,0.09758918503945224,0.4353565975564981,-0.5905969753568775,-0.5378167999953251
2013-11-21,0.08187365445662126,0.877373997460138,0.2058630253336318,-0.6666805095739206
2013-11-22,0.06880428019746224,1.117713039596949,-0.35187383922733567,-0.6493479174190129
2013-11-25,0.048119276693605516,1.0929378954324747,-0.15084645386705714,-0.6135033329288977
2013-11-26,0.03648090116286202,1.1069787138044327,-0.08242990481947488,-0.6240229425754932
2013-11-27,0.11754646843559044,1.2216884168862732,-0.0506264388449593,-0.6249422710505753
2013-11-28,0.10733918566652431,1.1629082209518757,-0.11479975280914281,-0.6057428663128541
2013-11-29,0.0936737837799225,0.922766054215858,0.13881063335297453,-0.5631526541969102
2013-11-30,0.3768507446340815,-0.11887405783429025,0.13741646127528973,-1.1430963992912286
2013-12-02,0.1814947237585799,0.8503960500938236,0.33825610774010695,-0.5710431408140363
2013-12-03,0.13204786837564042,0.6888980782422626,0.3785112270067768,-0.5503281588039086
2013-12-04,0.1541605393310634,0.3709362658183413,0.06135661213640364,-0.6363591006254703
2013-12-05,0.34773110781031075,0.042830629146400984,0.05685064097402821,-0.5812890717981047
2013-12-06,0.6429764926547279,0.4267665771627287,-0.3159793524271262,-0.7283051844177375
2013-12-09,0.6480904195037607,0.636739492042722,-0.12224095963775189,-0.6692720333578717
2013-12-10,0.6413370942037485,0.579791174792223,0.030807923658941874,-0.5715838074258576
2013-12-11,0.6465020934477033,0.12339735763115217,0.08092280416233093,-0.46699342766788315
2013-12-12,0.6059857537659894,-0.03395981600663089,-0.020971302193605674,-0.5204289001203503
2013-12-13,0.6002117854352381,-0.1330124363426991,-0.06133736119211317,-0.486029104288038
2013-12-16,0.6575887245343008,0.1475191220566381,0.26026039357380604,-0.546111859699407
2013-12-17,0.8503734922015753,0.06503512288097878,0.37734178931882917,-0.4486465467572091
2013-12-18,0.8187185516680121,0.5256715449736721,-0.17521902912168683,-0.7347322852020841
2013-12-19,0.7092389887842186,0.6020220125907613,-0.42102461509339784,-0.8063012445643195
2013-12-20,0.8398705120312631,0.6332032260091918,-0.05248085742281715,-0.8364412318299989
2013-12-23,0.7823555319781603,0.8912646995216011,-0.21005672018909072,-0.8860586297488611
2013-12-24,0.8195080294491539,1.2208771845529611,0.0984024899651557,-0.9368648044634674
2013-12-25,-0.12247643338919273,1.2375302524446978,0.11428633386415722,-0.9264184837574221
2013-12-26,0.8340954726642431,1.3492438547780616,-1.002824743367763,-0.9835004409893146
2013-12-27,0.8236328761606011,1.1424253069530668,-0.10054129658248108,-0.940315483462494
2013-12-30,0.8312800460278408,1.1015471472820226,0.3100464113410858,-0.8617784061328632
2013-12-31,1.4351668943966318,1.1164867860223888,0.3457192244026952,-0.935055873000281
2014-01-01,-0.3453594996336201,1.2193399325508782,0.5992189204888312,-0.9226181069359459
2014-01-02,1.415255918188758,0.8767689798902326,0.6810111112881125,-0.7785939597533369
2014-01-03,1.3803505382081567,0.9164398237497744,0.6087264723703287,-0.8256531305551357
2014-01-06,1.2586437853192998,0.598571230927646,0.20398596495008062,-0.7783752864541316
2014-01-07,1.4336368853076131,0.39884471072260863,-0.36821799381708703,-0.8403308132789783
2014-01-08,1.4241459165946313,0.4094601132055869,-0.443561840048991,-0.8390360953673712
2014-01-09,1.3870802970537603,0.30987399987827796,-0.383699434383428,-0.8162157982886101
2014-01-10,1.40620866304329,0.2922580324888095,-0.597501747048294,-0.7379083917207937
2014-01-13,1.3896532514755129,-0.46371358399326185,-0.5404522044885322,-0.4724330335941366
2014-01-14,1.42375199139123,-0.24470504239896476,-0.9961500845584552,-0.6875385812134656
2014-01-15,1.4732095308712914,0.11572089555415581,-0.7126143992131798,-0.7029374145115705
2014-01-16,1.2459449011991524,-0.16679611656878832,-0.8264428352991313,-0.7563452584696717
2014-01-17,1.1501528462349562,-0.3454438081363534,-0.9618966860370922,-0.6844921400346892
2014-01-20,1.0959421717315974,-0.3396998717853078,-1.0123403331207415,-0.6812057620971484
2014-01-21,1.0589207426569545,-0.49467176586947237,-1.0757451135799498,-0.7256779854016531
2014-01-22,0.9942898084129894,-0.4006118653750584,-1.0956404769693058,-0.7314529512884821
2014-01-23,0.9859857517744202,-1.0615893917267074,-0.6410509821608801,-0.6876501130482007
2014-01-24,0.9835231689362546,-1.9603125450281635,0.18044145066613143,-0.27140283775843754
2014-01-27,0.9123974191568496,-1.8660480040615104,0.07644479590960879,-0.2900982674730448
2014-01-28,0.7269067512852369,-1.4606908545910704,-0.12607922623448986,-0.397567041481964
2014-01-29,0.6879704783461541,-1.9428401258175758,-0.025786780108099077,-0.10052161505616646
2014-01-30,0.5324941240052956,-1.5407903647023915,0.9999284110788117,-0.3749719744437715
2014-01-31,-0.4724879732767245,-1.7876503700088755,0.6035224626205179,-0.2342122158161764
2014-02-03,-0.7865878119418127,-2.37553036409746,1.5201272836379032,0.1895798500946242
2014-02-04,-0.8207979892762827,-2.0987614371913277,0.6524969184574073,-0.03110140697705957
2014-02-05,-0.8929052361811788,-2.1196244967723197,0.9806930440647043,-0.10327037168083184
2014-02-06,-0.9974245757889951,-1.6227399028605123,1.5689960529240374,-0.2913773368834006
2014-02-07,-1.0328922703602958,-1.1841396179738513,-0.20231124876416504,-0.4370414895708056
2014-02-10,-1.0095873335838976,-1.049287708099936,-0.1932869995173291,-0.4534120182262577
2014-02-11,-0.9819620661095904,-0.8058180510176504,-0.3137626492857668,-0.6025730496002555
2014-02-12,-0.970314646407564,-0.5768332741299633,-0.3330706442355371,-0.5691421506217853
2014-02-13,-1.072103567328912,-0.5923912574451853,-0.08965563504670632,-0.645801702783046
2014-02-14,-0.9494152669215791,-0.4401385721077423,-0.3172867142979619,-0.6779164147856818
2014-02-17,-0.9467315430673446,-0.4829234613657377,-0.427686445016823,-0.6262964611229863
2014-02-18,-0.9435378450717586,-0.5826126002066543,-0.42999534798012023,-0.6422004054460521
2014-02-19,-1.30501279317667,-0.9162188806448389,-0.1470802935522339,-0.5535928299741718
2014-02-20,0.22121546977547918,-0.7735265163796221,-0.3705033341713641,-0.03401153700963399
2014-02-21,0.20117793921441876,-0.7049760344291516,-0.1852543314568974,0.07945258637905872
2014-02-24,0.11631399880369411,-0.23840352655325092,0.08139929403059402,-0.0022436713873470846
2014-02-25,0.05500936923741973,-0.30921082149889023,-0.14601351561132447,0.035888238698859355
2014-02-26,0.11560319692944424,-0.39594809215242316,-0.007537337360987276,0.1700550920282015
2014-02-27,0.07224948830503532,0.005689054107938918,0.07832090753635465,0.15527688582298851
2014-02-28,0.41138253031823196,0.10264343462256302,0.2507987006327329,0.13589511754264785
2014-03-03,0.3666854259133205,-0.2998286340593137,0.8142746514713015,0.34735497228173146
2014-03-04,0.30170278295461705,0.44444963255724135,0.5655537373499744,0.05763691297040711
2014-03-05,0.12944445092041332,0.3321000883050184,0.22544815902342039,0.06516966107875237
2014-03-06,0.11983420748244088,0.23099438287398136,0.2353399498745398,0.08916359822862371
2014-03-07,0.036744980287914196,0.016558082977960735,-0.16909207078667743,0.023988003511821288
2014-03-10,0.0334862187219248,0.15289343565210972,-0.10249067203910817,-0.027723284204340205
2014-03-11,0.004616544977854227,-0.1101884676697256,0.13430951014826548,0.0845562227892324
2014-03-12,0.011455754446981239,-0.3151933136079511,-0.2641305936336207,0.05218888630913863
2014-03-13,0.0980205758974218,-1.1169924586391544,0.1505632809815668,0.305081270242551
2014-03-14,0.02737914083949285,-1.115394779150237,0.7130356991537862,0.34710438043148534
2014-03-17,-0.050407219559441906,-0.9329843007385974,-0.17718492357907858,0.16389390589291444
2014-03-18,-0.02019852032141112,-0.6463047814149253,-0.4768108045536045,0.12546756972657933
2014-03-19,-0.04281781985531893,-0.8110215979596167,-0.5480061034432357,0.08145534999473625
2014-03-20,0.014026800373839635,-0.7834678127608784,-0.0881012691149437,-0.1556496996479541
2014-03-21,-1.4173720031867365,-0.8362081949272095,-0.4367418729013584,0.009137686018812863
2014-03-24,-1.3575595941748477,-1.0250787137587178,-0.4016270932890631,0.21602415384341506
2014-03-25,-1.2912495215952584,-0.9440625266176855,-0.9470420137512036,-0.5543223508366968
2014-03-26,-1.212046428243838,-1.1727689654759659,-0.43421050076943973,-0.31523619777681744
2014-03-27,-1.1915609624741248,-1.4568219625289107,0.05562789706262371,-0.22890178530098787
2014-03-28,-1.1420649326742232,-1.4356438885168614,-1.1912452740216766,-0.31001003460204374
2014-03-31,0.11925174863630925,-1.236850746415387,-1.2213360494769911,-0.40879239834024717
2014-04-01,0.0805563266589895,-0.6915783295553877,-1.1088165042497136,-0.5777496512443585
2014-04-02,0.08836477378821289,-0.4340216763824171,-1.254307117708549,-0.6415349324725141
2014-04-03,0.008422008486912824,-0.6094691744314696,-0.46381074242091413,-0.4798811672839844
2014-04-04,-0.016067499326124224,-0.9089432041389361,-0.9494784494204563,-0.1340012669423003
2014-04-07,-0.05754255821351888,-1.1570672504756707,-0.3469058751136943,0.15452936170702578
2014-04-08,-0.05753336141286113,-1.100987976757292,-0.6129379201729966,0.12917272423452142
2014-04-09,-0.07945572112312958,-0.8217685784027201,-0.8524815769237646,-0.08190628230465861
2014-04-10,-0.025481372567734768,-1.2914762862732854,1.17728328954451,0.4920237512502339
2014-04-11,-0.00452184903870716,-1.6344142381753834,0.20993142978810495,0.7748298297758243
2014-04-14,0.04330675668025016,-1.3774181905309872,-0.11988494739645063,0.4507398050824416
2014-04-15,0.11293458539102545,-1.251856961513391,-0.4389709918968119,0.2964609146922742
2014-04-16,0.1168222786230875,-1.0131841300860378,-1.0021709582608014,0.06805743129154553
2014-04-17,0.11524577392224444,-1.033982192465874,0.41573969471354455,0.015872257222504814
2014-04-18,-0.5668352121824188,-0.918893747152825,-1.3385264868629028,0.0200707155534096
2014-04-21,0.1342974651603616,-0.9293925253658893,-1.3025118391525348,-0.0693216938784594
2014-04-22,0.08762586733242593,-0.7229929725625185,-0.9879158938875249,-0.125355877158281
2014-04-23,0.029589289593570624,-0.5114878985819139,-0.6073893407338564,0.0023157141789742325
2014-04-24,0.009561483781678063,-0.5029805449189477,-0.011873109989155327,-0.0025803200508692542
2014-04-25,0.05738112431012015,-0.9210566556844317,-0.492596757942525,0.19700035071069874
2014-04-28,0.1369365358036614,-0.5705157695089061,-0.20168121783378462,0.09221801574066692
2014-04-29,0.03371724820188137,-0.5821969624481927,-0.535924522273218,-0.13027394714941595
2014-04-30,0.6025313435667337,-0.5253407767694449,-0.640590551205124,-0.17217833321002102
2014-05-01,0.6889965861407727,-0.46152421461161824,0.5920295769373327,-0.020737669687084567
2014-05-02,0.7419517086756268,-0.7068784341549844,-0.789551767202968,0.09686990396718921
2014-05-05,0.8771577509801595,-0.6099373765622103,-0.6272813419049034,0.04520559708069009
2014-05-06,0.878849017790764,-1.1425065679090283,-0.5598904317604496,0.3316125875389741
2014-05-07,0.8561712804434558,-1.0476476598610516,-0.7135850964474244,0.20721348189615257
2014-05-08,0.8319445976175274,-1.1360579845068002,0.33664149981469743,0.2569718237605979
2014-05-09,0.8192496483195522,-1.0564246806558815,-0.9713529937677523,0.1670472829382913
2014-05-12,0.8549239132180134,-0.5942854129274386,-1.0456664198191292,-0.07015746815284839
2014-05-13,0.7047508606828873,-0.6802490144118508,-1.0874321876270483,-0.014493414541655588
2014-05-14,0.6605591694149207,-0.9624652084969237,-1.1707181360964616,0.2977553493193353
2014-05-15,0.7123715924010765,-1.4922013691319247,-0.42135226062429115,0.7209075259238357
2014-05-16,0.8128339697834428,-1.350134843374225,-1.3544760706643983,0.5625369981607898
2014-05-19,0.9117388940987848,-1.1299242431715866,-1.21344290582464,0.45442644472639054
2014-05-20,0.8949530588923655,-1.3648584564274897,-1.2219408860600796,0.662803021539209
2014-05-21,0.8360794956821727,-1.1404231701155714,-1.5752564655236316,0.403433735040806
2014-05-22,0.6479464610769134,-0.6693645087799565,0.2355279740555769,0.40161211337565617
2014-05-23,0.6480523362050402,-0.38199367239132226,-0.8510918094670636,0.29292983025892816
2014-05-26,-1.5171513234320313,-0.4144403634842462,-0.7335835038062575,0.28980640614537995
2014-05-27,0.6426203846630884,-0.43717779615044244,-0.7141463791775204,0.12631822118489597
2014-05-28,0.7234679301291418,-0.5256675262615005,-0.5598580240123027,0.31458617858646115
2014-05-29,0.5882369571005216,-0.03869098103569422,-0.0764155440758151,0.2030346320579052
2014-05-30,0.47843899413736224,0.024604993487355224,-0.5078791702235377,0.05707160163153972
2014-05-31,0.4895963583506365,0.0489164563868969,-0.5145629938713825,-1.7146460260799494
2014-06-02,0.20068296703467295,0.10721181310301317,-0.30194724241638937,-0.00021946526389735488
2014-06-03,0.17474483743982913,0.18434756733798696,-0.10790159075092953,-0.04644844184865836
2014-06-04,-0.09014901990441251,0.06725238353759964,-0.13375396815756602,-0.08371050122573045
2014-06-05,-0.12373117263966495,0.34010999318873597,-0.0007656914108084644,-0.1621735220744522
2014-06-06,-0.108168756608241,0.8259292495026668,-0.07139029474650714,-0.18656343254421995
2014-06-09,-0.11904878856118568,1.147751574790544,0.25914792840552026,-0.14232017941373964
2014-06-10,-0.12903535809098798,1.2796671238769919,0.17022874451879663,-0.0951310027095632
2014-06-11,-0.1391182500611244,1.0800615684241381,0.04081471496865044,-0.017200458378370243
2014-06-12,-0.25124680497006824,0.5485921103964587,-0.0946460180624689,0.216005491219514
2014-06-13,-0.2714785536392543,0.49602336955161214,0.30576298076200503,0.08089872552191293
2014-06-16,-0.1869995001122641,0.4412380406192638,0.274213689501438,0.07827230835475647
2014-06-17,-0.1427699195558875,0.6296589234725603,0.052025194996689665,0.005217674358705507
2014-06-18,-0.17016630833656476,0.936023558594452,-0.14765836185499656,-0.14392726578171644
2014-06-19,-0.1843369693524368,0.936402764659395,0.012121998027760717,-0.13177046587310778
2014-06-20,-0.2093822168057587,0.9722300967504691,-0.35797428914138746,-0.17144665501385023
2014-06-23,-0.2643454176116353,1.205957287672914,0.03785649365909648,-0.26571234567515706
2014-06-24,-0.13533651572707156,0.6506141377097266,0.3504367150693144,0.04738650227690882
2014-06-25,-0.5469231228152025,0.6342396420825727,-0.061632655593695025,-0.12340515816653967
2014-06-26,-0.6206875469937114,0.25519005644528187,-0.16711176952944418,-0.004101432829559888
2014-06-27,-0.6453318420172521,0.18949642644134673,-0.5468579894779481,-0.10429493409817207
2014-06-30,-0.5414416650254017,-0.23050516010786512,-0.5612610633343865,-0.03988032013303199
2014-07-01,-0.5464129453644225,0.06722826448990607,-0.4299805236688354,-0.2254637112047287
2014-07-02,-0.46109922369829387,0.2673178808490686,-0.46713419690971814,-0.24784573494221654
2014-07-03,-0.2631854992161919,0.722649821354636,-0.23071120141317886,-0.32304182504911444
2014-07-04,-0.28047438619089815,0.5202511484822416,-0.7323331765722627,-0.2909181051939935
2014-07-07,-0.31068962355058094,0.06302321382614641,-0.2714722582570732,-0.1532180205668746
2014-07-08,-0.3790671963900454,-0.14255866923542446,0.05542931681278774,0.10910615540754348
2014-07-09,-0.39828998442796254,-0.00857864948182184,-0.08853151893963883,0.04380493377147072
2014-07-10,-0.37101101752011983,-0.40678415480710955,0.8447894322616392,0.17234110789577536
2014-07-11,-0.39042954936166424,-0.396199801069172,0.022755699121580295,0.15456100685679766
2014-07-14,-0.46734362607193025,-0.2174250072933827,0.08916871753300855,0.024558550698403136
2014-07-15,-0.4321616642225543,-0.4653699795610126,0.05924260895068985,0.11084295362991235
2014-07-16,-0.3410140727440381,-0.3846893288949776,-0.4570061972479928,-0.004903961820112238
2014-07-17,-0.4209614729327135,-1.3790911810902569,1.2276842068617932,0.5516173034424073
2014-07-18,-0.4450762458199933,-1.0482777780685668,-0.6337744898294527,0.17291523485286353
2014-07-21,-0.3970714577258638,-1.399697291609175,-0.5008244792065962,0.273688083672843
2014-07-22,-0.45006280057978565,-1.1050071392690204,-0.40984884187395865,0.20929617927282104
2014-07-23,-0.44025439844436987,-0.944125012524019,-0.8339583772461375,0.18612299990647155
2014-07-24,-0.508633489283304,-0.761790639993162,0.623410792708743,0.24175816419030577
2014-07-25,-0.47491029205474783,-1.0268320824466364,-0.5316785826280946,0.46678860493585006
2014-07-28,-0.3710344531011293,-1.0518674120659428,-0.6380231333226289,0.45246808558495943
2014-07-29,-0.3083205525583655,-1.1609587954270562,-0.17289323737331097,0.6846350402864629
2014-07-30,-0.015922075818482904,-1.1627254604627595,-0.37083857950201843,0.5421762385150741
2014-07-31,-0.09785406426712419,-2.4067036630307657,1.8511146312709308,1.1413483682143228
2014-08-01,-0.10117420736021157,-2.839319014377829,0.2405601987917717,1.282122890787429
2014-08-04,-0.06233812225598272,-2.072974537356802,0.08146887077095892,1.1065843742083097
2014-08-05,0.036996092114177655,-2.2497507701129127,0.6641969948502656,1.3519264903783956
2014-08-06,0.015172883995913107,-2.1889136131577764,0.3686905245212508,1.239910370787523
2014-08-07,0.2510024695808138,-2.411348568238593,1.8755339437445009,1.496498744528861
2014-08-08,0.25436452535970366,-1.583000797198194,0.5054513436190525,1.0396930845049877
2014-08-11,0.2723637597397535,-1.2183558838654052,0.23708228415422802,1.0744601629925945
2014-08-12,0.2520950676213914,-1.1990056502224553,0.09390298231196217,1.117197702069606
2014-08-13,0.10347598964333932,-0.7366098724088332,-0.0530414633262002,0.9237710189161089
2014-08-14,0.037356152688772806,-0.23735420137251223,0.2947542822040277,1.0190049998243127
2014-08-15,-0.0562994578675103,-0.12761335308429955,0.4962092665417371,1.0777048574524746
2014-08-18,0.048926814422990225,0.023617917060440127,-0.41120473566046295,0.6590508372453503
2014-08-19,0.053318224782266416,0.2414741468086337,-0.3548652923665925,0.503835396793627
2014-08-20,0.04083805496335932,0.28715237730657606,-0.7567037684533727,0.39299252526499984
2014-08-21,0.19690481097010593,0.34654696517207867,-0.7755153592387999,0.31107122613428634
2014-08-22,0.22267915647268557,0.025984656352975342,-0.8251473262240666,0.403970063406969
2014-08-25,0.24859145879285519,0.2777293067364433,-0.3881035427576956,0.3078940405791069
2014-08-26,0.8576031347512516,0.19879231626692256,-0.5227903434838916,0.28212674120623044
2014-08-27,0.8566870103812678,0.1112583884289663,-0.3778838148486678,0.3520526000424844
2014-08-28,1.0128605002545727,-0.09404922770297705,-1.3635306907098674,0.41800006337046336
2014-08-29,1.0540449803737526,0.31703189743625004,-0.022318351978011342,0.29108736743544383
2014-08-31,3.0,1.1948617158725467,0.29416063211678256,-1.3325915938288035
2014-09-01,2.3315787706796214,0.38139567528789514,-0.321449896927123,0.35546898303033625
2014-09-02,2.3738363602793546,0.2899826264174278,-0.12561409439850976,0.31707126478057635
2014-09-03,2.2661359411140607,0.0873462094066907,-0.08561721194181393,0.5145487965299578
2014-09-04,2.347459312613783,-0.1000815948198044,-0.26143017414331965,0.5432561237323018
2014-09-05,2.046675685808735,-0.24546903914224533,-0.4629424488338853,0.30036756848298596
2014-09-08,1.9960042994210847,-0.4847813309830871,-0.36813210122360124,0.35008951933655374
2014-09-09,1.957411034664209,-0.950807931046877,-0.5582753189462493,0.4925912932253206
2014-09-10,1.9001398471454558,-0.9303082119005257,-0.8595903232565536,0.18132808875220793
2014-09-11,1.7549471234624974,-1.0524822381954007,-0.5833572572719019,0.16428119355270382
2014-09-12,1.7119582827048692,-1.3711801363323677,-1.2767696513871754,0.2676529766730306
2014-09-15,1.5615566304304507,-1.894467440470063,-1.4810510114289739,0.3214034940699397
2014-09-16,1.521799314382287,-1.572422975270401,-2.0568236419051287,-0.0395028800059874
2014-09-17,1.3166165563822567,-1.2952086971758325,-1.6977682861481584,-0.09313812730404127
2014-09-18,1.2840835288241317,-0.9987289526740964,-1.4534029656011782,-0.3723315740860652
2014-09-19,1.251177403638774,-0.8189207889185548,-1.3469575741829263,-0.26982509217175893
2014-09-22,1.29609198826338,-1.3482145527833316,-0.8827786033321643,0.006300303488279107
2014-09-23,1.2290963837863917,-1.8635548100958046,-0.6949139015606804,0.28392814547045364
2014-09-24,1.310900840494622,-1.4428345518571901,-1.3695780880784214,-0.02564599579528957
2014-09-25,1.2575420594883515,-2.086263976052572,-0.11333398125294741,0.6377440054315329
2014-09-26,1.2752929871536478,-2.010150778547423,-1.0377436768788038,0.2213530624609428
2014-09-29,1.2229883605350804,-2.553323778088078,-0.9706685884658706,0.2912226644469392
2014-09-30,0.3852746645504561,-2.2626362831611178,-0.1250569499635945,0.27460909944112466
2014-10-01,0.24808720764094266,-2.5380466191101645,0.3767951583776025,0.9821410794580107
2014-10-02,0.2745487611472996,-2.1037580387264834,1.4276748732778555,0.9701379631021041
2014-10-03,0.44937118925561303,-1.4296227154498709,0.5088165889409946,0.5068824289800743
2014-10-06,0.4136344177938412,-1.4646689294634274,0.8399285736774468,0.6997544852944058
2014-10-07,0.41490587732701495,-2.002232023825696,1.609480594882494,1.513703069902072
2014-10-08,0.3636890443988254,-1.5475217988863943,1.0655039804067525,0.681503108334685
2014-10-09,0.4072155298170246,-2.250674080723072,2.1200017191414,1.7019935182632417
2014-10-10,0.40779318947886867,-2.5805377118255133,2.813550494574395,1.983337881027521
2014-10-13,0.38925136837959845,-2.6386207003001054,3.0,2.5514208292666103
2014-10-14,0.45761365010152,-2.779650824413389,3.0,2.500869368726725
2014-10-15,0.3308917889704555,-2.9664912761779,3.0,2.6630221049885723
2014-10-16,0.4421354349639175,-2.751302543176832,3.0,2.5109487242756616
2014-10-17,0.4556486946136816,-2.078122033924591,2.898245119477067,1.9848787649835868
2014-10-20,0.47969070384100393,-1.7395895769049323,1.8507188476140966,1.7370872345299642
2014-10-21,0.366613260233729,-1.0622001145869548,1.3896853870689092,0.9476070256808743
2014-10-22,0.3398692852192457,-1.0910028392023647,1.9263897648651014,1.2215667707632298
2014-10-23,0.35908860864993486,-0.6196730172152632,0.7322222673626653,0.7076500380040629
2014-10-24,0.33691294778545344,-0.3144971060474297,1.8773621938837861,0.4204166165050339
2014-10-27,0.22181650305328432,-0.05671281400197136,2.0736595020670174,0.602598747842218
2014-10-28,0.21008584088612378,0.44413080903971336,1.8336810687905862,0.20171767425299117
2014-10-29,0.3007906860236478,0.029982931170024714,1.3043613300563204,0.32462033713747573
2014-10-30,0.46289191928616374,0.11920425478665939,0.31321814816057847,0.10198923149448162
2014-10-31,-0.14708940543960602,0.3663125005414607,1.1652927457063171,-0.16411186833582636
2014-11-03,-0.031004830977941315,0.19559656458082858,1.3389384696857383,-0.17820783159811068
2014-11-04,-0.14222706786715025,-0.07779692704653375,1.1116488068285388,-0.10400101637430668
2014-11-05,-0.18924485731744983,0.10823946672812243,0.9900071521332221,-0.26255479640463014
2014-11-06,-0.1931289431351449,0.29402366837463506,-0.5892277956835382,-0.42015164437540925
2014-11-07,-0.24247620619670707,0.3241026800833158,0.6995223042491819,-0.3178600620885118
2014-11-10,-0.2451816047946432,0.5307816319789571,0.776590311752792,-0.3610641860511799
2014-11-11,-0.2283169930629526,0.44457350631694315,0.9503503320243236,-0.40067640220153755
2014-11-12,-0.21216318549302804,0.5800229775448202,0.9459471066392761,-0.3725331647980438
2014-11-13,-0.18626480758775693,0.657191237533193,-0.2485320746318726,-0.37974277467099493
2014-11-14,-0.1566785632819307,0.36274417139983206,0.8343150080008912,-0.34745636576203887
2014-11-17,-0.335421794982061,-0.15082972322460206,0.5718870968273091,-0.23612047963350313
2014-11-18,-0.2849802987973621,-0.20424865146287768,0.35137119376610015,-0.329821733235217
2014-11-19,-0.2073457451654699,-0.510950790479844,0.05182172325632613,-0.3117235916432338
2014-11-20,0.08383451676830043,-0.5115201878421236,-0.3493997918353113,-0.3269101336793857
2014-11-21,-0.02584007987541624,-0.28819005340799203,0.03005681104811961,-0.21363543147769054
2014-11-24,-0.20782458508496185,-0.06236240706820767,0.19250234962680735,-0.18854409463710894
2014-11-25,-0.16471196806992813,-0.09858199168070929,0.17558819817954852,-0.15663008585844632
2014-11-26,-0.43895718342236606,-0.08775346825976311,0.09592083617865421,-0.07444579721013415
2014-11-27,-0.4606619520521867,-0.0660456143471085,-0.5852460280143901,-0.033651247873469306
2014-11-28,-0.4384379022767579,-0.11062788530636322,0.8253159541582041,-0.0012154896869564225
2014-11-30,1.7209015507642331,-0.4715051003620016,0.731284485850526,-1.4111414802929723
2014-12-01,0.9853597030301966,-0.6788199269763802,0.7898180144613428,-0.031883450603291986
2014-12-02,0.9662449885245628,-0.38633233170628195,0.30098044686194375,-0.23089395211064778
2014-12-03,1.0482380484004241,-0.339334183644456,0.33746367952192163,-0.3046576283069606
2014-12-04,0.9957798405565297,-0.3442116873282183,0.19769606244722587,-0.1889257775475153
2014-12-05,1.0510459429605101,-0.36120031958739235,-0.2045429106881154,-0.34348020482232494
2014-12-08,1.0555162125729252,-0.9499017339455781,0.36786806855587806,-0.22828793949282425
2014-12-09,1.0910435422586544,-1.1142735585424388,0.8209267322576641,-0.1988248304405828
2014-12-10,1.083441599276476,-1.7150728337103578,2.0698541004863236,0.20442241789067425
2014-12-11,1.2521949436722017,-1.7623585577853498,1.3861114339398293,-0.07653146297959725
2014-12-12,1.3324567248915007,-2.402308433134431,2.247651256184162,0.3877166719809044
2014-12-15,1.4428112697034703,-2.5749734160484405,1.7202202826202888,0.4782981482899981
2014-12-16,1.3282101375799444,-2.7513053636506184,2.843287110761474,0.9296779337260187
2014-12-17,1.2809541125066204,-1.4402675453636862,2.499166593372473,0.11607887561084496
2014-12-18,1.1714361095846677,-0.7911799728727023,1.0588434454696691,-0.5479380417129175
2014-12-19,1.1411274992904845,-0.34506093775821506,1.8060947755168855,-0.40557986465360674
2014-12-22,1.2618618113982594,-0.21954635440426867,1.2460774721880523,-0.3032975362988793
2014-12-23,1.3445420575420006,0.08823316402800221,1.1371425047575916,-0.5322517830259252
2014-12-24,1.3681853751190312,0.16390522462784757,1.1538164997271485,-0.582397545750507
2014-12-25,-0.05108496970618555,0.050121217526380275,-0.10265083764203851,-0.5794378893269654
2014-12-26,1.3425705294111923,0.21277188525236204,0.9820996254286462,-0.575652465845061
2014-12-29,1.3940886947281692,0.2226188882958305,1.0178120082968716,-0.5098143741753716
2014-12-30,1.3203916421789037,0.02586231098370176,0.9854592536856294,-0.4183948984042995
2014-12-31,0.34831761878112594,-0.1457683117300183,2.260376253921412,0.07338822188426307
2015-01-01,0.12974477552558875,-0.16195600006186853,0.9533354811038316,0.08299870252584311
2015-01-02,0.13872730423903726,-0.15986582096156618,1.7619619633921657,0.16279605664514513
2015-01-05,0.1377448902752798,-0.7764829305713258,2.5436445616766976,0.5775809856017142
2015-01-06,0.028707294667423004,-0.7622302625956334,3.0,0.8260838909117826
2015-01-07,0.21832965844529664,-0.08801815978369257,2.444191447148892,0.564960428653626
2015-01-08,0.2215399195384171,0.939493458092403,1.7959729035650103,0.2524082069958899
2015-01-09,0.3665506358577408,0.833290000545007,2.54141046909049,0.7038622727464304
2015-01-12,0.37457692240996543,0.8892315875739359,3.0,0.971298664417557
2015-01-13,0.37334515138779206,0.8731024749014196,2.990946434034221,1.0569139694674026
2015-01-14,0.04665014540117307,0.7000650834788205,3.0,1.3346847763821512
2015-01-15,-0.20793884292721307,-0.3225900137335598,1.43988525718534,1.816712299069131
2015-01-16,-0.26267549659636247,-0.01217506739786242,2.4135853737872095,1.3021265737852785
2015-01-19,-0.29253163176482444,-0.3844064466734077,1.8756673208014978,1.2682012769373086
2015-01-20,-0.45528595949551903,-0.48633108453368035,1.4832137131148035,1.2447615505284237
2015-01-21,-0.4766458483351605,-0.1371570614173529,1.3417312274232573,1.1266973434425853
2015-01-22,-0.539210124900893,0.2712742893411096,0.8753148870850829,0.7447892000096549
2015-01-23,-0.7598271766162984,0.14742101208313974,1.0567669819805465,1.1534964554324694
2015-01-26,-0.8659867323625875,0.25647861298377,0.8773542744975188,1.0545421014684562
2015-01-27,-1.002018020473121,-0.33687237869537706,1.082808511131162,1.3402784527854046
2015-01-28,-1.0302047723698515,-0.784648217501202,1.9037509503627243,1.750020685667726
2015-01-29,-1.1402964445722472,-0.5495692508802834,0.872666719832533,1.1029178482240245
2015-01-30,-1.3132493192504329,-0.9712274773546477,2.0209874308232676,1.4724383290448761
2015-01-31,-2.7008489679006304,-0.5814738400961814,1.9568589708090396,1.3011427078648827
2015-02-02,-2.8953533441307107,-0.3069799911614797,1.8292400090036887,1.1502462825353275
2015-02-03,-3.0,0.3433931962968248,1.4979027261313875,0.6884169637752825
2015-02-04,-2.913378779392163,0.01118692502902758,1.4978936879918168,0.7976387230022539
2015-02-05,-3.0,0.207088004995883,1.2059615282664027,0.42639060140883445
2015-02-06,-3.0,0.616132756978307,1.299802928924738,0.299525505728182
2015-02-09,-2.95995076484823,0.45491687040712814,1.57794924397262,0.34939543157918296
2015-02-10,-2.89420456768084,0.820793144403764,1.4095818531407802,-0.02153727546914686
2015-02-11,-2.8043533694807774,0.9034719208985345,1.3872725782944515,-0.09417237657518639
2015-02-12,-2.927908973473162,1.2408099781913577,0.6307031228180534,-0.2474720368438912
2015-02-13,-2.792363897046254,1.138889024903692,0.8023948418505887,-0.1662949701966975
2015-02-16,-2.747591022535179,1.0493715440616354,0.6676694852089281,-0.1690428555567198
2015-02-17,-2.817183853127386,1.052767983173153,0.7838873383729004,-0.38499225956545063
2015-02-18,-2.7849220481189927,0.8879594367414589,0.5701550122407099,-0.2815931023007918
2015-02-19,-2.156299216238551,0.49143151466942714,-0.3792036132804776,0.23798913993271115
2015-02-20,-2.090976771111197,1.1534336731629584,0.5192579458712979,0.04630712889377907
2015-02-23,-1.9728066836180003,0.8666042972546228,0.4285985118769576,0.12293888091236901
2015-02-24,-1.9570570169930193,1.073588264981761,0.411123548381317,0.21639611085846616
2015-02-25,-1.874091835512975,1.2699018485655085,0.7553471129220763,0.36372830620312985
2015-02-26,-1.7418855422636654,1.286695354566394,0.06967042865076499,0.4640065630624951
2015-02-27,-1.6910328711699905,1.3039803367834764,0.615109648974592,0.6560750602305677
2015-02-28,-2.0046557402786043,3.0,0.6912922354685135,-0.46532591111991145
2015-03-02,-1.4708378805121023,1.3566828413851444,0.6003556331889093,0.35060061830890066
2015-03-03,-1.493298684344395,1.0964152572489632,0.7675838753266511,0.5141643099870391
2015-03-04,-1.4497117273629814,0.8838449828295103,0.9596604341934459,0.6909565686806591
2015-03-05,-1.4706198487772728,1.2313675430118842,1.0197035795362652,0.6854342048061537
2015-03-06,-1.3231648111723306,0.7771362762108672,1.7294560736874833,0.8310752565059449
2015-03-09,-1.2899613039361433,0.8223212749761581,1.6515341036019815,0.5451060916291547
2015-03-10,-1.278393793026837,0.21474338623262818,2.0206693325657206,0.997407908447961
2015-03-11,-1.2632621737298677,0.4630382955956345,2.0432613738560006,1.1331810962258928
2015-03-12,-1.3197511401356372,0.4519835230091673,1.091120485886603,0.8611788401454823
2015-03-13,-1.317352033587129,0.3732449942536583,1.3125716880838185,0.9330982409714323
2015-03-16,-1.3619945296925362,0.21533822270584158,0.8607403245599399,0.40850152045685806
2015-03-17,-1.4637893143325942,-0.20538734917054463,0.946970234480748,0.6878182746796248
2015-03-18,-1.4378580978080715,0.03170039888449112,0.8116981282108848,0.6664471372103935
2015-03-19,-1.3909343017832891,-0.15118118393825217,1.0297726727654029,1.0255645350273779
2015-03-20,-1.858239136569188,-0.1592288998868253,0.3240101515903359,0.8071733438234661
2015-03-23,-1.7260994972952723,-0.09633482734425805,0.47598888561105074,1.1428094235356205
2015-03-24,-1.4863003009999434,-0.10837632012738996,0.5041806665045344,1.106036909143979
2015-03-25,-1.544278066746238,-0.3097566257148377,0.9267411422413449,1.5613594005438969
2015-03-26,-1.4865355035666947,-0.4386164771675474,0.7095426272260684,1.3067719719857418
2015-03-27,-1.4816064305250696,-0.8932783205187723,0.2908685365448874,1.206149790864423
2015-03-30,-1.4446337884219729,-0.19900451141255937,0.3099302677921115,0.7038563509527
2015-03-31,-1.4333633778740336,-0.26034418014890987,0.7626883650298987,1.1687954619683252
2015-04-01,-1.4925154795476119,-0.2999309734021454,0.9947322122268347,1.5721781406775295
2015-04-02,-1.239352934134089,-0.1324050299059507,0.8004171652892627,1.4284460985135976
2015-04-03,-1.3717039347452413,-0.44177782856327635,0.3313685458590659,1.432393226709883
2015-04-06,-1.3556352369297289,-0.2438350040044463,0.6625275057838887,1.3747139810012667
2015-04-07,-1.3328723177072324,-0.07966040487474779,0.8538596447320155,1.459953207079264
2015-04-08,-1.2892912680615785,0.2676240600869048,0.742750751208958,1.3541183141445388
2015-04-09,-1.2298944974773014,0.411255076824471,0.5869835486628637,1.2332384071983167
2015-04-10,-1.1801167226721028,0.6910598184773392,0.3874667823093946,1.0881756657567965
2015-04-13,-1.0771191641260018,0.5304840073487233,0.6661100047036915,1.2851611298991592
2015-04-14,-1.0936325499122879,0.7959999665757199,0.5719833454289777,1.255577943879516
2015-04-15,-1.1080300899923814,0.9453111866979023,0.4351015485957958,1.128074777722517
2015-04-16,-1.2001960065044872,0.7354000178977618,-0.0018924515149043146,1.3209514064222772
2015-04-17,-1.1651636703848778,0.03472962174788695,0.15397733317415224,1.7820873978752465
2015-04-20,-1.171907691246585,0.3698394292075238,-0.003891496132487004,1.1970631961398852
2015-04-21,-1.2153758444924532,0.21280723570637478,-0.09166097852098866,1.340128918441097
2015-04-22,-1.2017903084055583,0.44593122143506153,-0.1703924562492594,1.1127949585313694
2015-04-23,-1.285860364876053,0.5257728295153747,0.057626509780019576,1.1690003728481657
2015-04-24,-1.2775343475754541,0.518523842249065,-0.14517679002925032,1.2643666794265713
2015-04-27,-1.2101720074765332,0.8385910803226264,0.4792813184251712,1.4176304957848227
2015-04-28,-1.1769131785724694,0.7877842681548419,0.11181082174137064,1.2088815474278642
2015-04-29,-1.2749827398628808,0.5883111838647113,0.23198227880207478,1.168684896373454
2015-04-30,-1.588055922063515,-0.04068485784753589,0.30095264810055283,1.4538809904982932
2015-05-01,-1.5412480753296895,0.32473597699218093,-0.11131765552294007,1.0197235559727988
2015-05-04,-1.3759293418797307,0.44723229614714594,-0.2107567934882716,0.948569375348711
2015-05-05,-1.4710148103207858,-0.11774535101349752,-0.04287288237644953,1.3639588845111443
2015-05-06,-1.458008989815667,-0.47682411411821124,0.029244849621917056,1.2862888096157605
2015-05-07,-1.3879338223705355,-0.4399612837393065,0.38217662581610723,1.0064269963801515
2015-05-08,-1.3414238096250308,-0.07513243863798057,-0.3878818381292441,0.7132653320569114
2015-05-11,-1.2731077088668221,-0.33656895344953985,-0.4474070940322833,0.7360367042621869
2015-05-12,-1.220763567200515,-0.6694610515077153,-0.37058496769871907,0.719063100916523
2015-05-13,-1.263088805872005,-0.6700387653704943,-0.5083581876580641,0.7719241284421369
2015-05-14,-1.208517530858405,-0.3449826875576462,-0.03960187204534579,0.5829840305872392
2015-05-15,-1.292182845200373,-0.20803268126234042,-0.45529262954528044,0.7028178827591419
2015-05-18,-1.2815293934066248,-0.11004596424187232,-0.37748772562447686,0.4911687320236721
2015-05-19,-1.1245039584370833,-0.40318263695197093,-0.7657808357661244,0.4243465880575648
2015-05-20,-1.1206481809168274,-0.5737306880847607,-0.6965281076646074,0.4957770221095071
2015-05-21,-1.0920261000840907,-0.49889312020014837,-0.23348168308650644,0.44115448402713775
2015-05-22,-1.0182374805957544,-0.576700651801045,-0.9069544183988067,0.6241918476050407
2015-05-25,0.6771722058530945,-0.6385848782107577,-0.9401201308387827,0.6131635420501256
2015-05-26,-0.9360369454893958,-1.1070391018088828,-0.288044651168428,0.9378537913925523
2015-05-27,-0.8954497010349911,-0.7227678910832814,-0.4487494569850265,0.5756410553712022
2015-05-28,-0.8850194928142855,-0.8676923407191208,-0.01675878247603332,0.6096183977628062
2015-05-29,-0.8470611163488981,-0.8796210013727649,-0.18165027520799246,0.7893450229187476
2015-05-31,-1.0471059277453745,-0.14779561975538316,-0.20273815148755858,-0.8172861397291203
2015-06-01,-0.7522646185026787,-0.9841895323112835,-0.47534996834431914,0.7087556649912861
2015-06-02,-0.8161443446179504,-0.8740237330334697,-0.22733899263538465,0.6087235005891694
2015-06-03,-0.7926174669436403,-0.6136594733817078,-0.3941065516082027,0.386896113819263
2015-06-04,-0.7519425329457134,-0.9708229247182211,0.3629213748809999,0.7749156763398103
2015-06-05,-0.7273719047128998,-1.1758525585835868,-0.542248450649198,0.7267534167676643
2015-06-08,-0.6986056831430555,-1.4154494648995137,-0.1487977680068252,0.9750467803591791
2015-06-09,-0.6735128642872243,-1.3966578945316492,-0.3516483310652671,0.8768658121978683
2015-06-10,-0.6483101747811212,-0.8495925948924583,-0.6678724640437895,0.25002985875010536
2015-06-11,-0.5816597605192239,-0.9039033350981215,0.3650431755504073,0.26958924054079797
2015-06-12,-0.5225247943475747,-1.4081706937150642,-1.0330831484599827,0.6792824424295122
2015-06-15,-0.49200770343734623,-1.8455824266761574,-0.5505483429401382,0.865382676090956
2015-06-16,-0.540892466105169,-1.6547554060235934,-0.6031262622794608,0.5806161936116501
2015-06-17,-0.5418890700400927,-1.7456614850852172,-0.9249679200365336,0.5998596204768286
2015-06-18,-0.5670152865465957,-1.3391948888385403,-0.1081438928719487,0.10277909010204915
2015-06-19,-0.5448831742461465,-1.3947060851007143,-0.778491456606103,0.4434592911441973
2015-06-22,-0.5652845959122142,-0.8307339231684318,-0.9843951539964392,0.24643005411348606
2015-06-23,-0.5524889895436318,-0.08550906296666784,-0.24034643543342302,0.19812954801657973
2015-06-24,-0.5339167987679558,-0.7055619491000861,-0.20595071019184763,0.6192395841752567
2015-06-25,-0.4905192929700799,-0.7767567303228546,-0.11181323163014832,0.7198614783534264
2015-06-26,-0.4736203953387694,-0.770471331206663,-0.12362276578005295,0.49741057238005554
2015-06-29,-0.4414698876078365,-1.8541488182949015,1.1113834840223673,1.4964940124238864
2015-06-30,-0.9665520730626108,-1.8040415579909521,1.096435033845422,1.527479983942012
2015-07-01,-0.8804045112272041,-1.4665122141523557,0.35690457849745366,1.0705022428457915
2015-07-02,-0.8773286024540279,-1.5123490306297223,1.511482044448365,1.1684250900395126
2015-07-03,-0.8547598629215084,-1.4053963431013212,0.7524732855132916,1.1129476013680617
2015-07-06,-0.8135112274862986,-1.7704179577587307,0.5902988097780671,1.1663332867060054
2015-07-07,-0.7710585511810614,-1.6418953145038284,0.43184733149117444,0.7199861957667703
2015-07-08,-0.732714677022504,-2.172939122075862,1.5284932119742303,1.2293785883540689
2015-07-09,-0.7496205844672272,-1.9849354365312866,1.629035975556209,1.209201860497028
2015-07-10,-0.7207409079264447,-1.2985635421024453,0.665865107413277,0.6226312738622773
2015-07-13,-0.6350908650965579,-0.8224871451520394,-0.006109610404403483,0.06932557953111847
2015-07-14,-0.6859149613932056,-0.46599789028303795,0.0817586609846556,-0.14001750927712156
2015-07-15,-0.6528497777939906,-0.4310578151666797,-0.20814322318428097,-0.05100750133738395
2015-07-16,-0.6284326916385633,-0.07886781242301157,-0.09362959416594442,-0.350047870664026
2015-07-17,-0.5737472055683545,-0.20606449701198515,-0.5132979049405475,-0.3241317331055733
2015-07-20,-0.5108118729181499,-0.06608032462469159,-0.4187109307136223,-0.48231047807543365
2015-07-21,-0.4761816405598295,-0.6599427256268477,-0.7943818207413083,-0.206041763203564
2015-07-22,-0.4389729357393069,-1.3067486787785931,-1.466741077358758,-0.11683814320592988
2015-07-23,-0.3390092831234807,-1.2927632014454806,-0.6448169493712723,0.10882446380276248
2015-07-24,-0.3764882391242535,-1.7699861511089219,-0.7978576439915753,0.7369468665962826
2015-07-27,-0.2807993254310721,-2.053307469406528,-0.1341265440684934,0.9337412179273032
2015-07-28,-0.32771976205087955,-1.151297284391966,-0.41571610514164126,0.23826264809732986
2015-07-29,-0.3393646340658599,-0.7866267429906042,-0.6710082556630775,-0.14018358110181753
2015-07-30,-0.34896111225514015,-0.8710709815994997,0.6050840594103352,-0.08630135612051126
2015-07-31,1.1464389341796015,-0.8647841982926107,-0.6630604492691146,0.21566273921050783
2015-08-03,1.1577670201244434,-1.0634963839474667,-0.5141315629919957,0.23665088070091458
2015-08-04,1.146353481774319,-1.0019883645399783,-0.5701690677220334,0.27292071267047346
2015-08-05,1.2131688976734978,-0.7469614604857789,-0.5737058961094538,-0.06667189845475466
2015-08-06,1.2095644848890563,-1.1471960092537363,0.6637918945396559,0.40254663936522367
2015-08-07,1.1961574736920142,-1.4794000406381989,-0.38537392550316174,0.762795193950176
2015-08-10,1.1961413055243701,-1.462700285039192,-1.2205042847812713,-0.13782970697869307
2015-08-11,1.1999671628951585,-2.146817519701964,-1.063946840465393,0.6440935424820917
2015-08-12,1.2037741058909421,-2.1953363321268218,-1.037881646440416,0.1795718452481206
2015-08-13,1.1730433283666817,-2.0887725629829292,-0.10790440381190468,0.3195333158964267
2015-08-14,1.1609317905970358,-1.8126637308666926,-1.4054134478463842,-0.052360133322136876
2015-08-17,1.1047717152741874,-1.7259655713203648,-1.3721979077518915,-0.5385120573101818
2015-08-18,1.10537692273773,-1.8137081969353286,-1.181643726899138,-0.5215534987573408
2015-08-19,0.97956621938656,-2.0164616990667055,-0.5372943583482708,0.16365851801608414
2015-08-20,0.9429257617812249,-2.311280416912931,1.52930607022581,1.3463312867247645
2015-08-21,0.9203823080567058,-2.8197985263111676,3.0,2.56928930305646
2015-08-24,0.878680695988942,-3.0,3.0,3.0
2015-08-25,0.8916283055921498,-2.7098147371134997,3.0,3.0
2015-08-26,0.9559541696471456,-2.0283896715384597,3.0,2.3737889025103844
2015-08-27,1.035019138836729,-1.456831156077881,2.7333310580408003,1.6115717115615578
2015-08-28,0.9358131913920932,-1.5168671405140783,2.702527148410565,1.7387557244214311
2015-08-31,-0.35220664146770114,-1.5941959571787188,3.0,1.9055406650019906
2015-09-01,-0.34883409046874236,-1.9151391174054644,3.0,3.0
2015-09-02,-0.3827797838559879,-1.5539828082072413,2.2645921959127646,2.0862544018697546
2015-09-03,-0.30559967537930344,-1.5740256611541381,1.8383240964762775,2.166724381163301
2015-09-04,-0.3042676025098357,-1.6933099459752161,2.549203312958988,2.765129888446429
2015-09-07,-0.3124518031653812,-1.663959700359949,2.4507787586892142,2.5682841661665416
2015-09-08,-0.33349752831222435,-0.9933019961820674,2.0657369539548696,1.423232942045628
2015-09-09,-0.3372392274832309,-0.8312327167313361,2.3595576444546795,2.3695498187839794
2015-09-10,-0.3266883220168211,-0.41876546097151623,1.8386993366373463,1.973953901247854
2015-09-11,-0.40612400601034493,-0.6218879753748153,1.8312840039890796,1.7936241842804694
2015-09-14,-0.3542737096125853,-0.6224867463000243,2.0847332343997405,1.974172300665512
2015-09-15,-0.4223368711342662,-0.4648228158673392,1.5692771047730858,1.2312828751606177
2015-09-16,-0.41539365501800707,-0.294100676317792,1.430782658550277,1.1009259723276954
2015-09-17,-0.47834948368705693,-0.3940990365004712,1.1907440463848815,1.3550404386949926
2015-09-18,-0.45601088856973576,-0.8162627146132989,1.4004049968453929,2.000102429560233
2015-09-21,-0.3971420275686092,-0.5170709409964782,1.1663628038665186,1.6076827756605114
2015-09-22,-0.38197955201359657,-0.8662274616259534,1.5246803686566888,2.147932956956602
2015-09-23,-0.3751141988402919,-1.1555614295889367,1.3732262870032128,2.009989874874659
2015-09-24,-0.34106407219019574,-1.1310450138777515,1.2151757116306434,2.037196172340649
2015-09-25,-0.289957189288715,-1.5109147688967468,1.2061769664869313,1.997766620989458
2015-09-28,-0.24344448726828025,-2.4662273523022877,1.4343334113631125,2.814189919513367
2015-09-29,-0.19473111059584716,-2.4524087248865047,1.2827968932285754,2.6809053237633766
2015-09-30,-1.288818630229829,-2.102955355091675,0.7962709312738844,2.1316627628465903
2015-10-01,-1.2883076559096713,-2.049318863619177,0.760238815425763,2.1324726685906294
2015-10-02,-1.407461305622346,-1.9752765289931624,0.07707854249335855,1.639640204496153
2015-10-05,-1.368182746136601,-1.3178786872704793,0.035619371304643155,1.0899097166872662
2015-10-06,-1.3350552225961063,-1.3732916711747898,-0.04474552415827692,1.2682063949791724
2015-10-07,-1.2863157236698948,-1.173647974280166,-0.21035411312945337,1.2075027899175228
2015-10-08,-1.2302865009606445,-1.156715986079596,-0.28911094007681254,0.8529851873367669
2015-10-09,-1.1760639039322307,-1.0339571349650787,-0.40139891775696634,0.8624094961232474
2015-10-12,-1.1076100680249699,-1.0147075794345373,-0.5705649035288866,0.8380115328633235
2015-10-13,-1.0602656841891769,-1.4095750525931647,-0.43902672405918797,0.9585057505052464
2015-10-14,-1.0556261865954877,-1.5544232030548595,-0.35725588280607834,1.05828325750023
2015-10-15,-0.9060279599107481,-1.2118609482227045,-0.47166313425756523,0.7026424161990271
2015-10-16,-0.8160414431843421,-0.8724117688443993,-0.7017304278432257,0.496889447111649
2015-10-19,-0.7416862210394624,-0.6479788291242778,-0.4447842277785219,0.433459792070926
2015-10-20,-0.7259996358729105,-0.672609319331118,-0.37939320679317967,0.39841450610550233
2015-10-21,-0.666880304655505,-0.5410307195289138,-0.1186224037970999,0.6413828398244805
2015-10-22,-0.6430915311106202,-0.19734473708287173,-0.41131910636535374,0.029720008032697257
2015-10-23,-0.5441467376627259,0.14724068925512815,-0.3238620034965186,-0.3408367679493336
2015-10-26,-0.63574576243512,0.006703557488688567,-0.22053982410397327,-0.3331229642741051
2015-10-27,-0.6308285214397836,0.5704814610485112,0.46112065829465065,-0.16840455965662668
2015-10-28,-0.6020003645178639,0.9542660480211816,0.28323121131652285,-0.7898015922547661
2015-10-29,-0.6068482488416911,1.041004043080443,-0.17517869210443665,-0.9797246260091597
2015-10-30,-0.6194030297043616,1.0276257538112996,0.343365793585002,-0.6926325515273506
2015-10-31,-0.7805933244446893,3.0,0.290606750600494,-1.6979392970024658
2015-11-02,-0.5875926034007639,1.0808460592642641,0.13824292286482387,-1.0072118643029173
2015-11-03,-0.5999463887036639,1.2004982984626118,0.2739376083977391,-0.9942600529986553
2015-11-04,-0.46262578029568185,0.8422106933045251,0.19357010252547868,-0.8208625607196126
2015-11-05,-0.47533595851898774,0.6265444436976008,-0.32917906744167863,-0.9928236000889458
2015-11-06,-0.45782665965412256,0.5283611264465233,-0.2470455649189166,-1.0971308704212888
2015-11-09,-0.23717690694389182,0.19010854460302512,0.14753400739822714,-0.6611253545665103
2015-11-10,-0.22909373226930946,0.2703793122595109,-0.10412424728534365,-0.9307502022575896
2015-11-11,-0.19955164353367902,0.2712903082226801,0.1428514960649535,-0.7153095635946479
2015-11-12,-0.19433812708865492,-0.2633542150525077,0.16234465732176828,-0.09142902026248811
2015-11-13,-0.12668951551399055,-0.58536349698986,0.6674446512937657,0.29356725093591324
2015-11-16,-0.08716026047416021,-0.2536274287452933,0.4065610991110086,-0.3059634130604926
2015-11-17,-0.1269891259226191,-0.06435683203946624,0.6694922386616361,-0.045527339584882094
2015-11-18,-0.2130210754351662,0.5339912670774964,0.5100599257116409,-0.7917391048863216
2015-11-19,-0.21338369612321148,0.47745749773028484,0.41320726838773825,-0.578222754191163
2015-11-20,-0.22740568501590153,0.2917996771674727,-0.34582921782121295,-0.6730790169188263
2015-11-23,-0.2881888532235232,0.029062023075025048,-0.41556110494444803,-0.5793967532403775
2015-11-24,-0.3672112442632519,-0.024564178492343516,-0.3011869826055471,-0.6769540846743375
2015-11-25,-0.34928271049516607,0.021667565026957606,-0.38900078532479654,-0.6830423510272526
2015-11-26,-0.3313621125257346,0.12133817683927266,-0.16670473247409864,-0.6465195977135504
2015-11-27,-0.3069480767999269,0.34648515760744175,-0.2510246542426491,-0.7971169584416286
2015-11-30,-0.5287042287528395,0.12772437242333914,-0.008829786415281798,-0.6058402932091329
2015-12-01,-0.6978838412051247,0.5302691826448318,-0.08792114609986679,-0.7402214709764997
2015-12-02,-0.6176602925434488,0.4215909782156664,0.1475598746278555,-0.24181982206644662
2015-12-03,-0.6872407933566805,0.09173357669334364,0.2633848368588763,0.27807807443267885
2015-12-04,-0.7112067623163677,0.2430155562944667,-0.2700836139074393,-0.8092096294981086
2015-12-07,-0.6432004236433507,-0.058239502980823685,-0.08586638413684294,-0.38739121603427046
2015-12-08,-0.6657631222846168,-0.31385611258811746,0.19540152689882315,-0.1838430912391595
2015-12-09,-0.5979332929566482,-0.4473400173577093,0.6994121812398948,0.17632321971319026
2015-12-10,-0.6128014950719397,-0.5033828434787297,0.6028129443438419,-0.09435421489410785
2015-12-11,-0.5398195664838751,-1.4329208026334876,1.2169462328779863,0.7132543516916978
2015-12-14,-0.5290253245165228,-1.3609676801477009,1.0317878436717007,0.3108509399392094
2015-12-15,-0.5632076410577809,-0.715942849730133,0.867927220577952,-0.05787413196877146
2015-12-16,-0.566088689058864,-0.3410529465957542,0.20673927681756676,-0.7476262517610269
2015-12-17,-0.6034086100375163,-0.761814231644835,0.7918498130987169,0.33816058210148114
2015-12-18,-0.5605602990641275,-0.9002014204500433,0.7410830050269843,1.0097451808856277
2015-12-21,-0.532568123583055,-0.7308607238669635,0.3581777762780095,0.9062245075358483
2015-12-22,-0.4991093771196222,-0.3022945332970908,0.06363634046440939,0.5041116661398877
2015-12-23,-0.5624761115022537,0.7208752100468052,0.7803204250405174,0.06219690403371128
2015-12-24,-0.5365855332896716,0.8818562095982955,0.9960949999404111,0.22019409512035207
2015-12-25,1.6758115681943186,0.7887262236431831,0.8267577851837069,0.22715086470231116
2015-12-28,-0.5066659964598585,0.4476176326552118,0.9404291090508137,0.3076399119472556
2015-12-29,-0.4565511422763715,0.7810238433344444,0.7756136722297584,-0.3968726109551924
2015-12-30,-0.4170761513221245,0.46525041046626053,0.8073421921235041,-0.05449979563024254
2015-12-31,-0.8761963690162533,0.25207619845847196,1.0047587882076188,0.5839463308747685
2016-01-01,-0.8439452493235668,0.18035665946461923,1.0396012375887467,0.5714738351384032
2016-01-04,-0.8741761084803119,-0.26505410407283614,1.3133248963497253,0.9765823048089101
2016-01-05,-0.8544304879166251,-0.11029247303724397,1.0249357123971836,0.8968165969717263
2016-01-06,-0.7088024930991351,-0.2979311691583843,1.2316837216105496,1.397225736337801
2016-01-07,-0.6758107353210775,-0.725397055197009,2.2625029128299032,2.1686130989957295
2016-01-08,-0.4667620940703288,-0.8116829195554657,2.567977370649639,2.7887301047636086
2016-01-11,-0.4730250318100048,-0.4223813852963105,2.124180777940113,2.306126271100955
2016-01-12,-0.4793312665452842,-0.24413431352786855,1.6289921876522266,1.8908872490890627
2016-01-13,-0.46905499713935384,-1.186340223711588,1.7227588908215659,3.0
2016-01-14,-0.4643211329250568,-0.9550755566876099,1.99914821796875,2.2114501407902387
2016-01-15,-0.52264631861398,-1.4535293548108004,2.039849590148812,2.8502110780337753
2016-01-18,-0.5256047791079392,-1.3522138816326943,1.967362122902196,2.686313668738995
2016-01-19,-0.6815971914375005,-1.3347163245241624,1.5905355259281506,2.689889238225783
2016-01-20,-0.829090013919258,-1.9786879753005073,1.8548727549140047,2.6775831673411705
2016-01-21,-0.8143674470247849,-1.8531081205093238,2.001007715046588,2.289833739918446
2016-01-22,-0.8642131280710976,-1.1452672473595673,0.86055426773781,1.766498529543483
2016-01-25,-0.7731570000235192,-1.4597306091468771,1.1373593222373433,2.44802502568239
2016-01-26,-0.8133499654554359,-1.1164443138623914,0.9338308838588955,1.8820130554175107
2016-01-27,-0.7864907571558766,-1.2320615811913052,0.9792772971321834,2.221078820076011
2016-01-28,-1.217422896495398,-1.196320767840676,1.0295167121200168,1.9007974837938502
2016-01-29,-1.2048984350698342,-0.9070483560814648,0.5121017604336974,1.23322948477717
2016-01-31,-2.0464842878864613,-0.6856291875398486,0.5603095744223218,0.37890097244808985
2016-02-01,-1.9826503130409745,-0.7407910431061264,0.605492922259958,1.100952367443394
2016-02-02,-1.9313954473137225,-1.4109227537076356,0.7352270900163109,1.6432881460297124
2016-02-03,-1.935127788065718,-1.0575684501652372,0.9858522546172366,1.368745116042632
2016-02-04,-1.9073542332056144,-0.8829273312336814,1.1109659823346327,1.3042465481308918
2016-02-05,-1.8147990118452306,-1.3251433387850762,1.220622940630994,2.0106892942335266
2016-02-08,-1.697140415451369,-1.807041739404231,1.6592864361939357,2.430739170375487
2016-02-09,-1.6146900295263635,-1.743257127539459,1.7580855820835197,2.321446374217855
2016-02-10,-1.558351828465499,-1.4842521790583274,1.6860900851450282,2.2967288347414234
2016-02-11,-1.4333000222286476,-2.0229165124291733,2.1882986116235585,2.5624045655195697
2016-02-12,-1.4268802281876898,-1.0858130884274528,1.5312578749548245,1.795612886711622
2016-02-15,-1.3284285647034624,-1.0555746292550325,1.5727422215138196,1.9149322976948084
2016-02-16,-1.3547099720707947,-0.6762934131590194,1.381393745246866,1.2226639637608965
2016-02-17,-0.33271608007905606,0.10463565731574839,1.1864930886594163,1.9852735123518477
2016-02-18,-0.2719266038704192,-0.09232788548846103,1.0111047071596633,2.176723805399796
2016-02-19,-0.1291976774224192,-0.46615866586031846,0.5207856609862589,2.084862391129893
2016-02-22,-0.017271775268735263,-0.028431422122724506,0.5062822197164417,1.6878844815969574
2016-02-23,-0.06840079357867104,-0.291063132095429,0.6277325501652866,2.047748406160605
2016-02-24,-0.0883229853840228,-0.30907029568044625,0.5957182529453142,1.8245881027642687
2016-02-25,0.15126504795417353,-0.1455582867964023,0.15955956672423555,1.5844907080155044
2016-02-26,0.4499889246817805,0.058091815063949524,0.32477240853174233,1.6658542094768716
2016-02-29,0.6203401695246766,0.206895670597509,0.6725842176491539,1.9200227128018343
2016-03-01,0.7682509318440777,1.0208372457706103,0.36132995873533846,1.1321559932272633
2016-03-02,0.8549140765131626,1.345058148834025,0.4885479064748838,1.1435094499217253
2016-03-03,0.797863643545171,1.5761209596445396,0.3848865230547884,1.1678918800442326
2016-03-04,0.8072157832034624,1.8491843204796867,0.7593004823088062,1.0422582391705517
2016-03-07,0.8371840486793494,2.1013893873743617,1.0520094332136458,0.9463620585964401
2016-03-08,0.82427531063951,2.1958899104838756,1.5168458325141454,1.3424504434470796
2016-03-09,0.820519060284404,2.311278664125687,1.4468061452363483,1.13933776551907
2016-03-10,0.8981674711888361,2.2640941716280145,0.6967177294816811,1.1325676966182674
2016-03-11,0.848161614394178,2.3606754801588825,0.9563921743981164,0.7656702285681407
2016-03-14,0.8942342318350783,2.262251993542207,1.0408735937538445,0.8082277999710056
2016-03-15,0.9343640771067421,2.234029937112847,1.0013483754885435,0.7271979033622051
2016-03-16,0.9404449824461122,2.254227528488987,0.6747632210888147,0.7940823521460826
2016-03-17,-0.0017400860815058273,2.19569800341568,0.35332426031331726,0.9032415609619602
2016-03-18,0.004275396064250478,2.191911322506104,0.4508371311779576,0.9897739479115912
2016-03-21,-0.001211461261251048,2.1573436030735254,0.36335975756646266,0.9981552662746703
2016-03-22,0.01363446224312237,1.921188398867356,0.25929179992105694,0.9665278161944652
2016-03-23,0.054998579912158146,1.6846581322728136,0.39153050859551225,0.4175160788941796
2016-03-24,-0.04190955842474364,1.542014258329222,-0.10136784427606263,0.2713705036344197
2016-03-25,-0.025885796088221325,1.4169458032278865,0.1601181174673229,0.27728385350772483
2016-03-28,0.12676219271860098,1.1740359073359325,0.15908528237110645,0.2790722517395789
2016-03-29,0.14777241615630426,1.1830051530154826,-0.03987695263648512,0.3127186899184907
2016-03-30,0.15575853824196653,1.1823651659876895,-0.05165060267542635,0.31733122969684835
2016-03-31,1.1871965019721349,1.1250686973097679,0.038433259921561574,0.41398219879339193
2016-04-01,1.1992670898646915,1.148586369371704,-0.12312744211316112,0.09578093046986268
2016-04-04,1.1434117400972226,1.0190576171533101,0.05700378480482944,0.2647829583349929
2016-04-05,1.1267684295963722,0.8612721048082116,0.25324299531096756,0.5085432601769074
2016-04-06,1.0997697928139187,1.2241807629007448,0.1753535925355036,0.019690010943448102
2016-04-07,1.133911090175419,0.9118264052080062,0.002034591195936473,0.5965363595675907
2016-04-08,1.1367149160069794,0.9228397194420196,0.27755603072556545,0.5057772356473642
2016-04-11,1.1797377785622267,0.8112709370388932,0.3338998295448336,0.5441816174983064
2016-04-12,1.1519373689063024,1.0275890028082362,0.2629204772478175,0.11518849683096462
2016-04-13,1.1349293905373259,1.391073921292071,0.0984686115890607,-0.15360070260828732
2016-04-14,1.0537313696071433,1.455251984280703,-0.08294331310335783,-0.2371093645389789
2016-04-15,0.959320837972028,1.3144348093810654,-0.11769769298831809,-0.0796228914998155
2016-04-18,1.0139141264005704,1.4096429832396271,-0.13678842357740453,-0.4356504709090187
2016-04-19,0.679156805799409,1.3808035020179852,-0.28599535234465046,-0.48443762344664626
2016-04-20,0.6491741941288127,1.4895535742887307,-0.14336031153026627,-0.7010426521063652
2016-04-21,0.5975880462133163,1.491102002569286,-0.3366919279511716,-0.48327622749863386
2016-04-22,0.5138202533024123,1.5521607518091383,-0.1985743524449249,-0.6264445511638915
2016-04-25,0.4938305813027757,1.4400039708805128,-0.18089728162842483,-0.611058832005155
2016-04-26,0.3834189266506515,1.4448137572845294,-0.2243824326582859,-0.7634168189974173
2016-04-27,0.350228708501822,1.4816669658110804,-0.19441176041628339,-0.6328843646097276
2016-04-28,0.32130875926985936,1.257714846288625,0.07311792638907845,-0.0049896915761897176
2016-04-29,0.3186637035518558,1.260945394761962,0.18780362225873334,0.16572661210474074
2016-04-30,0.5624414133894398,2.297902182052578,0.10618481862813439,0.6974687049101459
2016-05-02,0.35301480290419796,1.298415060368217,-0.0715356475174789,-0.44891863146538025
2016-05-03,0.37547302280053235,1.1619419522143724,0.18174420754665827,-0.03501448929943884
2016-05-04,0.4626112450949215,1.0286812981318,0.2505212510177967,0.18375559248271064
2016-05-05,0.4002559390696245,1.102015757354497,0.4227443602352732,-0.17594991083778241
2016-05-06,0.2553224869427063,1.0434291363178396,-0.0971092820523173,-0.4805885806349252
2016-05-09,0.26731336417859347,1.0381833651165389,-0.06500265691445463,-0.5018130028566306
2016-05-10,0.3301902241845196,1.205328240832416,-0.30251861168912025,-1.0158874246209104
2016-05-11,0.3490560094368237,0.9550300238628601,-0.1075062590954353,-0.5016121861658854
2016-05-12,0.24999297685691235,0.9418996338121888,0.17621279722715183,-0.5438553880355342
2016-05-13,0.412830787572028,0.669177625067559,-0.22738001856956225,-0.11168438917888036
2016-05-16,0.3407605352911654,0.8034508305614232,-0.30213801252802275,-0.5988203701127718
2016-05-17,0.45955406690979766,0.6382634959508051,-0.23234855490788536,-0.08414204490417261
2016-05-18,0.4473052402334595,0.5347295453849975,-0.3492786098505209,-0.44690545659898445
2016-05-19,0.5054569224235936,0.3859668623429074,0.28502600379269544,-0.47465002058834754
2016-05-20,0.5597064817870055,0.5332485409782699,-0.5022592436071677,-0.6295491926125915
2016-05-23,0.5407073698416673,0.557608908265264,-0.3105618840090408,-0.5036311124027676
2016-05-24,0.7988686165805355,0.740795809218204,-0.5511819879879948,-1.2442185248026498
2016-05-25,0.7870165104200227,0.8671746133652944,-0.6653507748315767,-1.4378477651917712
2016-05-26,0.8826649050061711,0.7767024140216608,-0.2556969444269903,-1.2927111034800682
2016-05-27,0.8014885609714248,0.7201985314963122,-0.9609198098603257,-1.44665464631797
2016-05-30,0.9643627967172504,0.6462414123247585,-1.0156079005965573,-1.4316030532257176
2016-05-31,0.5799643960310858,0.6356922009794513,-0.7951414293641583,-1.4531092403704817
2016-06-01,0.6192910521017325,0.7197363467508265,-0.7201149328190317,-1.3137722049644265
2016-06-02,0.6264481480907815,0.8191656974436619,-0.545088955679719,-1.2943092171043349
2016-06-03,0.4290505719542458,0.7653024449706787,-0.6628379155312407,-0.9201200051113647
2016-06-06,0.43460554509330557,0.887810857864387,-0.5290569544040346,-0.9937695301322547
2016-06-07,0.39734993645761335,0.9307871996906202,-0.5497743668392181,-0.837543397808442
2016-06-08,0.40176971325617755,0.9035816101156184,-0.5414936805861342,-0.7989816279440493
2016-06-09,0.4317030915949609,0.8140993523130559,-0.27657505906279095,-0.8041077572417503
2016-06-10,0.4550899269640954,0.48873688165488327,0.0065112900424861,-0.5814701459641981
2016-06-13,0.45460968339087426,0.2972089256208056,0.9395288998886598,-0.36268391285177465
2016-06-14,0.4678651370765588,0.10269563147171662,0.7210943224986802,-0.3262044828891088
2016-06-15,0.4396043430363269,0.08924772071320945,0.6271510408131544,-0.09625197266803627
2016-06-16,0.4675405346356563,0.06713119714762808,0.8202101768198915,-0.41858895984144734
2016-06-17,0.49706243508806486,0.16838344977694122,0.5877043643398282,-0.31208030707609485
2016-06-20,0.615283165264208,0.4395838674478068,0.42315076516176675,-0.5259155492491929
2016-06-21,0.6473905723446284,0.49221634420483673,0.44696393378704036,-0.7777284184003688
2016-06-22,0.6384495614881172,0.41761648728752,1.0896203708605767,-0.5694806800886665
2016-06-23,0.5340617591569494,0.5961058627763587,0.44065034765320943,-1.0818984061640748
2016-06-24,0.46958442944820616,-0.2227900591048867,1.9626539398609706,0.7751715413578536
2016-06-27,0.5257956845726182,-0.6178646142316209,1.2646865968384038,1.5083498751829243
2016-06-28,0.5674807038985545,-0.31255542871005665,0.119123015215967,0.9567498838012953
2016-06-29,0.5417321375992328,-0.013684852221419942,-0.14530056026145372,0.20100240515825687
2016-06-30,1.4153275751974912,0.22892434157896074,-0.00816826425612895,-0.46395890645353155
2016-07-01,1.5024085343057634,0.2859879095878663,-0.5513729321902489,-0.3160696845595135
2016-07-04,1.5227150283761446,0.3102670938828403,-0.45948585309745343,-0.28064966071749686
2016-07-05,1.5091587942297104,0.11957516874641011,-0.39175790409142297,0.14333650861753566
2016-07-06,1.6161162224195238,0.13721365457169488,-0.555860639364872,-0.17706074384596932
2016-07-07,1.6941827026356766,0.13614276540289913,-0.6744921971257517,-0.09612752216047722
2016-07-08,1.860941302897279,0.4689001540479508,-0.8787645751759857,-0.5103665183062341
2016-07-11,1.8964807252509601,0.7300640969901824,-0.7147631874576494,-0.5979171158926486
2016-07-12,1.8849344206732537,1.0882524196612517,-0.5101817526114295,-0.9228009181515379
2016-07-13,1.9024503200401974,1.079521354817118,-0.6747312303783164,-0.7437352115767454
2016-07-14,1.9153362598489274,1.0990057770508772,-1.0296782751169526,-0.972175319742737
2016-07-15,2.0420984568079974,1.0964737777254299,-0.9359186724137968,-1.0079914499557887
2016-07-18,2.0633209313551184,1.0660593721907115,-0.9280399279689476,-1.0241101527112957
2016-07-19,2.0160555619999574,0.8822701970700162,-1.1665399455732137,-1.023280734885858
2016-07-20,1.9861150568301729,0.9768032151818419,-1.2002585396885599,-1.1369996959580602
2016-07-21,2.042481280653766,0.8664846704218052,-0.9924576206358815,-0.7938333797867215
2016-07-22,2.078707182404978,0.8163653859287752,-1.2167674164238602,-0.9505942293637651
2016-07-25,2.081325005183122,1.114858542351547,-0.7660596492730976,-0.8866055085848411
2016-07-26,2.12294681384647,1.2678928525195625,-0.6298097681191491,-0.809435220252406
2016-07-27,1.983830405277228,1.1004039768585148,-0.6999655301805239,-0.5855293573854309
2016-07-28,1.9339110738775847,0.8810656562240258,-0.7255567337998045,-0.5348136342016925
2016-07-29,1.4808655218239528,0.9393153766748544,-0.9480571803632899,-0.542078428658556
2016-07-31,2.1341690566402662,1.3572523061315926,-0.8914400705758685,-0.8874232314608642
2016-08-01,1.6151589987097528,0.7753792634995137,-0.9043903319558145,-0.6989116486797323
2016-08-02,1.6264360164513847,0.631478813252699,-0.6966686347671783,-0.7478680378935028
2016-08-03,1.5798075502157471,0.6557544314665454,-0.7602025836460847,-0.859680440282818
2016-08-04,1.5675706317237867,0.6347131669483397,-0.6922038646996604,-0.7143244031439651
2016-08-05,1.589876444622335,0.768032231707055,-1.1454798573285268,-1.0429745723411354
2016-08-08,1.5278280547627419,0.7416514167340073,-1.1411371164874913,-0.9547830102223289
2016-08-09,1.4634763729157316,0.7913729492916359,-1.0517593744499014,-0.8850971394803333
2016-08-10,1.4217475571458384,0.9502347604744449,-0.9849831775983822,-0.7777309672304108
2016-08-11,1.3754029219031496,1.0334759868318655,-0.8418389644195157,-0.9922469378711695
2016-08-12,1.2505127659195967,0.8883658669518163,-0.9537519622363936,-0.8263459702334769
2016-08-15,1.1656764906690669,0.9542282694409031,-0.81593274393711,-0.9731547667737713
2016-08-16,1.1330467132275586,0.8544661015197247,-0.6740949726780477,-0.9132291115890202
2016-08-17,1.0944849364334603,0.8367853172943004,-0.812385244985467,-0.8967187791113854
2016-08-18,1.0768195498366655,0.990680880296216,-1.0020922650296407,-0.8271529942094905
2016-08-19,1.0568938896065705,0.782112815151058,-1.1825717547027865,-0.9364939294051984
2016-08-22,1.0003174057267952,0.7329274050506329,-0.8802236357308612,-0.8733102353591011
2016-08-23,1.1429423852390461,0.9290032699314286,-0.7375744313680834,-0.8733449966577382
2016-08-24,1.1334991380327324,0.808442844020608,-0.5179919069312251,-0.8419080842181235
2016-08-25,1.1230527911624302,0.7223550248457239,-0.2397848754731961,-0.8079672085637747
2016-08-26,1.0856195121042242,0.7877822253766298,-0.5910886612394336,-0.9656190145714543
2016-08-29,1.1135717240628258,0.9120586517165046,-0.6746656181070024,-1.039224151011601
2016-08-30,1.1691441580123874,0.8950286292523421,-0.553478812795639,-0.8531087067428589
2016-08-31,-0.6571540140526502,0.8207483549794115,-0.5693565606286234,-0.8198636230220199
2016-09-01,-0.8152569866605109,0.6715892734047879,-0.32095166729133373,-0.8980828300741168
2016-09-02,-0.8742187471560311,0.7041761604644778,-1.0736143510320286,-0.9844781448659523
2016-09-05,-0.8543674601626428,0.5935247828315111,-1.0747006373321544,-0.8953476247636634
2016-09-06,-1.016162125078732,0.7588015849447234,-0.8261003145765473,-0.6917436673823382
2016-09-07,-0.8664863270005002,0.7574127166660796,-0.878331043890406,-0.49751157962551945
2016-09-08,-0.9103859911285864,0.8518244281878797,-0.48168804110920815,-0.7218289057403346
2016-09-09,-0.890556501267163,0.30500383584308616,0.4813806240339148,-0.31119037835389474
2016-09-12,-0.8748471685659293,0.5577873478771508,-0.08305391633802037,-0.9576911737805828
2016-09-13,-0.8774019834083697,0.17262040158325237,0.4492514096501586,-0.6763522693249625
2016-09-14,-0.8515523327392069,0.17653197433268342,0.5131229785191342,-0.5577134741453648
2016-09-15,-0.9010088430947271,0.34568721731515634,0.4674620658134419,-0.9227073399177758
2016-09-16,-0.7714323628232488,0.17633718398055592,-0.22828439687206706,-0.6798843104894676
2016-09-19,-0.592043841556442,0.14871856252033902,-0.20099284005628168,-0.5460568477829397
2016-09-20,-0.6770636988471113,0.17494648298032792,0.11123960592000545,-0.5358206860162955
2016-09-21,-0.6763997049252295,0.5406813356857916,-0.19313756138757723,-0.6764384595810475
2016-09-22,-0.7430282942954676,0.7628956754877889,0.15606898840748393,-0.5004812990362156
2016-09-23,-0.7036593976712839,0.46420458123962044,-0.6929083302725875,-0.18267640955392475
2016-09-26,-0.7035182950152489,0.07900086516537053,-0.1276373653650007,-0.0024280343139905743
2016-09-27,-0.6879695730817237,0.05265912829319281,-0.832129050320883,-0.1293510656844215
2016-09-28,-0.7041124388649839,0.1789618790735995,-0.9183061209008753,-0.2095127768363309
2016-09-29,-0.6416967707172936,0.10503544886530672,0.22288350936012905,0.12933907571596154
2016-09-30,0.4472258881932067,0.4138027237398893,-0.5695275837516887,-0.21238984899844965
2016-10-03,0.43873900979242364,0.26316621481732316,-0.6016015630313842,0.05517533787371948
2016-10-04,0.4170383072906392,0.14561998461881348,-0.8290506940989208,0.0050523577626255855
2016-10-05,0.6198300574258986,0.17788535162458907,-1.0577672285637318,-0.29193604475353513
2016-10-06,0.5820994522379119,0.1673449620091162,-0.798102431333396,-0.28998922749078293
2016-10-07,0.5766606765685379,0.051863330703733966,-0.900923997356287,-0.15765528712549487
2016-10-10,0.5246002885506272,0.15805891211605785,-0.7762773928205948,-0.34129081811399287
2016-10-11,0.46211114986546187,-0.06312288367672629,-0.3303388795719397,-0.02564728421155395
2016-10-12,0.4179908026638443,0.05726664117316756,0.004414891714454897,-0.17672447541052957
2016-10-13,0.44118495471374225,-0.050276431081736156,0.6217278965764682,0.02781137328860817
2016-10-14,0.4249212005259322,-0.028722175752424837,0.02251031531922581,0.0621354000569978
2016-10-17,0.3725035049707823,-0.0988602725907754,0.10127424852338222,0.31511878301853496
2016-10-18,0.17774842865860535,0.05345318520910781,-0.2596319486777743,0.2124093578165839
2016-10-19,0.03484456700935709,0.14161518234399037,-0.36967513463130836,0.2090173478641969
2016-10-20,0.03447810839967662,0.09241855690652784,0.07518156003500961,0.25527622551700635
2016-10-21,0.04395958828115548,-0.026512702697472437,-0.9611913797981739,0.35490583107885426
2016-10-24,0.2381583612398124,0.12489059038117843,-0.9698642198833601,0.030176881767255713
2016-10-25,0.28038521547419876,0.0446081363594851,-0.883013958082613,0.3876266468123743
2016-10-26,0.3435521701289357,0.017925985931396507,-0.6414760789444296,0.42090700923460445
2016-10-27,0.3223778693780913,-0.11186154781263659,0.19551613396980827,0.2789145924831849
2016-10-28,0.39517773434600245,-0.21778608585315998,-0.04625371418469668,0.38704579882297535
2016-10-31,0.2979569402961441,-0.4717601942425851,0.03408017431684996,0.4961563858125513
2016-11-01,0.2793941616799403,-0.7345336710483775,0.3356276919582783,0.6950501923368662
2016-11-02,0.24029875119964234,-1.084484093173983,0.5196309765595284,0.7775386268020545
2016-11-03,0.1703558782687716,-1.1999558068088585,1.4620481987640537,0.9942899799239288
2016-11-04,0.17483429010492693,-1.330718932763597,1.4065175893656652,1.129116093765353
2016-11-07,0.17844118544438164,-0.6020200633489272,0.4328725057899475,0.47572089836476256
2016-11-08,0.24451591053437868,-0.5610872174671951,0.406820148069081,0.22795433975082877
2016-11-09,0.22835511971117492,-0.3545069750627697,-1.028761017276388,-0.9618883539264483
2016-11-10,0.2413736079742591,-0.5029722275926072,-1.2009662132146146,-1.144553865825289
2016-11-11,0.2699124128995444,-0.42199429363420604,-1.3214694106661682,-1.3765585513270513
2016-11-14,0.29011309735508733,-0.7419787220043359,-1.5138846431344706,-1.8634328867333383
2016-11-15,0.3772636092496263,-0.3594189140607764,-1.4921255787935837,-2.168540273683681
2016-11-16,0.30877735017218044,-0.44165609350151425,-1.3762555381869637,-1.886638782062574
2016-11-17,0.5830011425361199,-0.37503221270868364,-1.71058067120879,-2.206215757178529
2016-11-18,0.5738191184238809,-0.4578077876702337,-1.6657423382944705,-2.157519120874104
2016-11-21,0.5018575400490879,-0.15845592792540272,-1.6046785862015698,-2.1845978722147077
2016-11-22,0.47972376705519004,-0.055243414610291745,-1.438724714849853,-2.0677467019405262
2016-11-23,0.5331892694172982,0.04728025890725131,-1.3780474610190439,-2.126047230607758
2016-11-24,0.513039963919487,0.10000341483670608,-1.906158509681684,-2.1066108268477426
2016-11-25,0.5081296676540294,0.29000575552872493,-1.233806808879042,-2.1876699184316433
2016-11-28,0.5611109569317914,0.24251172086107067,-0.8028255335442788,-1.914317029269496
2016-11-29,0.685255741980659,0.46641557733221745,-0.7952324775194656,-1.8466142611165164
2016-11-30,1.935356010276647,0.5223870884681814,-0.5674014446620145,-1.6242894453761612
2016-12-01,1.904668618386822,0.47006383619409076,-0.8357547765148963,-1.7049487464028847
2016-12-02,2.012738692172293,0.3928085835824726,-0.2836946243735525,-1.7890700519720388
2016-12-05,2.026914861128116,0.7148901630851635,-0.8243589416286203,-1.765465785069178
2016-12-06,1.9926372536648806,0.7818395521711445,-1.0189815210462188,-1.6957586398788997
2016-12-07,1.9608367984913548,1.252396759093123,-0.6130133796289569,-1.8660630430245884
2016-12-08,1.8478599502260584,1.0816380363238667,-0.9938191556139389,-1.7990014342595304
2016-12-09,1.7972663450532558,1.4627515459332816,-0.6523326395656,-1.8331451478005343
2016-12-12,1.7435855956355422,1.429063811208461,-0.3662177857505565,-1.8671230439561832
2016-12-13,1.756473321531648,1.598635859132832,-0.32851938833805816,-1.834605225322329
2016-12-14,1.6122059971898075,1.231335664343173,-0.5271895040376199,-1.7760944576536657
2016-12-15,1.7990596606740057,1.1764211958723927,-0.6784000093855461,-1.9066888103029227
2016-12-16,1.4711107637513188,1.0949313579264848,-0.6021583346099759,-1.8596325962239175
2016-12-19,1.528664244952529,1.0631092943736453,-0.7243668211593924,-1.8362555672773069
2016-12-20,1.4715862671857158,1.0121755192961575,-0.9403421527571579,-1.8402390885998272
2016-12-21,1.4461575389863877,0.978243278308359,-0.9929551802455412,-1.7838509455343985
2016-12-22,1.357611059715276,0.9840354232443483,-1.102901177904663,-1.7908784554000783
2016-12-23,1.4241133589755,1.0819354142654816,-0.8126425379504654,-1.7899899858960293
2016-12-26,-0.47200938456533326,1.0977677936383898,-0.9263853545987356,-1.7458737781744282
2016-12-27,1.390768446660596,1.291648388746893,-0.7081856090538098,-1.7178665015912884
2016-12-28,1.3606320990677645,0.9696164166508945,-0.4821804913947793,-1.538569557680175
2016-12-29,1.3286489634289833,0.8898286926765375,-0.7697315422789068,-1.4557132924961593
2016-12-30,1.2763575550218322,0.9319822575873985,0.0463873782512415,-1.3011194889655782
2016-12-31,1.749033278406166,1.078379502730829,-0.017526287851744277,-3.0
2017-01-02,-0.5060592343278444,0.7000215939469009,-0.08623291632341985,-1.13880029314239
2017-01-03,1.4307456097712794,1.0461911173171605,-0.44608149296265487,-1.1632512646938633
2017-01-04,1.414542085309185,1.1870536382820691,-0.8269556887491051,-1.2619177151407737
2017-01-05,1.4591670894140023,1.1411282585625655,-1.232867176253858,-1.012123579715208
2017-01-06,1.407633088104139,1.207225165460772,-1.1291382370251841,-1.1706859109857561
2017-01-09,1.4168522149771032,1.0486829729877247,-0.9736317356378629,-1.0381704968299046
2017-01-10,1.5848867137601135,0.8615005908544249,-1.1397423855889517,-0.9539430737484736
2017-01-11,1.5557027126664635,0.9677140672642562,-1.1587587390805347,-0.8961707123711375
2017-01-12,1.5458146632544598,0.8382647428616122,-1.3230699804134949,-0.74325700367336
2017-01-13,1.4998090798224029,0.9186506432702801,-1.313967707249502,-0.7708406630834758
2017-01-16,1.5199484443251867,0.8793780759991827,-1.3305262858148306,-0.8528605806397325
2017-01-17,1.3861946956295887,0.5780878711126057,-1.1399954708458868,-0.613389406262324
2017-01-18,1.3687674009330424,0.686573948985623,-0.8879111745540178,-0.7259277147049045
2017-01-19,1.4366914405525895,0.643551946678381,-0.5397939122141283,-0.6687926282634804
2017-01-20,1.38338298830538,0.716212214488578,-1.0532846296968328,-0.7687935225902973
2017-01-23,1.3113786227009456,0.5934875732399396,-0.8985219247690623,-0.49034386725739765
2017-01-24,1.2263722869081757,0.9424947065358161,-1.0342848232553983,-0.6870610858109104
2017-01-25,1.1298048992553629,1.3392936846340477,-1.0080521086392606,-0.8623644317817886
2017-01-26,0.798266761635512,1.3159508751679834,-0.48956131130302455,-0.7968517925089865
2017-01-27,0.6849851112239052,1.3379977867713335,-1.0814471547335225,-0.7372605878463258
2017-01-30,0.6555250526708117,1.2195134614972658,-0.6496966933370175,-0.6497328106160599
2017-01-31,1.2030347772045622,1.0375128256307815,-0.6709028907417034,-0.6408878606672775
2017-02-01,1.0845946719946316,0.9130860328526427,-0.9389235283998378,-0.7508619684719319
2017-02-02,0.9045887338928248,0.6416929189103625,-0.4271988386116306,-0.7651476714501534
2017-02-03,1.0055291656131358,0.9381464512481315,-0.9019355547064927,-0.8630648146706269
2017-02-06,0.94409469593677,0.7990617474752378,-0.6833468772601144,-0.675935609177152
2017-02-07,0.9093712459207433,0.7800486458296098,-0.7463666947986033,-0.7030023557317249
2017-02-08,0.7554930372231774,0.7231277433495953,-0.5796926107090825,-0.7053958894754297
2017-02-09,2.4482161123390602,0.927911316709073,-0.7616893416382519,1.4214873654206712
2017-02-10,2.3286941650323167,0.9854688248560743,-0.8406677043356634,1.2523799735437877
2017-02-13,2.192307211297987,1.0269037787917688,-0.7689435632596259,0.9871733263776618
2017-02-14,2.106769141928951,1.1098965472216187,-0.8624457212038468,0.7097229104716547
2017-02-15,2.157398323703623,1.2351481195133658,-0.5100866330908381,0.6619884153959414
2017-02-16,2.233120174194086,0.8477475119119762,-0.36316232329901876,0.7679589945100083
2017-02-17,2.1614973285876946,0.7962401699567562,-0.8197592510402305,0.7190389620228147
2017-02-20,2.0674045890858275,0.7871642621007516,-0.8319814903651944,0.7461257511256809
2017-02-21,1.9512763975922833,0.9550228922417867,-0.8153421583839885,0.6662839859975866
2017-02-22,1.8919467969264896,0.8557146620837136,-0.7308134929593852,0.7775062744836234
2017-02-23,1.8176800240424373,0.8513602954890569,-0.5927811005233403,0.7759031620467919
2017-02-24,1.766480868340342,0.7426725248934237,-0.921534955227226,0.7676935523256342
2017-02-27,1.6102768443500683,0.8654681323323015,-0.70438202838261,0.6643922065753431
2017-02-28,1.8339237128996826,0.72316339969156,-0.6356276531855832,0.715156123910542
2017-03-01,1.7432642487805332,1.1473261206863095,-0.6497004786327943,0.27499955787016206
2017-03-02,1.7362527855533305,0.8878565934943096,-0.6584905890291698,0.2904718272794553
2017-03-03,1.6959828258395269,0.7285998825142018,-1.5169088242677982,0.30243143330552175
2017-03-06,1.6720624247562785,0.2981439967373693,-1.7582317437227124,0.33389931356776076
2017-03-07,1.623372740374857,0.08104721250389368,-1.8713018994459536,0.3830265965065722
2017-03-08,1.6933117678949077,-0.06515355447336742,-1.7006437318059275,0.26469776995924643
2017-03-09,1.6371209990899462,-0.08569828828882246,-0.25547886302137446,0.14227118513952747
2017-03-10,0.8331150377101748,-0.06683081848722955,-1.7740330226403425,0.1274252784042055
2017-03-13,0.8104877647131119,-0.09600712882070013,-1.8942225730154645,0.2210159545200163
2017-03-14,0.7864299260088351,-0.3946050113999251,-1.6733364178015566,0.36398688733705326
2017-03-15,0.901113970121712,-0.09408380309716956,-1.449705854370335,0.41955493388055803
2017-03-16,0.8718615543534846,-0.12553162504409957,-0.7039642685829547,0.6098678820780631
2017-03-17,0.8305444467626607,-0.13094133817528414,-1.5055844459925947,0.6899656122372925
2017-03-20,0.8353481661143111,-0.21619819722017278,-1.5053365615750836,0.8453514280512077
2017-03-21,0.8159232958094773,-0.6140728980542158,-1.240046678287632,1.1346693859768757
2017-03-22,0.7880340517983629,-0.6954956419503958,-1.117376963526923,1.1157644910457873
2017-03-23,0.7908275771276603,-0.6166904304180308,-0.6385591062624312,-0.3804204561943923
2017-03-24,0.7586768888463511,-0.5934891427402155,-0.8883740492337309,-0.23889148703661212
2017-03-27,0.7225194052806063,-0.6454938344380352,-1.3295557808298266,-0.1764144143971547
2017-03-28,0.7143057160715077,-0.4014248124484966,-1.5740589138148056,-0.4909466623460251
2017-03-29,0.6946787910423272,-0.2383348283208922,-1.4716035431090966,-0.4224925103632518
2017-03-30,0.6760860679751782,-0.2810187311816081,-0.5418131435049741,-0.5933995532148388
2017-03-31,0.37024986532945026,-0.5663375925418268,-1.2162493959276155,-0.5588973544966945
2017-04-03,0.31818011546700353,-0.6670912586858538,-1.220216166685358,-0.3763602221099691
2017-04-04,0.3114976171100251,-0.5289157696039115,-1.3701215130668754,-0.3896605267643493
2017-04-05,0.32620014321254126,-0.5066833503694533,-0.9603178866125336,-0.17537690558179378
2017-04-06,0.3497779303935661,-0.3337645474098263,-0.03821405590054149,-0.29813361059506416
2017-04-07,0.2339604051751507,-0.1832229451384424,-0.8550868336306063,-0.35111437161227094
2017-04-10,0.19070940533602043,-0.1507810870816105,-0.4842923327011898,-0.3822844759190747
2017-04-11,0.20051195921607187,-0.21503178232889383,-0.12234680005263406,-0.2579029569391054
2017-04-12,0.1883253747943579,-0.27116361138162764,0.09704060969917554,-0.028609855727927857
2017-04-13,0.20701774953150157,-0.5752075952866621,0.6232617363011419,0.432764566261726
2017-04-14,-1.1368637363704708,-0.6689710650458918,0.04987220901502324,0.4177700378865644
2017-04-17,-0.1496290459094837,-0.3532423190713388,-0.44499442496864067,-0.08626399593977803
2017-04-18,-0.21840933557280018,-0.39240849657683063,-0.4780934554152671,0.1658050261986652
2017-04-19,-0.2298890152070803,-0.38060014636121614,-0.31270371134703606,0.1432787113527018
2017-04-20,-0.24476677851636156,0.07504030337178043,0.4561359579346923,-0.22212221168398005
2017-04-21,-0.2985672612839955,-0.07802466485809485,-0.34687510545132366,-0.11140090775258153
2017-04-24,-0.3492693569584674,0.19098219545620207,-1.5973964265912832,-0.3950924410120721
2017-04-25,-0.2645231645996966,0.566041966353572,-1.3787887504806573,-0.5385511188893676
2017-04-26,-0.26610577709320493,0.4210247086845289,-1.3935151717812315,-0.4587645079414572
2017-04-27,-0.3146024775268581,0.3120395894253461,-1.0572369946133087,-0.4659944130319498
2017-04-28,-0.43854318575576007,0.2649939193391388,-1.3338854315736952,-0.34707050870904915
2017-04-30,-0.25680711279378976,-0.21985331129892036,-1.3299614958983408,-2.7553760994671976
2017-05-01,-0.617774546739457,0.4008263700698747,-1.5444423995532064,-0.4101411414467621
2017-05-02,-0.6077117472213222,0.3033815264419999,-1.6250224747582154,-0.3836688031879924
2017-05-03,-0.5887027472740594,0.1592629172236892,-1.5968359106249153,0.006059568205039766
2017-05-04,-0.5763910188002792,0.14390508074922104,-1.3214026430329238,-0.102924940081289
2017-05-05,-0.627109371016554,0.19091694911853246,-1.648424343531409,-0.36192639206384986
2017-05-08,-0.6182920004676261,0.17026965062719782,-1.9992335889828114,-0.29396003109301555
2017-05-09,-0.6038516780117109,0.19434631343625686,-1.891390528858193,-0.2608354135098263
2017-05-10,-0.6263096418109427,0.30652770672260843,-1.7062688662344558,-0.25085471274152826
2017-05-11,-0.627845421610301,0.1346811976347848,-0.9474472711511722,-0.05593933103623249
2017-05-12,-0.7596657515510462,-0.05969705634100664,-1.5895075349708014,0.03340010269822196
2017-05-15,-0.7928765971655655,0.11029240525039696,-1.5294635515645068,-0.1210898442714757
2017-05-16,-0.870326912325423,0.19830725821095566,-1.3865253293526334,-0.0421918698269805
2017-05-17,-0.8613826478627263,-0.6406652324923718,-0.017056858721670405,0.5878782917935125
2017-05-18,-0.804760093042216,-0.6173029060076366,0.40715152597318377,0.3947635906161615
2017-05-19,-0.8067888235915884,-0.37265750316104534,-1.1348149723299723,0.2658490005672126
2017-05-22,-0.7555098081299819,-0.3518230249647383,-1.501587792453037,0.18056583604932278
2017-05-23,-0.8833281881345578,-0.33240086774731653,-1.6317241222798309,0.06002435648510332
2017-05-24,-0.8774556745672224,-0.3544970279714307,-1.8197048298200773,-0.006435212812292417
2017-05-25,-0.858201608564011,-0.251870930085876,-1.1504769853130263,-0.0525144700520531
2017-05-26,-0.8252679203253199,-0.3446109921608615,-1.9402759436211812,-0.04054245439064437
2017-05-29,-1.2662322001716335,-0.35156379067654686,-1.890754420397108,-0.04748009740847169
2017-05-30,-0.8422912699670833,-0.36731428642423347,-1.6824103760618088,0.06901185470145124
2017-05-31,-0.7164506180256508,-0.34468819251495764,-1.645017206401964,0.004768661582484761
2017-06-01,-0.6930725355372828,-0.013906423482498199,-0.7454898035921813,-0.2615357299014304
2017-06-02,-0.7676811889581828,0.23436671079153293,-1.5199510773903855,-0.23922328972820184
2017-06-05,-0.755776469991853,0.2010912417637269,-1.4278807605625485,-0.2381949635620072
2017-06-06,-0.7402698630124466,0.04478869034710528,-1.2856490555808928,-0.1325057979550801
2017-06-07,-0.7487333923262662,-0.0833856335024668,-1.3395595998315453,-0.24742554528230015
2017-06-08,-0.7615549399037196,-0.14259866358222295,-0.8866903886811242,-0.2549592715429445
2017-06-09,-0.7560754503045233,-0.20697041680000505,-1.3289498274097482,-0.2567490633249012
2017-06-12,-0.7705633109792956,-0.24680458045687043,-1.014128554989876,-0.3444284669982454
2017-06-13,-0.766693470823923,0.12038294493545844,-1.2487076342942616,-0.5036664156853368
2017-06-14,-0.9148392842083355,0.18140692292894792,-1.1304562486428344,-0.37263911569187486
2017-06-15,-0.961965276147164,0.15707565181980282,-0.4267659676883481,-0.46396504207967837
2017-06-16,-1.2018394442947085,0.0017559992143304066,-1.1665662649846327,-0.500472129293156
2017-06-19,-1.1476792337308874,0.14543762881637073,-1.131191189322799,-0.6962026171745476
2017-06-20,-1.125074818946972,-0.4154856618112103,-1.176273967836579,-0.40031595363531963
2017-06-21,-1.1028365320870968,-0.6314559718725513,-1.2000023398579867,-0.36880544192557835
2017-06-22,-1.0928651676245231,-0.5720148278899058,-0.6610852472324901,-0.20936963758456006
2017-06-23,-1.0594403765183311,-0.5350334158756246,-1.2317278182386284,-0.2187326344898409
2017-06-26,-1.1039127433451326,-0.4999131877660379,-1.2793237791638128,-0.1282837469919139
2017-06-27,-1.0825556453130722,-0.9239225158677047,-1.173998491724097,0.05329684113642604
2017-06-28,-1.0630978814413834,-0.5514450702520187,-1.2951776799031454,-0.3513300976401925
2017-06-29,-1.0055601840049768,-0.852096045034235,-0.5194696953633485,-0.06160090208253641
2017-06-30,-1.1201285923031272,-0.8092677103710155,-1.0616005463918785,-0.26136297115352003
2017-07-03,-0.9931177830012913,-0.6837585796987493,-1.0944438230435136,-0.30622834939765686
2017-07-04,-0.9664645717161516,-0.6887524148078155,-1.0439731010093987,-0.3608159711024897
2017-07-05,-0.9760224641190319,-0.6521865227447828,-1.104675188139305,-0.35344622693248084
2017-07-06,-0.9672261000495299,-0.988135569189763,-0.1769977985778263,-0.008166020713996821
2017-07-07,-0.8755715486829926,-0.7398670740136192,-0.9904039260298707,-0.4450804483057232
2017-07-10,-0.819575651764173,-0.6973888658815646,-0.995222410218572,-0.417358187997906
2017-07-11,-0.8596425044614325,-0.7699393755073053,-1.0906938714404246,-0.2201818042637853
2017-07-12,-0.8302945811025163,-0.43313326773840655,-1.1331677311317536,-0.3174363248861417
2017-07-13,-0.8091130214740347,-0.2535619163296684,-0.38672630104955313,-0.36914055216893904
2017-07-14,-0.9831119130428028,0.03855246714336542,-1.0649902990458013,-0.5273945516561409
2017-07-17,-0.8592818059889334,0.175139256385183,-0.9221317108411419,-0.30210215994664513
2017-07-18,-0.9185550651016052,0.012232322328402677,-0.9292818669691567,-0.24926007534752095
2017-07-19,-0.7942575883102283,0.30591402697092235,-1.0359322815714214,-0.4037434259469256
2017-07-20,-0.731635865881177,0.4659991898087247,-0.7079332049241482,-0.39202897384451735
2017-07-21,-0.7108874083004659,0.2681991526562389,-1.2326070690081437,-0.28131707510682064
2017-07-24,-0.6529465286943705,0.20169136535816418,-1.260733175584426,-0.2317409205795577
2017-07-25,-0.6384967016291474,0.2626357035724026,-1.2735436647340446,-0.44708390225091726
2017-07-26,-0.6068607108106707,0.2631134316782145,-1.048934391447915,-0.34624840405518836
2017-07-27,-0.555127215080469,0.10920075024143251,-0.6749874692009898,-0.08456860502086394
2017-07-28,-0.5604866075850986,0.017262869044846675,-0.8292333345047893,-0.049491435260618534
2017-07-31,-0.7570982179040591,-0.08506726149399432,-0.8474771259442252,0.058189770692845165
2017-08-01,-0.7536455529660009,0.023505726245108924,-0.7800600289897863,0.01597571489982106
2017-08-02,-0.7666371392353284,-0.006672508586076394,-0.7591871003918343,0.43551094980127036
2017-08-03,-0.7041669496649361,-0.1364864676729073,-0.2355235483582524,0.6691635076397205
2017-08-04,-0.6647737736255879,0.03598263348158416,-0.7620588558111234,0.5637997813705798
2017-08-07,-0.6416990222145429,0.05050006705039377,-0.8676657928898539,0.5705050500818759
2017-08-08,-0.5401761357934858,-0.1673229192080083,-0.6763602699641326,0.7317278086614317
2017-08-09,-0.5158886907766185,-0.44097237656991123,-0.6878351042500714,0.7731402287802993
2017-08-10,-0.5009351697698934,-1.456331793052008,0.7399341086683254,1.4854478067069536
2017-08-11,-0.5736396958761986,-1.5064108670887804,0.3131276138254986,1.3038553044761987
2017-08-14,-0.535556621833379,-0.6547683720501736,-0.350533202547988,0.7644046901406131
2017-08-15,-0.43546652350070264,-0.7174558802471162,-0.4660544379141949,0.6818641539441574
2017-08-16,-0.5377852625809588,-0.8302113365286118,-0.5627025384687119,0.7494977450098202
2017-08-17,-0.5129983694979692,-1.6403194785806914,0.6076861751643741,1.6062985575639177
2017-08-18,-0.4832320954534879,-1.748252176468807,-0.0902145006371502,1.5868074704721804
2017-08-21,-0.45600130630481517,-1.6440558848990456,-0.29767127469888743,1.5799026371760791
2017-08-22,-0.45398184736959735,-1.2328809601681832,-0.7693319757720833,1.0760756686449258
2017-08-23,-0.5959455785507558,-1.4928801769618443,-0.542498805077073,1.3160963827503558
2017-08-24,-0.6002987986410774,-1.4444524259091596,0.40537768016252906,1.3746373474908922
2017-08-25,-0.5844398572253685,-1.2922498043376984,-0.7032388167692023,1.29036476200049
2017-08-28,-0.5615949359484643,-1.1635480606776194,-0.67622884327668,1.268103451038211
2017-08-29,-0.5436365704133602,-1.0596010706040155,-0.5959729443405796,1.2178310500945853
2017-08-30,-0.4195440403065056,-0.9720188832647207,-0.6904542290426084,0.9723450164156755
2017-08-31,0.08503689850427902,-0.6260379936284861,0.4184905838726759,0.6911093928793615
2017-09-01,0.1031798348526283,-0.3601687490113498,-0.8179347857562312,0.550436025946461
2017-09-04,0.12493063193654166,-0.4106788838462812,-0.7620702132582157,0.4735674765819375
2017-09-05,0.06989828186969571,-0.8825591659619396,-0.22513145970305043,1.002505794912403
2017-09-06,0.05906651623483248,-0.653326973417007,-0.46238384035296465,0.7078699600075443
2017-09-07,-0.04391572387227244,-0.4818465466715624,0.3630254790131427,0.9181476516232393
2017-09-08,-0.03891086508091285,-0.5896096898458169,-0.25256894261815416,1.0595836578028917
2017-09-11,0.05914534872377522,0.029497019902350714,-0.539159854688761,0.40203628922879336
2017-09-12,0.1220843347628556,0.1289357611995679,-0.5563788273890754,0.3163200107008736
2017-09-13,0.1574696918471506,0.25637308784326474,-0.5552811397221971,0.2299270251348486
2017-09-14,0.19625587815499174,0.06923338930196636,-0.7537566281696124,0.28554327934425866
2017-09-15,-0.022774562086614703,0.365074962282454,-0.5156012360776115,0.22981482644950477
2017-09-18,-0.08210744010981061,0.6766396161037833,-0.43839766979592754,0.27755006218051004
2017-09-19,-0.0075860982686842895,0.6888474783629006,-0.47252655389895415,0.20680047192361628
2017-09-20,0.005790268405932754,0.5491213243315414,-0.8227129985400841,0.07914797940636108
2017-09-21,0.13833405259579706,0.36383190508123775,-0.6746662132217666,0.15001704127972945
2017-09-22,0.14561593481176172,0.38332848971777317,-0.8132505198026398,0.09951094156436606
2017-09-25,0.13753895312968104,0.06669082166501294,-0.6464652040516963,0.2012513745256375
2017-09-26,0.067797821969738,0.3307564111700071,-0.5842018811569516,0.07472827199945367
2017-09-27,0.10954685117768849,0.6156585588982851,-0.5734474399274675,-0.16435920282414068
2017-09-28,0.11760042849822595,0.6762691762376862,-0.1854398810384418,-0.25343573264337266
2017-09-29,0.13079010927680285,0.8746003316078241,-0.6468510842869619,-0.3446057093040923
2017-09-30,1.5466247439555507,0.6136635055852898,-0.6303433676246418,-2.091236080638063
2017-10-02,1.2186554313031301,1.0380823786471989,-0.5014552942653026,-0.4246694952402987
2017-10-03,1.1771005423652166,1.356469858266416,-0.3985600778512832,-0.29096896112723025
2017-10-04,1.2762546772808003,1.2078666256594945,-0.42024618142040443,-0.23022510825118378
2017-10-05,1.2816794759804884,1.4509527283189037,0.06427981230011912,-0.4275317606263834
2017-10-06,1.0787499685067001,1.3147675687972111,-0.43666981056868615,-0.37410425964979066
2017-10-09,1.086990827406225,0.9180032664747867,-0.37563456265631057,-0.3510007164776573
2017-10-10,1.0156983043610812,0.8788205076193542,-0.5219817452081802,-0.25629445978470683
2017-10-11,1.0103933712030704,0.768175789615818,-0.6338212298129339,-0.30851042319938876
2017-10-12,0.9948078476450922,0.5473553687200331,-0.43904828227704984,-0.10683722367131498
2017-10-13,0.9408960827601615,0.5246671141181996,-0.6422745326621974,-0.06923867664665792
2017-10-16,0.8984220335373183,0.6182564302438585,-0.5101707081221715,-0.15139337784707885
2017-10-17,0.930859563143474,0.7327628756779548,-0.3379259925348449,-0.2867255334954756
2017-10-18,0.8000060476277027,0.7478429493895233,-0.42043286730904783,-0.3380703228677292
2017-10-19,0.7966360655438791,0.8787811465600627,-0.093880465621746,-0.4192744749303684
2017-10-20,0.7596649879568282,1.20710805522747,-0.3486757493130391,-0.6388849886399319
2017-10-23,0.7415964930461466,1.0403552438309944,0.04366030322333108,-0.5852743962810463
2017-10-24,0.7917435486570426,1.0231957362288944,-0.04722445269210666,-0.6878527589554386
2017-10-25,1.1650279590742758,0.3455922430700395,-0.10338221844990259,-0.45510993565466695
2017-10-26,1.1523930044656556,0.3254452889335786,0.14320011424633808,-0.5516202099807411
2017-10-27,1.2667283250098031,0.3785493369485972,-0.6529084568884692,-0.7440492527530685
2017-10-30,1.2845395708633542,0.18900241679715038,-0.3831825983244066,-0.4317749826974647
2017-10-31,1.4345280984671225,0.26509626407296893,-0.46845615109596983,-0.46730071201556417
2017-11-01,1.396719867324219,0.2979400962675969,-0.554028251036975,-0.42070779426901467
2017-11-02,1.3789461197357116,0.17921652513003736,-0.5568727642118885,-0.07455539656952083
2017-11-03,1.3206539162130133,0.24292671867265217,-0.9477313716969878,-0.2206119715553925
2017-11-06,1.2517842469416323,0.4248837305572895,-0.559705616369098,-0.18203489685514462
2017-11-07,1.239366455996605,0.37507695275820896,-0.6017832689447468,-0.026697378921366102
2017-11-08,1.2222507772417812,0.04492931840077515,-0.8778895084010164,-0.1257418788702192
2017-11-09,1.176822640208798,-0.6268566414097775,-0.9258914215814043,-0.033221653254416075
2017-11-10,1.1225233818366154,-0.5176921262466172,-0.48371709053418316,-0.19819083131228732
2017-11-13,1.0748797868350075,-0.36826935770634084,-0.27816075008831703,-0.2769536262152912
2017-11-14,1.028781198835014,-0.7401751928172667,-0.4292141476947617,-0.2157544607164295
2017-11-15,0.9666899814657458,-1.173983024780003,0.13547858573531196,-0.045045201364948634
2017-11-16,1.1151544585556046,-0.4401379677406542,0.6859048868239204,-0.26002516441660495
2017-11-17,1.2892046541263928,-0.5618818870331809,-0.3090318357941603,0.06687966482939707
2017-11-20,1.3043355791839133,-0.497885239927092,-0.6829530283240276,-0.038451576647545845
2017-11-21,1.3255613868079066,-0.11139067688962377,-0.7867092972885419,-0.1470558080468282
2017-11-22,1.224065918306903,-0.23027629941404543,-0.6038938943792764,0.029124578111125243
2017-11-23,1.1808259963362917,-0.15781414781589653,-0.06665784210788833,-0.04486186974250372
2017-11-24,1.0709608404511102,-0.21731112495004698,-0.5930266864978805,-0.1435693125634473
2017-11-27,1.1369003232908532,-0.4310709110739343,-0.7406337026104955,-0.21595002182873924
2017-11-28,1.1221547067751376,-0.07445552532274954,-0.5491039642987895,-0.5163936207106763
2017-11-29,1.1098173173956623,-0.14252513180659587,-0.4948739631931004,-0.620358964853949
2017-11-30,0.32124853622551786,0.15335124504009937,0.3421398983412095,-1.1503399363232854
2017-12-01,0.3145160330666963,0.25175877200213165,-0.03257165125026277,-0.949680041092049
2017-12-04,0.4204551206237464,0.26458656412341164,0.08684445733087326,-0.7943319555838059
2017-12-05,0.390872764211167,0.18298914764818952,-0.00427206161597731,-0.7068687355100117
2017-12-06,0.36679283325159145,0.005697322744207859,-0.20759862801796963,-0.8869213533148174
2017-12-07,0.35416171875587427,0.17050095085774042,0.15299048894960676,-1.0368527265509446
2017-12-08,0.37880955798384747,0.706018779831466,-0.42764087756256325,-1.042058082162553
2017-12-11,0.3358984297509455,0.8791709761376821,-0.3869144893219516,-1.038981519003821
2017-12-12,0.4158795618516818,0.9775762274632334,-0.18115177845318076,-1.1400165400996007
2017-12-13,0.353965869332392,1.0516390024119067,0.16864252659117582,-0.9822219366125023
2017-12-14,0.5072594273123228,0.9497250533316463,0.02952690002624072,-0.8215715137548212
2017-12-15,0.4339628990620242,0.9177933100284366,-0.23284492310690386,-1.0720204428439724
2017-12-18,0.4642208231082194,1.1379907362781214,0.007910075247801539,-1.0599595250768383
2017-12-19,0.5111119905821424,0.976832300293443,0.12967289658771203,-1.0683943240388365
2017-12-20,0.49536612972631894,0.8771973251418305,-0.012409495046992718,-1.059363689843918
2017-12-21,0.40395173546350494,0.8908431327565869,-0.540064616341154,-1.031977759919267
2017-12-22,0.5669120401439325,0.6808132173166146,-0.15695981736860878,-0.9348487747590303
2017-12-25,-1.303709544937163,0.5702497789585426,-0.18668917887111974,-0.9234334287857457
2017-12-26,0.5053521721033845,0.47309687187322974,0.026505043132541376,-0.8521012152516222
2017-12-27,0.4685163648662733,0.4663136502598262,-0.07534524465228414,-0.6800652846387708
2017-12-28,0.4241503916165139,0.47223351850585465,-0.9297699541499002,-0.6378471734219819
2017-12-29,0.38055734627272153,0.06687941016188394,0.21312085004174752,-0.3101547519244423
2017-12-31,0.9856203887663938,-0.9129564198038908,0.22769085806842324,-2.2115362678521397
2018-01-01,-1.4039436252709443,-0.12155907261120394,0.14473245877441393,-0.30033770079828837
2018-01-02,0.5642345687696513,0.30217545979383587,-0.36664639620615963,-0.43393134259391164
2018-01-03,0.6404000341913599,0.9062436595175422,-0.3950049566493213,-0.5464559874283174
2018-01-04,0.669553032309827,1.2996359666153787,-1.5564082502241823,-0.5325790954590905
2018-01-05,0.5573965462493763,1.4773736227585659,-0.2730126054523194,-0.6405479682150823
2018-01-08,0.5364260282096845,1.5567691050583279,-0.09722937088080569,-0.6407251988935407
2018-01-09,0.4236744298565982,1.366807369189037,-0.22381738264103515,-0.8017544358349001
2018-01-10,0.4171121886319625,1.1456790394117473,-0.402045575760804,-0.8502557299194863
2018-01-11,0.37650773917510455,1.3434162003818306,-0.6046039487221986,-1.0693470732984134
2018-01-12,0.4521502398869928,1.356842105030661,-0.28121294423170684,-1.1098827137847669
2018-01-15,0.39575420964125413,1.3414245239448461,-0.3616929618655423,-1.078051367104258
2018-01-16,0.31697722170222314,1.028559227119871,0.151322241029389,-0.809161971996365
2018-01-17,0.3709043974379534,1.1617048370238083,0.11500974429679504,-1.015103435109293
2018-01-18,0.2781424335295845,1.0602318654283893,-0.7095441036358036,-1.0022654081495856
2018-01-19,0.22870951302965964,1.2528705986074506,-0.05623063701300583,-1.0539494150529598
2018-01-22,0.06322313638641498,1.5948471039617262,0.01367833147064556,-1.1925948802620403
2018-01-23,0.0278545228949777,1.5554230299499308,0.02391429029367572,-1.0047365757444122
2018-01-24,-0.030983512415451612,1.4777769484459098,0.097942470571699,-0.9568566504167771
2018-01-25,-0.16662106996792053,1.4482557983477704,-0.14219499961673782,-0.7897965157689154
2018-01-26,-0.25624338465855667,1.854939338040393,0.07418226320432268,-0.9772863735619698
2018-01-29,-0.28197696519271004,1.416436728744634,1.1353961563233668,-0.9403202702858894
2018-01-30,-0.3555215945698615,0.8125006983734149,1.3958510907993416,-0.9848045402460245
2018-01-31,0.4124077071850979,0.6555567594317682,0.8206959984902614,-0.9437657779845697
2018-02-01,0.30999928955956924,0.350401734931786,0.33697718992559694,-1.2219381809458445
2018-02-02,0.32211906260355727,-0.854425793155524,1.675490518156156,-0.9418460591174393
2018-02-05,0.4331230943331887,-2.117804527311558,3.0,0.042563478404329
2018-02-06,0.3474538350651415,-1.5937162750787415,3.0,-0.8515467173235708
2018-02-07,0.31222073228787756,-1.6159697085882836,3.0,-0.8298116773122886
2018-02-08,0.27261158925464696,-2.6546284316425193,3.0,0.14629775338959788
2018-02-09,0.23988353104929136,-2.62809984000052,3.0,-0.642057547862958
2018-02-12,0.17480169106788868,-1.977098262304348,2.724774947674985,-0.9147288629771982
2018-02-13,0.14616719699731243,-2.145259437269369,2.482339798180324,-0.7804875631851353
2018-02-14,0.04987149432909304,-1.6131784711814694,1.0970318498691913,-0.9947996271688389
2018-02-15,-0.06225754185317494,-0.9019594351207757,0.5325923799098878,-1.0229276949245611
2018-02-16,0.06475786624383607,-0.8756968979634416,1.4781912170206017,-1.1249495860142695
2018-02-19,0.02807884686352613,-0.8188710033537734,1.4456057286022705,-1.0758281505026392
2018-02-20,1.7672512833969647,-1.1304069663180436,1.5184718753924125,3.0
2018-02-21,1.7387455503173734,-1.299537563795931,1.2000997806888616,3.0
2018-02-22,1.729704832903058,-1.488966668169534,0.330438352808469,3.0
2018-02-23,1.6537155900711518,-1.0639848001150596,0.5531395507404827,3.0
2018-02-26,1.4237435833827685,-0.6608042153080195,0.4908596635111848,3.0
2018-02-27,1.3342895906496994,-1.0534927482991732,1.136319308226489,3.0
2018-02-28,1.3094847058649657,-1.246992607306557,1.4401311770824703,3.0
2018-03-01,1.3877863884612245,-1.7918551351194902,1.5235497460497804,3.0
2018-03-02,1.3418794220106296,-1.6217176923771508,1.4846100799592183,3.0
2018-03-05,1.3109281122838772,-1.0955733773231924,1.4058995377365044,3.0
2018-03-06,1.2749226867905716,-0.8372555099937539,1.3965804215518327,2.8229785982578797
2018-03-07,1.2776275659084197,-0.883293721624565,1.0564121363294547,2.713439007220991
2018-03-08,1.235765581486766,-0.7910547962553527,1.1563648201072596,2.535133833011996
2018-03-09,1.363668747309327,0.010364121669590297,0.8373658255170325,2.0376309429118926
2018-03-12,1.3061093368330807,0.37505096230139096,1.151552165632225,2.0329743734034147
2018-03-13,1.257594576306486,-0.10062211157637292,1.1174346655178882,2.159347547323498
2018-03-14,1.1801056250081585,-0.3091814551431476,1.2456278001486363,2.2438128434661744
2018-03-15,1.1637890546886158,-0.5655955053665142,0.6803314980975206,2.184775937550527
2018-03-16,1.2382149483644307,-0.7202435902913402,0.7191185340424839,2.072590626744701
2018-03-19,1.168721050417712,-1.407987818502273,1.3989048763377454,2.2856751226994056
2018-03-20,1.1353892798400689,-1.2648118065058722,1.2062879902684418,2.16401340386896
2018-03-21,-0.04691943443486509,-1.1329472007823715,1.3996735683219332,2.1513893070236385
2018-03-22,-0.04282899134255004,-2.001961093362719,2.173312152547365,1.877997062328148
2018-03-23,0.05882969970345757,-2.3883711099515956,2.7443013774967477,1.935487151158133
2018-03-26,0.0517757280616655,-1.4707199779582634,1.9928051388659629,1.5922108133305755
2018-03-27,0.03618243819793002,-2.218430072207518,1.928252107596732,1.8669939361589005
2018-03-28,0.07216589920591106,-2.2899355592400847,2.0066085787253027,1.7705345521314768
2018-03-29,0.08447304282529365,-1.845348305145707,1.5648011554928318,1.58859736452741
2018-03-30,-2.160678304623952,-1.6662232101799623,1.582910006801812,1.5544182318434339
2018-03-31,-0.18449165004225893,-2.1440925983983927,1.4651874345632288,-1.0017112282607272
2018-04-02,-0.4852892140362743,-2.1804772474784757,2.045240787669741,1.839745795334858
2018-04-03,-0.4998904309335066,-1.8634384927893088,1.4670500879750854,1.639696768311485
2018-04-04,-0.49264310669536204,-1.5225358504779976,1.4615983601297342,1.3415623939628438
2018-04-05,-0.5291986242349669,-1.1183743148388776,1.37021945453678,1.2035545698707002
2018-04-06,-0.6450193490929796,-1.7263969090679936,1.6629895468424567,1.6100656169372263
2018-04-09,-0.6425776367296646,-1.5761801818022214,1.698361076453919,1.5110748201239879
2018-04-10,-0.6972316100413419,-1.0365624564712221,1.5153029552284476,1.2232480289292322
2018-04-11,-0.7278379120483611,-1.1809511822706946,1.4740687805413522,1.3422829242990117
2018-04-12,-0.7745576547522679,-0.8612916666077423,1.5597569130964954,1.188939578873036
2018-04-13,-0.8170817233449016,-0.8234386701014231,0.9456545621784468,1.1887947604815672
2018-04-16,-0.8629112933273557,-0.3927404657717175,0.9672663748284475,1.0198738798879152
2018-04-17,-0.7639828653487885,-0.3068169315488477,0.5787826280661825,0.8881236610612274
2018-04-18,-0.7670483470065433,-0.36074688224299,0.5398470817802064,0.8674987665912774
2018-04-19,-0.763378498647349,-0.4841623495618594,0.49921261223793373,0.9462528093250057
2018-04-20,-0.7532131675588298,-0.5986203456605131,0.8837975778412341,0.9068405878717122
2018-04-23,-0.6952174160171235,-0.969657699020833,0.48214684339447667,0.8704574677772842
2018-04-24,-0.5394912134819889,-1.1031511584566698,0.8824445838430696,1.04683944767894
2018-04-25,-0.5339134431524992,-1.1211548602469394,0.976563108773132,0.9596292236852433
2018-04-26,-0.5545351704766232,-0.6985826690225226,0.5221901488917992,0.8294354534423414
2018-04-27,-0.420287743250901,-0.5868970641966398,0.6054124378923035,0.8973820790966037
2018-04-30,-0.6916259525924963,-0.8091986959631908,0.7634697133245826,1.084559437667065
2018-05-01,-0.7583392630706353,-0.5521230967364482,0.8416833102472111,0.9894031327511654
2018-05-02,-0.7651132616758047,-0.580413836242557,0.9516430176399457,1.0991308647558904
2018-05-03,-0.7804588220474674,-0.6080869418389019,0.8015268301859224,1.3988615125508865
2018-05-04,-0.8401230862505478,-0.37024276112126914,0.5270413182806505,1.1472747678362452
2018-05-07,-0.8751905070507511,-0.0065146185649500735,0.7741598949804468,1.0824039308663247
2018-05-08,-0.8738258526637427,0.10246288685250135,0.6438630191472815,1.0520897339872957
2018-05-09,-0.8840165005449611,0.0002227621848516902,0.1951137238052498,0.8839467911797528
2018-05-10,-0.9831659232719859,0.206835479775487,0.26562002727619466,0.7967845865609333
2018-05-11,-0.9804736600522869,-0.0015117674262759714,0.05496743877040122,0.7747019215306356
2018-05-14,-1.0066881807158397,-0.3543966552547275,-0.1385994950326618,0.738379305392516
2018-05-15,-1.0223859168674319,-0.9173022470645184,-0.05921978157684321,0.7372515661455913
2018-05-16,-1.1239662729901394,-0.8374074685941311,-0.31909632568826873,0.6705676463800091
2018-05-17,-1.0930571576043484,-0.7946894820660535,-0.36036566091931377,0.630773326408081
2018-05-18,-1.0830111409432805,-0.7108975594745095,-0.06852459734068447,0.6707570165528352
2018-05-21,-1.0943973751113445,-0.49325382038395255,-0.08445809292317163,0.5603962414116427
2018-05-22,-1.0833484653499377,-0.55501090569288,-0.06537652771953109,0.6239648906288692
2018-05-23,-1.0871285871441565,-0.7247927159931599,-0.18987975944740793,0.5769876273312902
2018-05-24,-1.108549105245525,-0.7434281779435914,-0.26867331984365794,0.6116870150824117
2018-05-25,-1.0300719636220759,-0.9550933452259714,-0.1419286892585311,0.6692651323589688
2018-05-28,-1.899537038170988,-0.7841914551028689,-0.06054094573963471,0.6598483983200677
2018-05-29,-1.000560578280908,-1.6636029481295378,0.5334117757832847,0.8832926001224286
2018-05-30,-1.0655745802391878,-1.0113468425372518,0.15030656135987214,0.5889082243070259
2018-05-31,-0.8133034178627536,-1.302370070692179,0.20981952047430588,0.7416750442924156
2018-06-01,-0.7535236441178988,-0.7021700776011106,0.0006414621608668728,0.5842720138516453
2018-06-04,-0.8324480354053279,-0.4593892544462163,-0.16064145723287374,0.5494026988443949
2018-06-05,-0.7922770726734621,-0.606623834955572,-0.35767266079449345,0.5557084013307214
2018-06-06,-0.8065269793335531,-0.4627535933242215,-0.4932641260825507,0.4017083208340095
2018-06-07,-0.8109811546885806,-0.5872530659810498,-0.4737838006086274,0.44720105148401124
2018-06-08,-0.808911620932011,-0.535635004525416,-0.5277604167325501,0.31441353095390034
2018-06-11,-0.8142565043565353,-0.3264073886514877,-0.4314350702418105,0.32061510617088507
2018-06-12,-0.7804387487557686,-0.3136162006927139,-0.4559025940968965,0.29650828915571653
2018-06-13,-0.8093250793840421,-0.23122427655015176,-0.07152598189477558,0.31228953410868376
2018-06-14,-0.6834223751668952,0.1874435358515508,-0.535519839244025,0.2842439124550883
2018-06-15,-0.6943185992837518,0.013559986256826905,-0.17632907981600687,0.28336163308957435
2018-06-18,-0.7309737352840014,0.19985080271607394,0.020909806604080483,0.34727036104577313
2018-06-19,-0.7394889481804633,0.11359095842598972,0.23901139701816781,0.3606093941697181
2018-06-20,-0.7535979207149165,0.21599122181794572,-0.1258883184044992,0.3479992374881562
2018-06-21,-0.7667918060822367,-0.06255173740228599,0.21507925277042636,0.4247206929057356
2018-06-22,-0.8606682574102753,0.2828003392500111,0.4057981915820409,0.4299696440675044
2018-06-25,-0.8421312278038707,-0.2444167653106982,1.1241820426763558,0.6092210228174625
2018-06-26,-0.8373544804036166,-0.38881310561512933,0.6945296722353791,0.585018154955717
2018-06-27,-0.8676708787506758,-0.3873513329502269,1.286742123365171,0.6895665231491954
2018-06-28,-0.9203425352592347,-0.2792978215240586,1.3956622980352194,0.5452150725285067
2018-06-29,-0.9602651571746201,-0.4674477553809915,1.0481320373538465,0.6298650015297281
2018-06-30,-0.4294963165099802,-1.4282008237837722,0.8215257625571851,-0.7999505088104871
2018-07-02,-0.36492683742795035,-1.240078789054364,0.4242715486666893,0.5699254803808947
2018-07-03,-0.3079740209615142,-1.2020372037795222,0.6090514062557498,0.6468008049247106
2018-07-04,-0.28810688449192884,-1.1637226396945697,0.5454632898476443,0.6409086761479441
2018-07-05,-0.2923684059946202,-0.7611487415993055,0.8341052742850685,0.48833440297072767
2018-07-06,-0.25829391449274414,-0.5305723888845492,0.09353924023861479,0.3680711776099597
2018-07-09,-0.25476159586644576,-0.19852244568317953,-0.16338371793516393,0.24743489859368
2018-07-10,-0.24732659704275778,-0.19646667443719348,-0.3078032593051649,0.15543913542705112
2018-07-11,-0.2410549120285512,-0.8059498777894952,-0.29228685053870024,0.2654867281933673
2018-07-12,-0.22013815355417193,-0.5523760470852396,-0.5037031583173452,0.08915333112017416
2018-07-13,-0.2498563591213997,-0.4884898663706532,-0.4555753244033701,0.14010182301222937
2018-07-16,-0.2486049210506172,-0.4570390422580577,-0.27330183237474653,0.10500286778813976
2018-07-17,-0.310974263968404,-0.03716079454613026,-0.43328123259918966,0.012671620858573292
2018-07-18,-0.5254118528013253,0.056132258828363986,-0.3945285659375071,-0.042246435850667126
2018-07-19,-0.4870377279396556,-0.040275074050683354,-0.1471535262377387,0.0779692047604974
2018-07-20,-0.5061042572877359,0.013893044808476142,-0.23106502824242758,0.09163602607346817
2018-07-23,-0.5423556272242434,0.33468687517298634,-0.25509807060769996,-0.002738899899119806
2018-07-24,-0.5192148915396793,0.4091767582773576,-0.3004951710068585,-0.04683611234289312
2018-07-25,-0.603013838683612,0.9610656277462246,-0.18613345582885366,-0.15346826295122315
2018-07-26,-0.5866581952431504,1.2144738873972116,0.06201741797306535,-0.17135410923681194
2018-07-27,-0.5939076688628445,0.9171060533314875,0.11955996882516468,-0.07798400418094191
2018-07-30,-0.5658199941320418,1.0818794710183992,0.3781170854865253,0.013790071310455601
2018-07-31,-1.4586062967671403,1.3497166822060167,0.04820274904141593,-0.0746434821985821
2018-08-01,-1.450870475041993,1.0412445482114452,-0.0394088134777766,-0.07923578114231146
2018-08-02,-1.4216199651162535,1.179330327599588,0.263320777885934,0.01772828298836172
2018-08-03,-1.643297579988639,1.1676171055535056,-0.4156933745806003,-0.06138313446097776
2018-08-06,-1.5933880090119226,1.1762536128604928,-0.7011165220384394,-0.1511972405437018
2018-08-07,-1.5597654643988943,1.1546562144201513,-0.931091507693707,-0.2277458312881047
2018-08-08,-1.5322206799315237,1.017081660194231,-0.905738053928447,-0.1923184017663902
2018-08-09,-1.4859114498622779,1.0146957758158575,-0.3694612003079444,-0.12314770017449055
2018-08-10,-1.4609195089385696,0.39344426885538447,-0.3271959599115459,0.0341887722895228
2018-08-13,-1.4293390424511963,0.11219043853453135,-0.03118356315130288,0.08212310290906046
2018-08-14,-1.3975791239296211,0.4478388600843617,-0.3371264255656534,-0.09219016018335094
2018-08-15,-1.294984338596695,-0.049274759079162005,-0.019263957764624962,0.04309444226520757
2018-08-16,-1.4109497809128013,0.24269521377729408,-0.1346801091410557,-0.1595649621549063
2018-08-17,-1.4505555483918724,0.3661089214270147,-0.547500724941799,-0.23497635444073098
2018-08-20,-1.4318654477503465,0.22411208252027817,-0.5434443621024504,-0.19869696934787248
2018-08-21,-1.424762710594351,0.3933922734418813,-0.41995268611113196,-0.23140993976294408
2018-08-22,-1.4269061339055094,0.3896731570238605,-0.5826961451412516,-0.1532547656094308
2018-08-23,-1.4669541146751552,0.5859183429916279,-0.3703023902259365,-0.08954832554867509
2018-08-24,-1.4324991548951067,0.6068720238961133,-0.6126146186992214,-0.2677504969244517
2018-08-27,-1.4492851775465787,0.8761737682460561,-0.4445164285760733,-0.37285979181036843
2018-08-28,-1.417445707143635,0.9086779716086655,-0.5105770528564441,-0.4305974835508948
2018-08-29,-1.3725523516566918,0.7958086729364799,-0.7644439336298663,-0.5362527252531148
2018-08-30,-1.3584672284612027,0.23756764773353917,-0.7114143140205067,-0.4737575462652876
2018-08-31,0.10338680554181365,0.18714148174961717,-0.5526338346753348,-0.512734142661364
2018-09-03,0.08600077636483726,0.21579519929479496,-0.4722428567596716,-0.5473258947401289
2018-09-04,0.3001398663694746,0.12034466906898901,-0.5607773291984404,-0.5405366927241781
2018-09-05,0.29004644989815437,-0.2728280583033267,-0.4455360170222793,-0.5545648938567861
2018-09-06,0.3046624657528384,-0.39092663248196374,-0.3429995485386107,-0.47351596781886823
2018-09-07,0.2947389162714506,-0.3813310597293802,-0.10746078855141136,-0.41610773268489115
2018-09-10,0.2624317690323377,0.07550178496529815,-0.20726506327236796,-0.5315564234452849
2018-09-11,0.2463940486709705,0.3839253791586641,-0.4865290437186715,-0.6698300045087319
2018-09-12,0.23888604292124424,0.44349046571528244,-0.48223894760675234,-0.6586409965630721
2018-09-13,0.13049684396373373,1.115291268150441,0.051840644745457576,-0.7338728619651212
2018-09-14,0.14580152867313273,1.1304018967072396,-0.5078117604064514,-0.7077851927021103
2018-09-17,0.13637007856202907,0.8507208414525896,0.056140621412967454,-0.6475358755469549
2018-09-18,0.14350754754442233,1.2234232962357654,-0.38478235971251457,-0.7921977634657223
2018-09-19,0.11918330667034595,1.18277662311906,-0.6483387684396537,-0.7652776159251359
2018-09-20,0.15733286914785433,1.5339839593104532,-0.09920580741545887,-0.8533340146008361
2018-09-21,0.1882490456533692,1.5830330797071173,-0.41881274023915216,-0.7608002756139535
2018-09-24,0.23457263747786034,1.2621629018816545,-0.3395635926554279,-0.6900438384622068
2018-09-25,0.25062333269170034,1.1377366938569666,-0.4620286955753983,-0.6889500782410641
2018-09-26,0.248552475695993,1.0424723912972065,-0.1138725542126149,-0.5533337030616489
2018-09-27,0.19269366461347703,1.0482537742345976,0.2792037568249753,-0.5729168847555095
2018-09-28,0.13143799288986197,1.242055836707909,0.2670834731339451,-0.5803705252705026
2018-09-30,0.21837589387033762,1.7241718389242056,0.21178578070587364,-1.4707662109830832
2018-10-01,-0.0340131744149653,1.5017703273549832,0.1739465743102351,-0.715396694244821
2018-10-02,-0.04303509077856701,1.1227527898090144,-0.10711405875310429,-0.7367198781857532
2018-10-03,0.25792069833509257,1.0633158539693162,-0.4676465956676786,-0.7951769408871053
2018-10-04,0.30367433390682536,0.2693628094525396,-0.27597902799450774,-0.7253512362648583
2018-10-05,0.20478893333590056,-0.12559770079554314,0.3072597905079602,-0.6554863062136173
2018-10-08,0.20796183245883595,-0.27790218640571457,0.4085673896136131,-0.6501568818169364
2018-10-09,0.1936630304788878,-0.8214244446044382,0.33558140616106186,-0.5543330796266337
2018-10-10,0.20335338118567883,-2.0532532523977416,2.0254462578004673,0.3200607477617547
2018-10-11,0.05165844075650663,-2.5303410097766097,2.4484803042865906,0.6228026119377308
2018-10-12,0.020782011225297322,-2.018974419387152,1.5645448997784044,0.4593726099587508
2018-10-15,-0.055714584246152464,-2.1018620928520586,1.4697555678527883,0.5275960991558943
2018-10-16,0.04029461956157689,-1.4537360819934677,0.5256366865126333,0.08999564585408913
2018-10-17,-0.005098874755784642,-1.48383179184753,0.2970984192983227,0.06813254163545246
2018-10-18,0.014039088229740588,-2.1197535082257972,1.000765791305463,0.34514187877839303
2018-10-19,0.006284057956744572,-2.2102122369434976,0.6649930435709412,0.313708826248545
2018-10-22,0.03017383280413533,-2.364682249430679,0.449777236583849,0.4896100518184307
2018-10-23,-8.820626734231912e-05,-2.5688940775438383,0.8184364909772254,0.50099105613283
2018-10-24,-0.06930392140842487,-3.0,1.9266597446031748,1.2747748001418735
2018-10-25,-0.06395841645442502,-2.7034426691749336,2.0512289035215705,0.7159361888236183
2018-10-26,-0.05238742895492802,-3.0,1.6056947423547232,1.1935329353271904
2018-10-29,-0.017337054893988853,-2.9290295352211655,1.738329021906982,1.315916206761592
2018-10-30,0.004550233312056924,-2.7336979198516014,1.360281541257058,0.8700399629086643
2018-10-31,-0.15062280090043795,-2.341305125330453,1.0086843590151722,0.6800773426108898
2018-11-01,-0.24778407956211926,-2.0770715991713073,0.7630656119671682,0.4976650186514488
2018-11-02,-0.14898726619849526,-1.7325980039856315,1.0311257718551807,0.7061485181997748
2018-11-05,-0.05934974375181376,-1.5319738191134245,1.3795296444307426,0.574212178642121
2018-11-06,-0.07353223889024163,-1.2474192755447921,1.3650455352806057,0.4124916695172216
2018-11-07,-0.08595401948070837,-0.5553887167189568,0.4566744223284204,0.3526367430069094
2018-11-08,-0.08289481268737696,-0.5312167432567633,0.4728490554348338,0.3804499719769061
2018-11-09,-0.06109598901782795,-1.1046279184277963,0.6089162761341598,0.5185066732611525
2018-11-12,-0.06883795325358608,-1.4044383607557027,1.386791673232256,0.9577069741994235
2018-11-13,-0.050557459604619895,-1.9545523099254654,1.056215128012366,1.0264212566547184
2018-11-14,-0.031776594683331695,-2.3461679859865714,0.9434599919255574,1.224275103750966
2018-11-15,0.011356993817531478,-2.376608581453902,0.897367729296486,1.0097475647968186
2018-11-16,0.020178649006627688,-2.3910763474898955,0.24380484150746135,1.0333695015194808
2018-11-19,-0.10534485169445312,-2.762062370615946,0.5949708181741492,1.3964360145455443
2018-11-20,-0.09515858564046967,-2.954184562667382,1.0014163333736883,1.6813424770643037
2018-11-21,-0.2111754703221122,-2.525142671815095,0.562014622003562,1.584013110641671
2018-11-22,-0.23412511592861443,-2.4419956638472016,1.5636432356232162,1.6347029043695886
2018-11-23,-0.25129483354606974,-2.491710477757949,0.8724448370684498,1.7178706187364885
2018-11-26,-0.3259003326929802,-2.0307384266689867,0.3108209983841263,1.3272871856140807
2018-11-27,-0.3210810713329562,-1.9957077354371489,0.4219666235888998,1.1936951709370034
2018-11-28,-0.4220194040540148,-1.3429567762372896,0.7564081343671186,0.7504152489170816
2018-11-29,-0.4475643824018223,-1.4138953826220115,1.208293094608889,0.9313928659928394
2018-11-30,-0.5388276959361984,-1.4811914738510639,0.6943521845920193,0.7486414949330108
2018-12-03,-0.4798411867917736,-1.2708799278081007,0.26201769249598805,0.5871954365314561
2018-12-04,-0.4847535312325861,-1.983561344247167,0.9009231589653066,1.376995125741697
2018-12-05,-0.4815009525977344,-2.0203179942271774,0.7897660582608861,1.2831483886023758
2018-12-06,-0.45217368723115015,-2.2702405298058257,0.7209481534548147,1.1968781078003814
2018-12-07,-0.5510479707035425,-2.5060764496476824,1.4284598037000857,1.762139292968904
2018-12-10,-0.4891317736662364,-2.3512332537308844,1.1769506766937496,1.5424882823821788
2018-12-11,-0.5099383780565301,-2.25670290212866,0.8573139046485686,1.4586376914982297
2018-12-12,-0.5157503859669379,-1.733465796195595,1.1017529425143895,1.3645753202570876
2018-12-13,-0.45126245276614657,-1.5151419107020487,2.0170990714019585,1.3811917867228605
2018-12-14,-0.5081996655306659,-1.7017007997964988,1.1689669980190551,1.7187215584039401
2018-12-17,-0.6764602238015273,-1.9072375047470178,2.1610894867251806,2.0438180475977714
2018-12-18,-0.5248893477647119,-1.885447849896717,2.528908273036625,2.0151542061373244
2018-12-19,-0.507723043194075,-2.0676795245420507,2.198041464116559,2.2853660643005336
2018-12-20,-0.5278899702845016,-2.494141506899254,3.0,2.360965839979524
2018-12-21,-0.6759597011483506,-2.563368587181966,2.863161118633239,2.600131110215557
2018-12-24,-0.628892696367041,-2.595414027490173,2.9048066034288738,2.9253342040023393
2018-12-25,-0.4804358132421177,-2.5024871256947376,2.798072921720185,2.7944751490398696
2018-12-26,-0.6185535399446118,-2.159023091912491,2.704079342681039,1.9814482880231978
2018-12-27,-0.6554965293358773,-2.187419730451101,2.5211345091126467,1.8422646956256614
2018-12-28,-0.6418182131827047,-2.0555366541018705,2.2920578805511402,1.9054242043774194
2018-12-31,-3.0,-1.8925570661564004,1.9347654192922294,1.7657287162941955
2019-01-01,-0.24344273447246306,-1.8799377164046374,1.851793603373728,1.7334899427625345
2019-01-02,-3.0,-1.8012130464371978,1.428626648764252,1.6414219231978313
2019-01-03,-3.0,-1.9600187854771849,1.7198986643309042,1.9903594874215431
2019-01-04,-2.6623673160732872,-1.1487643226968425,1.0978858890243366,1.5278389874536016
2019-01-07,-2.5676154560330025,-0.7350519861294109,1.3590504383339714,1.454392596084096
2019-01-08,-2.418901852905586,-0.40718889254062945,1.218337153677637,1.3122267038267523
2019-01-09,-2.326050925365085,-0.47563039927995404,0.9826138865314407,1.3204600559783106
2019-01-10,-2.1984646473382767,-0.4268029614617393,0.616866896012066,1.2358727181745184
2019-01-11,-2.119391470211899,-0.5577505627041711,0.5723565420821103,1.2701083617101925
2019-01-14,-2.0168088222968663,-0.6175724233885947,0.7152607627104631,1.2802336524278093
2019-01-15,-2.0120698996601174,-0.2811246368197612,0.8818961821577318,1.127487966520523
2019-01-16,-1.9035057031361655,-0.08406762396391061,0.9707990980985008,1.1061865482556938
2019-01-17,-1.7946668891995181,0.27721569168818355,0.9821389616011245,0.9079485298759954
2019-01-18,-1.834899570549267,0.7485486297169794,1.1752212763731047,0.6990382107957734
2019-01-21,-1.756584717241259,0.9631097133912331,1.253928117553799,0.6966607172014401
2019-01-22,-1.7248411087302662,0.7469215515349414,1.6958873814016882,0.9132044831947433
2019-01-23,-1.69743184123975,0.8644970523895557,1.4570597985056868,0.8365774361590856
2019-01-24,-1.4983516245925428,0.8488194774392238,0.9629121184023747,0.8549363042193664
2019-01-25,-1.469990502103,1.0084959434124101,1.065696600098529,0.7019514732778054
2019-01-28,-1.4484817115564474,0.8530400969148634,1.1936973648834062,0.849092297689248
2019-01-29,-1.5254370956656205,0.7756151993990377,1.1464414091211261,0.7649205178370009
2019-01-30,-1.503172958478516,0.9635534621162568,0.9678476948423904,0.56342274283194
2019-01-31,-1.7045376095724554,1.0186976502714473,0.8325973641757536,0.5173268776191476
2019-02-01,-1.2124008831714213,1.01175375043848,0.7120701422786126,0.48117512908758514
2019-02-04,-1.3704063412956502,0.7161730178793264,0.40486871493288895,0.2498287420669989
2019-02-05,-1.3898587577019623,0.6880234115790902,0.32978231605029024,0.13447215166719556
2019-02-06,-1.3165917557826625,0.5651016728234413,0.18518928214279817,0.16526764535399416
2019-02-07,-1.3162657886063145,0.33552086978487805,-0.11102230855357954,0.3568676465319836
2019-02-08,-1.2792156228421239,0.37992238224017305,0.23282472821745984,0.2693217048345121
2019-02-11,-1.23751760648263,0.4597705732462778,0.3209093547107604,0.21853778997481213
2019-02-12,-1.270215444748462,0.6904073578999661,0.376917612560285,-0.06220927410177781
2019-02-13,-1.2592371180773334,0.6573511211805786,0.3359082762595792,-0.16375464990662875
2019-02-14,-1.8154618343056388,0.6351968797388428,0.20015788438983217,-0.07162534581926351
2019-02-15,-1.8944662697839423,0.8446944048305636,0.36422965913417965,-0.30032115460760506
2019-02-18,-1.7972792671095439,0.7556620129907852,0.2662453442361737,-0.2692575300778941
2019-02-19,-1.7164204478312848,0.741572228532895,0.19528193785854328,-0.28046334026727654
2019-02-20,-1.6991496492316076,0.9053123885531157,0.10099354416480155,-0.30096093780017075
2019-02-21,-1.762248817077341,0.7630846966332411,-0.28730498226400975,-0.25302949930602786
2019-02-22,-1.7185299082581689,0.8040575450967462,-0.20257907786327228,-0.29598896231768557
2019-02-25,-1.1152794710374456,0.6061647174877146,-0.15820566871408945,0.9802936531236139
2019-02-26,-1.2253654456300616,0.6122079529598627,-0.030190738552494576,1.0165335447238566
2019-02-27,-1.1817376663623596,0.6449084666046504,-0.12823613237265322,0.9684759741742947
2019-02-28,-0.7430424984350427,0.49948546809777006,-0.6082645938333487,0.9910362791682225
2019-03-01,-0.9450453463458567,0.8023748056677588,-0.428795195929917,0.8226248647427855
2019-03-04,-0.931918836417167,0.6742450039079271,-0.19431904580717746,0.9179039570561233
2019-03-05,-0.7287178851564767,0.5905273510551258,-0.2953546969798344,0.9319756204549859
2019-03-06,-0.6873512480182283,0.49401803234297154,-0.1476268520222624,1.0843017061631335
2019-03-07,-0.6613323428661337,0.31686063725012387,-0.16919624436307212,1.230874154629449
2019-03-08,-0.7998892403720671,0.36733797301835175,0.028544050449664,1.2294572183951291
2019-03-11,-0.619760252707371,0.6900534093499825,-0.25968425315510973,0.9561625978171493
2019-03-12,-0.7471032891230639,0.7952190975381389,-0.38078508272212885,1.0195240766674643
2019-03-13,-0.6309747214275162,0.8701408757871681,-0.37769809339874844,0.8938861145849781
2019-03-14,-0.6408363449896824,1.0025283510317182,-0.1789257593840972,0.8818332498609165
2019-03-15,-0.6638591752320107,1.0936714357690458,-0.3215765072644911,0.8620549900867204
2019-03-18,-0.6334672212694795,1.1291900479560468,-0.29191145250942657,0.9204122068133674
2019-03-19,-0.6236134477651204,1.2355744133911826,-0.1221216110879764,0.9133464990207153
2019-03-20,-0.603272206290078,1.3163211174759506,0.12850377445011293,1.0512982140779414
2019-03-21,-0.5086027326671112,1.4040421466153281,-0.3041259442929841,0.8088726573633833
2019-03-22,-0.48671341676733587,1.055329051210315,0.6058093896314981,0.9801089409966321
2019-03-25,-0.46875746487681663,0.7052330126787733,0.32605668653894765,0.926766268218632
2019-03-26,-1.1610553155963925,0.8381995053388634,-0.03792075455311835,0.7920238407782907
2019-03-27,-1.1240461438352052,0.744257231607845,0.07569376883343316,0.8499342140990294
2019-03-28,-1.1162004734419957,0.6813405193906737,-0.10788534924729586,0.7776433463524778
2019-03-29,-1.0386001654431465,0.8595381080499399,0.26348304410774576,0.7306866566262868
2019-03-31,-1.9014770412933781,0.9297126504567742,0.27705400740743613,1.256460855013618
2019-04-01,-1.6791903233956236,1.012809187457627,0.04316007740178575,0.45946488248222667
2019-04-02,-1.6348804283234863,0.9674096047583126,-0.25720973829384614,0.48372861079022844
2019-04-03,-1.8217784254265652,0.9173301614854084,-0.2311099300895,0.41668353729442525
2019-04-04,-1.7220226240756609,0.93897321074265,-0.34761025436460885,0.3842552643955128
2019-04-05,-1.6490545231696134,1.048228547414778,-0.3713447079699635,0.30469319529342465
2019-04-08,-1.6179928767265788,0.9555373343520233,-0.420053609472094,0.27800186464737214
2019-04-09,-1.6186636315252712,0.8359928197763712,-0.2296634277220007,0.4476959558605812
2019-04-10,-1.6992479322978098,0.8596419372950355,-0.3480954842337291,0.4368349695073571
2019-04-11,-1.5710846992788339,0.9345481178139932,-0.904519801152959,0.36215278253665384
2019-04-12,-1.5641504074855908,1.0617714385884698,-0.7012407269258073,0.14994989863870586
2019-04-15,-1.4987166210335257,0.9724153605137613,-0.6311647083423478,0.17897404470682735
2019-04-16,-1.5995370924471786,0.9228687506939102,-0.7870873732480602,0.15780561421597486
2019-04-17,-1.5515558357078247,0.8769901067884511,-0.7001643665413018,0.21050662916968302
2019-04-18,-1.463484377259531,0.8388504513096458,-0.9277889580192475,0.19683897129785122
2019-04-19,0.004742763611262892,1.018270597893998,-0.6162680121029926,0.1917656360391426
2019-04-22,-1.5577571269163937,1.0306025884574925,-0.6961556736518596,0.14521634533108949
2019-04-23,-1.4889550866984569,1.0140602313712939,-0.7744606957601854,-0.02035995837585902
2019-04-24,-1.442853891744939,0.932255262605362,-0.5516147566104352,0.11299356899829768
2019-04-25,-1.4567350869646658,0.8760347852005322,-0.7793952812957755,0.1138476740157122
2019-04-26,-1.2491023587793868,0.7961642030890769,-0.7557443946269177,0.030462885229989932
2019-04-29,-1.220685936086046,0.7578488848810792,-0.7324622992905492,-0.03447121013133244
2019-04-30,-1.730608342568563,0.6757644500080869,-0.3993916360164178,-0.02815204523516091
2019-05-01,-1.618781917247129,0.5196463587919831,-0.3100030206704593,0.1500853145341591
2019-05-02,-1.5417889977047283,0.4295316966931288,-0.8516232921207049,0.10456515641796092
2019-05-03,-1.4568104972619547,0.5768937275309916,-0.8855931431806394,-0.0875539668549001
2019-05-06,-1.338596079258898,0.4212245215858831,-0.2421408096345887,0.013564098892438113
2019-05-07,-1.2462476395618798,0.16814072041376232,0.6335875230123375,0.44287741001937203
2019-05-08,-1.1876135348270918,0.13222525563162454,0.5650538020160601,0.39608161076611637
2019-05-09,-1.1450068199979937,-0.04870291609486295,-0.285993406219363,0.460058338376226
2019-05-10,-1.198713373758331,-0.04683961427438015,-0.3520812899784052,0.4060982170348503
2019-05-13,-1.0236556555844476,-0.5879597731454866,0.5399121101369433,0.9708526588320912
2019-05-14,-0.9105723772561454,-0.42953674776024087,-0.07246906008981245,0.7474935973625233
2019-05-15,-1.0607443303793616,-0.45649800939620166,-0.37742279688185754,0.6563375350456416
2019-05-16,-0.9591390105890211,-0.1768980195903252,-0.06566964873903558,0.3916485230796809
2019-05-17,-0.8255466793496169,-0.26085693344937627,-0.5153847766600447,0.4533109838934061
2019-05-20,-0.7860423993331281,-0.2967987922146725,-0.48215778091149036,0.5630564741167888
2019-05-21,-0.7757247809155111,-0.1564525212476644,-0.7772494320628736,0.3974785066895176
2019-05-22,-0.7328836350832115,-0.2756989846506948,-0.8924862471141415,0.45419393613585723
2019-05-23,-0.8575559083782772,-0.5565385124244723,0.23880787302126846,0.6765860929695812
2019-05-24,-0.8370842922684983,-0.49783766943522406,-0.5778883988374179,0.6768644014331172
2019-05-27,0.7165089123492784,-0.48436051942706265,-0.5995706357261082,0.6853680567664258
2019-05-28,-0.7325213512909352,-0.6565626879999865,-0.2103723221039825,0.9293041358300657
2019-05-29,-0.6988926360877425,-0.8759896146263895,-0.19193458963036752,1.212338149354939
2019-05-30,-0.665047506923233,-0.8077273501212495,0.4135819763363409,1.2461768149615908
2019-05-31,-0.6840765088549808,-1.1166240932288063,0.20587461434769092,1.689172351573913
2019-06-03,-0.7149813762649663,-1.2012421151398045,0.1792947977960477,1.8443136800063156
2019-06-04,-0.690386932833917,-0.6312205718732685,-0.20235826548125146,1.2111174638302022
2019-06-05,-0.8581884229143141,-0.48765447168049747,-0.46891169986123227,1.0047267338054515
2019-06-06,-0.8510252544752943,-0.3903010223820406,0.5336872061051177,0.8143319083354628
2019-06-07,-0.962724874897165,-0.17190878341479787,-0.1159507652913805,0.6163449683515502
2019-06-10,-0.9235242440942822,0.026164573512665115,-0.26773878716286986,0.45991376544290935
2019-06-11,-0.8361609117573985,0.2534869501333387,0.032717098740283036,0.5044015102454654
2019-06-12,-0.8836728273744552,0.133126620492103,-0.050422886727369144,0.540809356657521
2019-06-13,-0.8842934870573922,0.22732234365287415,0.48676303747844557,0.352474501244927
2019-06-14,-0.7840143852589048,0.12412935853657629,-0.15828696673488488,0.30926633176755935
2019-06-17,-0.8760269730825077,0.09817114986054103,-0.16677485115103785,0.18801202621781354
2019-06-18,-0.8447292332737477,0.3656667348814295,0.02242149712614053,0.09285901242434094
2019-06-19,-0.8334289594958595,0.4393315476914972,0.055550110370711295,0.18699600879488254
2019-06-20,-0.87136386010848,0.721800064360866,0.4535356213762542,0.0927126343046024
2019-06-21,-0.8530305694471129,0.8853087536680059,0.6135848460999994,0.02656233917424933
2019-06-24,-0.7817637770854902,0.7034653767820955,0.481671449624075,0.13474137983803877
2019-06-25,-0.8531348949960278,0.3602469321620083,0.5291365076554607,0.36978756609182545
2019-06-26,-0.8139564250786032,0.38733535979053013,0.5561119987724117,0.36443455418030907
2019-06-27,-0.8069475086430419,0.4985970060512751,0.6089950458411311,0.3008028522792766
2019-06-28,-0.7967847710554918,0.620128060896218,0.5979615704109527,0.1322764185385417
2019-06-30,-1.4560338819325005,1.8373430242564899,0.7213377786645475,1.654069605835867
2019-07-01,-0.9620236264769232,1.0200066494358178,0.23250870952812622,-0.12496778706955074
2019-07-02,-0.9141497445454175,0.7647384860390628,-0.31180174300403074,-0.19979288485564173
2019-07-03,-0.9749559103814839,0.8414705300489681,-0.20012215555797505,-0.3097141082364561
2019-07-04,-0.9386893802616227,0.7767236283993144,-0.40362546166784324,-0.280005950167593
2019-07-05,-0.8446380117014154,0.6715495186332345,-0.4864031251392325,-0.33194025944547895
2019-07-08,-0.784135320894949,0.39318693203035443,-0.6782419714594417,-0.33365775533298137
2019-07-09,-0.7916234672087353,0.3386775676787209,-0.772059655248025,-0.38245899065396133
2019-07-10,-0.7741263594052338,0.4463693327920826,-0.6870386243314835,-0.3952909389603547
2019-07-11,-0.6430163203714484,0.4103526507404449,-0.7995944576406897,-0.4527644288507395
2019-07-12,-0.608847667586759,0.441227929552443,-1.0154593597961412,-0.5552394607289582
2019-07-15,-0.5614002602279597,0.4597851893816043,-0.8093547663861486,-0.4592985255635655
2019-07-16,-0.5075627316638004,0.2872664356360642,-0.997080379770971,-0.3977327751604667
2019-07-17,-0.5317101871280405,0.1307107080996814,-0.6792112873092631,-0.24961762508974591
2019-07-18,-0.45280362921279516,-0.03835792137325377,-0.5548661608109103,-0.2291401079865622
2019-07-19,-0.4255602237562183,-0.15618451619620075,-0.5607228280462445,-0.06631951255377423
2019-07-22,-0.41160786900238944,-0.02843418497567344,-0.7617069215390296,-0.157853104181729
2019-07-23,-0.4555588735959076,0.22507082102753592,-0.906363981303366,-0.30697328223280723
2019-07-24,-0.5057683547064052,0.22217224646089895,-1.1150493876358922,-0.3681468837771301
2019-07-25,-0.364685531895707,0.23117734303193355,-0.5233907898445466,-0.30544382529381703
2019-07-26,-0.2894068364723014,0.3529390156108136,-1.0751750309035282,-0.5278954763486041
2019-07-29,-0.27730931933213565,0.32005987600575225,-0.8541981332610527,-0.4798132539163978
2019-07-30,-0.19515541672071085,0.18175129407676854,-0.5379071279208922,-0.39561399777166156
2019-07-31,-0.3551791251514838,0.054507444183173374,0.1724242631325369,-0.12299527211075016
2019-08-01,-0.3325010940042232,-0.21937403855509813,-0.11970302706711897,0.15365713385220864
2019-08-02,-0.31112209759677656,-0.29937183229389164,0.35016592506033384,0.29047973986952813
2019-08-05,-0.284902154864081,-0.9970877476469813,2.4706830288936046,1.2105937831073765
2019-08-06,-0.262031423141959,-0.7217172811585496,1.0453439573894288,0.8054817844887808
2019-08-07,-0.22934082337002087,-0.6777200046545748,0.9443162549277472,0.9242483442453295
2019-08-08,-0.19642287449204537,-0.23966686241250415,1.1844121405738919,0.3814403373693814
2019-08-09,-0.16634249244996405,-0.3517727553876625,0.3585419020116838,0.5793232951297212
2019-08-12,-0.06332525647905769,-0.6448124877039043,1.170861248026661,1.019874166486011
2019-08-13,0.03474795416929049,-0.2676310799681657,0.3112099215417699,0.42610331882891456
2019-08-14,0.07796405258516098,-0.9436920667889774,1.5984374198743845,1.472538722806968
2019-08-15,0.21109628454396479,-0.8451335986363901,2.1633326974200866,1.381757950656057
2019-08-16,0.16810282121917583,-0.5203767058372321,0.9102081821637297,0.9758554829096092
2019-08-19,0.2633960223094703,-0.22651961164545767,0.42289612077236477,0.6591561722288413
2019-08-20,0.3210514420690094,-0.31601543523624454,0.49253113378225377,0.9512681577998575
2019-08-21,0.3289672979587072,-0.11907359681963921,-0.20533794932345964,0.6269982155446772
2019-08-22,0.2553591432493479,-0.03362909582539777,0.650482661909799,0.5512991020671306
2019-08-23,0.2608614549408403,-0.5018286330597147,0.9696075716629341,1.579741254274612
2019-08-26,0.2758901769864219,-0.2902993992252056,0.8048476368978267,1.0620890537942886
2019-08-27,0.3236080713604433,-0.19814729557947658,1.3237008540000896,1.2948927482759116
2019-08-28,0.3279425562326298,0.02356756035097113,1.0611670958783597,1.133025779699876
2019-08-29,0.3026699272277823,0.17819796964032486,1.2072488540616044,0.7215020498638117
2019-08-30,0.36624289863979337,0.25525206010814444,1.079735043425656,0.7239700133569162
2019-08-31,0.0921392142679565,0.6063341390206742,1.0698091348847503,3.0
2019-09-02,0.354348692170628,0.6066721495676435,1.2204636519561374,0.6609454161821472
2019-09-03,0.31765195163180787,0.12417980970769829,1.258681192390127,0.8040340896974281
2019-09-04,0.36060954890767655,0.3273963314822692,0.6331419441461479,0.5223593320730847
2019-09-05,0.6016691782204798,0.4459599278883816,0.761359999219881,0.1459865250298032
2019-09-06,0.5685962221667151,0.5679870119392738,0.0035804603621739355,0.1390159256114745
2019-09-09,0.591669305527349,0.7451266347251873,0.17517440569024717,0.07459170993086542
2019-09-10,0.5712704857472998,0.5593271666287882,0.018747179411096326,-0.052334288847926
2019-09-11,0.579973998611958,0.9557889849494304,0.022286449364299795,-0.24350392251552488
2019-09-12,0.7329970640942115,0.9592696211663335,-0.10950469159357085,-0.33903274003282524
2019-09-13,0.7189395743181032,0.8127192243925166,-0.5731169859266004,-0.3915869835711222
2019-09-16,0.698738554026066,0.6790208349073101,-0.04669330901981904,-0.21255886985575978
2019-09-17,0.8125921964779035,0.6998513399724384,0.10445817446806772,-0.33990653561808903
2019-09-18,1.0638368011306212,0.5247754480728576,-0.0023046564717077497,-0.4148830719696102
2019-09-19,1.0949347058959034,0.4609840493618957,-0.6823314066156088,-0.3936761187923081
2019-09-20,1.107427645140874,0.46876475540649853,-0.13205547673842297,-0.17134240526871594
2019-09-23,1.1633211016228528,0.3575973408448875,-0.35127440706585067,-0.13907603539045266
2019-09-24,1.1223113139529404,0.12582196528040346,0.3893697622900646,0.13500927909370966
2019-09-25,1.1847921099957384,0.1567842866857396,0.0831945143723089,-0.17098044264996265
2019-09-26,1.1760294082608795,-0.09947649547450033,0.23474509252288195,-0.09941272868617113
2019-09-27,1.185583379698019,-0.19373772099405856,0.12039776002448682,-0.05378243626893161
2019-09-30,0.657399536472382,0.028190238723544214,0.35470786830628986,-0.18209202644692296
2019-10-01,0.5404734777121932,-0.28741205826352784,0.7605306891994517,0.2444127893980955
2019-10-02,0.5369362882945804,-0.575074131734596,1.476676289721143,0.8788962344560648
2019-10-03,0.43401792461611316,-0.685822166682248,1.5661857507285797,0.6823768227223245
2019-10-04,0.417195085746667,-0.5879023440550938,0.3145481515541034,0.2327257021217631
2019-10-07,0.385269486351835,-0.5642577231692125,0.38685249358176,0.3309541440961287
2019-10-08,0.38683273509602395,-0.9599328388609009,1.1559372888368573,0.8649252850020639
2019-10-09,0.37324858589850807,-0.8030478338790888,0.6491553366856793,0.42442796970251534
2019-10-10,0.2448996403596567,-0.5494447286118868,1.2604949774766263,0.11184558539593173
2019-10-11,0.32571794957763023,-0.040467262857585874,-0.2010076021585785,-0.22269772390997516
2019-10-14,0.33332530279817807,-0.1661497725345069,-0.577361342939779,-0.1547213685480788
2019-10-15,0.35473763631239114,0.13625967214447823,-0.6852278255069937,-0.4327546962269185
2019-10-16,0.31983344549913906,0.18120961530200022,-0.5472121482029285,-0.29808971158417896
2019-10-17,0.21913152640229594,0.11955264440024256,-0.5415370769606239,-0.3125349709570747
2019-10-18,0.13546449421294654,-0.06428296059150837,-0.5081783720281232,-0.24444592618087954
2019-10-21,0.13846128703015206,0.027568884552818158,-0.6393902485143337,-0.4669717790672254
2019-10-22,0.12122345072312463,-0.004581031149568862,-0.5159749144881361,-0.2933003764607641
2019-10-23,0.12269838052456085,0.09275416128238637,-0.5795090111878323,-0.38227401104180186
2019-10-24,0.12463309550136373,0.11985910800693034,-0.7826796187687498,-0.3690109904830316
2019-10-25,0.10753917233999785,0.2673143717256801,-1.0033785099646608,-0.4956602704373039
2019-10-28,0.06453344059892999,0.589093299606199,-0.5813258500119818,-0.75034846526654
2019-10-29,0.0820167714881111,0.6662688117706795,-0.5003972076154628,-0.7237859344101886
2019-10-30,0.2162743852116209,0.9228133286055507,-0.33978065345969505,-0.8300861210940096
2019-10-31,0.4642450418590689,0.9085092513252775,-0.21270149926906423,-0.5998981885861868
2019-11-01,0.45270895575069886,1.3075018393351365,-0.46294826119295596,-0.831624941388439
2019-11-04,0.40671670070677246,1.347758533912209,-0.5357785109494194,-0.8375609821991392
2019-11-05,0.44091277691595704,1.1955412560794763,-0.3998348624597047,-0.8302733519342931
2019-11-06,0.4362387386094354,1.3982640781265783,-0.36281655378912137,-0.8037660088549947
2019-11-07,0.4316884582658978,1.4692727946739768,-1.077044696051204,-1.0015011583553806
2019-11-08,0.4185137598105661,1.4132632514479568,-0.7018787959167182,-1.0843085498947613
2019-11-11,0.3730302769149437,1.2757665281202235,-0.6441195524395836,-1.1284219827136959
2019-11-12,0.40669383969408984,1.1726913991050671,-0.860559941765725,-1.108219938226585
2019-11-13,0.45315072447766536,0.8172105640618438,-0.9111653619142986,-1.1887025398173718
2019-11-14,0.4434118157609891,0.7218812860262073,-1.2025656471032256,-1.1615671386995214
2019-11-15,0.25566616577694373,0.7122330373124548,-1.22405170372073,-1.2796843240817761
2019-11-18,0.1874171232638873,0.629935344952062,-1.1386393168301536,-1.2514307103390894
2019-11-19,0.28405067332309186,0.5182190123177818,-0.9375247889199357,-1.2552259101976369
2019-11-20,0.2989959206765919,0.3298246169917567,-1.061122613269419,-1.1511985398153672
2019-11-21,0.20178250777138215,0.42041581318737575,-0.8736909104761101,-1.2443314846072302
2019-11-22,0.32087700956457094,0.5446351342754987,-1.2475356717661354,-1.2193916399631692
2019-11-25,0.26771427031579637,0.6447960178601496,-1.445812999237815,-1.2971321449577338
2019-11-26,0.34000362728285727,0.7839792525592203,-1.492007782928853,-1.3279048052967397
2019-11-27,0.5587990437646302,0.9222275761646282,-1.3630821390052053,-1.2955604666002802
2019-11-28,0.5691069847332895,1.0300474013950134,-1.3459989199075209,-1.2976252014626473
2019-11-29,0.560672691955497,1.1453716901619408,-0.5992029898627015,-1.2794182581532927
2019-11-30,0.4889779060306746,0.44756024713230874,-0.918660052624056,0.44119513152578715
2019-12-02,0.24470148709730744,0.5444662434916495,-0.3082948221571828,-1.133460990609286
2019-12-03,0.21221837035099878,0.30803750126608587,-0.08490772996293881,-0.8893883665833673
2019-12-04,-0.008311142824690122,0.7890890743478117,-0.3703254715994562,-1.0266558115392064
2019-12-05,0.021928350955236982,0.7538684463630138,-0.36314996458512916,-1.037214154369562
2019-12-06,0.2216095423316242,1.201434685380687,-0.7300729766190902,-1.228058133355455
2019-12-09,0.15630216293161217,1.1246981517054402,-0.16184614631352726,-1.1215388127851516
2019-12-10,0.15577200060221594,1.2536918119843756,-0.2929449723229121,-1.093762448056706
2019-12-11,0.15805566073909474,1.7191932661903926,0.04508876722339723,-1.0353729796431022
2019-12-12,-0.0427643391306192,2.050785597086685,-0.5928436428389741,-1.3125626649975148
2019-12-13,-0.15038682280871013,1.7675004793601534,-0.7406345530461431,-1.0811282418042172
2019-12-16,-0.19016411786492965,2.0278750695727252,-0.6549598050246076,-1.2955968654833625
2019-12-17,0.05113740367758921,2.1123510177323186,-0.5199286682046521,-1.1519469655507075
2019-12-18,0.04701167459217366,2.1959319229087435,-0.3928768297422152,-1.123668543047651
2019-12-19,-0.05670230940667438,2.1572525735823738,-1.1260838269274218,-1.1849658984292046
2019-12-20,0.05405613840642226,2.1162319929736917,-0.44082411408490996,-1.2555383045899895
2019-12-23,0.04748910271089238,2.1270298486126467,-0.38387436403953346,-1.244487053007597
2019-12-24,0.052679930522524336,1.9601815975446053,-0.2067557251141464,-1.1953086324732431
2019-12-25,1.1301521292409658,1.8126967299923058,-0.3081791578548708,-1.1806036448922113
2019-12-26,0.08612579763924781,1.8237435082838263,-0.959189347945359,-1.2554096991171846
2019-12-27,0.1310280669114998,1.8846572125275098,0.2635658962144072,-1.1863775914250725
2019-12-30,0.23184655028374287,1.6979274799781887,0.7925461352493641,-1.0663763789944045
2019-12-31,0.5930695707690214,1.6146489938550377,0.07323175743076442,-1.1480719634733194
2020-01-01,1.18658678602742,1.6653652529717295,0.13559781208439806,-1.1403083478706755
2020-01-02,0.5604605856564465,1.7030417957219013,-0.6187203351516427,-1.0872043747135
2020-01-03,0.441986501823677,1.4592212881172748,0.32092842659904575,-0.9079102584548053
2020-01-06,0.5230967681816078,1.3230894942870461,-0.007766856929704461,-1.076108397940723
2020-01-07,0.6062122504679369,1.1392206979852668,-0.15202744979773516,-1.0409527995996062
2020-01-08,0.7056226400516865,1.1693225328978067,-0.42347651022533905,-1.1838625282548274
2020-01-09,0.7330778357769502,1.2051162468782581,-0.8022578406416524,-1.1507477752696442
2020-01-10,0.7198728693201707,0.9679048009379594,-1.1708540814910893,-0.9777931949593872
2020-01-13,0.7348221866146301,1.0255867522426594,-1.410722894223108,-1.0452818056524318
2020-01-14,0.5334389352512802,0.8507418441141812,-1.5164347227221857,-0.9708455072768147
2020-01-15,0.5511693189441715,0.8553978196355468,-1.5571164883551025,-1.0183297725722802
2020-01-16,0.794474138099047,0.8858841938171333,-1.6881827649625192,-1.167079685317741
2020-01-17,0.9360437165415546,0.9176145894693203,-1.728747243502758,-1.2031546325723688
2020-01-20,0.9250401662512903,0.8679814871005508,-1.7051593096288638,-1.1965886237710068
2020-01-21,0.8971543220489928,0.6399743764410967,-1.481212667091063,-1.1728136072427704
2020-01-22,0.8519980942634683,0.5733039143964878,-1.5204056167038882,-1.1507366642532313
2020-01-23,0.8483467329580162,0.4267845556457809,-1.896910133485181,-1.2235206992782197
2020-01-24,0.8266523295493098,0.12315250274678408,-1.0081834110308736,-1.0532150288867275
2020-01-27,0.7670014755897051,-0.43774718042405963,0.18229139846274808,-0.785978787365056
2020-01-28,0.7688412649871763,-0.02798240794977023,-0.5025951145420312,-1.006466238057015
2020-01-29,0.7216325363680703,-0.11216947811533566,-0.5883231017031375,-0.9786485075287322
2020-01-30,0.6202971602853385,-0.19830862227166865,-0.1723058699646864,-1.222667079141659
2020-01-31,1.4139318152697582,-0.572580035281583,0.5088714164199173,-0.8324399236185628
2020-02-03,1.541893754716188,-0.37765189383868963,0.09093164009041592,-1.087834873629423
2020-02-04,1.5524595699213446,-0.07213236402511386,-0.48406739609513,-1.243339310656884
2020-02-05,1.9290016056965869,0.19620361493511115,-0.6605682803806688,-1.3909217905115507
2020-02-06,1.9108071636457635,0.2326595761704514,-0.3518169836208517,-1.3289474428521646
2020-02-07,1.986163081417291,0.05986122185062426,-0.6259265933229142,-1.229389684277929
2020-02-10,1.924336986764599,0.1727675380148131,-0.7277976307594978,-1.325447657634983
2020-02-11,1.8637432234692553,0.2894329840439837,-0.7171316473742501,-1.3074425014731341
2020-02-12,1.8148736728521164,0.39415256627770034,-1.2509412164318774,-1.3686395351366016
2020-02-13,1.7411869045973793,0.4116381333268502,-1.252996551991022,-1.3001502625614108
2020-02-14,1.7186333022391493,0.42448780974411454,-1.2179155977147333,-1.2924222755541241
2020-02-17,1.6380455913835674,0.42683370957544825,-1.2096300874783676,-1.262743585361106
2020-02-18,1.6222813957678694,0.2175988815821376,-0.8840636698957184,-1.258665538438596
2020-02-19,1.8205876826441567,0.4067858713528804,-1.0805438511350756,-1.2137958049525341
2020-02-20,1.8697818094564185,0.24600303101736465,-0.8054601734300002,-1.2443622225586928
2020-02-21,1.6403141307168105,0.12207894064539966,-0.09552472605384692,-1.070645976528496
2020-02-24,2.9779573195629925,-0.7628634538360818,2.5247655325280105,0.9860586909342361
2020-02-25,2.852773304051231,-0.852159091091223,3.0,1.7060422039624041
2020-02-26,2.8264925160532384,-1.2746399442197662,2.9750114175592377,1.6857632647150622
2020-02-27,2.872951713508926,-2.1085504716869976,3.0,2.941636274064747
2020-02-28,2.899452785850931,-2.325714234559601,3.0,2.917155272869403
2020-02-29,2.227407522065907,-3.0,3.0,3.0
2020-03-02,2.726740261287966,-1.6900420568757775,3.0,1.567923470548914
2020-03-03,2.661678578650936,-2.067106502579453,3.0,2.5221496893401505
2020-03-04,2.6622463623646313,-1.6255521608939618,3.0,1.350482255349634
2020-03-05,2.547918200642253,-2.0853571744295607,2.2868592070609965,2.2920331070079345
2020-03-06,2.649633077597991,-2.1143081870972873,2.736514196659213,2.5784591756142627
2020-03-09,2.547947857424329,-2.412149216162791,2.648118673159685,3.0
2020-03-10,2.50291156308696,-2.0926570953836934,2.5671595138613745,2.2624029851889658
2020-03-11,2.3913969798350294,-2.1965065383189333,2.4926348806297836,2.8618805460331953
2020-03-12,2.3329174474431915,-2.1959191866511496,2.482254602811989,3.0
2020-03-13,2.2405803418517536,-2.0828538650723036,2.3565662009420127,2.2369401485937965
2020-03-16,1.9192956332472768,-2.0994064830453922,1.921677831135298,2.8434470402969825
2020-03-17,1.7863112475013527,-2.063932413676044,2.090556325390809,2.1598237391956596
2020-03-18,1.7656030970113996,-2.102620276893927,1.8685669166347314,2.3146209600933645
2020-03-19,1.4635437126053372,-2.0545176711057738,1.8335323490598467,2.006955810707731
2020-03-20,1.4548119417435386,-2.0576653615913085,1.7717500156744166,2.4212871338464477
2020-03-23,1.3490287580188967,-2.0757197204956706,1.7592672765696222,2.0144399068726906
2020-03-24,0.6469475233846059,-2.1158059109290392,1.7366317426044326,1.5916243958543645
2020-03-25,0.5815511129712754,-2.1689265183370265,1.7439494256123673,1.5992271762478667
2020-03-26,-0.2140162494756828,-2.017936024675637,1.8699776284181329,1.041228579123571
2020-03-27,-0.27102936981633613,-2.1846098038791677,1.6840007224459164,1.3023784919396946
2020-03-30,-0.3240083799179193,-2.100424222042558,1.6407549652664684,0.7325862749564002
2020-03-31,-1.1327374675586985,-2.022488568721503,1.6003683582289983,0.8761401949638492
2020-04-01,-0.7661138771615459,-2.0978284045772932,1.6003872025993817,1.2561209740884134
2020-04-02,-1.462897726715123,-1.9398346619545523,1.5666136516199713,0.9588444102699178
2020-04-03,-1.5650856820697487,-1.9960860369934796,1.5722200846655447,1.0559196749617448
2020-04-06,-1.5740173297212297,-1.8425839686246088,1.509879321417209,0.11112461864719242
2020-04-07,-1.5379128866314837,-1.578435787183024,1.6963328354799951,0.0652016510627027
2020-04-08,-1.507204629210913,-1.3857365277287081,1.5070336994830142,-0.391515029907118
2020-04-09,-1.785261042864754,-1.0371842053050533,1.3919959190588194,-0.5234612619726625
2020-04-10,-1.909446731920413,-0.8991579879827123,1.69933578263241,-0.5119862524248916
2020-04-13,-1.8920795500583694,-0.9205032539537651,1.3534549199915127,-0.4402801464209702
2020-04-14,-1.8726713965791801,-0.5528626221631653,1.2249907587020918,-0.712133721377395
2020-04-15,-2.0640196156500594,-0.8000252295661435,1.2643914314161715,-0.5290613659208382
2020-04-16,-2.012552071257934,-0.5588412071306958,1.142841045120539,-0.7086755822360429
2020-04-17,-1.9691024819387175,-0.19109717335721801,1.241953497018136,-0.9151364800486153
2020-04-20,-1.9278879706512286,-0.27583215851921816,1.5696959141158973,-0.8055708724374276
2020-04-21,-1.8887180268288455,-0.2874343186695168,1.6260694022532671,-0.576738013382992
2020-04-22,-1.8514242379474497,-0.4019105124555559,1.1487338360354005,-0.7043440246859911
2020-04-23,-1.8158570930104596,-0.48565723917438214,1.2369701351355515,-0.6878664860887567
2020-04-24,-1.595604055093068,-0.6545540322457392,0.3960334273046706,-0.803288006445155
2020-04-27,-1.5655663032070712,-0.6232100093265889,0.29730864835735543,-0.8619444567075474
2020-04-28,-1.5057864661936937,-0.6329506949481265,0.30516458178875355,-0.7648283344216804
2020-04-29,-1.5371860977553677,-0.3734659516792753,0.23861117280294,-0.8878200391126054
2020-04-30,-2.6162811039466507,-0.304231510854334,0.6627825906270375,-0.8563627124804971
2020-05-01,-2.528961218694804,-0.46099189396814105,0.6640056510091946,-0.7050922259467183
2020-05-04,-2.4461052044878104,-0.44108259054506943,0.5768239716668192,-0.8227933041225013
2020-05-05,-2.351674841608329,-0.35874801454184707,0.28551092515314247,-0.8525366344183346
2020-05-06,-2.0000975912525907,-0.4896489543369785,0.21929331967937485,-0.8101898970727829
2020-05-07,-1.9378057162260107,-0.44264287750514786,0.5961003543777597,-0.8450658427959223
2020-05-08,-1.5005267453297668,-0.5704755846819317,-0.3513854965537421,-0.9166869643239839
2020-05-11,-1.4861512711706164,-0.5502533325451006,-0.4050602457744043,-0.9086596492336081
2020-05-12,-1.478372952854881,-0.6731277749206487,0.01614676139253946,-0.7945270421641498
2020-05-13,-1.3806033907772186,-0.8409006721931384,0.12121338831630958,-0.6233961982965316
2020-05-14,-1.353009939476012,-0.7281510229948387,0.5342832855235343,-0.7397992667037717
2020-05-15,-1.4811699299103989,-0.7015555113048363,-0.08752475184936324,-0.7433206762672588
2020-05-18,-1.4464853880329411,-0.46691676853515174,-0.21593694979317354,-0.9252340724798466
2020-05-19,-1.3369764450157502,-0.3950810451217118,-0.06439557479443567,-0.7774421619612625
2020-05-20,-1.256949863473499,-0.11917360946851675,-0.09557863509434807,-1.0391844829379548
2020-05-21,-1.129860596536682,-0.11469539000010956,0.30419727315565204,-1.0098046394335942
2020-05-22,-1.0766733647713622,-0.06923626548462004,-0.105332898875411,-1.0999372443365067
2020-05-25,0.5342910318828357,0.025189228380189554,-0.04409217490003089,-1.0528812623593
2020-05-26,-1.0081039054366245,0.2814076713464816,0.028779601281809904,-1.0798034937500016
2020-05-27,-0.9382989493814281,0.3874501723393193,0.02891766690920293,-1.1370847354541402
2020-05-28,-0.7695897182984077,0.316149424791716,0.19183902699972727,-1.1136268326301335
2020-05-29,-0.7157738480342404,0.3473266239603483,0.05509805067266863,-1.0916785330707506
2020-05-31,-0.5183984196211462,1.0874030099290917,0.06846357726136902,0.9036009147304361
2020-06-01,-0.38964232908707896,0.43217048979434103,0.2670709113576232,-0.9294038775901177
2020-06-02,-0.37292562239633814,0.6368418197655238,0.27365442895660896,-0.9443306011729532
2020-06-03,0.12006808144517213,0.9736024569799444,0.40005806005253675,-0.9913568537438466
2020-06-04,0.12676437891524828,1.0000437883932822,0.28134423575014134,-0.9957356368766893
2020-06-05,0.5588158938655858,1.20029198093247,0.4063670571558462,-1.1336074796590896
2020-06-08,0.5929626042997594,1.3862031832681136,0.6007286958597614,-1.1556861412468789
2020-06-09,0.6059106574415067,1.224306463724789,0.4254143119915261,-1.0585503003102608
2020-06-10,0.5884596437757414,1.1638708172491208,0.682100855353087,-0.943268390702279
2020-06-11,0.6733526423619198,0.9146167500663961,1.1956111439584236,-0.5696015178709183
2020-06-12,0.7279567360555758,1.0094862226557013,1.338367658195671,-0.7114391898263575
2020-06-15,0.8679588123619046,1.1124419227905469,1.2740129681396664,-0.7936084868866807
2020-06-16,0.9863895238948946,1.2951268377641794,1.2095137473525277,-0.8270351753838812
2020-06-17,0.9349636640007432,1.142487507290829,1.1129174440824372,-0.7859100757272831
2020-06-18,1.011780260509635,0.9908975794905689,1.1388895788388782,-0.7453570147912307
2020-06-19,1.0229332415900978,0.8090593039579657,0.9077077744194363,-0.6632365476871508
2020-06-22,1.0802766180614853,0.7501812774539903,0.52034610236487,-0.6449388354512646
2020-06-23,1.0724505946766172,0.6169274606880499,0.5154677746920624,-0.5995358431477896
2020-06-24,1.0759009815173177,0.4619278821780632,0.6284790478782217,-0.43993673169439174
2020-06-25,1.0604120131408818,0.4911743365681308,0.9327404425296127,-0.5346054069895576
2020-06-26,1.0561194580726494,0.41187422243735333,0.804138634776351,-0.3525791725314271
2020-06-29,1.0503884344452243,0.4931625379821491,0.5468354375372749,-0.44724137353199594
2020-06-30,2.0291092029565654,0.5450074452257465,0.4879580078691976,-0.5590773819284571
2020-07-01,1.9767891804612592,0.4923514030959152,0.20348209327566355,-0.5512597646969727
2020-07-02,1.9306697826541468,0.35337563372057573,0.518745828775798,-0.47045170781843193
2020-07-03,1.8973600073076777,0.3167342269494723,-0.03062624332828998,-0.43658069316452275
2020-07-06,1.8533840928727763,0.2408938611253164,-0.1669589983155368,-0.44022809787622974
2020-07-07,1.8173958608131584,0.16756980311084074,-0.0969581774749423,-0.37965214734302744
2020-07-08,1.7799775043596529,0.3263252471895686,-0.04889062054332115,-0.40254768705171756
2020-07-09,1.7483711747052575,0.26324091278328254,0.2622752495394403,-0.3164712475855323
2020-07-10,1.7122243868521536,0.3496399968031585,-0.02276300573431008,-0.4278038247346649
2020-07-13,1.6810989980453452,0.3434904805894499,0.330608021616334,-0.31923694220025167
2020-07-14,1.6412874641243924,0.34951201989276015,0.03842913671297205,-0.4475940448761402
2020-07-15,1.612483952445771,0.42685129198149435,0.07252325737909736,-0.49125226065917527
2020-07-16,1.5868304016721346,0.48325731957419654,0.3493292220789735,-0.5238892648415405
2020-07-17,1.5569990680209425,0.6445972059535546,-0.03706141789654669,-0.48570994971888987
2020-07-20,1.5348772668392674,0.7402409139165529,-0.09991141445163061,-0.49260859749098346
2020-07-21,1.4848346675101491,0.8498943165234351,-0.04923364807629702,-0.411770176896882
2020-07-22,1.4737286913389531,0.9458839168683102,-0.1263121251931239,-0.44544935927538915
2020-07-23,1.466415588128486,0.7933481663572677,0.43520188390105746,-0.3371335833229098
2020-07-24,1.4538528206799592,0.7442789417470619,-0.060427458363681914,-0.328278995459894
2020-07-27,1.4351177584540018,0.7185728922729926,-0.09266475390437366,-0.3524953041991516
2020-07-28,1.4212569469499141,0.7746396206987066,0.010245713407568214,-0.24528788358472162
2020-07-29,1.4083686558703838,0.9857015930755539,-0.0765397439815581,-0.28123336847185026
2020-07-30,1.4167816687573709,0.8833168510980985,0.5849750053077698,-0.21954872800868722
2020-07-31,1.4497588404993877,0.9721240540314271,-0.02932960608302923,-0.21726861298283281
2020-08-03,1.3781922342190442,0.9937845047150021,-0.11346641731872444,-0.25765575372433086
2020-08-04,1.360751470058242,0.9083638565256498,-0.20565566332285293,-0.22480328958716403
2020-08-05,1.3007123217151357,0.9640533826103963,-0.13487824855544983,-0.22143722269742444
2020-08-06,1.2888879602106886,1.0081989127497974,0.3539141721316822,-0.24009903793535747
2020-08-07,1.2744345074467944,1.073370042972983,-0.1614799525380449,-0.3313824027998955
2020-08-10,1.2654775016329776,1.1090404978003148,-0.20385111062297426,-0.37709402526090474
2020-08-11,1.237040247432145,1.0436319665752767,-0.04481327743991717,-0.3228322258465156
2020-08-12,1.291185295388407,1.0546600421847325,-0.2719142267621937,-0.42775283732610453
2020-08-13,1.2707784225434584,0.896554443482106,-0.08381788273837583,-0.41835989065218204
2020-08-14,1.258637875993749,0.807823758274411,-0.4172403444913162,-0.4424432406409418
2020-08-17,1.1874728011695386,0.7569525702931331,-0.4418353137483862,-0.40127387695474237
2020-08-18,1.2052337065029128,0.7622938673503381,-0.42081997383442704,-0.36122408017250535
2020-08-19,1.184399841787322,0.6414312573757852,-0.3598347712728951,-0.6639202580535106
2020-08-20,1.1329556364136515,0.6405838340311497,-0.12194451692978543,-0.7541163768688598
2020-08-21,1.142594047277234,0.5778175623229603,-0.4363380173211287,-0.7083400333143574
2020-08-24,1.05882837792411,0.5870183762805274,-0.44574518566530713,-0.7069019419445012
2020-08-25,1.0336902472167768,0.6203778967224421,-0.5142902123578289,-0.7074343504189717
2020-08-26,1.0125335187189346,0.6741453153607692,-0.38406646255751026,-0.7437372585673675
2020-08-27,0.9967887060778178,0.6374985379881599,-0.19125780783038485,-0.7828331582855791
2020-08-28,0.9544620288795432,0.5873467550209244,-0.5416925855197092,-0.7685019587162074
2020-08-31,0.8788929621367658,0.5278347264805614,-0.22713984779124372,-0.764106531117898
2020-09-01,0.8637827456431673,0.6013377021275101,-0.20627788460185603,-0.7301647655888291
2020-09-02,0.8174761129991439,0.6153601419705497,-0.24221751425455537,-0.8365595971778148
2020-09-03,0.8039653750972415,0.23734279909812983,0.4559001453715993,-0.6682391101692359
2020-09-04,0.785394338257622,0.23254131005723574,0.11645734748445742,-0.670437809417577
2020-09-07,0.7614289056872339,0.23472328016283517,0.09333572745426241,-0.6757158109409337
2020-09-08,0.7442422426380636,0.2255058298720655,0.20637756810214264,-0.45351385923599036
2020-09-09,0.7320667042021074,0.32042214343890363,-0.039548594792745875,-0.622630721095327
2020-09-10,0.7179092341557793,0.2619920862503332,0.5452057756709416,-0.460394023182552
2020-09-11,0.7378550148630483,0.25777596619108,-0.21595194619521904,-0.4662726946947511
2020-09-14,0.7096944662144282,0.3989927868229248,-0.2813534263080437,-0.5265638070072479
2020-09-15,0.6893271776706109,0.48655150341780484,-0.26365955895482185,-0.5278173173520123
2020-09-16,0.6737711364045502,0.48578476150051236,-0.18407341758731208,-0.4696345585360617
2020-09-17,0.636594869541796,0.4383678027816833,0.00636127967292576,-0.45197555306268267
2020-09-18,0.6355152599143864,0.4274457160768448,-0.22701509707800285,-0.34099563042794534
2020-09-21,0.6084329758597216,0.31032811168920665,-0.03912540166386536,-0.3401935814133203
2020-09-22,0.6024836407519134,0.2728164937347823,-0.21496617155311137,-0.4534992918998179
2020-09-23,0.5939052442330154,0.1733335600430987,-0.08726439850644416,-0.29505810929249143
2020-09-24,0.6177234463362357,0.1868571140429623,0.41394335931160214,-0.3931680581786266
2020-09-25,0.6050069354881762,0.18193512393793485,-0.35040512821007974,-0.499713001487858
2020-09-28,0.5686621093894592,0.2875715297101672,-0.3823677324815871,-0.585036144305114
2020-09-29,0.582199637780429,0.19122432057168381,-0.4238729479563865,-0.5000552465244763
2020-09-30,0.5886877421964496,0.26270835954726574,-0.43166187359092856,-0.557295068704242
2020-10-01,0.5689420085756403,0.2616149533391338,0.04780631980546579,-0.5724674048948449
2020-10-02,0.5571029441690395,0.19382419895859065,-0.22943787107731398,-0.497883859605052
2020-10-05,0.529659031738761,0.3348589379976923,-0.21765407865731168,-0.667498096498713
2020-10-06,0.5197787406597553,0.31074066932961586,-0.02801097493798916,-0.4835601250109221
2020-10-07,0.5022098076248511,0.3789174776940561,-0.12130617110546235,-0.6289091992320328
2020-10-08,0.4850941184591678,0.4940761801600647,-0.2510074419147437,-0.612290477824327
2020-10-09,0.4698024533957589,0.5033385674035991,-0.39064445724989755,-0.6736332644278624
2020-10-12,0.4233935051454737,0.5203304575645429,-0.47830107037299974,-0.7451705953477507
2020-10-13,0.42668405139211346,0.49083865349214134,-0.3777576642280198,-0.6613243622390061
2020-10-14,0.43479178448918526,0.38672547611935165,-0.40543194713343855,-0.5949887245989853
2020-10-15,0.43342748607969617,0.27454591126984007,-0.3861974328742001,-0.6475489915506688
2020-10-16,0.41393595416792023,0.27373723822379936,-0.31538149514195857,-0.6313775506355496
2020-10-19,0.3978187893175983,0.12681322582721385,-0.1395110110251535,-0.4889378545025926
2020-10-20,0.39451658369262915,0.2333510984704001,-0.07751058937483145,-0.5217756398138772
2020-10-21,0.3822669776144073,0.2553215902896601,-0.1520705771382796,-0.47624944428208515
2020-10-22,0.38812031441605116,0.25593179999377547,-0.3765624598083156,-0.5406778896293866
2020-10-23,0.36412034012587186,0.3602205627055218,-0.21563147950870487,-0.567972235309625
2020-10-26,0.31337828284243485,0.13223161337501074,0.29168885985576937,-0.39842620131264805
2020-10-27,0.339724055815495,0.08921674039153234,0.3565530168457352,-0.3106972379907606
2020-10-28,0.3410895947849883,-0.22980038073299316,1.0606501314843841,-0.012937390713456506
2020-10-29,0.39241266342249137,-0.17711707629981613,0.40247860831983556,-0.1709244655088337
2020-10-30,0.41098619708621115,-0.2625703015379017,0.7280289622992357,-0.13381769081702366
2020-10-31,0.5654637572057719,-0.28975909969748703,0.650218258488,0.3810859122895657
2020-11-02,0.5164035924170914,-0.33246690399201556,0.5247216088238971,-0.17740801818463703
2020-11-03,0.5031752784170517,-0.15292793690106893,0.37944159753126,-0.337621147589585
2020-11-04,0.4913079820821067,0.024994792310948973,-0.25725461441621683,-0.4596773851531808
2020-11-05,0.48523988338228574,0.25643756703063836,-0.6806883734635795,-0.4842767109241989
2020-11-06,0.476199998504031,0.22928383776741576,-0.7996123329903178,-0.48218802524819165
2020-11-09,0.41743726841594986,0.5110311425216634,-0.5857706005003699,-0.5893216978223415
2020-11-10,0.3951822899941934,0.49790139793791327,-0.6591561409719314,-0.6195799115853542
2020-11-11,0.37734640683096826,0.4791976662189419,-0.8304940991863778,-0.693635510894407
2020-11-12,0.32259096671805804,0.2730370263743063,-1.6607616641311143,-0.5540146914873789
2020-11-13,0.2829394302209224,0.3319159272066405,-0.8566438456360613,-0.6590196193523327
2020-11-16,0.24054152381202895,0.4763432543531999,-0.8391916912141129,-0.7268725213673966
2020-11-17,0.2504574134538964,0.38881911128611196,-0.8355641251778578,-0.6814103488231423
2020-11-18,0.24817166297453866,0.337094860223992,-0.7545441685744068,-0.5787660835579262
2020-11-19,0.25230530917868105,0.3394244200747325,-1.337238302741601,-0.6272443424844885
2020-11-20,0.23436089722148715,0.22217954482091992,-0.8095563968260291,-0.4939747846179139
2020-11-23,0.2571255432186781,0.36230411563930326,-0.8595594146059394,-0.5182193935032122
2020-11-24,0.26101457141560164,0.46163398265061883,-0.9068945352940335,-0.6464455028241585
2020-11-25,0.25686554291595903,0.5429799967566495,-0.8764077003357761,-0.6441321370983706
2020-11-26,0.24265729258107654,0.43507697127347644,-0.8850717688431052,-0.6017085789874362
2020-11-27,0.21664999020099499,0.45662782853563094,-1.4487698030856184,-0.5727078248463437
2020-11-30,0.10711375351281664,0.36861149237741564,-0.8448373921815413,-0.6002973866180757
2020-12-01,0.08142082835890743,0.5681472986428474,-0.8822194528251139,-0.5525425164309916
2020-12-02,0.05558978804361082,0.5525141289307297,-0.8675298303547105,-0.575295104015016
2020-12-03,0.055293116954789584,0.5259821527062094,-1.615098442612843,-0.4906339772677011
2020-12-04,0.032300976617541464,0.6448187876219252,-0.9284191688674651,-0.5538142900853884
2020-12-07,0.0077891716030188945,0.5832820697339636,-0.846756625008803,-0.5276603332950669
2020-12-08,-0.0072541532868939645,0.4235019158022265,-1.0533683597769803,-0.4965537716005169
2020-12-09,-0.01363361674003718,0.3396465710562289,-0.8801902526763427,-0.4191753626854691
2020-12-10,-0.008159584676956344,0.2815188412447414,-1.4518314291774954,-0.47296791568809043
2020-12-11,0.028144436042851353,0.3108152737910674,-0.7269209983273106,-0.42356528360445805
2020-12-14,0.014788489872417708,0.29810123169007285,-0.5718061861550806,-0.39529603313297934
2020-12-15,0.009530772458483576,0.44342998877516476,-0.7855452005963763,-0.5120237546707582
2020-12-16,-0.027049287422879615,0.49748812179684987,-0.8230950219393184,-0.4608462030383051
2020-12-17,-0.03731119020920485,0.5301047803198755,-1.298691633927709,-0.48513467996315646
2020-12-18,-0.04197096878278222,0.5026945768485076,-0.8664890286833611,-0.44770966577529453
2020-12-21,-0.12390962710384988,0.3882129673501796,-0.43640251691145526,-0.53284515462038
2020-12-22,-0.132166533076313,0.38639393931861216,-0.5802663294928476,-0.5278478906604679
2020-12-23,-0.1959167916860397,0.35010977172000407,-0.7198033767243022,-0.5031210324679612
2020-12-24,-0.20613239243905823,0.38989757379025675,-1.4552113754106561,-0.5376134549490501
2020-12-25,-0.8512633876722334,0.3681144523687616,-0.8667813803267893,-0.5278228463126361
2020-12-28,-0.22530317422102525,0.471095747990404,-0.8636105880685925,-0.6204193480669951
2020-12-29,-0.20956026187820123,0.40367635634633164,-0.7248675803592848,-0.5398107885823905
2020-12-30,-0.21051660657289284,0.3784513314984357,-0.775133097155132,-0.44944716299697823
2020-12-31,0.04061199128522197,0.4113466780255108,-1.2804484438728567,-0.45954094016417263
2021-01-01,-0.8816040441686258,0.3851093301505152,-0.7749632786949797,-0.455448366142957
2021-01-04,0.03737675441152273,-0.009784251620771815,-0.3166855586903682,-0.227432899177135
2021-01-05,0.07265063565518547,0.018474100321105583,-0.5502330011109328,-0.250467769980336
2021-01-06,0.053089913475507344,0.12043869311984932,-0.6084218789938753,-0.3876841849073604
2021-01-07,0.06335308361234118,0.23639113598958525,-1.1935535659538725,-0.5018204730534734
2021-01-08,0.059446257851352595,0.32590405196653593,-0.9655107027750931,-0.49650339172899416
2021-01-11,0.05185113619765193,0.22743129350748062,-0.6969078836323442,-0.4711077922124938
2021-01-12,0.033098637647398524,0.22683934732485256,-0.7894834351491998,-0.4291436901403042
2021-01-13,0.0271358708745347,0.394679224417545,-0.8904191336870317,-0.3777104075832474
2021-01-14,-0.0056613943882186215,0.3722548641844268,-0.7572623366029038,-0.3387467988998076
2021-01-15,0.031421115753694925,0.24445602334982627,-0.6627969715747827,-0.23018314069803553
2021-01-18,0.011971563277756135,0.2162423353528447,-0.6550831429340052,-0.22110704509851112
2021-01-19,0.08842710925864564,0.470207951695211,-0.755461202001005,-0.17428430189137611
2021-01-20,0.07493646629467529,0.5556619290865104,-0.930162453691299,-0.21081209937392859
2021-01-21,0.13296749359612878,0.5083531491027268,-1.0890819536374199,-0.21799570714307862
2021-01-22,0.20310414740874463,0.3806343412386767,-0.885724010329959,-0.21615126940018523
2021-01-25,0.1743996602774274,0.49689125747234364,-0.702214921365158,-0.141456556917436
2021-01-26,0.15850281072115857,0.41701746459215194,-0.7687958565668448,-0.1975611590281258
2021-01-27,0.08364888204379178,0.018297512830050166,0.9690880249966088,-0.06546561445319225
2021-01-28,0.04184467145311001,0.1239043797711379,0.05015573239980612,-0.21887459655229097
2021-01-29,0.05686522561518008,-0.15450950853471473,0.4424050954702883,-0.13155585512465848
2021-01-31,0.12142502589205989,-0.5123525867217072,0.39389593598932104,-0.5833343037494575
2021-02-01,0.020049871032460757,-0.06096405996651076,0.04278760486572954,-0.2900195484027369
2021-02-02,-0.16216815450123673,0.0035019548288744654,-0.49725642604638026,-0.5358737991661513
2021-02-03,-0.17351564344657894,-0.01930445199278508,-0.8807343712475069,-0.5855419833405882
2021-02-04,-0.23281259457917977,0.08043565000779843,-0.891927274843778,-0.8464493838000166
2021-02-05,-0.2418178851378434,0.16733530617754602,-1.1555627753122464,-0.8443178145206218
2021-02-08,-0.2556718213146719,0.33835505322440096,-1.0410247205837715,-0.8706716318928035
2021-02-09,-0.2954902922988977,0.38181792065575115,-0.9841419519570478,-0.8447485185816797
2021-02-10,-0.35114271841557954,0.4842146158174664,-0.9782564533301938,-0.7631451428576761
2021-02-11,-0.3743987209386134,0.61341349024449,-1.507072382046128,-0.7838028708319212
2021-02-12,-0.41229649264059287,0.7051934292148586,-1.2017035771480484,-0.8658709731102547
2021-02-15,-0.45884038197900284,0.952270664452697,-1.2045792111762779,-0.8232456101586189
2021-02-16,-0.47285053593084403,0.9856988528114057,-1.0142046192860716,-0.8793354843045718
2021-02-17,-0.34267537335105375,0.7024818749912952,-1.016745714763833,-0.8469662225560869
2021-02-18,-0.3323486478791117,0.7572256010057611,-1.4953382742294736,-0.9393687784843213
2021-02-19,-0.33314614304184453,0.48607226121635955,-1.0144936019205135,-0.956186140144846
2021-02-22,-0.3696737616189278,0.5117492047626299,-0.8424419425586633,-1.0197200770651325
2021-02-23,0.7511857941174988,0.6424943666104747,-0.8502813862274994,0.37829364851880826
2021-02-24,0.763976720523942,1.0888326227849674,-1.0243682652961998,0.30873725848300393
2021-02-25,0.7869882060904356,0.532497800708729,-0.9066709496130506,0.209938468812049
2021-02-26,0.7726594428322586,0.6131058766395152,-0.28795597561959874,0.40436958597541534
2021-02-28,0.06740808021795246,-0.5295140241157945,-0.284875910790548,-2.2499532866719782
2021-03-01,0.7408912533519487,0.9374503494163744,-0.8175242908295706,0.286264774902882
2021-03-02,0.7217216584349461,0.760902362936685,-0.7294444167447373,0.41550726263923715
2021-03-03,0.6713667609367754,0.5475056395405227,-0.45111346064934166,0.4319320797972831
2021-03-04,0.6825972283215245,0.36795481553268916,-0.7533526767316773,0.4200947481519898
2021-03-05,0.6721935798908628,0.5055588139695526,-0.7458208949260595,0.29698457077899537
2021-03-08,0.657786367412674,0.4239112518431863,-0.7070764253041473,0.27728797738312516
2021-03-09,0.6366626947089107,0.5163219862456944,-0.8516572218327313,0.24641247745016676
2021-03-10,0.5811210060249307,0.588317655936181,-1.005583365051893,0.3158483031024968
2021-03-11,0.5579488684178288,0.7545542044841206,-1.6987435509114823,0.2801865782967333
2021-03-12,0.588300313009629,0.67845086831399,-1.2336022118694905,0.11752967999347438
2021-03-15,0.5821927364238482,0.7168676998466488,-1.2780526406376773,0.12297576490017736
2021-03-16,0.3760347198822865,0.6585234881223978,-1.2793750354208193,0.17626387268241925
2021-03-17,0.3237149467252075,0.6843348324003807,-1.284333764150685,0.15261031520624016
2021-03-18,0.38517940776436455,0.4670901020332834,-1.6136647950832295,0.09261125819738948
2021-03-19,0.38458594876706037,0.45592292405049517,-1.061121982845918,0.11598040593166847
2021-03-22,0.37960829342892705,0.6181830566924895,-1.268007903118503,0.17355038676837528
2021-03-23,0.32989032595270096,0.501794139109068,-1.123304881188754,0.2440301699368278
2021-03-24,-0.5413764407159339,0.27746312022777114,-1.0297234807899625,-1.1421867848569422
2021-03-25,-0.5295084306632013,0.3790422729240103,-1.8313822831747597,-1.2062374415042367
2021-03-26,-0.5349338006456533,0.43210538448804586,-1.1995721530231636,-1.3220326775417102
2021-03-29,-0.5532578742068788,0.360414554225938,-0.9924433119854497,-1.3310382532277973
2021-03-30,-0.5051242248562469,0.2988502285337577,-1.1679128843110502,-1.2521247539979714
2021-03-31,0.19039630141391295,0.43172599544081763,-1.136417873234154,-1.2719774399234631
2021-04-01,0.21982776474527824,0.48405147873993903,-1.6982552021338349,-1.2610569975376702
2021-04-02,-1.4658805876401142,0.5485808218727167,-1.278536691976952,-1.232963920193169
2021-04-05,0.23937826808068394,0.7129410843808045,-1.2395372696742302,-1.3998780342679948
2021-04-06,0.22188271342376578,0.5504530555969845,-1.1343037876015905,-1.30724407932925
2021-04-07,0.1997895724384975,0.6863589333075262,-1.2445882343614048,-1.3198137781823842
2021-04-08,0.1879150394845939,0.8711501078102026,-2.074291925346489,-1.2965371119614164
2021-04-09,0.16668161246923072,0.7603214279527377,-1.3104228420071622,-1.440626119502928
2021-04-12,0.14106868562853953,0.7714539918656038,-1.2571338646234786,-1.4454081835352863
2021-04-13,0.15054894022575022,0.7208292457261687,-1.2635196057239795,-1.3948458776298172
2021-04-14,0.13111476162219537,0.6139087005344,-1.2233133377221679,-1.2848111812670517
2021-04-15,0.14553188548256427,0.8027081737260073,-1.780656166653352,-1.2326896103994045
2021-04-16,0.1444114815516677,0.6991572480834916,-1.219578501495774,-1.2174309772896432
2021-04-19,0.11377793608851355,0.5527684372421127,-1.1056069733727678,-1.1955731587523362
2021-04-20,0.0880838851503955,0.4260944824744492,-0.9542646156655161,-1.1094199544000147
2021-04-21,0.06470179933985637,0.533037647254082,-1.052987005455853,-1.2069960731481573
2021-04-22,0.058630135200635265,0.3040333599277258,-1.5718457327185302,-1.0797257461699015
2021-04-23,0.1691239839721195,0.5164238107078688,-1.0108096302466547,-1.1277423711144212
2021-04-26,0.12348858253504197,0.5828430741585813,-0.9753344388538289,-1.0947550915340931
2021-04-27,0.14880139233642273,0.4569821417334225,-0.9730532199170506,-1.0724916195962777
2021-04-28,0.17294248120288838,0.4994537503172582,-0.9832206622145779,-0.945703653328601
2021-04-29,0.14051692219604672,0.554967388090087,-1.1677068126041816,-1.0197618393980714
2021-04-30,0.027167833276922942,0.3880393226391569,-0.8865061240493953,-0.9732411899959403
2021-05-03,-0.0855997586419519,0.35310926742886783,-0.9386154577418317,-0.9559280982340275
2021-05-04,-0.1042587313100665,0.11812196504006468,-0.8213031424795347,-0.8577638790512822
2021-05-05,-0.11706884098344751,-0.023731068660581476,-0.863274401631742,-0.7700637486308398
2021-05-06,-0.11168104984038592,0.1015387728297695,-1.2726794153491028,-0.8420513193056975
2021-05-07,-0.14292449666381157,0.15110943120197856,-1.1322405107803168,-0.8552602328715871
2021-05-10,-0.14382358589633978,0.02645241896565657,-0.7811689034990215,-0.20685994946259054
2021-05-11,-0.15531268362865527,-0.1743084533346756,-0.5217266527717088,-0.2052950364261329
2021-05-12,0.011397038203463751,-0.4029080667079818,0.11867802453602859,-0.054559095661429614
2021-05-13,-0.02049971798015213,-0.3242607305137742,-0.4745781099744942,-0.254644037579213
2021-05-14,-0.17549316121089195,-0.15737713596180708,-0.8636400145723468,-0.31606496886966334
2021-05-17,-0.26691498962469423,-0.20407140868467283,-0.7770623340878504,-0.23570027265251056
2021-05-18,-0.32680504305987557,-0.3051200952070605,-0.5658843589076183,-0.08488449479545647
2021-05-19,-0.31249107989481434,-0.30806817382986745,-0.4361140581692178,-0.1537703945506807
2021-05-20,-0.3303677698627375,-0.17538619366629365,-0.6850121566250672,-0.29175421761499715
2021-05-21,-0.24760564189774165,-0.24522471326270168,-0.6673846037490707,-0.24278996809044107
2021-05-24,-0.2813203226119667,-0.10941048582541442,-0.8336976241815576,-0.3320628731763289
2021-05-25,-0.33044445336176453,-0.1699304425462036,-0.7926727177265939,-0.20234363899008895
2021-05-26,-0.3457653057157709,-0.18293146765668236,-0.9602962735782336,-0.2602295823881839
2021-05-27,-0.4039130396374978,-0.2281350999834221,-1.02430625581545,-0.2825307185277945
2021-05-28,-0.4101623379866744,-0.14782181938225514,-1.0808240292234736,-0.05259606433020596
2021-05-31,-0.2779886670770907,0.1641479280725596,-1.0453768487806319,-0.1413146134560187
2021-06-01,-0.273504599638504,0.18283257088182508,-0.8622886541511852,-0.10283914940310862
2021-06-02,-0.280910491759826,0.10972714889370445,-0.9284433755477506,-0.1347368239696091
2021-06-03,-0.25862695000439845,-0.024803657034101017,-1.2747127003624503,-0.17909963171024515
2021-06-04,-0.2839782686339563,0.1319741898015987,-0.9997025401688685,-0.2529169370789536
2021-06-07,-0.2601736607029206,0.048337901941736185,-1.0464204847910716,-0.27309936004151997
2021-06-08,-0.2606697746545098,0.016270712123899866,-0.955163157522636,-0.269703420035386
2021-06-09,-0.25257860796196374,0.012205910195633198,-0.8167043458727841,-0.2769343850732537
2021-06-10,-0.18920521942650664,0.04871193020495151,-1.2051393911835737,-0.20549216333956943
2021-06-11,-0.037862167708050606,0.2587720101647204,-1.0104468275481597,-0.28691347002336126
2021-06-14,0.01820382099103141,0.2248404062270794,-0.9712533328783066,-0.31446358001100916
2021-06-15,-0.04269297465908399,0.3606035323032921,-0.8311830437624326,-0.26155662427064874
2021-06-16,-0.06896075778561053,0.11322816745590901,-0.7569106116793631,-0.3872297447451811
2021-06-17,-0.08174161580237298,0.002875538357052467,-0.8674120671724468,-0.39507564960480573
2021-06-18,-0.07691339959480303,-0.26751220063913195,-0.34701134628351116,-0.14557019301790852
2021-06-21,-0.07989647783829926,0.047965170410472054,-0.6763563800100793,-0.4220384676252077
2021-06-22,-0.09608162664283507,0.11719112036095948,-0.8131920121973872,-0.38465212817420347
2021-06-23,-0.22522573195055476,-0.07001127250656797,-0.8688724907493791,-0.2863179428595044
2021-06-24,-0.2482662514180399,0.14097310720531056,-1.0628740940894719,-0.39454944170562883
2021-06-25,-0.2911166812354863,0.18276825649735007,-0.9100545540127933,-0.41632528045992945
2021-06-28,-0.3328464639004922,0.16001949621505393,-0.927462316103191,-0.3877473093582978
2021-06-29,-0.3124903146191882,0.07970751063444216,-0.9176564007532234,-0.4161118671196245
2021-06-30,-0.605071436121394,0.10933403107406497,-0.9509513841518772,-0.37823650197394343
2021-07-01,-0.638026317190982,0.06677411873482468,-1.421773574119415,-0.46060025793515447
2021-07-02,-0.6330075504402928,0.11281735298080997,-0.9906641515053346,-0.5830510634901851
2021-07-05,-0.6556662404550888,0.12369550751852404,-0.9970611645537614,-0.5800059661764497
2021-07-06,-0.720576799504082,-0.039939063585559105,-0.8467781401261154,-0.48042442957279774
2021-07-07,-0.709202249270294,-0.07548103918136403,-0.8750419276923639,-0.5535615922400423
2021-07-08,-0.702740156803639,-0.46807810868521094,-0.7303329880018915,-0.5443726391961393
2021-07-09,-0.7246499188775254,-0.2386925986843088,-0.8974729161976797,-0.7144602304457024
2021-07-12,-0.7478990649261029,-0.13046781590858544,-0.915165066955257,-0.654657694523652
2021-07-13,-0.5765566783467835,-0.2995035249140362,-0.8302562236811805,-0.5494984250392896
2021-07-14,-0.54532027803419,-0.3597576584193509,-0.8898300996904367,-0.507337588520255
2021-07-15,-0.5015760545964748,-0.4695552190364454,-0.6921872219453705,-0.3142141032510752
2021-07-16,-0.547007260550831,-0.6827150627883192,-0.579300734163344,-0.2115317991122715
2021-07-19,-0.5388572910147571,-1.2023047662034922,-0.062334106426260666,0.02471803343911942
2021-07-20,-0.5633198380695367,-0.8559143242341344,-0.43244931036545475,-0.2768497871452477
2021-07-21,-0.5819981341417014,-0.6628649787502026,-0.6649707482131894,-0.46172381113277405
2021-07-22,-0.5758455243368591,-0.6818489688154651,-0.32798851468135193,-0.3423940629572234
2021-07-23,-0.6122178843338786,-0.5563137323122408,-0.7483491979428502,-0.5117135666688217
2021-07-26,-0.6956836055390866,-0.6007159447092818,-0.7316500120234927,-0.5693458459979455
2021-07-27,-0.6132148997870495,-0.7991219452401541,-0.5190112753910879,-0.4642298167885392
2021-07-28,-0.5933950349058815,-0.7650696571838607,-0.6399482686750633,-0.26783546220650145
2021-07-29,-0.752008436650126,-0.6317341612693904,-0.733412704721531,-0.17099527913403775
2021-07-30,-0.6974540283689484,-0.8423579813453876,-0.6520691148736887,-0.13561511389424263
2021-07-31,-0.6925571703743356,-1.94110020859632,-0.654894335344744,-0.55205361137059
2021-08-02,-0.5569694345738871,-0.9183908605570142,-0.4924592173569058,-0.002606027642912368
2021-08-03,-0.5243025471117351,-0.8201422067358719,-0.6678466228126262,-0.07536274530464984
2021-08-04,-0.44501883491569705,-0.9651958382382511,-0.6714249211719662,0.0009818189828630754
2021-08-05,-0.44299770074324013,-0.6319006385391955,-0.4488957896553001,-0.2042783559738882
2021-08-06,-0.44539665807844114,-0.5522614092573443,-0.8275288597524554,-0.32153879666140145
2021-08-09,-0.485667740751971,-0.5369336417936307,-0.7911860399323024,0.5903500652858512
2021-08-10,-0.49227943341693087,-0.6153112145995288,-0.815859933154063,0.6104222442038265
2021-08-11,-0.5191476950884034,-0.6419446816797167,-0.8664871770114527,0.6036886220310628
2021-08-12,-0.5405312419976805,-0.47176267119785814,-0.6116142371825914,0.4900983765180836
2021-08-13,-0.6853489638007858,-0.40865785119611503,-0.8292704709747489,0.44485086011882535
2021-08-16,-0.7115769964544675,-0.1826799670591856,-0.7574454208871524,0.372855086243534
2021-08-17,-0.6949798434447739,-0.6320008709900854,-0.5692819010809795,0.4148985106351496
2021-08-18,-0.7188399881165146,-0.9852233738142913,-0.10012155580022877,0.6092217623419912
2021-08-19,-0.7305660709842419,-1.0625221611825908,0.2618604445807629,0.4428859175120755
2021-08-20,-0.7242775323934162,-0.8910199622486535,-0.485170744469289,0.19393451935741493
2021-08-23,-0.8024702929318386,-0.48288914950842776,-0.6221963012878161,0.1256771714602558
2021-08-24,-0.832752515187437,-0.28601142193977847,-0.5977074999159803,0.20776108204881552
2021-08-25,-0.8831626815319391,-0.2263370192689646,-0.6604481318846014,0.15229516903950774
2021-08-26,-0.8931332815379657,-0.2941218344765272,-0.2902194500287261,0.31666691728255875
2021-08-27,-0.9165679728289656,-0.07961960751284093,-0.6452721833423962,0.28227042930974705
2021-08-30,-0.9253544593152858,0.1297292245111533,-0.6429709052227878,0.22717325211466852
2021-08-31,-1.2566950723324473,0.08483031738283858,-0.6100725045464583,0.24478149130385365
2021-09-01,-1.2181679531911291,0.0655657549314744,-0.648794709956282,0.2994248084943791
2021-09-02,-1.2040363703189099,0.1280327590506436,-0.551174177040267,0.2197370124434584
2021-09-03,-1.2156991760057538,0.08771007386752658,-0.6264757021718526,0.20655715066908714
2021-09-06,-1.2286504057697258,0.08488493526179272,-0.6470601757754062,0.2451925236845906
2021-09-07,-1.2457008587889034,-0.04639464558460216,-0.4202385890310954,0.29625277468544203
2021-09-08,-1.2562668304683837,-0.01721055807974638,-0.39675288264326425,0.3652380410597829
2021-09-09,-1.2393845516526765,-0.20946565112250942,-0.36858828032448515,0.5128725335806318
2021-09-10,-1.2177566625771608,-0.2569331501840829,0.02193222825170147,0.6724970001097209
2021-09-13,-1.1672651572583312,-0.12462051294582474,-0.20044355363885016,0.5494079603462961
2021-09-14,-1.2243162631302635,-0.30345192799042725,-0.13758344937493072,0.589955302947341
2021-09-15,-1.1709120116930711,-0.04718940119364239,-0.3148962209996836,0.2881686344311581
2021-09-16,-1.083444690267623,-0.15568466290754668,0.712328990472202,0.2220511796046309
2021-09-17,-1.0751587090581032,-0.39128815547903334,0.03666377256960525,0.39681696078050205
2021-09-20,-1.0014000641386847,-0.9560803529753874,0.7259090887059485,0.6981538340051574
2021-09-21,-0.9119625980123577,-0.9263600445328063,0.49315555993453436,0.6705075520652196
2021-09-22,-0.894614611595118,-0.7258517201008867,0.023234388998552347,0.4970770778333127
2021-09-23,-0.92596835111164,-0.3828587121959185,0.3490042986162457,0.15294229635679657
2021-09-24,-0.9308752193269402,-0.4925352957524402,-0.4844432310085576,0.01506408623373844
2021-09-27,-0.9132008118506176,-0.6573676881302319,-0.3654334279063974,0.12561289312835439
2021-09-28,-0.9540461507597726,-1.2065581211253409,0.2647640615525348,0.48069320350407896
2021-09-29,-0.9412372068386666,-1.2012785484464432,0.1720906504518007,0.354708972140691
2021-09-30,-0.789274483951148,-1.4128568842722324,0.9471584819526866,0.6387805060345223
2021-10-01,-0.7073193590889877,-1.1578089332020514,-0.01929986250404869,0.5074299875847
2021-10-04,-0.6797754690917042,-1.3773854664895153,0.2703749378512676,0.6679693242831931
2021-10-05,-0.6471086535469295,-1.1559545213675482,-0.07154622427464576,0.5111917245949613
2021-10-06,-0.6413177893579897,-1.1170657551358811,-0.10917352096948886,0.3680717797580728
2021-10-07,-0.6494567284750097,-0.9237729343373623,0.43886430414007577,0.3038456972841483
2021-10-08,-0.6666392944462645,-0.987416514281989,-0.544117085046455,0.3969257163428932
2021-10-11,-0.7039067877506682,-1.1667949712260919,-0.3132424563487307,0.5711852341512291
2021-10-12,-0.6910369554756488,-1.3383064728855827,-0.3589630377619747,0.5963444103075227
2021-10-13,-0.6526532461864467,-1.0274106593455343,-0.4505844905533926,0.694116140467938
2021-10-14,-0.6343057400165764,-0.5168406044739342,-0.46904465511723953,0.45465206059388596
2021-10-15,-0.652447451702763,-0.2918210315681259,-0.8194975450743102,0.3042793443232048
2021-10-18,-0.7267991610675318,-0.3675180103270936,-0.7980051972767721,0.2007699527114947
2021-10-19,-0.7730425921932252,-0.012695704124903201,-0.8765372441730953,-0.08990657482691014
2021-10-20,-0.7658724427001119,-0.10960423833738941,-0.9037130434870705,-0.08754907769708667
2021-10-21,-0.754415043556007,-0.23175972473371298,-1.2377498266454512,-0.0927719242516147
2021-10-22,-0.727433591833278,-0.46351673387540504,-0.934735582647208,0.009220172861344337
2021-10-25,-0.685532927777889,-0.5082255674522705,-0.9716407031840196,-0.04059254932664036
2021-10-26,-0.5905873739140002,-0.4317860772449931,-0.7609774298702987,0.01685223898658453
2021-10-27,-0.554304981721032,-0.6137722529491846,-0.5404223313909199,0.20182163031909672
2021-10-28,-0.5931464130439323,-0.41651757771424375,-0.6211638346143247,-0.3123158894680985
2021-10-29,-0.5676679380673714,-0.4633830802560553,-0.6880926556141806,-0.4833638232415224
2021-10-31,0.26803775684270775,-1.0319877777966056,-0.6890547430904262,-0.16259473974663546
2021-11-01,0.12227696612162199,-0.37706669394112724,-0.6559854082323561,-0.602898894089694
2021-11-02,0.1271409003546723,-0.4845089902049659,-0.670439139985257,-0.5940089053455201
2021-11-03,0.24846275654093855,-0.24832163321442238,-0.7715234729193015,-0.7662869028805147
2021-11-04,0.2509567164543349,-0.20354325666975523,-0.7814732282420142,-0.5912708555972247
2021-11-05,0.2571997583550357,0.0488224932236728,-0.36863143996683806,-0.5566997659104912
2021-11-08,0.2841081754339205,0.06719566786364618,-0.28914494174006344,0.23735978114503836
2021-11-09,0.2801297171737872,-0.03590642475419962,-0.16792640412995868,0.4453205997090068
2021-11-10,0.352163808387849,-0.4287005976596784,-0.11243649950999035,0.54032746495672
2021-11-11,0.358929516096226,-0.6051225345093034,-0.8963717591744358,0.5564725278860013
2021-11-12,0.25754423804964854,-0.42570410151033594,-0.5179008887905053,0.46015560697018343
2021-11-15,0.27330041146902934,-0.35211258388765493,-0.4687169579488124,0.43193336792114306
2021-11-16,0.36024275057640287,-0.35313495088821867,-0.5066913370771753,0.32474770328970526
2021-11-17,0.3418348950123062,-0.5873644827865147,-0.44386182510962235,0.3545170498721808
2021-11-18,0.40210018671840014,-0.6541352201432938,-0.4294380739601784,0.33532394994558645
2021-11-19,0.41021737013404413,-0.7590445572623056,-0.30486664545260084,0.2875522777841829
2021-11-22,0.43220633193131097,-0.8336544416391916,-0.13750083048480072,0.042836500913718115
2021-11-23,0.38282564792541945,-0.9841335223711255,-0.16943291653804948,-0.093891409485618
2021-11-24,0.31653072357037765,-0.9312450259592532,0.1908658244995312,-0.11031939571524814
2021-11-25,0.304762230564664,-1.0096811262616145,-0.31054258761344294,-0.11102102815888482
2021-11-26,0.3180317185793011,-1.9961702550465859,1.3810440376000477,0.5258241489045833
2021-11-29,0.31356280046694845,-1.379231207908829,0.4644246238785469,0.03759096601969481
2021-11-30,0.3516156616416977,-1.8913935143487814,1.1212581288349055,0.6802245601242981
2021-12-01,0.32192558373114766,-1.928783905077647,1.7456538035013796,1.1854378342789351
2021-12-02,0.2994848903137629,-1.5945277502818238,1.9303232627767986,0.718326439110275
2021-12-03,0.434414428422835,-1.7800375231964007,1.5977991121797768,1.070433747116811
2021-12-06,0.4070951155748667,-1.4015848162601598,1.056609378927878,0.4421684777055698
2021-12-07,0.3754322474168274,-0.7516728540128179,0.19887861042918356,-0.018529157608163038
2021-12-08,0.35641693280974285,-0.6456068402661048,-0.1634685817095662,-0.04506073574237369
2021-12-09,0.3671258636431888,-0.8512089916903041,0.4733026584825713,0.10307290708946355
2021-12-10,0.39596236240189975,-0.6656844737341697,-0.2992472622740768,-0.2464073047556657
2021-12-13,0.38228093692364,-0.9174374149801233,-0.02487495374017177,0.005354521149310847
2021-12-14,0.3611866946240457,-1.0378598339275034,0.27502130410708236,0.05292273478558638
2021-12-15,0.3341549512532723,-0.6229260583989052,-0.09188599221501749,-0.4546413205369958
2021-12-16,0.2935026829156282,-0.6231018067864794,1.0292932437739855,0.007356039749669482
2021-12-17,0.2839459834164724,-0.8453275202842492,0.29519730736016525,0.2452806128739128
2021-12-20,0.2731817342215087,-1.110748143609425,0.4701754579812637,0.4887503258433739
2021-12-21,0.25462112202052306,-0.6690440024044064,0.22364561328727414,0.029127074838426352
2021-12-22,0.28454038387514075,-0.2273447918140998,-0.1705482266814139,-0.11205376499189232
2021-12-23,0.23785986075172738,0.03542065313485623,0.3272936877611496,-0.3246875647910207
2021-12-24,0.228123246366753,0.12242930064129277,-0.24000794512194146,-0.30742386499384344
2021-12-27,0.20632785524517658,0.7494880874962943,-0.06381318133966685,-0.4682264632149939
2021-12-28,0.18383518306861527,0.5917252332199613,-0.24389513344014854,-0.43140760451020077
2021-12-29,0.1397065360180875,0.7234365129779606,-0.2770362098254111,-0.5979309080716129
2021-12-30,0.1316060025619632,0.584645423938565,-0.09576491245275567,-0.29227785424166486
2021-12-31,-1.193402916814397,0.3828058138570218,-0.22223937205991975,-0.22751155084207686
2022-01-03,-1.2136633051040837,0.5786837805548674,-0.3792688384076807,-0.5184214122779756
2022-01-04,-1.2328851663295894,0.31878336276942804,-0.46059773466356974,-0.6315099865660881
2022-01-05,-1.1856505197381466,-0.46643535222043425,-0.15330160569032406,-0.4245456124494908
2022-01-06,-1.2800309949351079,-0.46229711492348274,0.26389059764800343,-0.6449486861113849
2022-01-07,-1.2621000065760903,-0.6692067920521192,-0.3231822958020932,-0.4811212590950563
2022-01-10,-1.2317868485719083,-0.7705757556608294,-0.25820047233852067,-0.46251344790772775
2022-01-11,-1.229320602162433,-0.47552215643063955,-0.41621059070364924,-0.4208201802600231
2022-01-12,-1.1356349463884892,-0.31543531080632975,-0.5372609492822144,-0.4556394836985977
2022-01-13,-1.159553497202747,-0.7904201706119091,0.8459687187477848,-0.15782184416118003
2022-01-14,-1.2751138139559486,-0.6674993868795902,-0.36710309361104254,-0.3551707722091512
2022-01-17,-1.2338034273327823,-0.7083076031262437,-0.3358715982052891,-0.36287300185285626
2022-01-18,-1.3392977376533852,-0.9992289743967445,0.2704285361543302,0.02595201244286909
2022-01-19,-1.2085552429509947,-1.4139731320045426,0.2792520412026662,0.3971322688957723
2022-01-20,-1.202705275077805,-1.7615590578270846,1.8980399176383562,0.7104241335175352
2022-01-21,-1.2013957259263663,-2.2761674744840668,1.1494527128015617,1.3682213340939666
2022-01-24,-1.399923692964604,-2.2977124510367353,1.3879127933695878,1.2349039645124826
2022-01-25,-1.342098808525288,-2.5171658335016414,1.5043558385914557,1.4669142877824992
2022-01-26,-1.3056858063996957,-2.4190065089401904,1.534278398798763,1.187794633476991
2022-01-27,-1.1292457236510136,-2.6463892665060222,2.505390249807217,1.2378193941966218
2022-01-28,-1.149021801857158,-2.212155785711685,0.7753593730272085,0.7982692017427078
2022-01-31,-1.5710185595738624,-1.9535795158076907,0.23406609801798348,0.26660380587946125
2022-02-01,-1.5645666336475395,-1.7288225650665274,-0.24939578821104783,-0.29354758693013194
2022-02-02,-1.5660992338184347,-1.5913948665145436,-0.30454502831254493,-0.63380625192903
2022-02-03,-1.538108354298149,-2.0520271047806204,1.1016207983037725,0.0012913134475512197
2022-02-04,-1.5407288100895946,-1.9732990946011126,-0.3795966780928139,-0.5257967750559117
2022-02-07,-1.5451851195168416,-1.8584997110396286,-0.27847954155343974,-0.42870609414880606
2022-02-08,-1.5258506708947712,-1.627184422425632,-0.6965130389853668,-0.7350226558187148
2022-02-09,-1.5015227455741966,-1.3256252538504039,-0.9260172006084137,-1.078551041633721
2022-02-10,-1.4561010964066032,-1.7943650900372397,0.2818909292600705,-0.5365116691913026
2022-02-11,-1.392365547474913,-2.256905488486846,0.13508926885321199,0.41409542581200687
2022-02-14,-1.4269404153029628,-2.1805651941037585,0.30394357560653723,0.416070049400882
2022-02-15,-1.4440991374587657,-1.814420208913223,-0.09608000550939783,-0.44920611452941767
2022-02-16,-1.2445704549269965,-1.8059426783174146,-0.17931526036019768,-0.37880763501867026
2022-02-17,-1.2220650296250135,-2.065639672868576,1.8643062612627974,0.606404349222322
2022-02-18,-1.1699211303964443,-2.098908901472918,0.6599230368919876,0.8721240835421309
2022-02-21,-1.1375533297176608,-1.878570595860957,0.7040846975966895,0.7787910856305509
2022-02-22,-0.3104788054714481,-1.9367283544211613,0.7966159159872336,3.0
2022-02-23,-0.35928390614116945,-1.927292125006738,1.3037496585828063,3.0
2022-02-24,-0.33756913797644816,-2.0056292411952787,2.6295164008554246,3.0
2022-02-25,-0.21343541326483342,-1.1636735885644238,1.0241757510475975,2.609508014847864
2022-02-28,-0.5428323105354872,-1.1821624820246988,1.5409023898365604,3.0
2022-03-01,-0.5330446727787251,-1.5947479519444936,1.8778258569755348,3.0
2022-03-02,-0.43451672358056365,-1.2510683446421647,1.386495839331774,2.7616003019612902
2022-03-03,-0.44051597816058163,-1.434679686174758,1.6719134448116664,2.7770657149506226
2022-03-04,-0.24117051568624145,-1.8258326918247618,1.463014293521783,2.9680454724572733
2022-03-07,-0.23192337774909258,-2.1283614970145477,2.1790216965262563,3.0
2022-03-08,-0.24825073294008337,-2.0549995165908492,1.9744811985898896,3.0
2022-03-09,-0.21545027022600127,-1.6570073147590874,1.6148679474274121,2.4815752288775768
2022-03-10,-0.2209039188409797,-1.776534147861306,1.958270623261509,2.548163808722154
2022-03-11,-0.23645077291598723,-1.8755970053496644,1.2667545719905944,2.8920768808560697
2022-03-14,-0.21730686148150574,-1.95849043134216,1.3558823230680432,2.6724409942987206
2022-03-15,-0.24823155034775582,-1.6590449211831788,1.0557293705677755,1.713927029386
2022-03-16,-0.2994054416779916,-1.1273474383945121,0.8140797570415917,1.431048316502953
2022-03-17,-0.26336517500201284,-0.822213607540986,2.135313535692739,1.488235419165034
2022-03-18,-0.24162158507796533,-0.7610671976512776,0.8288841910363665,1.2312110993507435
2022-03-21,-0.2306827067351798,-0.785796734709653,0.45999911888460215,1.0407316193691762
2022-03-22,-0.1953109998331329,-0.6770266077130908,0.319306867614478,0.7584336510614992
2022-03-23,-0.9662715651096395,-0.9581812705501086,0.41805250053428156,1.1475882570433638
2022-03-24,-0.8581453159460081,-0.8435955735415717,0.34353863303329346,0.8089281125623377
2022-03-25,-0.8316866356727933,-0.5955875545358377,-0.3076368204211334,0.5198384217241079
2022-03-28,-0.7956501989050657,-0.8505709600434967,-0.6802447903260259,0.42749462345773903
2022-03-29,-0.7267062462745087,-0.38725254223355504,-0.5359826513491361,0.22859783993170682
2022-03-30,-0.7238644978555672,-0.32920347964718605,-0.4004889233304903,0.46842026846896545
2022-03-31,-0.7317507280490023,-0.7946020699691898,-0.11125657132981732,0.7027969632923848
2022-04-01,-0.814130055225437,-0.6742664632596765,-0.33285920247451645,0.5057457464187854
2022-04-04,-0.7555618559604492,-0.19851806046382714,-0.3398998268135618,0.38110451071101903
2022-04-05,-0.7548144879850828,-0.28562998067152723,-0.15821607744502503,0.4607925823742851
2022-04-06,-0.7305322572504841,-0.5675403515193957,-0.10357117956790442,0.46075140992057473
2022-04-07,-0.6459828797955319,-0.6864620748056104,0.5512702802449794,0.23572969179805547
2022-04-08,-0.6618142444751094,-0.8278174455115286,-0.6436593570348976,0.2919124664077406
2022-04-11,-0.6780035820547768,-1.1093055572899861,-0.12543756565952116,0.5544833503409076
2022-04-12,-0.7522919608913741,-0.9907793007195982,-0.04817868422014486,0.6285759610930279
2022-04-13,-0.7101728138493537,-0.8106654700050594,-0.5040658083346897,0.3939732114818556
2022-04-14,-0.6512238719125384,-1.1520384398096102,1.0837446764257561,0.5786323358754696
2022-04-15,-0.4934248671141507,-1.1625203716319434,-0.6286572045663611,0.5500769106397974
2022-04-18,-0.513634808547383,-1.1038561073730426,-0.709936961359443,0.55129452373326
2022-04-19,-0.48436315457934853,-0.8314471811203604,-0.8120471609722616,0.052269012536277575
2022-04-20,-0.4745195563591221,-0.6998410208611521,-0.913821216624492,0.22030705806214487
2022-04-21,-0.5207414600931872,-0.8940203978350533,0.8095835143220357,0.5774422554158086
2022-04-22,-0.44847885137818516,-1.333509883203273,0.35698657719106064,1.2067733340348463
2022-04-25,-0.4774889772837171,-1.3602775565168368,0.3605040715285414,0.9369195115569757
2022-04-26,-0.4669377432700497,-1.6611319524380697,1.5270278444191103,1.7522170885932808
2022-04-27,-0.48260260926484216,-1.8930119743717961,0.9214618144440753,1.5765358303195935
2022-04-28,-0.8033655482537284,-1.6064186130565954,2.409238734570224,0.9767341570943121
2022-04-29,-0.7761818879347068,-1.9325840730882127,1.037605084535481,1.8434767197960245
2022-04-30,-1.2296473338198823,-1.864501172391172,1.0538347215107002,-0.06647157671122464
2022-05-02,-1.1336526743895232,-1.9660121996563342,1.081707773207235,1.4574144582951996
2022-05-03,-1.0256843690107487,-1.6808260234346255,0.6229259659036096,1.3369884796063107
2022-05-04,-1.1672395673964415,-1.2609908608064402,0.18562696641273457,0.5477866390552237
2022-05-05,-1.2029613002478285,-1.5817918001319535,2.466637616819123,1.4275111573090131
2022-05-06,-1.1587083700571537,-1.7877839040378427,1.203904364967098,1.277415330101243
2022-05-09,-1.146511223935108,-2.1241774571854997,2.111293809487408,2.611187040514779
2022-05-10,-1.1175350762854148,-1.96119532495723,1.765894616036262,2.379172209789044
2022-05-11,-1.0417942286022064,-2.0337767061306846,1.6277093859731784,2.7641756841526797
2022-05-12,-1.027549136382632,-2.1748145898621183,2.1377770026807035,2.5429083681391624
2022-05-13,-1.1292136420990182,-1.8759510909242012,0.8688659485023411,2.018832659515579
2022-05-16,-1.298461785727331,-1.9509312453148298,0.568250509935784,2.183526476874513
2022-05-17,-1.2445535482234953,-1.6081738073917118,0.2956146605133051,1.445379972790164
2022-05-18,-1.2526140447009542,-2.146327269776591,0.9365205535679243,2.6669916775492384
2022-05-19,-1.354382868991968,-2.1321766688212236,1.6903153597020764,2.449295993874039
2022-05-20,-1.3478949575701225,-1.9531872640386572,0.8928815208170917,2.500833518398103
2022-05-23,-1.4038910731824437,-1.5920524009013377,0.7492110447263256,2.0170858477129054
2022-05-24,-1.5624178551173138,-1.652316636140384,0.9719181012228073,2.201531068285521
2022-05-25,-1.5636572002734421,-1.3630904835999889,0.9882592844244462,1.8869175893972467
2022-05-26,-1.5667153228757178,-0.9250862990374306,2.107785393640131,1.2960613588939978
2022-05-27,-1.5134155432105856,-0.4646688847589487,0.7277043648738275,0.7451135894864463
2022-05-30,-1.510155193334528,-0.5187710146413476,0.8974428909195172,0.8023482850744215
2022-05-31,-1.552516600896303,-0.5275185321353116,0.7702672871023734,0.8499183295953985
2022-06-01,-1.526085751103736,-0.5697395049222227,0.5341180773548911,0.9270092239545333
2022-06-02,-1.6248268627475457,-0.2765394218447023,0.5439451084509236,0.4992496496445365
2022-06-03,-1.5604276601368403,-0.5294426309408888,0.1992317858514848,0.9083209902347319
2022-06-06,-1.511571820722982,-0.4171257864706829,0.27451991455840175,0.8077401709570236
2022-06-07,-1.4714075279679943,-0.15840909641765502,0.19410992213910858,0.601833726613825
2022-06-08,-1.4414440009873357,-0.26692189884335943,0.09551852742231534,0.8596908179469545
2022-06-09,-1.4592245685364875,-0.6068898799592221,1.2534599118454808,1.5406662756977165
2022-06-10,-1.4767581108531964,-0.9988465851774426,-0.035675536112315574,2.1085650158975087
2022-06-13,-1.3708697266324328,-1.7963447231046934,0.4041435803791344,1.9947867644951975
2022-06-14,-1.34102643398941,-1.7623309196586527,0.12602729241942903,1.778876921137234
2022-06-15,-1.359844459109453,-1.548050720820766,0.027388605913392622,1.9020574308638718
2022-06-16,-1.4507343613246553,-1.8839052872793418,2.5063227805057613,2.1125726523237454
2022-06-17,-1.4418253164625237,-1.7287862319872638,1.0209548978102718,2.0286288402604926
2022-06-20,-1.4193299063619442,-1.6708122888932415,1.020266029589865,1.9762568453230613
2022-06-21,-1.4024766345150372,-1.4692222431725075,1.0046709077210576,1.755176869476198
2022-06-22,-1.361007322771139,-1.556290691597665,0.8268292102796164,1.7439462113124824
2022-06-23,-1.4506389953509151,-1.6587762557305248,2.101937504967744,1.6865730995955581
2022-06-24,-1.3623068332296504,-1.453735056536171,0.44849544333769115,1.1476870182594863
2022-06-27,-1.2845336820541924,-1.4879280189423554,0.35828725644329046,1.1470673901983421
2022-06-28,-1.2803072462797576,-1.8035278075581416,0.2874491074789558,1.4569560487284081
2022-06-29,-1.2404268720158864,-2.0049043940844715,0.2570763197459574,1.349455742905719
2022-06-30,-1.7754418836201766,-2.1772631142037664,1.3240513874886521,1.5217057133325131
2022-07-01,-1.7777132711351986,-2.013315085092285,0.22800814753395224,1.3728776535006213
2022-07-04,-1.730625729545549,-1.877145850194043,0.4691373439420294,1.343087513879598
2022-07-05,-1.610938439923146,-1.7617148601358572,0.6605264075996187,1.314006770386825
2022-07-06,-1.5152058784783455,-1.4399482645505648,0.22511544186620513,1.0539674385573223
2022-07-07,-1.4971433377014498,-1.0349150888914307,1.5754599886788343,0.7711890230037804
2022-07-08,-1.4011446515037043,-0.8600704877186591,0.23016860599536745,0.7468643210795384
2022-07-11,-1.3551556470246258,-0.954348369372619,0.4031604284344754,0.9457243588892357
2022-07-12,-1.3601799928594769,-0.7558844228648951,0.5467323226686656,1.0670811989014353
2022-07-13,-1.2726544770649082,-0.8429779370632593,0.13790695468510536,1.1901291512867962
2022-07-14,-1.269135130169232,-0.9892079827801045,0.7732227798845472,1.1657276251956556
2022-07-15,-1.2192915275040306,-0.4222538375388972,0.08470103119772673,0.8185700102132728
2022-07-18,-1.2211039600950817,-0.43514346641137214,0.2690408056770895,1.0110298817378158
2022-07-19,-1.1844740797893327,0.0518991761223249,0.43333815361177896,0.4616128356245569
2022-07-20,-1.1929828119392845,0.19961243501755205,0.28849574277671675,0.2975607225654094
2022-07-21,-1.2158046748847124,0.42776545999799964,0.8589982821109174,0.1817694897976949
2022-07-22,-1.2272553271798483,0.3778617104406715,0.28934094438773034,0.5286760202327919
2022-07-25,-1.163942739156112,0.21096577768801586,0.12808427922574153,0.44074085714442085
2022-07-26,-1.132847222762606,-0.035932771740038234,0.3447893867232286,0.6832660014620848
2022-07-27,-1.0851428407091446,0.48352836039976305,0.5685848701857068,0.15469962884805175
2022-07-28,-1.2040285888879534,0.8447790362905298,1.4648550258600115,0.021393550464381565
2022-07-29,-1.1531938604795147,1.140402909596142,1.0081042531963165,-0.20057959423190036
2022-07-31,-1.3936296028375061,2.8582520339407895,0.9159793409972506,-0.49695846657400894
2022-08-01,-1.040899128517544,0.9919632564632171,1.2947971467957184,-0.09062097747581643
2022-08-02,-1.0241127386756277,1.0917552025625865,1.0982180332262839,-0.2190106332322935
2022-08-03,-0.8858022543796643,1.209852752895864,0.9327250437850672,-0.41738296132813685
2022-08-04,-0.855743514694021,1.0583283860279589,0.9384838439704051,-0.34594871009022654
2022-08-05,-0.676287798909205,1.037996644154614,0.5225852305053523,-0.45794087337268796
2022-08-08,-0.6695577410625388,1.170747498315606,0.6708779254447911,-0.2020780020488241
2022-08-09,-0.649218578770013,0.9950215287006099,0.45593069868338143,-0.18721270391687705
2022-08-10,-0.6820043578198048,1.3597595259069888,0.6155736703461873,-0.6098153932865528
2022-08-11,-0.6735447662793452,1.406113773822652,0.7349251475143882,-0.5853534414694658
2022-08-12,-0.6152834102189946,1.4516907579458336,0.7911209513861888,-0.8266600470677458
2022-08-15,-0.6828803659329731,1.4899643615489975,0.8217711847558763,-0.8604675072099011
2022-08-16,-0.6497035099039987,1.295487218542334,0.3857614081701646,-0.9026058095186296
2022-08-17,-0.5881521876856699,0.9425150708935847,0.12901159626346367,-0.8507455022180996
2022-08-18,-0.5057851736717671,0.9178051411092782,0.1569304784566745,-0.8118522495827808
2022-08-19,-0.48362151196102193,0.6430279844519045,-0.11423567944008078,-0.699498640354656
2022-08-22,-0.4126327628498307,0.24147812025141935,0.12682646473315226,-0.3656100775481768
2022-08-23,-0.5207694522943557,0.22132845985344632,0.24911014398704912,-0.36383064653049957
2022-08-24,-0.5252292717418447,0.2172169229316337,-0.16397294381990893,-0.46213359244116614
2022-08-25,-0.4940945174312951,0.3428225634564361,0.3419011608939918,-0.6295879988213959
2022-08-26,-0.5090632432005147,-0.10565588548670542,0.11774127416366266,-0.020810980548397903
2022-08-29,-0.47794294412050536,-0.21746051427321114,-0.011293342771875327,-0.03503501035351032
2022-08-30,-0.3993395114625891,-0.38905009070981333,-0.021471448484827522,0.2143883546356805
2022-08-31,-0.5359852100841048,-0.5360044551024908,-0.11007176093628399,0.36482885443255353
2022-09-01,-0.4536311948104112,-0.5378492939098071,1.0662420101099195,0.04763145227534046
2022-09-02,-0.5088869999678759,-0.6366268882050252,-0.0808207305396194,0.38834989818152255
2022-09-05,-0.4663213931674828,-0.6318564733806331,0.09336838858694048,0.37319586701421714
2022-09-06,-0.3971158089720914,-0.46953300256204167,0.32534944537818666,0.32976230218654623
2022-09-07,-0.35902264027041275,0.0902946922841664,0.3718586484650535,-0.15412469993567585
2022-09-08,-0.31050934143582776,0.2233914166990885,1.4033932083276888,-0.3818113930500297
2022-09-09,-0.2997670223887772,0.42845943294661587,-0.1368942523273013,-0.6949331098291103
2022-09-12,-0.2473266920512602,0.5792634280537665,0.1696455890542371,-0.9128948526351196
2022-09-13,-0.09799016818915246,0.0436502318553185,0.2432280366411364,0.09603735288841748
2022-09-14,-0.1004010933292303,0.10701861825266834,0.20809926096260414,-0.045027493042941104
2022-09-15,-0.11566065095035231,-0.004785012488737816,0.9060080195524493,0.14819723699224607
2022-09-16,-0.09777562712756056,-0.21847227457832558,0.26082557682502366,0.17700412215475197
2022-09-19,-0.07130168580582409,0.06456372879678289,0.389677062830609,-0.11127921676758681
2022-09-20,-0.04444427224991431,-0.05010999989444795,0.44843902941467123,0.1852263073966659
2022-09-21,-0.031014569245356796,-0.21506445908967842,0.5657879720023486,0.5378155439654799
2022-09-22,-0.016564749272701764,-0.32138766645836714,2.5569049411041767,0.45700198699622757
2022-09-23,0.07835345501856071,-0.5553818262168655,1.4690943268365795,0.731265839970123
2022-09-26,0.10199941241678288,-0.6401837961551373,1.7992640565483584,0.571121870148702
2022-09-27,0.1423272148484356,-0.751601855716794,1.5023341289600278,0.5253140199271064
2022-09-28,0.14680728252174588,-0.4857764911150042,1.3963765319223307,0.3299978339572381
2022-09-29,0.2011111068115755,-0.596227455334507,2.7392942539214986,0.5403465731909766
2022-09-30,-0.18419312976816898,-0.6830068920817687,1.400359016605748,0.6751782612744441
2022-10-03,-0.267865236201238,-0.5350636483325094,1.2694652406528653,0.45965751487696976
2022-10-04,-0.3161243258293885,-0.05862368062762403,1.148927729447874,-0.07683674095126208
2022-10-05,-0.2847770073385781,-0.07266139411012225,1.0564577022504038,-0.15253412021265075
2022-10-06,-0.3061763403894965,-0.14731450771329538,1.980406544482924,-0.019843030210946366
2022-10-07,-0.3057327232179454,-0.4998628249020373,1.2287948224851717,0.5328924774698605
2022-10-10,-0.30733456783482993,-0.6818793158219072,1.3871847222482232,0.6023585500224283
2022-10-11,-0.29206129843151657,-0.9988713421156908,1.2003062099972246,0.5899154610189653
2022-10-12,-0.26673483590327246,-0.8908991564708545,1.212700687821316,0.6326473619131311
2022-10-13,-0.1755426713925626,-0.656502909153215,1.738287452621941,0.01662557866048094
2022-10-14,-0.12585259607603505,-0.8013871216427687,0.6829400237445832,0.6064441711008943
2022-10-17,-0.10507031694415131,-0.3187041842081717,0.852530772582556,0.08271101736764107
2022-10-18,-0.05531838176957671,-0.1830287800832368,0.7627897351541616,-0.15949943484010326
2022-10-19,-0.031501634366041795,-0.2479992367253762,0.6427531362843634,-0.21195563272692078
2022-10-20,-0.015136364337865419,-0.2802499051583223,1.5078309379142159,-0.07949887359174601
2022-10-21,-0.02532332406343586,-0.04237687327514515,0.6910692834432751,-0.5778653339213458
2022-10-24,-0.07485548328306295,0.14053917874745797,0.6843051724145439,-0.9378218845637688
2022-10-25,-0.09768564460744085,0.3349036885921648,0.7011715983904471,-1.2041236035230751
2022-10-26,-0.09012039079637496,0.44872962690925705,0.7845551024627524,-1.015721608096779
2022-10-27,-0.12321820978872068,0.5073301487157096,1.1214234721791119,-0.6966080867484147
2022-10-28,-0.10831712149436831,1.05964178534324,0.6423766722909623,-1.4048063220886104
2022-10-31,-0.3966396326878624,0.7309603503242432,0.4192802144048889,-1.2676066914917008
2022-11-01,-0.3266550782268254,0.6948608653880632,0.3717210623033112,-1.0069407211868344
2022-11-02,-0.2993207946839384,0.10714561894553534,-0.03926621669060782,-0.38591884875849125
2022-11-03,-0.28231568785959765,-0.19282640088901662,0.16524654467245983,-0.4708232352216408
2022-11-04,-0.2178046936866685,0.03987665767503698,0.48043558655575114,-0.5890024068367304
2022-11-07,-0.18530984932762487,0.12592425942916854,0.43047231095818095,-0.6736437502043904
2022-11-08,-0.1615084337436243,0.11393753987423835,0.5331513461923084,-0.7640061185585494
2022-11-09,-0.1304356525961018,-0.19044479125201302,0.3689249509407527,-0.3398274809734604
2022-11-10,-0.2071759124839245,0.6073022820171691,1.0930019780376445,-1.4473219734568827
2022-11-11,-0.24290216619023394,0.606194501649682,0.28178431792160746,-1.3785111830381962
2022-11-14,-0.22937573427301006,0.6367533216957418,0.5768695697082734,-1.3043914514617385
2022-11-15,-0.17681556562963152,0.5891405522264445,0.5915340744620219,-1.2938491896240276
2022-11-16,-0.11542684427988324,0.4374644652588291,0.39981960600769056,-1.0757866230001372
2022-11-17,-0.12427428159812781,0.5790054290156003,0.53771549058265,-1.1524176240295496
2022-11-18,-0.1118348069815058,0.7392548978002821,0.36302589858868284,-1.3413907713590867
2022-11-21,-0.08127105590359922,0.6369010460278176,0.0707609799358469,-1.232788116366774
2022-11-22,-0.06786374596563284,0.7311938198578323,-0.11193006894602024,-1.4050899246673962
2022-11-23,-0.06524818913700069,1.0017013907920191,-0.06070944760590065,-1.412826943129596
2022-11-24,-0.03539879889325833,0.9622490858444578,0.3418695848698634,-1.3329903879193412
2022-11-25,-0.018815190036026472,0.965633635117954,0.028589051920157756,-1.2947997752623548
2022-11-28,0.014376568416360478,0.41904833494588667,-0.04384247994162706,-1.117780668186111
2022-11-29,0.01883183457155899,0.48836177341954196,-0.055688024046217095,-1.0572345285850322
2022-11-30,-0.18246848746822697,0.9611362014738299,-0.05299060273902603,-1.3823634935347782
2022-12-01,-0.1609361852071205,1.0292593298985953,0.4282364824567677,-1.1346690254710905
2022-12-02,-0.08228671010357375,1.113528698849512,-0.24113896200127946,-1.0105193848964464
2022-12-05,0.029129515301956607,0.6801416210768216,-0.36602911251473624,-0.7604268168544682
2022-12-06,0.05158681468104926,0.28829278606608766,-0.3669351661031557,-0.49932063772184787
2022-12-07,0.07608136192455603,0.22621965332040916,-0.22627574935958505,-0.4768072046266737
2022-12-08,0.06981739468770576,0.5194332495591383,0.42013968589163686,-0.6674497295351687
2022-12-09,0.11037082013252288,0.5045495438241595,-0.19277716023178537,-0.5894812743373405
2022-12-12,0.06134820839486872,0.7217066548690663,0.34473520854478495,-1.011630309850947
2022-12-13,0.04557051800528079,0.9543549835633122,0.18216826919902804,-1.0712263665981474
2022-12-14,0.026309804107734387,0.8430219382641357,-0.10312017840298113,-0.9173386776669542
2022-12-15,-0.04268178139717883,0.35727231456387865,0.9985197339388101,-0.3918887628623767
2022-12-16,-0.11788770593961252,0.21218301477660836,0.2834790025320414,-0.19861379804251544
2022-12-19,-0.127436942045753,0.11331775927534687,0.13922203789921758,0.039580007014820284
2022-12-20,-0.2070366378403877,0.13524409247617847,-0.14586968405762152,-0.07259994517929189
2022-12-21,-0.17429402775198197,0.5398270256886353,-0.19033112995549561,-0.42270288339900614
2022-12-22,-0.10565236255319327,0.35668897452129467,1.293891505931215,-0.010785258903237935
2022-12-23,-0.09367626774881592,0.6642512326097111,0.21824455181685265,-0.32841837280158703
2022-12-26,1.1223109731904934,0.5246057473428961,0.042864771930746094,-0.3059193142101957
2022-12-27,-0.09640038516868238,0.7423406955828457,0.38600916457485973,-0.20066357186145703
2022-12-28,-0.06109828516276245,0.3975452278813679,-0.06476971700801541,0.10894239682098604
2022-12-29,-0.0445424474748352,0.4011897555980258,0.6599372754704388,-0.3411342631850823
2022-12-30,-0.014383400524194697,0.14270225723171376,-0.22634814655892654,-0.3065692623232003
2022-12-31,-1.9783045004431141,0.9108138312338117,-0.20779813644420145,-2.8555345786294613
2023-01-02,1.1435873034992063,0.20711195880245267,-0.059961305593064375,-0.27026330813442784
2023-01-03,-1.2935105649318503,0.5059046903374304,0.5915300649587771,-0.06510435129129094
2023-01-04,-1.203040812921887,0.8508854859740792,0.2474363286186948,-0.14660708035286468
2023-01-05,-1.008035832568165,0.719611232327626,0.8728977793342225,0.20420070614912483
2023-01-06,-1.188403178883159,1.1275795924669012,0.109709217403749,-0.2201179571853168
2023-01-09,-1.1654938458695665,1.0860874778007379,0.09216219061652149,-0.04209159954773863
2023-01-10,-1.1376789186529388,1.0601563417356747,-0.32459376973939097,-0.26799918669718215
2023-01-11,-1.0984094732688525,1.2819149228731364,-0.3365163849984205,-0.4918587555590218
2023-01-12,-1.0280016050228584,1.4403318108993994,0.14670698502733037,-0.4526991298891028
2023-01-13,-0.9305846208847386,1.639495031557924,-0.5212862662188704,-0.5993853427293047
2023-01-16,-0.889249012047216,1.7177929428629153,-0.11420832529455005,-0.5840965449463749
2023-01-17,-0.9821348237268366,1.534864294744007,-0.45020971663529685,-0.6081882117525975
2023-01-18,-1.097574083828252,0.9337908604311528,-0.6124027392532772,-0.08670508840291065
2023-01-19,-1.006060647550554,0.6636661532583815,-0.609662531215998,0.16594069425008665
2023-01-20,-0.9628190955241228,0.8355573989076539,-0.8181241905197625,-0.32985716848132174
2023-01-23,-0.9374255202248407,1.1238191722246158,-0.7397124454278782,-0.5737570442142601
2023-01-24,-0.8919390561911413,0.9732127039052479,-1.0409690408438703,-0.5286029498686045
2023-01-25,-0.9128574254884082,1.150060519542611,-0.7829506804754689,-0.550771294433043
2023-01-26,-0.720626804031671,1.2754997636953047,-0.6029132207523507,-0.7141092238698501
2023-01-27,-0.668837839323791,1.3075491561807269,-1.0250602715114763,-0.8046381770998341
2023-01-30,-0.6621982503401196,1.20745045958814,-0.7218762587550362,-0.6149959429256201
2023-01-31,0.045258520715775734,1.3950783482208478,-0.7650986898609397,-1.0834275349220892
2023-02-01,-0.009792703147926112,1.382605052134826,-1.0108603954635764,-0.9951309993543056
2023-02-02,-0.1259596653330541,1.641827750114503,-0.3160494428872368,-1.420234380975883
2023-02-03,0.36176800879910703,1.4510562893650931,-0.6876235308905151,-1.4143319590627887
2023-02-06,0.38470027756319763,1.1118715807534587,-1.024436738978788,-1.5189415564858364
2023-02-07,0.3871834059624354,1.0393452508810608,-1.1133810264435118,-1.7152703070796647
2023-02-08,0.37902694838031475,0.7727292151040669,-0.959870367749181,-1.1523699870072504
2023-02-09,0.3158687769309077,0.6277543274500993,-1.446402907851597,-1.0820112425404553
2023-02-10,0.3349676090819868,0.4282536076624766,-1.2302486741982646,-1.2622872471539288
2023-02-13,0.890024469787767,0.5430421518329108,-1.1340611766947017,-1.0018409652645768
2023-02-14,0.8815302117099226,0.5073540668456858,-1.5018897086881828,-1.0638746749349166
2023-02-15,1.0512164163870639,0.5292036626833996,-1.637604120927376,-1.1962946816999684
2023-02-16,0.9305862883889916,0.33701769265513143,-1.379046290562907,-0.9887321306536834
2023-02-17,0.9466555472637039,0.2559081298013539,-1.238109241759598,-0.9350295839382423
2023-02-20,0.9345758059870617,0.18323925913487057,-1.0211163719549399,-0.9046649023393688
2023-02-21,0.9676261491608443,-0.27701382761375704,-0.9657524411953222,-0.5593299752718975
2023-02-22,0.9948816357521848,-0.04265282435213969,-0.9222888015322848,-0.5992932703201247
2023-02-23,1.0626140881723214,0.231434914732875,-0.18514582059069645,-0.6640786624241523
2023-02-24,1.1162825953643025,-0.13005604240586624,-1.2398608122088546,-0.5450202026092047
2023-02-27,1.1686051472003982,-0.06809804749722288,-1.190908515028351,-0.6193676527638211
2023-02-28,1.1672719229577742,-0.0259143898211345,-1.2179576747035508,-0.4283448846621229
2023-03-01,1.1602643691632004,0.053551760213536144,-1.2944651893819468,-0.3121524559160413
2023-03-02,1.1295107882795263,0.19513247833481623,-0.30250634012657474,-0.6212533188893996
2023-03-03,1.2649353885082222,0.3158779014580954,-1.5287036016586992,-0.7730517808255057
2023-03-06,1.2008662649402557,0.4004815752274957,-1.4242073479724682,-0.8366821471147647
2023-03-07,1.2360872277172636,0.09984367456118329,-1.5374253643741396,-0.5960552204724652
2023-03-08,1.3241545485673023,-0.048221113366437286,-1.958795885063224,-0.7855053306659611
2023-03-09,1.3427556938858831,-0.5366823615458316,-0.32998283064474493,-0.219260640551231
2023-03-10,1.4876710098199797,-1.0034208033497642,-0.5633445266953889,0.45255398571003536
2023-03-13,1.5586569780379178,-1.2816701272396027,0.10691104302384599,0.7286595128739581
2023-03-14,1.0059884413177709,-0.6321072349466917,-0.40958757694482806,0.09186531082111478
2023-03-15,0.9826932169642978,-1.1411297442911912,0.43066370343953453,0.4584426301056626
2023-03-16,1.153793732074752,-0.540677586143659,0.9955623092221648,-0.32115423030279555
2023-03-17,1.0758600923332111,-0.959795367857523,0.6691681399896147,0.1930208998608215
2023-03-20,1.0344621295975864,-0.7549775879419931,-0.06880440589736778,-0.20446611322715458
2023-03-21,1.0657350886372665,-0.1409214870903584,-0.668250227639563,-0.6654038733534958
2023-03-22,1.0505139263660848,-0.42907438767730904,-0.47371518954454855,0.1713092825889604
2023-03-23,1.0335533257618865,-0.6136755909905606,0.9776140453938729,0.15976064794439426
2023-03-24,1.2070627517624684,-0.5859380526749286,-0.15966693446015431,-0.026516557048876146
2023-03-27,1.1505479104495804,-0.335072767208707,-0.108820821142988,-0.3395868623711331
2023-03-28,1.1394441811488378,-0.5045682126696539,-0.3316648649671613,-0.18210252312858535
2023-03-29,1.1017627128269938,0.009211878422100599,-0.34466039923758235,-0.5103230303366364
2023-03-30,1.069197930584801,0.14700138453192357,0.5801516138473017,-0.5942474087532035
2023-03-31,0.2083026278772962,0.47460774341250017,-0.1638055687008951,-0.8360103016514788
2023-04-03,0.1426432784585502,0.2628600685472542,-0.571545667771118,-0.898565338458459
2023-04-04,0.11737198452668947,-0.02072638220694249,-0.578736882989104,-0.6743022316972717
2023-04-05,-0.04178010986978618,-0.34327913898771456,-0.8987756643118292,-0.5638028170571686
2023-04-06,-0.12550385367139436,-0.1826993386970428,-0.7489161569094093,-0.6758507062331885
2023-04-07,0.72185216561164,0.08557623478102541,-0.6757560172210312,-0.6430578920171961
2023-04-10,-0.13529588730036735,0.45614294229806374,-0.9022700021218624,-0.7832102619925253
2023-04-11,-0.14081365570843413,1.0240450141887705,-0.5924236001044805,-0.74202659464298
2023-04-12,-0.12343464407955362,0.5573837947877126,-0.8503953407696319,-0.6653120846372108
2023-04-13,-0.10989654473431307,1.415351921774919,-0.36690028233226846,-1.034001284771945
2023-04-14,-0.05996213417147052,1.17982867579159,-1.2183794816623168,-1.0335808104802708
2023-04-17,0.09823948609519079,1.5386206423296556,-1.0073757861926615,-1.1556387406257758
2023-04-18,0.06358820778210571,1.6739437432180322,-1.0361716914655554,-1.220420978444799
2023-04-19,0.053782238128530856,1.0793000500338958,-1.5909498568269511,-1.2839991076730384
2023-04-20,-0.094342454411902,0.8819695203259863,-0.7203399931309533,-1.083156432671091
2023-04-21,0.0546410458990531,1.065121943926548,-1.1429038720241838,-1.1516088420630408
2023-04-24,-0.01026684575116019,1.1996190611765831,-1.0011373554513323,-1.087463384946733
2023-04-25,2.3185436692785258e-05,0.47544937190259756,-0.815757173171873,-0.5345131996480944
2023-04-26,0.05442497988115577,0.4926590376355097,-0.9690648525195716,-0.44362689522845694
2023-04-27,-0.021842267037744625,0.8480763022663383,-0.5497381458376583,-1.1089524814199756
2023-04-28,0.048409599839604536,0.7970012737647887,-1.6159621122061576,-1.211597007561491
2023-04-30,0.42174696274194956,0.30087154137051936,-1.7876774011713903,-3.0
2023-05-01,0.45390665085047055,0.4860822432834606,-1.8357305401962232,-1.2638213198344384
2023-05-02,0.3637352770727126,0.11176895190550426,-1.4619756014395546,-0.7833896622612159
2023-05-03,0.4636900716892269,0.10586063161733798,-1.3306657978724379,-0.5164849872291493
2023-05-04,0.46524101019393516,-0.25248075963353706,0.18123112526841662,-0.1524602324105478
2023-05-05,0.5252332135411241,0.295079909465629,-1.4824201928392091,-0.7072052356904031
2023-05-08,0.4795334113375447,0.29637311756459733,-1.5108942139372932,-0.7792521647917089
2023-05-09,0.4731787727091708,0.1678363681128073,-1.3514033734693216,-0.727225121644726
2023-05-10,0.49862523972685896,0.1800320349946426,-1.3966514844048457,-0.8068259102307849
2023-05-11,0.4426340025924492,-0.08445958653745302,-0.6349482878580776,-0.6890197124433737
2023-05-12,0.32179501709997405,-0.14573766752691833,-1.4714401691537635,-0.7721270599701188
2023-05-15,0.14621052199578566,-0.1328046424091563,-1.2890422608526144,-0.8712688019394333
2023-05-16,0.24027217017692198,-0.4019298075898551,-1.2972182715150367,-0.7295827925954782
2023-05-17,0.20279727225064254,-0.019169705786599586,-1.4806136169363817,-1.0768309630216453
2023-05-18,0.29748759758409066,0.4191584497021157,-0.43602226673346756,-1.2989230370898486
2023-05-19,0.32091637372144094,0.44689333558416355,-1.2820602772949903,-1.3189977497904202
2023-05-22,0.27966164229858415,0.5625868314558203,-1.1018754208772412,-1.2903338645873053
2023-05-23,0.23731007106449495,0.515395040011639,-0.6505391735647578,-1.0110871307014435
2023-05-24,0.24137032934840158,0.288730452402457,-0.6272393219457408,-0.8922552009716603
2023-05-25,0.3740803410698923,0.3926466890228866,-0.020580637771847814,-1.2924574541344154
2023-05-26,0.6692049370517087,0.7086918381080712,-0.8089233146131328,-1.4789898081038197
2023-05-29,1.4656480797880156,0.808792720623412,-0.9325230531977744,-1.4593381333575608
2023-05-30,0.703204735158766,0.7722544633735468,-0.8500102090978827,-1.2796501176135449
2023-05-31,0.32260053588337717,0.8152646214013592,-0.899380486647039,-1.1866645688027526
2023-06-01,0.45861002453741734,1.239545135223283,-0.5125421600431821,-1.2374630816723786
2023-06-02,0.6117852224503756,1.969085301329019,-1.1005614449668708,-1.450266027579745
2023-06-05,0.39589232043329986,1.8285445324775864,-0.9243052403991208,-1.3559200692075892
2023-06-06,0.4200741176711437,1.9762798082837727,-0.8352681674960563,-1.375822909827071
2023-06-07,0.40613673716971743,2.12511748746124,-0.6973104371740343,-1.3286893997485782
2023-06-08,0.33873240367777213,2.01293238748012,-1.5060617768395508,-1.3760827207130792
2023-06-09,0.33615469545991317,2.1104196639685755,-0.5796449076281157,-1.3548402207151828
2023-06-12,0.32033931021783185,1.9883648987029061,-0.4673833835018445,-1.527047045618029
2023-06-13,0.3186663230821382,2.0977771051407483,-0.3490280279109202,-1.6835398389590512
2023-06-14,0.3292024538787081,2.1444045404496013,-0.5290215026790724,-1.6237566809006594
2023-06-15,0.32509518269617577,2.014993177215982,-1.5217488515441049,-1.5751545452297993
2023-06-16,0.4168585015408394,1.9420533202624781,-0.8718561104640095,-1.514909225527028
2023-06-19,0.39122712931106374,1.9819214276338422,-0.606932898405858,-1.5373798023364327
2023-06-20,0.597570660992307,1.596988361708416,-0.9256577569522931,-1.4116064414909868
2023-06-21,0.5782464257900672,1.3541405306897816,-1.371505889159657,-1.3448643275698653
2023-06-22,0.5580309413347714,1.4682571237840045,-1.7334286390862446,-1.459891503559842
2023-06-23,0.4268034075381619,0.9917247977816248,-1.6008668449239105,-1.3159710760057233
2023-06-26,0.4788185800463412,0.6472961918898774,-1.6388772243680783,-1.234689670528408
2023-06-27,0.840667107235588,0.9344320983261022,-1.6375607498997884,-1.3963803208719254
2023-06-28,0.8663322318806149,0.9764592576176353,-1.6802847482850805,-1.3114440303175365
2023-06-29,1.113565287180601,1.3195859518409976,-1.7152412166912758,-1.5645137270257183
2023-06-30,1.6792753163006937,1.6306250719045066,-1.0858677687905154,-1.6275398185853756
2023-07-03,1.682345704618884,1.3900817301127093,-1.3048642502296246,-1.5363788198912673
2023-07-04,1.6722759934443672,1.3022464246396714,-1.3491377532495363,-1.4937828608537447
2023-07-05,1.5423301853854134,1.1864771290058216,-1.4435781427390428,-1.581643161763742
2023-07-06,1.9386738513079045,0.7473096500029739,-1.9280482599825814,-1.6260017773625168
2023-07-07,1.8459033312266204,0.7499973060818916,-1.4833287911446018,-1.6079115960349744
2023-07-10,1.783541910495868,0.678692817397371,-1.3534674388285224,-1.5432833767709955
2023-07-11,1.7249993155147314,0.9167818766964542,-1.2904714419961072,-1.5791231887570896
2023-07-12,1.5813996444527982,1.0486768694605697,-1.3828137395734457,-1.4221865786228691
2023-07-13,1.6194179167161282,1.125516618496922,-1.5960567307136242,-1.3235834165361968
2023-07-14,1.7396372888466536,1.05559796684846,-1.4974042169276651,-1.3396640342578603
2023-07-17,1.6948536880645808,1.0027098648486132,-1.400433726060969,-1.3463655257385405
2023-07-18,1.5439932930992621,1.1062914039049454,-1.4072551782657974,-1.4538281973650715
2023-07-19,1.3955254101740435,1.1975358863452632,-1.28851590240828,-1.4345584709536068
2023-07-20,1.3317692741760736,1.1895318004240607,-1.9631195507509127,-1.2832684739489568
2023-07-21,1.3069309974891368,1.2232152803721237,-1.1546416905428616,-1.2801813235228747
2023-07-24,1.2987905523286924,1.395359365956782,-1.1548712811643347,-1.3070231888069446
2023-07-25,1.4053078327137751,1.3600727373044483,-1.1476227389607032,-1.2588156964332682
2023-07-26,1.3793661874021286,1.1494210281047907,-1.2941988185100328,-1.2013075525714447
2023-07-27,1.6359220748683267,1.0660633084837874,-1.3841147669654552,-1.2349053971206314
2023-07-28,1.5692254273149189,1.1554794613382926,-0.8754755474767463,-1.2276494094635422
2023-07-31,1.4341140676566109,1.1157606385736707,-0.8571561513295762,-1.2284948099943198
2023-08-01,1.4069998301342583,0.9600337295952366,-0.762063994881032,-1.262775033693548
2023-08-02,1.5166956271778689,0.42838103077416695,-0.49510977348584384,-1.2269248370491332
2023-08-03,1.4991475590737802,0.4177234004731452,-1.3713513997259716,-1.3344592471232382
2023-08-04,1.4598195694553282,0.4527062994344378,-0.08138773854394102,-1.03862463923163
2023-08-07,1.4370953514790115,0.5924695980654614,-0.3956224255613523,-1.1326087460898406
2023-08-08,1.4658272384228574,0.5260989410925451,-0.4978381902662712,-1.1120907985412154
2023-08-09,1.5104143091001285,0.4454082801495144,-0.5888101250726838,-0.9633354687118908
2023-08-10,1.4197489745916287,0.42040054063802923,-1.1840135120071078,-1.075966007397615
2023-08-11,1.3710129084825282,0.5209624433782314,-0.7547088549205371,-1.1355632691161073
2023-08-14,1.3062035304627349,0.5172665155089974,-0.7793911649652691,-1.2756640580780776
2023-08-15,1.2954468687422551,0.3285338466479781,-0.5666447726950563,-1.1641153849857482
2023-08-16,1.3588083208005723,0.17323746915747157,-0.7232767747604298,-1.1467892641659212
2023-08-17,1.4879793056167354,-0.09262820672850995,-0.575583244395488,-1.0196072716861309
2023-08-18,1.4962386287640257,-0.04668476836853302,-0.7090945317476252,-0.9769720570710623
2023-08-21,1.3726046803280074,0.17310648545939722,-0.6549571716311746,-1.1459579272724765
2023-08-22,1.3044508475990633,0.0791380850758205,-0.7274778161934109,-1.0335278508716677
2023-08-23,1.140629888340588,0.3315826046973566,-0.7421031749854183,-0.9854922511070623
2023-08-24,1.1393572068610198,0.09872404387405008,-0.34415919848549065,-0.7727387040670298
2023-08-25,1.1110086617567616,0.10074462032495037,-1.0252092862749747,-0.922646806434338
2023-08-28,1.0509311276972884,0.28299223765590065,-1.1424538335588013,-0.9113963935676903
2023-08-29,0.927663846331257,0.3539685183214641,-1.1224067692267823,-0.9766398751239908
2023-08-30,0.8240388090764617,0.37928874868295054,-1.258645978198524,-1.0417832175924904
2023-08-31,1.3050825821542507,0.5758918525436365,-0.7920368093595932,-1.0350314595166286
2023-09-01,1.2852925424374793,0.6305238568039122,-1.3001268665496641,-1.1004426389596966
2023-09-04,1.280663779353112,0.7196932324192495,-1.0758988265668634,-1.0004515579793993
2023-09-05,1.2886986430342668,0.4733873051162605,-1.2730547733986206,-1.033356252291625
2023-09-06,1.3321234384119611,0.32309209781539516,-1.264795401163943,-0.9533012790844821
2023-09-07,1.3610692959488422,0.20987083643410537,-1.257018242133778,-0.8810595303721904
2023-09-08,1.316721223357943,0.19582253890295984,-1.3163403563989866,-0.8573113412408616
2023-09-11,1.2506472489371443,0.39821906725450185,-1.2388862702300398,-0.9286124040848948
2023-09-12,1.216234073941698,0.20699586474505585,-1.1664989036043552,-0.8180699341733919
2023-09-13,1.2435095750511682,0.3577624182405878,-1.2768368601457132,-0.8219650987055882
2023-09-14,1.2511575556797103,0.5873090510041437,-1.0746464904670425,-0.9349313500549937
2023-09-15,1.28325210309818,0.4740410141083551,-1.0086580449633018,-0.763772626707215
2023-09-18,1.142269066900437,0.6294895451749364,-0.8888394390580632,-0.7799773085827507
2023-09-19,1.0917048499603845,0.5736438716172202,-0.8714388053246583,-0.7791013246040444
2023-09-20,1.093301985928689,0.38198213247376517,-0.7333288371186331,-0.6562158135371549
2023-09-21,1.0399410242257152,-0.11810159219131618,-0.012214102588599871,-0.5686475509119114
2023-09-22,1.0057460680090635,-0.22568881910330305,-0.3977252675206209,-0.4453722381408246
2023-09-25,0.8583175266251668,-0.23055931216912526,-0.5666551206177395,-0.6331386926735647
2023-09-26,0.8409365476284298,-0.5255076788681226,-0.24528602054391313,-0.5053171761218821
2023-09-27,0.869355721409095,-0.7554731590475655,-0.8898246840212022,-0.5097335597382651
2023-09-28,0.8758429586653008,-0.709346296417899,-0.05801738171537376,-0.5444790826861516
2023-09-29,0.8695363805162937,-0.677340128545487,-0.987727547113715,-0.4132486275460151
2023-09-30,1.0981103022607699,-1.5710894778138433,-0.9376620347142426,-3.0
2023-10-02,0.9802958425104399,-0.818006590988866,-0.9447064505070208,-0.4567880750021943
2023-10-03,0.9510405276888224,-1.0941982367665852,-0.6812657989400632,-0.3732246778387193
2023-10-04,1.0422377070858122,-1.0717010063298547,-0.9184382543747174,-0.5183231111798218
2023-10-05,1.0391606802493474,-1.221555879427743,-0.24581383477439833,-0.4657968588752845
2023-10-06,1.1791482774730304,-0.9889019108696936,-1.3583172779821704,-0.6795258828918098
2023-10-09,1.133946555132881,-0.9383048757592558,-1.25957832050987,-0.7605577990763037
2023-10-10,1.0865914944791355,-0.7643064341689639,-1.0936381723742925,-0.6372472813986064
2023-10-11,1.0455359075414397,-0.7369660019319019,-1.3675942395122356,-0.5435472383572116
2023-10-12,1.0189765326653628,-1.0754372660459455,-1.071911961275053,-0.4919230808387542
2023-10-13,0.9287187935460779,-1.2238450781302688,-0.8238205219762842,-0.4050118443154152
2023-10-16,0.8936934252158988,-0.9357907921875809,-1.1722418110632005,-0.6509580688378476
2023-10-17,0.9241705966345212,-0.999414855872242,-1.0829314590612242,-0.7035547731827967
2023-10-18,0.870453340630829,-1.3709813004394507,-0.9361362016968726,-0.581293298891468
2023-10-19,0.8380709360788978,-1.4671001808195856,-0.14736570308303007,-0.5512692997798191
2023-10-20,0.7937891950885283,-1.6294140652079045,-0.29407049270693,-0.27807369295171414
2023-10-23,0.7440752202820218,-1.4502121465914768,-0.4142090713670537,-0.30150821106754777
2023-10-24,0.766058954592182,-1.1357972329644148,-0.5816552253842007,-0.39093290898297656
2023-10-25,0.8179290656646119,-1.3536587080665774,-0.44091846211253516,-0.18891423335236124
2023-10-26,0.9827462205234385,-1.4995736713988446,0.6050006183544261,0.027598153313679912
2023-10-27,1.0131699507247014,-1.4733251919559676,0.05878030113371207,0.20476332982572534
2023-10-30,0.9188018885926955,-1.3533394675171613,-0.29231987914108926,0.01531099890073172
2023-10-31,0.19226726985605716,-1.0463197837935236,-0.5050591041077652,-0.15035434444236512
2023-11-01,0.10933950788917092,-0.6228803615640042,-0.3957961019251097,-0.15556767427031234
2023-11-02,0.16322858219714184,0.0584640773309018,0.9699156958050039,-0.23284978733941647
2023-11-03,0.07785760986036856,0.4259577739698802,-0.2690613833023665,-0.1795934471167476
2023-11-06,-0.034391135682200105,0.3446119769799525,-0.5808440090013441,-0.2134167521274097
2023-11-07,0.003637617191898524,0.3398765014598732,-0.484024625710044,-0.30807403602467814
2023-11-08,0.021263040574530514,0.2386162968106176,-0.7012651385480299,-0.3088690423535968
2023-11-09,0.013595194339403024,0.26459781887250455,-0.6104963971633539,-0.3099154871138009
2023-11-10,-0.05537908368295353,0.6235390391534968,-0.15564140271272586,-0.6119027519423526
2023-11-13,-0.10934125706409598,0.763918541196707,0.12470164082256495,-0.5692931301843431
2023-11-14,-0.1512608741027672,1.1404189647771097,0.2887425241954646,-0.6787806552618716
2023-11-15,-0.02812960303133011,1.174318347623711,0.1338924342516156,-0.5731916883944119
2023-11-16,-0.12726426528608864,1.1597733694327625,-0.20615952407450536,-0.5755382752475575
2023-11-17,-0.057286074223486375,1.169766834297388,0.262765385435362,-0.5946799388957544
2023-11-20,-0.07079851257273288,1.4724691318975505,0.2896223994537078,-0.6038533582159941
2023-11-21,-0.08570499959919371,1.3578748880537914,0.1501667513046339,-0.5895130366197026
2023-11-22,-0.10921925482681742,1.348080870988607,-0.14247369931007142,-0.6673107439941239
2023-11-23,-0.12428745931612617,1.3261028120425449,-0.8320517179638326,-0.6320942841097892
2023-11-24,-0.13672782796149133,1.3857689861967895,-0.24848873275587333,-0.7213004461672753
2023-11-27,-0.16197205644470433,1.265157612545487,-0.17464402076122232,-0.671069183724328
2023-11-28,-0.23086857472619612,1.2522441359603413,-0.1911095300073192,-0.5977651745053167
2023-11-29,-0.15118735971944375,1.1578227591797303,-0.15182145666327296,-0.5121875622120976
2023-11-30,-0.10973825086234362,1.1771523846257803,-1.2517742353392585,-0.6077427179152316
2023-12-01,-0.18137034022936635,0.9501451164072124,-0.16062005306133426,-0.5389565710070142
2023-12-04,-0.36019416057233594,0.7855163549550902,-0.3376110696261275,-0.5334572278018693
2023-12-05,-0.2761758807425822,0.7821598014803655,-0.40908115879645834,-0.519194485956377
2023-12-06,-0.2943245921522817,0.7100361881426634,-0.636829032447309,-0.3896688407452276
2023-12-07,-0.31092810675928395,0.8572567150982774,-1.097209591089045,-0.5522788949378183
2023-12-08,-0.1684728175347366,0.7932353873590946,-0.8604442271776552,-0.6029754293432555
2023-12-11,-0.22065472871543598,0.7858674692029964,-0.9264973169689615,-0.6997273430059877
2023-12-12,-0.2292757899549703,0.8801260832156651,-0.9461673952182623,-0.7131603965168405
2023-12-13,-0.2724554192803135,1.1097361299117703,-0.4837324160051702,-0.7811807608076682
2023-12-14,-0.18541298764580377,1.40763605098025,-1.5367624560640696,-0.5373624232318308
2023-12-15,-0.34432846188755856,1.520297669616254,-0.5086496301420536,-0.4530934980973816
2023-12-18,-0.37958011617888926,1.518956313124491,-0.3761426838715455,-0.6111140265560675
2023-12-19,-0.26845261879401694,1.6203665580123974,-0.3826594082998849,-0.7249641116548597
2023-12-20,-0.20411371470553416,1.314128273501318,-0.21996095964799955,-0.3649177243187474
2023-12-21,-0.28780883425217496,1.517561236696821,-1.1537078406818253,-0.5739280013499656
2023-12-22,-0.2610606656810263,1.6243300173475184,0.03424694376582002,-0.6631764766151901
2023-12-25,0.9648799191654206,1.5824837302235835,-0.0027300459632334743,-0.6397139942707266
2023-12-26,-0.34179873082030765,1.6232199340853903,0.08381599615065576,-0.6826813815850948
2023-12-27,-0.32436379804549337,1.6554439808330996,-0.0053977584080378525,-0.559483092624985
2023-12-28,-0.41926161152662145,1.5495954825244467,-0.6874562378184472,-0.5040530589881882
2023-12-29,-0.4654808030300539,1.550437998380657,0.1582770162240436,-0.46351633171916223
2023-12-31,-1.3545970740308806,1.8716530552628434,0.027525110529832426,-1.851265507539416
2024-01-01,0.9720346497168594,1.3640102123774835,0.08821971216677528,-0.43596618080436006
2024-01-02,-1.291822617460636,0.9986466629754481,0.006500178716399516,-0.37999345120043143
2024-01-03,-1.2784602763678936,0.6020048994267552,-0.011263874846180985,-0.29425076336287054
2024-01-04,-1.1348228044837292,0.4983303103527184,-1.0331214059151645,-0.28148504425185605
2024-01-05,-1.111645350621135,0.5601597852161976,-0.3608968950133069,-0.37899030600213224
2024-01-08,-1.0954248188945954,0.975872652912345,-0.2253280920264004,-0.7038043224944219
2024-01-09,-1.0489216091850948,0.9232470388231563,-0.28466611153514393,-0.7778872674245367
2024-01-10,-1.01849504958672,0.9883679980668177,-0.5687115696200334,-0.9313189096871508
2024-01-11,-0.9690308439063623,0.6617780857686976,-1.2840717745396062,-0.7957061812614822
2024-01-12,-1.0092073847875414,0.7464850999398159,-0.29313873795189677,-0.7648819879257042
2024-01-15,-1.037813549668086,0.8284086080102692,-0.04239805200200603,-0.7644427874250788
2024-01-16,-1.187710578570779,0.6206758523520942,-0.07231880351485229,-0.845791003982816
2024-01-17,-1.0890771136379074,0.5165168609386863,0.08593786289982089,-0.8740946190201094
2024-01-18,-1.0184286066022363,0.5694043055753186,-0.5447359002945775,-1.050604834752992
2024-01-19,-0.8136095686431305,0.7658420318389805,-0.22422550382646445,-1.2032944283958018
2024-01-22,-0.8314644351613889,0.8348234732754422,-0.31005817575470573,-1.2736460969815462
2024-01-23,-0.9173465031158617,0.9061173365246061,-0.5219514355382506,-1.3492012234403286
2024-01-24,-0.7619864722366859,0.9439857552236284,-0.5167450627830055,-1.3016749240185683
2024-01-25,-0.6198813221427614,0.9018049219618446,-0.5729930683833759,-1.3365851194694542
2024-01-26,-0.574088587600539,0.9071506922907817,-0.46419100619634135,-1.3208342075809492
2024-01-29,-0.49952128870572765,0.9263700320318865,-0.5006083225606611,-1.2922738538692387
2024-01-30,-0.5400164386179472,0.7338047416913936,-0.7569765931748583,-1.3519700694973231
2024-01-31,0.8614009612892312,0.31433592890980605,-0.44332484669457084,-1.0974147750078331
2024-02-01,1.3494336470616497,0.701889051352867,-1.2490247272114272,-0.8557543852419308
2024-02-02,1.4175190122779178,0.8717059250411396,-0.44863032780259154,-1.2078865907756342
2024-02-05,1.4307829461040307,0.7002916709181649,-0.8387768655156972,-1.2244237629009735
2024-02-06,1.3943624355793243,0.6163708856136347,-1.1966074374770777,-1.1145100830568846
2024-02-07,1.3540918049634223,0.68514635897566,-1.29801816674477,-1.2092085137247832
2024-02-08,1.3060804495996887,0.6570011669931742,-2.086886854750693,-1.277386601635747
2024-02-09,1.281217688657569,0.7741297796400952,-1.301689732521752,-1.3533419784620153
2024-02-12,1.3150378209588784,0.7360113434660133,-1.0019737371850186,-1.3085500516354303
2024-02-13,1.3290898020217994,0.4264429754107075,-0.6354327252725643,-1.2013713350712765
2024-02-14,1.2967989885278974,0.5792148779665528,-0.9444725378211413,-1.2447278557592858
2024-02-15,1.2440347120381414,0.7621349088467612,-1.0560737733627827,-1.216228495997828
2024-02-16,1.0831300715398724,0.609106024327322,-0.9451017863769839,-1.0914491938944577
2024-02-19,1.0781091793576199,0.5217600343201791,-0.8463262060071967,-1.053593697291036
2024-02-20,1.0588802392916894,0.31079230457101054,-0.5713762135152037,-0.9266028921145094
2024-02-21,1.078104086634132,0.3915439289077536,-0.6477415299664723,-0.9454001953156652
2024-02-22,2.839182752618353,0.8068366534861874,-1.1697830726454679,0.31823921342600336
2024-02-23,2.754836311538567,0.7559074812504606,-1.0916701676972467,0.3640866387692288
2024-02-26,2.611960450096551,0.6635793935314862,-1.1685585081908791,0.4022344366268905
2024-02-27,2.4549260612093065,0.7060137041002937,-1.202586472092945,0.391248839294841
2024-02-28,2.3734727497208876,0.6060333445453627,-1.0667062563791598,0.4100674926026718
2024-02-29,1.7462344453497864,0.8636002007449451,-1.6281659594250664,0.3791730929453177
2024-03-01,1.2830920940004549,0.9616046086059844,-0.9663610113541309,0.3179579950476316
2024-03-04,1.3395608783508672,0.8563005081947811,-0.9101944321464803,0.3586267115049183
2024-03-05,1.1979353697560242,0.6243858680478428,-0.6445665158669652,0.5351617001132704
2024-03-06,1.1704030732594162,0.738640122565186,-0.608457124755909,0.5190307264915046
2024-03-07,1.1734071186003172,0.6982876560089003,-1.583584250258851,0.37521036208376574
2024-03-08,1.23224075654958,0.4868499963472457,-0.766117939799201,0.5905841949842834
2024-03-11,1.184219144400057,0.33755987110133484,-0.7167067840398528,0.6125722504332807
2024-03-12,1.1862077062743088,0.5575658323982056,-1.0630037480474057,0.5116359909476148
2024-03-13,1.1841212684711606,0.6022842853428854,-1.0367937421995173,0.5096415410323671
2024-03-14,1.1465901250267656,0.47843334034463364,-1.564490272038068,0.5352982903279199
2024-03-15,1.042925066113689,0.22809277896160784,-1.0300855580228414,-0.6106749017885107
2024-03-18,1.0076400378312678,0.3573755986375603,-1.1007933764373439,-0.6837111427773482
2024-03-19,1.0362686849340086,0.4097982424157029,-1.1148423705685018,-0.7870999250808064
2024-03-20,1.004129893294923,0.54840868052885,-1.1944889352173478,-0.8204614935909955
2024-03-21,1.129027223286381,0.6723530901377087,-1.3010988525098248,-0.7084348139474906
2024-03-22,-0.1778279435176887,0.40237211603175016,-1.258100614816097,-0.6855065978741284
2024-03-25,-0.14909920089735115,0.3190764078658875,-1.203593448205403,-0.6566063395721232
2024-03-26,-0.17363363576519794,0.21917946726393586,-1.0955790841202622,-0.5573494534368207
2024-03-27,-0.1668786187318343,0.42711334596107475,-1.1347355996965587,-0.6650197150078502
2024-03-28,-0.10136517813460744,0.5228162859982128,-1.676377444518277,-0.606679536595947
2024-03-29,-0.10078695599932311,0.5682196166322753,-0.9191801323202534,-0.569024165421625
2024-03-31,0.4851512323393065,-0.21757329513337922,-0.8576861825730322,-1.9751938121458732
2024-04-01,0.4408235473429583,0.4619626173031258,-0.8075116449080235,-0.5650590766914766
2024-04-02,0.4721357485503944,0.21344616933716087,-0.585539048268007,-0.3944932627431676
2024-04-03,0.4282163103973908,0.10754086636027166,-0.8051553383211422,-0.4323665194055886
2024-04-04,0.37385879703685887,-0.24275960842360864,-0.9932155340132112,-0.1848699661549524
2024-04-05,0.4647524047608604,0.03689829081731397,-0.4266959310883462,-0.40210383310261816
2024-04-08,0.41492961664208333,0.0880919658999548,-0.6518654548420523,-0.37243136290400514
2024-04-09,0.38803612421429823,0.037488380875223645,-0.6672990789172103,-0.30826149245271217
2024-04-10,0.42335699617182165,-0.2519702996820169,-0.8204260602232311,-0.2618581740076688
2024-04-11,0.41341602167985747,-0.07961311211608181,-1.2502437069477763,-0.3986051758666013
2024-04-12,0.37707309501327374,-0.3709608041713535,-0.20992173519753718,-0.18046697216542548
2024-04-15,0.3672980040357266,-0.8094146962322152,0.049706037146693215,-0.1002386078819774
2024-04-16,0.22971553257862337,-1.082369360027534,-0.3168194967524791,-0.22735426564241135
2024-04-17,0.19663671379904135,-1.2346414776371213,-0.47158442402470296,-0.060393501808578935
2024-04-18,0.2067838016817913,-1.2559252885225636,-0.20415691088792012,-0.015566924435613515
2024-04-19,0.2619571849681628,-1.1900019891049665,-0.13172034136465252,0.0657604217921465
2024-04-22,0.15758120791617194,-0.8119209442445122,-0.5496249851707893,-0.01726189169596104
2024-04-23,-0.009890631690485058,-0.490546846088948,-0.6581709713060605,-0.14498928366320046
2024-04-24,-0.016643765252268534,-0.5951638787227246,-0.9363131021251179,-0.05078944484942779
2024-04-25,-0.16270755971961193,-0.7231193437511929,-0.29276812198785795,-0.05795754542309234
2024-04-26,-0.14778840861929998,-0.3701276468630357,-0.8759957699013647,-0.09379108295615737
2024-04-29,-0.19482971945026398,-0.18823957424085438,-1.015935050291643,-0.10387621451018095
2024-04-30,-1.0853887449918327,-0.6793088999523813,-0.8942202030541937,0.16607444881460734
2024-05-01,-1.1944019887679036,-0.6153151389547025,-0.8277681739843691,0.237214655292428
2024-05-02,-1.1404486262907594,-0.3053556657284331,-0.5225420182049594,0.16533480870945894
2024-05-03,-1.3337807944991176,-0.023982343411379323,-1.0170452130134304,0.055196848160261755
2024-05-06,-1.3036141994250268,0.03012460842139457,-1.0654500433864749,-0.08258485148421732
2024-05-07,-1.2692729842522636,-0.07469401750676327,-1.2237547451251232,-0.09451171428130288
2024-05-08,-1.284491989051143,-0.17758871380360403,-1.3061676574731205,-0.1449196070524702
2024-05-09,-1.3502418477069213,-0.03696294139504138,-1.231335220576387,-0.20086660775575174
2024-05-10,-1.4680644792547648,0.15420962128348922,-1.2060353982694216,-0.1801806337617075
2024-05-13,-1.4252682091900903,0.09765082301684463,-0.9040949152636677,-0.11715355105707567
2024-05-14,-1.3412775448904755,0.22207518271082036,-0.7027900896090887,-0.12710041672985484
2024-05-15,-1.3854371675583554,0.5953446943234936,-0.7667510040562391,-0.30457854468925594
2024-05-16,-1.4376035950036314,0.632834417332483,-1.046112579500563,-0.1806371852479465
2024-05-17,-1.4517010055077084,0.6588766505265471,-0.928607510108987,-0.2354594881678153
2024-05-20,-1.4413455745696309,0.5656874984197999,-0.9537624388988566,-0.23722658902216337
2024-05-21,-1.4210927780109666,0.2864840158841192,-1.08281213123718,-0.3274036697312968
2024-05-22,-1.3990059647322055,-0.0015816833653351917,-1.0947891992802061,-0.15058000815888886
2024-05-23,-1.2253905818754556,-0.21471637510330402,-1.292358169617623,-0.0848167509783854
2024-05-24,-1.1007946680127243,0.04146147888245457,-1.0204006683982465,-0.2594712515697677
2024-05-27,-1.081381672766594,-0.13703620576984873,-1.0110803277429248,-0.20378750465250142
2024-05-28,-0.9364571167781957,-0.2520147248174556,-1.0118621931730456,-0.2776541865364698
2024-05-29,-0.9601168392381288,-0.5388220801897624,-0.586309296750333,-0.2723556107997198
2024-05-30,-0.940457999694503,-0.6765313006673193,-0.45789142196438526,-0.19575751535048563
2024-05-31,0.33205537542021757,-0.5595196737469718,-0.9104652789022206,-0.363939271019868
2024-06-03,0.3161409319590125,-0.6963430242588405,-0.8432127601483135,-0.11066340407394555
2024-06-04,0.25675304390718856,-0.9019073087171807,-0.9717554179827805,-0.204931275254981
2024-06-05,0.34375394438740803,-0.5475144085867844,-1.0540516572268788,-0.3936182987704602
2024-06-06,0.32770178694817487,-0.5203170786236874,-0.723191246796477,-0.31822587205215586
2024-06-07,0.4115913098659682,-0.4797205351746914,-1.3074396132938872,-0.3855631575047957
2024-06-10,0.38306050539973585,-0.41531825852457194,-1.05837369266985,-0.5257552790045309
2024-06-11,0.4039994419021401,-0.3352801302584286,-0.9163166820365615,-0.5821919651059951
2024-06-12,0.3161238353843913,0.015161375364180095,-1.130153969938121,-0.7681418958924179
2024-06-13,0.2667486839290497,-0.34190017378175,-1.4720993237951687,-0.6716472998826916
2024-06-14,0.15449262354506693,-0.6880326950243437,-1.359028660955773,-0.643400895711251
2024-06-17,0.09365329455120622,-0.5821766434966843,-1.3124120253419282,-0.831857259071922
2024-06-18,0.07061655767164125,-0.5435612894677618,-1.2407481308582848,-0.7483793077618932
2024-06-19,0.04330013604575352,-0.5311246964875421,-1.1780329074057279,-0.631538343097321
2024-06-20,-0.09988650043227369,-0.5699942755244706,-1.2688763740132543,-0.5560557539368011
2024-06-21,-0.025197383066497152,-0.5927151923482078,-0.928053002674374,-0.6072224842868983
2024-06-24,-0.029411511996001775,-0.6878161637945427,-0.914536870571946,-0.5249746234597773
2024-06-25,-0.009685126699419747,-0.5884498665856928,-1.0287646151471093,-0.5648145247809405
2024-06-26,-0.055892537114754864,-0.5746715647827234,-1.1584411450690622,-0.6343441419250765
2024-06-27,-0.10320163744110684,-0.45592791464909477,-1.0480490970174923,-0.6571012001538716
2024-06-28,-0.11642422083001011,-0.4942271674087461,-0.9586857277505024,-0.556164854694074
2024-06-30,-2.419539803692722,-1.58450567051801,-1.0173677658013502,-1.756182536894555
2024-07-01,-2.0792847327588095,-0.48052367301059457,-0.880233471877783,-0.6475332905891555
2024-07-02,-1.9741878328620166,-0.17467131682227122,-0.907681202797051,-0.8068472635896701
2024-07-03,-2.254275777393794,-0.24461043255785678,-1.017824548948339,-0.7794615014812472
2024-07-04,-2.183242308969279,-0.24385880032122634,-0.9368342444710983,-0.6673251986928821
2024-07-05,-2.103946302773074,-0.1862213859451306,-0.6952610806801616,-0.6986152084561279
2024-07-08,-2.04544954631917,0.07681436920677999,-0.6303206801302903,-0.6927365098799767
2024-07-09,-1.9776451982525725,0.12001630638207939,-0.4735310318572703,-0.6913499041671752
2024-07-10,-1.92092451230885,0.3292041096688307,-0.2859677532396516,-0.8654053018629526
2024-07-11,-1.8586414030089184,0.36741308124105043,-0.7438930210909123,-0.5648692395660506
2024-07-12,-1.8431256035145867,0.6905114802853966,0.10200615275756403,-0.6593300516159057
2024-07-15,-1.782853213178736,0.7861902075389405,0.21658595605709216,-0.7400655027601131
2024-07-16,-1.6926989410233473,0.925947194051465,0.29257143848159073,-0.7835264545552797
2024-07-17,-1.5533832629802742,0.45193123893081455,0.40418718833496015,-0.5748796296413629
2024-07-18,-1.5120489778053325,0.13732092500092727,-0.40203652140338536,-0.45050846368257375
2024-07-19,-1.4530809490477041,-0.030112295496444196,0.8511983209124516,-0.4393730104071491
2024-07-22,-1.3415803513688662,0.334117147939289,0.5371171919319304,-0.7028096576675457
2024-07-23,-1.3438004222518742,0.3296046119044041,0.4495244360904152,-0.630319972065562
2024-07-24,-1.3887113928530757,-0.39526703030363286,1.2970047991011273,-0.13786304110630285
2024-07-25,-1.336162707803804,-0.3580882070253993,1.1342758257475232,-0.07682640442190233
2024-07-26,-1.3154544884920552,-0.04436407164443259,0.9845869669467077,-0.309482547755659
2024-07-29,-1.2048377798947119,-0.12829241924298335,0.842452819635604,-0.28877684902230594
2024-07-30,-1.0920574114128583,-0.4469684610255907,1.0540827301407656,-0.13651483555566143
2024-07-31,-0.5693873267501119,-0.26740360622029696,0.7931481084538479,-0.38848872948408425
2024-08-01,-0.6973787720039851,-0.8512119240184145,0.4664768856262728,0.05635138701958528
2024-08-02,-0.7471158269340955,-1.8783818233620084,2.5473572954316928,0.2870058087277001
2024-08-05,-0.6931575761869777,-2.534642367475051,3.0,0.8598022260921672
2024-08-06,-0.6724193899713897,-2.0954661591364427,2.7381421471071596,0.6897663920070493
2024-08-07,-0.6591391049448022,-2.016029626388203,2.581544077154772,0.9141343545675058
2024-08-08,-0.6328434192930159,-1.393767639447855,1.6178169285340407,0.2396484021911707
2024-08-09,-0.600670799157485,-1.4760582110146057,0.8159121402745179,0.23892042393374452
2024-08-12,-0.5773878427417191,-1.5748213729029386,0.7769045127447052,0.3099100948982189
2024-08-13,-0.5267802988241945,-1.3633674178707034,0.35660077100601534,-0.08403240823551571
2024-08-14,-0.532576707063355,-1.2111276671076863,-0.12533317428808455,-0.21364920025328732
2024-08-15,-0.6260435085212332,-0.6474631406516411,-0.20591219533082197,-0.6126696982767446
2024-08-16,-0.6290655273020607,-0.49818086967728625,0.0037556547472847174,-0.5351523603766493
2024-08-19,-0.67289236893695,-0.1975016154864614,0.07161166041315524,-0.6370514015658392
2024-08-20,-0.6817986553595821,-0.4108131419697899,0.3328054759340226,-0.5470296567684584
2024-08-21,-0.6885721170184783,-0.4277381183087865,0.5558803405984483,-0.5851524590216897
2024-08-22,-0.7523560375689243,-0.3655051650148188,-0.042581619406455315,-0.4582969511889949
2024-08-23,-0.6412418952349975,0.04540864854652858,0.8769927304265567,-0.5740034590841122
2024-08-26,-0.5037869684969826,0.07276685140080619,0.8269826209938083,-0.46485803018482325
2024-08-27,-0.4357918222245056,0.13913334308681052,0.7019619402149158,-0.5212071183769921
2024-08-28,-0.4282723498853361,-0.05602215242022557,1.0480795745417375,-0.3675018015449177
2024-08-29,-0.38606893953951066,0.12146196473950843,-0.1481298775675412,-0.4039231381386308
2024-08-30,-0.36861859798838764,0.5322587192656391,0.499174555557613,-0.56765677475307
2024-08-31,-0.2100347938480453,1.5529403893944786,0.7292034550905372,-0.5625954631065662
2024-09-02,-0.1750859589256958,1.3716359225783064,0.9821167058162522,-0.46494681403846605
2024-09-03,-0.18725131048163918,0.18622212957446338,2.051650363997495,-0.0340972452714599
2024-09-04,-0.22834640506557868,-0.004400183399092533,2.2967621774431226,-0.10237344127266522
2024-09-05,-0.22303996285074792,-0.27123067013594027,0.8864072332586935,-0.04909040049096409
2024-09-06,-0.2145267996255472,-0.6948412527891313,2.129226290564473,0.44440192308608395
2024-09-09,-0.15890441957606408,-0.07827850102459456,1.7385099124594323,0.05723877185007472
2024-09-10,-0.13600911427626416,-0.2976702403766461,1.5195755317792634,-0.016990247304153376
2024-09-11,-0.05273883152245954,-0.2009196722032995,0.9828654195934073,-0.2435746273425586
2024-09-12,-0.05627832202307421,-0.2328583770553765,0.7396505379750117,-0.2801630475925835
2024-09-13,-0.04458145474986442,-0.06569557702094074,1.0624642088897462,-0.2648155352064787
2024-09-16,0.040169499185594856,-0.09277155478031715,1.3059495273277058,-0.20941854025924808
2024-09-17,0.09643733525889152,0.158839164814412,1.3999814899802552,-0.15981392281515486
2024-09-18,0.12943165353114786,0.19836595602785556,1.645981801900398,-0.15320393955226597
2024-09-19,0.16611444245399906,0.7747297154150373,0.02865354536161197,-0.2746057608151576
2024-09-20,0.17013658441156673,0.4401717950420633,0.7260784982336118,-0.2100062266617123
2024-09-23,0.12303639725586826,0.3881574942801993,0.5966154118639465,-0.22137971777561832
2024-09-24,0.02128411813218422,0.3100229084209608,0.4809691968541089,-0.04274264078126874
2024-09-25,0.04572971175893483,0.305723096387671,0.427509246809903,-0.03970340029070163
2024-09-26,0.20567488928848549,0.3684174792791294,-0.34892730046826664,0.07306260344713904
2024-09-27,0.1965106722025002,0.04430213766530998,0.6128910731808368,0.21274712665720072
2024-09-30,1.4399740961967482,0.37995057416489797,0.6009350144839781,0.1041020417410248
2024-10-01,1.4749580042701294,-0.0387741383621283,1.2904746249377317,0.3527322835903518
2024-10-02,1.4600475389765633,0.23533878309492823,1.1978561186290226,0.45691827433856597
2024-10-03,1.4945238024165015,0.21620273841412743,0.7509726813383153,0.3126121011625181
2024-10-04,1.6002813245715877,0.698728436099538,1.029516768879601,0.12600676198832855
2024-10-07,1.5389402070695817,0.4375476342335755,1.7733860477349055,0.3030293898803437
2024-10-08,1.521000307988443,0.605514975329764,1.463189063237394,-0.05926123853352918
2024-10-09,1.4868729442628268,1.0202046863475003,1.338912894790681,-0.1997162183731677
2024-10-10,1.3862114872256621,0.6964375357937317,0.22188858289636887,-0.06629639781359889
2024-10-11,1.340467813745258,0.8442487422383533,1.2268514731018323,-0.09084504773681448
2024-10-14,1.271675920374123,1.1154674143542076,0.9759827142372998,-0.21145403235847954
2024-10-15,1.2276890208711235,0.9885902330802647,1.3612785349036893,-0.14290091655726322
2024-10-16,1.2189950570665165,0.9572175789430014,1.0362400655473571,-0.25974174801577044
2024-10-17,1.3557225284605334,0.729962280644332,0.13847483230780228,-0.35054577436904205
2024-10-18,1.3446665049436886,0.6925056443363099,0.5884507805104507,-0.2255607086032945
2024-10-21,1.3411811975137913,0.7210006965694511,0.598926858473775,-0.3697975257456523
2024-10-22,1.3383563651274797,0.5767970334590701,0.533413315497686,-0.3794987952766439
2024-10-23,1.3354302955874018,0.20892010713786757,0.7576298216029888,-0.2618302780721994
2024-10-24,1.3743157606185947,0.30630648591332027,0.64351564530474,-0.319632184903001
2024-10-25,1.3778896146377022,0.1714658330580666,0.8688943554479024,-0.35334589046303694
2024-10-28,1.3984993126094265,0.5989825546046523,1.0846290694926128,-0.39490733747823054
2024-10-29,1.4309741416944135,0.5784628241836628,1.214355581001757,-0.3849771498177226
2024-10-30,1.547467530041949,0.8308857649269162,1.5481271194398818,-0.3191405061303416
2024-10-31,1.856050290195951,0.21123966818193657,1.7267919364549742,-0.055183556867105424
2024-11-01,1.666435313102476,0.392032841911006,1.9886284735199162,-0.22513275779465064
2024-11-04,1.6799588616688739,-0.19299002824188236,1.642705441190688,-0.08592757245216297
2024-11-05,1.7242726156312997,0.2867221860420683,1.4637190187793694,-0.1488540665180106
2024-11-06,1.6293374380403898,1.3189761311147714,0.7592485164272095,-0.6615240523486136
2024-11-07,1.6209174350175666,1.3640856181513126,0.16580780115754548,-0.6522551548690738
2024-11-08,1.6260294927508763,1.501612902574339,0.1779994922165464,-0.694573034411942
2024-11-11,1.592667005633815,1.309300831262164,0.021734858978031815,-0.7343718565574888
2024-11-12,1.6116257255364772,0.9868714382343259,-0.2746508133057322,-0.9807122187150622
2024-11-13,1.5864318223864566,0.8117628248239827,-0.405548401393397,-1.036111607900283
2024-11-14,1.5779588263238256,0.5025172280347795,-0.9076168949445078,-0.9726989854255397
2024-11-15,1.649851069246835,-0.021962228391567293,0.013492224026318634,-0.6940966697766318
2024-11-18,1.609468223309522,0.03619441174472786,-0.21405670019230547,-0.676005495589513
2024-11-19,1.5693011700722659,0.15837764743931157,-0.10251999383573485,-0.6398676631688326
2024-11-20,1.5198418817919803,0.2721821503487776,0.1653332750560398,-0.5507478133811806
2024-11-21,1.4457295250135036,0.670003314456823,0.14818315743832403,-0.7173563473285207
2024-11-22,1.4502937751332972,0.7417737916151933,-0.19308182006239055,-0.7139388450001084
2024-11-25,1.4038098035206832,0.7469835937773851,-0.1734107842719768,-0.5969328363087747
2024-11-26,1.271545686761237,0.5746234598478378,-0.34337797005390397,-0.764377657572889
2024-11-27,1.2083419266855633,0.3945777107160998,-0.38807333418844536,-0.6396572342191499
2024-11-28,1.1765303998532857,0.30189686268839294,0.09118797269313088,-0.681056405598044
2024-11-29,1.1502266181982217,0.8216296011058708,-0.17730142448924527,-0.695644859451373
2024-11-30,0.5666986756262827,0.34075861080561853,-0.2204223439464423,-0.8527229345159189
2024-12-02,0.5707885641932832,0.9683311581503833,-0.04958779128419511,-0.5946389992488599
2024-12-03,0.5742393654161704,1.0036606231392327,-0.05556784176376756,-0.5028044589441518
2024-12-04,0.4129526237217646,0.7648309333740497,-0.3877601756010954,-0.5038296870671127
2024-12-05,0.3800778246176796,0.5976230622863853,-0.6188769986607492,-0.4732806066457602
2024-12-06,0.3877038638754606,0.4283504624909644,-0.46468243702125456,-0.4597509935278329
2024-12-09,0.3386394029862902,-0.059736770399707484,-0.2666261380882018,-0.27370971139963024
2024-12-10,0.3747563094529857,-0.26677137961378167,-0.18850256945808144,-0.21315024706564886
2024-12-11,0.3440539795329799,0.031215816209695626,-0.37543707892456013,-0.41276187578633455
2024-12-12,0.22778602544332807,-0.32942680195285023,-0.32268586618703043,-0.3404046853428387
2024-12-13,0.19886122885006152,-0.22430651680165603,-0.36073882974476523,-0.45426933960924687
2024-12-16,0.13126984655571633,-0.2026850033369692,-0.12201886655522994,-0.5274888055805323
2024-12-17,0.0015459664371636032,-0.6611366257812877,0.07121171064143043,-0.5345286066164392
2024-12-18,0.021776597093707214,-1.5842791814856807,2.819592772337327,-0.0059854925692686845
2024-12-19,0.0961647576472875,-2.1298773693355946,1.0610145713348444,-0.20640205731849565
2024-12-20,0.045386024007798335,-1.47163477840367,0.1605643395945607,-0.3944765890999609
2024-12-23,-0.061488550212717236,-1.3167396928940187,-0.4434913752064794,-0.45987887547555006
2024-12-24,-0.09257346724642805,-0.8875553066318449,-0.8599781678760721,-0.6125755446290537
2024-12-25,-0.08071916292498188,-0.9321648622805934,-0.8602832946048538,-0.5739646727964548
2024-12-26,-0.07320798472087264,-0.8162090107893727,-0.12100904999646042,-0.5361400074042336
2024-12-27,-0.08763850956757507,-1.1061471875257844,-0.26809736686142255,-0.3445461680810415
2024-12-30,-0.17055979688966189,-1.5392050221383908,-0.04997776049322671,-0.10371045840137884
2024-12-31,0.7490922321906173,-1.7028491101092786,-0.15052086655791644,-0.02565773142435363
2025-01-01,0.7421693247250126,-1.722401806451362,-0.08435903895610554,0.006519649990906993
2025-01-02,0.796606258934562,-1.5613575612797628,0.29151449458577705,0.0361475638543988
2025-01-03,0.8509889543027418,-1.085498778790568,-0.5403836444983926,-0.21117831353212949
2025-01-06,0.7751757826612597,-0.9140384221631404,-0.6242298648626078,-0.2848795279286571
2025-01-07,0.8587071290258436,-1.3743535282550612,-0.2518012818876367,-0.02650537499833174
2025-01-08,0.8759231542494319,-1.5377129721879723,-0.3637690914095636,-0.08797392663851097
2025-01-09,0.8594060992565836,-1.6438494106127772,0.22507821608671322,-0.2921725664197067
2025-01-10,0.9321300069590993,-1.919059882605069,-0.08079646999548501,-0.06678915366064389
2025-01-13,0.8850740761289035,-1.901651783444452,-0.09799796630845883,-0.23890181389434453
2025-01-14,0.8793822705822141,-1.6876870913981319,-0.16818447340057593,-0.10608091450481243
2025-01-15,0.7730869319420559,-0.83103220739347,-0.4926562790934567,-0.29018335372689913
2025-01-16,0.9651271930241557,-0.8360149333840671,0.9187326228730904,-0.0074751333236993634
2025-01-17,1.0812441743349956,0.058014698421540105,-0.15326401557032276,-0.23464472848093304
2025-01-20,1.0325370156199591,-0.1561180384721467,-0.42022202685667626,-0.12165372190366165
2025-01-21,0.9769324136121772,0.16164961159776123,-0.3676438683208801,-0.3403457652962412
2025-01-22,0.9700645211288482,0.2083735528708006,-0.6258831449173996,-0.430422315908442
2025-01-23,0.9053324947640651,0.28007565319005595,-0.6457953324653162,-0.5799621454004357
2025-01-24,0.7165492191211019,0.10766648176243512,-0.6334823782079942,-0.37545877595383803
2025-01-27,0.7009283666575988,-0.3592676885998158,0.4072013200097135,0.05028003824930311
2025-01-28,0.6688480379592521,0.19274669740674236,0.09676979763087787,-0.08920357440065686
2025-01-29,0.638503148572537,-0.049535622505947195,0.07469590362679529,-0.010703649478012117
2025-01-30,0.5858969930660035,0.11489094045924762,-0.08404954511342022,-0.17144819559833022
2025-01-31,0.7659944065092292,-0.5159192575435236,-0.37599550230207907,-0.1553777162024124
2025-02-03,0.8298323363656018,-1.1900408085409928,0.10730456449545471,-0.007100813512300598
2025-02-04,0.5268700763457622,-1.0812010205390759,-0.35645771106047214,-0.17755093365677013
2025-02-05,0.47633119509383276,-0.8542315559686663,-0.6758262430942519,-0.1285599264126159
2025-02-06,0.3943066722211629,-0.5284218184139976,0.3613224726832713,-0.2492325113749582
2025-02-07,0.27814060834396537,-0.8161615509922083,-0.3774836896114482,0.024299319615411458
2025-02-10,0.2739309868493596,-0.6406263753866892,-0.39799983624046187,-0.0976738841837397
2025-02-11,0.17579263410728238,-0.49690645322520083,-0.2619302147782007,-0.18069360618548255
2025-02-12,0.22591954048225785,-0.5735004547196603,-0.4170562388939873,-0.1431493287811034
2025-02-13,0.19056978244689857,-0.6104579350985795,0.7256602884283702,-0.260695096535677
2025-02-14,0.036818595106340835,-0.515985192018008,-0.7997874201053675,-0.0713283851782002
2025-02-17,0.04240875805957285,-0.7779706801860288,-0.6998021470328715,-0.05650674466982356
2025-02-18,0.015596680781706508,-0.7854978708582411,-0.6935421471419441,-0.09827722266692207
2025-02-19,0.02248142712853911,-1.048259444358761,-0.9360552250769566,-0.09194724897657533
2025-02-20,-0.04131512181485384,-1.1310607592276294,0.3513717364715878,0.09943890311151495
2025-02-21,-0.1761051183115036,-2.016834824037434,-0.15136235970226605,0.7870811020404536
2025-02-24,-0.0738240289358768,-2.1424302696381874,0.1027462538172814,0.9435280693610477
2025-02-25,-0.07738605791558148,-2.1513482490011016,0.32142687331171366,1.0334061942749815
2025-02-26,1.7882596348516324,-2.094566445563029,0.13393224555919325,3.0
2025-02-27,1.6905694701037475,-2.479986737075287,2.791030987725479,3.0
2025-02-28,1.5753529860169742,-2.109971386449651,0.2463151194184571,3.0
2025-03-03,1.6342988240768517,-2.5738585069698376,1.0342535317432622,3.0
2025-03-04,1.6276650491185702,-2.5717283809799185,1.3070414189861712,3.0
2025-03-05,1.6481477481386775,-2.271002357867516,0.6137242087868515,3.0
2025-03-06,1.705684852850021,-2.7940019639327502,3.0,3.0
2025-03-07,1.644151795873612,-2.6001448008429375,0.8427117829439716,3.0
2025-03-10,1.6469795634742215,-3.0,2.019020306595116,3.0
2025-03-11,1.6616126691030013,-3.0,1.624936256997849,3.0
2025-03-12,1.5377972340293704,-3.0,0.830529539822357,3.0
2025-03-13,1.5790759222527624,-3.0,2.591800058810257,3.0
2025-03-14,1.4778994310802234,-2.7408322610031557,-0.002465615668738742,2.9817783612416573
2025-03-17,1.3808807121785,-2.270882449338366,-0.048893745779098954,2.079325824903783
2025-03-18,1.4905190611512515,-2.387637797681828,0.31847179805686204,2.254195229327453
2025-03-19,1.4439608292494261,-2.146084275862001,-0.1867395997601979,2.076092346680948
2025-03-20,1.4411844853679374,-2.065799824784824,1.6841044272394017,2.0632034978474874
2025-03-21,1.4261013522574582,-2.2152675977185847,-0.6224803512587483,1.9822263171383034
2025-03-24,1.4335540975548524,-1.4410025441264993,-0.737604058079053,1.6828847636815296
2025-03-25,1.3636167960676586,-1.4897323047365993,-0.7333228690631189,1.6341145239137889
2025-03-26,1.3838849061968255,-1.6497685582135426,-0.4896300810402657,1.7615749870955457
2025-03-27,-0.10713815393892831,-1.8075129145108524,1.025583042804249,1.7699276336335468
2025-03-28,-0.13501504812062848,-2.271760098862543,0.22318322995570153,2.042005002801535
2025-03-31,-1.9117870881800634,-2.189168318605235,0.44902933078726065,1.8837298416495198
2025-04-01,-1.9147125250430856,-1.8948055119633547,0.3767430604564678,1.8440790752173082
2025-04-02,-1.815097325610673,-1.8398879883939925,-0.14041272375677422,1.691212824333274
2025-04-03,-1.800424680187882,-3.0,3.0,2.3489492725960845
2025-04-04,-1.594960778173227,-3.0,3.0,3.0
2025-04-07,-1.610407829887899,-3.0,3.0,2.5987900441277363
2025-04-08,-1.641166552478697,-3.0,3.0,2.7812401259088673
2025-04-09,-1.6904155018352156,-2.032795251350821,2.8782583412955365,1.3324902662965064
2025-04-10,-1.702827007465711,-2.5258804456050252,3.0,1.7752336184510413
2025-04-11,-1.766473644205525,-1.9639179810546141,3.0,1.5308523057776926
2025-04-14,-1.7532854065193506,-1.9595531244644535,1.6170552919024885,1.5113303298939007
2025-04-15,-1.7125454577247825,-1.9250800451685774,1.5556574846403188,1.523052522056351
2025-04-16,-1.6803955545551317,-2.129628208391388,1.8547878370156217,1.756344806778679
2025-04-17,-1.7387586602207834,-1.903248569093311,2.0561358596582333,1.7321854544354458
2025-04-18,-1.7049537478842314,-1.8905085695593844,1.276105084323502,1.7078189002429718
2025-04-21,-1.5375165112995004,-2.1543489925965185,1.8823028166874889,1.9624124442025126
2025-04-22,-1.567660750479256,-1.964120303280071,1.2953212254438398,1.5992372905874548
2025-04-23,-1.4936443813695592,-1.536296021273466,1.0746055593206,1.4558244432548226
2025-04-24,-1.2251307077221847,-1.2015945706770284,1.7771180325777365,1.2355561423242554
2025-04-25,-1.1636162827175147,-1.0563353211997222,0.7090600130059902,1.1570514310244235
2025-04-28,-1.1512641409949778,-0.9212131422134594,0.8773193290489717,1.174395144536998
2025-04-29,-1.243336903402637,-0.8372383587851506,0.7193289812386443,1.1115773903937103
2025-04-30,-0.9633368476930767,-0.9919407146945237,0.8294949319605388,1.1047096478297604
2025-05-01,-1.0401103008529582,-0.8457144062176943,1.791440924081905,0.9632429886509034
2025-05-02,-1.036320379022459,-0.09531456746339131,0.684003538433584,0.820763319999761
2025-05-05,-1.8054249809000347,0.22205303608587582,1.01839718438766,0.8706919555729189
2025-05-06,-1.732693658317392,0.24485373788937087,1.3190007522914355,0.9465322860425355
2025-05-07,-1.6148009786072994,0.35621542128546885,1.2347198682917544,0.9130527600732751
2025-05-08,-1.6602014519913313,0.17056369774476263,1.143680633116231,0.8039479144269267
2025-05-09,-1.5637904223891692,0.28080190063348626,0.6542630808675359,0.8263854564960489
2025-05-12,-1.4500337882584982,0.8319336096831865,0.1486226350852582,0.38079955828204026
2025-05-13,-1.4382411040837901,0.8122418590594208,0.2079351809835173,0.23955058104970203
2025-05-14,-1.3805293724136594,0.6892199356497429,0.09941625637349126,0.2785205387989536
2025-05-15,-1.3507200912387436,0.731943709193052,0.46525518882568206,0.2601016142315826
2025-05-16,-1.316008355539666,0.6780545148738195,-0.019735245094342626,0.2320887361554885
2025-05-19,-1.1530701156330567,0.641038186866986,0.12280071570249114,0.1692442021266652
2025-05-20,-1.1058182788047883,0.7343896442079219,0.259174644180366,0.21644883654291253
2025-05-21,-1.0365724414670394,0.3610868001793323,0.5361459868900592,0.41737782801641476
2025-05-22,-0.8453791933763493,0.12014437788320183,0.3663529631772403,0.41151292903470665
2025-05-23,-0.8927644606201701,-0.08902324823476743,0.6221878432261029,0.5680014161889434
2025-05-26,-0.8694028834365676,-0.12316871283067352,0.2835815985103231,0.5617213903042126
2025-05-27,-0.7364309518863101,0.4011232945094895,0.36689236160694,0.242477153208628
2025-05-28,-0.7099058318818021,0.2765566927420615,0.3245291762142715,0.29605389519050307
2025-05-29,-0.7175378902572788,0.5499852684504433,0.6734985750313017,0.2796400057412738
2025-05-30,-0.622622770990376,0.39038371121058224,0.28143581912413174,0.27110253951314106
2025-05-31,-1.348941937686708,0.873468051292784,0.1755191080130142,-0.36576927454201313
2025-06-02,-1.37646842229535,0.30107485374476795,0.2663256888457175,0.16950303450511206
2025-06-03,-1.3653550706799755,0.5250146889911359,0.15649010020714038,0.07787335328028072
2025-06-04,-1.3678311275762793,0.4829680148910651,0.14448452606532136,0.17261066898457209
2025-06-05,-1.3780592802123788,0.3788001255277366,0.5621540546209193,0.2513252539134139
2025-06-06,-1.4479968197931632,0.6478297444510384,0.023839313875242452,0.03030667586457233
2025-06-09,-1.394591222321587,0.2603496989591645,-0.09676841146136693,0.06190495618700097
2025-06-10,-1.2513952439570022,0.3019752224022836,-0.1853483098413904,0.0014855497713279844
2025-06-11,-1.3128846289441545,0.23916907561755588,-0.09822648829504,0.07696723699095089
2025-06-12,-1.2736698620110094,0.27418428202641476,0.01679888355714574,0.01713545122947534
2025-06-13,-1.1933504329423896,0.01888632384523922,0.40401473068931754,0.13594598106879058
2025-06-16,-1.256923614707357,0.2758469107582383,0.21002332158441753,-0.01695698025185523
2025-06-17,-1.3386016571756112,0.07461268677810949,0.7057278316211126,0.19738387331938992
2025-06-18,-1.3395329425531768,0.15069951574899132,0.42048374388835646,0.20158907927619768
2025-06-19,-1.3100235280581263,0.11204138815895344,0.9782201585107798,0.1513419521541206
2025-06-20,-1.2995946403523275,0.21117868986807073,0.6469262894754552,0.24414080364311858
2025-06-23,-1.1861496906246973,0.4374105828753516,0.705629679550795,0.11651214981699845
2025-06-24,-1.197523159635281,0.5325403342045364,0.3355062357289373,0.07148084621663432
2025-06-25,-1.1985701967070628,0.6009347176000716,0.14846756277115752,0.09678648268929667
2025-06-26,-0.8769944061965707,0.6634891812327811,0.366850259122449,0.04698777045656069
2025-06-27,-0.9378653413231925,0.8395745481982855,0.22796723318982098,-0.04399371343313361
2025-06-30,-0.414672973547651,1.0939794186660003,0.6572509109332413,-0.07778414602430926
2025-07-01,-0.4033544091642864,1.3105585590524573,0.7124186421109907,-0.05338861856291809
2025-07-02,-0.5235157099410216,1.5867426579635788,0.7413578687891127,-0.13274332015694446
2025-07-03,-0.44530188779768526,1.7712029515731502,0.27331138443424474,-0.18631022944285713
2025-07-04,-0.42615012564132426,1.4823717531650191,0.42817488438557766,-0.20235861914868597
2025-07-07,-0.4210154690340628,1.0623543892760112,0.6004705597753897,-0.1685856971891722
2025-07-08,-0.38765991543425143,1.090612784835879,0.23296796487665772,-0.14683462545612372
2025-07-09,-0.3793718458399068,1.054019277277906,0.07032623011561855,-0.15790983455357913
2025-07-10,-0.3402231686792626,1.0591765120489804,-0.08665852621369355,-0.15507084260305226
2025-07-11,-0.366073398129884,1.0751056725210169,0.18461989944802476,-0.16149188284718033
2025-07-14,-0.37721722290714593,1.1525248113856672,0.3113645405759009,-0.15546370292413197
2025-07-15,-0.3737027544652795,0.9137534413312978,0.23871246413678354,-0.09138978291071696
2025-07-16,-0.3585304573308629,1.060189405044884,0.4101155321974036,-0.08260499388418427
2025-07-17,-0.25752981529998636,1.2691227802804481,0.2992539804736218,-0.11445070237059905
2025-07-18,-0.2405343330269565,1.0528110037415956,0.09762385632377532,-0.07727949426782596
2025-07-21,-0.2803812575065602,1.0006969158650423,0.034612411435529504,-0.032512377901026415
2025-07-22,-0.3408020864281527,0.9571174353692472,-0.009850348564640682,-0.026131017623611436
2025-07-23,-0.32626289746767956,1.116984220099304,-0.37001498211360406,-0.09817299076110803
2025-07-24,-0.36912126733077943,1.0556133210141223,-0.313352199525189,-0.050280582177488
2025-07-25,-0.4307170014053331,1.0700224657610873,-0.47523610605972133,-0.10763320729379329
2025-07-28,-0.375640208931216,0.97849860044446,-0.4662413859647402,-0.1161313259556003
2025-07-29,-0.3644536720968457,0.6846773678536405,-0.45762207592412313,-0.03484388474386205
2025-07-30,-0.2705716391943657,0.5238666091365731,-0.7085381293249783,-0.049382010435985335
2025-07-31,-0.5334250778804057,0.42356255429385076,-0.419625181165842,0.0033084534471249844
2025-08-01,-0.5872717228583195,-0.1664947721283176,0.4098123167127007,0.20414662827527227
2025-08-04,-0.39334751555057107,0.09408916376952944,-0.16672345169509614,0.13478121351833136
2025-08-05,-0.40065944382928403,0.11167945130241513,-0.01268380648348429,0.21123003296586113
2025-08-06,-0.44439753097958745,0.10735228858113074,-0.5102907255716148,0.10823403059378633
2025-08-07,-0.4428375432393214,-0.0017006639334242685,-0.1566184279432479,0.20439060209384663
2025-08-08,-0.4437961180028621,0.10472689129384606,-0.9662950718578719,0.07669919347587066
2025-08-11,-0.41819509370697927,0.12571707405497184,-0.7420938091851448,0.1411633801243003
2025-08-12,-0.3706075876802964,0.22952874993910505,-0.9405749371808358,-0.022496063413994752
2025-08-13,-0.3654627269520473,0.32067677542362405,-0.8881866329429929,0.041936112068195044
2025-08-14,-0.36725898780754473,0.3556749064863245,-0.007001289710698219,0.005673333933824232
2025-08-15,-0.3729286817728325,0.3054139651378674,-0.7519151061375718,0.006442507028324064
2025-08-18,-0.4028543966748887,0.35886730800860744,-0.8607734197286068,0.013924095742033151
2025-08-19,-0.37760202823925154,0.2004046959648849,-0.6097393247069918,0.08837613832950145
2025-08-20,-0.38399029244247057,0.1483660809598945,-0.6764372536611142,0.0941673249001637
2025-08-21,-0.22665990980883952,-0.016430403682084878,0.04291073829227024,0.17338561415779077
2025-08-22,-0.13322542715719826,0.2930457564017294,-0.8784273937610406,0.0649952164135793
2025-08-25,-0.11827327767565714,0.3209244811346035,-0.8433400406662559,0.18537917668724577
2025-08-26,-0.003792712973423036,0.4205110888678429,-0.8132098670339902,0.10615845907554265
2025-08-27,-0.0027353291007006578,0.4312190250216182,-0.785967628522993,0.18228260272801453
2025-08-28,0.04870965233475938,0.48687358790266855,-0.4244073274779541,0.1275751294579534
2025-08-29,0.008062207640719757,0.2157371191366023,-0.6844021965296783,0.19313730677215993
2025-08-31,0.9043643046038211,0.672020461665892,-0.5599062652570571,-0.22369645177605474
2025-09-01,0.7465921263102928,0.31395618096634664,-0.34985510534289305,0.25013884760395094
2025-09-02,0.7190132339130187,0.11499695747709632,-0.11188819419526858,0.33428582384774036
2025-09-03,0.677923187266473,0.16433957515114625,-0.3422375450051315,0.2987862075721465
2025-09-04,0.6324250773161667,0.3077916883370516,0.19855743488430075,0.17390173303589082
2025-09-05,0.5805774811920513,0.21198296324239949,-0.377819542357674,0.33477522497908296
2025-09-08,0.6159578688974279,0.20859154561490448,-0.5274338278981286,0.36613692282222227
2025-09-09,0.5967557704969783,0.20275818532500206,-0.5472082655832785,0.3669133876085786
2025-09-10,0.5942209315576121,0.2591609461744484,-0.5566217090936769,0.41782382422989545
2025-09-11,0.4512153204046339,0.4752985679873638,0.5478087994814357,0.32583684463642426
2025-09-12,0.41071526236921085,0.4675070343414167,-0.5209190532460674,0.3723649828915086
2025-09-15,0.38377404431427836,0.5791450871988377,-0.0071854450440450015,0.3234042054245698
2025-09-16,0.4349803394071516,0.5353190092748538,0.09950316959971797,0.3946746795144207
2025-09-17,0.37046801892646886,0.5094543304031627,-0.2096743547819802,0.4229244459808728
2025-09-18,0.44465856421493954,0.657896736201829,-0.22850639419731286,0.29757818778856165
2025-09-19,0.4362007331177447,0.5188618063403043,-0.7220438319326116,0.19702932650794894
2025-09-22,0.3732772399852052,0.52626472940104,-0.5212500919038827,0.10281201265157014
2025-09-23,0.26013340780171973,0.2723528026794399,-0.4336704960974635,0.2330026434493522
2025-09-24,0.33487787894418314,0.22709454416708816,-0.6599953110870163,0.2842197020190105
2025-09-25,0.6382339181444745,-0.03481483906452789,-0.3830927441121712,0.3151755175589252
2025-09-26,1.0811021170223076,0.15895205624347442,-0.8440234861942749,0.12463082185766763
2025-09-29,1.0596758407362372,0.14447930896736705,-0.7249699508486671,0.17824492393018515
2025-09-30,0.20637455538223348,0.10260631271093763,-0.48384981929943743,0.14808938736281274
2025-10-01,0.046406295717909524,0.21998045343669936,-0.49407336669077107,0.15335226923909204
2025-10-02,0.06821976631364957,0.2599489128756312,-0.3834443098294345,0.223685987643347
2025-10-03,0.016580313928256173,0.16995423113375818,-0.6254513365388392,0.20080459925777155
2025-10-06,-0.015904388215233912,0.2713732310753548,-0.5828131444266959,0.09224305750803763
2025-10-07,-0.032492835261396916,0.11155558506646174,-0.23122580882460764,0.24655626147293322
2025-10-08,-0.03924018283006541,0.2072928228835843,-0.6022918199242777,0.14018385475272976
2025-10-09,-0.03860525836062156,-0.03373844907814959,-0.7836698869102554,0.1782360559654352
2025-10-10,-0.0023588879383917077,-0.8557881508796679,0.4242189581040184,0.6824673903917016
2025-10-13,-0.046476622427685015,-0.6979932299975684,-0.20336436426593038,0.3579506682542826
2025-10-14,-0.06264490797953448,-0.5741388835371345,0.35341451374110533,0.3462582411950722
2025-10-15,0.0002728671830542924,-0.2715947738042836,0.4654765900236368,0.380316071059621
2025-10-16,-0.014597299955144066,-0.5608325497297175,1.8768141508471128,0.5998458474421355
2025-10-17,-0.010799536381597523,-0.554063238353488,0.21463557536834219,0.37310099807591857
2025-10-20,0.012824325893269718,-0.23244233439491072,-0.2746510374654925,0.2507302810301049
2025-10-21,0.03408555116037405,-0.2816175697864539,-0.2932552535920147,0.3089973026789376
2025-10-22,0.012906207754989314,-0.3931682486001356,-0.1687684349877305,0.43865354540366897
2025-10-23,0.008743553713415684,-0.2515244255679147,0.08552707108102754,0.27304121215289334
2025-10-24,-0.028752467440992194,-0.03519936563395748,-0.49701007595610897,0.14888506549862657
2025-10-27,-0.04510386194232931,0.20781980841004613,-0.3885847005341263,0.020684700235523913
2025-10-28,0.019538234585080107,0.25205899303176493,-0.01816315293312292,-0.01583825599854026
2025-10-29,0.03299907062245896,0.366258137828211,-0.3522746480097811,-0.056240677917571286
2025-10-30,0.024640989872968054,0.05299559648184647,-0.4698885754754262,0.021645010579180144
2025-10-31,0.9262164662413538,-0.026708096489411734,-0.012433776124008419,-0.05591838999049523
2025-11-03,0.7858334753474371,-0.15165117844445344,-0.4218056833926621,-0.04822920550103234
2025-11-04,0.826897923157066,-0.4931048227295274,-0.21951732768652973,0.12157921103690951
2025-11-05,0.8739437259360281,-0.2433686695466926,-0.5077636797319337,-0.0718805792414981
2025-11-06,0.8999992057554993,-0.5396174283221867,0.03182250059297323,0.27017584946004464
2025-11-07,0.8329343447348324,-0.42643386129182914,-0.10815020684128214,0.190258669686374
2025-11-10,0.8017098680212134,0.3189214798348912,-0.22683504097698498,-0.021688440267067118
2025-11-11,0.8066698625350495,0.35821496696521915,-0.22378912801371076,-0.021635765180482856
2025-11-12,0.8731615899132905,0.172196111710648,-0.3994664107324939,0.025538257743601685
2025-11-13,0.8362622769520477,-0.44351877047179067,1.020558914263256,0.3422340741360673
2025-11-14,0.941067504887418,-0.2011464348784846,0.2379435632669957,0.20853754125813045
2025-11-17,0.9287069698062398,-0.43225858729468636,1.0199472998696086,0.425483633336089
2025-11-18,0.8891461341346338,-0.8225729471243525,1.3130383764797404,0.4537567892281726
2025-11-19,0.8796237701358419,-0.6981774548074289,1.0856466811081702,0.584209308757744
2025-11-20,0.9501923571539677,-0.9113500257152524,1.9762731962145585,0.9598234126015756
2025-11-21,1.4541987245464154,-0.7990731227519208,1.1145569386005834,0.6406564047122819
2025-11-24,1.4250545990258545,-0.5807122819584626,0.39256233921680633,0.3681564667016406
2025-11-25,1.3042588970684115,-0.482069158313891,0.06150801844052701,0.27952540212830074
2025-11-26,1.343427932669156,-0.1420863291317501,-0.49510524658127875,0.26276573230540423
2025-11-27,1.3317254710726396,-0.18907107949893387,0.23203440313050314,0.25956199307385613
2025-11-28,1.325995581263504,0.06884275936202075,-0.44093822081259076,0.09353890392484823
2025-11-30,1.2017170561540738,0.039728455035371625,-0.3990495903233528,-0.1777320127116775
2025-12-01,1.2689273124911182,0.21531997975311698,-0.10566554377037138,0.14849435520649565
2025-12-02,1.3213743890923195,0.3978142990648235,-0.30656762119194825,0.11968774916226925
2025-12-03,1.104094870212184,0.3260702892824661,-0.4530265994387541,0.07408747903663486
2025-12-04,1.2097674724423557,0.5272331500876526,-0.8085236725677001,0.009482635737806144
2025-12-05,1.5155834204325649,0.687196510618818,-0.5895225450624996,-0.013200713915106441
2025-12-08,1.4903823761013655,0.27340901702801945,-0.48685046795112286,0.010744718558223157
2025-12-09,1.6118053265533439,0.16565589134515984,-0.4933652362024937,0.008759513162934397
2025-12-10,1.5468256095649642,0.2916285553814364,-0.6640148752843613,-0.06664988127805524
2025-12-11,1.4111327691981077,0.4420092970626984,-1.3164203568567088,-0.1591177694903656
2025-12-12,1.364806424704636,0.10357014773257624,-0.772936014269908,0.11109231593975484
2025-12-15,1.2451088504499086,0.15575957626310322,-0.4127465713399964,0.050069033879580616
2025-12-16,1.1773835965024368,0.15510845149611752,-0.36662135651217626,0.004644932231185965
2025-12-17,1.0510999379884516,-0.15646225584218956,-0.24634868443008998,0.40065034969083424
2025-12-18,0.9811648563885853,0.17833514917587034,-0.478945780311961,0.22374674538548692
2025-12-19,0.9211191764176448,0.3604778593728404,-0.9536150809723016,0.003047120389231112
2025-12-22,1.0292094598426103,0.4598215394092636,-1.224596175967981,-0.10400030864704132
2025-12-23,1.1094888968991279,0.461240977321789,-1.298316683612082,-0.17127713115616375
2025-12-24,1.146986440216823,0.34555141207341644,-1.5987693234251938,-0.195423543582776
2025-12-25,1.112352703806113,0.38693608448303585,-1.1577664805465215,-0.189599805948136
2025-12-26,1.1053839204161235,0.22829696079767686,-1.4013447670301977,-0.1425110851236053
2025-12-29,0.9263541366788739,0.06223422518585045,-1.2265825074779,-0.02134497921432569
2025-12-30,0.9231302208052027,0.1909057696199372,-1.0035239215721576,0.01632978615170843
2025-12-31,1.813163197181645,-0.01016375439539813,-0.9802796411824053,0.18245814827042267
2026-01-01,1.7689312230694403,-0.056825593557263875,-1.2143226325323515,0.1955022822707564
2026-01-02,1.7497366060581978,-0.13634417197322793,-1.2752658990954764,0.2628818569164404
2026-01-05,1.654828448056857,0.05478936600994976,-1.0623074546008051,0.2568701245950094
2026-01-06,1.5965779670315485,0.3584988408696753,-0.8273971674245792,0.1982140341445635
2026-01-07,1.4801023003654645,0.3700528638240063,-0.7199374108343183,0.32726623904152746
2026-01-08,1.4611107908107859,0.21142098792828803,-1.063419555485349,0.21139254268081464
2026-01-09,1.4012050856840437,0.25843797595405243,-1.3248921402208662,0.08546565705368805
2026-01-12,1.3328254265000135,0.36931075249903894,-0.9847324802434956,0.11529009144688669
2026-01-13,1.2652555992750414,0.2987054069264593,-0.8148809522884022,0.2707859102912667
2026-01-14,1.275694613560972,0.20985704273029243,-0.6813408575752617,0.5177819926417376
2026-01-15,1.395384968942785,0.6087164294100941,-0.9394312540985769,0.38710472403617624
2026-01-16,1.3569518101619318,0.6721927784877315,-0.23413416882897978,0.34217519828572224
2026-01-19,1.3717412867863905,0.5661718174561815,0.6401144107442337,0.33595301246499626
2026-01-20,1.3229941430481724,-0.11826150160096129,0.7105374030203712,0.8084207422503521
2026-01-21,1.2711070212926592,0.1339151194503928,-0.35431771411453605,0.5215601671451437
2026-01-22,1.3702819269703617,0.25624464460677765,-0.7655542459016399,0.3184622619868005
2026-01-23,1.4055054859754283,0.13086613456883397,-0.5569137222703222,0.39697156425693947
2026-01-26,1.433562783415129,0.25800567405727226,-0.4403451444768811,0.3554948209303975
2026-01-27,1.3190234526540634,0.4205033889148422,-0.3345903346511547,0.3476003851899886
2026-01-28,1.2353780258058382,0.29729884303427645,-0.47321988739407833,0.43268039448578455
2026-01-29,1.3950300437616612,0.14009319584437954,-0.5497713479831818,0.438580883808222
2026-01-30,1.3974867587669821,-0.013966919113626445,-0.13981534329209408,0.346219332818673
2026-01-31,3.0,0.2894707237860269,-0.03028705504896581,-0.86144826879542
2026-02-02,3.0,0.0772430818627958,-0.4217774240101316,-0.0560521424871535
2026-02-03,2.8746676280228094,-0.2863999749844024,-0.11686597923671264,0.3675404716533911
2026-02-04,2.734632660678437,-0.3902297423649539,-0.02201885276690505,0.3347220428672731
2026-02-05,2.3651264202040414,-1.0629302124232916,0.4009582264767993,0.4196605166125686
2026-02-06,2.333892938670458,-0.38054779426720714,-0.20311833688945133,0.03325397552910106
2026-02-09,2.2561184671240437,-0.20029241886610355,-0.3628278123848893,0.16680268912429566
2026-02-10,2.065809276020318,-0.09208683471857436,-0.10443839429928219,0.3079139989874269
2026-02-11,1.9974404812354702,0.044165990538549006,-0.09691716166382627,0.37037748678912213
2026-02-12,1.8640536567689492,-0.6932628844161832,0.6385635983120069,0.9754645994771124
2026-02-13,1.7647474432722454,-0.7481121254331085,0.5553648276236202,0.8492031913783347
2026-02-16,1.6848197948912182,-0.7230864062064174,0.6036727724460307,0.8637285311436811
2026-02-17,1.610460174886457,-0.6082133278700624,0.3453202820993243,0.7510477996586923
2026-02-18,1.561937620031446,-0.44761876842619747,0.05106007616885482,0.5994626700501314
2026-02-19,1.5920055412895675,-0.6671105340456703,0.43447845477551944,0.6831805512399355
2026-02-20,1.3085238848102245,-0.4756845964394594,-0.2535339169607073,0.5082625507054406
2026-02-23,1.3035154029242433,-0.8724348456482404,0.2631462939195402,0.9308215711130671
2026-02-24,1.2620972251532412,-0.7764938926448725,-0.29697937773216626,0.728135154285967
2026-02-25,2.166098599130223,-0.3265326198179617,-0.7409995015820697,3.0
2026-02-26,2.102414420565279,-0.4896347948683388,0.011279116714046583,3.0
2026-02-27,2.1058751122669355,-0.9177017748552384,-0.4526580073376985,3.0
2026-02-28,2.14815006443761,-2.1674635886273594,-0.476968858136073,0.5108159367960831
2026-03-02,2.466020086620288,-0.6550190490725484,0.2374782053810825,3.0
2026-03-03,2.3223598407157033,-0.9985282460111702,0.9619136506963023,3.0
2026-03-04,2.278252561292797,-0.5887189194788731,0.2513727091857701,3.0
2026-03-05,2.160756384406741,-0.6189109966099346,1.157744865997025,3.0
2026-03-06,1.9319550541843162,-1.5558889301204173,2.5544073352244485,3.0
2026-03-09,1.871575398419862,-1.2586144243663684,1.5388888469309165,3.0
2026-03-10,1.7986629117380575,-1.0996390731196668,1.2343237200562502,2.963933937843657
2026-03-11,1.7203261464495692,-1.354969101888355,0.7325388858028191,2.8300965886243405
2026-03-12,1.6787556167471815,-1.7357852001973402,2.086206622351238,2.8965541390344285
2026-03-13,1.5760937365783154,-1.9537930057165205,1.3844035977661842,2.8276473494534144
2026-03-16,1.552864880147393,-1.5005631053242727,0.5276524091671647,2.681858181281013
2026-03-17,1.484856223325096,-1.1541225801732498,0.3395454765411694,2.5976486073786766
2026-03-18,1.4162149330343519,-1.7546110329564015,0.6895877035113017,1.710280449061548
2026-03-19,1.412004860294826,-1.722605026909394,1.7655022804737006,1.6553242895161044
2026-03-20,1.3204095661488175,-2.1540977503413234,1.2143075645362,1.6913144414974515
2026-03-23,1.2557570900347188,-1.1794404829602445,1.5272959114012747,1.3641225901259002
2026-03-24,1.2440752726953626,-0.7169059723653847,2.087195182967655,1.4199825003794293
2026-03-25,1.209395416456486,-0.7435136301605918,1.1984087055684816,1.4367796119457519
2026-03-26,0.6065392597288461,-0.9096260995024783,2.29963997412034,1.565193541998124
2026-03-27,0.523917451905863,-1.9938086833712751,2.539758624190309,1.7223017863000163
2026-03-30,0.478568992851859,-1.8171539270913046,2.336718667837733,1.8652092059375416
2026-03-31,0.24452269866093676,-1.14791184443427,1.0827496627630309,1.3405252641833802
2026-04-01,0.31763072580287177,-0.8537513905070039,0.9726790916315138,1.3210579965156226
2026-04-02,0.3250703492335185,-0.8036181036471315,1.527363672986563,1.290065411598086
2026-04-03,0.3048665063048822,-0.6878440142818416,0.7391068134979734,1.284775882250493
2026-04-06,0.30668488575344205,-0.3952622874341817,1.0554279314827046,1.1731988483252063
2026-04-07,0.29035361527622,-0.47321070074353383,1.4886018464381199,1.1488058513629409
2026-04-08,0.29032115037703515,0.4900423046802993,0.3194197407791855,0.8972877496215071
2026-04-09,0.16338942397772077,0.5846392145619798,0.5387377421900013,0.7662944032446428
2026-04-10,0.06525339843913557,0.27820639914550227,-0.05739534957479188,0.8149925337753325
2026-04-13,0.0013560820108530225,0.4505852014292359,0.07830331158934413,0.6526725323425409
2026-04-14,-0.027779817911512288,0.5783138398102188,-0.07903794424177488,0.5724476706688553
2026-04-15,-0.026414466675226376,0.7025482078776234,-0.18337858308856392,0.4613062950210936
2026-04-16,-0.06998810261886296,0.681269848212276,0.4191387006217608,0.4258950912197561
2026-04-17,-0.08119837215881297,1.041347076802152,-0.301498755143528,0.25776756104273946
