Date,F,M,S,V
2013-02-01,,,,
2013-02-04,,,,
2013-02-05,,,,
2013-02-06,,,,
2013-02-07,,,,
2013-02-08,,,,
2013-02-11,,,,
2013-02-12,,,,
2013-02-13,,,,
2013-02-14,,,,
2013-02-15,,,,
2013-02-18,,,,
2013-02-19,,,,
2013-02-20,,,,
2013-02-21,,,,
2013-02-22,,,,
2013-02-25,,,,
2013-02-26,,,,
2013-02-27,,,,
2013-02-28,,,,
2013-03-01,,,,
2013-03-04,,,,
2013-03-05,,,,
2013-03-06,,,,
2013-03-07,,,,
2013-03-08,,,,
2013-03-11,,,,
2013-03-12,,,,
2013-03-13,,,,
2013-03-14,,,,
2013-03-15,,,,
2013-03-18,,,,
2013-03-19,,,,
2013-03-20,,,,
2013-03-21,,,,
2013-03-22,,,,
2013-03-25,,,,
2013-03-26,,,,
2013-03-27,,,,
2013-03-28,,,,
2013-03-29,,,,
2013-03-31,,,,
2013-04-01,,,,
2013-04-02,,,,
2013-04-03,,,,
2013-04-04,,,,
2013-04-05,,,,
2013-04-08,,,,
2013-04-09,,,,
2013-04-10,,,,
2013-04-11,,,,
2013-04-12,,,,
2013-04-15,,,,
2013-04-16,,,,
2013-04-17,,,,
2013-04-18,,,,
2013-04-19,,,,
2013-04-22,,,,
2013-04-23,,,,
2013-04-24,,,,
2013-04-25,,,,
2013-04-26,,,,
2013-04-29,-2.515030613452148,,0.2608014472293689,
2013-04-30,-2.277849429965882,1.9367890711290157,0.26686870497762183,-0.28016214175119003
2013-05-01,-2.1508821978692962,2.0033828094040516,0.5762986310008301,-0.18915416544643185
2013-05-02,-2.0027202016842582,1.7746511444439825,-0.13545464549826272,0.10750089128830247
2013-05-03,-1.889186743460558,2.309404652748568,-0.6824141705328213,0.06547218330361974
2013-05-06,-1.764696685876664,1.9212982128876925,-0.5526421851752668,0.23380793491293017
2013-05-07,-1.6589256328591422,2.755277321129749,-0.7442465102927981,-0.0007353169204016865
2013-05-08,-1.5367154035271182,2.8137044108606815,-0.7830642029307269,-0.1322051301550976
2013-05-09,-1.4938265735456047,2.094652839274635,-0.6513145213714949,0.021335398394671676
2013-05-10,-1.4973078060275775,2.1460057702294035,-0.7797319719557266,0.08033723202034147
2013-05-13,-1.4595655670612568,1.9806231435311736,-0.713487219712953,-0.011786403421849185
2013-05-14,-1.4588634280056565,1.9455835062003082,-0.8359894044975185,0.11284954117924917
2013-05-15,-1.5095354466779431,1.93115058906137,-0.9393577709201727,0.19850679362022314
2013-05-16,-1.38503430805646,1.6568933950715394,-0.8322205733213651,0.0670478510572073
2013-05-17,-1.3877865261160387,1.3968155362659322,-1.0230010887673133,0.3637976004072357
2013-05-20,-1.3608806930332344,1.8529849652865202,-0.7414483346679597,0.06201510814794601
2013-05-21,-1.3257956302039338,2.2742062096130726,-0.5108312611170897,0.03434916773082066
2013-05-22,-1.3403312121859277,2.158507662800014,-0.6295886365061975,-0.21164195040324252
2013-05-23,-1.280264893645374,0.6724891794072547,0.17598485123205931,0.6138176760027972
2013-05-24,-1.1846113932926325,0.5312911942511038,0.2874608316734266,0.5994789866478426
2013-05-27,-1.1159557034683045,-0.01693142819309384,0.1776835975166977,0.8923329341989286
2013-05-28,-1.2006867596383057,0.31353220607126103,0.11673324597285802,0.7937809628223428
2013-05-29,-1.170735014445696,0.177307569468937,0.9636459487535103,0.7208997729832932
2013-05-30,-1.128109462942762,0.03715702918936772,0.5674492405369381,1.1243574364183224
2013-05-31,-1.0696271932327945,-0.79120310444925,1.4873265702106708,1.2762476729337964
2013-06-03,-0.98303721217731,-0.9401919890052144,2.020272623943837,1.576758193142435
2013-06-04,-0.9888468238250727,-0.6593544509659915,1.8011463537654424,0.9770579675653105
2013-06-05,-0.9338705953629841,-1.2918336871747678,2.517722919551309,1.512305700794348
2013-06-06,-0.9441672272190054,-1.6473862529137888,2.158528436641171,1.9121122257184742
2013-06-07,-0.8886473497499162,-1.3927800921866744,1.0428949163644161,1.589418808405799
2013-06-10,-0.7099640699149202,-0.9545612490445489,0.8981172696660589,1.682451057912571
2013-06-11,-0.6867495872936413,-0.9321649764553263,1.8555058943902203,1.3968589400238192
2013-06-12,-0.6517036830875573,-0.7168168788985644,2.4301836895783833,1.2981026757258363
2013-06-13,-0.6150050543225826,-0.9121044746769889,1.8655729671408339,1.9158377830695192
2013-06-14,-0.562530093178626,-0.6491137939156126,1.7838615740769816,1.4806187160518556
2013-06-17,-0.3936934608968529,-0.25798027489107833,1.5528608306718532,1.2097119838221853
2013-06-18,-0.3101635617794014,-0.7431929628464795,1.3835832225226077,1.4139595086721384
2013-06-19,-0.28989691117077243,-0.5956174259546698,1.443940887882679,0.8473251539271452
2013-06-20,-0.3158491800549272,-2.3711540381964484,3.0,1.940372421061306
2013-06-21,-0.2740227085890482,-2.5275281315038005,2.678982123924193,2.0044739708367905
2013-06-24,-0.1946106340419457,-2.647864436689282,3.0,2.1402021734978423
2013-06-25,-0.23978657193012212,-2.2722603481504438,2.248519131067831,2.0856035313659604
2013-06-26,-0.21752780747065095,-1.77560025524028,1.5465198808299236,1.819475220575955
2013-06-27,-0.12295985442998815,-1.4365120401113043,1.2023087329491844,1.6947530512738787
2013-06-28,-0.08115330301969398,-1.458833191881833,1.2565355342129108,1.439058150879782
2013-06-30,0.46070427448680357,,1.640709099109466,
2013-07-01,-0.02985807667374924,-0.9914886362870146,1.111608946483965,1.2211860418040557
2013-07-02,-0.01376878031781425,-0.99487574390461,1.0319810074137703,0.92125470725618
2013-07-03,-0.05274051415651806,-1.2806509778777846,1.3079942351345193,1.2918713799599129
2013-07-04,-0.11255571548157008,-0.9531653235022673,0.9907910217550717,0.7084376481717743
2013-07-05,-0.17937960059360336,-1.4941436578511127,0.9755481831104525,1.0556401223246306
2013-07-08,0.030590271654606236,-1.5393323338602964,0.6985435860117422,0.8925397229506665
2013-07-09,0.0006895221546690758,-1.2127971846586052,0.3498633489727793,0.7157241563211199
2013-07-10,0.04553958216405328,-0.6669726898309579,0.3302794328664347,0.4624807887200397
2013-07-11,0.0708011968389861,-0.031074493205765757,-0.006011642892289916,0.25134167927236056
2013-07-12,0.10620428938149791,-0.05125198280794035,-0.044624725981338015,0.4734629877197597
2013-07-15,0.12224088625104265,-0.19792798083003288,-0.06627386269729797,0.24204844789798935
2013-07-16,0.06156214362876282,-0.18583754721958243,0.15109219570488033,0.20352812604177897
2013-07-17,0.10396722714213724,-0.3069527625664629,-0.15994774949434395,0.2550930797111887
2013-07-18,0.12899785883780865,-0.18294831670591294,-0.3479422562769438,0.10111719097650491
2013-07-19,0.28604379629488214,-0.490869137737352,-0.7207303671510097,0.22185952889432864
2013-07-22,0.3948943487926092,-0.2544502949179653,-0.7046241647077119,0.10501647718288863
2013-07-23,0.4396500529232733,-0.6134944340089037,-0.6445697452688811,0.10790353475059357
2013-07-24,0.8220020338978469,-0.662369297498219,-0.5726031487739436,-0.036079909226806005
2013-07-25,0.9814781320477841,-1.1700198178822319,-0.5529077517820247,0.2299640840230526
2013-07-26,0.9435370772995411,-1.4025700500176004,-0.39239746499748707,0.32398809089828795
2013-07-29,0.9082466016479221,-1.763897905026149,-0.09008704623379213,0.507298959566814
2013-07-30,0.802131595583061,-1.4965506164586773,-0.05101810134490964,0.4311434113488854
2013-07-31,0.6865575421852897,-1.6789544247613681,-0.045776260060878655,0.664351218776716
2013-08-01,0.7427285970262905,-1.2504163567711337,-0.45170230835042313,0.39184417196188037
2013-08-02,0.7590778065491669,-0.8546036389546242,-0.855534729846193,0.12945096782775461
2013-08-05,0.6903597374666538,-1.283098104112697,-0.7592185895981046,0.15085805760904938
2013-08-06,0.5681430233179219,-1.0354327033455073,-0.3700468613889087,-0.11558988035842534
2013-08-07,0.6488179234770747,-1.3146250760865554,-0.22777912399889527,0.19242751762176488
2013-08-08,0.641871207402762,-1.1881073075347666,-0.4988106187707227,0.045790782912399276
2013-08-09,0.5856977272886189,-0.941590916871328,-0.4060460225142236,-0.04232009074327223
2013-08-12,0.5616726759654052,-1.2007670777689485,-0.4903779853695378,-0.17456696588644846
2013-08-13,0.5611863117310457,-1.0585216510497153,-0.6845724910321962,-0.2459779748620149
2013-08-14,0.5645465684458822,-0.7394210816519909,-0.6327055270849713,-0.5531222027474867
2013-08-15,0.5163222012253227,-1.3462464318158363,-0.040369237706877094,-0.4708100959468924
2013-08-16,0.49800465641410946,-1.0926279563583159,-0.2985553023757148,-0.7146585481420882
2013-08-19,0.41143755082568334,-1.0998695194315453,0.13810868766376863,-0.674122029162825
2013-08-20,0.3914998872360466,-1.1127193386065188,0.522852524866881,-0.4061156306540374
2013-08-21,0.3198747725999042,-1.4401865922164936,1.1487886333477724,-0.2218979013858446
2013-08-22,0.5682992388898408,-1.1663241625755265,0.3133873951509317,-0.1322072819713834
2013-08-23,0.49921585238257987,-0.7465042389100776,-0.10263393326664519,-0.449524868107192
2013-08-26,0.515350596789053,-0.9835030079526175,0.18904544672821733,-0.3948369533863496
2013-08-27,0.5646682372834539,-1.5686776216306866,1.6970642122498456,-0.34383210119935487
2013-08-28,0.507300111256739,-1.7316424418472869,1.7174293753888463,0.08041796636024696
2013-08-29,0.5152896801971816,-1.7495674062782949,1.468171290623226,0.18096080200276998
2013-08-30,0.6816185020997544,-2.0596512553941446,2.071627170837619,0.48551308030303963
2013-08-31,1.8489991041514975,,2.5553504578026187,
2013-09-02,0.5980485767953594,-1.2377923958986858,1.5118427276587936,-0.33675534035110305
2013-09-03,0.5530110654714769,-1.3444265687906691,1.6298066216592577,-0.3392160227526558
2013-09-04,0.5781194202136107,-1.1461555642830246,1.2669096378231361,-0.4228686840882007
2013-09-05,0.5176960007952369,-1.1431129749957203,1.0898081913708226,-0.38780447687156894
2013-09-06,0.5200957651584257,-0.9223646386169826,0.8143586786987577,-0.6289399027865923
2013-09-09,0.6619743019059644,-0.5513982381652434,0.8042591251075222,-0.5783810507006258
2013-09-10,0.6429212339340523,-0.16619810488614348,0.21063522425780012,-0.6572303833764124
2013-09-11,0.6864979869219777,-0.006825282026846289,-0.23969740238185944,-0.7758597993715793
2013-09-12,0.6537830152352799,-0.14573915222672915,-0.10459175100105275,-0.841624233776759
2013-09-13,0.6901073549558646,-0.05655864688307796,-0.1667376645186663,-0.645669368475615
2013-09-16,0.6952873701510406,0.18759861467274838,0.018648354998310624,-0.9318891481730331
2013-09-17,0.7662704940946451,0.5854778524822531,0.08230132029931597,-0.5588732188397025
2013-09-18,0.7518292342172512,0.7321132356349433,-0.32570777337611384,-0.5378040982485104
2013-09-19,0.831928229162534,1.4139938335449544,-0.7054010479805787,-0.9814474598355994
2013-09-20,0.8292042715639633,1.1679543193432822,-0.7546114857518303,-0.9487738436835051
2013-09-23,0.8940354856325264,0.891570028120035,-0.2890208685568468,-0.9191956342396628
2013-09-24,0.8419222875716502,0.620938420896712,-0.5362162753037295,-0.9057457194918682
2013-09-25,0.8145035487847119,0.6972025454401447,-0.6053786606859282,-0.8894137919093673
2013-09-26,0.717746996726242,0.6701019361271099,-0.5643019151382451,-0.8558298411544001
2013-09-27,0.8254099623268395,0.7729501306531736,-0.03507525372639483,-0.8901831540732993
2013-09-30,0.7457223401713475,0.22567407171261933,0.8525397018849397,-0.6247636784283691
2013-10-01,0.6321692241954193,0.3028895239582255,0.32456474695976056,-0.6057280001978824
2013-10-02,0.7085482101663934,0.2741852982133904,0.8488195218245004,-0.534877257173549
2013-10-03,0.5724845426090415,0.010754688073210249,1.3806502596483647,-0.5859952486864599
2013-10-04,0.6069961926434397,-0.3398755282283315,0.958561531611667,-0.4022423427304018
2013-10-07,0.4214424074649883,-0.7628819491148064,1.7953554744007827,-0.28527439506014673
2013-10-08,0.32472301295412775,-0.9833291864645742,2.11269740920256,-0.5851062990489626
2013-10-09,0.31200297878858,-1.0927446501688127,2.477636366041773,-0.37479963169622127
2013-10-10,0.26920242056697635,-0.2713405000317926,0.8050397931648973,-0.21132713985440119
2013-10-11,0.24662053136222542,0.04314309531626026,0.2355785757903023,-0.5047754026398789
2013-10-14,0.16687153082796463,0.09149723857033862,0.7740195241067142,-0.3861204518344615
2013-10-15,0.19626719608291066,0.1807158181338467,0.936709915714604,-0.7172085973192234
2013-10-16,0.173927092737894,0.23072083797996545,-0.08565276915924024,-0.41724398090531756
2013-10-17,0.191178529132264,0.5690653964514741,-0.726162128182121,-0.5512060584167077
2013-10-18,0.12019481207729919,0.892109453831993,-1.1794173155882095,-0.5292838764129566
2013-10-21,-0.11849139647754724,0.808848844626179,-1.0174460898699227,-0.5570017344388095
2013-10-22,-0.14874663526909018,1.1141714392475706,-1.0606342319570856,-0.5734575602729283
2013-10-23,-0.22229628779164948,0.8631867456377409,-0.7345319369524762,-0.5411609668806108
2013-10-24,-0.3342562537618267,1.0520950614379154,-1.0112909845126936,-0.5496936216604733
2013-10-25,-0.40708752519716584,0.8183228931171751,-1.17990612229117,-0.2937784062449048
2013-10-28,-0.38290950862622997,1.0171135574579355,-0.8568864517033122,-0.3197319433444461
2013-10-29,-0.4254519253151953,0.8026126134410013,-1.0468298339952906,-0.20992442159554284
2013-10-30,-0.2839200149446858,0.8141735035945364,-0.6255597121151952,-0.41337153116865133
2013-10-31,-0.6431494317036139,0.357335989715959,-0.7090118023137982,-0.4247808200856428
2013-11-01,-0.6610343444408475,-0.1056395905285965,-0.7676286139504649,-0.048570514803231456
2013-11-04,-0.7111338989932404,0.20631946650159713,-0.8142379170556556,-0.19876107996735728
2013-11-05,-0.7230605677145221,0.0766387494182513,-0.6420494102051171,-0.23866402910273837
2013-11-06,-0.5262087643118571,0.08418927383456631,-0.7151901557507676,-0.33628059715737124
2013-11-07,-0.6489095088359205,-0.3330179527618353,-0.41938127841902234,-0.39950252430694866
2013-11-08,-0.7085732178454321,-0.5323383163072716,-0.5632518949561023,0.03441575096051494
2013-11-11,-1.1244767465048622,-0.41765850284209904,-0.6490960750481221,-0.17832736625328213
2013-11-12,-0.8174816448026689,-0.36375534123037445,-0.5560789978647027,-0.19856167228839514
2013-11-13,-0.8215160378849901,-0.694110305120433,-0.6476658528929026,0.33254860944671116
2013-11-14,-0.8607534360840257,-0.13168539565284829,-0.9981183092367977,-0.025361498330037216
2013-11-15,-0.9236381107102573,0.3388470182445189,-1.2179687477902645,-0.038780693893872856
2013-11-18,-0.9112583420372468,0.6239370868080246,-0.9015369347874181,-0.3576410013996079
2013-11-19,-0.9231336838689248,0.284177540304703,-0.7248577162650052,-0.17787816154167485
2013-11-20,-0.9436425084301695,-0.022140048644641953,-0.6710451587830185,-0.25229076497468755
2013-11-21,-0.7749737742653122,-0.20813476293788927,-1.065449019311127,0.18904586748969515
2013-11-22,-0.7973027111857414,0.13921610555408306,-1.4389539995213159,0.1677605866200012
2013-11-25,-0.8273199335220045,0.38183409686960484,-1.188829072975024,-0.030346921377591696
2013-11-26,-0.7996050199585291,0.2803706995801787,-1.1055309676814578,0.08567958837850709
2013-11-27,-0.9698515656409191,0.45419163514943356,-1.1467595410759446,0.02935418524952733
2013-11-28,-0.9299602326738144,0.48410456155407305,-1.1858698567454424,-0.12582037073449073
2013-11-29,-0.8417971908620177,0.3756167947811352,-0.7511029303111098,-0.17681842866260528
2013-11-30,-0.2948695442286051,,-0.7881754569850649,
2013-12-02,-0.7608807089594338,-0.24322233549524144,-0.41277944335714745,-0.024213154571983423
2013-12-03,-0.72583916692205,-0.6318676854869558,0.1291660241055971,0.14277730490176105
2013-12-04,-0.5389419757982815,-1.2502553179862654,0.32368255625971654,0.4862467765444458
2013-12-05,-0.566988151661682,-1.5339377684872302,0.48913703734300046,0.4354790723660321
2013-12-06,-0.5558482192654869,-1.4875961384558536,-0.32421912018032134,0.5912049813644881
2013-12-09,-0.6965069498805968,-1.2808881078230467,-0.4258415429437484,0.4755484878714143
2013-12-10,-0.19676305401571595,-1.2511567849884435,-0.20508625277034587,0.46432220074389824
2013-12-11,-0.5330362129666207,-1.4095547213994515,0.3870607721018841,0.3820036787314929
2013-12-12,-0.5138141220664239,-2.079101963718545,0.525094073307036,0.7519117866560744
2013-12-13,-0.4921256887944447,-2.01388385214163,0.6368817073256822,0.8451849387107631
2013-12-16,-0.4075374378948463,-1.654516274901804,0.7511762838039051,0.7176640775308109
2013-12-17,-0.45655374187528663,-1.9615859564346012,0.7865551584249081,0.7372824556996687
2013-12-18,-0.45278282356560795,-1.417458475618267,-0.08459276672927107,0.8730672883304263
2013-12-19,-0.4836261919257479,-1.048726354141073,-0.4646747353848554,0.5036530915944589
2013-12-20,-0.47210689672863443,-1.0395869586982356,-0.4420298514060868,0.36211107099662054
2013-12-23,-0.4596515102514933,-0.70978799080643,-0.6664996005559054,0.22131973475710753
2013-12-24,-0.3881817810838069,-0.7898195878379731,-0.9342159635024488,0.3654892818940106
2013-12-25,-0.8103622067421323,-0.8055384261759169,-0.9121819443891398,0.3632735557211119
2013-12-26,-0.1964130948621695,-0.47158061131569656,-0.9309650346279201,0.36580227984848496
2013-12-27,-0.20124982954309142,-0.13567543673195256,-0.6263527998979972,-0.040749441204845076
2013-12-30,-0.12524939085612366,-0.13241194470353287,-0.06896146172809502,-0.10928146873478183
2013-12-31,-0.1360006082876335,-0.19227197043128572,-0.08717509188050661,0.005941204533293748
2014-01-01,-0.3708332287134291,-0.1754029740577997,-0.07805863494203949,0.026766942586376796
2014-01-02,-0.04565273106211502,-0.9032820445003567,0.6310769023492545,0.13921566274140354
2014-01-03,-0.011456885819225302,-0.7071449558083391,0.20196765802421357,0.07164617857695685
2014-01-06,-0.04844155000844584,-0.8513050530565996,0.25096572252751165,0.13115210635704505
2014-01-07,-0.12804533247060254,-0.9312187691226571,-0.1956762260360821,0.31260346716736437
2014-01-08,-0.18826629062251551,-0.8672593131723486,-0.090103567119109,0.0929941141690957
2014-01-09,-0.15583956950759403,-1.2762185203617535,-0.10662366972070011,0.3495839231535311
2014-01-10,-0.16901401369411936,-0.844067303746486,-0.5257005830396663,0.04410623598619738
2014-01-13,-0.16415351053463528,-0.8003992338014113,-0.03454033485660259,-0.5332125178385912
2014-01-14,-0.1597084540382415,-1.3612534031328487,-0.3894054989126099,0.03216189810518813
2014-01-15,-0.14675470622447878,-1.2136813678547127,-0.5158483056183294,-0.16737135260977246
2014-01-16,-0.13956513788180958,-1.272921961806313,-0.2351169673534476,0.14297796256023004
2014-01-17,-0.12491087945454805,-1.2966325668154246,-0.6117954168811778,-0.03332814335745543
2014-01-20,-0.08766170350896162,-1.2166029096589732,-0.4949330053566012,-0.035345800267695085
2014-01-21,-0.03248143688227827,-1.29744163148271,-0.3569282916726428,0.04837426607007171
2014-01-22,-0.011286329667959331,-0.903498283075472,-0.26333076745483036,0.06880471049945311
2014-01-23,0.3289807746811951,-1.1927548690146836,0.3427886704428588,-0.0739437945876372
2014-01-24,0.061451597588888206,-2.149070904732866,2.700712512625048,-0.02687656630865434
2014-01-27,0.11038873069861538,-2.388854304345238,2.3958257289361233,0.42419081101055683
2014-01-28,0.14840593676498048,-2.2167949432751177,1.6582912214564804,0.6075756159166578
2014-01-29,0.027857068222432776,-1.8382898508190693,2.368385446932594,-0.02297110669925655
2014-01-30,-0.05602799044428257,-2.26471874528878,2.1679769875637507,1.0771068891029878
2014-01-31,-0.17910638428249723,-2.357025427067594,2.6573449357802605,0.8694952575941447
2014-02-03,-0.22496384270942574,-2.546769610717036,3.0,0.5546097525938004
2014-02-04,-0.19658211966275904,-2.594229622931593,2.849788154213544,1.965100794600345
2014-02-05,-0.2842301903164187,-2.222500202353583,2.8278054046846823,1.7561509600794363
2014-02-06,-0.34300700970112225,-1.8115476814275833,1.6288968634580832,1.3084908434539726
2014-02-07,-0.3901023366892193,-1.4690735191599584,0.8140109739204229,1.0387195006285943
2014-02-10,-0.36249426753145747,-0.9633329303020876,0.7785963102967256,0.802556696844831
2014-02-11,-0.39151912976621933,-0.7879139748957427,0.2207998846805105,0.6769101912956594
2014-02-12,-0.408760906210045,-0.803123983561536,0.2198591136512653,0.28973569845768754
2014-02-13,-0.3897185627149892,-0.7094824470967549,0.1306879112262416,0.33964178331062955
2014-02-14,-0.13030836172006524,-0.5919754506545878,-0.27494481511637203,0.4191287262735425
2014-02-17,-0.18192619883042496,-0.5079901815427984,-0.07724447392884855,0.21653603061777893
2014-02-18,-0.3601539304235526,-0.16929623083274617,-0.02928424714002442,-0.006404214164629756
2014-02-19,-0.4855970018858726,-0.18500763268917192,0.4751077223443472,-0.261987563450359
2014-02-20,-0.61255763732651,-0.6903579639836122,0.37017414621684475,-3.0
2014-02-21,-0.6206136159655105,-0.41740092402022355,0.25773152408908806,-3.0
2014-02-24,-0.28195725594048116,-0.40562042541643173,0.004343077623228978,-3.0
2014-02-25,-0.47712698504612294,-0.4010963051384537,-0.2442304111446425,-3.0
2014-02-26,-0.8490223602285143,-0.7755019381066306,-0.0718990174497866,1.9553493086489442
2014-02-27,-0.7853425897834899,-0.726623774465438,0.13324685405757752,2.178465082634911
2014-02-28,-0.5713770354884279,-0.37766571465541443,-0.061918766635593855,1.9518958266648625
2014-03-03,-0.6789961939471093,-1.1607780071344853,1.8747690706237352,2.466901406432413
2014-03-04,-0.6433105780312217,-0.7835982801998438,0.5398847996768538,2.325784955392726
2014-03-05,-0.4765280802334895,-0.6725130764513966,0.4863701684802977,2.135300195554848
2014-03-06,-0.4642273726155208,-0.41665764102071895,0.2748588487351216,1.9352773896918736
2014-03-07,-0.44615402255215214,-0.6733297900443619,0.8870338243855526,2.0648784879985764
2014-03-10,-0.46529104632136825,-0.785343063657826,0.9114947942635836,2.2134599991003583
2014-03-11,-0.4995547729490726,-0.5919724297156432,0.9488209202392565,2.0003578976696685
2014-03-12,-0.4876077221374146,-0.8467194229582656,1.0036302094046143,2.3810480448869717
2014-03-13,-0.5669387833425352,-1.0654018479002714,1.9086252304539093,2.1800111364245005
2014-03-14,-0.5924106790969913,-1.3379271789698477,2.5471668784794463,2.659034814581395
2014-03-17,-0.6742926325800511,-1.207999361460839,1.5291662894979468,2.5399006016464476
2014-03-18,-0.8164267485984993,-1.010448215729518,0.896725430812892,2.3713575637500015
2014-03-19,-0.7858228468847204,-1.0365608040273875,0.9114415864122452,2.1919970646287252
2014-03-20,-0.6262274531037312,-1.6072110127954136,0.3562393252455117,2.6527467240199174
2014-03-21,-0.6340234045869849,-1.5013173121073766,0.23416520511033306,2.425282017182097
2014-03-24,-1.013333489038286,-1.4477539430154605,0.8756419628704254,2.219571954149599
2014-03-25,2.016503251827405,-1.1235529598803369,0.3350449885081387,1.809001381593363
2014-03-26,2.0041414625705394,-0.9868335517158325,0.3393413722951401,1.4035414354209952
2014-03-27,2.4990074073662,-1.0498502603377964,0.3358646787554056,1.375409029422617
2014-03-28,2.42960437039661,-1.0350825172144036,0.08940435130959301,1.2151000374845855
2014-03-31,2.419927605758629,-0.9465488428554636,0.09571059892023612,1.166532060579852
2014-04-01,2.310284670624159,-0.7036561351613583,-0.30898177525098025,1.1878077890630423
2014-04-02,2.248802921818393,-0.5506132236083748,-0.28796829714489897,1.168907030630565
2014-04-03,2.0383972430057633,-0.486905827779741,-0.42626298795080564,0.9594858603558536
2014-04-04,1.9788125832343502,-0.20626030688955868,-0.4214729277174439,0.5347527986459392
2014-04-07,1.8942391196464334,-0.7121619633305416,0.5329986020595391,0.5680846134796528
2014-04-08,1.8225165829286267,-0.6933724483687755,0.3600583293126605,0.7432371682559975
2014-04-09,1.7857396184848817,-0.747134277507858,-0.09440897682129824,0.9362450909696193
2014-04-10,1.7347807584734327,-0.9312968598712926,0.5934623893181146,0.5750460123748637
2014-04-11,1.7464225063901695,-1.595978006024001,1.1465506805743035,0.7598178038157871
2014-04-14,1.6882661613402894,-1.8044326189618025,0.9624554037784616,0.9499327914191995
2014-04-15,1.518979203964905,-1.953658650003011,1.2139859326382278,1.224471680977763
2014-04-16,1.4003760498585414,-1.4381380078086434,0.22902883668411256,0.9849593076409621
2014-04-17,1.3086606355228505,-1.2960548156857348,-0.04032655081941854,0.8304589790604736
2014-04-18,3.0,-1.2565428404181025,-0.07127613672846822,0.8637947164402875
2014-04-21,1.0637868401332005,-1.294799891148154,-0.0887104076390934,1.0269432108425103
2014-04-22,0.9762125209210635,-1.0146579474460067,-0.18474677757046234,0.7608519532575195
2014-04-23,-0.6102235210892452,-0.7310444660029753,-0.05742512522767427,0.6064820590320199
2014-04-24,-0.5480996080675239,-0.6225797560939438,-0.0928715613631713,0.6035669448347152
2014-04-25,-0.6111676627681816,-0.9652080994587565,0.6838125862678393,0.5525740105935153
2014-04-28,-0.552027023805182,-0.94617183487091,0.5783272126649895,0.6300283972240235
2014-04-29,-0.9284994405515704,-0.4483698217095023,0.2040897082958268,0.5254196053415388
2014-04-30,-0.9122922235463935,-0.2622636867456867,0.10282968156305392,0.5128136383748612
2014-05-01,-0.8771434808691322,-0.012544175062292526,0.014034272641435034,0.33779952014692916
2014-05-02,-0.8335810147609101,0.06505133167993671,0.19840777427356587,0.3248414416016197
2014-05-05,-0.8234026117229065,-0.07851317132244791,0.37750216914662316,0.3629156638539815
2014-05-06,-0.7671271379317176,-0.1053467627156636,0.6961947252924507,0.06859558342395017
2014-05-07,-0.9640419001425445,-0.7985549773177762,0.2266021028596874,0.47607909842920787
2014-05-08,-0.9828032704807541,-0.5380489783410269,0.019662551375608236,0.106088509188603
2014-05-09,-1.0381377671235124,-1.0430992938562393,-0.17461010796803822,0.35843614167675003
2014-05-12,-1.0371229628531702,-0.6725512377172903,-0.5223877426599745,0.4387299605445367
2014-05-13,-1.131667481115014,-0.4859697125169539,-0.6273857174049938,0.20970857109711982
2014-05-14,-1.088258021145769,-0.3748941965183811,-0.5926295850905459,0.07836209486196251
2014-05-15,-1.042156605323793,-0.7633284059245934,0.2072138592168447,0.06549560192994149
2014-05-16,-0.9590466707586337,-0.9143497462508735,-0.46236297959785316,0.2722368660028178
2014-05-19,-0.9863712013758466,-1.0109470713630961,-0.4180223855087315,0.41550017754788854
2014-05-20,-0.9751921470894487,-0.8947417204482846,-0.31570979312095176,0.3272436091450798
2014-05-21,-0.9532580530032224,-0.8197829452841007,-0.9184010044824868,0.419309924324572
2014-05-22,-0.882561961292082,-0.6921123884271787,-0.8685047508475806,0.2150685930402399
2014-05-23,-0.9134200016029759,-0.3994718971787955,-0.9959713144325371,0.22914154870544703
2014-05-26,-0.2197154282668107,0.07831454620736465,-1.086037977182802,0.014363502631634035
2014-05-27,-0.9610195815790862,-0.07611375869933013,-1.0607162771644574,0.13146304875187373
2014-05-28,-1.042623717031843,-0.21226347592061826,-1.0045108920410715,0.10340830527377402
2014-05-29,-1.0468773770617117,0.2206078088880914,-0.8880927605620982,0.08955274969354794
2014-05-30,-1.0221241496835611,0.05943595878146491,-0.8572213195841424,0.12412358222563015
2014-05-31,-1.5056661740117507,,-1.2159824964517134,
2014-06-02,-1.1522525969935538,0.2574288389954357,-0.6529050340852541,-0.02006162522762728
2014-06-03,-1.2014575746498182,-0.129309293745911,-0.47520411163738197,0.04849203246175768
2014-06-04,-1.4843828855050143,-0.1507813437981641,-0.4446458641123064,-0.06170781089591203
2014-06-05,-1.3623897730457433,0.05484644860292583,-1.1028174575412828,0.0879458092324202
2014-06-06,-1.3686581648761527,0.2854066335873884,-1.805163254392553,-0.09974055575244067
2014-06-09,-1.3895058016667012,1.0321991730666646,-1.7722770708818454,-0.18481081164581206
2014-06-10,-1.3589150339904634,1.128926172738267,-1.7510995927259347,-0.17774558922629582
2014-06-11,-1.3994112402459304,1.3640984118517412,-1.291539803620184,-0.23123564232004595
2014-06-12,-1.34238887067982,1.25381228059713,-1.0386318260364147,-0.4883532229731627
2014-06-13,-1.2935298570760152,0.7249876837997083,-0.9851377629895487,-0.2802509122664341
2014-06-16,-1.2887530278487764,0.4118647060991631,-0.49885188917826745,-0.20324112536425623
2014-06-17,-1.3407611511992517,0.5234245376463507,-1.0119389116567108,-0.1286426417224484
2014-06-18,-1.2668739163412506,0.5426075224466583,-1.541571174452835,-0.013712821154772
2014-06-19,-1.2484666287639667,1.2439988975545122,-1.853172087902917,-0.40726297694679137
2014-06-20,-1.1975175813111396,0.8752032024873184,-1.7715203651532632,-0.21341114742358638
2014-06-23,-1.3480431427267447,0.45537938135474343,-1.4034010729693183,-0.02257698588471437
2014-06-24,-1.4073711092445975,0.47252161239853335,-1.2347746400525392,-0.11067987633662454
2014-06-25,-1.1410196739495204,-0.10071039060547383,-0.9785508476743462,0.413013959341932
2014-06-26,-1.1072618861676058,-0.28981399936506286,-0.8403285263555111,0.39271483796567674
2014-06-27,-1.1880336328836283,-0.3192135006472556,-0.7862617199694862,0.36747532024248725
2014-06-30,-0.9294836824537721,-0.36374752236505514,-0.7104336326288502,0.19415655057255
2014-07-01,-0.9906916718710908,0.08718170610066638,-1.037518827992061,0.09202281030332402
2014-07-02,-0.9909575458619371,0.1011082191512691,-1.2510680210127154,-0.05721841555099716
2014-07-03,-0.8260278431526562,0.3031232403327693,-1.6537992133128652,-0.04397193602502265
2014-07-04,-0.8789357566474595,0.20185347668396278,-1.590268687030656,-0.015363057573078544
2014-07-07,-0.9299088946839096,-0.34129123580604503,-0.9131750706419226,0.10532954138800658
2014-07-08,-0.9356561531376614,-0.8707300856008748,-0.2860888249913428,0.33433630819477067
2014-07-09,-0.9233995935177087,-0.8232468318285617,-0.5782520584754057,0.5334669575327328
2014-07-10,-1.0207190916067126,-1.2639650517186278,0.15588340418140395,0.9608675413752471
2014-07-11,-1.022794909399917,-1.1604760053695877,-0.055386186121809365,0.98972402401177
2014-07-14,-0.9695321105752656,-0.703259189199766,-0.5364228224787804,0.6056818871603808
2014-07-15,-0.9706900001751856,-0.9535961696221593,-0.19043349043297259,0.757789441997899
2014-07-16,-0.9489331132324366,-0.43473505158066533,-0.8001899831762691,0.26747874884027745
2014-07-17,-0.984760743194168,-0.7885686028877973,1.022052166790022,0.20201481259251486
2014-07-18,-0.9377317765444537,-0.8699360463424488,0.038718796421965206,0.4761038450583925
2014-07-21,-1.0273386924145944,-1.149946352286413,0.6410903475022736,0.5601468916692108
2014-07-22,-0.9535965989582414,-0.8926708938274515,-0.14981952817962108,0.2014984560476568
2014-07-23,-0.9582289763986684,-0.7155091735993903,-0.32528756026956085,0.11266569164231963
2014-07-24,-0.7241285522300412,-0.6736932142189089,-0.46798918328708305,-0.05022363489847397
2014-07-25,-0.776004761327736,-0.9497493889408858,0.33932212569278275,0.01199610427337835
2014-07-28,-0.6938142271142134,-1.086997035868616,0.34045375077842743,0.0001599255689016866
2014-07-29,-0.6913547590122312,-1.1073519099269005,0.4444716118658441,-0.21448537037479312
2014-07-30,-0.5983237442851036,-1.3569508121284932,0.745481675352592,0.04912645335026769
2014-07-31,-0.4547036394494881,-1.7412057698002665,2.2746802413913776,0.12127042699619081
2014-08-01,-0.5409246499376462,-2.1165309831528356,2.5105079639921204,0.454925360565253
2014-08-04,-0.5020655046024104,-1.9421977661944916,1.7574879079086339,0.7895733263247208
2014-08-05,-0.5955550082237477,-2.214666544214918,1.9752172024206773,0.8299471567478812
2014-08-06,-0.6910864252360345,-2.2857627876192366,2.0619899967031374,1.1266850634989443
2014-08-07,-0.8110788317002239,-2.3056872242819697,2.534494316095233,1.0170119568011031
2014-08-08,-0.7023593171464085,-2.413760170415386,2.394674765882793,1.8719723867889317
2014-08-11,-0.6701624436622609,-1.8016980568893297,1.4783200668697636,1.2793385698726238
2014-08-12,-0.8041025782691803,-1.8360575834125268,1.4983980033097624,1.2256850428475634
2014-08-13,-0.7282624733605304,-1.5430785737389217,0.7810088587160525,1.220806051859714
2014-08-14,-0.7243376223937296,-1.1697744551239195,0.3969314438448084,1.2193440805649955
2014-08-15,-0.6527351023043869,-1.1370231612330257,1.4771847820173685,1.3309037676457085
2014-08-18,-0.6270587891345051,-0.8227507101169872,0.3117116110758331,1.1949786439203451
2014-08-19,-0.5986400750121551,-0.635411070762841,0.06991076343029715,1.0693103536866
2014-08-20,-0.6122436174329743,-0.9170802522020461,0.029215454001442584,1.2508386853813072
2014-08-21,-0.6981309427248339,-0.8191242120420228,-0.2119078435472645,0.973891598300466
2014-08-22,-0.6596618265357735,-1.154076565923215,0.024263365137275488,1.120023004322912
2014-08-25,-0.6819367224090429,-0.8891788471271607,-0.19492838826685435,0.6628689141680534
2014-08-26,-0.703090493628034,-0.8540458205746936,-0.3682605141238788,0.5054831659412254
2014-08-27,-0.7185005273874305,-0.8963362332560897,-0.24875110273105908,0.4348975135409229
2014-08-28,-0.8660295097956431,-1.4529877811226326,0.1732922543844954,0.726907123349812
2014-08-29,-0.8726814590600482,-1.4832560068183325,0.18341917554576392,0.707114796691881
2014-08-31,-1.5236262521292951,,0.06802951628199487,
2014-09-01,-0.8477531178001863,-1.5270739596750411,0.34183304276839205,0.6470366810326359
2014-09-02,-0.8538015175156695,-1.5467463877172671,0.42825193871141665,0.5483218363160448
2014-09-03,-1.0603720701653574,-1.4022731771536638,0.11877212872207978,0.062366415025224095
2014-09-04,-0.9199612433801944,-1.5054193365334754,0.1502052642304781,-0.04999426246078534
2014-09-05,-0.6958806430207077,-1.7686794840639197,-0.2513274703883709,0.34052350040892265
2014-09-08,-0.8804973134714944,-2.165927254306831,-0.03781992761217072,0.31492187077089306
2014-09-09,-0.8206084547480932,-2.301206126010651,0.18325862987739083,0.4678487073689683
2014-09-10,-0.7892011894686674,-2.2450742946444238,0.04735994783037293,0.5187946635664119
2014-09-11,-0.8585229924106651,-2.13719997859439,0.07624324633475756,0.49653630536544113
2014-09-12,-0.905419184433051,-2.1531909157407427,-0.03089280919642885,0.4145489258762782
2014-09-15,-0.9301649955969564,-2.2217064968809077,0.3850839524925112,0.3402877878306289
2014-09-16,-0.871570196168349,-2.4016201758724263,0.1765515991931778,0.9515090591333598
2014-09-17,-0.9247911472252733,-2.0603797920570144,-0.052561241958235014,0.6019835411200151
2014-09-18,-0.8760110353514464,-1.8082027924239155,-0.21128573350184154,0.6893170821035718
2014-09-19,-0.8596097862212863,-1.775476428129513,-0.6259512301684068,0.38597514924514625
2014-09-22,-0.8645811886463917,-1.9682989561570003,0.08286931282425321,0.4154715096843303
2014-09-23,-0.8827178852820797,-2.085862643460171,0.9820432263355459,0.6018308757174858
2014-09-24,-1.0274439981834018,-1.9556656296717057,0.020832240049225174,0.880998932115265
2014-09-25,-1.0469019849793983,-2.070324782457479,1.2014961912744382,0.6779729274479135
2014-09-26,-1.0234002607985955,-2.168529252910493,1.0306633373454104,1.1610792841741584
2014-09-29,-0.9935326183318937,-2.3274609588897004,1.723843007459231,1.1295001251420658
2014-09-30,-1.0702687737875731,-2.395145904099882,1.5041337796046366,1.0732740614051501
2014-10-01,-1.0471372178124518,-2.498618953785438,1.914758515305784,1.028795891460257
2014-10-02,-1.0066851049025558,-2.630307804127749,2.4214512720428494,1.7330184511259923
2014-10-03,-1.1474919358558437,-2.544580117798202,1.5226300735016864,2.0113225303794233
2014-10-06,-1.260997644397041,-2.295215027374346,1.7795758419769643,1.651437360763667
2014-10-07,-1.4108431682692537,-2.325779537146706,2.4905165562489,1.2932849575068621
2014-10-08,-1.4232616672643477,-2.4112257812576314,1.9096274740142303,2.2880833989762595
2014-10-09,-1.332468462998629,-2.476344162360545,2.717347457359982,1.6444260320541328
2014-10-10,-1.2524031053425002,-2.623131286506595,3.0,2.3924724091954723
2014-10-13,-1.1925403377323551,-2.5172921861445565,3.0,1.563201841695946
2014-10-14,-1.1601807293532216,-2.4286686167936895,3.0,1.8445864995519736
2014-10-15,-1.16946827945348,-2.510958892386735,3.0,2.2002554938221617
2014-10-16,-1.0163609174341024,-2.480027841585915,3.0,2.4015072368893575
2014-10-17,-1.0466997366789084,-2.1692425843132432,2.9602078249496153,2.066816183724189
2014-10-20,-1.0191017192086422,-1.9604187627043694,2.350385450910527,2.094552287266319
2014-10-21,-1.0005677405361946,-1.7228329486067029,1.4019352131287246,2.2032167324485257
2014-10-22,-0.9271303009888403,-1.5896732651574965,1.5440571207464642,1.5487095085765905
2014-10-23,-0.5266543299457401,-1.5276514182713872,1.1993650584492848,1.691629905008828
2014-10-24,-0.4225885887775113,-1.5467485723039145,1.194317268468098,1.8296150599515826
2014-10-27,-0.57947850790188,-1.4113334889730693,1.4737935166592466,1.5839866379508438
2014-10-28,-0.49184916081260044,-1.1824007425115604,0.7519841715492759,1.4910454148373402
2014-10-29,-0.292761981367893,-1.0718051854779358,0.9022778499508519,1.1927977580465228
2014-10-30,-0.05390059839889872,-1.156343253357704,0.8327888124681029,1.4654365738168824
2014-10-31,-0.24797202746183866,-0.9392204683920575,0.6342068805657279,1.2127302732221266
2014-11-03,-0.09542672781586468,-1.2283228327946052,0.921615104798907,1.4728034167020911
2014-11-04,-0.08884338630969921,-1.1184287630126037,1.21437875746432,0.9635121181787121
2014-11-05,-0.17763049702049313,-1.066219131135696,0.9232768605264009,0.8601034090602884
2014-11-06,-0.208574987842026,-1.1844420897905361,0.6037225159470927,0.9474321456531742
2014-11-07,-0.3661790298883232,-1.2095727202916498,0.5727148525753993,1.1972472762585473
2014-11-10,-0.33866916560366533,-1.1172613362847175,0.16693272105461895,0.4844810456253895
2014-11-11,-0.31140900525538645,-1.107066989473563,0.02264245926799187,0.6162028028484994
2014-11-12,-0.2996353058892868,-1.1769780047523628,0.4941908199203357,0.5456534076068014
2014-11-13,-0.3023337005244628,-1.1601640394255557,0.46904614721550647,0.5413794671712697
2014-11-14,-0.19444429992284848,-1.1769624290090142,0.3033854730101731,0.38248098123014684
2014-11-17,-0.14271830571220492,-1.2814502390230238,0.3997287582889753,0.4465080975927371
2014-11-18,0.15214423645831743,-1.0496236071876062,0.28628753930508344,0.09841781416012871
2014-11-19,0.11663395153179217,-1.025721588230129,0.3700961510597181,0.15990143718680122
2014-11-20,-0.4603644406022952,-1.0763154595763482,0.38636041377041735,0.3837172730784296
2014-11-21,-0.40228245346147545,-0.852873701880344,0.07977446607027618,0.030613469252263065
2014-11-24,-0.046664156794911246,-0.8159254787694303,0.0885950982939406,0.12056630730981131
2014-11-25,0.07145434326544149,-0.7066771924114451,0.008168076811433934,-0.13974753868686537
2014-11-26,-0.08526758472428386,-0.6598108078375889,-0.15821710460383184,-0.14618670291972943
2014-11-27,0.12455086736087999,-0.7311461239730829,-0.16855448983305563,-0.03873846787856748
2014-11-28,-0.15696763440119624,-0.7482263279003923,0.03255242512200606,-0.07601256420768403
2014-11-30,0.2740711026155187,,0.08482802594349156,
2014-12-01,-0.07794158924661297,-0.7741734327517628,0.5048259656844523,-0.10042430386650765
2014-12-02,-0.21063434664258188,-0.7620762192633709,0.21695219735652138,-0.11142201740797363
2014-12-03,-0.28592368389197864,-0.8124292189709629,0.07466723378273714,0.04481435119673731
2014-12-04,-0.24958240950371238,-0.7637683602452184,-0.09243652910337806,0.06097577455789539
2014-12-05,-0.13580819104528433,-0.7484168990939811,-0.5254762521948271,0.08177460339658403
2014-12-08,0.075777682334617,-0.9158986555889966,0.016709099665267898,-0.18514074760347218
2014-12-09,0.04236357088170341,-1.1068123639401426,1.1088878211473099,0.08946422952380136
2014-12-10,0.00037450727695942935,-1.2667369114637645,1.7482062581203184,0.149270325791371
2014-12-11,-0.059143404463423005,-1.3225778590925037,1.8217766790998848,0.46380739190126996
2014-12-12,-0.06502329091019658,-1.4353356827240928,2.9602826120078705,0.8952694636383127
2014-12-15,-0.19843838224992902,-1.6834831140967876,3.0,1.7827008247291154
2014-12-16,0.3303859990758659,-1.4651102067583401,3.0,0.894145174608618
2014-12-17,0.25488212989598213,-1.514786431032182,2.5207673621349302,1.830385227346229
2014-12-18,0.3504831753191837,-1.1864549490302714,1.2885899380239294,1.6090476971559697
2014-12-19,0.3011070871614533,-0.9956874108324794,1.3439553876636923,1.0542630290430983
2014-12-22,0.5246467906926853,-0.8351444789399615,1.0019829709372596,0.769824133379943
2014-12-23,0.5008783250313026,-0.8479749276668166,0.8829657213688349,0.8923326998835671
2014-12-24,0.5432368773356364,-0.7230996736893124,0.6944149036405807,0.6665170781538095
2014-12-25,-0.39420491032432153,-0.6966268897536916,0.6904226918390747,0.7056349027391597
2014-12-26,0.8065400846438856,-0.6970943649377166,0.7055600453935622,0.6317551686611006
2014-12-29,0.9088060105603901,-0.5635002984125123,1.3482312281299704,0.6416842552898224
2014-12-30,1.1726381355977396,-0.6929688488035864,1.6231960010727753,1.0909007535811008
2014-12-31,1.1666983905732098,-0.7084309397999236,2.0555759189560856,0.7415939021537034
2015-01-01,-0.17489175933445053,-0.7286635838660405,2.010007849622177,0.726658230224076
2015-01-02,1.1608897128560063,-0.8558969628375799,1.9056445000809883,1.2427539782753605
2015-01-05,1.289831554574449,-1.1169662060888212,2.657000059002288,1.8783370712486214
2015-01-06,1.1946866057175984,-1.2650280787580377,2.642497565396666,2.010695092698832
2015-01-07,1.2496546229864982,-1.1921097451754668,2.2239388845180437,2.49321164473161
2015-01-08,0.9343323748609418,-0.785164452641547,1.4586170920688706,1.817456485524853
2015-01-09,0.8733145602059365,-0.8059814260716991,1.985276865244562,1.5650185841416104
2015-01-12,0.8844950327071606,-0.6653891107789032,2.3002069465294745,1.1470167284930572
2015-01-13,1.0235348260921027,-0.4172237121882042,2.219686852803838,0.6332794837915591
2015-01-14,1.103130560495276,-0.5907186734128946,2.429645228387641,0.9988226784320866
2015-01-15,1.148857749399667,-0.455113124599278,2.4201581140717927,0.10236238050125163
2015-01-16,0.906355700809197,-0.5267226080950338,2.1910614622173474,0.5476382030743354
2015-01-19,0.7470294467925302,-0.3085195202863908,2.0267291571619905,-0.336739667102337
2015-01-20,0.7293057763962443,-0.20415328074274863,1.7017626265373662,-0.4837628736853829
2015-01-21,0.8695568542947419,-0.052339067717046724,1.4058248376459714,-0.5658182846487123
2015-01-22,0.773857679616604,0.038044070099369366,0.7428369009896781,-0.19561067516701258
2015-01-23,0.7377190893759398,0.024105115838826175,0.7693880789549636,-0.49882669879118247
2015-01-26,0.7918086105565721,-0.042583803284727544,0.4258120503824843,-0.5294835481488853
2015-01-27,0.9280669822324844,0.06650376004882906,0.8035523441259811,-1.1986546665585978
2015-01-28,0.9349760271259141,-0.119831316368163,1.0970302149755835,-1.2965685898066315
2015-01-29,0.8629678549082728,-0.2556212228679773,1.1256320798148314,-0.6675464542635262
2015-01-30,1.3671736019207477,-0.43981832044541314,1.5545372454057564,-1.01533091810411
2015-01-31,1.9181128253272144,,1.8429870512863222,
2015-02-02,1.3785896253903673,-0.36323732698518896,1.2813797840401235,-0.8410018624609144
2015-02-03,1.401216256535813,-0.21492262411179547,0.8305369647075059,-0.5582480399011108
2015-02-04,1.6967802687010556,-0.09898632459797851,0.825471818717438,-0.8453215266911908
2015-02-05,2.0230755596306844,-0.16680719820830678,0.6368396093426145,-0.730197204055727
2015-02-06,1.9455811383455335,-0.29744588665954813,0.6140349947302585,-0.5489428445411318
2015-02-09,2.0500210352952464,-0.3300569162867311,1.2491919116921186,-0.6266882433777657
2015-02-10,2.039682666893135,-0.3417953883866522,1.028698237502104,-0.32956839551985895
2015-02-11,1.9949717841025323,-0.5082196478022313,1.0625090588037416,-0.23014372352303247
2015-02-12,1.9764614395028228,-0.19315380310888405,0.6891523687985354,-0.39818111516597177
2015-02-13,2.3073172403762503,-0.057650369950090014,0.5714543719200568,-0.5978491286819763
2015-02-16,2.366605950117514,-0.002219977119135942,0.6878367971070289,-0.6360027409886451
2015-02-17,2.3952974227159896,0.0014557304136851854,0.7821975806564695,-0.4869522566621551
2015-02-18,2.3439238606198725,0.1908762106430086,0.5429417528751845,-0.6226103730643993
2015-02-19,2.13766827580406,0.2161171990888866,0.47698867060033984,-1.8946737613154105
2015-02-20,2.364379602961265,0.20377510105525537,0.5097599432142089,-1.7136403016490187
2015-02-23,2.2152835335885555,0.21752868734797645,0.04494262961405689,-1.9309717164136508
2015-02-24,2.150222608625549,0.3500891671465555,-0.3833907226641003,-1.9494825617337617
2015-02-25,1.974349597793105,0.44622399339047764,-0.41704088235365544,-1.9895020597332433
2015-02-26,1.7954834112631288,0.4008476138972367,-0.45543210628102454,-0.8353604774969144
2015-02-27,1.8415957877498224,0.5125582542167401,-0.5056226149679625,-0.9852170783743865
2015-02-28,2.7747367787639274,,-0.7062256373552116,
2015-03-02,1.8168887013749346,0.4059578301999295,-0.520797113024514,-0.7965341801043606
2015-03-03,1.7638527667054364,0.3231908714795908,-0.17535686615992996,-0.8300775805880036
2015-03-04,1.3837881377285237,0.15933073327234795,-0.24539429141471092,-0.8790701372993499
2015-03-05,1.101618153823788,0.2438475478774865,-0.336725416972577,-0.965026653424299
2015-03-06,0.9659100054662804,0.05617079949680646,-0.1327320704153405,-1.1634493042794445
2015-03-09,0.96314758872297,0.06794375963631921,-0.047405223252383444,-1.0137121951088128
2015-03-10,0.8972504241807706,-0.2362359774568418,0.42047003238416836,-1.0623081186777994
2015-03-11,0.8431570247395109,-0.10005784922662549,0.26548596007407327,-1.2945385263888358
2015-03-12,0.6159503046570634,0.2557939314409669,0.02436995857777159,-1.0868499810320003
2015-03-13,0.536736764692614,0.05165721379240965,0.05093692804580981,-1.2682516434727873
2015-03-16,0.41375258192337655,0.3735345699405247,0.06508562016776992,-1.2611476594678463
2015-03-17,0.43217557612337465,0.2059049836384527,0.20060829805408983,-1.3384940574105153
2015-03-18,0.39441900588124934,0.30734214804281895,-0.1117932161216534,-1.1421022666001945
2015-03-19,0.3502389771847912,0.3508405667838845,-0.15845097666678917,-1.3837725982518967
2015-03-20,0.33048857169285306,0.788798355394488,-0.5239762901708569,-1.4987350421879677
2015-03-23,0.28895680274927366,0.9052572044365582,-0.16300742353270697,-1.8700635050006653
2015-03-24,1.1084397245780337,0.8952809494986963,-0.47646557886780777,-1.876077167992265
2015-03-25,1.2173257022834356,0.9468700003268156,0.03196191669190801,-2.181091618514302
2015-03-26,1.2049199423350705,0.5488343050391546,0.15214534987573144,-1.763229855103586
2015-03-27,1.265370196483899,0.5901977716840573,0.18404532417110597,-1.5168456759221602
2015-03-30,1.5087693586481006,0.6281526981079498,-0.005092602525121172,-1.309124723130985
2015-03-31,1.3337354190105746,0.40634055504696737,0.32624957883683847,-1.1833747412313567
2015-04-01,1.5613255065027614,0.5132555713329293,0.30783515879955126,-1.304266508345309
2015-04-02,1.726823874030686,0.9936429765003595,0.18216346741536088,-1.4996843847986583
2015-04-03,1.7836461571014206,1.052772234733979,0.19560448441815337,-1.4505753341071368
2015-04-06,1.7281097985555929,1.2724633286372,0.20225574220797923,-1.6406460015449884
2015-04-07,1.7501699675680575,1.1180305964449369,0.05190980958234474,-1.5277523207796144
2015-04-08,1.6754604718089392,1.103955302683675,-0.13606352669416918,-1.4812260388616751
2015-04-09,1.6744053634178735,1.0539455165984417,-0.455894493520358,-1.570759757574437
2015-04-10,1.8091241102639666,1.0769208073873948,-0.6674241525522469,-1.5382899212057937
2015-04-13,1.747013431551813,1.0216765845682143,-0.3747172333866123,-1.5040366610546747
2015-04-14,1.6797791485389955,1.1617720855133966,-0.2370851521053723,-1.6667638490553287
2015-04-15,1.6428221010557136,1.0845101882151917,-0.4569255641761869,-1.35741900021468
2015-04-16,1.636332984657407,1.0625749515477672,-0.1674890288551493,-1.4710873413209133
2015-04-17,1.5540488872611384,0.7313809620005959,0.8253043508912618,-1.4613659955398177
2015-04-20,1.4966227978819142,0.7238261921622909,0.29701787560309784,-1.149932698608692
2015-04-21,1.3735236588420578,0.919159614665195,0.30602530942057055,-1.3617284122650142
2015-04-22,0.828365328736993,0.8821064553470868,0.1679761041081054,-1.2631167594299628
2015-04-23,0.26934680193249316,0.928416715519888,0.1782646035348695,-1.142872602347513
2015-04-24,0.2089973916150898,1.0667405039609337,-0.00709294227662445,-1.271459697779596
2015-04-27,0.18311057186366758,1.2070059863630829,-0.039038073506202246,-1.4863352900708782
2015-04-28,0.2503425354200791,1.244617546030047,0.06873778162427872,-1.5086926513794268
2015-04-29,0.277408201700576,1.0367110377961946,0.5063497710808756,-1.2521933269736958
2015-04-30,0.061279699659159755,0.7368043387365218,0.66430262622332,-1.189658692630254
2015-05-01,0.0038702249742671975,0.5850229981189805,0.3964645113433266,-0.8879526909436879
2015-05-04,-0.10474111579086394,0.581765874243497,0.28288743219333945,-0.8113562045724456
2015-05-05,-0.14004588245553995,0.4079735958846867,0.8225933342240004,-0.9328300221794112
2015-05-06,0.076513687038481,0.6498886683760247,0.8862601014893898,-1.11053806606153
2015-05-07,-0.000870443567805976,0.4585743885105562,0.6704165416804914,-0.6199725059115571
2015-05-08,-0.03896130277487791,0.8811562205127009,-0.1705630211036414,-0.8787800864538159
2015-05-11,-0.14375387824808394,0.8913256803430599,0.06519491798277059,-1.049955715886279
2015-05-12,-0.13542789272316047,0.7073826085565124,0.3049054120846561,-0.9483643459637212
2015-05-13,-0.2755288054523229,0.7969232046644146,0.2044401001351303,-1.087740787226822
2015-05-14,-0.26422241900797605,0.8741829340922326,-0.15746647955593565,-0.924605927116351
2015-05-15,-0.24590851136543954,0.9644747534977354,-0.18203088615841215,-0.911747864321587
2015-05-18,-0.21504086323232585,0.8351667056043093,-0.24078100550694126,-0.7948593636339489
2015-05-19,-0.3481495654986495,0.6131359815052811,-0.39763888018691007,-0.7334774105766292
2015-05-20,-0.3147004506285793,0.6374748460859438,-0.46036809766477005,-0.9059670928447093
2015-05-21,-0.4590159106094703,0.7612303637174348,-0.5714600326242266,-0.9585603669926693
2015-05-22,-0.496066111160479,0.5214408204915,-0.5167941852199335,-0.7856446504911875
2015-05-25,-0.2399395149580774,0.5220063590694234,-0.5574301307506451,-0.8266488901620613
2015-05-26,-0.5038263432411574,0.08899228265121145,0.37588959757528034,-0.698630405512762
2015-05-27,-0.6412444249923427,0.2113410909673708,-0.09651073291286671,-0.7083755281871337
2015-05-28,-0.7557487688216376,0.2176488918509125,0.13873740409439367,-0.7810199980870012
2015-05-29,-0.6955452635108834,0.06597452444018138,0.5638669030713057,-0.6731636680407519
2015-05-31,-0.7023153570396865,,0.5057005243299058,
2015-06-01,-0.886805925494273,-0.0019401411289390494,0.7629995053713138,-0.5523425224210603
2015-06-02,-0.6783487538012782,0.21011160514841773,0.7033345863774172,-0.6630354375033205
2015-06-03,-0.5267099931775157,0.5052440694934841,0.48984430358691167,-0.8853096456101938
2015-06-04,-0.5297545680013003,0.37733062350092644,0.6841167292469982,-0.6230463435450379
2015-06-05,-0.5609563144277511,0.045019072187428254,0.780510045099192,-0.1705478008722121
2015-06-08,-0.5493272741625085,-0.0385674153949278,0.9927113834857781,-0.33145300713505904
2015-06-09,-0.557529236925931,-0.13109685650397476,0.754035775829771,-0.18613416992610302
2015-06-10,-0.6155518142087001,0.43198269713676324,0.28002347272383177,-0.3480144681750188
2015-06-11,-0.578498683624555,0.4236296533089414,0.16902124780203726,-0.24169708539214838
2015-06-12,-0.5698133961349571,0.41680370635370007,0.7445724205474007,-0.33972355950194566
2015-06-15,-0.6599238273307354,0.05807919543571273,1.5217353997179737,0.007886953551390352
2015-06-16,-0.7443129140595706,0.04778217705156531,1.5488457860150586,0.06417735468466025
2015-06-17,-0.7556171387032439,-0.2865369135175259,1.3867522147839157,0.3087387086339394
2015-06-18,-0.6507123934843491,-0.07564120778975163,1.211545475912204,0.21625411466332906
2015-06-19,-0.6981753451416542,-0.05845620249626133,1.3653051408865906,0.20599318033927727
2015-06-22,-0.7241836919320674,0.427750698356397,0.125032849571759,-0.396010076834239
2015-06-23,-0.24994693782583918,0.514436544690855,0.043284995447663954,-0.24727972929828554
2015-06-24,-0.32048702592102685,0.44304409087121344,0.4413462987244992,-0.39516455354725843
2015-06-25,-0.2556162442827651,0.457309923431455,0.7309414832184798,-0.41383840157097346
2015-06-26,-0.2424643537877299,0.3979420592893182,0.9276083540415904,-0.2540293100152636
2015-06-29,-0.4309665904174006,-0.13283793770603194,2.4629303302117878,-0.009845838921615451
2015-06-30,-0.38808188253718584,-0.39056272768322975,2.612343713372035,0.22407042885806894
2015-07-01,-0.3858461993301364,-0.24342344278884745,1.8364003283418506,0.18174586096981885
2015-07-02,-0.24464855827435744,-0.27695238014941276,2.166645854457033,0.19250686792867297
2015-07-03,-0.4872691090697009,-0.4820336293262908,2.225295283946317,0.2951903837952599
2015-07-06,-0.32869051096824514,-0.8012289650312369,1.849616382415566,0.7568676251182129
2015-07-07,-0.43477364913477257,-1.0907455979963512,1.9214162271534398,1.245638277553762
2015-07-08,-0.3471654069501688,-1.1060909716293776,2.4086318584458914,0.8302557515447
2015-07-09,-0.4161147121725696,-0.6951355255345298,2.266365484790494,0.4748792697613027
2015-07-10,-0.3318982523308481,-0.290162254359948,1.2095706896254141,0.15612916849246689
2015-07-13,-0.321354279987303,-0.15326205996401684,0.056215532851429106,0.23675214769083955
2015-07-14,-0.28888665782939665,0.004077299281497341,-0.30150092829292074,-0.014769571084570427
2015-07-15,-0.34127913239511143,0.09145153448352142,-0.4203793875850653,-0.07908449418806077
2015-07-16,-0.2892510995382819,0.2576419551752918,-0.9705042292476681,-0.21535542638601535
2015-07-17,-0.4153073196823788,0.17645700643722056,-1.0051000887010944,-0.07920430866604246
2015-07-20,-0.2804506025203459,0.2948555298868877,-1.119451883965063,-0.2725512085958376
2015-07-21,-0.18890455095921468,0.37565795979597844,-1.121032363709559,-0.3519524642055196
2015-07-22,-0.24708558288863453,-0.07272956550145854,-1.0814655200906809,-0.02205190329155883
2015-07-23,-0.18915038147998464,-0.06091274918548239,-1.0894146547836845,-0.19653271880489723
2015-07-24,-0.660263782722752,-0.25570125958546697,-0.6335134929979702,-0.29406508143434545
2015-07-27,-0.6377232002003231,-0.3887672967877139,0.12446865399624105,-0.06617386947631608
2015-07-28,-0.650320860717807,-0.28499638533833616,-0.3424334585381361,0.19675744165767553
2015-07-29,-0.667738687903976,-0.13488752761540604,-0.6290962378487861,0.10592762608100627
2015-07-30,-0.6097983950006123,-0.17408718946821183,-0.6411009185688784,0.15503838694671496
2015-07-31,-0.5769462950192541,0.19444920304032706,-0.8081822556848705,-0.07822002358816041
2015-08-03,-0.661231199262166,0.043137820782832,-0.8431200663514438,0.012223704465816613
2015-08-04,-0.6035094965524821,0.10907020213675647,-0.760842812818177,-0.0803471884702888
2015-08-05,-0.22385221371061212,-0.12051906085488238,-1.025496756095257,-0.12276248695468303
2015-08-06,-0.1314615104922761,-0.20936668338438752,-0.7049265976175442,-0.3198090553050254
2015-08-07,-0.30959764259230604,-0.302217224200888,-0.6630711807254388,-0.30403275065880425
2015-08-10,-0.24860217130421616,-0.0928006704971143,-0.9411065879086079,-0.26657146954260247
2015-08-11,-0.5549330264918633,-0.4418802876709015,-0.3248640577259889,-0.21173040766818876
2015-08-12,-0.5183397673968396,-0.8843054353794042,0.36834462519448286,0.654271054335889
2015-08-13,-0.6263285149813332,-0.8048470420579155,0.13578551620618715,0.5269193606557777
2015-08-14,-0.713661032319393,-0.813782802410578,-0.02106335388437339,0.7481378969004484
2015-08-17,-0.6773664733835907,-0.7636849311889091,-0.022602931388701356,0.7864496659530682
2015-08-18,-0.6293421487713218,-0.9027422002316449,0.11628179853997324,0.9269039377058153
2015-08-19,-0.7149008194117342,-1.17444903581635,0.533303921577078,1.2216664511226027
2015-08-20,-0.6374393642503147,-1.3900316867637967,1.4868922509110563,0.9274825963389934
2015-08-21,-0.6082649057954037,-1.703085933214983,3.0,0.9458728868571901
2015-08-24,-0.570617034428091,-2.2779353474301556,3.0,2.006580906618733
2015-08-25,-0.4865043882726881,-1.9225846472627712,3.0,1.4942132412725426
2015-08-26,-0.43717844981383,-1.8585621096451055,3.0,2.7559213140861276
2015-08-27,-0.29592475274863095,-1.3464248405009678,2.39230226337425,2.39388259376267
2015-08-28,-0.29379785348902737,-1.1517965341611427,2.3516091553560377,1.5017713505999226
2015-08-31,-0.05514391166682916,-1.307896176662179,2.53788577786386,1.5823794076201696
2015-09-01,0.13744537493271944,-1.6778595131310874,3.0,2.229928442046725
2015-09-02,0.09680889608637198,-1.5210406686118851,2.4049798372743068,2.7499382233857728
2015-09-03,0.17949291511917378,-1.2661766394477294,1.8566111544770945,1.9217445602584462
2015-09-04,0.02601125536259083,-1.5954646005111135,2.555257374721288,2.449371611802208
2015-09-07,-0.037271173578781944,-1.642629570796036,2.489690235717248,2.0890422026578004
2015-09-08,-0.17580486630876463,-1.4311275486342676,1.8634999275608368,2.3941295975302355
2015-09-09,-0.019123111431348844,-0.8819923784991734,1.7493969024690905,0.5771334409025507
2015-09-10,0.04209791023818092,-0.9992594532714588,1.720655828590102,1.5281386492594788
2015-09-11,0.18506536042238994,-1.0608299358356863,1.5557205698995156,1.765050747021694
2015-09-14,0.12533900144464707,-1.051729678646207,1.6300069467196876,1.9337920205692192
2015-09-15,0.12001811938886023,-1.044789924871684,1.3011585152321687,2.1052397871027
2015-09-16,0.0022102802965790172,-0.6678501263768647,0.9507575026249201,1.471245357153835
2015-09-17,0.05125189017519463,-0.8228125720565906,0.7672911296198406,1.3371841179219617
2015-09-18,0.07682221912183725,-1.0048259993068107,1.090762408810902,1.6691239583052528
2015-09-21,0.14338464107498386,-1.0875695524334448,0.7614702137453576,1.957264235618897
2015-09-22,0.18201416331119621,-1.586473573951868,1.5204943711356367,2.467271211860833
2015-09-23,0.2617191629413538,-1.6075173868055512,1.33535548019807,2.3973198704628356
2015-09-24,0.3082164190736263,-1.5470419786291825,1.6854821239548519,2.5512078432953884
2015-09-25,0.08753380640304657,-1.0858809203494493,1.34519345583648,2.0723775145391823
2015-09-28,0.3068046873260777,-1.3257051798342046,1.955266962836826,1.9053329232820528
2015-09-29,0.6449148869705263,-1.4561536867680058,1.9147465404344366,2.51523664618
2015-09-30,0.7790672651069591,-1.0760277702404648,1.5042753507387758,1.9368753477345775
2015-10-01,0.6912866297175123,-0.7986065112584353,1.3123961131619943,1.7585352711776554
2015-10-02,0.7732017854963238,-0.39854867459447935,1.0834508328259542,1.796618889893983
2015-10-05,0.46366453596220164,-0.018955948744487007,0.7039908811564589,1.111230999630215
2015-10-06,0.38997892055080663,-0.04000444186811918,0.4290725102532646,0.5633952372138026
2015-10-07,0.37940000904903465,-0.12903418364009334,0.35651020053223337,-0.15755519631886558
2015-10-08,0.5537931143112806,-0.14340581164756325,0.09942535951332242,-0.08009098841525011
2015-10-09,0.5469184020615356,-0.04756652811411479,-0.07839760307912627,-0.35744178566771573
2015-10-12,0.7364702608475241,-0.07621567017295511,-0.18032188497136487,-0.3125630576157447
2015-10-13,0.6418560726209385,-0.42209682948563004,0.026357817633515707,-0.11667841282864395
2015-10-14,0.6915278230505262,-0.557572972145622,0.18383195399040508,0.05114666356862381
2015-10-15,0.7223180659690177,-0.33623811262710385,-0.08706513259166637,-0.09840077029703402
2015-10-16,0.6399836952072387,-0.28124903706795396,-0.3190203657909559,-0.19186688157577383
2015-10-19,0.623099168231169,-0.32090847367993347,-0.36409618410467026,-0.06350198334378411
2015-10-20,0.6962918439851388,-0.5126849027100431,-0.38814996717645517,-0.015512836227363195
2015-10-21,0.6484203524231764,-0.2978045481355907,-0.2788249159863558,-0.1755345002671398
2015-10-22,0.7250798115093734,-0.26718627751493945,-0.6320322414370636,-0.05215805995428688
2015-10-23,1.077712895912636,-0.09119665679206262,-0.6464082071369363,-0.20917891743313025
2015-10-26,1.3121636423996923,-0.07258785969670985,-0.47510406610248107,-0.2907570186211129
2015-10-27,1.0521707012219992,-0.3531624106382987,-0.4439053140268549,-0.19768024196339362
2015-10-28,1.145275426070908,-0.35828319879533604,-0.51987058978182,-0.20220293915341495
2015-10-29,1.3357953871596149,-0.610324908608149,-0.5391523172278855,-0.1168481523157295
2015-10-30,1.6195016393833637,-0.3798179577918851,-0.5234627827657465,-0.2742533727149117
2015-10-31,1.7485900447247817,,-0.7012245040561357,-1.8594266029343547
2015-11-02,1.4360110904678411,-0.5130305236090065,-0.5611487018419706,-0.07010574744394464
2015-11-03,1.482830504660151,-0.47334257217614567,-0.6124147681576324,-0.025921223767386436
2015-11-04,1.3110155776915073,-0.3619857082733843,-0.4585481463912099,-0.26577441600030516
2015-11-05,1.3465619584782897,-0.5531390027437457,-0.4951966538275753,-0.24843629679367904
2015-11-06,0.8739474040918015,-0.6861727701341944,-0.6736477334560768,-0.1565124611303472
2015-11-09,0.6073566904241956,-0.620348612798892,-0.2906048998221329,-0.29678371932825337
2015-11-10,0.47516438702074165,-0.8048190495228132,-0.32948209376819837,-0.25752370394310153
2015-11-11,0.4492613673327301,-0.5062526570222088,-0.32378781063040474,-0.51483905152522
2015-11-12,0.33202781275279336,-0.7803047257687995,0.10292923561633488,-0.5821732144380974
2015-11-13,0.21550355841199212,-0.9622063092263732,0.43538100000342866,-0.5779485378890132
2015-11-16,0.23923815088930106,-0.8572008276072062,0.37285193288516755,-0.2920491254690325
2015-11-17,0.23013466309861552,-0.2660918097706512,0.15845934711501922,-0.6801878142850281
2015-11-18,0.110489333401157,-0.08383499044345773,0.07961223769708034,-0.4869217001338968
2015-11-19,0.2671232414573754,0.684736978807641,-0.04006881543681012,-0.7556646991702994
2015-11-20,0.20263307744209147,0.5585269229971233,-0.2882473401613814,-0.6595167368507393
2015-11-23,0.6030641165540161,0.45484640863216613,-0.2665094041536535,-0.5389665792685678
2015-11-24,0.5489451691912928,0.1519650989602395,-0.01225873415505686,-0.41108207083406645
2015-11-25,0.645206275277628,0.18131384896696212,-0.15026378444826508,-0.5189618844904622
2015-11-26,0.5765236664150672,0.607448587388071,-0.23861297798795086,-0.7850214549312778
2015-11-27,0.30870436100401955,0.7085363326436043,-0.21705562726142674,-0.5726657404425292
2015-11-30,0.08782470626718679,0.7255793028374937,-0.058591315289999904,-0.6009568930217082
2015-12-01,-0.26664015303383776,0.9682547535720645,-0.23198568812456902,-0.646492084605958
2015-12-02,-0.6729890634171173,1.258688351228365,-0.18477683138715667,-0.7503650022843655
2015-12-03,-0.6372153951402475,0.9413132898255431,-0.05083817229317516,-0.7658430692625519
2015-12-04,-0.9800075779279056,0.7756729224767848,-0.4337835309084431,-0.39416867490474455
2015-12-07,-0.9222507116423693,0.43878721317971087,-0.3554807353095789,-0.3808704292443092
2015-12-08,-0.6959269756401317,0.062443439702610785,0.01386359659645519,-0.0869250661978047
2015-12-09,-0.718580994371488,0.12998779052174855,0.3336665563853649,-0.2077461876625944
2015-12-10,-0.7087184829475591,0.11567714117633739,0.3899351741203467,-0.09986886042796747
2015-12-11,-0.7914641378554442,-0.18564082219728917,1.1579703429722035,-0.02894398396414227
2015-12-14,-0.6709586401766774,-0.6762594235050315,1.4390935925477137,0.44236849496062
2015-12-15,-0.5939617654139142,-0.5152004457206165,0.8903329077761989,0.3697655012805478
2015-12-16,-0.6438704715322775,0.010234104647398263,0.3248908459236376,0.20246803275523267
2015-12-17,-0.8254109373799537,0.2987233347342767,0.10554169952821855,-0.09769369566426028
2015-12-18,-0.7895280139891591,0.4074413416808312,0.4841732392258059,-0.13585275168598004
2015-12-21,-0.8818287326700479,0.35009602206784307,0.30934237266923015,-0.07090556480944969
2015-12-22,-0.8606415074837623,0.6305268110600228,-0.08209470322769834,-0.07539444411165709
2015-12-23,-0.9156213153250682,1.0844835641108999,-0.49150601817563855,-0.24541145405029405
2015-12-24,-0.875107373323798,1.5162783234963513,-0.435392862208555,-0.4278955818230422
2015-12-25,-2.647558002086244,1.7327418991997838,-0.4339192621536431,-0.3806086461150781
2015-12-28,-0.8464461023438922,1.2129392386612825,-0.07056573564845407,-0.3582372884758514
2015-12-29,-0.8340282797604304,1.3849850266757726,-0.2752257364660268,-0.4603562232744901
2015-12-30,-0.18863348636551316,1.1929300100798466,0.017953572625141637,-0.5286111069112618
2015-12-31,-0.1784383534095994,0.6606820116366474,0.14203017645550278,-0.4245126858490579
2016-01-01,-0.13045803980672646,0.640969963107541,0.14073179327088492,-0.4216232487118533
2016-01-04,0.1063682969566502,-0.2961243316948294,1.0311173780015999,0.11636801470766654
2016-01-05,-0.022597495247032282,-0.3669687427319919,0.7268078978006846,0.23675278838976574
2016-01-06,0.005053258947479967,-0.8926741773588501,0.8893420733612708,0.40220449669718267
2016-01-07,0.4549625131862292,-1.2491885494775807,1.7843300275636378,0.7964908509898724
2016-01-08,0.19025031323136,-1.3629901905691615,2.0580824528527466,0.9227328755745658
2016-01-11,0.2035515072537047,-1.447665302796139,1.6862553874497326,1.098553667014363
2016-01-12,0.2604062382203638,-1.715444942075149,1.2336386795432155,1.3807577735387144
2016-01-13,0.2822576340568901,-1.3670411228081458,1.4800491917463217,0.612116199373564
2016-01-14,0.3612784286113405,-1.6876498340869168,1.5799651316364347,1.3983705848107117
2016-01-15,0.49244132711819966,-1.8089820979298108,2.414708074664641,1.436829904423605
2016-01-18,0.23156402448010754,-1.96520993609979,2.3013725372138967,1.7395773998125879
2016-01-19,0.289911416001444,-1.5949658225444177,1.7118686612553764,1.2900917138261219
2016-01-20,0.370545166965054,-2.1718649375192602,2.331678690256324,1.9968732429101257
2016-01-21,0.3017602313467349,-2.1291310415500173,1.8368270305989882,1.9559897051767674
2016-01-22,-0.40788266550273056,-1.3624906882667775,0.897404149678082,1.2869437515340227
2016-01-25,-1.0105261109190633,-1.4057889053610242,1.0741305025141394,1.0553429358504665
2016-01-26,-1.2414374690805028,-1.2496143510408348,0.8386897963985228,1.271431243354371
2016-01-27,-1.2925998473563205,-1.0154953192557423,0.8203992875611639,0.7844110974732087
2016-01-28,-1.6403342855104628,-1.1368082860766997,0.9964552269026876,1.0398898869725983
2016-01-29,-1.4849158238246984,-0.8630985688961265,0.528429274144586,1.1335875151908426
2016-01-31,-2.12803923444434,,0.571561192409211,-1.1170874158562145
2016-02-01,-1.3343784848367621,-0.8049497013776254,0.4612896222421362,0.7578754464524038
2016-02-02,-1.1362774853691993,-1.2911374871233592,0.8696308099894556,1.1977323966429674
2016-02-03,-1.0707138761411386,-1.364981273916857,1.0449805447216984,1.4521294158211926
2016-02-04,-0.6938616532287384,-1.1562154471664439,0.884019776609055,0.9026698319377191
2016-02-05,-0.6824279045949163,-1.4560722547177694,1.0777899931836956,0.9363957106593653
2016-02-08,-0.4905513807598629,-1.8903807063763298,1.788435832461067,1.3001412946198274
2016-02-09,-0.6829309060304417,-2.070621290724719,1.8627322890215705,1.7396595902882301
2016-02-10,-0.8713533880352392,-2.030443488245666,1.7010388614535812,1.7248019245588895
2016-02-11,-0.8977248824481788,-2.1243461189574666,2.3704873391771306,1.774557960688633
2016-02-12,-0.7816512738480764,-2.2616133499356215,1.7557588966889304,2.010128630024952
2016-02-15,-0.8634056276217329,-1.5872201685545637,1.522884886438249,0.9702092027154176
2016-02-16,-0.7998700962940969,-1.6846422923828441,1.328972013754899,1.1375378082714287
2016-02-17,-0.8230013611618239,-1.3595788479115605,0.7965491163680795,0.16942417853217748
2016-02-18,-0.9834929690791784,-1.1938948677598424,0.7807051959383772,-0.1569180259107539
2016-02-19,-0.9851430796015409,-1.2564439787574977,0.7278041526409327,0.1701029572938444
2016-02-22,-1.7042879967645106,-1.0237235633556196,0.4907560753531838,-0.10789607817949619
2016-02-23,-1.585085209969536,-1.1819985448527655,0.7062298017892171,0.047137352016791645
2016-02-24,-1.3617914160089988,-1.407346415955262,1.0015315360821708,0.7438274272778023
2016-02-25,-1.4881738625058656,-0.9537220439288722,0.6140899196648387,2.472513578413739
2016-02-26,-1.7837041700370555,-0.9592267303798253,0.4842244619474651,2.1182985675470203
2016-02-29,-2.1316479905485664,-0.9506010982951123,0.6068717031478148,1.8937770031915184
2016-03-01,-1.9816759454234405,-0.689935335242028,0.17435584875231994,1.801357421387274
2016-03-02,-1.9790971458491255,-0.4769996698286762,-0.04977889956019271,1.3372038597340081
2016-03-03,-1.9607389372897983,-0.3063717786106301,-0.15441917319121776,1.0244003538621855
2016-03-04,-2.221826232921161,-0.060048855408023294,-0.3902604752185742,0.7274858897622384
2016-03-07,-2.135220066278193,-0.2093184103471045,-0.15303489497418296,0.8528099890087797
2016-03-08,-1.8740109443516033,-0.42551505193460737,0.18549371301032355,0.7747108266173232
2016-03-09,-2.0244207563981975,-0.43750710073687726,0.15016263809178612,0.9527374667108591
2016-03-10,-2.3905033868721985,-0.36032507801290725,0.06930709710245196,0.9980439363682441
2016-03-11,-2.2807147464159296,-0.004715607973438625,-0.5158182035958753,0.509139833577489
2016-03-14,-2.2211370793249254,0.08691683823497252,-0.606651550333537,0.3488930618117155
2016-03-15,-2.2110353474792435,-0.14591267842236788,-0.6256590462795106,0.7380193094652389
2016-03-16,-2.2281316201456955,-0.22600471194758157,-0.8779342351789758,0.9942513718890686
2016-03-17,-2.191829054895686,0.3320394396128909,-0.9080641869035747,0.3785660959979563
2016-03-18,-2.1715838073637537,0.2675966019576006,-1.1496837799669217,0.6713578998263744
2016-03-21,-2.13012204623529,-0.014614654045800469,-0.9961818321567721,0.8739761886824514
2016-03-22,-1.7725214222889465,-0.017078746487715495,-0.9151539853767618,0.7804738639626664
2016-03-23,0.5317636011884699,-0.277742878450834,-0.8397128022890474,0.9646539509222356
2016-03-24,0.5553036608311601,-0.6244083434243076,-0.5266590574058639,1.2296148392003647
2016-03-25,0.6690058705393936,-0.5757493778586522,-0.5515151558208221,1.0729477649333221
2016-03-28,0.7207005673512102,-0.4119215658452733,-0.49535689489770374,0.9842438648374845
2016-03-29,0.7842318511993236,-0.33933566738132487,-0.5900053366553804,1.2359820193547906
2016-03-30,0.7537546058504968,0.1601759422167358,-0.849610555206451,0.39455984711596404
2016-03-31,1.198763645358653,0.22011919956923343,-0.6922193537499147,1.1006007185487345
2016-04-01,1.3743517780934758,-0.2214186963983301,-0.5971282352820323,1.813909856315773
2016-04-04,1.3028701350151901,0.029208201199915726,-0.5660035971110339,1.404054433225275
2016-04-05,0.8997364234609996,-0.17253037858229697,-0.18454313174531015,1.917754876692346
2016-04-06,1.1023015480252865,0.04705638496082426,-0.44953321974822424,1.79451377767401
2016-04-07,1.141655374624054,0.09633870881247446,-0.10957998479278039,1.5520900731122187
2016-04-08,1.5696867201880425,0.414800285899982,-0.35026718315422445,1.3450136724065933
2016-04-11,1.6098081062782574,0.4401343789119798,-0.28041281929674344,1.1641472557921055
2016-04-12,1.6126768620752623,0.6286644649366018,-0.519265577061108,1.173351126190306
2016-04-13,1.57803525220911,1.069621430672017,-0.8387807977528495,0.4806749461521645
2016-04-14,1.579011209219908,1.375783695947068,-1.0251848868837479,0.0070361718147074195
2016-04-15,1.5850062787609407,1.3331814422428991,-1.0432466542437027,0.08259403048172949
2016-04-18,1.6610185503513684,1.566273294266948,-0.9906408661137669,0.25465980475702915
2016-04-19,1.7358483737709334,1.977371446518079,-1.1212649226803246,-0.2235652584844163
2016-04-20,1.7938844479115472,1.6943142548825172,-1.154088706565595,-0.29303491219468136
2016-04-21,0.16664298210027464,1.7390436008633003,-1.0625034052014612,-0.3516635368713423
2016-04-22,0.07739284313303627,1.4258150476460156,-1.075251224108969,-0.2642054694958288
2016-04-25,0.11432994415915798,1.3439442300626148,-0.8249890747585866,-0.18462960287001498
2016-04-26,0.13482022690362525,1.330981763998822,-0.9130397230882402,-0.1318137404949977
2016-04-27,0.09333242229409842,1.1793404929352573,-0.9968363914773921,-0.08924834560594536
2016-04-28,0.33584107738721874,1.1684474910358285,-0.8629393371039035,-0.1521163997974446
2016-04-29,0.1541901768573062,1.1383031815700562,-0.3970858434540701,-0.09190304263089193
2016-04-30,-0.44546986087344487,,-0.5879307497441736,-1.627987798176295
2016-05-02,0.23923209052459665,1.0228375179282851,-0.35460952307649796,0.21381759386751545
2016-05-03,0.17165234993629067,0.6286402875538342,-0.11471518207664554,0.41127858810795026
2016-05-04,0.11621485915957942,0.43451082771666477,0.0007337966997272185,0.8558773498337275
2016-05-05,0.021153032503666482,0.576415559057403,-0.15078898256788115,0.9585223312971723
2016-05-06,0.09581256402468086,0.6860009815885817,-0.3425247757983164,0.9892648272194116
2016-05-09,0.1506030910131801,0.6847777182460003,-0.46641146123117105,0.9505780079821987
2016-05-10,0.012576059055266658,1.204722932240759,-0.7220424123053495,0.6594507898190511
2016-05-11,0.08844509666255937,1.224553653011207,-0.5686648056854989,0.5544664378831725
2016-05-12,0.004913839923388661,0.9493708874951503,-0.5261519984551019,0.5134774009114502
2016-05-13,0.05668963893912757,0.7223596326471154,-0.5615247967297904,0.6641127519470489
2016-05-16,0.028643258155918245,0.7651972210985313,-0.5358096762009826,0.423278652305306
2016-05-17,0.05277641410087301,0.8990678425642907,-0.361679155796901,0.19454601971344745
2016-05-18,0.019866773637241177,1.0219250287252615,-0.4324619817083319,0.058424843462245635
2016-05-19,-0.07275184144069206,0.5341192923511324,-0.2813518239928177,0.5655036270905048
2016-05-20,-0.001187385085096055,0.849513074375361,-0.640192673845828,0.11837363179997858
2016-05-23,0.08550624160145669,0.9524896706296472,-0.465368344095397,0.20619832774116859
2016-05-24,0.09055515755486611,1.2028641029532832,-0.8278733307260226,-0.08901325395915194
2016-05-25,0.17756071231700427,1.4743271891595047,-0.96211927820808,-0.3205021141609509
2016-05-26,0.2558576827525911,1.5856566588318644,-1.0606790138973858,-0.5613214797978868
2016-05-27,0.021080014124511316,1.3501386007830005,-1.1273653127218366,-0.5292228204948279
2016-05-30,-0.6482774668050989,1.2394692621438361,-1.0456120033619363,-0.6275932632058145
2016-05-31,-0.09182068788280585,1.0794334389318754,-0.7796013673337729,-0.6112439369993453
2016-06-01,-0.6283690567734579,0.8913853188884745,-0.5247850789556314,-0.5130175853302276
2016-06-02,-0.6140254330601614,0.7724603721022864,-0.6798443584652591,-0.3186088440293858
2016-06-03,-0.5098263377283906,1.13550954449272,-0.6118392330254601,-0.755775105080601
2016-06-06,-0.6703585086588366,1.1544034143506694,-0.5248143418107469,-0.7280668918995848
2016-06-07,-0.49701079049225094,1.3694584299126016,-0.5412054658802601,-0.9415883917377547
2016-06-08,-0.5322886355271578,1.1230669296667486,-0.41532023924181455,-0.8569814007954224
2016-06-09,-0.5339779283593458,0.6910192116546641,-0.1348859423704822,-0.5388356671547068
2016-06-10,-0.43101300235865037,0.2914175673549397,0.6994045698960173,-0.07998131199545422
2016-06-13,-0.4943148124101098,-0.024397484673429056,1.7317882838466154,0.5054056977641898
2016-06-14,-0.4052529909641531,-0.48753072631121885,2.1327736796170624,1.2789336726689062
2016-06-15,-0.4933274167119385,-0.09881503356690333,1.9309861268024258,0.9175605224101444
2016-06-16,-0.4807968070311724,-0.23236858368947366,2.0528646743558236,1.450612528072253
2016-06-17,-0.4158224439787971,0.06809742765162055,1.726739478501213,0.5303900025927574
2016-06-20,-0.4061321380267293,0.8514291089156003,1.1113384270776479,-0.6019841263934841
2016-06-21,-0.13569698354647108,1.0541381274215373,1.1541857721192006,-0.5623709615355875
2016-06-22,-0.17572686687161668,1.1763180911414064,1.5707133765016121,-0.5107283406776123
2016-06-23,-0.05452879559029687,1.5387951887724878,0.6675834855768216,-0.7882416824916618
2016-06-24,-0.021335712463532858,0.18588170110795083,2.0914734253109377,1.3966595054455937
2016-06-27,-0.08231137563961549,-0.5086094594791347,1.8473082435929227,1.7837666724824655
2016-06-28,-0.1439869171538867,-0.3105458534647024,0.8259705073121426,1.3440437167451256
2016-06-29,-0.053463698265046676,0.32618829292616974,0.30078504826536706,0.7629580973188492
2016-06-30,0.7912500497733266,0.3579344407427411,-0.012648271775745214,0.530650220667368
2016-07-01,0.9226122481431942,0.636672629280047,-0.36883970623131473,0.4392534007617747
2016-07-04,0.9008610072953659,0.5223354186303395,-0.3674383130150019,0.2685253413159399
2016-07-05,1.0877548281668654,0.28873589007071754,-0.023032793094985463,0.7397423874171822
2016-07-06,0.9047980949523965,-0.09473617359141649,0.06780479817950463,1.4542707955002019
2016-07-07,0.6482821809114101,-0.012158528812935407,-0.1667457795041298,1.1233832057333102
2016-07-08,0.6575642003874778,0.12953290083528535,-0.5542840931921151,1.0913383996634325
2016-07-11,0.4705318545962255,0.2460291856996612,-0.639426471966506,0.22201648714694164
2016-07-12,0.6174970410563242,0.4069565030077068,-0.8201996476749491,-0.08456032082745703
2016-07-13,0.5628242523217616,0.5396944455344583,-0.8792338159387549,-0.3159186802717329
2016-07-14,0.6837850122480285,0.675030131013864,-1.0798546355413752,-0.3861782008190974
2016-07-15,0.6928269495442412,0.36732517574969664,-1.189718687240457,-0.4162654442753425
2016-07-18,0.7334222494677924,0.4261745438438184,-1.2285755574820678,-0.4092991196744266
2016-07-19,0.28068255221074395,0.247028245882333,-1.2144378336601063,-0.3493470349487249
2016-07-20,0.3168141087847534,0.46880707436706487,-1.3148917850554007,-0.5205028123737556
2016-07-21,0.37427914458353473,0.5417547375000312,-1.281335878712453,-0.5565754887307809
2016-07-22,0.7173350437310402,0.43104101921012783,-1.3570972521388271,-0.4707237933337346
2016-07-25,0.8076365848955589,0.3621924062882498,-1.158275162630826,-0.5310603569087149
2016-07-26,0.7668105090405555,0.4106921414968268,-1.1263989831162038,-0.6090516535467073
2016-07-27,0.867589967675245,0.48039314628364027,-1.0901390873989412,-0.7004809763623917
2016-07-28,1.240730967638284,0.5780783593941272,-1.0081400643984646,-0.6230842966719558
2016-07-29,1.3479288396798403,1.2365908314532084,-1.1921504347365464,-0.8962491409112713
2016-07-31,1.9268612551868725,,-1.5951345911483148,-2.2084282610142916
2016-08-01,1.3236751266068174,1.187134929885611,-1.0932864468387464,-0.7172872891596849
2016-08-02,1.300333209992328,1.0005033652666901,-0.6832714502746189,-0.6020697785347461
2016-08-03,1.4224879428093187,0.6711078916521345,-0.7641392163043927,-0.26436775805367313
2016-08-04,1.3827928777837006,0.8489063789407078,-0.9870697310247428,-0.31160502916038463
2016-08-05,1.3043148135661147,0.8906261318250164,-1.319563280518266,-0.30114697037361093
2016-08-08,1.316522111056728,1.1203885456831353,-1.3437613081447712,-0.5558565693389595
2016-08-09,1.3901419679572815,1.6433994631102014,-1.3782920132050998,-0.7714923233206117
2016-08-10,1.2185181574716666,2.0486431014162796,-1.2333989207322908,-0.8321459503329172
2016-08-11,1.2978825810423458,2.0399495193952175,-1.2952360986438485,-0.9180484815432225
2016-08-12,1.1724250700017185,2.043972226753137,-1.310308458672925,-0.8939968498731818
2016-08-15,1.2230125571789423,1.8909852406814773,-1.1891846990670771,-0.8802738335245975
2016-08-16,1.133568845158054,1.7555060805236398,-0.9785909552066848,-0.7796118049497465
2016-08-17,1.173688341238462,1.6253806170028677,-0.8562165213517345,-0.741453334577483
2016-08-18,1.2374304555427893,1.9326838301391351,-1.0343645939614827,-0.7217585174614021
2016-08-19,1.1154225490340433,1.672315520338267,-0.9783950320718444,-0.6481724829497029
2016-08-22,1.0558998337613292,1.5289095447535856,-0.7599337641811076,-0.6592237645626462
2016-08-23,1.1700268269507126,1.7767294523537023,-0.9026597961551207,-0.7490197329358117
2016-08-24,1.3262074010103366,1.6722011394640701,-0.8443692715842325,-0.787222510796546
2016-08-25,1.0323238705928455,1.4422516446599745,-0.7744553817966962,-0.8313257650771124
2016-08-26,1.0270504422821405,1.2844773631290693,-0.8410027861429411,-0.8607876971040526
2016-08-29,0.8632616416290083,1.1590571428029688,-0.8560674861868649,-0.4413012517286214
2016-08-30,0.24699274804243618,1.2114191482486147,-0.9355232927439635,-0.6850123477072723
2016-08-31,-0.06769896145829345,1.0646581794603334,-0.8901110662766979,-0.6654759193559568
2016-09-01,-0.13526640149624417,1.1967096543783053,-0.8053115058717826,-0.8697888729299973
2016-09-02,-0.14696250271426797,1.2992224887711545,-1.1965960576095789,-1.0031065929530922
2016-09-05,-0.24396214111606743,1.3636098569911448,-1.182748089175167,-1.0919735110679165
2016-09-06,-0.23673260977355914,1.7312510489612625,-1.0731164197613228,-1.1047044595149351
2016-09-07,-0.4508964940256003,2.0342572696325543,-1.116856187034578,-1.1418845606748513
2016-09-08,-0.35094602371368605,2.2955621597351152,-1.1289701273871469,-1.0961257490061516
2016-09-09,-0.5776016820786997,1.9654834649623345,-0.411527821344466,-0.9529003569875723
2016-09-12,-0.6579806575215006,1.6876668720838666,-0.4430083311969988,-0.5367906809366184
2016-09-13,-0.9257773708411355,1.5299862311275183,-0.035171077310230545,-0.5821051530505064
2016-09-14,-0.8586483048373416,1.4086437778619636,-0.07910398596630715,-0.44395848591951925
2016-09-15,-0.826449744346268,1.3167356541114152,-0.44846818967248075,-0.40326793789102167
2016-09-16,-0.968468930956024,0.9947038155626955,-0.46995562174392896,-0.25399768397058137
2016-09-19,-0.966585569987026,1.2059871573716536,-0.5972265963322564,-0.59293681280765
2016-09-20,-0.9546002190662022,1.0247303738965312,-0.49666368577485165,-0.6218530380111601
2016-09-21,-0.9037835969964177,1.7219120981636702,-0.8950735638511987,-0.7688233981845833
2016-09-22,-0.9724320906049234,2.1974021430689668,-1.3144326708566663,-1.1035418865027544
2016-09-23,-0.6637082163666723,1.7997065082427186,-1.3263570924080996,-0.8968364429729794
2016-09-26,-0.3798003576636464,1.3211635393741215,-0.6273595252309077,-0.7351440648793721
2016-09-27,-0.45057467277070945,1.1061880149384427,-0.696073483938422,-0.5732122136664376
2016-09-28,-0.22728413181066806,1.0715473703853056,-0.814560709930296,-0.5242211614812173
2016-09-29,0.2744048471784659,1.234762041592639,-0.6906264562174611,-0.7971364370121602
2016-09-30,0.31134995553527933,1.2909495638889832,-0.7131294242861106,-0.5405110125190572
2016-10-03,0.3502784122044871,1.3560708619789617,-0.6173028928775801,-0.5503511073591179
2016-10-04,0.31549535732904566,1.297087439186148,-0.7424774980501523,-0.6419433245038859
2016-10-05,0.24011978703923337,1.2307189891963222,-0.8256373050248965,-0.5775873879585759
2016-10-06,0.23900485878370814,1.0073305838129503,-0.8174818404489541,-0.5003747442026054
2016-10-07,0.34477981509604544,0.7798926100178935,-0.6652498952540151,-0.4144642407249852
2016-10-10,0.6907997134729676,0.7902734880103822,-0.7216429216689226,-0.4547802142408856
2016-10-11,0.7041400667977507,0.4187646651892148,-0.39738511578100355,-0.17808569083529585
2016-10-12,0.8683671023582371,0.22371538871035468,-0.3559820747247635,-0.1825267765101877
2016-10-13,0.6754325752004642,0.17320099530604252,-0.13371940150026138,-0.18659029877432767
2016-10-14,0.655955017004553,0.37094167032758835,-0.36435703012881393,-0.3089910781747531
2016-10-17,0.6638029659336515,0.27299088128611454,-0.23048097799989342,-0.2329573236080852
2016-10-18,0.60141915845324,0.5172667591998552,-0.5524491776088505,-0.6297152577347517
2016-10-19,0.5360968671771829,0.674596221074894,-0.7522185801410775,-0.7582187552351161
2016-10-20,0.4803706487740227,0.6873660330352305,-0.9256932819601771,-0.7451355968409945
2016-10-21,0.30502630618769216,0.5837304817106053,-1.067401389797995,-0.6530458121613482
2016-10-24,0.9795540112092892,0.554474675547691,-0.9319106470642586,-0.6329839656041332
2016-10-25,1.045020079411162,0.5553602307369265,-0.8196121248761546,-0.5816230779628835
2016-10-26,0.8896571638038123,0.4710333262805069,-0.6756277300030222,-0.7889394844388532
2016-10-27,0.9139821505930668,0.42734986338574266,-0.5764808273921824,-0.6071080879517277
2016-10-28,1.2112268347802884,0.39387229512118554,-0.40213433460324544,-0.5369963967426256
2016-10-31,1.0519247739762152,0.5213527424761311,-0.02622254474210935,-0.5134150969560292
2016-11-01,1.1068982742061197,0.5279596176319936,0.42955010738962557,-0.43547960558803556
2016-11-02,1.2884941528684288,0.35297201268003064,0.5988140528698903,-0.26114365957499025
2016-11-03,1.0329581076987038,0.12678552717584915,1.0713890376207333,-0.11563022490500752
2016-11-04,0.8603163744181291,-0.15115649240588788,1.1949635375158059,0.1609079352928245
2016-11-07,0.7667720655103333,-0.06149853163273136,0.6257243961613502,0.16398910608793926
2016-11-08,0.665249582640998,0.035994307559101366,0.6442725202266449,-0.010296380677171453
2016-11-09,0.651701258940987,-0.22530792061619218,-0.30530065151571817,0.3996392552111983
2016-11-10,0.6637950339733154,0.008794927442378921,-0.3207512433875928,0.32647398658200677
2016-11-11,0.8178903842086247,-0.09694952771317933,-0.3002125856052365,0.27867516255168306
2016-11-14,0.5580729477505464,-0.3216131781632589,-0.35449177926707953,0.3012878452595095
2016-11-15,0.6248064002691474,-0.27379544042334736,-0.679474908750102,0.1995833103029862
2016-11-16,0.547585167522936,-0.2779502743054159,-0.5599448494291251,0.30286862542674975
2016-11-17,0.6663355139728083,-0.15512147903783363,-0.7042124319105032,0.006873114366711594
2016-11-18,0.6450892312410588,-0.4541050063453667,-0.6869861136749177,0.5012121360868687
2016-11-21,0.7255430788424432,-0.20978832590567248,-0.7326129896160708,0.17421162016938274
2016-11-22,0.7808884986517037,-0.12919604579664037,-0.6974401799301145,0.19001478299874397
2016-11-23,1.2822123659982252,-0.30800164588354717,-0.7896344311075474,0.27725884620081864
2016-11-24,1.4246700949087125,0.06441086917807455,-0.7741985395270875,-0.03316264224717745
2016-11-25,1.3847582252215425,0.19769830260732849,-0.7373225625791205,-0.16815915057157232
2016-11-28,1.427356377302032,0.1295052698302414,-0.29329977085433934,-0.11075167721548629
2016-11-29,1.2271008166445683,0.21894528656009463,-0.4718814347664086,-0.22548607837001378
2016-11-30,1.005838194396753,0.21842570328120028,-0.43593881436025755,-0.29505552302401306
2016-12-01,1.1369363100567553,0.14752665583113622,-0.10639010599208772,-0.4026952144344173
2016-12-02,1.2706128238191674,-0.03246341017332479,-0.13737706433356792,-0.3072498022867248
2016-12-05,1.0617038113135253,0.03240003954297714,-0.8600161287294167,-0.3241752512121176
2016-12-06,1.3812194921825727,0.39780353607839775,-1.0651295663843159,-0.8202069324156747
2016-12-07,1.2609136035612074,0.8118887500078523,-1.1206184958205672,-0.7827536365661354
2016-12-08,1.3946902335594433,0.8571562958396073,-1.200858146738958,-0.905555070304615
2016-12-09,1.3557503931062584,0.8521082664990614,-1.1899477047642784,-0.9981459724010008
2016-12-12,1.3296182997213808,0.8505800802917306,-1.0131264850748982,-1.021771587395437
2016-12-13,1.5570903449414712,1.0064304549775076,-1.0100519312074159,-1.2886514928906272
2016-12-14,1.4998767361430543,0.9928078251311682,-0.918895726124654,-1.351709296068873
2016-12-15,1.7476541825586542,0.1551693603221579,-1.1560803591786657,-1.049721250975984
2016-12-16,1.5376193433457894,0.2559084616527164,-1.2339636627142923,-1.301737918138248
2016-12-19,1.3746188620627742,0.2837826761163982,-1.2984370711924937,-1.4465578179622376
2016-12-20,1.4143851726507268,0.08202891568565164,-1.3349293081312719,-1.287746459406504
2016-12-21,1.3451809804246104,0.42439530977781936,-1.336650414748516,-1.3717254231085676
2016-12-22,1.356019637092673,0.5133934728156689,-1.2521948801099483,-1.3320425014562398
2016-12-23,1.2704817460493205,0.6284089285607274,-1.2042070086004475,-1.2801553847778702
2016-12-26,-0.08447887675539507,0.734647002280523,-1.1883155842116806,-1.2411419962832075
2016-12-27,0.9769146872122406,0.7279522580353526,-0.9386850306070404,-1.2206540939332409
2016-12-28,1.2125580528862958,0.7398231160725488,-0.7042997106514017,-1.2666929369022697
2016-12-29,1.2425388206247265,0.9273213958689659,-0.593097469297152,-1.3537366592136086
2016-12-30,1.144480918586905,0.9962174266197489,-0.45929105868562964,-1.477908933804622
2016-12-31,2.1370152012885293,,-0.8596230470166419,-2.868918457708929
2017-01-02,-0.4392133905522623,1.256274499584,-0.34674929349838063,-1.4156183812290424
2017-01-03,0.9669572908757578,1.05922092770743,-0.6657972766733841,-1.055416879495073
2017-01-04,1.3099491339540468,1.614072635666985,-0.9211221950093658,-1.4351323923877384
2017-01-05,1.2100781449552502,1.804743228630372,-1.1037746772916641,-1.6811052535736277
2017-01-06,1.5245947675768958,1.9764033558916143,-1.1524398225662629,-1.550438973180861
2017-01-09,1.5155045519776797,1.9099130996500646,-1.059029590388762,-1.4460717228222364
2017-01-10,1.4183772633168668,1.7184977405795214,-1.0518057140698547,-1.5328559383848497
2017-01-11,1.396015610982916,1.445961474415079,-1.30470479645013,-1.279837618921496
2017-01-12,1.4851854855484188,1.725812780757916,-1.094642733017474,-1.5129641944659218
2017-01-13,1.3627461854674903,1.5361596666742716,-1.408313260250691,-1.5896865186939622
2017-01-16,1.363647445890327,1.3425303964329203,-1.2557701135270198,-1.4353818160959142
2017-01-17,1.3809762303291517,1.330968551155596,-1.156309580206008,-1.4785170374520489
2017-01-18,1.3108467460914799,1.317951190481165,-1.2175462869595168,-1.5279644531892653
2017-01-19,1.2251714919014354,1.2028092087564535,-1.151507321752194,-1.4190997904974518
2017-01-20,1.1541487906044254,1.3804456208749387,-1.4256884873908018,-1.4449334427585916
2017-01-23,0.8597763488890333,1.3505701653210032,-0.9378958071491778,-1.455924715644171
2017-01-24,0.8378304216352095,1.4835455125515373,-1.1657237790893715,-1.3250155341447076
2017-01-25,0.5566027725473963,1.8671117609440868,-1.2939996152135695,-1.4257369450079838
2017-01-26,0.5069735782552783,1.9146968487801717,-1.283927759856398,-1.2647311166196202
2017-01-27,0.5067784658741141,1.946002519076909,-1.271901289693888,-1.2145764164394224
2017-01-30,0.607732899210033,1.8366233184119445,-0.8299436146202746,-1.182244029137541
2017-01-31,0.6749138436135369,1.8806834018007648,-0.8255650351132394,-1.131252399366035
2017-02-01,0.7147136288737111,1.674922154014413,-0.9190671478513693,-1.0543885640474997
2017-02-02,0.6339428111660428,1.6837234923525275,-0.9507267680716817,-0.9906313930853663
2017-02-03,0.5928865957356231,1.666886755285175,-1.19659966383789,-0.9097429333996154
2017-02-06,0.7378403236796044,1.411609847678833,-0.9434794257651757,-0.7511216872333153
2017-02-07,0.407054823995878,1.3365615705350948,-0.8587038784650765,-0.7756951670784055
2017-02-08,0.3899027567109389,1.4695221715531153,-0.8299714832017621,-0.814750129496786
2017-02-09,0.6610645179026288,1.4892418023420435,-1.1047925191168535,-2.5529735551510457
2017-02-10,0.7543032265244223,1.7538947479064517,-1.117157178641135,-2.5324641574147897
2017-02-13,0.7411389561804377,1.767111957218316,-1.0605281421145658,-2.545010221128411
2017-02-14,0.43394457106794826,1.4353789993584583,-1.0422996307447279,-2.340981972721099
2017-02-15,0.3051317500810061,1.6833652954980822,-0.9576776545679271,-2.3519902064510085
2017-02-16,0.23849684635899582,1.690777812686203,-0.8807999177028424,-2.3954121374153416
2017-02-17,0.19789252513948424,1.4451813700247385,-0.9015048806104781,-2.2516387067913115
2017-02-20,0.03430824223867576,1.4162417837999546,-0.8723854702088274,-2.1935519030165236
2017-02-21,1.0130272546193395,1.2490704461423903,-0.8460159803624739,-2.0909791368272685
2017-02-22,1.1211489474937844,1.282605641453176,-0.8044501845894306,-2.113346880520059
2017-02-23,1.3101787237863203,1.4655463813050789,-0.6404489242353003,1.747517150929791
2017-02-24,1.2348783573926505,1.1600881015127653,-0.5552663043842406,2.0648587074129874
2017-02-27,1.3040213492441781,1.156857611799028,-0.510111318772624,2.0057273056194056
2017-02-28,1.0679706235089013,1.0384616140216136,-0.38984741347554064,1.9469278332844921
2017-03-01,0.9005727027603201,1.1198131691886373,-0.6666101245996706,1.8544212532378155
2017-03-02,0.8428226464408863,1.1298354943059092,-0.77438818642949,1.5365911900712752
2017-03-03,0.9548216851120903,1.063862325384359,-0.8486718682619743,1.6078166681145039
2017-03-06,0.8618979793610803,0.8255861457241112,-0.7296461394389254,1.4520169384724948
2017-03-07,0.6301822542192679,0.6866187841229386,-0.7043194775405212,1.5446943165251497
2017-03-08,0.6489946495067871,0.5576388014393425,-0.7247708330157755,1.4900670504567584
2017-03-09,0.5399459232457066,0.6026118732314494,-0.609965842532551,1.4293905639257467
2017-03-10,0.11913781993605052,0.8912537563667493,-0.6399521416847628,1.1227187762787911
2017-03-13,-0.1025618924374226,1.1298496823700783,-0.6595841971732065,0.9160352045053824
2017-03-14,-0.5760410009081232,1.0960153896117018,-0.4452541899238098,1.0838539458742602
2017-03-15,-0.5012818432097096,1.0707192092478817,-0.5825069003313533,1.1830855215143206
2017-03-16,-0.6300632471611146,1.3988891249071773,-1.1525614849203536,0.654147088867998
2017-03-17,-0.6067356708356249,1.302756307725439,-1.242927522775226,0.7254966349405243
2017-03-20,-0.6370209827211145,1.3051573679367912,-0.9795626499029001,0.6102700209068421
2017-03-21,-0.5340166221498697,1.4576833099350004,-0.7525705028362853,0.6467672379723958
2017-03-22,-0.5929147813046467,1.0651203486480774,-0.4887052791036279,1.040857772108095
2017-03-23,2.4058583783826806,1.3230728788903359,-0.41284330660819324,0.7918503285995729
2017-03-24,3.0,1.3327798063883403,-0.3448350165504376,0.778025601145268
2017-03-27,2.918302714746758,1.2996048600836354,-0.2925039420814656,0.8664811258813384
2017-03-28,2.776975219034684,1.3508021894559594,-0.4735338719293896,0.6426624019764082
2017-03-29,2.720956920042666,1.1356720024753233,-0.48730247994916054,0.8253705001262979
2017-03-30,2.517516463612876,1.10471501689674,-0.44633170141863293,0.6347886572797848
2017-03-31,2.2153206623159485,0.8451461353957899,-0.44283707824294655,0.9204331745026781
2017-04-03,2.0092630803748572,0.5489940673581482,-0.1720100306669494,0.9360683718953814
2017-04-04,1.951357760263883,0.46168740466646596,-0.16787995885651813,0.9287519707830966
2017-04-05,1.6906724748111162,0.48996260072682674,0.03081232477815428,0.9911988351048454
2017-04-06,1.6262666318395134,0.26634985015081697,0.0763580479298956,1.1143764378055414
2017-04-07,1.7220382635929719,0.22499715670241358,0.306890205390977,1.0091149547391896
2017-04-10,1.642768733896306,0.3064744612786102,0.6675953712455589,0.9668729370816113
2017-04-11,1.6248619531391393,0.4537510284650341,0.924774646643989,0.7631286158427849
2017-04-12,1.5982882873871258,0.3899037154074021,1.0166088407537772,0.858292038655993
2017-04-13,1.570345849147596,0.3019153414515336,1.1200976321584541,0.98606477799352
2017-04-14,3.0,0.28311380607816317,1.1094761016280275,0.9901313441351861
2017-04-17,1.4528455024185893,0.5071493570138899,0.9260996690479658,0.7853463750370628
2017-04-18,1.4319030044481755,0.32013332649808446,1.2323062124368565,1.199755038105479
2017-04-19,1.4093795901526744,0.32621721844637713,1.0256073237992818,1.1301566351858479
2017-04-20,1.3962428121918256,0.5556786481839191,0.997794866946186,1.0676736700543605
2017-04-21,-0.24270203491255224,0.5927861291373449,1.1285213794184425,1.1198599842248553
2017-04-24,-0.22822328740368347,1.1586929805436315,-0.7754920161901447,0.2793792261407987
2017-04-25,-0.21479370013751808,1.268560701389861,-0.8846487438031866,0.3019337403261043
2017-04-26,-0.26914536334448286,1.2986262428550692,-0.8971600747003722,0.18614135599389592
2017-04-27,0.005639516433276246,1.1984888920513639,-0.770416597596824,0.3179677585756808
2017-04-28,0.17008882701592618,1.137481248231508,-0.558584098393032,0.38568808840458396
2017-04-30,1.2050950061815522,,-0.9706426959399055,-2.3588223977083564
2017-05-01,0.10248270455298283,1.19450776865227,-0.6427707422555785,0.2798420892663674
2017-05-02,0.06753307114246816,1.3140371364707317,-0.5982660747905539,0.2289305789981926
2017-05-03,0.04934845789547634,1.191417959809646,-0.47965852994781333,0.1746412419242964
2017-05-04,0.11972903143812808,1.3006185801772943,-0.7230789655146149,0.053190167085272466
2017-05-05,0.11596328511813424,1.411356442215586,-0.6511166324797755,0.027981048913758834
2017-05-08,0.12781341935986534,1.4787775923547926,-1.146583421503221,-0.033945515257223495
2017-05-09,0.16527519004287372,1.2710356387035449,-1.1276039616151452,-0.03510438047550628
2017-05-10,0.17447833019606562,1.2835181304393992,-1.0477701969232656,0.04013499573206821
2017-05-11,0.15619505821307858,1.099430328537426,-0.9793754570025087,0.3012384488083099
2017-05-12,0.1318046672471275,1.160921313724881,-1.0500427137828612,0.19383149153310802
2017-05-15,0.10773766992825601,1.1415395313372885,-1.04119173940663,0.20347463794478476
2017-05-16,0.03603750065957891,1.2527920769249925,-1.100019437923632,-0.0029159006768190907
2017-05-17,0.046104845949653604,1.1241701522292713,-0.00654425853692187,0.04324189692489317
2017-05-18,-0.08915625342158182,0.8660743601306604,0.07355362749424468,0.3380595428113969
2017-05-19,-0.12494744088379849,1.0842491188816503,-0.5319081843850099,0.21802555294532178
2017-05-22,-0.38877222950673324,1.201685850161228,-0.7625296174192787,0.17018314874588797
2017-05-23,-0.1150777709091207,1.1285145306528923,-0.9229096467644433,0.230504579447677
2017-05-24,-0.1257204170384537,1.0806020682173605,-1.0246291942696641,0.33631165579540195
2017-05-25,-0.1572053294187989,1.0663305590129308,-0.9376745448319498,0.27469764326655294
2017-05-26,-0.29958274310178223,0.8905653736571809,-0.9905417807657055,0.3485162701929462
2017-05-29,-1.2658162161490945,0.9151588583632778,-0.8165575854863814,0.40459903172386774
2017-05-30,-0.44900583825434287,1.073568227175599,-0.7330726098830284,0.43645039909979955
2017-05-31,-0.64381129469085,1.3338695640957874,-0.7166012988535361,0.35078896651506136
2017-06-01,-0.5769723637962463,1.5430598999461462,-0.916778179068391,0.17222464232917686
2017-06-02,-0.555940098011901,1.7252146206630863,-0.9810013801043341,-0.04954347380318662
2017-06-05,-0.5516697391655959,1.7455472361149857,-0.8569015525795046,-0.012928033638119124
2017-06-06,-0.5161353492367826,1.452905456975467,-0.6699228956480742,0.08084236255376567
2017-06-07,-0.6117971502348322,1.0807848975399288,-0.6200398784207346,0.11866870971272823
2017-06-08,-0.5775333299565836,0.854071002936082,-0.8190594240996215,0.2348358385296502
2017-06-09,-0.6111341792059072,0.8352052428537874,-0.8313017685643669,0.1998797841933915
2017-06-12,-0.6943075830331509,0.6087062394529051,-0.4066535829383085,0.18349763796009047
2017-06-13,-0.760961638584846,1.2069033761452117,-0.7237874068931547,0.14896644141346393
2017-06-14,-0.7867078674783106,1.5777527189217477,-0.6152246865082844,0.024114075735174944
2017-06-15,-0.8705183104564467,1.0056118659469404,-0.4345029322532934,0.4689992636579819
2017-06-16,-0.775117913697089,0.9442903044996152,-0.7113449777146059,0.2258355061260889
2017-06-19,-0.9745678155390786,1.053340006523387,-0.828106886319442,0.05059153148853327
2017-06-20,-0.9992735252631246,0.7930999461978054,-0.6237275277924873,0.2486635248463561
2017-06-21,-1.1565613771606642,0.7086542581490157,-0.656879032920017,0.2848950853133131
2017-06-22,-1.1668207843130445,0.8327132577242886,-0.7873238633951108,0.2521863926900362
2017-06-23,-1.4853949751323416,0.9400781070043347,-0.7619480918665338,0.2626499325875316
2017-06-26,-1.41983432029771,0.9687588398906286,-0.8115844141205056,0.158196359897047
2017-06-27,-1.3282156122692106,0.8862314578025207,-0.5614452527333877,0.13266061537679216
2017-06-28,-1.2451829965612,0.9142393235939631,-0.6889819020842888,0.0851282193854755
2017-06-29,-0.9891882305835619,0.776037330004496,0.010308376564581554,0.12504142364003568
2017-06-30,-0.7658006441633478,0.5456596236022875,-0.08280295770100665,0.3720254367012273
2017-07-03,-0.8626826737145483,0.6069620103930562,-0.5933860478442335,0.2952022919720802
2017-07-04,-0.8669766445739626,0.5535471193635223,-0.5010685115628405,0.39935827280584124
2017-07-05,-0.6735616305343696,0.5421559077510495,-0.5163997223660937,0.38920093346105034
2017-07-06,-0.7127352423020475,0.5549689783256384,-0.21133171563806283,0.31673825874839323
2017-07-07,-0.6028873939300128,0.3277754209251005,-0.4537990014360901,0.49456789881031277
2017-07-10,-0.6264546607523372,0.43971407064306356,-0.774411630832311,0.37964880859190514
2017-07-11,-0.6157850112129526,0.44006601169824167,-0.7666516071080475,0.40111107671175655
2017-07-12,-0.6841023587961236,0.8121645591306618,-1.1819569047064806,0.07960835286437803
2017-07-13,-0.6595524621942869,0.807673156638243,-1.3617565451743405,0.08814985778169504
2017-07-14,-0.5907739721744618,0.9524075018639281,-1.428440024381332,-0.2595004285502359
2017-07-17,-0.7146789659576576,0.9804108724790288,-1.3691814248546894,-0.11432130284322704
2017-07-18,-0.689528869154353,0.8156916470304264,-1.1196882079164616,-0.014833982056484526
2017-07-19,-0.7185535326019614,0.8855990753873074,-1.1594164753738314,-0.00023991971788507707
2017-07-20,-0.6714296661158049,0.8493099628228348,-1.177575863414115,-0.1153554444431567
2017-07-21,-0.7053996255320955,0.6597283365713599,-0.7731365945803458,0.11905887985475608
2017-07-24,-0.9994703730378975,0.45464220441148895,-0.8187469317789358,0.291748630087383
2017-07-25,-0.9733012723311278,0.5329952562243119,-1.0708232926654282,0.20769677173525503
2017-07-26,-0.9868092464890861,0.5376657124297614,-1.1908857004422237,0.12271830362390614
2017-07-27,-0.9316353423659384,0.5287482526383597,-1.0520137467099562,0.004207163499260691
2017-07-28,-0.8537369706048757,0.3610161810568467,-0.9425912746709544,0.25187220170907115
2017-07-31,-0.8884880542249204,0.3782623487246118,-0.7789921002654578,0.2918045601752878
2017-08-01,-0.8724406259486956,0.5221718045081831,-0.8642363116154361,0.02867946821927843
2017-08-02,-0.892815962722058,0.4493547299273536,-0.7410744987755168,0.21006720061265702
2017-08-03,-0.7849642872650817,0.4980857804696021,-0.7036192264166319,0.10729018632057226
2017-08-04,-0.7359076176576291,0.34951949535723337,-0.8806682491331399,0.31412117884163687
2017-08-07,-0.8880227865407109,0.3794062624099435,-0.8315387026942008,0.07327157714884543
2017-08-08,-0.9761205078030282,0.3072423671432408,-0.7664572659004053,0.48044987425782426
2017-08-09,-0.913154461012831,0.0500746420472816,-0.33069346685964474,0.706590780579932
2017-08-10,-0.8723376391604812,-0.14108961904507206,0.9442216627679775,0.8781003507615326
2017-08-11,-0.91933667164851,-0.34923631961758833,0.9773095179477886,1.193222092865446
2017-08-14,-1.006896638964094,-0.14020915552524746,-0.05814110933053532,1.0245293369075348
2017-08-15,-1.0506732747623697,-0.1698114848447418,-0.26706638195464993,1.1660492541939895
2017-08-16,-1.0747074456032273,-0.024759821797597004,-0.45699890303697405,0.937329560837953
2017-08-17,-1.0682567945471122,-0.064587378910334,0.28805348379510454,0.85035727873211
2017-08-18,-1.086109946032225,-0.1955475538055734,0.5159002336287595,1.022678739532188
2017-08-21,-1.107869046647934,-0.21314444215732656,0.47889467467384567,1.1184070252321432
2017-08-22,-1.1416616369632027,-0.25308097560021636,-0.12289092667958483,1.0187060387155256
2017-08-23,-0.807350035625866,-0.2261899587548419,-0.025648116672588882,0.9810716144259515
2017-08-24,-0.7855688792043898,-0.3205374149956652,-0.010323118664880612,1.0475155257740998
2017-08-25,-0.74552930492835,-0.1519995745092149,-0.23044783808539218,0.8671698307367051
2017-08-28,-0.5769109735815011,-0.122318495457363,-0.17946603968572752,0.8924426496966926
2017-08-29,-0.47932874659685926,-0.15594314824129224,0.22342122831956784,1.1462909515623028
2017-08-30,-0.3340549536647186,-0.2919785639077033,0.004504110103583622,1.4532058273188657
2017-08-31,-0.35151807887472575,0.031681031115668896,-0.24800102850495062,1.0760152489479253
2017-09-01,-0.4600725636236447,0.21076372460672482,-0.48264641897137417,0.732512443550495
2017-09-04,-0.4304118025436417,0.044850604345193376,-0.20524340615879397,0.9930648462013442
2017-09-05,-0.5057031553895536,0.15494798189769152,0.11563472486734414,0.9964457184097778
2017-09-06,-0.512350690952786,0.09221900052916723,0.13659186813316057,0.9482885185091063
2017-09-07,-0.5455988113263098,0.3541094462108162,-0.033144576097658904,0.6990258994638012
2017-09-08,-0.5546216778201188,0.2743170361799634,0.07286950280097793,0.6520714399918006
2017-09-11,-0.5149956445355188,0.22790454490491777,-0.4899842784308102,0.433282086762385
2017-09-12,-0.5100879981647073,0.47193859592795717,-0.6365587817090395,0.40576478369791064
2017-09-13,-0.5378864217749627,0.32106835556976165,-0.7664273993529205,0.37302689577866627
2017-09-14,-0.5372710885725468,0.13928216429942825,-0.8951604605017852,0.5726190518847375
2017-09-15,-0.5574651312748742,0.2769076673661114,-0.9125368482113579,0.38481934098389076
2017-09-18,-0.5804545479758557,0.2850582772849424,-1.0034790235062132,0.39220348645380226
2017-09-19,-0.47912204755513577,0.46208231831476426,-1.0520087072943527,0.24878360948606573
2017-09-20,-0.4737024100787481,0.481482870930024,-1.0470142601262695,0.08725770746457977
2017-09-21,-0.544895655107419,0.13365096325816628,-1.148056320619901,0.25805551472960725
2017-09-22,0.2740807440544412,0.28527577924231123,-1.0443760120368022,0.03821300393449089
2017-09-25,-0.036779737725920095,0.11659960807755824,-0.8013902147508154,0.262504687009684
2017-09-26,-0.1097782603181629,-0.09976619732423714,-0.7736532184721983,0.3961974474360792
2017-09-27,0.03897042196309345,-0.06519635586630446,-0.8762600595866169,0.3316716371580319
2017-09-28,0.2249969111794223,0.17222271488489876,-0.9979272253987811,0.05845104357606418
2017-09-29,0.054340989833501815,0.46155992557354086,-0.9467208264662565,-0.18897405488329355
2017-09-30,0.9396028032761461,,-1.1935534904056275,-2.8487983659653437
2017-10-02,-0.10486360821239556,0.4460704621122686,-0.9161500988055764,-0.12876983148875767
2017-10-03,-0.13433193895426468,0.4896802141400987,-0.9812347280248539,-0.24605496745548291
2017-10-04,-0.2764294440755532,0.5477059488665732,-0.7329969517650904,-0.24512772191171303
2017-10-05,-0.2792269733711486,0.3307525436201861,-0.955151189220016,-0.15851662977769923
2017-10-06,-0.1773198148659411,0.284047447822936,-0.7988560871070726,-0.19775300722023678
2017-10-09,-0.055019110144054244,0.2562175231079495,-0.49488349527622094,-0.32368737093188055
2017-10-10,0.039774629830721706,0.5345306443408596,-0.3666534951330631,-0.5219768260943912
2017-10-11,0.07753333204680911,0.4937866467109269,-0.5289000060161742,-0.45395070329454384
2017-10-12,0.1558163178946444,0.5341072619581384,-0.6099979603190191,-0.5359935041480091
2017-10-13,0.1844813772288358,0.6256614145657928,-0.7322831417870052,-0.6716215615628818
2017-10-16,0.15564960103565156,0.6302506993103963,-0.6832824700503027,-0.6686563229466603
2017-10-17,0.10926581522164844,0.2965470727282799,-0.6048782590862374,-0.3799812507070337
2017-10-18,0.10089940293339317,0.44316534472427654,-0.7824450300155616,-0.5128044760169189
2017-10-19,0.10765683598072767,0.5701022535730974,-0.46071980194857276,-0.588116120675789
2017-10-20,0.11920897519172369,0.3274121708401774,-0.49741844216144576,-0.3374376704090837
2017-10-23,0.0749427971267571,0.30186087097185316,-0.24698408252214146,-0.47128879667742196
2017-10-24,0.031497974005479594,0.26533468865157084,-0.2155557202629677,-0.4883156654818765
2017-10-25,0.14600024197983275,0.11217888813633878,0.11116981259899217,-0.42075040130101493
2017-10-26,0.32459001458847137,0.08017930750434323,-0.13936163140905575,-0.5230647374629425
2017-10-27,0.3356354385839012,0.05599988871203018,-0.41687534268352083,-0.4730977385918639
2017-10-30,0.5574322898522599,0.2717402172176711,-0.22485929052919565,-0.6794820298164724
2017-10-31,0.3972284003595093,0.3399828919883928,-0.43694251437982157,-0.6828345476646596
2017-11-01,0.41517722664571083,0.5973718601600174,-0.443670814207981,-0.7524192318562709
2017-11-02,0.4237136550710275,0.6244815902663625,-0.49139592267429555,-0.8944506990410028
2017-11-03,0.3680534587671209,0.47535058507995026,-0.6361926492163379,-0.6988861709541412
2017-11-06,0.5341758149236309,0.41269896173140086,-0.5425817773063155,-0.6940576642887917
2017-11-07,0.4194571367523756,0.5897532386234553,-0.34496324811864915,-0.8600805809286962
2017-11-08,0.42606659056092167,0.7155533995676451,-0.28669139738005345,-1.10113657542788
2017-11-09,0.4043420844340733,0.3271957208404971,0.08890682095316985,-0.8352692460843713
2017-11-10,0.31980103971987783,0.32557136734082226,0.2848266490511953,-0.8848377070682142
2017-11-13,0.22527879766020992,-0.08857442559538815,0.22678782076637394,-0.4244449516142179
2017-11-14,0.3189140806737606,-0.165703442080297,0.4053006128462481,-0.3006803249832522
2017-11-15,0.3099097831095043,-0.29446076328869286,0.8208580724657096,-0.18172810043465737
2017-11-16,0.33654337560140374,0.04208241642277938,0.48277854883462024,-0.33956637747237534
2017-11-17,0.31395575326762154,0.04767254059476051,0.44098279866430046,-0.2979837265633981
2017-11-20,0.17266739460522315,0.06895897757341529,0.08227439693491165,-0.47447961309445663
2017-11-21,0.20767019248964638,0.2806778213851194,-0.27161753096636126,-0.46245024808894086
2017-11-22,0.2604010254321213,0.3893415141168766,-0.17926550982277153,-0.6078197270145268
2017-11-23,1.557815573411214,0.4291116021539867,-0.2003357334110631,-0.6856239557508504
2017-11-24,1.58570853408035,0.4874414232580128,-0.24699715306774803,-0.9155060560257888
2017-11-27,1.337734463788165,0.2920880351655352,0.00833918402474148,-0.521140262949063
2017-11-28,1.375507455940252,0.17502332184448965,-0.05814821129606466,-0.4232383815446855
2017-11-29,1.1215015632564902,0.14843863144017413,0.18351950521022434,-0.6211833180365265
2017-11-30,0.7589746733576639,0.15897748440966014,0.52430605112751,-0.5972718616301637
2017-12-01,0.6522786780738482,-0.3030939046937732,1.1008606961500333,-0.21443269067662163
2017-12-04,0.6084515343482877,0.027500028899730713,0.5990969733128813,-0.7000900555883907
2017-12-05,0.4477599859833253,-0.20299375194796637,0.4548421064346639,-0.4602049444788784
2017-12-06,0.5426695905667659,-0.5410739550460965,0.5714719534754604,-0.18924544754394168
2017-12-07,0.23031041855878642,-0.4882772629025817,0.38066410126649136,-0.31550593945817834
2017-12-08,0.2563246026673657,-0.36140732954665383,0.20954559174645376,-0.5044236801315853
2017-12-11,0.10519509018390585,-0.1245186749055739,0.14985740189066127,-0.6786805880542981
2017-12-12,0.06776067149382684,-0.08168334842739597,0.18464807619184717,-0.6813507147769994
2017-12-13,0.10770531630319853,-0.03099016078482089,0.06545081179267905,-0.7252011546596937
2017-12-14,0.7072587806100725,-0.16268351975877143,0.004994958369177674,-0.672263952990721
2017-12-15,0.6146115012326249,-0.4595610882735491,-0.26890760452243034,-0.473246011722199
2017-12-18,0.2986318046365996,0.10469307007424149,-0.3938459556668983,-0.8846947597911895
2017-12-19,0.1970921578859574,-0.09492885028726544,-0.3193680991614693,-0.8026720105813068
2017-12-20,-0.03103371427340864,-0.18488505070267233,0.0036487547764010183,-0.8445072924176639
2017-12-21,-0.08976142839125695,0.033538716534422836,-0.16608652033130722,-0.8358837261603405
2017-12-22,0.02945168599472229,-0.036803757677226386,-0.07833991106356618,-0.8536518910758369
2017-12-25,-1.0741255585665106,-0.15228428192375418,-0.07359072456087196,-0.8636570464504342
2017-12-26,-0.21515030194389165,-0.15689200823867808,-0.0009683528180626931,-0.9172704139247315
2017-12-27,-0.25073934741665366,-0.03270714469901222,-0.014765679881291969,-0.9301767683285661
2017-12-28,-0.23346083134931797,-0.005966669032690105,-0.35506065326203745,-0.8993216034243603
2017-12-29,-0.2571171297166917,0.16982212018211018,-0.003076745759089077,-0.9712975737162746
2017-12-31,0.46266701791774184,,-0.22710794235309403,-2.812150320917246
2018-01-01,-0.9268595164428266,0.04178572473257773,0.006289903499579224,-0.9008908907704459
2018-01-02,-0.2354357830654621,0.11568297181985579,-0.08007476726624811,-0.8851065664383551
2018-01-03,-0.15242908141962624,0.245797624906862,-0.6081379909567249,-0.8219108678023009
2018-01-04,-0.15767702479321183,0.6255722965222545,-1.0028016305635508,-1.1092494045729866
2018-01-05,-0.17105068670718987,0.6557648539748403,-1.193948115722611,-1.2066909603768912
2018-01-08,0.09667619368392225,0.6423967561640341,-0.9045635611336268,-1.16330997210698
2018-01-09,0.3222435189462403,0.6520795166405078,-0.8865426176006034,-1.2643694037028674
2018-01-10,0.35104873527634267,0.6509415114790079,-1.0411873457907845,-1.341947193655789
2018-01-11,0.3564862966910921,0.6413914551571469,-0.994763993688265,-1.2891077098646464
2018-01-12,0.32389399003516073,0.7483522611143343,-1.0018633800280738,-1.3394633532245903
2018-01-15,0.27333887812527635,0.9479251593681497,-1.0044728474779554,-1.5468749656358107
2018-01-16,0.3138584124903468,0.8675852722953514,-0.6455951340389233,-1.510319011078363
2018-01-17,0.2502966051696707,0.9288029009462226,-0.36132917102534984,-1.4131828249081029
2018-01-18,0.23148339341942203,0.8184754896707347,-0.2870772782739071,-1.2172161312283574
2018-01-19,0.20026658916752882,0.958970787338283,-0.46529210434730145,-1.2841572348697168
2018-01-22,-0.027373926259461525,1.0642511967273511,-0.46194571567915726,-1.2918206738810627
2018-01-23,-0.030373339249453048,1.202487797951013,-0.4618313639288876,-1.3614152576855494
2018-01-24,0.18519848965551602,1.3458876962960857,-0.2901398409972166,-1.5109032266234026
2018-01-25,0.045875666954109,1.3236863969239119,-0.26576217581731126,-1.489779943830645
2018-01-26,-0.05717150749882929,1.1505402031675385,-0.3837191060449494,-1.3503790217162683
2018-01-29,-0.12983477236417224,0.6889488874832922,0.3253997518202538,-1.3063986003377954
2018-01-30,-0.6151322889689603,0.26542300408800285,1.1179454389748003,-1.2649522986624802
2018-01-31,-0.9510522415956337,0.1456396253873888,0.6431234052394034,-1.1228321493041415
2018-02-01,-1.0200491399939546,0.26432487370230406,0.942421071986036,-1.092952520150819
2018-02-02,-1.0124528824205796,-0.3989524793182191,1.9983714359672369,-0.8273354989926864
2018-02-05,-0.9175837977960081,-1.0162257073542493,3.0,-0.71495998588317
2018-02-06,-0.7358294447741563,-1.7125370473180166,3.0,0.8809970876204831
2018-02-07,-0.7802114317810293,-1.282008804832602,3.0,0.2608098675441944
2018-02-08,-0.9391899982305746,-1.40871994167507,3.0,0.3748607566095229
2018-02-09,-0.8632106673825417,-1.7593643350951846,3.0,1.2035943466082544
2018-02-12,-0.9755253659644548,-1.3796680854561594,3.0,0.93265001902735
2018-02-13,-1.1393738349321647,-1.2808991820332272,2.937411150949189,0.9238919260765885
2018-02-14,-1.1475981192,-0.9452469137442365,1.6099161968356843,0.6227644551994033
2018-02-15,-1.1762901384649416,-0.5757670154047483,1.568632872205457,0.4768155043132076
2018-02-16,-1.2397296925941714,-0.4249235593641177,1.2922012184112743,0.4128268516457831
2018-02-19,-1.5109744180482378,-0.540010985059324,1.4265089225126575,0.5096113264657787
2018-02-20,-1.6399494020565155,-0.6645043005440803,1.4632649189105633,-1.7084143245303702
2018-02-21,-2.480989081287204,-0.7507500491537181,1.354539321216166,-1.9410459672798095
2018-02-22,-2.565714724436062,-0.7240593303281242,1.2451616498423248,2.390577733511148
2018-02-23,-2.3529895722954057,-0.5373078640970318,0.9515915582149265,2.426693611393477
2018-02-26,-2.174161823210777,-0.37298546754404754,0.6892868025957147,2.3968687661691592
2018-02-27,-1.972977876341909,-0.628354610612234,1.081766187620702,2.2224619918268242
2018-02-28,-2.2231796704306817,-0.9314555236529779,1.3034459187686906,2.233535176897118
2018-03-01,-2.2602626222986992,-1.380362395918384,1.8966258076936617,2.3126098633490546
2018-03-02,-2.2143050237458817,-1.5947723104754865,1.8884575586995236,2.3705821575798622
2018-03-05,-2.417248902111221,-1.577960844903912,1.3305134872796842,2.3770506984557165
2018-03-06,-2.3730732966320374,-1.291724856006482,1.2106121255677247,2.1851600415819994
2018-03-07,-2.3436791829173402,-1.4381107355307836,1.0872514481305655,2.1626031950795275
2018-03-08,-2.443854140417815,-1.2963529105827925,0.7745069371955196,1.9854841335318167
2018-03-09,-2.6018750084454285,-1.1585923588563325,0.3909272787331472,1.9796951737074397
2018-03-12,-2.6034849499642676,-0.9657519096648886,0.5106154399397301,1.7456795623178976
2018-03-13,-2.5764734183638436,-1.0081613152844267,0.7507421453955375,1.6972691959814155
2018-03-14,-2.558223802068345,-1.106554991029608,0.9633600984296409,1.7040497762878528
2018-03-15,-2.5353860906843004,-1.2998247179452478,0.6751006883231081,1.6136860729090918
2018-03-16,-2.457668351193566,-1.2644535805315724,0.3788999083557366,1.579896532843559
2018-03-19,-2.3839383847817337,-1.4969115737485066,1.1103121724156648,1.5517712355846298
2018-03-20,-2.39033841428565,-1.548934979810175,0.8164271696729504,1.5109589285063305
2018-03-21,-2.218202926725574,-1.5330381531149513,0.6874410908230923,1.4977266315150521
2018-03-22,-0.39730358332399485,-1.684680555064447,1.8323455691525796,1.3783115985947951
2018-03-23,-0.3753840167552981,-2.0570055279298365,2.2311524263903535,1.4775494525772161
2018-03-26,-0.31219546620466193,-2.03249271411198,1.9354565737746132,1.6097143711860917
2018-03-27,-0.3245433001181173,-1.5328783956444578,1.6672853002579953,1.3131599679392383
2018-03-28,-0.2971625232160665,-1.668743572977912,1.7972471407595356,1.3116733228403696
2018-03-29,-0.2680436866319736,-1.6954347776502672,1.1974125646355365,1.3882332595914189
2018-03-30,3.0,-1.6538814073914136,1.1847042598779056,1.3160226774104276
2018-03-31,-3.0,,1.2010146642610906,-1.9525243138576693
2018-04-02,-0.2380122987266816,-1.6578780508109312,1.5213775265080813,1.1037081458835827
2018-04-03,-0.2688709313327507,-2.0229904376728025,1.3730449039485977,1.2759731124887268
2018-04-04,-0.35223127942191296,-2.134756149049273,1.3495763693583323,1.3361383175470973
2018-04-05,-0.49191470475180005,-1.529453172281081,0.8774293000341797,1.0847229936943656
2018-04-06,-0.6082981868472115,-1.5428360263591012,1.2118526450657998,0.9368687690216513
2018-04-09,-0.7325557825464166,-1.4289895231832384,1.1032423015975736,0.8355459156009851
2018-04-10,-0.7281055879114642,-1.1215281026939263,0.8307664572392967,0.8085690108602452
2018-04-11,-0.6952476102922994,-1.456629600402115,0.9285015808746182,0.7990909607494555
2018-04-12,-0.6981366787759054,-1.6729163491863865,0.5627473984055912,0.8507316781959933
2018-04-13,-0.6421797328219533,-1.5846751333113265,0.376400979419929,0.7498461356836668
2018-04-16,-0.5883458728705824,-1.5253056901138897,0.1896167395552574,0.7936370677753568
2018-04-17,-0.6984018128974961,-1.3915871008750433,-0.0872160498101007,0.7877544079077223
2018-04-18,-0.665808466364198,-1.2647908905780034,-0.14668432752788657,0.644946915697408
2018-04-19,-0.7891733112074025,-1.331824148585213,-0.042399397073280234,0.5536305982689937
2018-04-20,-2.375258728290072,-1.6868573140991852,0.09733820007498596,0.5844893185766405
2018-04-23,-2.219555462164899,-1.8582500510170514,-0.0859769222964161,0.5221584394221213
2018-04-24,-2.1904207911159874,-1.827905842130766,0.10174367356697607,0.37215343203943696
2018-04-25,-2.1632981243692586,-2.07530766880172,0.2825030879833368,0.41874255593641624
2018-04-26,-2.094705167059377,-1.8415882546395026,0.020044908708279092,0.4385973216087983
2018-04-27,-2.003111001397367,-1.6472103737534414,-0.11719489518841769,0.3363527978817582
2018-04-30,-1.871670784514715,-1.5687723819102608,-0.005817636265335007,0.24567872895295842
2018-05-01,-1.8186758145969513,-1.8381737740659128,-0.04901453341115015,0.31075699086050806
2018-05-02,-1.8150096365232338,-1.6545867499511304,-0.06306547420564058,0.16542844399473372
2018-05-03,-1.8909959693475178,-1.6228745147486712,0.04435452378652745,0.2356735167411664
2018-05-04,-1.9992523621552132,-1.1705534156892208,-0.25869657119867895,0.21608730240801938
2018-05-07,-2.0023517671218287,-1.0803979123270981,-0.2357893683662344,0.17279587410266015
2018-05-08,-1.9056251376252369,-1.093320670374058,-0.2021475317639251,0.16864028537594483
2018-05-09,-1.8730494185910582,-0.8667769584810235,-0.38251029035931333,0.1461690461652754
2018-05-10,-1.7472109590577896,-0.8374333374774118,-0.4903813834679257,0.3980578569762663
2018-05-11,-1.6862296895123154,-0.5812060860530173,-0.5998090960856229,0.1810681059521894
2018-05-14,-1.5974113479191354,-0.5946632703924122,-0.5325272717657514,0.14672012867886516
2018-05-15,-1.6043499128985805,-1.0431898463882971,-0.3720165462478498,0.12400290660751642
2018-05-16,-1.5383200380023703,-1.2179042566657226,-0.27858443585390874,0.08523682917448315
2018-05-17,-1.545227690660457,-1.0271074861867258,-0.37865032770189067,-0.08490770901919659
2018-05-18,-1.4639798338070662,-1.062190889772367,-0.2207568514391369,-0.04859922524882168
2018-05-21,-1.4223115857091937,-1.0378571643252297,-0.180458049646187,-0.03742875470215246
2018-05-22,-1.342335801731845,-1.0064038006624638,-0.339213030089536,-0.14787343828181077
2018-05-23,-1.5837553790788044,-1.4388810994913792,-0.047113104274376066,0.16122684083191463
2018-05-24,-1.5322650398046813,-1.5429223716288034,0.039936518931830825,0.24068739832655406
2018-05-25,-1.4833713994723712,-1.6041530812957487,0.18490979681152503,0.30861412282427164
2018-05-28,-0.2806775906496504,-1.559319379638547,0.47710522878867656,0.3850788522939405
2018-05-29,-1.4112478882405564,-1.6674864292773182,1.3986148502634608,0.6294422241878357
2018-05-30,-1.3989942411701488,-1.5402858574248712,0.816258236527941,0.7021559373084153
2018-05-31,-1.338363532999771,-1.4898247378768548,0.7863149624959753,0.5716463755583663
2018-06-01,-1.371603001519158,-1.473283074331527,0.20942397791781187,0.5260703182066979
2018-06-04,-1.3139600648840153,-1.0355739893235552,-0.06187139004168207,0.3299911526366429
2018-06-05,-1.2795501244095677,-1.255195427614544,0.07315406697618496,0.5094123998512982
2018-06-06,-1.2313286016844203,-1.0865105233111099,-0.10684084853261455,0.2877184629621613
2018-06-07,-1.3159070556807906,-0.9962375452430354,-0.08464790158834821,0.34322087840915394
2018-06-08,-1.363609896482681,-1.1154601419722776,0.016369486418873893,0.4963308604721457
2018-06-11,-1.3162590491856774,-0.8835450068266045,-0.19238537661098895,0.35263702489263377
2018-06-12,-1.3254828155619578,-0.9583428578832887,-0.23167294467670466,0.4482311455110889
2018-06-13,-1.2855589111150665,-0.9624045363724375,-0.2266479863350827,0.3705069657137592
2018-06-14,-1.2517370506705368,-0.9650420126722797,-0.5716001055188269,0.3657224208572383
2018-06-15,-1.208464097108057,-1.2031559022572103,-0.5911377750533767,0.5889972206897814
2018-06-18,-1.1347069846849467,-1.375840224193021,-0.21254037778298646,0.6854900447661383
2018-06-19,-1.0891519223411736,-1.5151946332976831,0.06380175593248322,0.8580790020585297
2018-06-20,-1.0766939701054203,-1.2384546205257732,-0.08160194706345997,0.7082137501072264
2018-06-21,-1.0514988313747733,-1.3100409205752246,0.5299633739689958,0.7373275349339501
2018-06-22,-0.8058480832663751,-1.1444244416245373,0.10224469132270156,0.6073902994731231
2018-06-25,-0.7968625167691998,-1.426925358761608,1.214986145498239,0.7848873596750874
2018-06-26,-0.8116315559182504,-1.4055277091654246,0.9245886576957874,0.8067007287471889
2018-06-27,-0.7574248564016611,-1.4667419645575919,1.1587788659965186,0.7464437402814124
2018-06-28,-0.751688350167381,-1.5623993826756146,1.1974510123556277,0.8982748972140738
2018-06-29,-0.7445086051132886,-1.2586680393487113,0.8252822827558903,0.6919285250990372
2018-06-30,-1.0360191781615478,,0.5742348344979115,-1.9286309772737793
2018-07-02,-0.5996480577679529,-1.5656004672700026,1.0192248370922483,1.022028695517915
2018-07-03,-0.5638793438239348,-1.4788727896390257,0.8141714170010422,0.8392245112242016
2018-07-04,-0.5444040718728578,-1.477698270543716,0.6743971179772367,0.8296525388006789
2018-07-05,-0.4980980094750322,-1.3890384010093457,0.5197883980054415,0.7940881373934822
2018-07-06,-0.38347806058733697,-1.2805283740720712,0.1816643984130902,0.6991115778640455
2018-07-09,-0.3313285249938761,-1.1377214763598555,-0.03475525952246035,0.5829785590116449
2018-07-10,-0.36193152672693074,-1.0671540911413047,-0.21635330257648766,0.5956856844970746
2018-07-11,-0.38714224434210237,-1.3655189328188906,0.004596793985475899,0.7294654447848455
2018-07-12,-0.35445217621739333,-1.3202521376303962,-0.3085136337748575,0.7738384698551254
2018-07-13,-0.38138350604187776,-1.2686951046666888,-0.4727545667163135,0.6385249977961551
2018-07-16,-0.3037470494879951,-1.3553072655574743,-0.4085202648867709,0.5920782712032434
2018-07-17,-0.2926162432593344,-1.3303654681235277,-0.4210506252270273,0.5601058247574116
2018-07-18,-0.33234754348432904,-1.220615917566233,-0.5693052545289072,0.5094544921280282
2018-07-19,-0.34150807518931753,-1.3486699849509554,-0.30101481654913664,0.4835813252045856
2018-07-20,-0.3011908630333602,-1.150971445626078,-0.22087057814211636,0.30828242239963444
2018-07-23,-0.3075086954898442,-1.152801597905023,-0.20942185829590235,0.31397120496016
2018-07-24,-0.2718933898250788,-0.9497230505560251,-0.45084776991985265,0.16631666756546615
2018-07-25,-0.23286520052006052,-1.0652462165768455,-0.389340230574086,0.3413741423107442
2018-07-26,-0.17172595582069547,-0.925605281097247,-0.5787249836621615,0.08303882255203568
2018-07-27,0.018859767156857624,-0.7260704340103887,-0.6564691334446224,-0.0716024795025906
2018-07-30,0.10875604373308947,-0.699514970332407,-0.2720835657784233,-0.12382172357304319
2018-07-31,0.1455145371042694,-0.760300393442655,-0.42836105314261064,-0.0015882961616201516
2018-08-01,0.11585936166374004,-0.9121992559196934,-0.33403789641187565,0.03249933163602006
2018-08-02,0.13544847767809162,-1.267374209323676,-0.12364505855137421,0.39235006757703556
2018-08-03,0.05438959240253062,-1.1800795420229215,-0.34403242355599234,0.40919859498500033
2018-08-06,0.00760471927043346,-1.2765311514476576,-0.35934084386125814,0.514683800250779
2018-08-07,0.037734418579036866,-0.996766698873346,-0.5604610891488851,0.279670298489539
2018-08-08,0.0016815060787359175,-1.0640017796471406,-0.551274579062535,0.2645303079710796
2018-08-09,0.03679879602215888,-1.1368926285283945,-0.5033715445490443,0.22883006186445268
2018-08-10,-0.006305662419526879,-1.5154494395976061,0.34612191680403104,0.7014416203739533
2018-08-13,0.02333000080052315,-1.6267211318099644,0.8247380653752787,0.8339758461445571
2018-08-14,0.13333794881180722,-1.6215668330458861,0.5647533673597347,0.7527001479306463
2018-08-15,0.12198958316439389,-1.8269371874460438,1.2045790409189814,1.0017053844491217
2018-08-16,0.13090421697404805,-1.6051844253001153,0.5887581098694323,0.8094453203784135
2018-08-17,0.17728006852561667,-1.5129660055764451,0.5184920829514319,0.8438662775226584
2018-08-20,0.23501573787065802,-1.2925195918703025,0.17564566288623487,0.7082976536122865
2018-08-21,0.2819750689674173,-1.1638247301569489,0.07653630001808974,0.5756843710277432
2018-08-22,0.2578618161261592,-0.9594916896207084,-0.06808791885682489,0.44564393262744995
2018-08-23,0.2685280855907868,-1.0628842996747105,-0.07205276858497932,0.661713025688478
2018-08-24,0.27563773676667364,-0.8351344644071762,-0.2423610846394684,0.6017198707353164
2018-08-27,0.17679703174615086,-0.6540981074372337,-0.4160861841556928,0.373403546485336
2018-08-28,0.16312713603603513,-0.617949473595082,-0.24664863249699104,0.2343161684973778
2018-08-29,0.1368570866649014,-0.6585074872318254,-0.35988383165330173,0.2668488487388645
2018-08-30,0.13399202833740165,-0.8644902541025092,0.12123584169101624,0.36307235595133425
2018-08-31,0.1300830293327657,-1.0145277976348153,0.32640840329197796,0.5784628676307813
2018-09-03,0.16353070863621288,-1.0999205047335026,0.26290856135201157,0.7660513645804592
2018-09-04,0.20049055663266444,-1.359909854127282,0.39013344182971343,0.9072722481216006
2018-09-05,0.15450530714384886,-1.448786348675778,0.7080519416470555,1.0136310773720787
2018-09-06,0.08633089185451392,-1.5970264681855335,0.7857157828437349,1.15370532983336
2018-09-07,0.0340551552918562,-1.6504009104336284,0.6195430971988877,1.155670459594294
2018-09-10,0.06704842686096014,-1.5043298060869335,0.4494271276459295,1.1147276218347346
2018-09-11,0.09293617555485004,-1.5027239925792413,0.25068499723167276,1.1131272639328587
2018-09-12,0.012106558706412853,-1.240540800980687,0.15107704409112258,0.9793234950306543
2018-09-13,0.03871519899649705,-1.0141837392314095,-0.1595112872284893,0.8876759898041469
2018-09-14,0.06261581013582308,-0.7902457152272242,-0.35693223933084556,0.7228903852751493
2018-09-17,0.06347964628917216,-0.7904592700004989,0.012083411616528232,0.6652883521407357
2018-09-18,0.023110280669644843,-0.6573739467276866,-0.19337263766060378,0.5218962172888264
2018-09-19,-0.020804717213560277,-0.5810740067566268,-0.46483202266530566,0.400272568762543
2018-09-20,-0.0011317826674550934,-0.29679550136314886,-0.5269927398121035,0.1686167343407806
2018-09-21,-0.04627015352126683,-0.16548172392628432,-0.6052187666050683,-0.06304582520039623
2018-09-24,-0.017931588092448793,-0.23499875272462625,-0.41328354681764506,-0.0063592516339477665
2018-09-25,0.020653873215388224,-0.09161703294530031,-0.4943562912147038,-0.16008164213011916
2018-09-26,-0.011745965817881196,-0.15837794232490407,-0.49219764110127445,-0.22067408354252463
2018-09-27,0.024409700855589786,-0.25735746741648025,-0.5202206233966591,-0.10215088793552296
2018-09-28,-0.07585093857041797,-0.5316224783449586,-0.16756799680563492,0.11667115768716135
2018-09-30,-0.43461090650921297,,-0.3803467008284747,-3.0
2018-10-01,-0.022941936016055674,-0.593418953988266,-0.26470094791194976,0.06639795991721129
2018-10-02,-0.03950446464630893,-0.7877479343049337,0.04201739805706111,0.2349135836066396
2018-10-03,-0.13405086177595704,-0.9079245250474917,-0.21326902454923394,0.1698091954106817
2018-10-04,-0.11800189219678547,-1.1367966847898168,0.41872426527166623,0.304046067737655
2018-10-05,-0.03663764436460173,-1.3039970364720423,0.625377916325557,0.4197321693042519
2018-10-08,-0.04784387999654668,-1.380523308927376,1.177334483033637,0.5759989781821481
2018-10-09,-0.0704083434018477,-1.4210013858850943,1.0796491593730613,0.6503739569872505
2018-10-10,-0.0613376472192747,-1.5128065453595259,2.5006080829375126,0.4472391967091708
2018-10-11,-0.01786005328352086,-1.817626936607703,3.0,0.8246872988513803
2018-10-12,0.008960203495409576,-1.7723411378073828,2.5333068323828214,0.9610259563954415
2018-10-15,0.07726475713258336,-1.7764580069821323,2.2225790484954984,0.9227809330046913
2018-10-16,-0.09626203062489103,-1.4253100398236491,1.2783446985239686,0.9111164645051675
2018-10-17,-0.078857534200076,-1.4947757142709965,1.3158692020067164,0.872250722739767
2018-10-18,-0.09700045364584459,-1.5855850136568197,1.996167257676835,0.8320927407413776
2018-10-19,-0.07588422917452628,-1.6516481065105317,1.9889797485050262,0.8208919826928235
2018-10-22,-0.09758678966048961,-1.6841263039627195,2.0699412039570175,0.7913344215733951
2018-10-23,-0.10379762322288226,-1.9073495740972322,2.5494623368315845,1.1125259708039212
2018-10-24,-0.432678064430693,-1.9216163019805899,3.0,0.9750322342012769
2018-10-25,-0.37866059371955957,-1.9333649161164117,2.7223160923346024,1.2127305547972864
2018-10-26,-0.4177941707362655,-1.9423290112945044,3.0,1.1313071248850695
2018-10-29,-0.3569296691046612,-1.8025173029522086,2.829113637177013,0.983640039006706
2018-10-30,-0.6093206970929412,-1.6450867438604937,2.6373184289619385,1.0225220004770088
2018-10-31,-0.6952692035485114,-1.2905912024734068,2.0416639527949574,0.7818148211649054
2018-11-01,-0.6116669967438878,-1.1370758968175343,1.5846651376417438,0.7696991147839384
2018-11-02,-0.6307995462058705,-1.0543939716840935,1.4851757148448168,0.43152456389733956
2018-11-05,-0.5520612289876624,-1.1619023789532357,1.4186575059083866,0.6416485633870345
2018-11-06,-0.37467230583598904,-1.1058685011027194,1.3593511776159901,0.5920808221617587
2018-11-07,-0.3938524474993084,-0.8206632127497462,0.6508035768651805,0.6249365380477323
2018-11-08,-0.4438447755150874,-0.7357515270383126,0.5850964331081756,0.5012164820247743
2018-11-09,-0.5314089136823584,-0.9774162883777369,0.7441709249198148,0.6603415973223469
2018-11-12,-0.5481634858336057,-1.1190601931849429,1.2463319364959893,0.6499552178530618
2018-11-13,-0.5875869771676319,-1.1748029534046116,1.1162973239580485,0.8119252844584063
2018-11-14,-0.5904968126979604,-1.1990005495495477,1.4349787902048254,0.7935288975843509
2018-11-15,-0.5630061132388582,-1.2741154398778671,1.5947780754821061,0.9623111798101412
2018-11-16,-0.5191203099137737,-1.2281543456556494,1.1065750856464778,0.9442718350195104
2018-11-19,-0.5381400488326253,-1.2548271995558167,1.2483660174215834,0.7710338372206563
2018-11-20,-0.4609670378092045,-1.3994663811120274,1.8296731694137551,0.830609559776562
2018-11-21,-0.45236620267487354,-1.3448718662393992,1.3151601728872204,0.8109103558398079
2018-11-22,-0.597910943664624,-1.4004397068146985,1.4376080849460513,0.7905180035373027
2018-11-23,-0.7700830985791642,-1.3856940792296542,1.4908411473118544,0.7300376680994005
2018-11-26,-0.6704485175905921,-1.2193280949245968,1.1364806930244582,0.6837266253238791
2018-11-27,-0.6779730113714405,-1.2492895719422423,1.1504176131710666,0.6994927792284179
2018-11-28,-0.6736734691848102,-1.200135863498862,1.1273338936153752,0.9508031338033138
2018-11-29,-0.5420198312698535,-0.9378222772043444,1.1526627067512303,0.6292258817057023
2018-11-30,-0.7367752014208208,-1.0026443864809438,1.0046596440007933,0.9577662176247402
2018-12-03,-0.5718201877883394,-0.6777972557330364,0.5240898970299895,0.6915550808535382
2018-12-04,-0.5711304002386095,-0.8252127349675892,1.0354692199685434,0.6175441389216931
2018-12-05,-0.4389333366471809,-1.062803557303154,1.3213562464929647,0.8821723457259119
2018-12-06,-0.43948341214693587,-1.3605820453119322,2.1242368856149856,1.3396942412202413
2018-12-07,-0.41678537112140485,-1.2408657447851035,1.9630992069656283,0.9894033739344721
2018-12-10,-0.41888920136049557,-1.5418283102540844,2.1004270297875243,1.3972831559021208
2018-12-11,-0.3161292966530354,-1.4772835211774165,1.6490067337295822,1.2157670235328655
2018-12-12,-0.24564061646914076,-1.1747441860635919,1.4307210983963106,0.8107882766927385
2018-12-13,-0.2375191153941456,-1.1906823803087012,1.2123811939324431,0.7944368366710266
2018-12-14,-0.846433808774258,-1.3857498333180847,1.316482765525077,0.8326998200138271
2018-12-17,-0.8124083190141359,-1.432013221953953,1.713591271476262,0.7014355567368026
2018-12-18,-0.8451170647364276,-1.5881692401295289,1.8618217917493993,0.9194932893944895
2018-12-19,-0.8284547959634896,-1.5191275990761632,1.6898923018421599,0.719141236639156
2018-12-20,-0.8397550578679361,-1.6768466599824547,2.172090245394819,0.8141601401883465
2018-12-21,-0.7058971303702876,-1.715194869601089,1.9713136321685023,0.6410597687093773
2018-12-24,-0.6823760367476979,-1.7596359747639736,1.9551414975247297,0.44610369018589574
2018-12-25,0.395828552809682,-1.8429050908779931,1.9142643922047622,0.6612486456753351
2018-12-26,-0.6451601612174711,-1.7278640531699876,1.86946426952321,1.0258637479919834
2018-12-27,-0.621968776928155,-1.679697006921101,2.430705211087528,1.1516058183614732
2018-12-28,-0.5796487457559077,-1.3898800218124487,2.023789089181694,0.7825454616325102
2018-12-31,-0.47365290506237057,-1.2947957401987344,1.7553643995653585,0.8099651707937862
2019-01-01,0.5978835914117782,-1.2500409914554167,1.7165063486884111,0.7968194022183532
2019-01-02,-0.482299036800692,-1.3314154637613562,1.4156327695415503,0.9583058764087713
2019-01-03,-0.49260430471072275,-1.2504935223589884,1.5055308615825562,0.7606215061594571
2019-01-04,-0.514853768703405,-0.9751099784327883,0.8112746432969532,0.7714065534561111
2019-01-07,-0.4091070949378682,-0.8048491573866335,0.7251810296395936,0.6200431286668655
2019-01-08,-0.7247291422200799,-0.6253916375228059,0.6087440932522026,0.5766853837235187
2019-01-09,-0.6853188830127183,-0.4654165079662055,0.5403886967087932,0.32511365241767554
2019-01-10,-0.7534923006410261,-0.45907229598427496,0.48155941211535064,0.34065699865433646
2019-01-11,-0.7244633153616635,-0.5253202183950255,0.24465385196917608,0.3916211961678104
2019-01-14,-0.6998008788634028,-0.5930933714795756,0.24863022831918924,0.39726244788415244
2019-01-15,-0.6804814620762146,-0.4912390507971544,0.137623916874862,0.42917657063898496
2019-01-16,-0.6416830114003401,-0.46053244014570394,-0.02829492887027835,0.5174033939167594
2019-01-17,-0.6331044268823376,-0.4219618153455985,-0.17464589893209637,0.5572110191421428
2019-01-18,-0.5850083313998358,-0.12352992669123143,-0.34356951596998414,0.39957746122896165
2019-01-21,-0.4046575318268221,-0.07948558462070482,-0.230845985610987,0.39223206415585177
2019-01-22,-0.37353294692574884,-0.10704053067734486,0.08086876421508858,0.38556491999717696
2019-01-23,-0.34959652931742224,-0.042744118277277345,0.044252855088901685,0.4729129247334741
2019-01-24,-0.6006689651885649,0.08019659186873444,-0.11160462139366799,0.3734814783613012
2019-01-25,-0.7088279472695391,0.2011775078914828,-0.33252566450460824,0.15899100368599334
2019-01-28,-0.5812006240661104,0.039900519103279235,-0.09396759543287991,0.17442217592250933
2019-01-29,-0.5986460587580605,0.12005207519156541,-0.0903194021601161,0.2193331702866342
2019-01-30,-0.6363880610779654,0.09910111853170707,-0.3261950452203856,0.37189491865556745
2019-01-31,-0.7335173155531356,0.2593093874552332,-0.44808222692644045,0.1459171356886555
2019-02-01,-0.6373259769868996,0.19576194440791156,-0.7150311041911164,0.10251799083046648
2019-02-04,-0.6490825586406754,0.06803367177521219,-0.606170947757472,0.21507490165691123
2019-02-05,-0.4676177119368865,0.17830216931400783,-0.7175083335018769,0.08314233659696253
2019-02-06,-0.5098141654853312,0.19769248285481822,-0.7299074472150634,0.14532061272493496
2019-02-07,-0.6150323977780755,-0.0012237243731738068,-0.3134935237927576,0.34752409328612527
2019-02-08,-0.41141695053758676,-0.1722390814754712,-0.2757840636281449,0.604308230476012
2019-02-11,-0.3234951665134923,-0.1265283202346025,-0.4173192299248876,0.5585458079215947
2019-02-12,-0.2808343416275032,0.06841921214795682,-0.5908959507979076,0.43694240105897697
2019-02-13,-0.2877387882200489,0.13671534490439485,-0.5743782864844994,0.3488304398305468
2019-02-14,-0.3008517920265755,0.11035257726174452,-0.2890708305830189,0.28337219624692966
2019-02-15,-0.27237543716359736,0.34621716345116493,-0.5945196299439338,0.1875968090536389
2019-02-18,-0.20413499074191707,0.5205316066130623,-0.5568838117683346,-0.10132829590228405
2019-02-19,-0.15892627063353112,0.5954416133990691,-0.54835748804542,-0.12209649822508944
2019-02-20,-0.1295919797245171,0.6896027317812917,-0.6752925858159041,-0.2989522445991996
2019-02-21,0.03275687054004402,0.5807396897279611,-0.6503925237786451,1.2689911651080852
2019-02-22,0.05214644397882999,0.6279607323080324,-0.7735043775868432,1.3463151949745158
2019-02-25,0.10041783141170237,0.6774143271849093,-0.7061555154216742,0.06424721255197156
2019-02-26,0.1045372662634313,0.6321722870754936,-0.6850525407023809,0.08471360109229692
2019-02-27,0.11752259006797629,0.6388687927392498,-0.6860007877564446,0.06625920971105823
2019-02-28,-0.03482273901730755,0.4727306965084343,-0.7963378905334882,0.13274688978234728
2019-03-01,0.010921892503295364,0.6103590444078997,-0.9422934868506508,0.06510593959657583
2019-03-04,0.05143383650118074,0.6966077983896368,-0.7914689004781854,0.016201049937056133
2019-03-05,0.2175548720525364,0.7788047429791457,-0.8236806620092846,-0.046464488288797394
2019-03-06,0.20065326151341475,0.7798112790922446,-0.7064567711297473,-0.1264562869601214
2019-03-07,0.25592408527572974,0.6651756850288842,-0.5681113533655293,0.05223975110200946
2019-03-08,0.2613018030342152,0.4198981704285894,-0.588490931186694,0.2867750070509986
2019-03-11,0.05086915269723206,0.4674513009570978,-0.7823457718417174,0.24245055079523467
2019-03-12,-0.19513836271281018,0.688505603718018,-0.8432886285861759,0.06627102836805744
2019-03-13,-0.03658355225115318,0.8621424465281949,-0.8539490222855491,0.07429917116524332
2019-03-14,-0.030134939420728098,0.8990897828075315,-0.8789627480198785,0.03515479360549324
2019-03-15,-0.03397112160000199,1.1301571360994807,-1.061000582227185,-0.12033582062345201
2019-03-18,0.04100390993361638,1.1799295929838487,-1.0303253816299098,-0.322428233451897
2019-03-19,0.11203149002618142,1.3402158822959962,-0.990573726384767,-0.44800351359523577
2019-03-20,0.09628233884848467,1.2024819535820475,-0.7587200476888314,-0.2500491478398177
2019-03-21,0.20622912845248856,1.272092535846734,-0.6057330295468978,-0.14922107301798654
2019-03-22,0.321092635220552,1.13046892832016,-0.021377684689881913,-0.07577323783419539
2019-03-25,0.46591385743009694,0.8760123073200438,-0.09033482583465952,0.163034898855982
2019-03-26,0.460115762102792,1.031239441419862,-0.43320980024378974,-0.03825263110695654
2019-03-27,0.42068916897229075,0.8937211299765279,-0.3052437184459032,-0.004066421273496226
2019-03-28,0.33150206896416967,0.7122779264634198,-0.33099718689083846,0.19460965181661616
2019-03-29,0.4614635775855343,0.8360417377356313,-0.5589967208399087,0.1149851723748994
2019-03-31,-0.6467573047727624,,-0.6808955763438228,-2.2977639078341654
2019-04-01,0.39498094848890797,1.0951793455776269,-0.7139645929394929,-0.10265697917113552
2019-04-02,0.41466086766234367,1.0677629782052867,-0.7052605087935199,-0.09924925507793665
2019-04-03,0.7166166979827134,1.1407107748986947,-0.7701347960881012,-0.46561932091760544
2019-04-04,0.5238066218261725,0.9845825212094248,-0.818919919151419,-0.3875329921390746
2019-04-05,0.5279995216646843,0.931673152488799,-0.95615249469206,-0.3215692915554964
2019-04-08,0.6385435187786821,0.879592241375351,-0.764156181057927,-0.36297684464089114
2019-04-09,0.7028063245187635,0.8553702619666465,-0.6300251484135463,-0.37317003933845727
2019-04-10,1.1255370512660048,0.8543169327668002,-0.7967954388356934,-0.20419642012809822
2019-04-11,1.0947711022263618,0.8628405203553856,-1.049219783792498,-0.29983242867622145
2019-04-12,1.1814160705029617,0.9478581131869113,-1.2322022253577896,-0.26261017436194867
2019-04-15,1.2026786201465478,1.0140000902524453,-1.2455201247409637,-0.40639664873774717
2019-04-16,1.2203261013711773,1.034977979739557,-1.2981398929254895,-0.5106171225280065
2019-04-17,1.291916516395865,0.9730601470904897,-1.2246259678346183,-0.6068490700254644
2019-04-18,1.2556973699584004,0.8550889790122211,-1.2765076590455442,-0.43994209241284005
2019-04-19,2.566495462312071,0.8861138152979589,-1.2582203932158678,-0.42533458128921453
2019-04-22,0.3285672890119055,0.8942562309770187,-1.210125856676581,-0.46344633813126374
2019-04-23,0.3152039600051707,0.9044846850680651,-1.074866781788054,-0.4083738285131123
2019-04-24,0.2567284626754758,0.7266635209944149,-0.9163522720527556,-0.4013352960312787
2019-04-25,0.23560976913494014,0.6543490485830109,-0.8308789408709467,-0.19817630011874982
2019-04-26,0.2540585126091937,0.7178985340140155,-0.8990936212163987,-0.26890531836089543
2019-04-29,0.13758231830734105,0.712946647220461,-0.823274407740884,-0.35164348515915894
2019-04-30,0.3523357462540853,0.708777061167887,-0.787310949835482,-0.41861951891071353
2019-05-01,0.3426400901747229,0.7583921054826727,-0.6237418921613975,-0.6895646119490766
2019-05-02,0.2707647839704137,0.5570171199200586,-0.5725318050407315,-0.4875541067539733
2019-05-03,0.5739350632897383,0.6224220136412085,-0.779017664711532,-0.4770557496556437
2019-05-06,0.6105262604318148,0.4361912601750649,-0.213845854126655,-0.2908949592214484
2019-05-07,0.5877374503191343,0.29911592929547415,0.4973636319820932,-0.11072346087935978
2019-05-08,0.6845153406457511,0.3151506098928359,0.49429842791755324,-0.11671733671943785
2019-05-09,0.6169223410840892,0.12518242044951647,0.8440946527457959,0.2937681795964462
2019-05-10,0.5798320673996165,0.20556183105695386,0.3133866683000456,0.2912047821483406
2019-05-13,0.47259641326152657,0.05124076278305099,0.914527618016694,0.19626295446459965
2019-05-14,0.3892597441301917,0.13409276016883412,0.37322271580179145,0.13410650988798017
2019-05-15,0.3434495505279228,0.25768394770750125,0.10179098884589119,0.017215871647605595
2019-05-16,0.31199404722646523,0.40043413590871735,-0.2608098844748141,-0.06974815887590025
2019-05-17,0.39795760035548,0.3604410166759531,-0.2014173353541394,-0.1622182471953634
2019-05-20,0.33791053149001404,0.2362111215949854,0.1840377982809469,-0.20593815535961874
2019-05-21,0.3039797872314368,0.2907654138528575,-0.2014800629215585,-0.17934110617180332
2019-05-22,0.37774214654818145,0.19008546357998937,-0.28409276365746466,-0.10206160453967071
2019-05-23,0.2534069610574158,-0.008702690721500709,0.2851333832325948,0.024506779076492763
2019-05-24,0.32755203166841396,0.14891212102650042,0.05817842454633395,-0.21605620292902364
2019-05-27,-0.33295006889139306,0.16604926484715063,-0.009962234365814506,-0.11526364613586812
2019-05-28,0.5536824619704002,0.18476524401229863,0.16581207255847635,-0.18618815259408603
2019-05-29,0.10743765504978396,-0.13871878458422068,0.47247376252164713,0.12186992367464253
2019-05-30,0.005067108548198163,-0.14669250845126655,0.23826928463640765,0.18830967834194606
2019-05-31,0.07127870658944374,-0.21897881261180774,0.526994590675917,0.17965480421515106
2019-06-03,0.09608478189424512,-0.08857505749835547,0.4730028306555957,0.12123666309599856
2019-06-04,0.05458511954963811,0.16064210646959654,0.09519212281153425,0.17899259477369417
2019-06-05,0.21237939627895097,0.49950510312925717,-0.054018004053736954,-0.055205294761298665
2019-06-06,0.21187400966056572,0.5279923536493895,-0.15028032051230783,0.19631271596273456
2019-06-07,0.07967861838186155,0.6843020492378563,-0.31837894124575755,-0.13444734971182992
2019-06-10,0.15053389451279287,0.7215433104628767,-0.3421593938314333,-0.2309211358669869
2019-06-11,0.19056305389136502,0.772403669289729,-0.3148469692984911,-0.5602556027451946
2019-06-12,0.3084669642347413,0.6771319532593066,-0.29540714294225084,-0.4816504430179157
2019-06-13,0.4215861208217182,0.5376723854718504,-0.37770643152258865,-0.13389924536156544
2019-06-14,0.4330514488141388,0.3839646722279486,-0.5172791666466482,-0.10647607204815605
2019-06-17,0.6549647235555659,0.3913457074907947,-0.5143896348128463,-0.0030466421175423023
2019-06-18,0.4766347516489754,0.5177558759204253,-0.5493855473997276,-0.2998622581626994
2019-06-19,0.5968474923027064,0.8272890647965587,-0.6445855726017415,-0.6347204627755022
2019-06-20,0.7052244898884078,1.0326165834510086,-0.6436827589371547,-0.7383168022913433
2019-06-21,1.0762660277467733,0.8610561254248846,-0.7778437969349455,-0.6262326334336724
2019-06-24,1.1511002987204348,0.9133538772756351,-0.4581172409438908,-0.7670367581725667
2019-06-25,1.159822177804343,0.8758239860771189,-0.3311376855385094,-0.75610693076674
2019-06-26,1.220033507704174,0.6535718783110177,-0.3285501172112823,-0.44750712984246155
2019-06-27,1.2191417778288467,0.6425266303404459,-0.43476194653404443,-0.561882987169321
2019-06-28,1.5246859938218742,0.7953051259995727,-0.5540093271057648,-0.6049640085002681
2019-06-30,1.6777787662778167,,-0.5400925468742551,-2.5073862184694593
2019-07-01,1.4206190114730342,0.793291298346957,-0.8294084445455,-0.6955754656364832
2019-07-02,1.410335195202453,0.8488674805266048,-1.0721691493143208,-0.7694811162522026
2019-07-03,1.3722912172105723,0.9215257946527385,-1.1922081429419065,-1.00455763994874
2019-07-04,1.2646895492801407,0.9452421126782555,-1.2348262326632948,-1.0772770453963998
2019-07-05,1.1464019569165806,0.6432195396480744,-1.0669073642899407,-0.8358788304424006
2019-07-08,1.0854116557838205,0.5374058947227703,-0.9231017786196131,-0.7022938518927347
2019-07-09,1.0472149401085524,0.37597649843853176,-0.8416227006808872,-0.5581711568411182
2019-07-10,1.2012356508873947,0.4147851885929877,-0.9186931242016529,-0.5264292991265294
2019-07-11,1.1657581729005648,0.37788195007571035,-1.083166550362722,-0.6404374067940355
2019-07-12,1.2228612146022195,0.4004661434851934,-1.1613091311724961,-0.46046565163125186
2019-07-15,1.191843995722878,0.4087501125603634,-1.0735539514582462,-0.6129168817172018
2019-07-16,1.119409200406409,0.3490238019977805,-1.1600188839422603,-0.6028801523150504
2019-07-17,1.1165911519460183,0.2912734218811573,-0.9128864344788947,-0.5773930307051736
2019-07-18,1.135935730216545,0.1365917751859818,-0.7785814875651079,-0.1820117335212352
2019-07-19,1.0246973730269848,0.3761232913137791,-0.679123277237087,-0.6639121278765643
2019-07-22,1.0770110762918388,0.4253746092047837,-0.8046185541464854,-0.6113595387797766
2019-07-23,0.9937835977257251,0.5434053140006766,-1.0974536124881171,-0.7660338297614229
2019-07-24,0.28697146809335533,0.583106286519285,-1.075543905181934,-0.791009489958408
2019-07-25,0.004383597982596022,0.40276944177913276,-1.0022866150327263,-0.7632573586974568
2019-07-26,0.11104826029313956,0.3109157964127702,-1.1236059759649875,-0.49181508030645094
2019-07-29,-0.05645917242126187,0.28671623576683314,-1.0684022940997266,-0.5907256957822853
2019-07-30,-0.2500854682637407,0.24407402512828827,-0.5628999215007764,-0.32606915860535834
2019-07-31,-0.4946823362035326,0.23482281272876937,-0.3328356413073724,-0.5331879387854269
2019-08-01,-0.42100900871203106,0.2438318054006412,-0.2759120080620636,-0.5925121513387878
2019-08-02,-0.4923672616370078,0.08017995435037187,0.49406234601999777,0.067394290526483
2019-08-05,-0.7928699295038902,-0.22029259140728175,1.8031972767449262,0.5314610309543161
2019-08-06,-0.692077334140206,-0.259327156972851,1.3225611775476387,1.112886757626936
2019-08-07,-0.7726010593310977,-0.16324333231882862,1.2145567148783722,0.8025230858234018
2019-08-08,-0.7998248154907599,0.17299817460380268,0.38760391254552107,0.6410005339116741
2019-08-09,-0.8551111735301914,0.06399894266799916,0.6146155898648846,0.7002700097278979
2019-08-12,-0.8928174442900304,0.04162190665287692,1.2138120967413726,0.5911828723451468
2019-08-13,-1.109083060516016,-0.13089613432277486,0.6864773941103498,1.055266221972036
2019-08-14,-1.294619994776672,-0.3575973330222483,1.7168753821768266,0.8711874841769435
2019-08-15,-1.1585207815679037,-0.49125813272886315,1.699762500964303,1.3081270999115018
2019-08-16,-1.1035565610409654,-0.28499664678841813,0.827292213767749,1.0028433363883975
2019-08-19,-1.0999285080816652,0.014571227907631492,0.33196705834646306,0.5889636539752428
2019-08-20,-1.0444368881856958,0.09566832730550681,0.5144940711167907,0.5520742096784231
2019-08-21,-1.0040087365392194,0.19617303330866853,0.005928824072430105,0.2785431934564863
2019-08-22,-0.5104844782257084,0.16194083617485514,0.41576873827468425,0.4105990049448355
2019-08-23,-0.40437904358277654,0.17866593709209325,1.1891688295280693,0.11525428240998623
2019-08-26,-0.4411112542484761,0.1748658956880101,0.9870956569685384,0.5746500183457041
2019-08-27,-0.4644512198562604,0.36663678528154714,0.9786518346682602,0.46380447455000656
2019-08-28,-0.566521929870476,0.30932847953413156,0.8375331973129352,0.7151003526967923
2019-08-29,-0.429158467403028,0.4223683448635539,0.32966346628312665,0.6422018838686394
2019-08-30,-0.5508872279316278,0.49216043011904054,0.49971251272620515,0.2667457947562174
2019-08-31,-0.015033646405215406,,0.8290509966452457,-0.9530233509503429
2019-09-02,-0.3400719449195422,0.26492993205884213,0.49484257033141504,0.2996524238818843
2019-09-03,-0.10231166009299308,0.20641526706087185,0.6370479422985166,0.001153321359937896
2019-09-04,0.03690963342546081,0.36686384160232627,0.09327020998716981,-0.2993851447311578
2019-09-05,0.03205570324437753,0.5060360014102006,-0.23529243644539385,-0.5530455827480629
2019-09-06,0.0311761122684464,0.5065138524324116,-0.6407763537758848,-0.8121535501880361
2019-09-09,0.19155623676803807,0.4761198466341811,-0.6954401953485545,-0.8128748566276546
2019-09-10,0.16072973332610707,0.47123334938919453,-0.5077994932887623,-1.04698163526764
2019-09-11,0.2894214628221053,0.659935597067637,-0.50906766824089,-1.3169648475434355
2019-09-12,0.5695980560472352,0.7328295452903321,-0.8700061531687285,-1.4798454887670531
2019-09-13,0.4208233573697754,0.7726245909437074,-1.1728407618020908,-1.9366092951990312
2019-09-16,0.4146559636893868,0.37859656414972437,-0.5241311495725396,-1.4556925080977143
2019-09-17,0.9621010935020672,0.3815877124049182,-0.6126309285604428,-1.528908396403425
2019-09-18,0.8147968064677148,0.38319293598548015,-0.7014290903941425,-1.5407489962435916
2019-09-19,0.8305473348347122,0.4921113431373813,-1.0737172592010635,-1.630429624738376
2019-09-20,0.9267065121397083,0.48115702395064497,-0.9035755102188067,-1.6048280976451077
2019-09-23,-0.37429601269484275,0.38850279357749684,-0.679937334880875,-1.4306347887310178
2019-09-24,-0.34215355205995723,0.424597336963213,-0.3243580087112611,-1.5665035608159383
2019-09-25,-0.24806435197237955,0.1429959179181963,-0.211105361081044,-1.3110192653108867
2019-09-26,-0.0018216153352011621,0.2208455353185787,-0.30081904886762667,-1.3860473521981618
2019-09-27,-0.2937072959409961,0.30615976033984293,-0.236033968929254,-1.5141570653838026
2019-09-30,-0.18267993432682741,0.3122752515114709,-0.4124452943288724,-1.3695769758744039
2019-10-01,-0.18161351295862155,0.12364684181991475,0.14945238303913305,-1.2343796978868735
2019-10-02,-0.18028737682238474,-0.22064993045402556,1.0945081645133512,-0.8555800015214937
2019-10-03,-0.43116474869747373,-0.27385691172223187,0.8739645626925097,-0.4758941594514999
2019-10-04,-0.4124697434923488,-0.048354772166395964,0.22469845269267008,-0.27326265122327636
2019-10-07,-0.513103353176735,0.19203816124179474,0.1877299049584041,-0.8757342201485184
2019-10-08,-0.49951808274391896,-0.012981474863599655,0.8171964048043263,-0.7099171224234129
2019-10-09,-0.49648442888617816,0.05115045054428811,0.4381158302095329,-0.7918686616625498
2019-10-10,-0.662763757531487,0.3692092012534601,0.019938256802416652,-0.941776893765812
2019-10-11,-0.7570051987670349,0.9618500125318732,-0.596812151630986,-1.8448709778510248
2019-10-14,-0.6124658498366552,0.9658937384487966,-0.5839809341896043,-1.7052872444989715
2019-10-15,-0.3840075026096804,1.2802412735420396,-1.009421839479207,-1.8777687624832655
2019-10-16,-0.580865892334078,1.240700373249001,-0.9100144023487278,-1.922234774411651
2019-10-17,-0.46982841358534516,1.2955118984277199,-0.8601759664326523,-2.0984854586039496
2019-10-18,-0.3495269457185185,1.0962038883284335,-0.6802492877135027,-1.907046777535649
2019-10-21,-0.0038765066417452898,1.16039090527187,-0.8519629220622655,-2.066806820666415
2019-10-22,0.07012355280397392,1.13713364841205,-0.8776063178325734,-1.9728979976706078
2019-10-23,0.08061623312219549,1.1978942814303828,-1.0768128124352254,-1.9910228600141355
2019-10-24,0.09661264151548794,1.2797707883505778,-1.1637082819504212,-2.1327347466377216
2019-10-25,0.17172150820775983,1.3025320188868634,-1.324871149232967,-2.1361858338006487
2019-10-28,0.27147351484084814,1.3178597224031479,-1.2050363692514938,-2.0654858458542398
2019-10-29,0.30319467727664456,1.4640009995009178,-1.0923609948608404,-2.36694908051045
2019-10-30,0.4129022975002655,1.710944012964816,-1.1120293953691698,-2.223698101910773
2019-10-31,0.7544162715777011,1.844993249792531,-0.9143313051061939,-2.1002946181744626
2019-11-01,0.8313362146260875,2.027811388958229,-1.2547790416447584,-2.1819285155825003
2019-11-04,1.0169386753530005,2.0760325098819457,-1.1574480618000589,-2.2684829051073807
2019-11-05,1.0655924607898832,1.9070542887188418,-1.212784839040308,-2.4582127278264814
2019-11-06,1.3221803933761433,1.9195812556576475,-1.2216071469331176,-2.469549848917904
2019-11-07,1.3778958057281154,2.019085217918533,-1.3008384395363415,-2.539930456181024
2019-11-08,1.2963543031091773,1.856760937027432,-1.2969640046797792,-2.378209645712454
2019-11-11,1.3865223977696035,1.9561790142311097,-1.1639374678433398,-2.3283027726268646
2019-11-12,1.558671181565174,2.043877783352747,-1.2766586688882804,-2.3770590941646046
2019-11-13,1.4930337284576436,1.6822388816028424,-1.1719646047717693,-2.1856130197888635
2019-11-14,1.6346790917563894,1.380996572455752,-1.1562314087602312,-1.8984440900317598
2019-11-15,1.6239067687903925,1.6322515420814572,-1.4566123998155596,-2.127092381798563
2019-11-18,1.4197695115594036,1.5567691437946722,-1.318249802930939,-1.9544192131887295
2019-11-19,1.3114025863195655,1.5981440297105012,-1.2214548711036617,-1.8139191019848586
2019-11-20,1.2332685372067032,1.254163945013245,-1.0975403581358403,-1.5616541673035578
2019-11-21,1.2427153639295558,1.2650315140253923,-0.9281854637808128,-1.4079471643088608
2019-11-22,1.0905134809936234,1.331367228197445,-1.0391646630380011,-1.4307632693067325
2019-11-25,1.094667527929267,1.716784399854517,-1.1724228596725452,-1.634372980931114
2019-11-26,1.0852058729588197,1.6346424539660827,-1.2638809978386627,-1.6363133226456517
2019-11-27,0.4985170496253846,1.7687403580041285,-1.1897949273044992,-1.7226098836422559
2019-11-28,0.5063927954907596,1.6864440549462079,-1.0921122194499544,-1.6413113870329163
2019-11-29,0.734099728655964,1.3648447733658653,-0.8611025348637538,-1.5835365051722383
2019-11-30,1.785160278228238,,-0.6927552674042483,-1.6740045387248834
2019-12-02,0.8478832286674141,1.1670657837552105,-0.07946937254922681,-1.4396671170150879
2019-12-03,0.8824064439014977,1.0421513810145193,0.28174766226218073,-1.2093265392043493
2019-12-04,0.9237857037572925,1.1707434625073951,-0.1284774542751403,-1.3293505505054755
2019-12-05,0.8585356001832658,1.273761992551802,-0.17810196355143684,-1.2690724265263416
2019-12-06,0.6390481284742265,1.4006922584628887,-0.48653451689433774,-1.4207510226161875
2019-12-09,0.9345738365344356,1.4730010558576931,-0.02827902431290784,-1.4419137558437467
2019-12-10,1.1379824186029386,1.3849450747242336,-0.019786638937112418,-1.344306362081106
2019-12-11,1.192742585112956,1.3760144249328958,-0.11559665547460946,-1.3362443473504528
2019-12-12,1.3124108123689395,1.5972115731093062,-0.4397806554318202,-1.3807188258375471
2019-12-13,1.3111380657331284,1.802726169262211,-0.9164797803265373,-1.6527108703258007
2019-12-16,1.0938162060452012,1.936073520007683,-1.2134605920141879,-1.8020515734663334
2019-12-17,1.1799630128348355,1.7186481957119593,-1.087352276784538,-1.64656819309965
2019-12-18,1.3041451532161845,1.5465682174368407,-1.1063200569407756,-1.5344923110194482
2019-12-19,1.5072182515362618,1.5658804306621377,-1.0630350648172668,-1.4679156226219234
2019-12-20,1.655306418701631,1.624171182485457,-1.1742939637969765,-1.5052099508712387
2019-12-23,2.028008074151795,1.6437714373654433,-1.0306679318672383,-1.4713345269827465
2019-12-24,2.0004074393092655,1.5376284756648615,-0.9649757484453089,-1.5187641582478044
2019-12-25,0.1990815860287794,1.4076325414723554,-0.954090536804139,-1.4648074174366006
2019-12-26,2.5303856720759996,1.4190584500908145,-0.951382621752121,-1.432758463907506
2019-12-27,2.485488483589719,1.4826945903356326,-0.7819663227169996,-1.5726134839747994
2019-12-30,2.480963134835119,1.4400066159849403,-0.28736530334946947,-1.436860449336688
2019-12-31,2.45840223793202,1.4397887551174167,-0.4078591199609676,-1.3653909540168858
2020-01-01,1.377234611320344,1.4035815957479951,-0.3905519858380407,-1.3447087156591273
2020-01-02,2.5084696713916457,1.4667440630832183,-0.8601677464580253,-1.3484700034143091
2020-01-03,2.435038454260193,1.3768047281957465,-0.5084523917264131,-1.2454327495571607
2020-01-06,2.6299149467563714,1.1867844672916903,-0.28972846743332364,-0.9975453789317213
2020-01-07,2.592996451385764,1.1242825843664963,-0.5009629151541881,-0.9350464480371438
2020-01-08,2.457824816480853,0.8590220738399534,-0.7265255221659129,-0.7764608785075122
2020-01-09,2.34662283989258,1.0158443138857594,-1.1303527533262938,-0.7795219556684787
2020-01-10,2.1813775036751957,1.0025096769272586,-1.1709290112812099,-0.8534428680169943
2020-01-13,2.1089196806767614,0.960721156756928,-1.1541115852495087,-0.761468307269962
2020-01-14,1.9237266775149904,0.961968841482268,-1.2053780760651782,-0.8391037027558214
2020-01-15,1.8623598854400285,1.0084919018490335,-1.1971849012774183,-0.8292780894150121
2020-01-16,1.824455707938957,0.9637327893689059,-1.3825965106607065,-0.8957135446573039
2020-01-17,1.7639778868948957,1.0479862399199096,-1.519665947668731,-1.020453948053097
2020-01-20,1.6872059978047957,0.948666520734539,-1.3663777608669063,-0.9949137006678745
2020-01-21,1.793038564959094,0.8037168806547967,-1.184719893251652,-0.90965492039998
2020-01-22,1.6824078284300992,0.8057033473744198,-1.025089565613,-0.8754129377014352
2020-01-23,1.6305627929798314,0.462771507615405,-0.7859268921761023,-0.5221637923517846
2020-01-24,1.7771747016766481,0.5863713717931691,-0.7127461689930071,-0.7638085205723112
2020-01-27,1.4780877474975407,0.2401824900873211,0.6212354829775891,-0.38844239859624424
2020-01-28,1.3772133921571004,0.32213499434842596,-0.06003285103935659,-0.16550013298457586
2020-01-29,1.3175537871552443,0.3581806700702858,-0.17240814671303512,-0.3526491049041059
2020-01-30,1.3639250563088345,0.09825226644768768,0.2215042363845881,-0.09432935217285536
2020-01-31,0.7440660300276829,0.024116621735760225,0.8460483897273399,-0.2976756686253248
2020-02-03,0.6628555318993216,-0.046458451030337626,0.5931162793540312,-0.14981155093123064
2020-02-04,0.6361348303767039,0.17323681064692048,-0.07452778411666326,-0.2659571763384785
2020-02-05,0.5009965654383755,0.32380968664103954,-0.41272016654438204,-0.4866004465669934
2020-02-06,0.37412752555634987,0.46989609723683945,-0.5929986121244074,-0.7566856972547892
2020-02-07,-0.016796542516179205,0.3260471463763356,-0.5099086176909888,-0.7657401105982061
2020-02-10,-0.14939934049247308,0.2638771502074856,-0.36998876087593086,-0.5056098847984724
2020-02-11,-0.1963469732607713,0.42405318080588816,-0.5600182576188405,-0.6403635069997863
2020-02-12,-0.24055495586104775,0.4279911500177504,-0.8834626016096122,-0.7745397187410815
2020-02-13,-0.31297416277465223,0.3006105689825147,-0.7248586651529699,-0.661075387062446
2020-02-14,-0.3785839129104646,0.24222631600350786,-0.7643561567630147,-0.6727631549410937
2020-02-17,-0.38617718512313326,0.2847206291661122,-0.8031829046974949,-0.6608623964827045
2020-02-18,-0.5528765764270528,0.12477922889305827,-0.38092621988173914,-0.4886778548526563
2020-02-19,-0.6889810811886512,0.17423358889964474,-0.6684148796636235,-0.5317939938857545
2020-02-20,-0.6456441244325689,-0.041296846702335493,-0.3066036946122896,-0.5127088766817102
2020-02-21,-0.07222035630468557,-0.07847523612967047,0.3005733281359052,-0.4645528989502977
2020-02-24,-0.13153754953061383,-0.48767457668238134,2.8126832544231166,-1.7199377800513118
2020-02-25,-0.03609234869211221,-0.7268813332613595,3.0,-1.484870893115957
2020-02-26,-0.009902977463873879,-0.8077265375522571,3.0,0.4206499915717702
2020-02-27,0.10239578040272297,-1.0992000222088876,3.0,0.7070149291772464
2020-02-28,0.06452057277565579,-1.4847261514730932,3.0,1.6354791750873678
2020-02-29,0.9426415855241085,,3.0,0.9385426290469079
2020-03-02,0.13584043092339187,-1.3147355794873516,3.0,1.8886955960358904
2020-03-03,0.1768479754635034,-1.1883234590120852,3.0,1.3114705582236765
2020-03-04,0.15528871304789066,-1.1216587971434895,2.863210877649111,1.6483112587195148
2020-03-05,0.1161013205845789,-1.1466987889507705,2.9982555638567,1.3852586554713355
2020-03-06,0.3137489780209724,-1.3491858657168063,3.0,1.8765927016879427
2020-03-09,0.2970448413032857,-1.8462732389405385,3.0,2.4349860506559806
2020-03-10,0.45318553309909754,-1.8578365116666844,3.0,2.7023578238295496
2020-03-11,0.47848490678043365,-1.7634012255356828,2.890759935072068,2.399838508577838
2020-03-12,0.5487749120892143,-1.8237522281486924,2.7883311612705866,3.0
2020-03-13,0.6690103114324497,-1.839184205504428,2.695373048802644,3.0
2020-03-16,0.6410010201106616,-1.8239845964784844,2.610492519960143,3.0
2020-03-17,0.35952309699817614,-1.8318759395675217,2.532568031631847,2.8756714020243126
2020-03-18,0.4517665481794931,-1.946324487761912,2.4606850674459158,2.699869699456565
2020-03-19,0.5692956664718405,-1.9104349147146857,2.39408942814011,2.4091799763018247
2020-03-20,0.542482099240635,-1.9816451424357848,2.3321527925112413,2.126857645849216
2020-03-23,1.6150633330023947,-1.9714295075842037,2.274346912146996,2.352024959662794
2020-03-24,0.13976235004253162,-1.9292431326848403,2.2202239928285032,1.9000564173998973
2020-03-25,0.12559861416918372,-1.9478721709616975,2.169401582489681,1.3096172753864006
2020-03-26,-0.09973098091222425,-1.9050280057025955,2.121550791058635,1.2934867502624703
2020-03-27,-0.13006667087517312,-1.9838412877130094,2.076387007241275,1.2475456146474406
2020-03-30,0.13041488803141926,-2.0326057420799915,2.0336625098051044,1.2450263766297665
2020-03-31,-0.16910206022254767,-1.9889701204886854,1.912253140968453,1.0138130242377335
2020-04-01,-0.20957313571360026,-2.0576279713821624,1.9231794432771765,0.9625388852068443
2020-04-02,-0.4065199908272101,-2.0488448497135647,1.838609934038081,1.240918483175853
2020-04-03,-1.1979995531866463,-2.072056350260369,1.6744694794050812,1.3303085934006365
2020-04-06,-1.2441820377962602,-1.9565450725622755,1.511460447360967,1.0002643958852506
2020-04-07,-1.1843921427461146,-1.9441561493221768,1.595837644579087,0.43931864310241153
2020-04-08,-1.3280952385566784,-1.9223517966497878,1.4712080466895217,0.5595528816352302
2020-04-09,-1.1821052007468495,-1.830507508796557,1.4084741707446247,0.3320108056770607
2020-04-10,-0.12371759304416678,-1.9915527172263758,1.3793776088833996,0.26128751462593464
2020-04-13,-1.336857866878157,-1.9771972963486764,1.3350648310236841,0.23352439269852515
2020-04-14,-1.3283837805709688,-1.8951108432497674,1.097749634192557,-0.1303885147596085
2020-04-15,-1.5384492937900427,-2.0576794107195666,1.3023633563522439,0.3157112708016752
2020-04-16,-1.6989480738607199,-2.097401744223007,1.2297492389742357,0.24670682217816586
2020-04-17,-1.660191101293117,-1.875088333154738,1.0859824207537292,-0.15490630814749962
2020-04-20,-1.7806837195763456,-1.8101712883147327,1.1922854734043387,-0.37108623097734256
2020-04-21,-2.03786973543873,-2.006405944661129,1.4321663478482471,-0.09064949048765517
2020-04-22,-1.9382455541743568,-1.8259964018233257,1.2213067718406188,-0.25255188623043234
2020-04-23,-3.0,-1.5885591147624123,1.0952235473189373,-0.4412066618974577
2020-04-24,-3.0,-1.5793406355226438,0.9491782943286238,-0.17352773796496943
2020-04-27,-3.0,-1.4033398338019756,0.6781847934396896,-0.4726411551703258
2020-04-28,-3.0,-1.289079212004205,0.612242192222394,-0.6597941237990685
2020-04-29,-3.0,-1.147694310788513,0.4742319569411814,-0.6938208748156897
2020-04-30,-3.0,-1.2016805408194267,0.6218753222377672,-0.7058778522987155
2020-05-01,-2.8756728156918014,-1.3386074763375435,0.6821644583660474,-0.6708559665401794
2020-05-04,-2.7501560032505314,-1.5197236958932203,0.7529184304684977,-0.36405375024466874
2020-05-05,-2.6838471378226996,-1.3782949102612465,0.5729301250047051,-0.4562555797622213
2020-05-06,-2.594217064544659,-1.3229907845166224,0.5917802560792657,-0.5084409457721978
2020-05-07,-2.48792792925451,-1.271883811322494,0.4741904778327035,-0.4255205904180112
2020-05-08,-2.457922076487431,-1.1102387312519513,0.30775419702782986,-0.5429063985503733
2020-05-11,-2.4100192606154893,-1.0953153003383258,0.29776748092031746,-0.516055081033093
2020-05-12,-2.2361596961970736,-1.079681750586629,0.3350292947718012,-0.649366509947126
2020-05-13,-2.208567321309394,-1.1594945259742058,0.5403381999505708,-0.6744779934525748
2020-05-14,-2.0453015637877687,-1.3217548459556352,0.5955526030703027,-0.3334307008043313
2020-05-15,-1.990918419548534,-1.2201764610934336,0.5010795172124405,-0.33107944000650436
2020-05-18,-1.9424307906529978,-0.9620630093919744,0.24053517380801157,-0.5772490229816383
2020-05-19,-1.8444856400003835,-0.8739588545624736,0.2928724760462037,-0.8017784176378955
2020-05-20,-1.797860902379479,-0.8486727879543561,0.17818938109846247,-0.7793260464428462
2020-05-21,-1.7564326071602567,-0.8586366625525742,0.3103786480441427,-1.0352924941395767
2020-05-22,-1.7252155188704292,-0.87748860688849,0.2578972905247183,-0.9260758680102719
2020-05-25,-0.5188013045361255,-0.7613730481124752,0.1632910180572188,-1.0759662667287904
2020-05-26,-1.5997825631126303,-0.5546183629206994,0.118960228398251,-1.2524086025544114
2020-05-27,-1.5840993139325985,-0.4277098311663363,0.12265644133349707,-1.159960919089153
2020-05-28,-1.511340817166441,-0.3089121402822491,0.1255840823504227,-1.4450972070487673
2020-05-29,-1.496978535058652,-0.40434069854154975,0.15297216250729015,-1.2756692920554138
2020-05-31,-2.451304389698758,,0.19036984643219296,-0.20955582541987594
2020-06-01,-1.731736429628642,-0.33089445108380056,0.11820513270683645,-1.4026278025299748
2020-06-02,-1.569356351396562,-0.2391192563083066,0.0793264735700235,-1.56074771804989
2020-06-03,-1.2556727250979862,-0.005895843337597161,-0.010853989080028765,-1.6989577209779425
2020-06-04,-1.074246619480581,0.16786821307807073,-0.0880505252926363,-1.7498172794687281
2020-06-05,-1.075788652674512,0.2694099559571744,-0.14482057579499255,-1.6951117629636046
2020-06-08,-1.0147139381686374,0.34872027174855125,-0.10005708088415874,-1.5818953216221723
2020-06-09,-1.0003978738064323,0.7177951749043827,0.0035387769149674954,-1.623876989651954
2020-06-10,-0.954867509901514,0.7149367987860984,0.03968906768295122,-1.5674956401836897
2020-06-11,-0.9776340474469345,0.4861341916849714,0.58194987860084,-1.6470369159648572
2020-06-12,-0.9199023577049216,0.3412534326585253,0.6119938518886202,-1.3668445659816848
2020-06-15,-0.8616778474596095,0.4072474317158265,0.4848305073620475,-1.167612385849241
2020-06-16,-0.8333487734161088,0.5915581323740191,0.3624358001138058,-1.3695513927129186
2020-06-17,-0.7587933177645378,0.615028056990604,0.276786406932274,-1.473368911326238
2020-06-18,-0.6937605749338879,0.5990822581206335,0.25205439773465166,-1.357003095989339
2020-06-19,-0.6128885860299562,0.45318361849738537,0.2040989884299214,-1.3745580983333072
2020-06-22,-0.5235248471545813,0.2754080365502663,0.1831422825161219,-1.310169803114617
2020-06-23,0.0027273231280990234,0.385358192331556,0.0809019082161606,-1.4456995431186659
2020-06-24,0.029461290725333576,0.24944815741015078,0.341084882219212,-1.381274697125102
2020-06-25,0.07828812825862405,0.21368396773297565,0.24069654930447862,-1.2234370464704596
2020-06-26,0.04504520551446095,0.24458402930796574,0.307054961343971,-1.3537680501922416
2020-06-29,-0.06816671460711195,0.29218033428733176,0.20165906899975203,-1.240537684795213
2020-06-30,0.3293424272347823,0.3727003624945767,0.0622348753673859,-1.1408914909947423
2020-07-01,0.43155314052379407,0.45960536834425564,-0.06017865998496903,-1.076822268590071
2020-07-02,0.46334183059783124,0.5398642604111685,-0.18604951897224464,-1.1789988740229964
2020-07-03,0.5538768835588151,0.4633416445761519,-0.1658074522090751,-1.1522766557009376
2020-07-06,0.620077920354247,0.6775881454092357,-0.19793518274552258,-1.1970967547494207
2020-07-07,0.5830442016801686,0.5256324928293084,-0.13884117615037428,-1.1658075784385824
2020-07-08,0.6520885863896839,0.472432441781695,-0.10814510439603972,-1.0332526536955338
2020-07-09,0.5774879128781488,0.40608841046334193,-0.03861450786960841,-0.9841820443268439
2020-07-10,0.68046958225125,0.32675941991183766,-0.15871199899633134,-0.9142560024383851
2020-07-13,0.6860019483647511,0.5369237707281203,-0.09387812426073479,-1.1102877071750201
2020-07-14,0.7317225654419786,0.4811327810676659,-0.10628853768075264,-0.9790245145309722
2020-07-15,0.7805401803674347,0.62708986466985,-0.21882574630807433,-1.0927038306613772
2020-07-16,0.8334718076903179,0.5986121812411248,-0.2554872604889167,-1.037750671704331
2020-07-17,0.8744990555130862,0.6888604880970579,-0.35139089233153314,-1.002945961640563
2020-07-20,1.102901384336084,0.7230639038739048,-0.4477825669876822,-1.0071905056649468
2020-07-21,1.3635295419670617,0.8360381936889602,-0.4711950319978337,-1.051233822722338
2020-07-22,1.3642928242829773,0.9218754885634312,-0.4511311506524508,-0.9926224752698808
2020-07-23,1.4057540522710341,0.8378237108050551,-0.4326734951558411,-1.073487902341025
2020-07-24,1.7214676847663384,0.6601754506866693,-0.3524799809714069,-1.0008585769732659
2020-07-27,1.8541603684753585,0.6642603961541803,-0.3918601707762216,-1.0425494695195388
2020-07-28,1.8745323854489135,0.6777920581250949,-0.3910081531625276,-1.037888931175478
2020-07-29,1.8231986184324331,0.7154448647324212,-0.4234753124089811,-0.939449125319132
2020-07-30,1.6696940110112588,0.626874331270068,-0.2418397823606228,-0.8887362716764944
2020-07-31,1.869874732097772,0.5251545486719832,-0.2937698565413651,-0.7758830307622926
2020-08-03,1.9372969083024334,0.6944454587511181,-0.3828728971477806,-0.8339572373873088
2020-08-04,1.8949130606853901,0.7908144148187343,-0.4029881482059719,-0.8997985832180477
2020-08-05,1.820532172662607,0.7782007621706654,-0.4764246240775854,-1.008876270788976
2020-08-06,1.9197376858518997,0.7050467735002454,-0.44450506368334936,-0.7986906818892688
2020-08-07,1.8984109413110268,0.6141957598900943,-0.4920459146238105,-0.7746358991357576
2020-08-10,1.8430734858364135,0.7130920028874187,-0.4958051096973832,-0.7527563759973845
2020-08-11,1.8826128952559305,0.9857339349310567,-0.4857788842673576,-1.083198123854858
2020-08-12,1.8402702234974182,1.0807746285874482,-0.5898977673966285,-1.0862767541256462
2020-08-13,1.7931137896799734,1.0073368809953545,-0.5715378166576278,-1.1074319623213416
2020-08-14,1.7137352617729233,0.8769449000506983,-0.5228256106764826,-1.0259290453619534
2020-08-17,1.5718142379541886,0.8405948915633883,-0.5765164394693074,-1.0461300572313927
2020-08-18,1.4954283488029017,0.8708187544003,-0.550775330533303,-1.0139287680843398
2020-08-19,1.4676131865103093,0.9655185343933634,-0.5716230213086413,-1.4031148110611895
2020-08-20,1.436560831115873,0.7017812207176158,-0.483957391683397,-1.1991535197515235
2020-08-21,1.1438991331116457,0.5520359745018902,-0.4571948872672952,-1.162164016147121
2020-08-24,1.1498897882824992,0.6385228896226732,-0.521537469023319,-1.2207914656616987
2020-08-25,1.1989400679258908,0.5769642484251125,-0.534341309473118,-1.174473101825092
2020-08-26,1.1869536967026615,0.668292112648002,-0.545882991647165,-1.1379512004598238
2020-08-27,1.1824728551111947,0.5175079489237936,-0.43209136091209827,-1.1022361447242242
2020-08-28,1.170572888466791,0.46214780870402655,-0.405526691513328,-1.0272644214164715
2020-08-31,0.9973353669489937,0.33871127759164843,-0.24650284113033255,-0.9721674562118571
2020-09-01,0.8026089207628471,0.26655976901512796,-0.22187024588676776,-0.9074520495355978
2020-09-02,0.7857880270646196,0.3597644280308319,-0.22847400469189977,-0.8299289654743612
2020-09-03,0.7422553244140823,0.26278061929108787,0.0913123618105386,-1.0880706285655406
2020-09-04,0.7289518278219288,0.0814643608971387,0.12096076807207698,-0.9992604581585142
2020-09-07,0.6678423791341431,0.2073358326088348,-0.06686727479089372,-1.1668151004181428
2020-09-08,0.6731050114454232,0.24347509865127603,0.0010115694177884845,-1.2901134138055284
2020-09-09,0.6644625072607251,0.4339846828672242,-0.1981189351728824,-1.2074699666635467
2020-09-10,0.6534350257727699,0.528952525486831,-0.22005748975237832,-1.3515111601949497
2020-09-11,0.6617519789502125,0.4795933111848358,-0.3385559449590927,-1.3478463817632345
2020-09-14,0.6019277005551497,0.5212618687775932,-0.4353726963128329,-1.3290687232811282
2020-09-15,0.6539295917031308,0.5636963225393803,-0.45426812846897835,-1.2674519383393188
2020-09-16,0.6642108625298053,0.644293478490075,-0.4358453196600563,-1.349589886808865
2020-09-17,0.6368707756765193,0.562859760909524,-0.41943418803910626,-1.3335282810612301
2020-09-18,0.626725379498921,0.5549727972592102,-0.42280126642889615,-1.404517529706478
2020-09-21,0.5056966805372398,0.28737202524719674,-0.012047880536993311,-1.1807019275809214
2020-09-22,0.4912054630936061,0.2957897185682194,-0.12034500798939204,-1.0620532659857311
2020-09-23,0.5016009150076141,0.30197025402093236,-0.09147268671174469,-1.2708707061466262
2020-09-24,0.4704260253292171,0.24451543832530503,-0.045295711152128625,-1.120578352321507
2020-09-25,0.4682323361030453,0.20865852668801138,-0.1184315626072422,-1.0090744269944112
2020-09-28,0.4670705264594818,0.4552001226420444,-0.168969593428962,-1.058377673543021
2020-09-29,0.5517811442749033,0.35010274930652313,-0.1738514764034876,-1.0412075133567142
2020-09-30,0.6042233605558102,0.2788737910796856,-0.2034691131175667,-0.9284874762206431
2020-10-01,0.619424021018625,0.2148263556775549,-0.16733037220826696,-0.8230619506634798
2020-10-02,0.5485579546922078,0.17387785598594174,-0.13260378940711598,-0.893943826902853
2020-10-05,0.6148199688415038,0.32854387168353744,-0.14647655580554625,-0.90753871122708
2020-10-06,0.6337886096266239,0.4117090814150022,-0.1478497920090727,-1.0169402121281608
2020-10-07,0.6518089260216945,0.31756677620736173,-0.21715477183461818,-0.849800668638689
2020-10-08,0.6192748120285562,0.3691249034825907,-0.3063778369342002,-0.8558731887020855
2020-10-09,0.6692487467879541,0.4757800797429916,-0.4367926249167578,-0.8423411491748363
2020-10-12,0.6549481496634499,0.44113006795532,-0.41806609801693756,-0.7585856867994049
2020-10-13,0.5906208596258211,0.36841024820700774,-0.33849162815849304,-0.7395016196347084
2020-10-14,0.5757717077675483,0.3740847676132052,-0.29521939942067343,-0.8004441904928872
2020-10-15,0.5532468445938657,0.06559204606074152,-0.06610831956146038,-0.5864632209595438
2020-10-16,0.541555158643944,0.09916524486485476,-0.12648123446352114,-0.6722337184782329
2020-10-19,0.49516586285299563,0.18810138893945305,0.007012903791871655,-0.8444422502863765
2020-10-20,0.4772018146477525,0.03503946890673493,0.06922863733603013,-0.7433038810480134
2020-10-21,0.43252594167594854,0.015455392946096108,0.13767397090683722,-0.7272293781490086
2020-10-22,0.41651293025075314,-0.10676352594066567,0.09473502487549654,-0.6318209988044476
2020-10-23,0.5068740970417727,-0.056956914169522685,0.03961074925162817,-0.6299349730375108
2020-10-26,0.4780484448297286,-0.23161524994848887,0.4061786569261638,-0.6154209751565531
2020-10-27,0.482858926709031,-0.18367593523640358,0.4970956473215619,-0.6197152444641698
2020-10-28,0.43348762921287304,-0.35556269389376777,1.0492925829226074,-0.8023202643212045
2020-10-29,0.5332272505936472,-0.48882999885225664,0.9248800091764172,-0.6191592639909981
2020-10-30,1.0491892751136027,-0.5280104574476623,0.8114831251642658,-0.7342483656598303
2020-10-31,1.2268856501116978,,1.0323918471174256,-0.26618978894535594
2020-11-02,1.0405853517957582,-0.32694273247429256,0.7533889632216908,-0.768037840011028
2020-11-03,0.9942891979921223,-0.013474488803565512,0.5454771925095708,-0.8842309333107726
2020-11-04,1.0571153458210427,0.14302677731241972,0.07165204358646918,-0.7949423303631988
2020-11-05,0.9198488116015249,0.33020276905976953,-0.10402733825796392,-0.8653046484090015
2020-11-06,0.9395715060286994,0.3619215686067616,-0.24332373539202806,-0.84846698880226
2020-11-09,0.927170836293852,0.5553934549085916,-0.39193032747212103,-0.9494607826395703
2020-11-10,0.8707912828264321,0.6516804966217907,-0.3767149393247341,-1.061369589219391
2020-11-11,0.8980279555643539,0.6841188144445728,-0.5255582031425594,-1.0763870965358076
2020-11-12,0.9288759634176585,0.6292227486904545,-0.43128029783852545,-1.0612177565332368
2020-11-13,0.910921866404162,0.5278952963287372,-0.5183382251621738,-0.8929426704210661
2020-11-16,0.9502947808750997,0.672461282842446,-0.6373118013309639,-0.963688740154619
2020-11-17,1.014691822879605,0.7976720239799375,-0.6195549451597231,-0.9846866300111259
2020-11-18,1.0607633716784506,0.8438113503960224,-0.6630851303802389,-1.0918239103865537
2020-11-19,1.0454540353566815,0.6943303330451933,-0.6364163903668574,-0.9691428371471981
2020-11-20,1.001945971891095,0.6925909449611105,-0.6373188919071067,-1.0579729353713236
2020-11-23,0.9571627543016651,0.5878593210332027,-0.6110493196666281,-0.9523585748710027
2020-11-24,1.033015759807023,0.7197540305768675,-0.6981128460761032,-0.9984642843490699
2020-11-25,1.0163815327578627,0.7101523404761528,-0.7223068655376809,-1.021851412926215
2020-11-26,1.0625477607614648,0.659428810000879,-0.7365045819504906,-1.037301104594524
2020-11-27,1.0193941958183266,0.7081013832408191,-0.7649709270025244,-1.037908105024436
2020-11-30,1.0127476200587129,0.416312789798717,-0.6027123217238164,-0.896637421778636
2020-12-01,0.7017086127524057,0.5346577055373335,-0.7066779429709117,-0.8517203041793031
2020-12-02,0.7739491878018724,0.6553412238118309,-0.667829705142248,-0.8595544657950173
2020-12-03,0.7761262161284701,0.7456253434863958,-0.6611575521430123,-0.8811344757945362
2020-12-04,0.8754916647628789,0.8843982132849655,-0.7113843953530612,-0.8116978308470535
2020-12-07,0.9116486297271065,0.7876523858877726,-0.6461134828566504,-0.7787330654985621
2020-12-08,0.8301864535397527,0.8297149243186474,-0.7035023474097803,-0.7282262662219005
2020-12-09,0.7958852623920235,0.9249701852738674,-0.6694054813095313,-0.8588340288238503
2020-12-10,0.8752837005562827,0.897886935744262,-0.6398387369567411,-0.8329904755970359
2020-12-11,0.787566177878177,0.7700625023517225,-0.4215412918294375,-0.7858860533945546
2020-12-14,0.7452253555223686,0.8019498171268132,-0.4199362801308125,-0.8317435581612944
2020-12-15,0.7020660482981941,0.8742046386340785,-0.5433908700699215,-0.7426760794301831
2020-12-16,0.9674792338426341,1.0303379144792741,-0.6084084352502805,-0.8011198952008559
2020-12-17,0.9484153496235536,1.2486643287784667,-0.6629825564549634,-0.7829638153210364
2020-12-18,0.9129197377035203,1.113076293418875,-0.6089759299558054,-0.7759031453308509
2020-12-21,0.8688413403098909,0.7445840441124597,-0.11446729157190175,-0.46596285015934785
2020-12-22,0.8180436494950357,0.7826428078633644,-0.278029898157017,-0.48119408374091316
2020-12-23,0.810621476157501,1.023379531501054,-0.4700378111139759,-0.5737017066552386
2020-12-24,0.7786520450110287,0.9630194565958992,-0.5339380859295124,-0.5349524654518127
2020-12-25,-0.41375999643168826,0.9725304090467971,-0.5309522475147256,-0.530897031624803
2020-12-28,0.7236134586849199,1.0994830837592142,-0.6275184566119821,-0.5323963921538422
2020-12-29,0.711858988993492,1.1695441553151387,-0.4938680947636929,-0.6540917846819555
2020-12-30,1.0211161576226284,1.222862104603843,-0.47024420890787144,-0.648039770307145
2020-12-31,0.8857128548850963,0.9999742199604317,-0.4609154457969698,-0.4940914303156101
2021-01-01,0.040973205769765125,1.0070067276178947,-0.4584898868263709,-0.4886721415436638
2021-01-04,0.778141675889257,1.1108167161874112,-0.3153115673159042,-0.6712698599972164
2021-01-05,0.7395005278128846,1.0420463850778556,-0.3409610806589829,-0.6158472538061941
2021-01-06,0.7441658221210328,1.1026048240101445,-0.6312298556238186,-0.6465029727334799
2021-01-07,0.6746960688882414,1.185117309817445,-0.7406352341306246,-0.5805038601902797
2021-01-08,0.569965142753541,1.3055880375718443,-0.8007829906155265,-0.6811973100193005
2021-01-11,0.5795700414184303,1.0649333501255651,-0.5863719142752055,-0.6150395975378823
2021-01-12,0.5640332582866289,1.1620329274756644,-0.6251685731021299,-0.6263710957694334
2021-01-13,0.5644450145639199,1.2825709411157538,-0.7190821807161003,-0.6075915116148017
2021-01-14,0.5593812461055737,1.3461723823829999,-0.7687247718611899,-0.710845389614343
2021-01-15,0.5076670556530354,1.1422137110782327,-0.5480646966004629,-0.6421446221993876
2021-01-18,0.48816590224190476,1.1390130772911808,-0.6129203710986736,-0.6170081765542573
2021-01-19,0.49403775455031934,1.1790831759427174,-0.634853620164309,-0.6275816954532901
2021-01-20,0.48304103403714377,1.2120986999950472,-0.7903598670702057,-0.523460357100589
2021-01-21,0.43964466527308843,1.2954196591823668,-0.8173960159161548,-0.6152056570308035
2021-01-22,0.40111257746295575,1.1647453675238526,-0.7165899928957615,-0.5892245013540853
2021-01-25,0.27646734649208926,1.088858108672942,-0.33413017167166154,-0.4722749410546887
2021-01-26,0.17919946293421704,1.2213910177318055,-0.5066166284190585,-0.5212693870544911
2021-01-27,0.08288687963397763,1.1108863044793218,0.375439067803327,-0.46667504812755084
2021-01-28,0.040593335227446015,0.929233785438814,0.023531900775356215,-0.31330191741375046
2021-01-29,0.25633196718172635,0.5671138462033339,0.3226864646415988,-0.2807054781798336
2021-01-31,0.7891474707945652,,0.8628875906573964,-0.5345889003327162
2021-02-01,0.4793682644132182,0.6510768795198869,0.08225496127581979,-0.20537526562886108
2021-02-02,0.44490234651569666,0.7311158149354576,-0.346331096245521,0.10152339041544865
2021-02-03,0.7175946634386765,0.7980480007893468,-0.5588724587880363,0.024198751616702093
2021-02-04,0.7174896422219822,0.7529307431211031,-0.6960512951325649,0.27651470121534416
2021-02-05,0.7211600589737526,0.8273976526883211,-0.7638873516062498,0.26794037765822293
2021-02-08,0.6737856001398733,1.0028866342327019,-0.7562616888071982,0.3605602201328205
2021-02-09,0.6462176699822534,0.9966165920245841,-0.6906959869293549,0.4038217327167198
2021-02-10,0.6447332996614883,1.1909978412109867,-0.5944332468773592,0.3470225869904383
2021-02-11,0.6050107665426625,1.2885985721067326,-0.7007989572628993,0.2963816291446577
2021-02-12,0.5830018906699651,1.3519385387369127,-0.8349439606991708,0.31860841065089374
2021-02-15,0.5535698856447347,1.5498918304754,-0.8364942315857542,0.17061423475914722
2021-02-16,0.537014249018359,1.7713001525147516,-0.7141752547908892,0.154896549080789
2021-02-17,0.4727728212556094,1.4415050276693335,-0.647963261106379,0.26156186188011454
2021-02-18,0.44337337551381345,1.2883759012484395,-0.5444032337659436,0.25720110021919257
2021-02-19,0.5765454740772348,1.2503332080613274,-0.6982386454740408,0.10340430016616475
2021-02-22,0.6234842966912204,1.2086509297451702,-0.5566358242869748,0.01169008505728642
2021-02-23,0.6046888395873727,1.3257204683431276,-0.4724862171969228,-1.7273649201387502
2021-02-24,0.9815026620729379,1.5576190347216343,-0.6752833714922516,0.5804846333755062
2021-02-25,1.0420373538561127,1.6986659826207269,-0.2784594529364975,0.2538722297720077
2021-02-26,1.081720317030034,1.324968685294873,-0.004395357665601753,0.6620026378092645
2021-02-28,0.912085241993718,,0.5256736323006159,-1.0170522653747547
2021-03-01,0.9900121875641384,1.5884077868786377,-0.5426902865754087,0.594938381939916
2021-03-02,0.6020582947302373,1.5245813835279214,-0.5262464288332772,0.5576340793368535
2021-03-03,0.6552012139557766,1.5136431012959515,-0.4225940904708699,0.3464199585840341
2021-03-04,0.40533298142168234,1.3898043371777886,-0.2853809333514227,0.27674024778870454
2021-03-05,0.34137905357240794,1.2236681246307632,-0.2748318583026351,0.6396628069160022
2021-03-08,0.2535649511551534,1.2898437338805324,-0.5025182563547417,0.3682488886298873
2021-03-09,0.26780683204784084,1.3874659240181315,-0.6127463205858391,0.3874977957673461
2021-03-10,0.24323378346973457,1.4176317554574298,-0.741538834883737,0.4390332338909529
2021-03-11,0.1400416986094513,1.4760468123717645,-0.8065994986985373,0.44442782867450437
2021-03-12,0.10412744781201036,1.4349857536420885,-0.8524471455783968,0.39635937917804426
2021-03-15,-0.13014587616067547,1.3853079077783634,-0.8541570310817347,0.4653551791351593
2021-03-16,-0.1387225694932486,1.39103802608454,-0.9650875636935872,0.38454709397776915
2021-03-17,-0.2396957212509826,1.3371802495688176,-0.9669542133196052,0.43271081460114763
2021-03-18,-0.22073969951023698,1.4838205212276772,-0.8642805239398429,0.15749190124506132
2021-03-19,-0.22599787261645513,1.3789464785667558,-0.788664007829418,0.2353877915069731
2021-03-22,-0.29212335435144454,1.3148718155298742,-0.9041521231645866,0.3880073632881297
2021-03-23,-0.37760419202141743,1.1701270979899352,-0.814981706444386,0.3954467385177596
2021-03-24,1.7055860035636536,0.9940957682655917,-0.7509981572599508,0.5074628433749584
2021-03-25,1.6856621198849189,0.7902304442849517,-0.7372667421763262,0.5352599306525566
2021-03-26,1.7352142420321792,0.9090663896482718,-0.9267240433152248,0.5166258513958287
2021-03-29,1.6929428682646703,0.7314753732002027,-0.7509627818270381,0.47575400820457675
2021-03-30,1.7750802962071872,0.7729955972112255,-0.8098107043806477,0.4000202353434547
2021-03-31,1.6878492851347326,0.7092220187160706,-0.8293039187835092,0.46861930320717743
2021-04-01,1.6551922339710141,0.6863301645152404,-1.002385198712742,0.5257789479908089
2021-04-02,2.551447617612141,0.8050235702263961,-1.0002267498720885,0.4765130289617234
2021-04-05,1.5592233250496315,0.8398848002272861,-0.9625481466412211,0.51175755557553
2021-04-06,1.5180590633262927,0.7520857169806103,-0.9517798796728403,0.48117452608559735
2021-04-07,1.5157114304437447,0.7751733238948452,-1.0078118071927438,0.4754866718740126
2021-04-08,1.4872679104493922,1.0123461277741075,-1.0696629074197475,0.5140449139169928
2021-04-09,1.3653603211516643,0.9665978515862876,-1.0660484513036816,0.5059860253922338
2021-04-12,1.3462638876235542,0.804348896251993,-0.9816194748957826,0.578625352323519
2021-04-13,1.3103430220332106,0.8540226623401388,-1.0503859225854908,0.6599797951976092
2021-04-14,1.2849276233166778,0.8561444656554816,-1.0215136861116452,0.5418500088271019
2021-04-15,1.2623022272413211,0.8533746273608482,-1.0808595560691603,0.5685731577950426
2021-04-16,1.239224853547523,0.8375677962792552,-1.0790958708130358,0.5184857396368044
2021-04-19,1.1963875122264114,0.8540021776640313,-0.9109400051839195,0.47090110762140464
2021-04-20,1.171863505731469,0.5483020216606665,-0.5615499636953087,0.6501629213173886
2021-04-21,1.146877576802859,0.6034486717079586,-0.7336097199146178,0.8230507355329127
2021-04-22,-0.20604440443156763,0.6775635670852709,-0.7901557292948257,0.5627089111172316
2021-04-23,-0.12479823609413417,0.6606414458990443,-0.834454505961758,0.7412159312738941
2021-04-26,-0.16132983050584446,0.7600733122486946,-0.7847014299706887,0.6876414025180252
2021-04-27,-0.15254210214696232,0.6033198348375235,-0.7290883938491479,0.713135216442732
2021-04-28,-0.17168051185913363,0.6877465950109625,-0.7922565207047396,0.6205276263327527
2021-04-29,0.043906806598354386,0.6309129789665212,-0.7210065618955238,0.6575553869050988
2021-04-30,0.08196276184412173,0.4604311888247866,-0.5488545421684087,0.686246686239061
2021-05-03,0.03942542011313659,0.6522079753459238,-0.5923473259907585,0.6360186394462447
2021-05-04,0.033407288657195125,0.4434042526158687,-0.3242415421905324,0.7454414572639446
2021-05-05,0.040436796765386855,0.45392156173872983,-0.5445589137783684,0.6263406176697766
2021-05-06,0.07681976656892837,0.4803829371789103,-0.5486678751796518,0.6488649646141811
2021-05-07,0.047342769702996355,0.5712365595715088,-0.7938462774381009,0.5743707456809898
2021-05-10,0.07794511655916876,0.6629248383931013,-0.6481996829081087,0.4370002478929736
2021-05-11,0.10781327738970026,0.3655423512005374,-0.23216001241219741,0.6796661173045052
2021-05-12,0.07297397516024397,0.17437000687143533,0.126910721845862,0.8942082211375227
2021-05-13,0.03515339626297134,-0.04377412303037167,-0.1522080326985827,1.158765662002095
2021-05-14,-0.011475052280909908,0.16945249653541758,-0.6952545417113442,1.4893930388792087
2021-05-17,-0.06579907237867924,0.1287618652252127,-0.4801022166845559,1.4815760072033763
2021-05-18,-0.08808830561628699,0.33044778448938994,-0.4195300555032654,1.1897919028870425
2021-05-19,-0.15569680311167625,0.037921480233262285,-0.10194115396297587,1.3473934950574369
2021-05-20,-0.18747316192555563,0.07632875357560417,-0.3816317482729306,1.2604334583561398
2021-05-21,-0.1593098097265777,0.029199892497558298,-0.5321043100541912,1.1672711882360332
2021-05-24,-0.18675885376505605,0.09469166632781646,-0.6912323677021166,1.241606783772767
2021-05-25,-0.21017251526644776,0.049503065730297335,-0.6725970471695509,1.1575233075109823
2021-05-26,-0.2063425341303598,0.1233681632379912,-0.8038913356555579,1.1351372052234998
2021-05-27,-0.17999487083019683,0.03853681451822574,-0.8631997146016058,1.160981834956002
2021-05-28,-0.390847662244101,0.1460543095326391,-0.9209130108747369,0.978876275829015
2021-05-31,-0.2009908371340613,0.19338297816629157,-0.7575780734731951,0.9914167628349538
2021-06-01,-0.1639648131798538,0.3860871262765265,-0.7191239884009192,0.9142980161331093
2021-06-02,-0.18738557247653467,0.4969602680683724,-0.8038992501017685,0.9205949049346004
2021-06-03,-0.20218752610006993,0.2436982174793134,-0.7097789940533429,0.8743004606519881
2021-06-04,-0.2384090584387543,0.28259345880874787,-0.8668621680848538,0.9131081833275504
2021-06-07,-0.27855753906531683,0.36811237076781333,-0.8349135947261501,0.8474208535349284
2021-06-08,-0.3568778699337167,0.33428666474712443,-0.7744014266559444,0.8307504697238887
2021-06-09,-0.3823737153866402,0.2737652152063157,-0.7561081609665096,0.846019022486032
2021-06-10,-0.3628214694806186,0.17922497151280722,-0.8785889423001724,0.9484988747271449
2021-06-11,-0.37261283158094727,0.2506733333673954,-1.0128079969117483,0.8590985456479914
2021-06-14,-0.3577300078497925,0.35954765535271627,-0.908711728211424,0.8454456754716051
2021-06-15,-0.3730662369796308,0.3826687321716348,-0.8078499310818321,0.7597286518458475
2021-06-16,-0.4027742032147479,0.4590850223923484,-0.7731486406869247,0.5962836746095339
2021-06-17,-0.3946059576950314,-0.0003844026833948807,-0.8029813131582832,0.7645057945682492
2021-06-18,-0.41350838951564717,-0.260503093816762,-0.32975186478308965,0.9724559795472809
2021-06-21,-0.6040986341068982,-0.27200496502925275,-0.5924725771697679,0.9795926369879181
2021-06-22,-0.645006645117415,-0.07184641802763973,-0.8252276418290124,0.9695755021618401
2021-06-23,-0.6266103722128916,-0.25494031493652425,-0.7403548799672297,0.9982024220017883
2021-06-24,-0.6094163165957508,-0.13341887840929503,-0.8440630922849046,0.9957524805960996
2021-06-25,-0.5716841708823643,-0.017784423037524068,-0.9135567688065672,0.9330016373778806
2021-06-28,-0.31797417042711595,-0.07761487348111532,-0.8156243022838039,1.095736949122603
2021-06-29,-0.5030380786098458,-0.15624296053748454,-0.8594325823984149,1.1019597682747149
2021-06-30,-0.5251453206610879,-0.3941691950911184,-0.7316657079007712,1.2756792374491193
2021-07-01,-0.5170214761107436,-0.34678581318326185,-0.7749922425034963,1.2817364517442236
2021-07-02,-0.5100358777242021,-0.39632249493026567,-0.8960305211896668,1.3010237780220337
2021-07-05,-0.5471311847512836,-0.2838129552038085,-0.8692325637285073,1.206697722257564
2021-07-06,-0.6398264903857181,-0.39716516662194556,-0.64844209404256,1.2764063404753463
2021-07-07,-0.6339025392175708,-0.3820601289528259,-0.7430183713527121,1.311605646064267
2021-07-08,-0.640809675855401,-0.5981012171412048,-0.31600666834193786,1.381345880328416
2021-07-09,-0.6713028659470514,-0.42199955962189883,-0.660202592876293,1.3914344190962293
2021-07-12,-0.68147023236497,-0.24488440619406238,-0.6890583508168242,1.2295072738824013
2021-07-13,-0.6935106808052168,-0.24007625041701341,-0.6141415755891333,1.1968047235819084
2021-07-14,-0.6925291553368234,-0.3348349951368455,-0.6655478080601286,1.2307674464776979
2021-07-15,-0.7223894624175687,-0.5612729121910159,-0.5481144997232851,1.332330513817551
2021-07-16,-0.714181851540481,-0.5897975118001189,-0.37035810238012457,1.3668179995505518
2021-07-19,-0.7629586473374802,-0.8251872600430578,0.41664512066879644,1.5534681111473274
2021-07-20,-0.7327924956503906,-0.8374808416676494,0.17479629399022287,1.66094989275127
2021-07-21,-0.7232224040057881,-0.5701380111628487,-0.1934339397696741,1.3813819072155529
2021-07-22,-0.7235329385038854,-0.5360928247311538,-0.360685835611929,1.2877708090111963
2021-07-23,-0.6686209927644683,-0.4961691764696036,-0.5649610872396712,1.3627983166773703
2021-07-26,-0.7887761312063337,-0.37751468883740263,-0.449100050865209,1.3288552880389823
2021-07-27,-0.8579706022124353,-0.392631982342311,-0.07684519097566843,1.2666892317337841
2021-07-28,-0.8441531182777464,-0.37761647504504053,-0.2744242401239566,1.235046872600604
2021-07-29,-0.786341194769,-0.2826885946627695,-0.3378288914653301,1.0862895877011456
2021-07-30,-0.8123937502653853,-0.49054522599515826,-0.14845648155745178,1.2657909942734105
2021-07-31,-0.7842969248048025,,0.10978257221436528,-0.385898542388119
2021-08-02,-0.7846367719750883,-0.337901594703569,-0.17364559551563435,1.1144657768142483
2021-08-03,-0.7963025777771663,-0.34614726800749207,-0.23758478121793278,1.2699539670559061
2021-08-04,-0.817260582661353,-0.4135042319307872,-0.3055340721985759,1.2880316397328768
2021-08-05,-0.8080228238221328,-0.3934292463487572,-0.43578375034856115,1.2695569928790995
2021-08-06,-0.8611421095628345,-0.4852453838254341,-0.5537259914735458,1.3366898390455457
2021-08-09,-0.8792708652845724,-0.3499270585207837,-0.577720033962887,1.308658565094999
2021-08-10,-0.9264476057970928,-0.2642574304576151,-0.6044522253607826,1.36929552669279
2021-08-11,-0.9324875690002978,-0.2875793774969096,-0.6758552766606803,1.259601023710987
2021-08-12,-0.9683973277710168,-0.28877148982351564,-0.7803514369895951,1.7432773974890956
2021-08-13,-0.9515160320246676,-0.2588250050792066,-0.8202330374961261,1.637988981762178
2021-08-16,-0.9488407970477171,-0.380919843999162,-0.547040079532738,1.775509768294039
2021-08-17,-0.9352592723095322,-0.6600565066220115,-0.39109044659335307,1.888902717418918
2021-08-18,-0.9411226878149085,-0.6695435343567481,-0.12775562262177956,1.7497505367053776
2021-08-19,-0.9675619878346458,-0.9906911209221707,0.2343789314059153,2.060811585038126
2021-08-20,-0.9664364701678356,-1.0371309236104096,-0.16510509303006804,2.0457702967381004
2021-08-23,-1.0733428726351004,-0.6615878597822813,-0.48253602317879957,1.860349224303369
2021-08-24,-1.0526001117609112,-0.47856297327717506,-0.4581233671412367,1.7763533418149615
2021-08-25,-1.0634286847215404,-0.6058242383035574,-0.5352307643245146,1.8006767555801875
2021-08-26,-1.067257236111865,-0.62110774062296,-0.27162516530180786,1.682405985316199
2021-08-27,-1.0715834438109932,-0.5686190332581613,-0.5711958232033657,1.7063730623960764
2021-08-30,-1.0778881359215318,-0.5217774329751443,-0.5797555922559335,1.5918215503509527
2021-08-31,-1.0027080846302938,-0.5037817127322513,-0.4600728877877093,1.5983586793653686
2021-09-01,-1.0402955549596713,-0.3807396928831942,-0.6123237153511409,1.3259351420453798
2021-09-02,-1.0304861246007608,-0.34048279537185516,-0.6075768068262001,1.2947201512118485
2021-09-03,-1.1042771088040086,-0.33114706595500815,-0.4958437520279186,1.2383130079052025
2021-09-06,-1.0381818990912235,-0.18096559561407405,-0.5514768157013121,1.0997676584090719
2021-09-07,-1.0506853851271516,-0.2770802969467904,-0.32963410142854466,1.0978976267135556
2021-09-08,-1.0564681360319899,-0.36493776534650574,-0.09610234292207116,1.2694854036299092
2021-09-09,-1.0382606859534034,-0.42186146740710095,-0.1312635753694748,1.3065945655594853
2021-09-10,-1.020120922310918,-0.3750902109455561,0.07811196478404844,1.1603058794418435
2021-09-13,-1.0295768440928739,-0.2757809387335861,0.005417958736107758,1.1673993608072823
2021-09-14,-1.0519409013642713,-0.13522543862009911,-0.033184196222797495,1.110683832693389
2021-09-15,-1.0118448888802027,-0.40615952723722937,0.017283533790859926,1.2877398027148417
2021-09-16,-1.0307716201265178,-0.49730082209062787,0.05023046011611408,1.2896245411179488
2021-09-17,-1.027725068849023,-0.7168353166666737,0.370223784140858,1.3359250634558661
2021-09-20,-1.0502025246254407,-0.9602847398292618,1.1315741522407163,1.4681909530553108
2021-09-21,-1.029861020566192,-0.8242436680706874,0.8968406538806393,1.3557647465015494
2021-09-22,-1.0526038319736246,-0.8097249859870437,0.3302881655730415,1.3247934164298918
2021-09-23,-1.3229012665921962,-0.597396831843284,-0.09418816672129743,1.1899789337556639
2021-09-24,-1.2909297178743857,-0.6972018927945263,-0.03393445466539515,1.2699549442226155
2021-09-27,-1.2770000735163833,-0.7052848022299596,-0.04742537593913552,1.2343784635209862
2021-09-28,-1.2772538800196447,-1.0915623953405398,0.7376974257078615,1.4025330678802699
2021-09-29,-1.2840408831764338,-1.1992364038659733,0.5787940554046509,1.4536754304715362
2021-09-30,-1.208134222762069,-1.156566002893724,0.5450882684531047,1.3848171263274216
2021-10-01,-1.2102652852181173,-1.234435322056057,0.4952711071788217,1.5947895951867468
2021-10-04,-1.1780817646224842,-1.136073723725567,0.8355876134360803,1.5169384741472653
2021-10-05,-1.154644698011484,-1.0669263291504218,0.37632495952756473,1.5602016446311078
2021-10-06,-1.2231367553197128,-1.289742284022521,0.6106156406060567,1.6682266256366525
2021-10-07,-1.2702616265972224,-0.9867700598439808,0.11828194681943445,1.4674318039330725
2021-10-08,-1.2810825369830907,-0.9404271118160911,0.006282790875676733,1.4085563134684784
2021-10-11,-1.2449276713532476,-0.8250202435199442,0.10074662918445486,1.297969280868957
2021-10-12,-1.244993111288013,-0.8975226761429956,0.14815643781270793,1.3310018861554935
2021-10-13,-1.221489286955007,-0.6465846269047203,-0.05242732894088992,1.2491243440104487
2021-10-14,-1.2121337535672816,-0.28445289345931,-0.5676088616337348,1.1494748454367427
2021-10-15,-1.1673884266138097,0.06683300638270052,-0.6514913346388718,0.9743439052055726
2021-10-18,-1.1396490182810148,-0.10070435019297733,-0.5594154759506932,1.0559589416908226
2021-10-19,-1.1006911939936417,-0.0050788087994466545,-0.7143592163677387,0.8920780593657854
2021-10-20,-1.1124653306048962,-0.04977845349756721,-0.7518603435822082,0.8806721227892174
2021-10-21,-1.1008724371237761,-0.31140094876059254,-0.6903956272898502,0.954895309368153
2021-10-22,-1.063594287560553,-0.3053775047799951,-0.6939027097488871,0.9208398342868809
2021-10-25,-1.020636355220292,-0.4950147139925948,-0.6575370848837016,0.9913718418580427
2021-10-26,-1.0163816865627466,-0.47542781180370314,-0.632480310602575,0.9067031470528695
2021-10-27,-0.96304734148321,-0.6457645900991963,-0.4273940440081935,0.9399716323424987
2021-10-28,-0.8805573705359921,-0.6660655141738985,-0.36493481543455936,0.7874424916047773
2021-10-29,-0.8761146257223505,-0.9648610234318229,-0.3940326811521128,0.9274812819117537
2021-10-31,-1.2206777896711363,,-0.3326984951883229,-0.19763110463246805
2021-11-01,-0.8332099032470257,-0.7110757679219469,-0.3813828399920109,0.7507914841581664
2021-11-02,-0.8319090238522348,-0.7684150191561127,-0.49871308687412014,0.7834671211710289
2021-11-03,-0.8283544318400433,-0.7568723229203187,-0.6109541521513221,0.7458771924566264
2021-11-04,-0.8000144112205569,-0.7019850603860824,-0.6346041256343657,0.7564932149319173
2021-11-05,-0.855760660665029,-0.6999027598924094,-0.5139768127603999,0.8377535158792502
2021-11-08,-0.8032134461264278,-0.6520121561439511,-0.4598973500554583,0.651309448152731
2021-11-09,-0.7545852008647675,-0.8169509799240838,-0.255571196072836,0.7520478964733877
2021-11-10,-0.7209930515158498,-1.0406967504850244,-0.2531161521427,0.7729355041087235
2021-11-11,-0.6977972446167351,-1.0934516040181996,-0.30254355671714167,0.808189788861316
2021-11-12,-0.6969289613289635,-0.9231521005101094,-0.3933033797288451,0.9839430698911611
2021-11-15,-0.6901139286426047,-0.8224040873201905,-0.2996040687344715,0.9324134504068036
2021-11-16,-0.6786856228781986,-0.9313949538524311,-0.15759279954225122,1.1234277451923806
2021-11-17,-0.7157635672802941,-0.971991574191873,-0.12684039751558746,1.1701573999989041
2021-11-18,-0.7428660632944667,-1.1169243650648146,0.05528279907791738,1.2052889923075383
2021-11-19,-0.7130922936673617,-1.233968535049108,0.30767713996948354,1.203859049466493
2021-11-22,-0.7029125996379761,-1.4491674659345233,0.3637872024798448,1.0580760414960335
2021-11-23,-0.5451530747552759,-1.58831663819893,0.6231404382531811,1.1521458592023712
2021-11-24,-0.5393205142487756,-1.6853423270580916,0.5496136133625765,1.2458659454422336
2021-11-25,-0.5474902695435035,-1.5184244431819884,0.4811225784949095,1.1285396429966739
2021-11-26,-0.5198080817666453,-1.8527765732156538,2.8478990797802037,1.5036123263659997
2021-11-29,-0.47995852347308265,-1.9326351530466739,1.9357228448289574,1.5797822312222096
2021-11-30,-0.38838934097769,-2.0019057611712943,2.341596514293887,1.713681537492578
2021-12-01,-0.4830560351999112,-1.5630919518769983,2.119731152309366,1.2864122410920027
2021-12-02,-0.4372181782821425,-1.7329735537739568,2.327878001742051,1.5190338474481413
2021-12-03,-0.46150132591294823,-1.7874351483901307,2.6078570279827575,1.5603267131549277
2021-12-06,-0.5603709606268586,-1.6180674967337552,2.0997489074467715,1.4112692668257423
2021-12-07,-0.49521820454189686,-1.1856793343867609,1.0546162846640994,1.0570850211574656
2021-12-08,-0.4889507009259247,-1.0366861931211893,0.8304019658942838,1.006805927145347
2021-12-09,-0.47469270136042213,-1.118010288177608,0.726896818621034,1.0182059863699364
2021-12-10,-0.48893922897767544,-1.2317910593649912,0.3725259598097928,1.0779827626539504
2021-12-13,-0.461866799974292,-1.2795340015002608,0.3137222408228391,1.1253983162484913
2021-12-14,-0.4496260423622859,-1.3747557192248687,0.5883723297607024,1.194181890854709
2021-12-15,-0.4438091995031547,-1.3344584620113624,0.5129909719738198,1.2060015292121309
2021-12-16,-0.449628019477913,-1.004473961791759,0.18553854896943842,0.9317575298214521
2021-12-17,-0.40043195859097297,-1.208342405349939,0.5247193717323181,1.0362591755367272
2021-12-20,-0.32119750780410605,-1.422186557853247,1.1195771152883836,1.2145710046141005
2021-12-21,-0.3029686722707389,-1.2413620557622091,0.49387836160194043,1.0964449625323698
2021-12-22,-0.27819151276034976,-1.0762737003441474,0.04944440847474965,0.963622809765121
2021-12-23,-0.24494940255614053,-0.9321949458195696,-0.3053539526145742,0.7912322648117851
2021-12-24,-0.26419263255330416,-0.8448687668864592,-0.285271728278659,0.7751763479724539
2021-12-27,-0.2513677979922515,-0.8362404979907587,-0.2750846763973318,0.8201127843478829
2021-12-28,-0.2339461789880186,-0.7733746553426358,-0.30592899221286685,0.6738657018060806
2021-12-29,-0.2103974274857852,-0.6422847301823219,-0.20399547157714318,0.613214115554744
2021-12-30,-0.033499509613717685,-0.6671848309953323,-0.2906691234537896,0.6953965074163868
2021-12-31,-0.06593490440483656,-0.6757773428817685,-0.2801066999573029,0.65734539142731
2022-01-03,-0.01720510585479032,-0.7131633001067138,-0.3975442288431118,0.6974092059710464
2022-01-04,0.03309787224923254,-0.492905280227364,-0.424648939474201,0.4249933744336475
2022-01-05,0.010502821297197224,-0.4174046306115914,-0.4140634497751666,0.2725519836300219
2022-01-06,0.012045611924662544,-0.9211913283130745,-0.116276835341161,0.5849335365609156
2022-01-07,0.018730616650842562,-0.855897413049274,-0.15092724832178198,0.5252025783869835
2022-01-10,0.028505361035359212,-1.1173414747800532,0.15354491172940013,0.6632067315380883
2022-01-11,0.013435814322546853,-1.0453296482265588,-0.22510294071221315,0.6398763762673213
2022-01-12,-0.023020329621174927,-0.768214464822438,-0.4399753818625909,0.25734008968779604
2022-01-13,0.003999638317069506,-0.7013528571720331,-0.16739927038311397,0.16362956844170648
2022-01-14,0.01305538366939619,-0.9211830021760392,0.09749863904424175,0.3488119362104483
2022-01-17,-0.012752794115624346,-0.8774296861916406,-0.054773846880316585,0.31185753853207054
2022-01-18,0.05469305534861539,-1.000275758141246,0.5065645890186521,0.42142234089752795
2022-01-19,0.0797014317593288,-1.1389631168810592,0.6542566166760265,0.45593709539046384
2022-01-20,0.06485946899412885,-0.9776799782321585,0.583814703358703,0.23103359870985504
2022-01-21,0.062142567149227314,-1.2902719773187663,1.3957939354154323,0.7258289653036105
2022-01-24,0.22962378254565075,-1.6666069840089544,2.5819907421048196,1.3607676776377147
2022-01-25,0.24143171988965634,-1.7448653356553678,2.477543386419392,1.3430556160479283
2022-01-26,0.23250105819509648,-1.512998374056811,2.0547697005248775,1.0842338836759853
2022-01-27,0.3733075738007065,-1.7525212940540045,1.81833182700555,1.3642700362761941
2022-01-28,0.2231729494466478,-1.739514141820806,1.7643385111239653,1.437769256098079
2022-01-31,0.21859573988748443,-1.5566017240187233,1.230756743891302,1.3209505870709737
2022-02-01,0.1808515844940751,-1.3513348946889292,0.6531987673249854,1.0849081949593304
2022-02-02,0.34547711809421333,-1.193529724667385,0.5031512739101808,1.101487002888331
2022-02-03,0.2599340772505581,-1.3067837354458884,0.8000297549444284,1.1749217250739121
2022-02-04,0.2115232520959074,-1.3461651332208073,0.9445733189945968,1.255223534133385
2022-02-07,0.15926937764890245,-1.1786939101556717,0.8511445616045689,1.1325579884742156
2022-02-08,0.1254909107092365,-1.204500333224871,0.6438766958517715,1.1163478990728328
2022-02-09,0.13687591654418046,-0.9408284399918335,0.34178038030136554,0.8265833181415488
2022-02-10,0.13704525751014848,-0.9069845539444764,0.6944337814833214,0.6275710079483898
2022-02-11,0.12337709389256918,-1.0014033696495177,1.4386983859271092,0.7903119906312251
2022-02-14,0.10224535499265831,-1.3776240505637138,2.27506841693681,1.2001119653615944
2022-02-15,0.0911753305413816,-1.0520104926655847,1.5492652399616202,1.020571676739046
2022-02-16,0.11862335802806623,-0.9969511173652087,1.344047528683527,0.9128730538641566
2022-02-17,0.0854317189269662,-1.0298108308990985,1.8987793198954261,1.165817040310314
2022-02-18,0.05745693868650555,-1.1390142825474718,2.199083337960702,1.3077713982261885
2022-02-21,0.20512145576533156,-1.2099519909911154,2.675490662944602,1.4441341666775402
2022-02-22,0.2817016489854503,-1.262646616612011,2.3511022627155276,0.8720837111262483
2022-02-23,0.2493666263893761,-1.2039668806276103,2.5372434696620583,1.085293800721032
2022-02-24,0.35191488148829886,-1.7162039696779283,2.986984689034512,1.964774060347639
2022-02-25,0.32582814170474494,-1.1450828190162228,2.123618421363616,1.504375433504519
2022-02-28,0.27537915037353355,-1.2567283066401762,2.6056805391246916,1.5854854671529437
2022-03-01,0.25464011923136126,-1.4177429469947376,3.0,1.8261682518994147
2022-03-02,0.31867864565584714,-1.440454583060034,2.735805348705671,1.8516193178641835
2022-03-03,0.2785259508491334,-1.582848338593664,2.8031861973177117,1.8708976381957019
2022-03-04,0.04511295023633678,-2.0116954044606263,3.0,2.200210522565868
2022-03-07,-0.017525524067557856,-2.2035737357517826,3.0,2.2633625765506236
2022-03-08,0.00039624402073043427,-2.174346090609767,3.0,2.2886129692087516
2022-03-09,-0.019110591870336778,-1.6128906056575867,2.477068031706899,1.8949324430257584
2022-03-10,-0.030282771625214165,-1.5291439302265313,2.390901720474374,1.8229275562014207
2022-03-11,-0.03211149271687097,-1.4910003272498997,2.215439849511195,1.834039192775844
2022-03-14,-0.031262153417382685,-1.4003548602722682,2.125283702030238,1.646938249283282
2022-03-15,-0.23196035860490952,-1.5579968518667564,2.045121581975157,1.6046122960800169
2022-03-16,-0.2918397223787601,-1.1549470953352252,1.4396745074299069,1.2805294109688887
2022-03-17,-0.2195242098077138,-0.8503223136885449,1.089943328344369,1.119392887865918
2022-03-18,-0.20632054991791762,-0.8527331153132537,0.8768566486271907,1.1191963870122474
2022-03-21,-0.2201259383714598,-0.9205920227541591,0.664445631668841,0.9887705625559726
2022-03-22,-0.026878356680104888,-0.9000941966511915,0.5754716759432824,0.9164531770332586
2022-03-23,-0.023754919241962685,-0.9553463846153832,0.8039341710957669,0.9188101682705502
2022-03-24,0.15278093914816165,-1.0057147754106937,0.7464791501119705,0.9450822145302575
2022-03-25,-0.13241854770606984,-1.0940571179264025,0.7287657228517002,0.9065088044598459
2022-03-28,-0.1704654821887103,-1.1640403626614053,0.6054790003142184,0.9502702813747368
2022-03-29,-0.16856743628080978,-0.8302575772507225,0.30159211733031877,0.6564119239954338
2022-03-30,0.0022854334364003593,-0.7924692835645051,0.42263041405507323,0.709493246681477
2022-03-31,0.023654164713223878,-0.9813094834013697,0.5856518265876458,0.7639419079702727
2022-04-01,-0.12065600693256567,-1.1329042414137456,0.4678932339498014,0.7856554995085626
2022-04-04,0.12268764712612305,-1.0875028597912035,0.3128472022492419,0.6489095508934926
2022-04-05,0.1783798317673099,-1.0710878687735315,0.5611881116834068,0.597188586666212
2022-04-06,0.14844546886878754,-1.3530139227689248,0.8612856962770132,0.7182425394413513
2022-04-07,0.13833423551733132,-1.3197441605487432,0.8237341413919033,0.7517445646289264
2022-04-08,0.08540481087988695,-1.203425699771056,0.6764729592112163,0.6581753168386845
2022-04-11,0.08896022358425107,-1.3753606313457603,0.8286481486115821,0.638625434608116
2022-04-12,0.10810006346110214,-1.454986332996361,0.8390896376991561,0.7195099928373168
2022-04-13,0.10733794746743064,-1.3983239488755281,0.6153809108574303,0.7163415995163348
2022-04-14,0.17457978509568312,-1.3188844755630418,0.512473269525701,0.5527958501229486
2022-04-15,0.08456218651629967,-1.2690305144093255,0.507074869046835,0.5646921468713716
2022-04-18,0.02265183991300667,-1.2979770900286438,0.47757968384246013,0.6143220887806358
2022-04-19,-0.003826808080560195,-1.3599389115370872,0.46283202815051816,0.6472873107874827
2022-04-20,-0.2398576971819045,-0.991767831053044,0.2237400166072271,0.4926767249304235
2022-04-21,-0.3073644541819983,-0.8113371951403504,0.2884984088164547,0.48507783484709366
2022-04-22,-0.03419051270038923,-1.1648827542365352,0.9028953500484798,0.607388900494297
2022-04-25,-0.046377168563935034,-1.4553318853983537,1.133058087287476,0.802033612463157
2022-04-26,-0.07476535569745495,-1.5219741878018274,1.5401923856283708,0.7691132753540538
2022-04-27,-0.06789703656742403,-1.5763967131929582,1.4295957019864634,0.8251370660590787
2022-04-28,-0.17937437179333393,-1.426949486275845,1.2206266372225114,0.8388536819535041
2022-04-29,-0.24525321504584646,-1.2631352919377712,1.3359468732538207,0.5957178351512281
2022-04-30,0.444712521823255,,1.0690857858306355,-0.3630409977630424
2022-05-02,-0.47686997779825113,-1.4202614753610259,1.5025116050639848,0.5790478726036655
2022-05-03,-0.4872527598233976,-1.3488698053628168,1.148145512995746,0.5622078745145831
2022-05-04,-0.4837075683587272,-1.3766830886478132,0.8894555012073749,0.7285090643544972
2022-05-05,-0.6718559430333285,-1.4891028826982726,1.279913064219514,0.5523450230999359
2022-05-06,-0.6287887020076652,-1.527190673694883,1.2274736926763912,0.6303129970552569
2022-05-09,-0.5913869613317747,-1.8431775422662438,1.6947334259472377,0.7701739939325734
2022-05-10,-0.6558938278056682,-1.7919778371594806,1.4901206059853072,0.7134921747104187
2022-05-11,-0.6779562403321527,-1.5941922373408015,1.1460400724183015,0.7192635453157883
2022-05-12,-0.7133949915529251,-1.6311482240632005,1.1650471007557897,0.7036171376205791
2022-05-13,-0.7538606397808304,-1.4021684413639386,0.7399927949312016,0.6175117494286035
2022-05-16,-0.8995789995928075,-1.3680550827192581,0.5825183778831237,0.6212073154257854
2022-05-17,-0.7693630988840843,-1.141309316784651,0.36021668543050267,0.46611161879258445
2022-05-18,-0.7783803056447917,-1.1341631721526004,0.687908368733274,0.49805899899043027
2022-05-19,-0.7067678041531122,-1.1739516794821172,0.7990532857965778,0.5451647383000232
2022-05-20,-0.7484534724763057,-1.075088848220971,0.7271726674939585,0.49168022099714026
2022-05-23,-0.5995892365468488,-0.840067563301206,0.5516787671270948,0.34707199869977645
2022-05-24,-0.6846560375809576,-0.7521098287628688,0.710296899074015,0.4241584819172722
2022-05-25,-0.6349902452998608,-0.8817118514419111,0.5930089357193675,0.451959378653336
2022-05-26,-0.5691030789325364,-0.7909620101132735,0.4166458685198769,0.4635978634484263
2022-05-27,-0.42443381686629306,-0.5610940823618794,0.15293483936987975,0.40356200476168436
2022-05-30,-0.3690809628569529,-0.38798581967735174,0.15375873499486312,0.28080197629376097
2022-05-31,-0.1792767778501784,-0.542562291593386,0.24711128093409426,0.3049444970591377
2022-06-01,-0.30110833788733155,-0.5058670900143648,0.24242508524747186,0.3006545478093907
2022-06-02,-0.20919253710912067,-0.3613146706017839,0.07150528102497199,0.3073577997500681
2022-06-03,-0.19386489998283413,-0.34753766467408886,0.06848648824567376,0.2950219095858601
2022-06-06,-0.2634158635300195,-0.4014994172405223,0.021729105654528156,0.24689879269842138
2022-06-07,-0.3171031970158982,-0.42249987607561124,0.0628610101225523,0.3278109536682148
2022-06-08,-0.05832061233485458,-0.4258241910657919,0.007533157509597312,0.25044062730971783
2022-06-09,-0.05979558211473183,-0.7341206537170331,0.23673760485033454,0.37092576330186033
2022-06-10,-0.026667632024371328,-1.0405693958246203,0.5837587473163399,0.4615308072590129
2022-06-13,0.01012557125595872,-1.4094655309158466,1.1810106777545861,0.31088575393840395
2022-06-14,0.0687493842556269,-1.6076273453223844,1.1821725654488648,0.21558009355523616
2022-06-15,-0.036045367112091026,-1.4902768000546875,0.9299852332009169,0.40249080600719106
2022-06-16,-0.024485489080258164,-1.515579498550819,1.2872023188385346,0.3549328750941402
2022-06-17,-0.1565123291700745,-1.588830676543447,1.0116284923140473,0.42578920470306353
2022-06-20,-0.12743725915931026,-1.4198522830111315,0.8761776282354741,0.3677542311265948
2022-06-21,-0.2626994434950362,-1.2828442202022357,0.789936898296018,0.30113996295367734
2022-06-22,-0.234400673053048,-1.3125088371768179,0.7521409607258538,0.41801541681018856
2022-06-23,-1.0807936383791668,-1.3344651610988523,0.7927832044808387,0.5066845688611528
2022-06-24,-1.1807373366688119,-1.1516653861711377,0.531575960013136,0.4150087236647601
2022-06-27,-1.1978551186518012,-0.984373030983213,0.41465913799964066,0.24203617219185808
2022-06-28,-1.3949173219273783,-0.9742248875288417,0.4408841689639873,0.14563950493022354
2022-06-29,-1.2187259300879487,-1.0959894635752012,0.6103234917653491,0.1843968231188196
2022-06-30,-1.1899420177355247,-1.254736975512281,0.7630814091777289,0.37313364101436125
2022-07-01,-1.383541217753895,-1.293572679342049,0.6089178117525158,0.5347084103121599
2022-07-04,-1.434410684929857,-1.067457902154692,0.5226282893059,0.4433610854301695
2022-07-05,-1.5099766199925608,-1.2427765872813477,0.862853251540028,0.6117712339344625
2022-07-06,-1.4760868282683675,-1.142696506950061,0.5856105293409959,0.45808433284527605
2022-07-07,-1.439494505911483,-0.9199111809273309,0.3989980179593599,0.31675254013966697
2022-07-08,-1.4329194243285435,-0.8881502338668902,0.3014014108419603,0.23457868379136748
2022-07-11,-1.444319065323608,-1.0270116494295853,0.5290383831304629,0.34410791487905673
2022-07-12,-1.48071820441882,-1.0508947432328486,0.6288272915490556,0.3705849407264702
2022-07-13,-1.421140023013925,-1.0750602575387196,0.5787713615314267,0.4010304250177941
2022-07-14,-1.4216418231729557,-1.2536747431859803,0.6990458094556369,0.5435095219165643
2022-07-15,-1.3978113728350596,-0.9919624064751129,0.45426126544647977,0.44562965374148816
2022-07-18,-1.4174640438709294,-0.8766256489687817,0.49754062291496615,0.28422853004630483
2022-07-19,-1.4002504801749251,-0.6969204024079367,0.12073028942064214,0.22803500794713716
2022-07-20,-1.4805519717748252,-0.6145263389837564,0.2344070459978926,0.14557973062390184
2022-07-21,-1.4343911172869743,-0.5100936235983098,-0.0626398665654384,0.20004509486228458
2022-07-22,-1.6906646050863436,-0.3758887327079317,-0.06066300568856021,0.27115938859031
2022-07-25,-1.6985497004241386,-0.3854869529654699,-0.00538872296660157,0.27678918236102
2022-07-26,-1.7021440840287827,-0.4498023714933317,0.1241095346694625,0.2767836382724715
2022-07-27,-1.5543769957297784,-0.4647518062919675,-0.06524321836317783,0.3928659278859873
2022-07-28,-1.628140309349157,-0.23066686028958155,-0.18291958781940768,0.4660252440166234
2022-07-29,-1.0538410436513304,-0.13871428830631652,-0.34597421823038227,0.5021840341232152
2022-07-31,-1.7289628689632728,,-0.9403131678889768,-0.34459039332314495
2022-08-01,-0.9161538226297288,-0.004695974282438878,-0.16516095265191838,0.4978154446498347
2022-08-02,-0.8947512290011465,-0.1949362759909425,-0.03330765351744539,0.4273836008595126
2022-08-03,-0.7847770309015686,-0.2084388418421996,-0.3323223896227567,0.5783129787679759
2022-08-04,-0.7698232772707044,0.05324792325023712,-0.3500303604154947,0.45657436598351336
2022-08-05,-0.7287564783682572,-0.09974470302469182,-0.3326375475810924,0.3791730197972852
2022-08-08,-0.6749660422566818,0.03557316995588279,-0.34051373363161375,0.28361794295684517
2022-08-09,-0.6162916158918615,0.008867938882542049,-0.19547771854238502,0.3265697314757866
2022-08-10,-0.5333321246844691,0.13111407349651383,-0.4435959936539832,0.20269479341070634
2022-08-11,-0.5279332607906216,0.1312223323899932,-0.4443945877947411,0.13096316771241623
2022-08-12,-0.47183282101186125,0.01746645859471514,-0.5608911576266824,0.2259374185136179
2022-08-15,-0.5047255847423658,0.06008928691249036,-0.5518251621347964,0.1961108109529082
2022-08-16,-0.5538052502166638,0.025932362274179204,-0.6351706473437094,0.2059131334779999
2022-08-17,-0.6202807145531644,-0.12336917374967935,-0.5278270801556949,0.17055230459905246
2022-08-18,-0.632782083650611,-0.2081746997255968,-0.48616612070594983,0.23600158148151862
2022-08-19,-0.6536434635772372,-0.4355535816580073,-0.21502375895543083,0.336412604866764
2022-08-22,-0.6865953197264715,-0.5922585810065802,0.3100850512194887,0.2529926291999209
2022-08-23,-0.627697396057191,-0.6525414054807893,0.40378917393851377,0.22581159677335677
2022-08-24,-0.6487553818980446,-0.7162163847425341,0.2427970967788741,0.24292576971508628
2022-08-25,-0.5369984443018996,-0.6499965244222347,0.13306842666261476,0.26462241120888846
2022-08-26,-0.5044057952715058,-0.6814316924081062,0.4563226646638299,0.20435540237799996
2022-08-29,-0.5107573781541367,-0.8259892670511783,0.6925478054529546,0.28486923140229325
2022-08-30,-0.5995979903250409,-0.8503419414483295,0.6405185460576388,0.20826801447565277
2022-08-31,-0.4853067914066052,-0.8727704057139667,0.5647164033148231,0.09610340792471597
2022-09-01,-0.4250744314855179,-1.1312482103948351,0.6686963531223873,0.19251488678714898
2022-09-02,-0.40964150270355,-0.7706028037284576,0.4610599355794243,0.08219527794120621
2022-09-05,-0.5423405063651279,-0.865324943436556,0.6838720503725272,0.1823147354097903
2022-09-06,-0.5801133454285143,-0.8081874003201044,0.6902820033755296,0.05758039628318069
2022-09-07,-0.5145901268581194,-0.7082659024307233,0.45598354882284087,0.1825534335196821
2022-09-08,-0.5807061861089667,-0.39992397863338724,-0.014299700424923172,-0.001941784138617035
2022-09-09,-0.5827864769498772,-0.03447560974006885,-0.11759819570869691,-0.2186476446459241
2022-09-12,-0.5132889232886807,0.16836082196159538,-0.12511568673509313,-0.40944377347958205
2022-09-13,-0.5233214887998238,-0.04651460404010307,0.22892169476159693,-0.36755493071946
2022-09-14,-0.5205225390193704,-0.11732597072427446,0.25651815826444274,-0.2050468694803743
2022-09-15,-0.5212107735767776,-0.17060258003880824,0.15992023491445465,-0.24878926382505087
2022-09-16,-0.37850808271145475,-0.29904082854061825,0.2811911228372905,-0.21428500926077165
2022-09-19,-0.20187295809098127,-0.3075450010808054,0.11220416578547439,-0.2985368553245344
2022-09-20,-0.037223590031761136,-0.32198265940226833,0.32685140706102833,-0.30088500949466
2022-09-21,-0.049749042958194524,-0.48864514549418975,0.42193809492642753,-0.19047482704581875
2022-09-22,-0.08312127066140194,-0.6765298429040049,0.38523790414780373,-0.2617725474207272
2022-09-23,-0.17512027375825856,-0.8711095961090115,0.8049297622308561,-0.13392386868299036
2022-09-26,-0.3995552423044504,-1.0006128118008697,1.0698197714152446,-0.31469878639674687
2022-09-27,-0.40781896268981693,-0.9537616125124919,1.2486068002501185,-0.3997723632245029
2022-09-28,-0.4017055997810694,-0.9264390620284646,1.097439224071319,-0.05899957964324858
2022-09-29,-0.5037032850471729,-0.8942694784997144,1.2197822037086603,-0.3133418794399874
2022-09-30,-0.34458448987231144,-0.7338681584623066,0.9970778953180869,-0.5134922835369722
2022-10-03,-0.30279819545899667,-0.6126787597353675,0.9537615751474013,-0.21920677347448317
2022-10-04,-0.2108396001044561,-0.16725525279486333,0.655689624350128,-0.47940718142606265
2022-10-05,-0.1442452769595388,-0.3071251790375746,0.6503443269453436,-0.6262722354460422
2022-10-06,-0.1297111213850386,-0.3289156006822465,0.8104687651207202,-0.7378727603650387
2022-10-07,-0.13082404504668502,-0.5153337153305914,0.9705018780030905,-0.6283001157756557
2022-10-10,-0.18542410712620241,-0.6373876407317364,1.160431157020147,-0.5260472580103055
2022-10-11,-0.25158532461303157,-0.6373713923848033,1.2828691355612942,-0.42867272032781445
2022-10-12,-0.19227643350161547,-0.7760827092703495,1.239493475753783,-0.36805515273980294
2022-10-13,-0.16795895547640685,-0.8243801346771523,0.9261415744959851,-0.37180373659077864
2022-10-14,-0.16673478747917567,-0.694488933982791,0.9262740240781627,-0.5127644259315909
2022-10-17,-0.18809685003427673,-0.5437941427346513,0.87547567612912,-0.49374494660696844
2022-10-18,-0.07611162803924412,-0.40900648509729187,0.6864470268930064,-0.6522086275504217
2022-10-19,-0.05651359575687285,-0.5964066740911799,0.6016890404123179,-0.7645551800908664
2022-10-20,0.03532617965560048,-0.5151627677015405,0.4926778566222704,-0.7978622763368133
2022-10-21,0.09816432926106546,-0.6575431198159998,0.4758253464494246,-0.5626273361752924
2022-10-24,-0.07765956027530298,-0.41652261492800235,0.5344184373414992,-0.7516901914656345
2022-10-25,0.027781684283405578,-0.224046498085453,0.35969728979522936,-0.772820361721898
2022-10-26,0.01866775391327074,-0.10314156034957347,0.22583831491565212,-0.9107520722117344
2022-10-27,-0.03498907744027229,-0.19654487135584964,0.15271378798894766,-0.7496773352736347
2022-10-28,0.08686316212515362,-0.24498336329945422,-0.10174867847983791,-0.6257904706622832
2022-10-31,0.29617844192819365,-0.2043974426807465,-0.033091165366883495,-0.7513491877098322
2022-11-01,0.24331891757246937,-0.1586864305239346,-0.08041823134804582,-0.8453661868388145
2022-11-02,0.04960403398674747,-0.13318333873393984,-0.0703769786944848,-0.8928923984435335
2022-11-03,-0.03178260328898982,-0.49246961606906786,-0.24060908166967465,-0.9033063523076165
2022-11-04,0.07624737517060007,-0.12374130296786381,-0.4127515182763738,-1.1030818870824513
2022-11-07,0.161519188070574,-0.01919972027444902,-0.4727661296480987,-1.2256244674376995
2022-11-08,0.21221123526179278,0.1721863075906632,-0.37965417601751766,-1.2447374973219312
2022-11-09,0.2704352603552159,0.08689060472636775,-0.28652941985522684,-1.241083744947407
2022-11-10,0.3117286476483558,0.5166410618098469,-0.6227099973627821,-1.0804945171755602
2022-11-11,0.3761144110283449,0.7996816128179802,-0.9019980654744619,-1.3950153527801972
2022-11-14,0.6637791292204872,0.7802421877059024,-1.0152385496935608,-1.4413844961205458
2022-11-15,0.7924246013765136,0.9375053734707205,-0.9908779983391687,-1.4332119660785752
2022-11-16,0.7716687875553426,0.9324299734293097,-0.9222979145946064,-1.2536854077093664
2022-11-17,0.6675084774362308,0.8455684625266527,-0.909395048527323,-1.273371181958979
2022-11-18,0.632034170816479,0.942409155315742,-1.0221160651082062,-1.51614922626451
2022-11-21,0.5350442934967241,0.7584264823755504,-1.021507092132754,-1.2878335895412294
2022-11-22,0.5296958281696553,0.8891599269144179,-1.1741810152267589,-1.275063178041092
2022-11-23,0.8394815749079314,1.077677700919739,-1.2799750250158253,-1.3419737662858593
2022-11-24,0.9466872455104391,1.2373398588352393,-1.2629452477832062,-1.4507597913303998
2022-11-25,1.143245420006697,1.1904038045033651,-1.2605697296808704,-1.3499288696658776
2022-11-28,1.0826595840492983,1.0928399932407236,-0.836779521336462,-1.3667216007222762
2022-11-29,1.0572773184121338,1.2223130346275939,-0.7037559138824833,-1.4598915096157994
2022-11-30,1.1011086657076965,1.1073284647733335,-0.8823808997109321,-1.184962271880099
2022-12-01,1.1036144621502977,1.5484480609710043,-1.0156365513552736,-1.1600182628555915
2022-12-02,1.1668002050976984,1.446805166289676,-1.176162119557081,-0.9244911932648953
2022-12-05,1.1470317120898412,1.4253292611109072,-1.1383503739950454,-1.1369827010512523
2022-12-06,1.178142392438041,1.2554361570434092,-0.8786348721007247,-1.0442491558833191
2022-12-07,1.2396564733896198,1.0615803599205456,-0.7556641237060011,-0.8882715551619456
2022-12-08,1.2029448617386762,0.9552878708004623,-0.8549137984531026,-0.9592375161504898
2022-12-09,1.179724112784203,1.180980516563993,-0.9702703976216477,-1.2314110889618533
2022-12-12,1.1650169012701745,1.0776631953685376,-0.6346261044587498,-1.112092681734542
2022-12-13,1.0647630447459784,1.43624127542194,-1.0318660958278896,-1.2634969415878035
2022-12-14,0.9818091028218567,1.5080887150227307,-1.1486278651628679,-1.2807682519460784
2022-12-15,1.0371107029201725,1.0543321208674274,-0.9948007698451098,-0.973358103515679
2022-12-16,1.5430701202974846,0.9070760869485582,-0.9154508037804816,-0.910909273337176
2022-12-19,1.5542861927811087,0.9164664194549973,-1.0246999201962683,-1.0484257610049152
2022-12-20,1.6091462913773382,1.0807185946287803,-1.1226766122726763,-1.1631770079578303
2022-12-21,1.6405110310683586,1.3846725164003233,-1.2950716428323459,-1.1481353377983003
2022-12-22,1.6651388238447449,1.3533553024949916,-1.0122393482571015,-1.2090982547875009
2022-12-23,1.6762580262444524,1.3260540815121646,-1.1914484716443527,-1.274353452754568
2022-12-26,1.1830957766086847,1.3857604022902603,-1.1801538077332507,-1.2812573517196426
2022-12-27,1.5582505534573199,1.4129490704517702,-0.9866940549188076,-1.362865697526324
2022-12-28,1.5069001032650267,1.3405616115491867,-0.918173842041189,-1.3363834397886378
2022-12-29,1.3895333697511347,1.3969239263004007,-1.0334580155860429,-1.3224082113377764
2022-12-30,1.3021927554619268,1.0286976501201182,-1.0770619480414398,-1.2765113254921048
2022-12-31,1.81178903561353,,-1.2094641468339558,-3.0
2023-01-02,0.6400654067059789,1.1904437111307915,-1.0259923204872463,-1.210737012274327
2023-01-03,1.2909080636524715,1.2843861023139043,-1.1856977766904992,-1.1535435868105535
2023-01-04,1.3925227920825016,1.5278269489276173,-1.3140353677382581,-1.187401076929337
2023-01-05,1.3522804657453924,1.40825900806441,-1.2852248841770406,-1.1092194883243005
2023-01-06,1.3947862515174867,1.7207325649556047,-1.3609143137105395,-1.0706370896348707
2023-01-09,1.3123408433554935,1.9186183557022125,-1.3107500822661704,-1.2474792672127402
2023-01-10,1.1794869201333569,1.8138477943276587,-1.3809089918512791,-1.2334732917207514
2023-01-11,1.123121551684307,1.898038298655506,-1.3145524053319446,-1.203552997553144
2023-01-12,1.1786750048849104,1.9838628004552634,-1.655810176873582,-1.233579498876531
2023-01-13,1.1638592285045508,1.9598497665770216,-1.696099207314389,-1.453598473594344
2023-01-16,1.0437111489311968,2.0015207893658107,-1.491981131851084,-1.4425558823748568
2023-01-17,1.2505246624380162,1.9843366144885008,-1.4554916660073476,-1.5531901414318865
2023-01-18,1.1941323065546658,2.0461348241657027,-1.379757898451475,-1.5182205108568034
2023-01-19,1.148758844816641,1.5984631381277585,-1.1088828226054617,-1.1984606497888457
2023-01-20,1.1335804760444346,1.5145863240956807,-1.3302005299093094,-1.383818905157853
2023-01-23,1.0036612222911356,1.533457433634571,-1.2991894991068482,-1.4252349278783099
2023-01-24,1.1419100702114642,1.585999824817056,-1.2401203083714758,-1.3814639891339437
2023-01-25,1.138439649684744,1.604980608104689,-1.266971111236361,-1.332178430177464
2023-01-26,1.037573472685262,1.5508333869704443,-1.3432600351753559,-1.258133415612213
2023-01-27,0.9041928880413523,1.487578960570539,-1.4125429711967952,-1.3234396751582966
2023-01-30,1.0128448431454167,1.4529860066115838,-1.1980585074905772,-1.3940300021379461
2023-01-31,1.342578777344457,1.4520075750550536,-1.2086698567806873,-1.2649367218698455
2023-02-01,1.3545928220159191,1.4743649252924056,-1.3619452007941006,-1.2528444646040062
2023-02-02,1.2833725952814656,1.5021960527064566,-1.4409974483150922,-1.2771463777483847
2023-02-03,1.293288783398622,1.259374188273521,-1.4764737557076175,-1.3327496888313881
2023-02-06,1.2643581798464019,1.030151656819175,-1.3028064816702467,-1.1591307692435378
2023-02-07,1.1577884201129087,0.9535430336625902,-1.336521634160857,-1.2484906853475854
2023-02-08,1.2644557390003544,0.9316961019855133,-1.2987442057248224,-1.07469869281868
2023-02-09,1.183519536195688,1.062093926634431,-1.2948091350665119,-1.3202019578637318
2023-02-10,1.116707179183257,0.8403661682296801,-1.100502671224676,-1.1934006022156345
2023-02-13,0.9900673568085204,1.0558828000647664,-1.12268302118486,-1.5865654098057367
2023-02-14,0.971148287043895,1.0250079321244878,-1.2756122166363169,-1.6606946935339983
2023-02-15,0.8982743658955064,0.8927774908005658,-1.4335610088108948,-1.492643941797765
2023-02-16,0.8291797315969012,1.0542009987701648,-1.2531258365691689,-1.600576800738312
2023-02-17,0.8013865330341731,0.9389726288676975,-1.1934730307528043,-1.4237588346067414
2023-02-20,0.6306676951532473,0.9795431165380681,-1.1078324768392176,-1.463975945066346
2023-02-21,0.5926985827461371,0.9855436585327803,-0.8209643449574593,-1.3147624591049718
2023-02-22,0.4819201012129464,0.9257228679960658,-0.7820544480121808,-0.7299642029670153
2023-02-23,0.5272581817727579,0.9353852943851079,-0.9310813856790198,-0.6481705444523007
2023-02-24,0.46461877610320323,0.6557727221712685,-0.7867016320330416,-0.638474814617355
2023-02-27,0.3376345739871896,0.8508609500081499,-0.963967551079307,-0.7340792050731536
2023-02-28,0.31684923612815646,0.7438995919017568,-1.0105096487820315,-0.6468441296030366
2023-03-01,0.04590197287240401,0.7528228843622139,-0.9377856665143334,-0.7816320865244891
2023-03-02,0.2932975000936882,0.7464007757270531,-1.0322451902216876,-0.8201441027310906
2023-03-03,0.19276713425767425,0.8550103141941292,-1.2080887424471667,-0.6652855029261809
2023-03-06,0.08086879288615541,0.9290370946700457,-1.2109504318111657,-0.8145727306904897
2023-03-07,0.12413635851446578,0.6986140970646482,-1.030236161440987,-0.8336438726587818
2023-03-08,0.12829927298880237,0.6333079570790543,-1.0158318626508973,-0.8634960258104246
2023-03-09,0.05080172408940647,0.7030510882142389,-0.7675031796247508,-0.8904968825542794
2023-03-10,0.026836147608259888,0.5459380945250921,-0.23473245666930206,-0.6036056008360904
2023-03-13,-0.057261211440976796,0.35396559773462,0.4790336284016669,-0.24987323621085292
2023-03-14,-0.14942165820422834,0.4619534621921283,-0.39015777797531687,-0.25756228108014445
2023-03-15,-0.1575206083985546,0.2494415529476711,1.140191822913587,0.12323177104680082
2023-03-16,-0.19712445758076697,0.336090073167501,-0.14508753914592903,-0.07694422200364583
2023-03-17,-0.22841042447559937,0.3000888791174246,0.629346886528043,-0.018546548447456415
2023-03-20,-0.3054971355312902,0.4043824408358709,0.560250140908434,-0.16012497661325104
2023-03-21,-0.03884141649649497,0.6012276779543146,-0.15839495236699158,-0.2657419064141773
2023-03-22,-0.07801662582592427,0.6877012634240436,-0.2096058630735515,-0.16999104635139645
2023-03-23,0.04680583537635389,0.7718071473814959,-0.19891475014652202,-0.22244746919857733
2023-03-24,0.19902170243992504,0.560715692558568,0.18208933626256685,0.03169538042498727
2023-03-27,0.31325163952151375,0.6766640633655406,-0.19738372311788083,-0.20268262033271237
2023-03-28,0.3746813517803854,0.7085444500107195,-0.414933190060929,-0.20589732254848322
2023-03-29,0.3431040697516669,0.8515869883761812,-0.620331724726039,-0.28958388164154136
2023-03-30,0.251064444316022,0.9895913066735088,-0.7314399397052033,-0.35034681904121356
2023-03-31,0.1109505000936944,1.0105487389759862,-0.7899478565657054,-0.3274084819164375
2023-04-03,0.02468191594193128,1.0172457264126868,-0.8322293839877274,-0.36025893290983985
2023-04-04,-0.06781363425693186,1.116497864567626,-0.8264431993001873,-0.36136301443460184
2023-04-05,0.09016659915765071,0.9090671344911667,-0.7255072503045352,-0.22516677040747943
2023-04-06,0.23840263007502463,0.8413671175621175,-0.8137087055926148,-0.1737372403789479
2023-04-07,-0.5943994523097644,0.8100054509561002,-0.8131687206742235,-0.20564429592049194
2023-04-10,0.16679256064923798,0.6223048817234307,-0.76665203124244,-0.20831515309714022
2023-04-11,0.1990047526073223,0.783501545558672,-0.8214191188617691,-0.38330822641141626
2023-04-12,0.3041212397476702,0.9058628048575714,-0.8327625406261703,-0.4297204317084237
2023-04-13,0.2652534821160844,1.01482833555479,-0.9788075402733986,-0.5139503618402398
2023-04-14,0.23026317363276094,1.0273538682537195,-1.2149026221874377,-0.627104156928621
2023-04-17,0.14448847706513737,0.8438777531613278,-1.0451452886432022,-0.640832052515485
2023-04-18,0.0705817572131948,0.970036375656333,-1.1245443737480898,-0.7491788833893576
2023-04-19,-0.33741821393444593,0.946366541716652,-1.1570124650486022,-0.7471748380941634
2023-04-20,-0.29995016044760603,0.9127848574211446,-0.9604325016099573,-0.7205735258665205
2023-04-21,-0.49970145016859185,0.8999393547284822,-0.9952115897192977,-0.6758697422786006
2023-04-24,-0.5313403496962598,0.9491592285950118,-0.9414533561643422,-0.6328605960041396
2023-04-25,-0.5229962595722492,0.8650579966910512,-0.6989148876922666,-0.46759034696409757
2023-04-26,-0.45866322433400103,0.9011333356260262,-0.6049460628535954,-0.469011418744549
2023-04-27,-0.535761811020672,0.8757060246194283,-0.8458070410969406,-0.5290335964901228
2023-04-28,-0.7444183558815093,0.962287850350349,-0.9058554390947925,-0.5747852634341414
2023-04-30,-0.5553160356968792,,-1.41832665005666,-3.0
2023-05-01,-0.8677199773870614,0.9368258279623198,-0.8576059177437272,-0.6424912660405827
2023-05-02,-0.8347559032442781,0.6622360515303073,-0.4108083378603843,-0.3748386943878331
2023-05-03,-0.6922668137322208,0.8415177526511817,-0.4420747775164499,-0.43121450810315304
2023-05-04,-1.3770340355510704,0.7472648273181615,-0.1538000057325456,-0.356266219056345
2023-05-05,-1.7411869543740428,0.8768309275386611,-0.6952874085006274,-0.49889441398078527
2023-05-08,-1.823984592783023,0.9457145676627635,-0.7063178630426874,-0.6107466561944725
2023-05-09,-1.7508588700055059,0.7921626592133978,-0.6898503909069519,-0.5853424988936988
2023-05-10,-1.754991830942065,0.74417024977553,-0.7337929513197377,-0.3328917281350194
2023-05-11,-1.8795578483564765,0.6627972000309706,-0.6744390965748737,-0.3402079107939578
2023-05-12,-1.821476281059419,0.6252726331136392,-0.7939888997803636,-0.49694285435004315
2023-05-15,-1.8158634150550412,0.7062431617985044,-0.763594941327012,-0.5881574771196219
2023-05-16,-1.8466101594739721,0.5584039706571583,-0.7516440328809407,-0.635707919193607
2023-05-17,-1.7904276843646476,0.41680910857277265,-0.8105052747204098,-0.5046487781646133
2023-05-18,-1.8075725862142855,0.47045573631333093,-1.0122139430187793,-0.6327258057380618
2023-05-19,-1.739225524134998,0.694682326226489,-0.9174669659368997,-0.7681682100462531
2023-05-22,-1.6998462923956343,0.7599641569047105,-0.8429340929986479,-0.8765299609954808
2023-05-23,-1.7876481107850049,0.6101104560374705,-0.5807283798592725,-0.7181342310353371
2023-05-24,-1.8251468563821998,0.37355784398826647,-0.14658490303645694,-0.5631528266677186
2023-05-25,-1.9902063307284799,0.2440264496839018,-0.3025949318341383,-0.6023544657353994
2023-05-26,-1.941230491243232,0.38008021568828565,-0.6371761680430308,-0.5658931693795533
2023-05-29,-1.4954999691117419,0.5054078284072434,-0.5994492171010853,-0.6510410471563747
2023-05-30,-2.1240726154011367,0.5592076770667669,-0.5862121642460045,-0.4383938278495991
2023-05-31,-2.1325052941422435,0.417051719106135,-0.29603424079631485,-0.24348865491692573
2023-06-01,-2.5558454778894224,0.7260437854095726,-0.7667964314082536,-0.29696977589657275
2023-06-02,-2.0906446864837753,0.9493059706357474,-1.0337621300003819,-0.5573066656160519
2023-06-05,-2.1998270137753724,1.0087291047891462,-1.0712882167444056,-0.5586990872941309
2023-06-06,-2.2582961498483067,1.085415218898699,-1.238976050437568,-0.6208713076092275
2023-06-07,-2.183342675050772,0.9773498812470464,-1.305016249193399,-0.6970600067442956
2023-06-08,-2.1565568423518275,1.0594702256293786,-1.335464250470304,-0.6573333260161571
2023-06-09,-2.048148358703388,1.0864714123043973,-1.3972479128667818,-0.7529757883073358
2023-06-12,-1.9873888922839538,1.2562498883842965,-1.286491859982982,-0.7528330576025899
2023-06-13,-1.8831397172959548,1.281617490515551,-1.305375830571312,-0.9765163808116348
2023-06-14,-1.8189555798149206,1.3438535805139236,-1.434137048032724,-1.0485765636995805
2023-06-15,-1.7949976485401593,1.3164891136469266,-1.4638452659960215,-0.8823289493074367
2023-06-16,-1.65673388046165,1.3437319825349865,-1.5687614281605131,-1.0223627519330838
2023-06-19,-1.6227093289421533,1.1642940063941216,-1.395597483115238,-0.8618147615670956
2023-06-20,-1.6372885000813728,1.039472766526027,-1.297026401595573,-0.7559063863863652
2023-06-21,-1.6359313265387712,1.0321094276304914,-1.383604380357815,-0.7351825069713437
2023-06-22,-1.5672901425510946,0.9617836844092155,-1.3120836319599427,-0.7256832610695951
2023-06-23,-2.0411171991674504,0.6606176367632002,-1.1341136686818796,-0.5108217940198784
2023-06-26,-2.1688482559146167,0.5599653957669294,-1.081363888312167,-0.5454804461231348
2023-06-27,-2.1487726542567054,0.5338311637871751,-1.2299860199228252,-0.6090323007949527
2023-06-28,-2.113919786354938,0.6533697768195169,-1.2727044976602344,-0.6461190732145922
2023-06-29,-2.0266185623352513,0.6054346573350817,-1.28269235061716,-0.8331709861058909
2023-06-30,-1.7899141604724278,0.7748908278254402,-1.3725914322634694,-0.8020603319899123
2023-07-03,-1.7437533353287034,0.9626818504724116,-1.3304431937874421,-0.8987640676210383
2023-07-04,-1.7077306344712704,0.8520982391379912,-1.2349040951280734,-0.8844987243976572
2023-07-05,-1.650817434400249,0.5984726132611177,-1.0991381388117103,-0.8845089746519048
2023-07-06,-1.5489407376523872,0.21808080137681032,-0.592760414239498,-0.700969944297448
2023-07-07,-1.4514962105835871,0.2603899698938269,-0.7585891961051188,-0.7886014021374992
2023-07-10,-1.4726139999764523,0.24209423693188722,-0.7990561080374406,-0.734316762927718
2023-07-11,-1.449559042261351,0.3224085925991455,-0.9237168615409171,-0.7761427276393279
2023-07-12,-1.3518918965113031,0.6733011160539409,-1.1611231112955216,-0.798618936974869
2023-07-13,-1.3440082057102039,0.9090296553353088,-1.1610446604239557,-0.8065460940019218
2023-07-14,-1.2810583480059936,0.8761312344961666,-1.2127723451982504,-0.9051313074986059
2023-07-17,-1.174848236337609,0.6880725519396375,-1.039361160019499,-0.7297307578077413
2023-07-18,-1.1928061762471476,0.6910897025387995,-1.0202224673324616,-0.8327759283870796
2023-07-19,-1.058120782911003,0.6219772982358661,-1.014919594651816,-0.7342294598845786
2023-07-20,-1.0428314054902463,0.5889813188471602,-0.9221438565684806,-0.7253050666548522
2023-07-21,-0.9767481757260866,0.5664719186319319,-1.0328214051011304,-0.6635976605468793
2023-07-24,-1.186020983324576,0.5267278046514742,-0.9091384015130841,-0.6960468118255843
2023-07-25,-1.1136576981932989,0.6110805051446161,-0.9419110198637051,-0.8131792497239893
2023-07-26,-0.9922455183962141,0.5138869504316096,-0.952234290710472,-0.788952415954523
2023-07-27,-0.8564316390090315,0.6495577236770217,-1.0001147274357387,-1.1104196123351933
2023-07-28,-0.7696139065473749,0.6251378769391355,-1.062800929342545,-1.0146751631257473
2023-07-31,-0.6288948209317937,0.6086471391271232,-0.9667471768806336,-1.014041005931367
2023-08-01,-0.5568801391664806,0.33897266418752814,-0.8073170152763051,-0.9655476730020929
2023-08-02,-0.5461071129135027,-0.05120281895162365,-0.3586372909434268,-0.7875145488844952
2023-08-03,-0.570240275967998,-0.1516394929213028,-0.39978649494637386,-0.9121662479051644
2023-08-04,-0.42392487307664994,0.06804281578284421,-0.40520670231701583,-0.7608790664053927
2023-08-07,-0.4757297595428053,0.06947084813468092,-0.4671070338075062,-0.74287179356265
2023-08-08,-0.37625560790989576,0.043054045187266576,-0.3077757411487354,-0.6767092745225526
2023-08-09,-0.4079048475288187,0.19606357487864778,-0.3784817090669374,-0.8654663856408945
2023-08-10,-0.4116617775578531,0.4277382637717929,-0.47539115205558025,-1.1376439101264735
2023-08-11,-0.4292765244858217,0.2519850883230325,-0.5150542079471068,-1.022269542506239
2023-08-14,-0.41773822439792774,0.12245258919019958,-0.5858149638037542,-0.926307689276759
2023-08-15,-0.46144792546331204,0.09687499015948522,-0.3811671529501432,-1.0538038520011959
2023-08-16,-0.34947826539699445,0.03357233022078281,-0.38202600324125224,-0.9940223320191102
2023-08-17,-0.3452782190453688,-0.09241604232175742,-0.11199159353430492,-0.9226263881210037
2023-08-18,-0.31126387059912247,-0.11136237925528569,-0.11595976803066346,-0.8334805906561383
2023-08-21,-0.25762642659949514,0.08721697381596667,-0.25221292162917724,-0.9082128108691416
2023-08-22,-0.22024966440467017,0.18213252363052887,-0.3417017114215446,-1.0014496869816343
2023-08-23,-0.3329037046619685,0.36154946960862777,-0.40704262872538677,-0.8499304895987443
2023-08-24,-0.31543257175295697,0.30797548509796996,-0.29115106921801337,-0.9237250001772965
2023-08-25,-0.3466913877130232,0.20831793396552983,-0.492751750790316,-0.8290938109007052
2023-08-28,-0.319078667118338,0.5102522632699017,-0.680228586000053,-1.007584234259235
2023-08-29,-0.2666841930536201,0.5064403803640801,-0.8009609019058492,-1.0224628693019897
2023-08-30,-0.2713795467787068,0.44668385863706606,-0.8676748067050549,-1.1810150333366045
2023-08-31,-0.28331500824749195,0.43079157387015826,-0.8854400502057332,-1.0838200755804885
2023-09-01,-0.38444177129069634,0.4120730569042392,-0.9409194361614565,-1.0143499437913202
2023-09-04,-0.3496161273970704,0.49387194087110003,-0.8231574813805423,-1.0309699322202566
2023-09-05,-0.38840980635662,0.3139458125217266,-0.8208039333450212,-0.9795980170209273
2023-09-06,-0.5429615169312852,0.25038398109765175,-0.7838476474422537,-1.0209325176196806
2023-09-07,-0.5676402174987176,0.23897912614768435,-0.7531449017968318,-1.0195178505194804
2023-09-08,-0.581764306163179,0.20534053796209908,-0.8756557552377296,-0.93489789116899
2023-09-11,-0.49405456850332735,0.3812362675021723,-0.8579544370399478,-1.0111599564233122
2023-09-12,-0.4556220077034765,0.4369352988770819,-0.8286142088182626,-1.0199626758887808
2023-09-13,-0.37318052750226516,0.45477952539229854,-0.8778487987952038,-0.9454934551559268
2023-09-14,-0.336991091951973,0.7295437814208875,-1.201460286480744,-1.096455120980191
2023-09-15,-0.2718611439068571,0.8287056805050684,-1.1040063398409334,-1.2067870297593528
2023-09-18,-0.17479403089099785,0.6054318151113264,-0.8790728363711432,-1.1235013793216675
2023-09-19,-0.09908760902644968,0.6150388193049736,-0.8088395890567028,-1.1500301986880148
2023-09-20,0.03068436164980885,0.779358277704343,-0.7726368941654999,-1.23776040437029
2023-09-21,-0.08951248905646311,0.1636610315088186,-0.3175905518315491,-1.169807835958592
2023-09-22,-0.1064449481465931,0.1328438243139535,-0.34333179233581795,-1.0639038276518908
2023-09-25,-0.07617830741041168,-0.07891645979294044,-0.09531961496074431,-0.969096590311804
2023-09-26,-0.007102998269340322,-0.07498721293180094,0.11881830887628972,-1.0083089503929838
2023-09-27,-0.07483872496168563,-0.1289072551415829,0.08221901149086569,-0.9479352662578008
2023-09-28,0.02236703941866486,0.0374267491026969,-0.11610912623654877,-0.931865162475058
2023-09-29,-0.1715681843666853,0.15252817791083828,-0.21152062759856216,-1.032292529602434
2023-09-30,-0.41293084688976983,,-0.31679080366788503,-3.0
2023-10-02,0.035158415915595945,-0.08944051643946037,-0.03055659699185845,-0.7164643646425991
2023-10-03,0.07399045812929697,-0.22970239796058997,0.3192992196263508,-0.6948860270783387
2023-10-04,0.12767868183738215,-0.4385684071616309,0.22492956065385453,-0.5796456519962757
2023-10-05,0.07777487885551904,-0.25309646891769655,0.12064623129423353,-0.6642203010970739
2023-10-06,0.17874422364878662,-0.14465731638240892,-0.08533759816133639,-0.6410953827985307
2023-10-09,0.17800332408508626,-0.30054687205844965,0.19284641939766362,-0.62449635392667
2023-10-10,0.1703298957237219,0.13523511819537234,-0.05826869941737243,-0.7460081760233374
2023-10-11,0.2139312622679565,0.06352046190473466,-0.30336628393754766,-0.788198480522246
2023-10-12,0.14540812989965077,-0.04708511760374021,-0.3078081323952984,-0.7891654366232254
2023-10-13,0.10434400766137472,-0.4534234797494411,0.3384587147516919,-0.6862370364629514
2023-10-16,0.07883331881546547,-0.4135542228290095,0.08826870319393337,-0.6252627970484593
2023-10-17,0.16803701507985389,-0.28674256145710236,0.09721422287320311,-0.6480896817629539
2023-10-18,0.1654004904695219,-0.479517618600054,0.4417669465398949,-0.6363943153629602
2023-10-19,0.20916314519816223,-0.7309120509538996,0.7261382310645899,-0.5572153828347686
2023-10-20,0.2979196966785628,-0.9288297511589878,0.8628510626481027,-0.5760135033776751
2023-10-23,0.3611595860758532,-0.8306966012704664,0.5302148907857953,-0.5434895822736547
2023-10-24,0.2799446123326998,-0.9538930889884094,0.2519156633756909,-0.5521149164932898
2023-10-25,0.34846454094642826,-1.0175733111104766,0.28809959258579787,-0.6498694759923503
2023-10-26,0.36522634765605105,-1.290535068115406,0.4712407811545447,-0.581909992473873
2023-10-27,0.3458957084731001,-1.1371372991166082,0.4592999595745364,-0.5789453058695603
2023-10-30,0.39856923734938576,-1.1006510185815848,0.35718430979370835,-0.6108168714760663
2023-10-31,-0.7199885523135281,-1.2445505555034255,0.04904822498104986,-0.5987825601102909
2023-11-01,-0.6602666153101445,-0.9839493891027308,-0.20624736589498466,-0.6141990259998589
2023-11-02,-0.5810581811605092,-0.6346659786960275,-0.4419603936875179,-0.674012566798611
2023-11-03,-0.48836355082483024,-0.3559848806909613,-0.6335963713019166,-0.6997808323219527
2023-11-06,-0.47753880547259026,-0.25111509209953436,-0.7047178457656272,-0.7353707281881616
2023-11-07,-0.30736047558141594,-0.6236987341852641,-0.711784230770107,-0.5379985049481104
2023-11-08,-0.2382300842099873,-0.46999486346418345,-0.8770994373306809,-0.4647408434809645
2023-11-09,-0.20719366306003212,-0.30961464449334786,-0.8229624996953031,-0.737074468328192
2023-11-10,-0.19054900280287784,-0.6534323756396432,-0.8935240644653857,-0.5216046213635223
2023-11-13,-0.1807408293038254,-0.5507848492346806,-0.8235865522578252,-0.6605104483600208
2023-11-14,-0.0923535971045328,-0.11387373234264257,-0.9968402517182745,-0.7177642159839975
2023-11-15,-0.06112332568087383,0.11603422750168348,-1.0139260715383587,-0.9021055025906646
2023-11-16,0.038238427144417435,0.029209032534465003,-0.9545115336981381,-0.7892444276423416
2023-11-17,0.03182986444676835,0.15184805230428,-1.109142396743336,-0.8885209900878321
2023-11-20,0.19997532120058512,0.04348838393101898,-1.1867917300282866,-0.8798256707717719
2023-11-21,0.22520363056505785,0.08861996055097311,-1.0309306295160663,-0.8983386084397749
2023-11-22,0.2985376327698786,0.028425401508776448,-1.1843685519928422,-0.8102050912333375
2023-11-23,0.3390359700619826,0.06602992876031628,-1.1704534783349052,-0.8862932880851484
2023-11-24,0.34727906697418753,0.11691984579932645,-1.2895355213393864,-0.9115429262238306
2023-11-27,0.40764242945356055,-0.06656192472756779,-1.114304077399135,-0.8688542028139215
2023-11-28,0.4958419233635446,-0.04149529636804961,-1.0594010700429362,-0.8175187332151275
2023-11-29,0.5836235340172422,0.04639176346492434,-0.9772958202267312,-0.8085710001815628
2023-11-30,2.102283813182699,-0.05563317352501028,-1.0414551540533854,-0.8470664440248156
2023-12-01,1.9762925855413105,0.0665521675468164,-1.130795075608818,-0.685027093179608
2023-12-04,1.9772980275138072,0.12339492355897132,-0.9988255690547339,-0.7648975705778579
2023-12-05,1.9934163196240797,0.13720436467843747,-1.006628755557849,-0.6721075526733642
2023-12-06,1.750828584326046,0.3673224727158582,-0.9910229710534649,-0.7625384407101825
2023-12-07,1.6874501600886669,0.29034440009712664,-0.9950374021137905,-0.6997982167619157
2023-12-08,1.6131803908705074,0.27087521007715093,-1.11484747786103,-0.8051788619199481
2023-12-11,1.6324752023581999,0.3138140898308147,-1.0851186562029407,-0.7734505583521513
2023-12-12,1.6018070091691128,0.3288419430593491,-1.216609051339708,-0.797186326780695
2023-12-13,1.4917220690567856,0.3858918121755765,-1.1795205421599304,-0.6149333007011079
2023-12-14,1.499518612609384,0.8443748158857999,-1.2035643464744488,-0.6404016379781232
2023-12-15,1.2442363381132087,0.7696627923816844,-1.2752439306352967,-0.625392943341375
2023-12-18,1.2004433355858886,0.4574513816946153,-1.1352758664142877,-0.5329777159637646
2023-12-19,1.1500705708908332,0.8047800894148078,-1.1117690320750293,-0.6610568469869705
2023-12-20,1.091255433123746,0.8419712148888561,-0.9902599549270202,-0.6393389308686306
2023-12-21,1.092240787870188,0.881306467656715,-0.8512659150792644,-0.6187386229588114
2023-12-22,1.0569452271768112,0.9287797247546414,-0.8819262665185152,-0.6997234236004836
2023-12-25,0.8487706722290885,1.047151516071891,-0.8711213201460263,-0.7002910334036868
2023-12-26,1.0499187756843424,0.8983702830713415,-0.8640888122693522,-0.6588820250187953
2023-12-27,1.0313465564832853,0.9856390562191435,-0.8861369473207399,-0.74764505294871
2023-12-28,0.9950569157451602,1.1808397572175524,-0.9471333753326284,-0.8099732815257878
2023-12-29,0.9910914962080827,1.1241603063458445,-0.9470049280354486,-0.7822229206370874
2023-12-31,1.3888794398030626,,-1.0875599303430241,-3.0
2024-01-01,1.1456136830494255,1.085287330106061,-0.9217652076298712,-0.6682424520070758
2024-01-02,1.298143719925051,0.5302743967173998,-0.7998133038244419,-0.5249127567755385
2024-01-03,1.2972563059358098,0.10798755461380825,-0.5348592154237896,-0.3213862389835339
2024-01-04,1.3724771063552677,0.3047039438557767,-0.6904443152438847,-0.4625315450064939
2024-01-05,1.3348784204107242,0.17049244991664228,-0.7623820548996982,-0.5526196880814805
2024-01-08,1.452400328368401,0.29648453796783514,-0.8262077807279318,-0.4735898157523992
2024-01-09,1.5529413504476015,0.18084763469761028,-0.8881176570796067,-0.43386963614702584
2024-01-10,1.526739214078122,0.3417048749935044,-0.9377050646608882,-0.46814105946310086
2024-01-11,1.5156639594796568,0.2392078040089012,-0.9486925961369738,-0.3643680670425856
2024-01-12,1.4541859497008738,0.5639108953501455,-1.0362485322335688,-0.4379872805595239
2024-01-15,1.4257207604277466,0.5120029623005282,-0.9357498817461588,-0.3777032635369746
2024-01-16,1.389727085162984,0.22787529606634832,-0.9338291186177848,-0.29963198681201103
2024-01-17,1.3453007132366805,-0.0008034628371182814,-0.748462331417534,-0.12761438238414657
2024-01-18,1.343606466560209,0.1637007594648995,-0.7118490455540298,-0.18249688123803545
2024-01-19,1.3019163705119507,0.2393637686097311,-0.8718841407057075,-0.1475931032291055
2024-01-22,1.329293752326395,0.44181908421647575,-0.898945369909913,-0.2593046064592766
2024-01-23,1.294278470922775,0.4241147120203695,-0.962384005614673,-0.2555248401591163
2024-01-24,1.3214674902445127,0.8907749064968018,-0.9845072532123319,-0.4883096765499668
2024-01-25,1.2184209188594555,0.7765430918710017,-0.8890087047322656,-0.37325213435768956
2024-01-26,1.1975648544488622,0.9044915775868647,-0.9768831305296751,-0.45868860461087385
2024-01-29,1.1646525497835833,0.7984970781470924,-0.8144897359977825,-0.40114582007267907
2024-01-30,1.1912237506284622,0.7877450135023043,-0.849120498255847,-0.46821758213264714
2024-01-31,2.4415798184353545,0.8129827672015395,-0.5570475688785135,-0.4784887090187
2024-02-01,2.32306271896783,0.4672271613291731,-0.6283363487744088,-0.3589973208243689
2024-02-02,2.2301079403149595,0.4885974092883183,-0.7630356725833682,-0.3613300742666363
2024-02-05,2.11569639581643,0.30337197298623314,-0.7369112386430683,-0.3361367356640356
2024-02-06,2.1202339786566826,0.4264114123366937,-0.8485160182485738,-0.23838563324681014
2024-02-07,1.8600037534389775,0.529158054990474,-0.9305412928027303,-0.298995893851436
2024-02-08,1.79514722876901,0.45607408053572557,-0.9096428458479207,-0.3200133796610312
2024-02-09,1.7213172496041704,0.38492560215480004,-0.9314423565140856,-0.30836640340221283
2024-02-12,1.656718410271489,0.40750734787777615,-0.7333544415741877,-0.34325505185973026
2024-02-13,1.6542513623193311,0.26943669607539433,-0.5184783868752749,-0.33792177645799154
2024-02-14,1.6987295217370295,0.11700882150125064,-0.6758457871110515,-0.2965974633988824
2024-02-15,1.6390537567698447,0.4303920978176212,-0.7459390526929794,-0.4033877366663121
2024-02-16,1.5969412863928445,0.6651717863968272,-0.761424737747353,-0.5921753295674603
2024-02-19,1.5251779549979747,0.7668584069172847,-0.6270624767075611,-0.6286361437101737
2024-02-20,1.4606877702216112,0.7563788968803222,-0.4922584325208744,-0.7337093615010767
2024-02-21,1.421536184907172,0.4594879377685632,-0.506981621539143,-0.7479397768527557
2024-02-22,1.4417550408632587,0.8356706937903521,-0.7229149784420269,-1.6000601197077247
2024-02-23,1.4159283027343346,0.9125430767273951,-0.8278015778560308,-1.6470102989712674
2024-02-26,1.3955071662527208,0.8799364785201522,-0.829621271534197,-1.5965161701144996
2024-02-27,1.3844485049270145,0.9612361912018041,-0.8572733118599951,-1.6128137145043007
2024-02-28,1.2420023601445966,0.7839718903351723,-0.7555066775481716,-1.4861107382617584
2024-02-29,1.827869609373893,0.8731228597545165,-0.8315265331841597,-1.4611113516749237
2024-03-01,1.8350504551205404,1.2845276896550646,-0.8592997900995958,-1.4685400504486987
2024-03-04,1.7655801056562224,1.1469010621186073,-0.8107901945578436,-1.4583331362850334
2024-03-05,1.6974389637242353,1.138048042321495,-0.576755602768276,-1.402560066735515
2024-03-06,1.6111263024123306,1.2563780303588257,-0.6023848725329588,-1.4460948687189334
2024-03-07,1.513686285064097,1.3727732503009464,-0.6777071552658173,-1.509931369346216
2024-03-08,1.3846748432135039,1.377308500220191,-0.6970468896941853,-1.5885755597199431
2024-03-11,1.344781699983151,0.8171597283811848,-0.5367920451760946,-1.3956456373420878
2024-03-12,1.2738165025952168,0.8487003962999627,-0.8235421567848744,-1.4586400040699727
2024-03-13,1.1439680687485372,0.8619409461469637,-0.8836666472695447,-1.4916071135732833
2024-03-14,1.0931873168541757,0.6682906878482361,-0.7456007932406825,-1.4907190629056966
2024-03-15,2.4042587324306393,0.40127693601684467,-0.7759239673280718,-1.4555272826234018
2024-03-18,2.311897524005976,0.4028965037992163,-0.7304386920352118,-1.4485734394513008
2024-03-19,2.2606828710576394,0.3657689705785673,-0.7979208134473038,-1.4143477368150188
2024-03-20,2.1844891573727545,0.22851176545006482,-0.8895894131641716,-1.3466826648829402
2024-03-21,2.036932247473819,0.5694701549904215,-0.9306730535099399,-1.5132496277121315
2024-03-22,2.016092598921026,0.5615132428421208,-0.85661356606854,-1.4275040057165251
2024-03-25,1.9482737846705422,0.42702960457023037,-0.8823816605162981,-1.4446954794270248
2024-03-26,1.8918568503672388,0.4272476301403606,-0.8510103487614051,-1.465794611435359
2024-03-27,1.8313225094018393,0.5946533747558514,-0.8012042344412218,-1.4469981485507564
2024-03-28,1.7922785679636857,0.4010743700036406,-0.7159365948317883,-1.3951909164666187
2024-03-29,1.7497329759398994,0.4684992659654239,-0.7052570476907076,-1.3894878130763957
2024-03-31,1.387173254341497,,-0.4620825635800376,-3.0
2024-04-01,1.8430694627406037,0.10240006401142361,-0.6280752568166065,-1.1675735690358986
2024-04-02,1.8097922372140294,-0.07593021087964684,-0.3127288584749873,-1.1803880336695383
2024-04-03,1.7258081992315923,0.09631208224067722,-0.4926685210721501,-1.1952545555063618
2024-04-04,1.7179950265170705,0.33955296241976546,-0.2944779417467966,-1.346346070499543
2024-04-05,1.6519013943239904,-0.05349771072180406,-0.009277833046983961,-1.1130579345825213
2024-04-08,1.6108632907744218,0.20485735811686268,-0.1618217129465366,-1.2114827601187654
2024-04-09,1.571012993240008,0.19976580425332421,-0.033503740743347735,-1.1605407880767762
2024-04-10,1.5327303703533612,-0.2324653237077209,-0.04745819456514511,-1.1230852874660513
2024-04-11,1.4958450042968199,-0.33458947235027536,-0.09095489993742863,-0.9976768824066203
2024-04-12,1.4623871199659362,-0.3078716055945663,0.5096441040544591,-1.0927344873706182
2024-04-15,0.3497814100250292,-0.26765105182217247,0.7270483523524305,-1.1252512095752938
2024-04-16,0.35759651965477035,-0.733282294514159,0.9450198887657841,-0.9423600077226018
2024-04-17,0.33311948978864797,-0.7947267251792287,0.7189647751066477,-0.9177440108661693
2024-04-18,0.33317239101063095,-0.6248562054763567,0.5653453062670951,-0.9913853705582668
2024-04-19,0.3251013310227835,-0.7173612724525493,0.7407985354272457,-0.9408307994128081
2024-04-22,0.290275353801797,-0.5005748633486384,0.40520593212023465,-1.0038377792504503
2024-04-23,0.3283851687227268,-0.10885080197136943,0.03789169886656388,-1.1035906693274449
2024-04-24,0.31552610020339467,-0.13083748024394962,0.043766283578041354,-1.112470767967927
2024-04-25,0.32349066405468335,-0.3438444703726555,0.05814243716617134,-1.0141448527725674
2024-04-26,0.30286303869706016,-0.19947944956850572,-0.14017519789309935,-1.038774578446348
2024-04-29,0.23079693045924912,-0.08396662487715315,-0.2742265331612723,-1.0361359984255838
2024-04-30,0.5884037712935957,-0.08080384622498113,-0.10170066349444892,-1.1357050873276113
2024-05-01,0.5694951541045377,-0.24358830700863895,-0.11190297461678954,-1.0459269442930075
2024-05-02,0.5735010600902071,0.05332449578592135,-0.13004418226319497,-1.030772457188728
2024-05-03,0.5315967904732962,0.42672440859742505,-0.4688663303583486,-1.105167474131581
2024-05-06,0.5167674961815898,0.4698047568224696,-0.5210901168129661,-1.0374999580349662
2024-05-07,0.4955140535344033,0.6859891400617764,-0.6269112321308097,-1.1256128358380524
2024-05-08,0.48064281573970385,0.40264732922499047,-0.6546846079975648,-1.017217606183131
2024-05-09,0.4608200916119407,0.5360730858999168,-0.7254027638459762,-1.013757607179843
2024-05-10,0.4378892641735702,0.8872931950874154,-0.7083743512611271,-1.065009655376201
2024-05-13,0.4187863728099026,1.0112172181536865,-0.46728233575730826,-1.096249360936936
2024-05-14,0.41099468600731615,0.9008668075551958,-0.4964852866190744,-1.0321003262008288
2024-05-15,0.41892790529162915,0.9614033031775945,-0.6992856867787822,-1.0277411050566865
2024-05-16,0.428742291813088,1.0231491805392736,-0.7066378538150309,-1.1002866787163572
2024-05-17,0.4164603404732167,1.132521948081986,-0.8514293520913722,-1.0615837731462698
2024-05-20,0.3928598147926022,1.0803243611820894,-0.7823748623806822,-1.0302304267720421
2024-05-21,0.3801253516201101,0.7291021096517049,-0.7681447352129046,-0.9905400700377964
2024-05-22,0.367464478944316,0.3169761679324329,-0.7081238697215817,-0.9013579535319746
2024-05-23,0.424118793185026,0.30922313852132627,-0.7464799450883235,-0.9772823242773498
2024-05-24,0.3910219852048988,0.1742461090875285,-0.7796926860657836,-0.8657879539264672
2024-05-27,0.3964965109897505,0.44590865653948963,-0.7007103654800358,-0.959301854734509
2024-05-28,0.35063976584845497,0.25580618137341427,-0.5700145745304934,-0.8963265806065291
2024-05-29,0.3358585642631122,-0.4768697846897445,-0.2467178050975933,-0.7294238780389457
2024-05-30,0.31726959398382826,-0.394275213700798,-0.2556171222017759,-0.8027507482725372
2024-05-31,0.5789106230657165,-0.2068583066689516,-0.4388131946405174,-0.8267053826543658
2024-06-03,0.5152042988847862,0.0018141070195704118,-0.4204672400935523,-0.8027793723359332
2024-06-04,0.47770543992878717,-0.22520086535760783,-0.2563700695594913,-0.6652987853047486
2024-06-05,0.4466027354650708,-0.20111137659521336,-0.46233120770711267,-0.5965791271381519
2024-06-06,0.43577098192780284,0.2270052201157953,-0.5637429396058362,-0.7234814468248834
2024-06-07,0.4268517300640683,-0.12490158435556233,-0.6419586183743465,-0.7068806875288982
2024-06-10,0.4428716752991185,-0.2589868440215568,-0.3668499247961698,-0.6694687192699836
2024-06-11,0.40196327834835466,-0.3926212173694292,-0.12327745568522158,-0.5217914495602972
2024-06-12,0.4053532859327352,0.22226609306848136,-0.40730215771554457,-0.6745093883127661
2024-06-13,0.3432971676700426,-0.35960975772703163,0.00876402384948107,-0.37200454196957894
2024-06-14,0.32833993228606595,-0.7332745193197533,0.7152389934043806,-0.17440231339782292
2024-06-17,0.28877077558421904,-0.800699299457914,0.733387727833052,-0.1736772059236711
2024-06-18,0.24686234402065235,-0.7018201058969135,0.4715401014228434,-0.25627316809068634
2024-06-19,0.2237674435492288,-0.6694157724747833,0.5040341278010559,-0.27133833565960125
2024-06-20,0.20689759986210315,-0.5731676235625602,0.5245710177489344,-0.3010426532888432
2024-06-21,-0.027769514138190184,-0.7935985206252846,0.5123158732290415,-0.18209384956646213
2024-06-24,-0.07075067930818785,-0.29910488001609375,0.4502331820847061,-0.36069401333483686
2024-06-25,-0.0880639313650133,-0.2404460066685455,0.517808013600647,-0.3609293485737989
2024-06-26,-0.10284062231421134,-0.4514639493984085,0.679629190248246,-0.33747368637690317
2024-06-27,-0.11630076524132839,-0.5757629136215743,0.6243001963400119,-0.26874703940301436
2024-06-28,-0.1150655503738524,-0.7247256025360223,0.5740587873747947,-0.31366825296879036
2024-06-30,-0.23609711346535006,,0.5367131274089306,-3.0
2024-07-01,-0.4295627521867085,-0.7697681337373701,0.0406464380445665,-0.3550637031551982
2024-07-02,-0.36733245301253575,-0.7615075744390294,-0.0056241792613351575,-0.3327310532557908
2024-07-03,-0.3403543981747397,-0.11016300695773328,-0.24859112717982132,-0.40733008703151913
2024-07-04,-0.36476707316209417,0.012117663614416675,-0.2677683801234839,-0.5185879794969662
2024-07-05,-0.42552182204582467,-0.03485346839802799,-0.24149934788823094,-0.3911732240785941
2024-07-08,-0.45082367803547807,-0.010522579807301357,-0.4799912871574272,-0.36798228267997246
2024-07-09,-0.46842285030746306,-0.19423377477400744,-0.2373092220096956,-0.31160144166024417
2024-07-10,-0.42405777635451086,0.11610934237225508,-0.35835321480320614,-0.38876180623052076
2024-07-11,-0.4207092810353401,0.6547403931641984,-0.3260950073516735,-0.5535222652455646
2024-07-12,-0.4002938226539936,0.991007360351472,-0.5025542692421694,-0.5950152182895495
2024-07-15,-0.4074562876064874,0.5958012302668537,-0.35601365369361965,-0.4939951713554437
2024-07-16,-0.39557219081847883,0.25559139649039825,-0.24679547738035423,-0.3497830178450638
2024-07-17,-0.37837275894563194,0.4733275528610719,0.07564718213496854,-0.43043553502972687
2024-07-18,-0.38540113982101903,0.1464132838624355,0.4597698158315731,-0.29870644165817894
2024-07-19,-0.39451036546377466,-0.1770878293564861,0.7355336925650167,-0.17116494069779817
2024-07-22,-0.4307453045777774,-0.05021987493321478,0.3793737485830773,-0.18949310635931235
2024-07-23,-0.435577425581376,-0.02915844143171538,0.12901657848714332,-0.20495394251768398
2024-07-24,-0.5827900858422055,-0.21740660470789616,0.8825553226523019,-0.27844124209865073
2024-07-25,-0.6396497590121853,-0.774978758412525,1.1936946054912148,-0.054111086119132436
2024-07-26,-0.6320093820589601,-0.5575358792939161,0.604051692780475,-0.05052042140815659
2024-07-29,-0.6393571323493489,-0.5715786508450383,0.8113363455072289,-0.064135312708906
2024-07-30,-0.6114301074466153,-0.4959690711483337,0.9124994257607977,-0.058896427369062365
2024-07-31,-0.7279299872256088,0.21210915857473978,0.6265475097218591,-0.27741027993219286
2024-08-01,-0.7080111198596158,-0.4334543398244955,1.4092037039487648,0.1170630210107792
2024-08-02,-0.6593066439985774,-1.104230923973181,3.0,0.5184160286208719
2024-08-05,-0.7483382063851649,-1.8546113118071998,3.0,1.112200321032926
2024-08-06,-0.7083295188522438,-1.2886211157173342,3.0,0.8988551304785951
2024-08-07,-0.7032473791163218,-0.9971566360787005,2.3808489488998683,0.6516170686495458
2024-08-08,-0.7297660902348114,-1.140716799559555,2.037029729943788,0.7595452241231316
2024-08-09,-0.7283739212737429,-0.8963406552154689,1.430085962336522,0.6697396301676413
2024-08-12,-0.718249853732726,-0.9743665303867681,1.229131805397775,0.7426020209676368
2024-08-13,-0.7522679425521867,-0.48633218162585146,0.8162978534935635,0.5756109319745004
2024-08-14,-0.742581493334858,-0.3262037458544014,0.3723144853795255,0.4230069484254083
2024-08-15,-0.7306889548879141,-0.3493619065055095,0.03008781411649062,0.4668937226111564
2024-08-16,-0.6951371794103459,-0.09815352643742602,-0.11702934874948086,0.24045054829270404
2024-08-19,-0.6684217082531067,0.23252035216973949,-0.03829215509135955,0.14216390521755665
2024-08-20,-0.6614648278590062,0.3705454186006971,0.15969675567986888,0.1344946769138841
2024-08-21,-0.6459072845492898,0.45006766721340197,0.2507084913467692,0.15754609601094535
2024-08-22,-0.6301941163297624,0.5057344211112779,0.41452737088763386,0.050228114451044886
2024-08-23,-0.6077527023143049,0.8069593891204947,0.15894744193237453,0.05075144622099498
2024-08-26,-0.5936459643741611,1.0354025612300102,0.23837463941189607,0.032644127729645415
2024-08-27,-0.5907151330715137,1.0479578974583654,0.12675823033662667,0.06291156658599024
2024-08-28,-0.5886207607187229,0.9031177956878663,0.28214105817375906,-0.009001431306021455
2024-08-29,-0.5288378939563665,0.9078802347447494,0.12161532827304228,-0.040192349960977224
2024-08-30,-0.5402702581643168,0.9537144687295048,-0.06564943996733147,-0.10577993471631958
2024-08-31,-0.46995272472222316,,0.18075400690299562,-3.0
2024-09-02,-0.39770850089351323,0.6301382480231527,0.02180092074791421,0.011876801116953254
2024-09-03,-0.386650725806201,-0.025510329159454153,0.9376963826194535,0.05424487254988478
2024-09-04,-0.41466357686824457,-0.44236378459990283,1.3706223799662078,0.28202527320343274
2024-09-05,-0.3458253074483468,-0.5825543902413567,1.298574891855955,0.39522760636828663
2024-09-06,-0.39370014489074734,-0.7067408517928411,1.943919251812739,0.3999549647768985
2024-09-09,-0.40182795157858037,-0.7733763432028349,1.1500914417654484,0.5058542610704282
2024-09-10,-0.42116581693134,-0.7517152555588867,1.0501343377971915,0.6385889293022043
2024-09-11,-0.43017680013325094,-0.4965196637299543,0.896462025984522,0.721967322127504
2024-09-12,-0.44760923064186275,0.3932667846512947,0.5189595669075091,0.5005455234283361
2024-09-13,-0.42263661937461566,0.7793854684529837,0.2243811403855281,0.4016759297159866
2024-09-16,-0.3899828470468093,0.8253271862474103,0.49269393230526115,0.4213410168666945
2024-09-17,-0.44092256632306887,0.7363714077173793,0.4963829374307444,0.46719730975248747
2024-09-18,-0.4139999360210705,0.8700892840632575,0.6174258165606064,0.472134275318634
2024-09-19,-0.39754258811715626,1.5374885359844377,0.17343401240959536,0.28343114534756125
2024-09-20,-0.4007917977913656,1.1660743004861063,0.26087556335470385,0.4016463186692675
2024-09-23,-0.670984275932003,1.2667795597618605,0.26047921462836016,0.32599294199973394
2024-09-24,-0.6785877433005866,1.489355515641164,0.19187680463854687,0.21830131380552753
2024-09-25,-0.6728005707579066,1.4006651143266715,0.13117786203407747,0.1822485458166853
2024-09-26,-0.6392362087719067,1.587360964034097,0.19717024278349204,-0.11592343222911007
2024-09-27,-0.6600955939276948,1.8763430836095671,0.32045837178356534,-0.2714610994183477
2024-09-30,-1.2412994595941877,1.0294025434946195,0.4699857066740184,-0.030901401958382688
2024-10-01,-1.0202246843554477,0.8583131410048674,1.250613353461066,0.05324315966418902
2024-10-02,-0.9897699494042957,0.5012089463356566,1.0157771351431073,0.17050380677573676
2024-10-03,-0.9161547843237468,0.20773856091093357,1.3641478676125396,0.19481090827717623
2024-10-04,-0.8867394138762503,0.257106726260652,1.0088524186298862,0.1152382511087564
2024-10-07,-0.914327866675229,0.5647648236641336,1.4334024396305851,-0.0887021036763313
2024-10-08,-0.8767841690865914,0.10616738521996286,1.2815026960093965,0.13924421242321774
2024-10-09,-0.8502817724306406,0.10118781959812066,0.9896723361429759,0.021657268680439996
2024-10-10,-0.862403649853393,0.131307801699343,0.8765965101505643,0.013799753632800263
2024-10-11,-0.861817473941576,0.4422022995445253,0.6677755125127964,-0.0518673621009537
2024-10-14,-0.8621202762350352,0.637684191136882,0.5309780455697798,-0.06789573755586994
2024-10-15,-0.8506197550212548,0.515271991453499,0.835483510908413,-0.03410059604766812
2024-10-16,-0.8291346804998291,0.2735798311322965,0.8263851894633,0.12337493347822238
2024-10-17,-0.7976513881030306,0.3917314818641562,0.6848647623384438,-0.00885557295848667
2024-10-18,-0.777763423991698,0.5491866484386612,0.4490700266179284,-0.056554475127854754
2024-10-21,-0.7145329488711989,-0.04580459529308491,0.5603071997161827,-0.026965709266000882
2024-10-22,-0.723845977040162,-0.31060267123970253,0.4624358360534127,0.1627341493624047
2024-10-23,-0.734476097402899,-0.7143406004278381,0.6551399846414466,0.21176534915551573
2024-10-24,-0.7071891435859656,-0.40322527766473487,0.6327798011176676,0.17190622467837413
2024-10-25,-0.715364190931237,-0.3004818711908977,0.6522773049857246,0.07763475844685964
2024-10-28,-0.7353353217566854,-0.40257898705874035,0.537609391510545,-0.027520750227117627
2024-10-29,-0.7353821858046052,-0.26830241842136493,0.5174572819932434,0.05398887236818208
2024-10-30,-0.6933671203419152,-0.2100854078164733,0.7760224207670146,0.12783888410553565
2024-10-31,-0.2636416825268887,-0.3608399050050437,1.4012583584372407,0.1874299718726116
2024-11-01,-0.2545235585505017,-0.6735221206306687,1.090190935117652,0.06051033007363609
2024-11-04,-0.19001287033867473,-0.6069549869420733,1.1901461873525885,0.01335190905254202
2024-11-05,-0.19041257667385428,-0.4732785029001696,0.794013909960799,0.03907277089705276
2024-11-06,-0.10127547697958825,-1.2773930464739254,-0.0745761967128234,0.22189137119373054
2024-11-07,-0.08458469189968605,-0.4504527134051192,-0.6689981034976312,-0.04199737326877771
2024-11-08,-0.07695431075672039,-0.9300740980801496,-0.6471368638287571,0.15074431281872397
2024-11-11,-0.07690969099391555,-1.2220090832711432,-0.6289891077904585,0.15193374769989154
2024-11-12,-0.12156169820874645,-1.934417360574323,-0.3961288934279462,0.48376162994198946
2024-11-13,-0.1073629959494725,-2.2562206006463525,-0.5682409946018026,0.5438792260469575
2024-11-14,-0.1295578611454543,-2.17235463919368,-0.7331967360267879,0.40462091543662976
2024-11-15,-0.12935346064869516,-2.3334875363419885,-0.4459621702262253,0.42543361433356625
2024-11-18,-0.15199559946703578,-2.2535351934688417,-0.3268348449792793,0.4385708792844817
2024-11-19,-0.14330497912764012,-2.1452560181756937,0.38509015760742027,0.63970749238164
2024-11-20,-0.12977508448465422,-2.4817000268346363,0.5882868389973704,0.7680060017018343
2024-11-21,-0.14771076101117078,-2.2903846434785553,0.4191529876142153,0.6893431465987849
2024-11-22,-0.46650311147768014,-2.263065252750131,0.27441688535340836,0.6325126025230653
2024-11-25,-0.48078265545119864,-1.8484970770117077,-0.08851282641644813,0.5280530860674354
2024-11-26,-0.5332435048991209,-2.057145843104512,-0.162999994260559,0.6165882627089027
2024-11-27,-0.5026091980695352,-1.7876792500780851,-0.1857505202899746,0.5188139090678491
2024-11-28,-0.4447173405713616,-1.6516949140538724,-0.26736676167006157,0.45903502055325096
2024-11-29,-0.5029105657891569,-1.4122409587750422,-0.3412777717731666,0.4556869538439039
2024-11-30,-1.6461523728719838,,-0.04492861685785514,-3.0
2024-12-02,-1.5235543559732718,-1.4305557322699767,-0.45317156908025136,0.390898674034222
2024-12-03,-1.5250567841917588,-0.9623146078159683,-0.735256016966999,0.15492404352372457
2024-12-04,-1.4759284057586826,-0.8804062694371558,-0.8062249368392485,0.24213151527647725
2024-12-05,-1.395489282521497,-0.8110595692123912,-0.9045810752537352,0.08538208139075366
2024-12-06,-1.4254469506135867,-0.8174122755043683,-1.1836869971880684,0.12377404349355971
2024-12-09,-1.3973174062010507,-0.7192152325848171,-0.9174365968095725,0.010479139165548334
2024-12-10,-1.343310196935978,-1.4928995816619302,-0.7854139320047263,0.26301311723721266
2024-12-11,-1.2949758498462058,-1.6118096904437318,-0.7094807967900529,0.23536706992590947
2024-12-12,-1.2514329746954875,-1.597960952271843,-0.7509473494969824,0.13219412427861169
2024-12-13,-1.2167523211171922,-2.015777660510876,-0.6410240967501228,0.2634903594032237
2024-12-16,-1.0926511991103933,-2.0339923625566625,-0.40300657090506714,0.29166938343847176
2024-12-17,-1.0607715129963622,-2.219895364113427,-0.2153245962183122,0.32669794517245876
2024-12-18,-1.0468812480239338,-2.2156340048377263,1.2838423688348874,0.19711731289387824
2024-12-19,-1.0280153570903294,-2.748742249372005,1.3083006719760075,0.5761197317409629
2024-12-20,-0.9872945877292914,-2.7216850264463393,0.06712726760617233,0.7936098539955844
2024-12-23,-0.9476675686875395,-2.5426411952332635,-0.23168562334082857,0.6578654097831662
2024-12-24,-0.9477357081185337,-2.5295029416679546,-0.6880682006120391,0.664823895012252
2024-12-25,-0.8908632183122257,-2.55076872883775,-0.6774800364345771,0.6209625581492122
2024-12-26,-0.9069848051723375,-2.231410072646707,-0.6319185951967646,0.5819530835623783
2024-12-27,-0.9105229104286662,-1.7769453194956955,-0.5201293132817589,0.26969063582848257
2024-12-30,-0.973136131945546,-1.8492279266141542,-0.09638123414592085,0.4239884345248782
2024-12-31,-0.2728032247534363,-1.816586839860245,-0.061447925231530254,0.3826489826597385
2025-01-01,-0.25772032936393896,-1.704869878507918,-0.05658442157157329,0.373740171110133
2025-01-02,-0.277219309367621,-1.67055177253063,0.14834248581534093,0.3313337861249571
2025-01-03,-0.30167762523572106,-1.5156390128815542,-0.23583989625714183,0.4069945372351261
2025-01-06,-0.21176235711971722,-1.1373376261592427,-0.26587390294273294,0.08021581636312843
2025-01-07,-0.20389882091483905,-1.0465342093477628,-0.08335752889174872,-0.08228039779585003
2025-01-08,-0.39022412127899125,-1.4314317475133795,0.029018559901623546,0.05683243434664183
2025-01-09,-0.17343424870688173,-1.3789080056061542,0.07013497729804351,0.018709400796534614
2025-01-10,-0.18540654430111764,-1.7799940165507284,0.4459057757019513,0.18958765492054602
2025-01-13,-0.1986558522625522,-1.8786324024483794,0.5911169992135671,0.39081441471133055
2025-01-14,-0.18234806646524368,-1.7807244411026038,0.26301876817604297,0.2930608697734264
2025-01-15,-0.1783940613425979,-1.4231231602753671,-0.484975121413325,0.09307979820248549
2025-01-16,-0.17433761075629334,-1.159604078024319,-0.49333879390185,-0.11800407883717134
2025-01-17,-0.1529631823645528,-1.1292646390684862,-0.6312569294103453,-0.1510414971180402
2025-01-20,-0.1736141034152384,-0.7438796367362016,-0.48792342804862554,-0.48342883370859535
2025-01-21,-0.19686138999363653,-0.6512073048332062,-0.8134845418163826,-0.5350156107195545
2025-01-22,-0.19360988957757091,-0.5128634447142738,-0.886316449692632,-0.6228726053088255
2025-01-23,-0.19959366669886433,-0.517677624815469,-0.8533628991518156,-0.6201566686353194
2025-01-24,0.044865398190624683,-0.3022657136155588,-0.9856859412508614,-0.7976096938872529
2025-01-27,0.039498157770856974,-0.2434678399198919,-0.0443254143171132,-0.7776869184479046
2025-01-28,0.0635137080817379,-0.4008095662019101,-0.4817781635388996,-0.63584980503912
2025-01-29,0.11709386650823912,-0.2744877583154961,-0.5396795297927649,-0.7731348214855756
2025-01-30,0.10201194062414473,-0.06473018262325751,-0.7591786495456381,-0.9123685845054651
2025-01-31,0.5750420598502033,-0.15178417906407063,-0.5867792775582056,-1.1478753246646995
2025-02-03,0.5770806515699761,-0.7622924799816035,0.35371743548070184,-0.38199002078316885
2025-02-04,0.5875820516738802,-0.6812995248856824,-0.1796394819043924,-0.41714826152909307
2025-02-05,0.5256693261817365,-0.35887485491562154,-0.4152916825242653,-0.43183233683008115
2025-02-06,0.6400268983745329,-0.22775291205621787,-0.5751554983680718,-0.6921080814374061
2025-02-07,0.38627724551777814,-0.20668373872011303,-0.2565637374625472,-0.5780247952850118
2025-02-10,0.46605915940677617,-0.19390764982085562,-0.3273926923134639,-0.6211209706760835
2025-02-11,0.5135254100377382,-0.23630147999058443,-0.33489806265786976,-0.6053401872454676
2025-02-12,0.479260228277053,-0.14835917169229168,-0.37852983753424246,-0.8393382803577266
2025-02-13,0.5219266289916451,0.2609651782843728,-0.33614223675103355,-1.0346721104327203
2025-02-14,0.5527710475925767,0.40669224052039044,-0.4982378208301184,-1.191831812030231
2025-02-17,0.6033448102281288,0.5567436941958541,-0.3688945642420122,-1.3025986426620395
2025-02-18,0.6100192759178964,0.5105046228200538,-0.39174319850198086,-1.4277944923294739
2025-02-19,0.5972914688350011,0.11517478887809214,-0.03465787540054653,-1.022924128421319
2025-02-20,0.5267098236438464,0.08139424999775831,0.16926547742756706,-1.0040601681959906
2025-02-21,0.3999246710231558,0.1494695905404287,0.2572661007625819,-1.041697651473274
2025-02-24,0.3563014935793718,0.04765221721936639,0.47589515398040017,0.16391591722101886
2025-02-25,0.3790894419692123,0.010194729826667196,0.6469153855589799,0.2012020531107443
2025-02-26,0.29407302847467864,0.22151861261964764,0.37571276261249864,-0.8967980052255288
2025-02-27,0.2943428914228814,-0.19066538665110958,0.9179613147786518,-0.7743144472861353
2025-02-28,0.3918068065661436,-0.5848459138637517,0.8220071511118118,-0.41745000978493557
2025-03-03,0.4781467382374085,0.021263700888777545,1.37141740326408,-0.8868733208968901
2025-03-04,0.48069432223903635,-0.3875454324538225,2.4549774305527854,-0.5470906171469866
2025-03-05,0.43395632376274634,0.1963833403484178,1.7847800651851056,-1.0312879954056713
2025-03-06,0.37721131509444744,0.3701203300234734,2.178499078269824,-1.164751587815924
2025-03-07,0.3193421054109335,0.36769280165756707,2.3620606298852347,-0.997233212753951
2025-03-10,0.33875482376207994,-0.1018095674696995,3.0,-0.6317344670066314
2025-03-11,0.06165541901546112,-0.34892471799980024,3.0,-0.3698159285354776
2025-03-12,-0.018780340918383345,-0.08724868545531692,2.0045527480690786,-0.5046438748870711
2025-03-13,0.03450115977082769,-0.1943319926986713,2.0542618686664817,-0.42020561871666123
2025-03-14,0.04265155426883108,0.1421331965266083,1.3062624096746156,-0.6249368162043563
2025-03-17,2.410509131564735,0.5684636975561409,0.8918689569649138,-0.9918928708931369
2025-03-18,2.3610806302370086,0.9750045103149154,0.9775046538380099,-1.099227506176572
2025-03-19,2.299240760995286,1.0502747242941575,0.6501670361275605,-0.9934675349248426
2025-03-20,2.2379358547348223,0.9206474353116478,0.7241161219885314,-0.93622595633195
2025-03-21,2.1817026737430374,0.6715131967750517,0.8029727563425184,-0.7216577070084726
2025-03-24,2.2357627218656977,0.43563218496119127,0.2282421731177161,-0.5794733917276514
2025-03-25,2.178434045714074,0.772265646856135,0.01978203153014017,-0.7904372361351347
2025-03-26,2.124590350121099,0.4114922811015557,0.4550765634609919,-0.7198435571112194
2025-03-27,2.097082081284021,0.4613551934740019,0.685259715155893,-0.698672940339881
2025-03-28,1.8898745159603496,0.3329443594802629,1.2891685016614898,-0.40759142538277193
2025-03-31,2.37819474275617,-0.20807349728448252,1.6318299682761421,0.2524500342648734
2025-04-01,2.2388675801958366,0.25297890861410405,1.326244477553397,-0.01729465797874001
2025-04-02,2.1731370503306207,0.2392250662011412,1.3904312425965917,0.0405315430552699
2025-04-03,2.173429308391181,0.26016643734093814,3.0,0.27942718268046607
2025-04-04,2.0869505846300456,-0.9397316594430347,3.0,1.3442602010283315
2025-04-07,2.0159743945421824,-1.8372895560634908,3.0,2.403797064950733
2025-04-08,1.961167957172242,-1.212371778930091,3.0,1.6328182763663348
2025-04-09,1.910403055380675,-1.568897688361114,3.0,2.325819971668977
2025-04-10,1.8574218165114236,-0.35174829273288194,3.0,0.944760769448801
2025-04-11,1.8120366553486649,-0.37997382755062636,3.0,0.9638824783512328
2025-04-14,1.7591531972397851,0.11988023131101676,2.2250889455399148,0.6388711788398425
2025-04-15,0.3058036610936366,0.31064419478682026,1.8397641199000576,0.2748082495294325
2025-04-16,0.30316287549864446,0.2821232483342155,2.056904917308361,0.22866574000395837
2025-04-17,0.2901131371930335,0.20397544410021198,1.7752334654747324,0.15938685268343383
2025-04-18,0.28092516087486885,0.2440538223113771,1.7436372727317642,0.11789656340638197
2025-04-21,0.24813705007643122,0.29135378523754496,2.000870580668704,-0.22638651165295828
2025-04-22,0.22770931833219346,0.1808087869236302,1.712659383304394,-0.06971237186707101
2025-04-23,0.15205885190122562,0.27528305068591497,1.3143499664983034,-0.36119056764037794
2025-04-24,0.2304573436844602,0.3018642062068432,1.0634671172954786,-0.361028470128969
2025-04-25,0.20547022085624364,0.49308083787844376,0.8088992184438989,-0.4657838923628645
2025-04-28,0.1522973570091021,0.5582443206503923,0.8491906742998473,-0.5902566875879682
2025-04-29,0.08011174641930557,0.41617914565453934,0.6941807771448388,-0.6559474769154126
2025-04-30,-0.03399327661659156,0.5560624879697117,0.823480272798266,-0.7720278971532913
2025-05-01,-0.05606202766159278,0.4382488492895569,0.8068620185271498,-0.6207236969443786
2025-05-02,0.06262894394578922,0.7918066996729909,0.41255359471320163,-1.2624087846527046
2025-05-05,0.13410016326301213,0.4902629854766672,0.49946977606042525,-1.2824496654631283
2025-05-06,0.2730490323683585,-0.022923192780001076,0.6202055814556307,-1.2530755284378154
2025-05-07,-0.7929622141204313,0.25260586095058923,0.6386649030606828,-1.1169063638662193
2025-05-08,-0.774125246108987,-0.1334052121177691,0.401718445094143,-1.1233570145357625
2025-05-09,-0.6965884793650334,0.3778267184968683,0.327492517621088,-1.242437198170328
2025-05-12,-0.7181168176292572,0.13087607160481962,-0.18058236055859453,-1.1718755911820913
2025-05-13,-0.6309293162566315,0.29596347232209835,-0.3102366684346041,-1.2853474195835035
2025-05-14,-0.5734375275934395,0.3188377927630661,-0.1884534914994258,-1.483839241053586
2025-05-15,-0.5701255708137187,0.3365839751442728,-0.30935963836417435,-1.4525945185821385
2025-05-16,-0.5553941704510746,0.5242465146871107,-0.4031736425341273,-1.4694073627662017
2025-05-19,-0.4223459551213724,0.8611427806661259,-0.38878460331779136,-1.4785898886012554
2025-05-20,-0.4074141639532551,0.9772710806757078,-0.43899563087005633,-1.6663416916644722
2025-05-21,-0.39772520721944465,1.0187667261438267,-0.25354770899534296,-1.8978247830697597
2025-05-22,-0.4883673690408839,0.5513783405201058,-0.07799826522647538,-1.5391783281851765
2025-05-23,-0.44256074197567946,0.6278149770599672,0.5711406754505052,-1.518892462084685
2025-05-26,-0.5303074107494373,0.7977354550997631,0.11815557910095903,-1.7054996197765897
2025-05-27,-0.5132763118204763,0.9542808887859395,-0.16132476264299442,-1.5432788504225863
2025-05-28,-0.5426498402921527,0.7565380700983821,-0.06654370949737622,-1.3676862527998446
2025-05-29,-0.520397363360111,0.8828607397771668,-0.08884728162849075,-1.4035696240760578
2025-05-30,-0.4812701901731424,0.8256289975446557,-0.1112770513426674,-1.3478303510594336
2025-05-31,-0.4785018519105413,,0.31077636077944953,-3.0
2025-06-02,-0.7742081819110398,1.0087451655998163,-0.007392525498633767,-1.31253901614953
2025-06-03,-0.7644545387214797,0.888891435463353,-0.21746655112464353,-1.1903614906563131
2025-06-04,-0.5580807315120367,1.2790795039329368,-0.2796617977572094,-1.3093058707775436
2025-06-05,-0.49718262988717427,1.3099171100926397,-0.26285644058189767,-1.2932123537395595
2025-06-06,-0.4891178334203874,1.20755339649796,-0.4310229367481575,-1.2396858463263645
2025-06-09,-0.5742856908273736,1.2483174597742093,-0.4204497817880031,-1.311410810362139
2025-06-10,-0.5118450730273174,1.4103251204971807,-0.3464520086303533,-1.3206102834148719
2025-06-11,-0.49773256459433846,1.2971692804134987,-0.3877288996119731,-1.3364366471451479
2025-06-12,-0.3644761269962616,1.286174410134829,0.009449702212794845,-1.3423177768816528
2025-06-13,-0.3819207852252376,0.6865059084309953,0.5560529801236233,-1.009612126790845
2025-06-16,-0.34929234350865773,1.078152518186263,0.30524469314558167,-1.1914470590956991
2025-06-17,-0.2704122564570479,0.7266502352361344,0.7389837470375963,-0.9033053287344484
2025-06-18,-0.25982691297334237,0.785182674017747,0.5924846920458549,-0.8412628984545748
2025-06-19,-0.28170181689176976,0.47636285689122176,1.0704109949182543,-0.6260062361743947
2025-06-20,-0.27433822046098183,0.27879790273955013,0.6474659225788681,-0.6374025166275962
2025-06-23,-0.370749896077246,0.18686972949052463,0.4900696644125776,-0.531490223040865
2025-06-24,-0.328678838090907,1.0491835552431785,-0.12490797135863847,-0.8351958327874076
2025-06-25,-0.2639298982247402,0.9016998492371806,-0.22812454758877826,-0.6841512484498997
2025-06-26,-0.2008090586478239,1.5086077224233088,-0.33615080760660426,-0.7803431184044827
2025-06-27,-0.21874231233853053,1.6342822125273717,-0.2384496392321794,-1.0598023425581296
2025-06-30,0.3264514684690526,1.4859686917986499,-0.4920399489553375,-0.9799713168753706
2025-07-01,0.14349364692535027,1.4792945638388766,-0.4384841561602338,-0.9505335551530417
2025-07-02,0.13222976571630998,2.20922486566373,-0.5016225209133807,-0.9473357923068506
2025-07-03,0.1913536181423752,2.7013261053020337,-0.6337865216092149,-0.9784070466535121
2025-07-04,0.14318505175394713,2.435862524117287,-0.23350165453662702,-0.9006897208882565
2025-07-07,0.1600101486626609,2.4167384292044893,-0.368195194899545,-0.9419448345532228
2025-07-08,0.1457302440877838,1.8277377267822221,-0.5802950658141697,-0.9058665735299779
2025-07-09,0.07485799839703354,2.026367227997182,-0.6963418497871509,-1.010656717448966
2025-07-10,0.044296460544560365,1.7614021374850701,-0.7478685496096382,-1.04029218851549
2025-07-11,0.0201593253944925,1.3363729158478044,-0.4805167197799464,-0.9191927952345221
2025-07-14,0.012633487334773942,1.327255368099976,-0.2787769715581708,-0.8673697408107012
2025-07-15,0.010848508618431056,0.9928019153092029,-0.21771294836325455,-0.7888556914417129
2025-07-16,-0.031014070828741646,0.7129070420781739,-0.09408172631243503,-0.5692149329620634
2025-07-17,-0.03169758593474062,0.9552614121892471,-0.3602589990498792,-0.8635814249994395
2025-07-18,-0.009972949164550174,0.8532498900169093,-0.41568578390570826,-0.9746345129786882
2025-07-21,-0.051690995787864624,1.0524355173689055,-0.398450603553639,-0.9609124222482007
2025-07-22,-0.05686930387016574,1.2129564111339468,-0.2542989113953638,-0.8758236311258613
2025-07-23,-0.0726184637220744,2.152157176947075,-0.4276780276194886,-1.1784279019202888
2025-07-24,-0.0612630842659442,1.9848172706681306,-0.59850109959323,-1.1988422164061443
2025-07-25,-0.0947727515956769,1.5000565701103676,-0.5976132834157257,-1.0408161310458046
2025-07-28,-0.19017859163699274,1.223512491264221,-0.6021445131882492,-0.9476263786424347
2025-07-29,-0.2292911774000316,0.9648340865600741,-0.5537622281162382,-0.8241445552052462
2025-07-30,-0.11123956297789536,0.6717903611435894,-0.6458936201857848,-0.802672628102274
2025-07-31,0.13764139474522305,0.27603279155803556,-0.40724259268261814,-0.6780206341168423
2025-08-01,-0.09162366349620528,0.055846341823617904,0.5542989189096446,-0.5326463013024644
2025-08-04,0.07664251181804364,0.22178774124184117,-0.05170482667374165,-0.5440349619649518
2025-08-05,0.15025682590396322,0.22712758649148432,-0.09850868081265818,-0.6293845483797911
2025-08-06,0.12260190559906337,0.27446241928596815,-0.2760778311000038,-0.7531632074799749
2025-08-07,0.05232018617737208,0.5608516100651829,-0.2862491219504737,-0.8225960730395816
2025-08-08,0.12446928248059481,0.6048868872894155,-0.5663568056032647,-0.8337405668338027
2025-08-11,0.10004192561692626,0.36238964555821024,-0.3265265044742071,-0.7788446431466692
2025-08-12,0.08976273486676592,0.5012581324671516,-0.6491173817293827,-0.8616863821313935
2025-08-13,0.11556470960906405,0.7451468436168552,-0.7809258070950122,-0.9382298113450157
2025-08-14,0.08909538089792386,0.5034378737004934,-0.6874728370998046,-0.9155076383141492
2025-08-15,0.029212507752703742,0.6663586522323373,-0.7139140566498973,-1.0368520300269393
2025-08-18,0.010597876290380238,0.4729336986851738,-0.5317682925065859,-0.9675395315413666
2025-08-19,0.03071464914771427,0.6682115545103111,-0.430279883718304,-0.8625636750783924
2025-08-20,-0.03996191776347336,0.6819024200135148,-0.35868831532982026,-0.85518844627782
2025-08-21,0.1189649728719384,0.46883775552540397,-0.3229237513905375,-0.8207474925410724
2025-08-22,0.06552359540450063,0.9845373675425025,-0.7970631010874674,-0.8008894778801159
2025-08-25,0.12035164433635272,0.8680546694701861,-0.6925997846349837,-0.758194097639067
2025-08-26,0.18919001671300018,0.4214927101720495,-0.5143611301767106,-0.5733081559668933
2025-08-27,0.11340072545486811,0.28147997891549653,-0.4134523748867719,-0.4133017068555165
2025-08-28,0.03277703751462028,0.5179716070962096,-0.6108583225247006,-0.46996296286289674
2025-08-29,0.021858569971294702,0.423490875160793,-0.4184778184653081,-0.4476425293094524
2025-08-31,0.5454842296159499,,-0.13948587412525146,-1.9804198736532888
2025-09-01,-0.05952402703885386,0.15679804880322462,-0.33689273736782877,-0.38353114767854524
2025-09-02,-0.05407641633734372,-0.35857197773234156,0.12975162955351938,-0.26662568852049995
2025-09-03,-0.10593499981965629,-0.318680673374807,-0.19607903471276256,-0.18959702512635052
2025-09-04,-0.19191138124634707,-0.11515754281053607,-0.4145613469558491,-0.18317408501484028
2025-09-05,-0.2522448982484954,0.3173998916460004,-0.413802623555155,-0.29036394365236573
2025-09-08,-0.27483392543898555,0.33255196983086793,-0.5319874709220475,-0.3130063692191696
2025-09-09,-0.24220996178727575,0.33078513212536587,-0.583192797421473,-0.31241131000621875
2025-09-10,-0.24036752873753667,0.5189701026088038,-0.4908854272767392,-0.3018608570653396
2025-09-11,-0.25165698071625664,0.5470783922892887,-0.7043968578065264,-0.26663072053858994
2025-09-12,-0.2536225622355423,0.669865995410149,-0.7182094071523623,-0.2942287185103642
2025-09-15,-0.24515399305160884,0.7030871715481889,-0.33563521115737177,-0.2952623592242783
2025-09-16,-0.14394684511202874,0.6628651126797497,-0.08493340587702894,-0.2557466864852525
2025-09-17,-0.050616120058177706,0.705196227702691,-0.038695635402662215,-0.2282997017278823
2025-09-18,-0.04534487674344375,0.6829796584312829,-0.6392074098784052,-0.2148113582846062
2025-09-19,-0.030956064895994857,0.3865571258440904,-0.6492532936573712,-0.1696624580806001
2025-09-22,-0.03997519972897337,0.6399242827709243,-0.5044982044295464,-0.16368058099061997
2025-09-23,-0.15206088763796513,0.6843838771506758,-0.44578277624437773,-0.2054391113102689
2025-09-24,-0.2579806760365062,0.08142617854209139,-0.41027510695388086,-0.1810612541855873
2025-09-25,-0.19520261028853497,-0.2142843765435717,-0.2992478704430417,-0.11383869004550709
2025-09-26,-0.2334766718077698,0.10127339939726936,-0.49448792387866136,-0.20338867492453924
2025-09-29,0.0269528531436403,0.2679930598294657,-0.38436874860656794,-0.1924497991361112
2025-09-30,0.05172811119984881,0.476744620986125,-0.3315477360687277,-0.24801349086096802
2025-10-01,-0.03111770637371683,0.6053132566483772,-0.3975421090031026,-0.2665864527110616
2025-10-02,-0.05135376132277917,0.7486959817538023,-0.30144229078897783,-0.2657014043144466
2025-10-03,-0.07121992230752919,1.124979273341623,-0.3295421114911713,-0.4008509532463436
2025-10-06,-0.1820698598861314,1.1199871144632016,-0.08104008442324563,-0.45666114031023225
2025-10-07,-0.23737071124353934,0.7401643060417266,0.11301795966502441,-0.3568765325310025
2025-10-08,-0.2378847308361036,0.9387368845998528,-0.11791399261528006,-0.348622330793211
2025-10-09,-0.23376009719483126,0.835438198326143,-0.13687273180292156,-0.35577506412675863
2025-10-10,-0.2845798613786042,0.5362017014352657,0.8397119590991821,-0.36266617898067455
2025-10-13,-0.31936480934227013,0.579433147076653,0.666111448537472,-0.26858886838513035
2025-10-14,-0.4530161128351888,0.3026917937871484,0.9583750621485083,-0.11706603909941456
2025-10-15,-0.44779885181119733,0.6809958018853561,0.6956383097552848,-0.2643887650682605
2025-10-16,-0.4404598155997187,1.0475997154989252,1.1556253382874115,-0.38197678198252727
2025-10-17,-0.35665683907309575,0.665660434387334,0.8608324370066897,-0.22337446305188408
2025-10-20,-0.3439761491977417,1.0030906778255793,0.04242991753244924,-0.3292035753998643
2025-10-21,-0.5471577061105728,0.7809971034609812,0.007029388566131983,-0.2666042204496435
2025-10-22,-0.5304296903637719,0.8046154131477834,0.28848924862098796,-0.2378221139726453
2025-10-23,-0.48027829932545946,0.8319499461684301,0.026830087062099175,-0.23121482416615585
2025-10-24,-0.3052945735639197,1.126332450951341,-0.2421569505112297,-0.21754330127745106
2025-10-27,-0.3316495269702212,1.242220939925723,-0.3045878681528005,-0.22181254432829423
2025-10-28,-0.3177753208904756,1.428574148051451,-0.20971180067939948,-0.16597851812896025
2025-10-29,-0.262558206229513,1.5153409819701047,-0.06653743724965736,-0.22736722001040235
2025-10-30,-0.022543880913006353,1.197356122015034,-0.12142750293902438,-0.20746979080385156
2025-10-31,0.8244426632864497,1.1526700340020302,0.08614147424437764,-0.18329440877342973
2025-11-03,0.3902693846310142,1.0447408475509274,-0.024747538611165548,-0.17549839023507674
2025-11-04,0.309670587122066,0.7531095444823976,0.258828065773444,-0.15213760385152492
2025-11-05,0.48039127837115475,0.49255234218701704,-0.031175198858275594,-0.11932169151000806
2025-11-06,0.41523108126983604,0.7619004932361468,0.48025812984256444,-0.20828279535921415
2025-11-07,0.4870503472227508,0.5706048582042815,0.7625204816432339,-0.1262029238978198
2025-11-10,0.49649507065688936,0.7277245329529762,0.0031996389296620733,-0.17014951272745982
2025-11-11,0.47585835823920647,1.1772611264878121,-0.1049908505843397,-0.36234727295491725
2025-11-12,0.5840544135932044,1.139866301909265,0.0013890137296623279,-0.4200865694426107
2025-11-13,0.5600260541643465,1.3188504080480679,0.4980705676321077,-0.5293098733753343
2025-11-14,0.8198376994341753,0.6867464549682804,0.581092946627568,-0.3149096141782868
2025-11-17,0.7190147124069088,0.27749864139490205,1.0902052965530016,-0.2453185517016161
2025-11-18,0.6585701449721306,-0.34102171247363267,1.882731858378501,0.10612318129823084
2025-11-19,0.6521138996209193,-0.6825011733852874,1.7217302791288107,0.3777548809304681
2025-11-20,0.6227725574152594,-0.620877997053338,1.7549300172007858,0.16138249378441172
2025-11-21,0.8582431461116691,-0.6281261273823423,1.8682304506488647,0.3627282675028943
2025-11-24,0.7569498146583505,-0.4794601138330892,0.8847445213135253,0.400522427996528
2025-11-25,0.6282040529810647,-0.18998623088342795,0.4851393028376192,0.3470547150798638
2025-11-26,0.59970383518972,0.30975189340200315,0.07276167918459046,0.3811433196754903
2025-11-27,0.5534811741308541,0.5378310267527856,-0.041138244976454894,0.3635151093816218
2025-11-28,0.5192617775315764,0.7345548941391816,-0.25096523920527014,0.3309781949707751
2025-11-30,1.0460894746800589,,-0.13331750246909835,-2.114664047700831
2025-12-01,0.43999665576185887,0.6236382508973262,-0.22260369156796964,0.2999066408275289
2025-12-02,0.6581011609388687,0.6251878327188644,-0.40540893005444134,0.351444406150493
2025-12-03,0.7854246592854197,0.6533074244929379,-0.5690173607622936,0.3322356153238605
2025-12-04,0.7531889744343391,0.9339407192655711,-0.6562540656535154,0.17564002816828705
2025-12-05,1.0514189984547238,0.7493025172339888,-0.7205802339629743,0.25245916672810365
2025-12-08,1.2394546123194463,0.9228091197412324,-0.47519039091342163,0.23575159288555955
2025-12-09,1.2008110229087225,0.8882532151410918,-0.3920462073599427,0.25274541805384554
2025-12-10,1.1616443975012365,0.9833419610452238,-0.5237654913919251,0.336452847662533
2025-12-11,1.128529357314076,1.3202303707988967,-0.8567338936737534,0.18247371378282604
2025-12-12,1.0834631037099878,1.2657141400761043,-0.5871247026011782,0.07098820492156925
2025-12-15,1.173156709860635,1.3858701672551799,-0.6212171806609639,-0.07699811549133206
2025-12-16,1.1604494573369535,0.8128423606001642,-0.594389365214816,0.10079161231468138
2025-12-17,1.0861734091806625,0.6682149883536693,-0.373250888577523,0.023932418701328104
2025-12-18,1.079747240722467,0.751538757706954,-0.5794932705800091,0.04447314175320924
2025-12-19,1.1586633521171148,0.7756242187291384,-1.0815748936027385,0.04075715208133166
2025-12-22,1.3017065369067553,1.057820568623418,-1.1412711934382493,-0.04629265676293996
2025-12-23,1.3513502806321371,1.4286105593743748,-1.2283501645573187,-0.10956529883153208
2025-12-24,1.577118439586639,1.2201724670496272,-1.3009642592987303,-0.036273129919347516
2025-12-25,1.5262310089378088,1.1969272862774543,-1.2827513623261586,-0.033588370670072386
2025-12-26,1.4766424846157091,1.1700541975830072,-1.2505947554217114,-0.020082986199132926
2025-12-29,1.2382579899712522,1.1037088674441322,-0.8056118746185259,-0.021885370341971373
2025-12-30,1.220621787075628,1.2860882951779797,-0.9472727002005181,-0.0645816242909476
2025-12-31,0.5054778451942027,1.0297182901947475,-0.9406551853203984,-0.0986770271360596
2026-01-01,1.5899852508824137,0.968078398528155,-0.9301320018743826,-0.09072028138337151
2026-01-02,1.4731265446992556,1.1941599050617195,-0.8716251547617236,-0.20943282538543811
2026-01-05,1.4366676617108514,1.338593590783395,-0.8043312074359902,-0.28484002448399787
2026-01-06,1.261915505870983,1.5545843017900327,-0.8037082822456674,-0.3674759555512715
2026-01-07,1.098952744104094,1.2788711522863407,-0.6501931324511913,-0.2845084617540855
2026-01-08,1.1718635591571585,0.8918838475302927,-0.6410603029219992,-0.2273033220313638
2026-01-09,1.1700455936832577,1.1541603766991253,-0.9027274262200301,-0.2351800549386631
2026-01-12,1.0997199546595933,1.1216719593323923,-0.6812146453933787,-0.30639037713333334
2026-01-13,1.1045136398691777,0.9828328367860419,-0.4937484440807763,-0.3542681584789316
2026-01-14,1.043867546452149,1.2464624107754811,-0.13406819102857712,-0.49517451547767916
2026-01-15,1.0475478446594533,1.1443376014250093,-0.6544316464000923,-0.5098408708141914
2026-01-16,0.9728498900373949,1.0544852905167992,-0.5226215171536105,-0.4948469631401174
2026-01-19,0.9111875093205557,0.5798601312544257,0.6221533137033466,-0.3479585664773333
2026-01-20,0.9212998664007915,0.4827807278212974,0.803134642758994,-0.5760396555716398
2026-01-21,0.842627336167495,0.44089718493066266,0.14861637945067932,-0.31137514817214956
2026-01-22,0.7629563337995239,0.7085003250375908,-0.33876442924145683,-0.4262065511296746
2026-01-23,0.7942927697429574,0.6887103196763159,-0.22316969308410384,-0.43120395846757753
2026-01-26,0.6558184658602347,0.9857800982053314,-0.19964530236614839,-0.5593478073298862
2026-01-27,0.5939547096545224,1.4746801529771572,-0.20259596795470383,-0.6638536791859783
2026-01-28,0.5713051232879588,1.120966304284364,-0.05650274353182005,-0.5014219390288235
2026-01-29,0.6672069431317493,1.0539269937398226,0.4807837645791245,-0.4716152311316646
2026-01-30,0.7426231175480272,1.169811202421704,0.44277625190004744,-0.49368419790264223
2026-01-31,1.0397670499850111,,1.0486164910068299,-2.9105104630159864
2026-02-02,0.6555431380600226,0.7918008640593657,-0.15832953664760394,-0.32266914496469634
2026-02-03,0.644813301593041,1.0932389680229249,0.18090450298243424,-0.5014735935239785
2026-02-04,0.5031398344971951,1.0457884570407263,0.4714381508805046,-0.5738855881398796
2026-02-05,0.629869190087195,0.4378432236957051,1.2587449300195708,-0.35556327407636906
2026-02-06,0.553439241479333,0.7354763491280142,0.18469625534907705,-0.38866163366350726
2026-02-09,0.5597954078117096,1.258924081847007,-0.13321975699863073,-0.5947876340070453
2026-02-10,0.5190770339407019,1.4456221624583363,-0.042248828872052224,-0.6675970990351816
2026-02-11,0.47520268928649445,1.5991164985910995,-0.02917652455833523,-0.7003447290272684
2026-02-12,0.34975180660664634,1.7332533596572612,0.885170470950343,-0.8036053065613582
2026-02-13,0.3078588466079401,1.4907152554672365,0.8072058238187193,-0.4717745107250466
2026-02-16,0.3280727184742187,1.5775547168834358,0.989180405872002,-0.4314644805168328
2026-02-17,0.25374805674266177,1.492237527965712,0.7067503071191334,-0.3669972557552985
2026-02-18,0.24894978543887175,1.694831491703726,0.3316702649335748,-0.5026366371234383
2026-02-19,0.2522502004402674,1.5280891804015737,0.8440681286392889,-0.3832512077361983
2026-02-20,0.3498397405255546,1.359589540561234,0.36004577332618376,-0.38054740020654526
2026-02-23,0.3406347596058991,0.9964522858707939,0.9015412944393203,-0.41494897062526626
2026-02-24,0.31495888343960804,0.9672036703883556,0.5904525342536627,-0.34039098458330536
2026-02-25,0.27022963302423475,1.4217614229491835,0.05904655113100242,-1.1827758732355291
2026-02-26,0.06991193960143488,1.597367970557106,0.34372882953891537,-1.2901772884410876
2026-02-27,0.13739910124184165,1.6779216127980439,0.7055836499462751,-1.4166772642388104
2026-02-28,1.5075772129879266,,1.4203470862022327,-2.0514877997472114
2026-03-02,0.8510292104702015,0.6805571542473532,1.5136514280487805,-0.8334645894885468
2026-03-03,0.9276241297823605,-0.5538291787703434,3.0,-0.14920973392674738
2026-03-04,0.7462160266711186,-0.45533908723824496,1.7209919625130221,-0.20736221413392888
2026-03-05,0.7176292166989783,-0.7006217209353615,2.8054801736973505,-0.17104733826600213
2026-03-06,0.680774668743977,-0.8613124851251368,3.0,-0.11219782114443043
2026-03-09,0.4691509300574253,-1.1567368129081403,3.0,0.8714863663477032
2026-03-10,0.4392735556854462,-0.3060995088826198,2.4928320808138142,-0.15137801536930162
2026-03-11,0.4841773747750507,-0.39512878984111344,2.776272354194539,0.022654755613123505
2026-03-12,0.48716978764741997,-0.8388368851260023,3.0,0.23074938059769415
2026-03-13,0.5203622271625241,-0.940692822590523,2.904183058906686,0.5265960066242924
2026-03-16,0.4581058480298117,-0.7701100726122575,2.121393993682989,0.377125205499566
2026-03-17,0.18410836025293245,-0.4770375710416881,1.7084881478475251,0.12263374999970933
2026-03-18,2.0234667457567315,-0.2733549221747255,2.0259650445955777,-0.12957608045505764
2026-03-19,1.967980581829581,-0.9881290034065878,2.2140982992173184,0.650764403551435
2026-03-20,1.7949163079030788,-1.351240605709626,2.622272985080189,0.8498392299109522
2026-03-23,1.7379253304445028,-1.334673092558746,2.634862393330493,1.1167202077088407
2026-03-24,1.7614482183105153,-0.40202576866792544,2.592742828066953,0.8726736236699086
2026-03-25,1.730479426335821,0.8135135644081463,2.234288209032262,0.3502574563151666
2026-03-26,1.704236309476126,0.17489778908118397,2.549122405958979,0.4818052938093084
2026-03-27,1.5517040843943737,0.1953173070099397,2.921402019858841,0.5134593548992208
2026-03-30,1.5863429738436399,-0.5969714589133895,2.5859220513909453,0.6739471795895775
2026-03-31,1.0962949564578552,-0.6675900181873503,1.684280002920625,0.9187471906823096
2026-04-01,0.9888207170011217,-0.18645166005978128,1.1602712154399553,-0.22563524375836969
2026-04-02,0.929781568787569,-0.7778448638693427,1.2849476809249833,0.2984540676269676
2026-04-03,0.8965063151925161,-0.8737755469507392,1.2651868735576586,0.23362056690094182
2026-04-06,0.8078437321800519,-0.9105910377122484,1.2684691980931342,0.26535459115706517
2026-04-07,0.7252382337921531,-1.0836606220632843,1.7803351494701416,0.4445631745161322
2026-04-08,0.6570085042946132,0.09553816292064447,0.6538275363504883,-0.8082401895339575
2026-04-09,0.6149100505432625,-0.17226724413908792,0.357066612209862,-0.5445609613569823
2026-04-10,0.5090496600356922,-0.2195718935190048,0.24322838804077776,-0.663100576642392
2026-04-13,0.4379862998627736,-0.5660644696477976,0.28736676541233086,-0.3761476308401205
2026-04-14,0.4241331867932201,-0.16376927439793373,0.07454420562230661,-0.5876291828995902
2026-04-15,0.37387484715176167,-0.3162046629612001,0.10005760119072069,-0.4025901147898841
2026-04-16,-1.05102271160342,-0.28429380305217805,0.1960227528459551,-0.43186368725303215
2026-04-17,-1.0988554922336626,-0.1117306851224567,-0.11970174393693432,-0.5003365199263629
2026-04-20,-1.046641200858245,-0.313068491912599,0.3265478140905306,-0.3516927004277858
2026-04-21,-1.138720028657712,-1.0354964039423462,0.5252776577705176,-0.22590236367218017
2026-04-22,-1.1782372373182655,-1.2841301324090761,0.3672510973645233,0.048590137618577126
2026-04-23,-1.2823693766644182,-1.4342194349143735,0.392278300473525,0.10702641520944965
2026-04-24,-1.3609979813083175,-1.7327862780760657,0.3888007169529928,0.4453866164581413
2026-04-27,-1.3796639414889023,-1.5359101748269022,0.3844644192802909,0.3307260095272853
2026-04-28,-1.3181608792920092,-1.765477905623131,0.2676128257875775,0.43842698458677615
2026-04-29,-1.5192354396155474,-1.8494740425762322,0.24755157132745947,0.5513401367358862
2026-04-30,-2.421606287971184,-1.21948926590438,0.13010576966325219,0.02127021947078047
2026-05-01,-2.4065044198466485,-1.321676142647925,0.13756894063848768,-0.019284602115565794
2026-05-04,-2.143054947007035,-1.6830612830082765,0.36122809185695814,0.3233732363342767
2026-05-05,-2.1903099412810962,-1.450043252789587,0.13540897853020528,0.2322870562532245
2026-05-06,-2.172068331479212,-0.998002386297324,-0.08664328613532028,-0.2866471076694423
2026-05-07,-2.110358170383285,-1.0393879241280157,0.014918375844955471,-0.34798946353424876
2026-05-08,-2.1497414698727333,-1.4821020928413267,0.053910759684604376,0.020882149093136942
2026-05-11,-2.154874267460307,-1.3045199116797574,0.154775183648851,-0.057215592382261496
2026-05-12,-2.057711382570545,-1.6321143996994119,0.26909616041128886,0.08507947849891366
2026-05-13,-2.0572776396572827,-1.3387952240958525,0.09034099247639744,0.0968984499057649
2026-05-14,-1.9940202357496741,-1.2970055088404047,-0.10774092596704488,0.16862360649704383
2026-05-15,-1.979344229147803,-1.71242627937379,0.13559845955987923,0.7116094400036982
2026-05-18,-1.9476360834825475,-1.7809063221746484,0.17533815202900768,0.6398893968124498
2026-05-19,-1.9620843292703931,-1.7350565118004837,0.09858233208025807,0.4508638255710164
2026-05-20,-1.9447541206535095,-1.5749175481127018,-0.05408110296492168,0.5519789408293398
2026-05-21,-2.27676420348396,-1.374907576471364,-0.1710667737550715,0.23879917884318147
2026-05-22,-2.2888281339464833,-1.1717011190566102,-0.23954236460964962,0.006219207036714248
2026-05-25,-2.2549682580986135,-0.8918323016113443,-0.406244903085555,-0.36793072898775825
2026-05-26,-2.1246586678248467,-1.1208578246785954,-0.42364967729719255,-0.015433123522468686
2026-05-27,-2.0685263436325307,-1.244603158833634,-0.46378537333115755,0.039621121198443715
2026-05-28,-1.9368187681528997,-1.1280296545610264,-0.570395403103482,0.2637206903038932
2026-05-29,-1.9728709853369268,-0.40444439697811935,-0.5547328516598623,0.06074496932183821
2026-05-31,-2.4401874260126477,,-0.45041608648440334,-3.0
2026-06-01,-2.0729709781406966,-0.8387242092673215,-0.5047837224040017,0.3656791490614686
2026-06-02,-1.9917256290168621,-0.4603333045714257,-0.6066134684331999,0.18761252650773153
2026-06-03,-1.8031738814378386,-0.5083393786799963,-0.5407405226118087,0.139051849016363
2026-06-04,-1.7948155212143109,-0.08861833599677242,-0.6748735826082876,0.20184752177352056
2026-06-05,-1.847763204000183,-0.6962612368197063,-0.0757565137044707,0.05409512376536725
2026-06-08,-1.7200471348090316,-0.8013871896183178,-0.16356028075385703,0.4418975812707872
2026-06-09,-1.6830702745485413,-0.6462332701539227,0.14164203101144485,0.36691015410954336
2026-06-10,-1.6706307239034695,-0.6859335241372571,0.5213323300029092,0.47606400473031313
2026-06-11,-1.6144820443971897,-0.8725347431329071,0.20188162240813512,0.5742604080804351
2026-06-12,-1.586622922586415,-0.044425787886899534,-0.3662121322950556,-0.20238029203438693
2026-06-15,-1.3870302165898427,0.16935185439276312,-0.7545086839808718,-0.3783496020401428
2026-06-16,-1.3304514957958464,0.381079102787432,-0.771549749731665,-0.44195204080758405
2026-06-17,-1.2341220432566726,0.6536503237076533,-0.5065335414012386,-0.8660305458247528
2026-06-18,-0.9910297481439774,0.4753560333053764,-0.8439619722155295,-0.608628075808548
2026-06-19,-1.3004930988679833,0.18738253790435305,-0.890966729011202,-0.4651715531819589
2026-06-22,-1.2793686999645157,0.18887853581344252,-0.8172745737603615,-0.708153902646654
2026-06-23,-1.2708838933258646,-0.24516102398169676,-0.2936102884787665,-0.4392867316311662
2026-06-24,-1.2480866219488607,-0.268783328102429,-0.5055690181020318,-0.3282866473896516
2026-06-25,-1.2592104744486619,0.18127400926430215,-0.48816146648325676,-0.6561195190892417
2026-06-26,-1.2085706878940772,-0.27985584021091925,-0.46744543429044694,-0.39216929713073057
2026-06-29,-1.1448002621183186,-0.6213689084929862,-0.6016064855528753,-0.33901066509381583
2026-06-30,-0.6459966141860589,-0.19229186852216731,-0.8192089723264983,-0.5100050414479946
2026-07-01,-0.7583338627411887,-0.3542422117492189,-0.8894608599544919,-0.4716085308610005
2026-07-02,-0.7090582505162066,0.20862494720851554,-0.8981450037799843,-0.8073825233571653
2026-07-03,-0.5604943091179007,0.5770425045515362,-1.0703679441378087,-1.0279476779138654
2026-07-06,-0.5113888778041665,-0.29472494634945334,-1.0488460760538747,-0.8117183698160647
2026-07-07,-0.47740569457286974,-0.5604263312608501,-0.8784106472013202,-0.7500032875664314
2026-07-08,-0.4574812316612739,-1.251236729399299,-0.26059951016011873,-0.2838827393813718
2026-07-09,-0.45533596378744945,-0.8993582468195175,-0.6979419752712653,-0.16998332301856894
