Date,F,M,S,V
2013-02-01,,,,
2013-02-04,,,,
2013-02-05,,,,
2013-02-06,,,,
2013-02-07,,,,
2013-02-08,,,,
2013-02-11,,,,
2013-02-12,,,,
2013-02-13,,,,
2013-02-14,,,,
2013-02-15,,,,
2013-02-18,,,,
2013-02-19,,,,
2013-02-20,,,,
2013-02-21,,,,
2013-02-22,,,,
2013-02-25,,,,
2013-02-26,,,,
2013-02-27,,,,
2013-02-28,,,,
2013-03-01,,,,
2013-03-04,,,,
2013-03-05,,,,
2013-03-06,,,,
2013-03-07,,,,
2013-03-08,,,,
2013-03-11,,,,
2013-03-12,,,,
2013-03-13,,,,
2013-03-14,,,,
2013-03-15,,,,
2013-03-18,,,,
2013-03-19,,,,
2013-03-20,,,,
2013-03-21,,,,
2013-03-22,,,,
2013-03-25,,,,
2013-03-26,,,,
2013-03-27,,,,
2013-03-28,,,,
2013-03-29,,,,
2013-03-31,,,,
2013-04-01,,,,
2013-04-02,,,,
2013-04-03,,,,
2013-04-04,,,,
2013-04-05,,,,
2013-04-08,,,,
2013-04-09,,,,
2013-04-10,,,,
2013-04-11,,,,
2013-04-12,,,,
2013-04-15,,,,
2013-04-16,,,,
2013-04-17,,,,
2013-04-18,,,,
2013-04-19,,,,
2013-04-22,,,,
2013-04-23,,,,
2013-04-24,,,,
2013-04-25,,,,
2013-04-26,,,,
2013-04-29,,0.5037332316922334,1.7725967964294052,0.9213577720664039
2013-04-30,-1.0268776327947535,0.9771885176685617,1.9607307881921072,0.7465565950808255
2013-05-01,-1.0295708430239274,1.0832982519894163,1.9308086183803546,0.6918778041519762
2013-05-02,-1.0179715773583564,1.1377592679303006,2.0017270433539083,0.7172645530647046
2013-05-03,-1.0214333497149122,1.6305415099470804,2.2795257744675763,0.6918367804842143
2013-05-06,-1.0079820552639014,1.6576043237949398,2.022572042376666,0.632536483550042
2013-05-07,-1.0033013484085813,1.9438186521923921,1.7960799689714417,0.5702245407081931
2013-05-08,-0.9965031334301769,1.9305776124860075,1.4248148449336935,0.48559716101108014
2013-05-09,-0.9850916846796646,1.7917664346927824,1.4098441542797904,0.4652331001469546
2013-05-10,-1.016107006556607,1.6992850054122186,1.6001421575031884,0.5531140116403241
2013-05-13,-0.9583505524876121,1.1238344830168168,1.36947390505979,0.6376159059209495
2013-05-14,-0.8347646067274989,1.1658982856771472,1.7292130545841284,0.5994401514708941
2013-05-15,-0.7964320651335076,1.0334812610811528,1.5128217230463559,0.5740322096727674
2013-05-16,-0.7998053405860089,0.8100302067210712,1.5289444701114636,0.5204344121651419
2013-05-17,-0.7738449998365671,0.9806009291831307,1.681659559143885,0.5351298735846565
2013-05-20,-0.7714985394741487,1.1091940857950142,1.6689185922824723,0.49166546653002585
2013-05-21,-0.7274964703353439,1.3202826275768587,1.3701666987928618,0.47789996110144844
2013-05-22,-0.7303278881531813,1.443680227015156,1.5926620326596417,0.356971174752027
2013-05-23,-0.7425231589484109,0.5011221594109955,1.0400487152089446,0.6430579487149412
2013-05-24,-0.7385903584349802,0.37450475299689867,0.6781921396678275,0.596591128574843
2013-05-27,-0.6715911243289728,0.27205693124403524,0.9201196966376695,0.5986558896573471
2013-05-28,-0.6642677725229883,0.45717688878794027,1.0132434124884733,0.48997897851507094
2013-05-29,-0.6269260582941549,-0.06127928451102144,0.15502027463519355,0.5572526751216264
2013-05-30,-0.47406095517400443,-0.09138056663471723,-0.08111722845384929,0.5888390334547229
2013-05-31,-0.4395681970832618,-0.5705990962917987,-0.45346561280265024,0.5888544856770671
2013-06-03,-0.3186709311997024,-0.9659062658201865,-1.626608262514261,0.751683346090134
2013-06-04,-0.44828599844328637,-0.8190618094574944,-1.5773931739423208,0.49052858053524284
2013-06-05,-0.42650980971331875,-1.4056920598082963,-2.2067167211586547,0.7015875912913216
2013-06-06,-0.38982837102987944,-1.662820759778165,-2.8205014950661518,0.8543500259890903
2013-06-07,-0.330384375701964,-1.702371886586863,-2.816111215131222,0.8500428344534836
2013-06-10,-0.4254290680684738,-1.7018885190451156,-3.0,0.9664171487219693
2013-06-11,-0.41490265728921877,-1.9760360120934375,-3.0,1.192427029429052
2013-06-12,-0.3867495254885897,-1.6293872992005796,-2.592327872966727,1.0694676514259651
2013-06-13,-0.4218995424595636,-1.665403389452528,-2.628473155039731,1.3107458459201284
2013-06-14,-0.38857540305249644,-1.1798986657525536,-1.77023248523641,1.1176958060179734
2013-06-17,-0.3531697949712108,-0.9483451965349698,-1.653923888762546,1.0854907427393146
2013-06-18,-0.3438307769583947,-1.4265597119465636,-1.9282535344392884,1.1480158881668625
2013-06-19,-0.3041916362069831,-1.4088565593493332,-1.3516639898718361,1.0669139304251387
2013-06-20,-0.2689822858968902,-2.5208959646725533,-2.2205532080282264,1.3424848352679195
2013-06-21,-0.22172540820112366,-2.6268244358446875,-2.217037815095959,1.4286894550034694
2013-06-24,-0.06941418971899627,-2.901198060138485,-2.8942113687855944,1.5023576260731686
2013-06-25,-0.05908410385286653,-2.481782091373254,-2.4734596884341387,1.437770372161435
2013-06-26,-0.026968683469238086,-1.9184064204968467,-2.353675823202244,1.1532872609118183
2013-06-27,-0.005517710635573256,-1.3865176811486994,-1.568516495523083,0.9683917854527342
2013-06-28,-0.037150789726181035,-0.980860098584486,-1.3605320701321502,0.5488367600481163
2013-06-30,,-2.35849045917536,-1.123422317992911,-0.24916815079319515
2013-07-01,0.04239017849575351,-0.5974677177579764,-0.8284840899616017,0.6105812279398112
2013-07-02,0.0736818351348822,-0.8642901898952846,-0.7230855691316052,0.7149903791706164
2013-07-03,0.1070346110273162,-1.0265466543915438,-0.4894004770750534,0.9998056084304633
2013-07-04,0.15002952135403175,-0.8919486617026536,-0.14543192882532016,0.7656510897888519
2013-07-05,0.1313792441217811,-0.990607655778306,-0.1694900811958465,0.8014024101771455
2013-07-08,0.2122912815728728,-1.3543933831218367,-0.3494698083003288,1.2358272645119135
2013-07-09,0.2588619994980792,-1.0535762673523805,0.4220736834098965,1.0898533000537622
2013-07-10,0.1470279484716675,-0.8661980420133444,0.1870080274810558,1.0107669904930654
2013-07-11,0.21842443856237725,-0.34562870267186085,-0.05502276121098998,0.6476197682201028
2013-07-12,0.015147315945587023,-0.3919686090331851,-0.2049610496720576,0.6405744546294374
2013-07-15,0.07577010150291126,-0.31969542850794674,-0.2953842358299717,0.5238387304116493
2013-07-16,0.1247718814634067,-0.38667906734892904,0.2786992649188702,0.49946299713100223
2013-07-17,0.23223439443893545,-0.5065381138363599,-0.026073610835181393,0.43769503272434024
2013-07-18,0.25219542378696186,-0.2667859296904786,1.4944579424982742,0.45892468564197264
2013-07-19,0.26517915331258635,-0.5613863573110224,1.5327844175244334,0.6587270872695077
2013-07-22,0.3033239597321217,-0.20105846423447163,2.6154632217481764,0.5659758577374214
2013-07-23,0.2825830314181161,-0.21608860237862695,2.2612070152158568,0.22802727557177951
2013-07-24,0.2427395545197914,-0.45480893534032185,1.924186954170854,0.18318001440785323
2013-07-25,0.27654654269041223,-0.6497401893498523,1.4180029633683309,0.28910487948305214
2013-07-26,0.23631439038246474,-0.7480849532672156,1.166999716103081,0.2768915517214662
2013-07-29,0.3334291608105664,-0.9044112584907433,1.2633646252243655,0.3386399260648258
2013-07-30,0.26631483683775325,-0.9183877065374393,1.164431371504638,0.30276057646149096
2013-07-31,0.28733479945522145,-1.1366824055731195,0.9560332730905173,0.42229393044084496
2013-08-01,0.4031856700142764,-0.995394706361718,1.286024819215879,0.2599752347458766
2013-08-02,0.08343688753124265,-1.003032634658388,0.8835939243228109,0.2637121958682213
2013-08-05,0.16796200922411705,-1.08348305894835,0.7393958144218921,0.19291660520935314
2013-08-06,0.17945034927176848,-1.2686292281216516,1.111242456756856,0.4045031106753246
2013-08-07,0.18778906896206915,-1.3853815548538784,0.9255283698982331,0.5204850872237506
2013-08-08,0.24130677549037508,-1.1340968134824854,0.848008269994253,0.3474678601134004
2013-08-09,0.10905055118270067,-0.8015935574614079,1.1159631170086537,0.22666172282564498
2013-08-12,0.12201968247672569,-0.7212779172376256,0.8745489370180056,0.06932244760265409
2013-08-13,0.09577517108201623,-0.3849283099545614,1.0125031618691518,-0.13255840637704866
2013-08-14,0.10559418352348314,-0.3825915578176274,0.7580810987956794,-0.20386114204749617
2013-08-15,0.10936451683811065,-0.5541354110710307,0.858500143414441,-0.19815664822828902
2013-08-16,0.13256628814710092,-0.6700113127585894,0.4819059997495154,-0.24005761831690473
2013-08-19,0.2189897991919806,-0.9957613218321902,0.31328529791753695,-0.0388443679077868
2013-08-20,0.04938444971898278,-1.2571191579609144,-0.29447345788045115,0.30373509424002626
2013-08-21,0.01527161997692106,-1.3884324550777425,-0.3401838229695167,0.33951763001305485
2013-08-22,0.26896567328144305,-1.3207572931757476,-0.30321925602974786,0.38725640633915426
2013-08-23,0.34458382282627575,-0.9499951485805094,-0.2623456457341417,0.17773501381797674
2013-08-26,0.3969623956708145,-0.9579331977438587,-0.011984944516137458,0.1989527499502348
2013-08-27,0.4651765616856546,-1.5144448237343464,-0.059366852538474534,0.51216138102633
2013-08-28,0.5019089531027078,-1.5241268860445125,-0.0037443625416929954,0.5812578632164983
2013-08-29,0.5327183814549751,-1.2368874357264728,-0.051361068396822813,0.32711641490180127
2013-08-30,0.7195849221949161,1.2419103482526872,-0.2891525445162495,0.07259466849927142
2013-08-31,,,0.5265623188383052,-0.6470058605536904
2013-09-02,0.893412763440882,-0.8301612415738845,0.019048550588514637,-0.1777062490616238
2013-09-03,0.8207383006664024,-1.1318368385074071,-0.028553155621668252,-0.1889040829904584
2013-09-04,0.8531658543097631,-1.0146851584905772,-0.02675946390216041,-0.18541182700117464
2013-09-05,0.8411641716083986,-0.675632392111157,0.18816497262133833,-0.44870494321104587
2013-09-06,0.882129423071823,-0.39301461531302684,0.10695165530889826,-0.5049415553575748
2013-09-09,0.9073310766555367,0.03749837955941937,0.08000993314304053,-0.793636420406556
2013-09-10,1.0993858825716922,0.36892511658539395,0.080545321774055,-1.0077161645440724
2013-09-11,1.2594203092070804,0.2893355567467924,-0.33489864641478717,-0.9120219549028703
2013-09-12,1.6328762219488717,0.33475961404974736,0.05760728657355997,-0.9166956949423147
2013-09-13,1.5774120660721243,0.3575089435185802,0.13649041235174872,-0.7835172109885358
2013-09-16,1.5755601696216743,0.6228519629324523,0.35559949344620284,-0.997249154425037
2013-09-17,1.4341440508951975,0.8858829235183385,0.5646499898568057,-0.9418846231360786
2013-09-18,1.3835594979680763,0.8701005491842962,0.6302246794816003,-0.7481041826449527
2013-09-19,1.3791573275222724,1.4882541353786984,1.3773086547935358,-1.1589576133725914
2013-09-20,1.3877668111862544,1.203798682172547,1.304020959915824,-0.963683065432695
2013-09-23,1.4424745703599071,1.1046268047357815,1.342709628459105,-0.9829346490310573
2013-09-24,1.4690312282231452,0.739592085761106,1.1535080964493472,-0.8551796807837356
2013-09-25,1.4635929687131084,0.5690548364296381,1.3628458513890649,-0.8197300566294387
2013-09-26,1.3817782797355247,0.4245222066470976,1.348072947426898,-0.7573678510302131
2013-09-27,1.3609022279005,0.5151760727250265,1.5019959922954824,-0.7063010647002795
2013-09-30,1.4013355836058086,-1.979960108893873,1.4346067874616424,-0.5227938665814839
2013-10-01,1.1968300045997131,0.5749519752948239,1.4616096486604686,-0.6619180855744479
2013-10-02,1.1212269229249652,0.6147751495624569,1.4766100506481188,-0.6650501501158003
2013-10-03,1.0781217300223622,0.8085764707730184,1.5367988493752303,-0.9010790214936327
2013-10-04,1.1331305502623719,0.7998033487342245,1.4410796506754833,-0.9006576557218274
2013-10-07,1.1882594544775889,0.7283600802409939,1.8243541575515214,-0.9042256477118907
2013-10-08,1.1008284245494298,0.7845058061193236,1.9339256891809167,-1.0737832037506767
2013-10-09,1.1011159093019198,0.7199686210210035,1.6728509767610116,-0.9622116059114936
2013-10-10,1.0175496183959147,1.0106239604568816,1.4476727897772586,-1.0007068142205418
2013-10-11,0.8636557315055945,1.1620711830294312,1.206198493816366,-1.155739403407914
2013-10-14,0.6829745412726409,1.0266893835157276,1.2311737109637058,-1.0957359175653723
2013-10-15,0.7247498593009319,1.312543606608021,1.4302672770466978,-1.323554999635053
2013-10-16,0.7581078548431813,1.4106675534173811,1.0333622499350041,-1.2269235840092843
2013-10-17,0.7018663488124175,1.4391152543282566,1.0931469840572379,-1.1413234524632017
2013-10-18,0.6213787372951686,1.45159153119776,0.6393455141233635,-1.2431951167944204
2013-10-21,0.5599547054919298,1.3930658693366418,0.7365276062127499,-1.2573989620064114
2013-10-22,0.5112576968499392,1.408270990519436,0.7509827528776924,-1.1693311084086064
2013-10-23,0.5215725643350997,1.0758287596922793,0.974378041490852,-1.0161226577648494
2013-10-24,0.6063207163057561,1.0033909723748828,1.025522750298097,-0.8735576511473108
2013-10-25,0.598526574950515,0.8337801683896083,0.8702031928247986,-0.7353545044796413
2013-10-28,0.6194041257287831,1.203436027622512,1.0633364543913566,-0.9886650958305098
2013-10-29,0.6323471815417417,1.225547015783201,1.236908144833007,-1.0127178666823482
2013-10-30,0.3995002754707059,1.3762536378741714,1.1180482666478477,-1.1279193144653994
2013-10-31,0.31828027946953363,1.1896779925853456,1.116227610390104,-1.0695759355309014
2013-11-01,0.4227746745495637,1.151751703254963,1.0474581299986039,-0.9776481011072453
2013-11-04,0.2790975853687824,1.1798292542545434,0.6439731322487287,-0.9837504731398866
2013-11-05,0.26440031193932406,0.8924989829579012,0.6358641566204023,-0.7967658398384546
2013-11-06,0.28283880521702587,0.7364487293130321,0.2924487589662565,-0.7398815633556797
2013-11-07,0.2230183096386095,0.5196977776673529,0.3516519384424613,-0.6976697576874336
2013-11-08,0.44484459723563863,0.21358497227345402,0.09193679430579559,-0.38615427128085245
2013-11-11,0.3186560117180718,0.1779741862306656,0.047243688188257124,-0.9084609847328788
2013-11-12,0.10631368896956658,0.00930223973947047,-0.3279102178596932,-0.41835031363825076
2013-11-13,0.06558823925486719,-0.15892282190381601,-0.6365466423971904,-0.0702924097129958
2013-11-14,0.210705831883439,0.2874102100554085,-0.6944053224429523,-0.3289772454364866
2013-11-15,0.1688578213339839,0.8366981266267403,-0.4786885313731033,-0.6835921652591535
2013-11-18,0.2053521841207508,1.1587224218991925,-0.5466442176961792,-1.022198708517862
2013-11-19,0.1453621557639118,1.1261477595926201,-0.45856033124936013,-0.8322582788379832
2013-11-20,0.14688430927247545,0.9484123287804501,-0.35907055487431977,-0.7858688366021002
2013-11-21,0.2229221715718281,0.5008353180039268,-0.6842435368513617,-0.33906995834700254
2013-11-22,0.22856793566325959,0.6235652080909845,-0.7274330440169998,-0.5013011606497717
2013-11-25,0.22048906046053066,0.6722939318000821,-0.5106705706521183,-0.5656779468725813
2013-11-26,0.20730936852302992,0.45308419855783,-0.5984769200944559,-0.3852044525675492
2013-11-27,-0.018337683044169613,0.45315960421965934,-0.4751030766065746,-0.6888506348915683
2013-11-28,-0.05008298554945925,0.4374574215986334,-0.4704919651314825,-0.7280775220507024
2013-11-29,0.03331666640073266,0.48557355845684064,-0.4217796777500854,-0.8670588823395255
2013-11-30,,-0.7748573598977447,-0.46646323915161847,-0.46157642362413964
2013-12-02,-0.015932852797054795,0.3521934457553571,-0.05002207831532853,-0.8388614839724954
2013-12-03,0.16566756321556425,-0.020710048561132822,-0.10562909697110742,-0.6450910367355098
2013-12-04,0.14847955066223015,-0.20634878576606072,0.1640646219378891,-0.5248077378324395
2013-12-05,0.08915122891269772,-0.2889425041830709,0.36399558309112756,-0.6812153972340387
2013-12-06,0.11317368364940036,-0.40783652767918815,0.1909571458900356,-0.6893789914709574
2013-12-09,0.0443187902256469,-0.20427081879543418,0.20121272025882736,-0.872184191307737
2013-12-10,0.07806387453026783,-0.008917755414978693,0.7133669464676357,-0.8005099186711971
2013-12-11,0.13771280742790096,-0.19249100088910195,1.1610642266753393,-0.6454095474505417
2013-12-12,0.07804540180296005,-0.6158839233927401,1.2131494214598626,-0.2670965226643033
2013-12-13,0.10149600101591114,-0.6228909034217843,1.0772910873030288,-0.22681398456848786
2013-12-16,0.09519195240374599,-0.5847658781650668,1.001141924940801,-0.19085467516975332
2013-12-17,0.050388056945486905,-0.7257809683100553,0.7629992532863301,-0.23364483336747816
2013-12-18,0.268515580358023,-0.5506086522799966,0.5349786534743524,-0.24879715318270623
2013-12-19,0.30176196219132106,-0.5865814162490259,0.8850823810730126,-0.24786292704771945
2013-12-20,0.36848872142929656,-0.9232425527034321,0.8288285810483998,-0.08303801843588815
2013-12-23,0.41857697943430905,-0.6966490671419805,0.8230668794375178,-0.31577000369742503
2013-12-24,0.44444674496752246,-0.43143569809920856,1.0473743687653,-0.4278398355640391
2013-12-25,0.07616916078624272,1.595098628715902,0.9343730635884084,-0.4170645774500873
2013-12-26,0.7176772610047715,-0.38901320389341687,0.9055176828556591,-0.29348028779556784
2013-12-27,0.7790769096701784,-0.2920040127285475,0.9149513898393692,-0.4775227384996886
2013-12-30,0.9462532634875955,-0.15893476841275075,1.0549155822592997,-0.5871099941466105
2013-12-31,0.9728393962092465,-0.2201901167310199,0.9113748471917575,-0.6218657058364193
2014-01-01,0.7865423543993023,1.7477462618801463,1.0571114202065506,-0.6545453163723107
2014-01-02,1.0826762748435452,-0.8369847389110247,0.9605690150374487,-0.26444742874675814
2014-01-03,1.2658563587325802,-1.122487342975271,0.8359509984208869,0.06844039249517068
2014-01-06,1.3504310304168712,-1.2449743719815929,0.7484227620633284,0.22640214554075463
2014-01-07,1.3339320922908673,-1.3341008390416667,0.6043768425521735,0.27873462289170314
2014-01-08,1.3927489061426994,-1.278147295164495,0.6460838165812651,0.2213462018674057
2014-01-09,1.4636690122827702,-1.5769950104076111,0.4338633278869645,0.5092423806487831
2014-01-10,1.1414060082407753,-1.4789931777881251,-0.09742487357517976,0.3390708838625251
2014-01-13,1.1833105750630097,-1.2085303180541689,0.06357289878417496,0.07512198809131383
2014-01-14,1.2432499212581811,-1.2056055754661235,0.08499743116113039,0.1628186314742564
2014-01-15,1.2218500755172634,-1.0393823285787565,0.3559194244542462,0.07160584041551993
2014-01-16,1.1702749063425182,-1.2127274604352405,0.28139691869719885,0.19365200474582964
2014-01-17,1.3075028890864309,-1.305994007578076,0.10384067045728647,0.24927548784468442
2014-01-20,1.3378343983399323,-1.2894476152069467,0.04925520098054455,0.27964704485163366
2014-01-21,1.1527002665087516,-1.2913224286820089,0.0011326519478774661,0.3302147663085613
2014-01-22,1.1742452671643273,-1.0344746321842326,-0.1136117866324487,0.1231595559152792
2014-01-23,1.2902787466860142,-3.0,-0.42451952892229206,0.45276934335274255
2014-01-24,1.3364117211151807,-1.7079261769070166,-0.2890598441270472,0.4742818126642637
2014-01-27,1.3027866248641093,-1.9430386823133086,-0.5046389456488548,0.8356241404537341
2014-01-28,1.313786056783882,-1.7582849889260856,-0.6814687824305788,0.8165417028865706
2014-01-29,1.4364236835207198,-1.6493008515493823,-0.7299840212585421,0.7418052066286321
2014-01-30,1.439631755906995,-3.0,-0.8446812985776182,0.8215378786663732
2014-01-31,1.453567094114763,-1.6483073214107742,-1.0659105763571242,0.776395111793588
2014-02-03,1.3995522461549412,-1.8847435977374256,-0.8882337502715245,0.9079047520991789
2014-02-04,1.2557128588396134,-1.9508946127305882,-1.0503070949997055,1.1929851869893098
2014-02-05,1.237678914684071,-1.7896044174796057,-0.6292464788327261,1.1835308288316677
2014-02-06,1.220341954023077,-1.3427042938319997,-0.7990622079818778,0.8309449296644421
2014-02-07,1.1841042306409792,-1.219585982976579,-0.965005588856483,0.7658893413356648
2014-02-10,1.2637100508905772,-0.9411683540426058,-0.44366823136859534,0.8175142923895913
2014-02-11,1.29370345137474,-0.7424944623960311,-0.3794308225301367,0.5642564062699879
2014-02-12,1.4034111668099887,-0.68373857982393,-0.4659852399651755,0.24045888257461573
2014-02-13,1.295418162484109,-0.914829399219726,-0.8928377393131258,0.5458384873414924
2014-02-14,1.2898116910881194,-0.708209479183712,-0.7372692350705051,0.21747273321596913
2014-02-17,1.2163367445574769,-0.6419333717505974,-0.7301523436455045,-0.015605561245912704
2014-02-18,1.2913242083249314,-0.6529727743759307,-0.5601395760299847,0.16278906076976934
2014-02-19,1.2060268663366713,-0.574331729503938,-0.30491212260558775,-0.029874075779012743
2014-02-20,0.9372685676989957,-0.8263154785834879,-0.47117366492185947,-0.34963879988337904
2014-02-21,0.49057739992940547,-0.6833766745538288,-0.006061680944534745,-0.6556930576190733
2014-02-24,0.5120485876669402,-0.6405490534805759,0.7052203882079191,-0.6228833818540281
2014-02-25,0.39223080074987043,-0.8586213587314551,0.6733035753563924,-0.54336660097111
2014-02-26,0.31488696325983645,-0.8568801554442382,0.6546869110711444,-1.1671285099967676
2014-02-27,3.0,-0.5589758318057498,0.9036176248567348,-1.328349442220016
2014-02-28,2.9415972252199807,-0.2876088441706519,1.3089391129804975,-1.3764326005781788
2014-03-03,2.8265086953691774,-0.6969272423311063,1.1840550580068214,-1.0270146081702383
2014-03-04,2.704576537101362,-0.46189644488169684,1.5887967322405276,-1.1265263311661613
2014-03-05,2.5913819537233755,-0.35766892584970406,1.530376428572164,-1.186300255292864
2014-03-06,2.503548873770634,-0.18395624452089662,1.3795030975665237,-1.405110207380983
2014-03-07,2.50501919370612,-0.2819359815690943,0.9931908782367935,-1.3481335521377908
2014-03-10,1.9502483468860439,-0.48405840168560915,0.6415851401742912,-1.0569150644286995
2014-03-11,1.9836583595647586,-0.3888626847932584,0.49098148886711673,-1.110869678658688
2014-03-12,1.961521345550422,-0.7680373505463112,-0.3477861902157571,-0.7149365676078557
2014-03-13,1.717088033994806,-0.8883334672150837,-0.5549274321146492,-0.8069668186362527
2014-03-14,1.4839761356473338,-1.0781330519193937,-0.419870056282337,-0.5748883019639928
2014-03-17,1.4386539318313087,-0.8658932001229009,-0.699201851199985,-0.7819661773186473
2014-03-18,1.5103654332333811,-0.552210934793409,-0.5644389609589597,-1.022227018414024
2014-03-19,1.4886856943733597,-0.47094385509235986,0.15221251831691965,-1.0643268749069668
2014-03-20,1.5300856422742846,-0.7416904919952719,-0.19231115087542136,-0.5803370270393706
2014-03-21,1.5111127269146063,-0.6959851737299647,-0.3623944136707179,-0.7421552082178069
2014-03-24,1.4687458151796584,-0.35141136736028245,-0.3447974971966914,-1.1020160640150043
2014-03-25,1.369513186767639,-0.19585709634297777,-0.7035895179869592,1.8084203656511162
2014-03-26,1.3557669742624217,0.007020408390004126,-0.29721537635805506,1.544286043331425
2014-03-27,1.332138197534991,0.1016462831883192,0.09932222426191463,1.3821436543362906
2014-03-28,-0.37244779176732445,0.2812825060650938,0.44805356304348576,1.0334754287184456
2014-03-31,-0.4287077954349964,0.3626684274916431,0.10167006831758552,0.8658353400857074
2014-04-01,-0.33655559842380617,0.7909493829757059,1.4434487085832621,0.6827896891303826
2014-04-02,-0.3673212586792433,1.0540653607304218,1.1065049943277099,0.5547743245941825
2014-04-03,-0.3052084913931132,0.8751120768967846,0.8233186925948675,0.5799651944379763
2014-04-04,-0.2738723491392642,0.9902177868001634,0.5940503198452319,0.4451473817276741
2014-04-07,-0.24458606353676193,1.0003272684865256,0.6639975934559269,0.2635844770375383
2014-04-08,-0.20154238581489087,1.0809334872765677,1.0615959643925945,0.12054137198296798
2014-04-09,-0.15898892396525002,1.0618901370805904,0.8100744311870486,0.11351602147318088
2014-04-10,-0.4317251495817042,1.1587671737240428,1.6534077368601283,-0.1478569637979402
2014-04-11,-0.8242487668907943,0.9214435686516244,2.053261715338031,-0.014690983408917899
2014-04-14,-0.8407558907581751,0.7103024218563058,2.1030060033198996,0.137677879735103
2014-04-15,-0.8449303168757792,0.4054040992618405,1.4924801818747253,0.4145754462366609
2014-04-16,-0.8688784720073921,0.43877184443317874,0.9375369634298776,0.48368605556372396
2014-04-17,-0.8858329033791901,0.41835916065612566,0.42427914561381763,0.21277679064228053
2014-04-18,-0.4662333855122604,2.3588112646214006,0.6104039459112323,0.23980589431582638
2014-04-21,-0.9124131186971582,0.44165097166986084,0.839780312640624,0.2282444425349209
2014-04-22,-0.9375743863324091,0.517316734279447,1.0110335353094877,0.29011718155970034
2014-04-23,-0.9880545964415564,0.4224461988511194,0.7632790652837663,0.3172673700048593
2014-04-24,-0.975924909702337,0.5372578608236035,0.5128355846457738,0.25929265030017895
2014-04-25,-0.9317637187665152,0.03975268951522158,-0.13450103512336892,0.5043404838144587
2014-04-28,-0.958309239789135,0.007846313216216233,-0.5325680579257753,0.483922019018748
2014-04-29,-0.9663176050636229,0.4194208130967804,-0.44256751238698794,0.31224912593277615
2014-04-30,-1.015410336076021,0.2823457251066433,-1.2576577283104893,0.49212537300921777
2014-05-01,-0.9477167379308993,0.3172955020850366,-1.5190355198063772,0.48946143043022183
2014-05-02,-0.9984766371191094,0.6476459375866486,-1.298335406868687,0.22983188783390832
2014-05-05,-1.0820179443242566,0.6239966927998803,-1.0302435777273435,0.25816509680036126
2014-05-06,-1.0704249205468734,0.6785302836839943,-0.6175293230040321,0.17733732117069226
2014-05-07,-1.0263827780221966,0.6752070483334808,-0.5495091847671246,0.1700566377664071
2014-05-08,-0.9426774802022547,0.905002844995379,-0.15190370633093236,0.0470212353394365
2014-05-09,-0.920016144555306,0.8267914525745483,-0.03952842247784997,0.07965478257302182
2014-05-12,-0.845772588799655,1.230573971214001,0.10855217917413809,-0.165945581691875
2014-05-13,-0.9698111951208336,1.448851621370622,0.4212530839625179,-0.2486156583346559
2014-05-14,-0.960196957979829,1.4230111034703736,0.3602335054493287,-0.5179656750979859
2014-05-15,-0.8635709090676523,1.2429717583498772,0.5936152326015798,-0.47583815906921895
2014-05-16,-0.8610161058621251,1.3981700493804703,-3.21742493522317e-05,-0.510785876068636
2014-05-19,-0.8291776246125104,-0.6139219547306366,0.06467808997101036,-0.6354861045524131
2014-05-20,-0.7722776099217096,1.4590454555627717,0.0900708903810473,-0.5705260306587879
2014-05-21,-0.6898321460100707,1.5083305317971367,-0.15777251595080855,-0.5760803196411987
2014-05-22,-0.5571212495415865,1.6482338725241905,0.13799299754638325,-0.8097367456707038
2014-05-23,-0.5700966154328071,1.8555266960409331,0.2281728341585318,-0.7743376853201994
2014-05-26,-0.43391843718617157,1.85787158932793,0.7093369963799353,-0.7324856075481595
2014-05-27,-0.579919184880171,1.5598673389224729,0.9362754325485094,-0.48401024334243653
2014-05-28,-0.5244659852211522,1.7526902585017259,0.8205125681159111,-0.5853377803785338
2014-05-29,-0.5013512341301916,2.1363173101294706,1.5437597788442807,-0.5641012993266108
2014-05-30,-0.5349563313784136,1.7756149576455365,1.623765676413544,-0.30444740449673036
2014-05-31,,1.161149412815848,1.3299193258743942,-1.6490721530372265
2014-06-02,-0.6169123718342705,1.9166603284080344,1.6074526170232062,-0.46123448216016844
2014-06-03,-0.6296156599984636,1.8308533521790167,1.5623689438851396,-0.7690784382781549
2014-06-04,-0.5681700348119011,1.635966260864375,1.3092521413636715,-1.0369904563082304
2014-06-05,-0.4693899876103619,1.7772009337252839,0.8950449045552484,-1.0755122632768084
2014-06-06,-0.31148159616746446,2.0944205438485253,1.127174449824483,-1.3590334538086772
2014-06-09,-0.2401810829972453,2.605636259362252,1.381660889180279,-1.486796237966314
2014-06-10,-0.17569427199525822,2.7725493429958346,1.2048861850236534,-1.9085346757641244
2014-06-11,-0.07529372438446731,2.8830878459072387,1.3560594549640923,-1.881029059050056
2014-06-12,0.027414086370395763,2.6994258391666235,1.168450147692982,-1.755572891117599
2014-06-13,0.03630052626404548,2.222615751801033,1.09246513381775,-1.456504777171633
2014-06-16,0.01725037247314999,1.9208673745959395,0.829425126148002,-1.412983680148867
2014-06-17,-0.11495702085896635,1.7103215737248516,0.8569456580513778,-1.292733716682117
2014-06-18,-0.11916819143784334,1.6109777749518661,0.40883001534492147,-1.2200855412856564
2014-06-19,-0.07984999910402621,1.7656285818883874,0.5428345933696866,-1.5355133276501625
2014-06-20,-0.06430624602897114,1.7656034472418594,0.4441735812951837,-1.1214898139829086
2014-06-23,0.14837544146383108,1.5688068216076791,0.5315481543523397,-1.0787684091934011
2014-06-24,0.1679430893903692,1.6746217051927976,0.7899498390859887,-1.3261082330285998
2014-06-25,0.14129357014330957,1.493735192451549,0.4891606270725385,-0.9433151194444823
2014-06-26,0.12151310480312545,1.4306466851116952,0.014718257183854428,-1.1759756070659362
2014-06-27,0.004546069417614544,1.3225414160643743,-0.18548834058765074,-1.0951046184102677
2014-06-30,-0.011871875286768922,1.0918662185605268,-0.13023891938671447,-1.2965744530847683
2014-07-01,-0.04829321313144301,1.0717094498025115,-0.4789750694782023,-1.382153415733636
2014-07-02,-0.09199118055176034,1.2129541385216864,-0.3922599540869137,-1.8295634823718745
2014-07-03,-0.10509708134028962,1.1986811652393843,-0.4050446221873509,-1.8285700555510096
2014-07-04,-0.1163922850578689,1.1330725025508184,-0.3305529113220729,-1.8657279733074865
2014-07-07,-0.07296069224175457,1.1316461275598433,-0.7167873963611243,-1.8923165921148895
2014-07-08,0.04952426879129244,1.1196506047548247,-1.0205291563405057,-1.9040146147608616
2014-07-09,0.12080790429369032,1.0166300520379654,-1.136941856456853,-1.6983590939011843
2014-07-10,0.05545523307023175,0.9292325172655883,-0.9614843114584534,-1.7460422830733793
2014-07-11,0.14226434231675344,0.9144466506223915,-0.757732517928311,-1.5981760850529774
2014-07-14,0.12794968936513942,1.0430689642411741,-0.6541581640160211,-1.7441520237989017
2014-07-15,0.16020330029110783,1.0857659242343267,-0.3376231499283777,-1.850682739949512
2014-07-16,0.2585908306186341,1.10985253418435,-0.7195182393844639,-1.8040721727273152
2014-07-17,0.09919582562529237,0.9002291756000781,-0.8092845388183735,-1.7504382353929318
2014-07-18,0.09329516912349535,0.970970517305014,-1.4495243579329926,-1.6585723334723301
2014-07-21,0.08833835080256107,0.8732026922228179,-1.5802071734206666,-1.6581785183654592
2014-07-22,0.09389441516468504,1.0554878498912976,-1.7205594096200927,-1.7970404122944823
2014-07-23,0.10393121513527762,1.16720458889032,-1.8097343309838487,-1.836786845590504
2014-07-24,0.27380962741686127,1.2967393465896546,-1.3784407199806854,-1.869812656184264
2014-07-25,0.29596415958292654,1.218861323389304,-1.5597893594463175,-1.7626864363326415
2014-07-28,0.27897257866847647,1.1555857125541384,-1.6239695613345988,-1.7768592149063234
2014-07-29,0.27144713133612935,1.125664525090911,-1.6125644319323738,-1.7923929224997186
2014-07-30,0.14082326601775466,0.9712868660180421,-1.4425606495249899,-1.818521219774464
2014-07-31,0.13465729790611197,0.5607082244924704,-1.1613215390332703,-1.7035309065043582
2014-08-01,0.22404029282420615,0.3461212024483498,-1.801423705070581,-1.586860878213738
2014-08-04,0.30322288959082705,0.603500837148539,-2.1319605519604066,-1.712326409993592
2014-08-05,0.25009589295660384,0.460869025680439,-1.9937834924401845,-1.6478706044936786
2014-08-06,0.21597790296066557,0.4208896977032647,-2.3936039485152265,-1.4620468964354427
2014-08-07,0.22869123598599198,0.34353768613639657,-2.5135208758848684,-1.3855121656610552
2014-08-08,0.39739862983825575,0.31487745558130886,-2.4396273184310515,-1.0823850855511745
2014-08-11,0.34865590861048157,0.6255887536081876,-2.2938467547447643,-1.485874538674281
2014-08-12,0.16393169462876878,0.643709475948735,-2.070992070373223,-1.5471092364290746
2014-08-13,-0.017912636014919832,0.7682531220147063,-2.023048274525158,-1.558135442984218
2014-08-14,-0.1395787179716789,0.9586440373863372,-1.8176848154913787,-1.5325550217241042
2014-08-15,-0.12338484763764154,1.1226902548780087,-1.1110449127329198,-1.5263443497679778
2014-08-18,-0.3517950381384262,1.0920969871651527,-0.8713740833341825,-1.5327697972679484
2014-08-19,-0.3404128025322154,1.1235175239899977,-0.4720028905539456,-1.604284834005316
2014-08-20,-0.31186398011958333,1.0929687029072985,-0.41330170975033304,-1.6010550907815855
2014-08-21,-0.4470345703455545,1.0394657966803786,-0.4714406097516989,-1.523455970133278
2014-08-22,-0.4377156997885406,1.0586134134476037,-0.5687294315145471,-1.5524822090036243
2014-08-25,-0.4029887168813716,1.0131795581849488,-0.173691960284428,-1.5441718142991638
2014-08-26,-0.3395985940100077,1.0121612582155672,0.05727362212617251,-1.2409594074771821
2014-08-27,-0.3485004898669459,1.055636274717348,0.38073855836039266,-1.3289424161741235
2014-08-28,-0.3100941860031146,0.6362291901395054,-0.06347856296207477,-1.2117735457637009
2014-08-29,-0.21576666886812165,0.5537063743575403,-0.1333304040636607,-1.213482178622466
2014-08-31,,-0.3974540661072123,0.3568590526112493,-1.37090233267527
2014-09-01,-0.2856084556981559,0.694042670234378,0.3557407656299179,-1.2711985226698248
2014-09-02,-0.23016290830521555,0.6530883716394996,0.6412055831872759,-1.2670764292768668
2014-09-03,-0.2852601751984517,0.8175427072846146,1.385964670528975,-1.4557156852882065
2014-09-04,-0.253467509730149,0.8119378134182321,1.8255248875748906,-1.4812276508336273
2014-09-05,-0.26470700765371624,0.6801577876284722,1.8276395407266623,-1.417412181068628
2014-09-08,-0.1613669340631257,0.42824121098527523,1.6409376769097865,-1.4462140809850579
2014-09-09,-0.13915250171610194,0.33460457693649515,1.5012065159189036,-1.3950714701007687
2014-09-10,-0.20168402005676975,0.06586296267003315,1.0389192568255596,-1.2235918205968657
2014-09-11,-0.14842461266940224,0.01907936988834182,0.7808606686144026,-1.1423029540444338
2014-09-12,-0.2048517363376902,-0.044068025018719176,0.9090222737494738,-1.101595294841714
2014-09-15,-0.5905902813761671,-0.17423563774616463,0.4232108747147735,-1.0441757879026121
2014-09-16,-0.7370441417271001,-0.2336604642396506,-0.02569361832369806,-0.9793914379965784
2014-09-17,-0.7253892416999942,0.13310996991354132,-0.03673895723637586,-1.2428616742860694
2014-09-18,-0.6949696520544061,-0.021624389966857706,-0.06740205300851321,-1.1481646539219135
2014-09-19,-0.6875626616257974,-0.1390490450932682,-0.17684318412496627,-1.0804019645508902
2014-09-22,-0.6718693920853641,-0.3569192244781986,0.06311139891018161,-0.9094555373893075
2014-09-23,-0.5514977388178227,-0.5303334019535164,0.0034009631324062044,-0.7414648679067013
2014-09-24,-0.45811602255402806,-0.404197367353293,-0.06189873195378652,-0.816734930247081
2014-09-25,-0.45171166121545825,-0.5636687200740932,0.301829146734058,-0.6891042948396657
2014-09-26,-0.4143206154138712,-0.591722531960332,0.17927053002643573,-0.6593821426379055
2014-09-29,-0.2771905579584486,-0.9421763248775156,-0.08951409865370184,-0.2839983619882741
2014-09-30,-0.5742143733650946,-1.0358278189080106,0.09026574220609362,-0.30019427547528904
2014-10-01,-0.5189085906707585,-1.2120212792249485,-0.35846845589529475,-0.06995062636847559
2014-10-02,-0.5368489157327052,-1.3008808689182585,-0.7609315289355486,0.05849696520519658
2014-10-03,-0.4876735118832737,-1.198179968773761,-1.0679030780189693,-0.20096840733541946
2014-10-06,-0.4744284439411633,-0.9275089583320592,-0.9142147237780487,-0.5788513953955283
2014-10-07,-0.7331440291030096,-1.0231340466225964,-0.8242076297197002,-0.6281510451285336
2014-10-08,-0.7317547021785962,-1.2524683093660134,-1.3942867171159172,-0.15670724346217757
2014-10-09,-0.7027970730877481,-1.1075262941442632,-0.48766854347675226,-0.4745555404442295
2014-10-10,-0.9974400964568809,-1.339311295832069,-0.28489325102878416,0.11052731857657559
2014-10-13,-0.855503809982545,-1.319001286316396,0.2552231870827397,-0.09193759701773976
2014-10-14,-0.8822129779345358,-1.2856795360820228,-0.1042459302260865,-0.06635264367919226
2014-10-15,-0.8053912356919423,-1.530349699626772,-0.010798899855005853,0.26781413646458085
2014-10-16,-0.7201747421335593,-1.6398970194128497,-0.1778420148138969,0.6952175099701488
2014-10-17,-0.5999205065565874,-1.5869695035278009,-0.4897046327935864,0.5057297127841389
2014-10-20,-0.6388927881968619,-1.4580347115286918,-1.0927731967770804,0.31397390134168335
2014-10-21,-0.5457226005254421,-1.4443630596284305,-1.341115214285854,0.3581735189506879
2014-10-22,-0.48035867894761575,-1.3111660082634944,-0.7796310108559426,0.12195845126481214
2014-10-23,-0.3078845052045549,-1.3320950824381113,-1.1785105878975468,0.2913609774294727
2014-10-24,-0.3325830805750561,-1.2705133760854748,-0.9052294441132451,0.18118945568066167
2014-10-27,-0.33618712399269823,-1.2984504028733956,-0.7107471709724756,0.36103699982165927
2014-10-28,-0.3153440440341455,-0.8105264990386424,-0.1787605000074843,-0.16569092407324285
2014-10-29,-0.35125819467562835,-0.578651575788343,0.14538609379258788,-0.5361537017019508
2014-10-30,-0.2695592404197051,-0.5484563534455276,0.5098852511004345,-0.5716026527659644
2014-10-31,-0.32017418650516866,-0.31232510193514185,0.6280957235572773,-0.807832165396946
2014-11-03,-0.22539478327090653,-0.4916041096832463,0.6046340005222005,-0.6932880283957098
2014-11-04,-0.20511924432101084,-0.6298094768492283,0.2903816099474416,-0.631137856550863
2014-11-05,-0.20432452848110097,-0.90180123746066,0.2385008145778864,-0.4477391542107601
2014-11-06,-0.13207971807089572,-1.1013824711119329,0.42783933804033325,-0.26269777066818617
2014-11-07,-0.13834954555387238,-1.1768531292731037,-0.21410712473599805,-0.12736719286402812
2014-11-10,0.0546570878032973,-0.9030801162514108,0.33310954102684065,-0.4797995028951794
2014-11-11,-0.005098436407171504,-1.010605176110269,0.3739996550437323,-0.3526926382839737
2014-11-12,0.2735010608153302,-0.9521016855799161,0.6669838372053534,-0.45245517179999245
2014-11-13,0.31265168736281124,-0.970557260291279,1.2062249355633377,-0.4045101494255526
2014-11-14,0.4472173955470487,-1.2357355301315784,0.21178618866284502,-0.844500004592758
2014-11-17,0.5629986658555383,-1.4344510025063022,-0.5144735412113366,-0.779491196310784
2014-11-18,0.5903634796708006,-1.3667991907417836,-0.4621364308087414,-0.8259780565823355
2014-11-19,0.6294863348029854,-1.3198373845719735,-0.582310386988468,-1.0017936652429176
2014-11-20,0.6961980473485472,-1.2399631754699278,-0.7834763393793481,-0.823771228756923
2014-11-21,0.6957570493357474,-0.9165056272248991,-0.75111648534922,-1.1220874731507546
2014-11-24,0.6685899894129033,-0.8262003885525323,-0.6503939755805083,-1.1467518831716144
2014-11-25,0.7670933699192873,-0.9285709449919601,-0.9214947980524187,-1.0440230018441377
2014-11-26,0.765832689923936,-0.9520090806172965,-1.2959811385665194,-1.1902016857575457
2014-11-27,0.7388103690264769,-0.9384477368372598,-1.5576534801434105,-1.2282649740874256
2014-11-28,0.6394545067954877,-1.078380532385332,-1.6667267446115317,-1.0137950351588223
2014-11-30,,-1.4076484097323574,-1.907577384817619,-1.6337422091636358
2014-12-01,0.47457042105894,-1.4145382904701242,-2.0432219400884843,-0.695272998074822
2014-12-02,0.3654859962426858,-1.384705257427204,-1.9606721854017468,-0.8216079782354221
2014-12-03,0.4587200909473039,-1.377115806346342,-2.23263232554509,-0.7787187032606839
2014-12-04,0.39880205565152094,-1.4058586954817185,-2.434388855068536,-0.8386268220326923
2014-12-05,0.4829765437520582,-1.3797013608480593,-2.136483824148368,-0.9077475795012923
2014-12-08,0.3329921973938694,-1.5878416923025882,-2.627521485400214,-0.6887914227581073
2014-12-09,0.3691066660697724,-1.7390909484750106,-3.0,-0.388531040505969
2014-12-10,0.26826636449227603,-1.8819687390001283,-2.952288060922383,-0.14382318089395163
2014-12-11,0.32686066845288786,-1.9869080617587258,-2.7631217384189366,0.2191556463531721
2014-12-12,-0.31090261185327606,-2.0791069239902167,-2.8570937664814773,0.3736073719244062
2014-12-15,-0.2417734070373436,-2.3020061995889667,-3.0,0.6566468930674704
2014-12-16,-0.11759863497441127,-2.6103129643452343,-2.767734987079435,1.3196924268423107
2014-12-17,-0.056562981258908365,-2.2646808765926187,-3.0,0.8457952898334979
2014-12-18,-0.08490478231444086,-1.6951392249095343,-2.5929874018868664,0.27860649389272335
2014-12-19,-0.0977330157912931,-1.4916598302667707,-2.399807073749681,0.10873805276108531
2014-12-22,-0.11306842246037233,-1.1401932168699371,-2.165714571402053,-0.17848855132379815
2014-12-23,-0.18603914562513788,-0.9914324189759504,-1.826933456860124,-0.10808311426885031
2014-12-24,-0.1550604957335955,-0.9294460159984366,-1.748871050709821,-0.06574344542098029
2014-12-25,0.1468900272680865,0.9069321662313944,-1.7085074493333974,-0.06398411346979137
2014-12-26,-0.12293014272040768,-0.785364759749116,-1.4978999499047043,-0.1681241952392883
2014-12-29,-0.08505597728783705,-0.6329738343851026,-1.5654401935961344,-0.3184243381238187
2014-12-30,-0.03462590714542208,-0.7911746267392231,-1.3616048538736105,-0.12755052971900321
2014-12-31,0.019013046282709035,-0.8421556418974705,-1.019368128518508,-0.28903408012386395
2015-01-01,0.179053012059001,0.8778597273634333,-0.8037554300221372,-0.3445080591852101
2015-01-02,0.041495253308693074,-0.8950416397270994,-0.9448580583965256,-0.14095747303319128
2015-01-05,-0.14136164200708115,-1.1158967407520417,-1.1668378056606317,0.2059278502340621
2015-01-06,-0.15284302871719183,-1.3032556359922152,-1.3211116682163933,0.31960497993658943
2015-01-07,-0.08402407971789973,-1.0126457967425782,-0.868610877187592,0.19791389539140333
2015-01-08,-0.17305309907296454,-0.615816490057815,-0.2838228701222313,-0.32738436850548547
2015-01-09,-0.4352534759121044,-0.6714964231014109,-0.2197460877700267,-0.41601664495848967
2015-01-12,-0.42135155790650985,-0.5755713350772333,0.4895480934821229,-0.29437711793063276
2015-01-13,-0.22149772075065347,-0.2902196045744797,1.2284521851353578,-0.4784311113172989
2015-01-14,-0.1663528026577343,-0.0996479642038391,2.387597216804563,-0.23340697230227536
2015-01-15,-0.3583558129539141,-0.16082316307667988,1.859004292579936,-0.23722888659105784
2015-01-16,-0.28229013172774037,1.113228568389466,0.6039398737286035,-0.29682533571017
2015-01-19,-0.4205742200597741,-0.4805966526516729,0.48430964985653996,-0.2006822264849396
2015-01-20,-0.22145671295122835,-0.37033533795507817,0.09397885284722286,-0.3325068592649253
2015-01-21,-0.11734119970594999,-0.07653724014237545,-0.09661723267673714,-0.6360185554976413
2015-01-22,-0.1276320021437434,0.1590273165608148,-0.12638618658464143,-0.7450749016204352
2015-01-23,0.01836965436795094,-0.9822304375252456,0.10291810919808042,-0.973315392638633
2015-01-26,-0.022760866796959052,0.0503439758596037,0.01706980616848599,-0.9016881759250428
2015-01-27,-0.08771778395101952,0.017769067227999646,0.16782173997469219,-0.6956921493169181
2015-01-28,0.19562727755650303,-0.14137205391987265,0.4882091272070867,-0.5881487676971652
2015-01-29,0.4687275001553138,-0.4038405478262934,0.21735553085553358,-0.255382789703012
2015-01-30,0.6958478365184184,-1.8209510162728355,-0.14056086017865396,0.28471860751421524
2015-01-31,,-0.6963061390616716,0.18837530445556624,1.3070956145879777
2015-02-02,0.5156607327880212,-0.415158160033438,0.5858136056351897,0.27620101744545106
2015-02-03,0.6564212824322648,-0.11862504769742188,1.521412578110572,-0.037613741616089685
2015-02-04,0.6714782008591581,-0.11635355638444753,1.6106374140515123,-0.13850544085872538
2015-02-05,0.5327293897302683,-0.11444798991574656,1.224719581882119,0.008078534593606856
2015-02-06,0.46977689094491676,0.029370163539624565,1.9292879229606876,-0.0900506290059608
2015-02-09,-0.13038395792445553,0.03603099449223837,2.2523766829285727,0.026261920672968727
2015-02-10,-0.02503880070853844,-0.12737146094905474,2.1326412740049117,0.16590275765772025
2015-02-11,-0.32931069132322194,-0.17560712369577627,2.0546663143347117,0.33627439234702006
2015-02-12,-0.17865405694877995,0.0690683560012042,1.9891657422523834,0.20212802951618258
2015-02-13,-0.304067739040522,-1.3832440918708375,2.2019917073298303,-0.25499207877284114
2015-02-16,-0.2870470008271655,0.24621977020560518,2.0747677278043466,-0.18113682975973563
2015-02-17,-0.3686017520979765,0.23196311940481096,2.3728108360604363,-0.2447576842205794
2015-02-18,-0.49271118951339354,0.31378401835281844,2.135998487499901,-0.0918779609475689
2015-02-19,-0.5964035011725589,0.2826796829733481,1.866982472117884,-0.39344133597790576
2015-02-20,-0.5553524105990875,0.2635596425498144,1.6008063588369759,-0.34764986642889595
2015-02-23,-0.44625673668525345,0.11695928723641628,1.3299802482298029,-0.27261198951140087
2015-02-24,-0.4679702238284607,0.24385789609750594,1.2971170765207143,-0.2989257027176706
2015-02-25,-0.5279924777139272,0.4963881049378146,1.3623931627954113,-0.37563427182236014
2015-02-26,3.0,0.6521005059132904,1.6499776318749757,-0.46707737296707186
2015-02-27,3.0,0.7099210610053306,2.085671605731737,-0.30017181238498314
2015-02-28,,3.0,3.0,0.1664688189625672
2015-03-02,3.0,0.8947951268754663,3.0,-0.31941129540093205
2015-03-03,2.9016618981345634,0.8413188242299011,2.958701461250606,-0.3896204735870388
2015-03-04,2.6971000314403266,0.6029000646918378,2.717101041836375,-0.312925367316643
2015-03-05,2.643190167018008,0.5172200581443784,2.4367236193929975,-0.41557294140194917
2015-03-06,2.7580895486386274,0.5025475346183224,2.3140628063530637,-0.5485180146983304
2015-03-09,3.0,0.379179885956333,2.08070723811103,-0.2125140948960131
2015-03-10,3.0,0.15064963676911058,2.0001318929752836,0.21982352234172434
2015-03-11,2.8931204255044496,0.06205098866065759,1.9148359318617783,0.16128257999396095
2015-03-12,3.0,0.18036919314060226,1.6163704350238748,-0.1203324286034617
2015-03-13,2.920294991192534,0.021229630137954574,1.339158926934317,0.03628845551119813
2015-03-16,2.711346678122776,-0.03161255950371867,1.1197347847826984,0.09251740324333099
2015-03-17,2.518104960034559,-0.12740428033442733,0.7421161162070996,-0.15060576698161
2015-03-18,2.3745817369666367,-0.15063266797650957,0.45696530574400657,-0.05353921800490843
2015-03-19,2.1994852181230344,-0.06841940262053751,0.6113299173707372,-0.3469658124906292
2015-03-20,2.196053356964008,0.008453578511703336,0.5251760744025528,-0.386329890368383
2015-03-23,2.1870467035009638,0.24419822743976927,0.8764822869488212,-0.6277417912729432
2015-03-24,2.1060334160451366,0.31967484753243874,1.032734468680724,-0.9069639392328238
2015-03-25,1.8795960226631263,0.31482212080767147,1.3329483961922182,-0.9319144392509371
2015-03-26,1.8811375211204509,-0.06771842388081388,1.2673439408089415,-0.6109187718158344
2015-03-27,0.09119692384005505,-0.1775608451213278,1.071368080519671,-0.3962108182019675
2015-03-30,0.10555916624228479,-0.41449330534595635,-0.17553739466743717,-1.1533002995445159
2015-03-31,0.1953026330966353,-0.15439715837988874,0.2627757130330883,-1.3767636963152543
2015-04-01,0.32933155126542124,-0.03393321410250905,0.07080709085302074,-1.4866866003017092
2015-04-02,0.3917842741691145,0.2997298019365422,0.21284917366655867,-1.9113277954835644
2015-04-03,0.3388858700556508,1.760811852273472,0.21168235763754958,-1.9058959791565804
2015-04-06,0.3654958570568811,0.2948772519246334,0.011468391566493602,-2.0565023494131904
2015-04-07,0.4065259542458884,0.19052467476126664,0.27179979455388176,-1.8954300658281293
2015-04-08,0.4386630845230527,0.3905514875108845,0.4892643890160649,-2.175160926826402
2015-04-09,0.4179906541178541,0.6002005193856782,0.6459853325890996,-2.351254508605591
2015-04-10,0.6084142074126154,0.7073890404330877,0.599292971066917,-2.3892720303158703
2015-04-13,-0.22657041316464496,0.7829346066322176,0.756329531850677,-2.5009622545484214
2015-04-14,-0.22433240054855372,0.7739814753885811,0.8565633307406143,-2.2787812203570286
2015-04-15,-0.5782188111301059,0.8843296575691337,0.9606017788628785,-2.150303766607808
2015-04-16,-0.6180735039135489,1.1217047377523566,1.0833681801802475,-2.3423466986723382
2015-04-17,-0.4941331580191988,0.8818424984692912,0.9430989771292397,-2.1167517891976138
2015-04-20,-0.5329882659386124,0.6126749028828239,0.9102246273207583,-1.8014292761678117
2015-04-21,-0.5345302134370549,0.6312869455483467,0.7932403478686619,-2.081248352026206
2015-04-22,-0.5349301806335072,0.7178339369523802,0.792635103383578,-2.230786418189687
2015-04-23,-0.6028608409631471,0.7486305581056216,0.6365340584313965,-2.175740456640159
2015-04-24,-0.5881586293749613,0.744304841653102,0.563260882171771,-2.2052955971148673
2015-04-27,-0.6124068731160428,0.841644794225775,0.808531287139141,-2.252703570613823
2015-04-28,-0.7082537672895446,1.0056456479798177,0.7674626222985426,-2.2762468329267627
2015-04-29,-0.7579810880245165,0.7242742890302808,0.39754952124637033,-2.1521336127230004
2015-04-30,-0.6521990116071373,0.47698492416663635,0.5439099086331902,-2.0520915077532043
2015-05-01,-0.6581216393509158,0.3025564170184751,0.2793478277481717,-2.021128765487524
2015-05-04,-0.7761986261400357,-1.398408885496529,0.29000371143721465,-2.100485348011237
2015-05-05,-0.7712979750456924,0.4203406158163034,0.49107642826946823,-2.1353131582426976
2015-05-06,-0.7972918469634676,0.25911494088658354,0.5318881524978537,-2.086865575683769
2015-05-07,-0.542449364028055,0.10222379704948593,0.31182317969047263,-1.7037880577835947
2015-05-08,-0.7342395860937005,0.3214613983435343,-0.07358868666776726,-1.759429126632335
2015-05-11,-0.6402598613743465,0.3836175455465414,0.2018497410774165,-1.9385870832993157
2015-05-12,-0.6940351759732044,0.1909861141983099,0.09228451219071322,-1.7818988083391516
2015-05-13,-0.8137564527508795,0.20896272177928857,0.16514752356657686,-1.8434954723619505
2015-05-14,-0.8476506823736594,0.32642034276926357,-0.007594125516300989,-1.716311355683077
2015-05-15,-0.5308890967069174,0.5168624953344594,-0.06690728276186311,-1.9250193686107038
2015-05-18,-0.37036877569262555,0.47462508884078564,0.21457654100871099,-1.8909959227425779
2015-05-19,-0.30051951705137603,0.5346633602425512,0.2236531051997848,-1.9024891049207544
2015-05-20,-0.44652449816285744,0.4478269848453437,0.1405199272598104,-1.768819460798976
2015-05-21,-0.4723919336511888,0.3008919307238831,-0.12672799283893554,-1.6600693626401304
2015-05-22,-0.5562625737793406,0.533751887669325,0.017604024828172773,-1.7323584849286002
2015-05-25,-0.242796819134777,1.9569376578798967,-0.011137121091702496,-1.6622209976392692
2015-05-26,-0.6712808890463737,0.11791224212576099,-0.06631683093652431,-1.5486128626308038
2015-05-27,-0.6225307181425639,-0.024874749045546776,-0.19546481845522745,-1.436256080285756
2015-05-28,-0.7262671719344761,-0.31666346006039053,-0.33568470500634323,-1.3049276931014218
2015-05-29,-0.8320833019653912,-0.44130517417344695,-0.34358641315065225,-1.2349271935254735
2015-05-31,,-0.31037342622936737,-0.429378171125067,-2.9365971909012463
2015-06-01,-0.8795868675798394,-0.3813370258104457,-0.29749648094883563,-1.302996471102788
2015-06-02,-0.8027966728258502,-0.3405949379078633,-0.27091677832656447,-1.2958734008858968
2015-06-03,-0.7369590779769561,-0.3373720403612393,-0.2938372835325938,-1.3753862414920637
2015-06-04,-0.7701903635624872,-0.38313327171135636,-0.25375363388433575,-1.211443194451226
2015-06-05,-0.9027312552672804,-0.3968036161309831,-0.11953880901281294,-1.1911309559504624
2015-06-08,-0.6493372391303163,-0.543751167058644,-0.3786099114763691,-1.1220319777690015
2015-06-09,-0.6406024201157426,-0.5481825992403321,-0.33317366912539176,-1.058098084366605
2015-06-10,-0.641465014053667,-0.3244848980805737,-0.5412903721982352,-1.1546319744946192
2015-06-11,-0.8450471868379723,-0.39551916192084596,-0.6643325760109515,-1.0462435182729932
2015-06-12,-0.5123699133613712,-0.2598028057003323,-0.44866059058213903,-1.092932537547639
2015-06-15,-0.5369977451396006,-0.5418056546190185,-0.5677731426159588,-0.9140919046396135
2015-06-16,-0.6667082171109756,-0.7332232651444525,-0.8039608809808683,-0.706522598353988
2015-06-17,-0.7515158545434205,-0.6672120648895762,-0.7657229825847043,-0.6938717026497069
2015-06-18,-0.62503522867276,-0.47452749388321486,-0.7009784490067982,-0.7774324880915393
2015-06-19,-0.629057415462553,-0.7532914015460755,-0.8995155376397579,-0.7004734027390392
2015-06-22,-0.5850565434732604,-1.9564592130639142,-0.7930290814734573,-0.9395331882158494
2015-06-23,-0.5313048054468955,-0.12863486398975102,-0.5990657355344079,-1.0198271656683713
2015-06-24,-0.7348017985342225,-0.12903076991477042,-0.5141096436494874,-1.0759788832260686
2015-06-25,-0.8478854146943556,-0.33596439728390726,-0.31141028994076264,-1.001401134903377
2015-06-26,-0.8583078360443918,-0.5266005712279169,-0.150312249001362,-0.9636599175036183
2015-06-29,-0.8573476823204422,-1.091594155376512,-0.05269588355931086,-0.6037042411099549
2015-06-30,-0.9516769604711197,-0.8876594599184434,-0.24205936209184367,-0.8458738355696818
2015-07-01,-0.8401823799144597,-0.9269018824401134,-0.2938863692391688,-0.9230585844370878
2015-07-02,-0.6499972417666642,-1.1119823600131815,-0.4476921711504578,-0.8394878249391584
2015-07-03,-0.6208912245266952,-1.2369384759520283,-0.21788231789585924,-0.7382598943400198
2015-07-06,-0.6129180553809193,-1.732785398170372,-0.5197981460582554,-0.26253521463893825
2015-07-07,-0.6313639493949105,-1.9651792527607292,-0.6094369694979704,0.05561151816155684
2015-07-08,-0.5989863153235209,-2.3083960314051013,-0.27395461103974716,0.5480818217766212
2015-07-09,-0.5590552343056907,-2.0348849995179337,-0.07559066768243751,0.0749214172725111
2015-07-10,-0.7048243265723176,-1.6818294493224777,0.06595954704302143,-0.22214684711649924
2015-07-13,-0.45203065495152617,-1.5144895948585577,-0.23759139612349062,-0.4521907442377621
2015-07-14,-0.5393070302056042,-1.6335049618673028,-0.2913180544345335,-0.3569812591862717
2015-07-15,0.02536674194406519,-1.6147839182941712,-0.27059399144654167,-0.2675083264823284
2015-07-16,-0.0012126871513849587,-1.456410498950375,-0.31860935992220923,-0.26939355181555635
2015-07-17,-0.019250165998982934,-1.4541631899341927,-0.435330237705467,-0.27808874640980447
2015-07-20,-0.007224060299402106,-1.4438801935889825,-0.23023947260184982,-0.2236202281263343
2015-07-21,0.004002069698508473,-1.358672402442316,-0.609042658763476,-0.292116737202056
2015-07-22,-0.020441785074507925,-1.5934946109028327,-0.7181927374049655,-0.12425579222165026
2015-07-23,0.05806075622465492,-1.6859790113362376,-0.8293289423904214,0.13182063719651016
2015-07-24,-0.33528819666059634,-1.8570506376997724,-0.8776433856871872,0.26589020463069885
2015-07-27,-0.30305850180227284,-2.0639515206745114,-0.9815215101100487,0.6160506493371184
2015-07-28,-0.3213631071607684,-1.9413979035870579,-0.7195372780093268,0.6621082144701304
2015-07-29,-0.31818711796058075,-1.7610059795193806,-0.6758113341334634,0.45274751957361414
2015-07-30,-0.25459226447103234,-1.8869560740004703,-0.918192502890239,0.516435204548987
2015-07-31,-0.10495040065262036,-1.7709938665117104,-0.910889511613806,0.35652589180653815
2015-08-03,0.003963418464806366,-1.9099854811588632,-0.9250461587082319,0.5376599031000592
2015-08-04,0.11461828495951747,-1.8231522197332637,-0.590739092572691,0.42192796566424934
2015-08-05,0.41454841707005163,-1.8717699457383739,-0.3935280780068233,0.3636607816768299
2015-08-06,0.3703989814209972,-2.103314478575292,-0.3957405774549768,0.4881236705414947
2015-08-07,0.512875771185502,-2.021946783117821,-0.7178460002086117,0.4846542089725042
2015-08-10,0.3590564588532962,-1.9191453279303936,-1.0846720941447028,0.4913729961324316
2015-08-11,0.4228514048757698,-2.0282539055149797,-1.1939675646117542,0.6167421509874068
2015-08-12,0.197659322583607,-2.2014675622853126,-1.1553009643537324,1.0249110855037358
2015-08-13,0.2078558887195185,-2.053227878713314,-0.9095749099620861,0.748400920053778
2015-08-14,0.2904261430824694,-2.0486244101283075,-1.0426000188469715,0.8107200291288467
2015-08-17,0.42564905991782487,-2.0732173582526783,-1.1861492066618724,1.0314749629210476
2015-08-18,0.3052229366335141,-2.1021683069955643,-1.0891256107898417,1.1379812523804123
2015-08-19,0.36105479611992086,-2.1579930487532764,-1.059245831857559,1.3488769239910825
2015-08-20,0.36493272927403775,-2.2272506518005515,-0.8362919563358526,1.6289837412479318
2015-08-21,0.08628185136744176,-2.3769022056250053,0.09986252557028931,1.8732403941277571
2015-08-24,0.09599638932514938,-2.6498198509371464,-0.1873549873995673,3.0
2015-08-25,0.17058039097778777,-2.297831468510406,0.42442576024902456,2.16784077621176
2015-08-26,0.20391740957299256,-2.245472955012169,0.2838735468760621,2.3662568682681653
2015-08-27,0.23485659633061962,-1.8459925929051546,-0.06242148670225833,1.537735230819585
2015-08-28,0.06381223147437481,-1.679781770208486,0.03881161989767452,1.345040535342092
2015-08-31,-0.3054065799931262,-1.5718596102699887,0.49853607716555404,1.4199696425140442
2015-09-01,-0.7178474450429171,-1.6893169267332868,0.6208152312181326,1.606572757480592
2015-09-02,-1.110422130457628,-1.6680005023164557,0.05316568782105441,1.7990254313748733
2015-09-03,-1.0864324903046092,-1.5932645954601625,-0.1439097878458742,1.5402281456564528
2015-09-04,-1.096292604015691,-1.701454568275056,0.19111528762941898,1.8292053201422231
2015-09-07,-1.0758156332601274,-1.7203044976077593,0.3325699281114896,2.1404150521617855
2015-09-08,-1.245086213494339,-1.5355430636625462,0.06469911990284247,1.6266615880663589
2015-09-09,-1.237165091052355,-1.285928365817387,0.3854914544730382,0.9527079353245425
2015-09-10,-1.061170266326169,-1.3156480677686817,0.15109985202297746,1.1919738527033605
2015-09-11,-1.0191286867982114,-1.35204897378493,-0.3077634411985329,1.237494795866362
2015-09-14,-1.1065915304335958,-1.2601561893036692,-0.23310900604842077,1.0222084191167693
2015-09-15,-1.0595191095887042,-1.2327039764270313,0.002931245583298916,1.0303009526502247
2015-09-16,-0.9858902861814987,-1.0116090689349928,-0.1220566221132096,0.6267146536595498
2015-09-17,-1.0639549746809975,-0.9890000349436513,-0.10510657505634306,0.606713147334696
2015-09-18,-1.0275678775900925,-0.93026964720404,0.207445644531069,0.5528127648464928
2015-09-21,-0.9004135763793305,-1.0554239690885894,0.40032040875370256,0.8604051293350191
2015-09-22,-0.8155703620760392,-1.1939456794373333,0.8343911181140989,1.0054452971262142
2015-09-23,-0.996180979182154,-1.3801734886007286,0.37107518244771887,1.4434886886777667
2015-09-24,-1.1270569277149087,-1.4067345758495438,0.20175255880001894,1.591921663685016
2015-09-25,-1.1451476506350533,-1.2957271292504924,0.02147369424757819,1.2927534581244966
2015-09-28,-1.2051439752585404,-1.4496181690768026,-0.17427426476655014,1.3926126387868412
2015-09-29,-1.2516817221272458,-1.470550523884568,-0.7651925620605674,1.6378976526633064
2015-09-30,-1.2246544888226063,-1.2175428520551048,-0.3826158707990956,1.2129670283652916
2015-10-01,-0.8622599694730272,-1.0861401219412317,-0.4710423243470459,1.0651063565722934
2015-10-02,-0.9035347086043469,-0.9267528522778978,-0.6788882661546058,1.035756743921696
2015-10-05,-0.9313511955395652,-0.5788335349725553,-0.23278023949832422,0.6120112742132756
2015-10-06,-0.925099253301323,-0.5704735840273314,-0.04750595096523515,0.44385640755049516
2015-10-07,-1.0210005159951592,-0.4014380588382248,-0.036461018535912465,-0.0501353921891089
2015-10-08,-0.7736286480260232,-0.39903420567283776,-0.06339641320943566,0.1348360744423332
2015-10-09,-0.7829715755897089,-0.29612092357053493,0.1822755438367389,-0.1845698079096703
2015-10-12,-0.7461088681994795,-0.19251379645330974,0.28331547971754084,-0.26606157025997546
2015-10-13,-0.638643600427654,-0.3384799026314713,0.36782083082967226,0.052692831820199466
2015-10-14,-0.6739848073968516,-0.4356539534163839,-0.1260678811443054,0.2562641512580309
2015-10-15,-0.6378770836936446,-0.2683126779689127,-0.10098998417683866,-0.10355347792341348
2015-10-16,-0.611376324918462,-0.2383063467494793,0.2833438602100835,-0.15768720478721476
2015-10-19,-0.6174043131485104,-0.1808001990752126,0.35714018627531885,-0.20979413671061845
2015-10-20,-0.5538689094957885,-0.25524403328540074,0.4013606321007121,-0.0870302376838417
2015-10-21,-0.390047665664906,-0.23228090636601728,0.7586212630563723,-0.028746721215796082
2015-10-22,-0.31008746921319186,-0.1835981808890101,0.5794421024696454,0.13341009833849546
2015-10-23,-0.10577837913877285,0.0820636318043223,1.4096363397673268,-0.1968511178356612
2015-10-26,-0.05631204129158569,0.07464312739162167,1.4415878122398587,-0.09220429670763934
2015-10-27,-0.04514106649777606,0.08321334556329577,1.7994434126684897,-0.06128923997902064
2015-10-28,-0.01862032681952922,0.0785290335262718,2.2698416110738586,0.06377439316973907
2015-10-29,0.05261641080644176,-0.06477968838894173,1.8896756949168843,0.44246797547105354
2015-10-30,0.240874552701788,-0.05278667618702599,1.782211717893262,0.4339542760088222
2015-10-31,,1.8750640795947056,1.7463169744953946,-0.04827038332671575
2015-11-02,0.3765591971412143,-0.037172084176541456,1.310316348138734,0.2469828608859669
2015-11-03,0.48359579737955477,0.18763545219443445,1.3717936077574544,-0.007374129597285152
2015-11-04,0.6599117228788288,0.3060333923012041,1.3786910421819665,-0.3766193460618219
2015-11-05,0.6327254504521447,0.2833829040544029,1.3102539277906038,-0.08452449664116558
2015-11-06,0.8303037885520193,0.14876959860840508,1.1401852643924424,0.12060956789424936
2015-11-09,0.8898381989277115,0.11702352673326824,1.2071388557219285,0.1443792006196078
2015-11-10,0.7964361831151359,-0.051592884654666854,0.9860202284878586,0.41234045766822697
2015-11-11,0.879280129955101,-0.05769929519764028,1.2853559508773142,0.36799425747595615
2015-11-12,0.8246863754179876,-0.05545836999444743,1.2486406067023712,0.2618036427031225
2015-11-13,0.8841629485587025,-0.18934053045877666,1.0362800953025977,0.5578646975829491
2015-11-16,1.0628394468998643,-0.24203952544080973,0.7074216149702138,-0.05301084791652093
2015-11-17,1.0576417811310885,-0.0014505871309312764,0.6983227066648555,-0.4812572926741282
2015-11-18,1.0364157448001678,0.17616766263176697,0.6718599717885384,-0.31768227068924504
2015-11-19,1.039565061338564,0.5530640604629485,0.6819973052627758,-0.6629881376172562
2015-11-20,1.0807509592405131,0.5012226543748475,0.24004556924625448,-0.8907818522370987
2015-11-23,1.0913342218216118,0.48694444557540867,0.176694604667526,-0.80141711308478
2015-11-24,1.0785809802794102,0.36399958662432075,0.28836101706688194,-0.671698155357696
2015-11-25,1.1628180796351004,0.2528219199762288,-0.1905501829280729,-0.5787317920636932
2015-11-26,1.2681409830580765,0.31980345022562173,-0.30883918918515674,-0.6628763793649388
2015-11-27,1.3238482402887508,0.2241475414122414,-0.354864657793296,-0.3145864431127755
2015-11-30,1.6408700832535261,0.18614099512753457,-0.15980851164400103,0.022886967117558034
2015-12-01,1.6383755696349784,0.31520857564271404,-0.7250781384046967,-0.6677509292781091
2015-12-02,1.6456247969301054,0.4058406791634333,-0.7819038016736126,-0.6868134101605196
2015-12-03,1.5625812294964336,0.5315414779999756,-0.4881056781306018,-0.8312845489834929
2015-12-04,1.7244486656831035,0.29887835893192266,-1.0578694866139127,-0.4584355623368328
2015-12-07,1.5865197120523251,-0.028647536492297412,-1.331820591920731,-0.33729961934509767
2015-12-08,1.5276784867091144,-0.20820401136739142,-1.118320823712577,-0.034072247818262145
2015-12-09,1.5269552345814963,-0.27603762597363507,-0.8005208303233848,-0.11022575246840821
2015-12-10,1.5757944685664576,-0.33123857575425913,-0.8231578904713931,0.07930259846793926
2015-12-11,1.8716654521209042,-0.5622125321466394,-0.8109543937059582,0.46617605694605546
2015-12-14,1.9781494221398401,-0.6449874092900277,-0.7871798482771534,0.42323260186604494
2015-12-15,1.826984211955667,-0.5002997564484298,-0.7373361385513473,0.14179268503108378
2015-12-16,1.939173043211238,-0.3337563328774414,-1.0377478629484957,-0.2494798756652194
2015-12-17,1.840866490178665,-0.11948378164956072,-0.8240630394942036,-0.6972537917660583
2015-12-18,1.803209100088679,-0.21244526840164696,-0.8593824411560989,-0.3250479834474909
2015-12-21,1.7358618949291142,-0.11930435924348332,-1.2356190337735609,-0.46616312714771097
2015-12-22,1.6737042581152253,0.007756221041539044,-1.214504741646464,-0.5815443027638677
2015-12-23,1.6637800185060494,0.19972500433243393,-1.194876010549946,-0.7778504979533796
2015-12-24,1.605109780789696,0.29275553323973275,-1.0416845804505355,-0.7646601850644529
2015-12-25,-0.6239923617250942,1.7124711133517834,-1.030622002423296,-0.6034060070644657
2015-12-28,1.4030248729335402,0.0019686688222080857,-0.8879441409438692,-0.46721752070865274
2015-12-29,1.2998979831228616,-0.009454229968374748,-0.6913753563997574,-0.43153899363341575
2015-12-30,1.2015638579715273,-0.08732629901221829,-0.34485634262948234,-0.1043422096414023
2015-12-31,1.216663615123952,-0.11447419392152444,-0.03221048503726384,-0.3034782873385401
2016-01-01,1.2068013961077373,1.1910499016348852,-0.23748503963680903,-0.3551227463846377
2016-01-04,0.9460045641170316,-0.647491876281548,0.2180630025000846,0.5909664721652514
2016-01-05,0.7510554953336849,-0.5659915805559893,0.3912254644245909,0.5661477189308841
2016-01-06,0.7511585201157137,-0.7128753986876357,0.5346774963393808,0.8500392959444317
2016-01-07,0.5253866436639177,-0.9641887168738404,0.999326911969922,1.4491583844676568
2016-01-08,0.42335434874746053,-1.0213415669830284,1.0528338346174981,1.2127962350028685
2016-01-11,0.23764722457499,-1.1222915676960685,1.3092431900148092,1.766028966241749
2016-01-12,-0.327967623548979,-1.2578709203922653,0.752031028269562,1.927656148883354
2016-01-13,0.10690872482451552,-1.1538500872433504,0.726671862654606,1.294488264611838
2016-01-14,0.09242684939629708,-1.2223806579657046,0.3628263342598977,1.6983748643329355
2016-01-15,0.14198034969207998,-1.3700323660909017,0.16327085807952613,2.222721798582238
2016-01-18,0.05886860770640012,-1.3206601086514025,0.37122255470766247,2.3658613866043052
2016-01-19,-0.1608614921837984,-1.054697853706357,0.2962759255566257,1.8545908723917994
2016-01-20,-0.21911880629972907,-1.3842200359255432,-0.1298796545419566,2.6480856221047886
2016-01-21,-0.12985842559485122,-1.4343059856803757,-0.2783148743056621,2.667594353053875
2016-01-22,-0.13155159421591325,-1.0602068147590096,-0.43714058987497945,1.995866417050391
2016-01-25,-0.17680341921903625,-1.987258289613052,-0.2663940991392684,1.4414112098403251
2016-01-26,-0.04336057014524532,-0.9659530023986941,-0.45715768178269,1.798354020108522
2016-01-27,-0.041552885493889136,-0.8630875712688668,-0.555802792207279,1.396999588290506
2016-01-28,-0.3014847900431799,-0.7691059084024049,-0.5445979054986759,1.2207341571668084
2016-01-29,-0.09780778869602605,-0.5844040126727611,-1.0597213169659039,0.7028898486891156
2016-01-31,,-3.0,-0.9601799926801422,0.5338945678036386
2016-02-01,-0.324862285666998,-0.5433248979475709,-0.8883021465221865,0.6347913918077585
2016-02-02,-0.4574743606719979,-0.8757375452112123,-1.0768131487379171,1.1231661149474674
2016-02-03,-0.5178059701520609,-0.8692136176568722,-0.9283392133399364,1.4331598785184876
2016-02-04,-0.499633824211582,-0.6088174441504592,-0.6351130713617322,0.9801645300581684
2016-02-05,-0.4355614637800541,-0.5806837497866912,-0.22908107373565062,0.8320087393289893
2016-02-08,-0.34540524192527516,-0.6908201139614986,-0.3133413134127324,1.0189506980478642
2016-02-09,-0.5459329215646271,-0.7200195704459994,0.060337572207140394,1.1542581831426955
2016-02-10,-0.6357860144431752,-0.6359517375642579,0.11709042975190798,1.189766889231675
2016-02-11,-0.41675040055307044,-0.8460823840635235,0.11045419274243232,1.8998762722807159
2016-02-12,-0.3897834958649369,-0.817532453211671,0.5417357561940738,2.0693424279195636
2016-02-15,-0.6540868599687749,-0.6118196283796731,0.5363067377876424,1.357501064594674
2016-02-16,-0.47239709458073564,-0.5703720327265308,0.5130099295277154,1.2242508307181337
2016-02-17,-0.5957217900378049,-0.39051767752806354,1.1047881938677464,0.80797659899274
2016-02-18,-0.4909141631347978,-0.2910556541617737,0.8349540907416796,0.4427763713885825
2016-02-19,-0.4530597123288691,-0.34735587835938037,0.46992035511769076,0.6475619950079272
2016-02-22,-0.6456748410842709,-0.15924560352621886,0.511425711493175,0.5044528596835182
2016-02-23,-0.6656866137122788,-0.19913531662093262,0.7461321733121329,0.6060556997451187
2016-02-24,-0.7056936259960132,-0.2492365981347342,0.5721091572569946,0.9683764484906716
2016-02-25,0.1367120039321375,-0.15793824902622364,0.23537631680454435,1.0522465669790597
2016-02-26,0.5601472473778795,-0.06867818126732088,0.6434376189257073,0.7858213490985638
2016-02-29,0.4262836329091795,-0.047766610450852495,0.5900392736040948,0.7394429049846334
2016-03-01,0.3853291908761143,0.24237191057076907,0.7038312999543807,0.40372299683720714
2016-03-02,0.33788421948926084,0.5180815226953417,1.2267141080986774,-0.08215079823601255
2016-03-03,0.397430814005931,0.6236963339142653,1.256962914119755,-0.5108528629264575
2016-03-04,0.3911951501830925,0.8296945486063436,1.5789166402331334,-0.8688681129391921
2016-03-07,0.28888714308527996,0.8525174064926468,1.7005824702894432,-1.0374840447430707
2016-03-08,-0.2352774289402509,0.7670847005406634,2.04294819591103,-0.8464567755935515
2016-03-09,-0.056701751988925735,0.8397060591734941,2.1720807700807128,-1.044809814095102
2016-03-10,-0.1775928061927475,0.9301378880770542,2.4163472101314185,-1.352896880442099
2016-03-11,-0.5046180596287443,1.0710352250516417,2.693370271151955,-1.4522623394488707
2016-03-14,-0.5603942865721567,1.0643341223902052,2.4802601248866223,-1.5328283561954157
2016-03-15,-0.4190495458296982,0.8288008696019449,2.3509409109074135,-1.2814589811943153
2016-03-16,-0.5546822515527874,0.8001703976583534,1.8218328242750719,-1.149672054399797
2016-03-17,-0.4808618849209757,1.0709868190639318,1.6859618811868469,-1.68859127939302
2016-03-18,-0.4680679798751441,1.1831139274941724,1.8712602725985008,-1.7613349566345804
2016-03-21,-0.4912761676361178,1.1414482003348185,1.9131510977417947,-1.7968738578279293
2016-03-22,-0.3628481541446203,1.1511968292251735,1.8665348285404888,-1.830613156709258
2016-03-23,-0.2196783580294955,0.9172102534106525,1.6816832611222206,-0.6038843048411975
2016-03-24,-0.1317646357357244,0.8108886473365499,1.6267208126094834,-0.37108252343342246
2016-03-25,-1.1116709555582978,1.626370207038481,1.6650445657841288,-0.36123317712639386
2016-03-28,-0.6878313647658754,0.7178521680926995,1.3962001424263706,-0.3672047443450479
2016-03-29,-0.7416306971366021,0.697593506134519,1.0888609477065936,-0.19627112840569585
2016-03-30,-0.7552841924999407,0.8950496186639942,0.7963849686543406,-0.8237705233744608
2016-03-31,-0.5870675067496732,1.172310642772317,1.2215976119161507,-0.7999461040202974
2016-04-01,0.33094852286711424,1.0030456765661806,1.0824425722018052,-0.43886069761575697
2016-04-04,0.5880040741736533,0.9713869308893287,0.8478180253626805,-0.3962186618404044
2016-04-05,0.7422757257097435,0.8709170069224317,0.6816611949698684,-0.025848516598863835
2016-04-06,0.7874978273482522,0.8738241859063225,0.7572520427793499,0.1844103035536762
2016-04-07,0.8779033281794338,0.883974208067645,0.5976394196845013,0.06849547390173838
2016-04-08,0.9411517312570699,0.9800301153500146,0.4379042472886362,-0.12494002385900148
2016-04-11,1.1862487097857028,1.0220932632501751,0.41693508434461624,-0.3221140949153652
2016-04-12,1.4924878259533243,1.1636358732908247,0.4521732163945519,-0.5531719011009102
2016-04-13,1.5365075955839067,1.3901054280048903,0.4913065998954192,-0.908860416255101
2016-04-14,1.4933584570377825,1.492295992187332,0.8793557256462095,-0.9628026560586356
2016-04-15,1.9170794619954576,1.4271067200781564,0.5271766637607829,-0.9341170963928893
2016-04-18,1.8371830863536251,1.517498932958671,0.3826537618572874,-0.7848595342516448
2016-04-19,1.5177846238763817,1.6442803145130067,0.4048564419485532,-0.9295425012516556
2016-04-20,1.4431057558449005,1.4610994705287907,0.5919673567797036,-0.8444423670385462
2016-04-21,1.3810517495868133,1.5013680108873433,0.9169061082179902,-0.9734489129364379
2016-04-22,1.4357500354599662,1.3978670587972226,0.8290214093387427,-0.7479683543737664
2016-04-25,1.4176829303586056,-0.1301952693176146,0.872265956614574,-0.5905779115358791
2016-04-26,1.3869141915078904,1.30645166532558,0.9234680841219024,-0.7283662965291515
2016-04-27,1.3770266042472277,1.2237685778941152,1.0029825770433403,-0.6637409858435547
2016-04-28,1.3511892538380528,1.258106694739687,0.9940155009788695,-0.6337889591411096
2016-04-29,1.3430463088228692,1.1519666527717984,0.47389750044888024,-0.45067432678260994
2016-04-30,,1.2748605222477838,0.39461671331457676,-1.5354377271534978
2016-05-02,1.128836838039532,1.0797365511624855,0.39524061106771696,-0.26001513741688903
2016-05-03,0.9481959218384158,0.7742089638749459,0.4906146425765308,0.06518898050543306
2016-05-04,0.8160084127242334,0.6589837942167831,0.3827785193487485,0.2820424172213441
2016-05-05,0.7732140552129461,0.6600753995775576,0.47900121480443686,0.4065181279910061
2016-05-06,0.7157176213786922,0.6454372304745247,0.26850362428892294,0.4724831562785033
2016-05-09,0.5780590284635859,0.5994226531006216,0.09517092424395934,0.5452678963259721
2016-05-10,0.5918076689164297,0.7727233521762639,-0.2036716842380398,0.47813257483823574
2016-05-11,0.5326041288562564,0.8066567236319342,-0.1640314711588997,0.4618586957238569
2016-05-12,0.16005561158447723,0.7481981458227367,-0.2732386214257533,0.43949057831555366
2016-05-13,-0.12175427926649475,0.6254691980093326,-0.20202327050338736,0.7275579705849534
2016-05-16,-0.3278185191195409,0.6860779910623412,-0.12301400564231801,0.8835157996766393
2016-05-17,-0.3254850914189429,0.704526674100608,-0.22179372741636882,0.7292680973134635
2016-05-18,-0.30547119395035377,0.653724866656595,-0.17812184507534315,0.7916401439193158
2016-05-19,-0.15953286791236118,0.42048920585494726,-0.5362658450031571,1.082630451526513
2016-05-20,-0.16209199132125418,0.5429764105915418,-0.5812852080507096,0.9642962832895992
2016-05-23,-0.19042240577237635,0.6638867524117026,-0.46675477224601486,0.8008347517822687
2016-05-24,-0.14391093971139263,0.6654464851004428,-0.6247501867719322,0.924481593679869
2016-05-25,-0.21165181397217836,0.8852240403203187,-0.5585032265449839,0.5087809567757297
2016-05-26,-0.17354950930740626,0.9226986924806972,-0.7727843239345115,-0.5598018865768738
2016-05-27,-0.2240516247028401,0.9238229384137675,-0.680237135024767,-0.739874581791642
2016-05-30,-1.3833354433318121,0.8339578057961935,-0.6347026918243949,-0.7086549320502804
2016-05-31,0.04201506651607852,0.7155398726697731,-0.7542864276773559,-0.7566275820146559
2016-06-01,0.1762966377343451,0.7099315743458401,-0.4580132970215116,-1.3538109496547992
2016-06-02,0.5134076607482134,0.7386339784682359,-0.48064045812526207,-1.2886962809180524
2016-06-03,0.5090871419787829,0.8260053223997129,-0.6222959001162434,-1.3062997481940994
2016-06-06,0.6367880112487351,0.8932101872103178,-0.47141109718198887,-1.450284478788464
2016-06-07,0.7782957922814102,1.0351173971113905,-0.2527298179143453,-1.599631619443093
2016-06-08,0.6422821818879412,1.0102901045554904,-0.20577656837794514,-1.6184188144007248
2016-06-09,0.6746042211214914,0.8556224741550624,-0.22369639115919893,-1.4599437270581106
2016-06-10,0.37755432541484607,0.6132380662426161,-0.32245770814632735,-1.1851456867559467
2016-06-13,-0.19353340235208855,0.40011015062338656,0.06733557970289364,-0.8862418867051352
2016-06-14,-0.22794291393549737,0.18911716135245565,-0.33722317878234903,-0.72608077084362
2016-06-15,-0.3081412984227647,0.2815560642312558,-0.5530454805519224,-0.8880557373952199
2016-06-16,-0.40955532412422124,0.0623079746580891,-0.9464639171994188,-0.573398311747564
2016-06-17,-0.3954284250211521,0.21941475065510793,-0.36734846997371073,-0.8906136180654206
2016-06-20,-0.5583574468458231,0.4857432964821027,-0.3169889216585169,-1.2704556543516796
2016-06-21,-0.5246301397985206,0.6147354866700464,-0.2136276066642091,-1.3634279838302814
2016-06-22,-0.6018375919928537,0.7540764671543063,0.11935843694732637,-1.4096411893665097
2016-06-23,-0.583805188138808,0.9266281322180183,-0.1446540922777804,-1.4150012049508989
2016-06-24,-0.4630388191890183,0.556458910447949,0.3744818560081129,-0.8531825422076456
2016-06-27,-0.4728666468404549,0.23176016607524774,-0.3180797906165818,-0.5503001118934383
2016-06-28,-0.6291920424934101,0.31508230987771624,-0.8162742712215197,-0.7443394430563252
2016-06-29,-0.7584064169903734,0.5908795757370439,-0.5766204180052966,-1.0719972839303393
2016-06-30,-0.5616438158154009,0.7092952782095595,-0.7901875704508302,-1.2148167448764835
2016-07-01,-1.1239973628450737,0.8732807733037846,-0.6197083512105109,-1.2474590894735953
2016-07-04,-1.153061986058338,0.9660689342488358,-0.34146473716815057,-1.310587667190795
2016-07-05,-1.1512745890581848,0.772269567380926,-0.5132151188614307,-1.0205561453304315
2016-07-06,-1.1818419704853595,0.6391611846330786,-0.5430405611462679,-0.6471794193441796
2016-07-07,-1.2077212825948243,0.6719912753660897,-0.7042169954155666,-0.8775990174309471
2016-07-08,-1.1957498498185457,0.7079666580669032,-0.7593003423455512,-0.7031476066919952
2016-07-11,-1.407563483109437,0.9566268411815142,-0.057252929791245424,-1.225399518337065
2016-07-12,-1.4265732319302893,1.1183398900511776,0.3661682234048685,-1.319756023559764
2016-07-13,-1.4203280787021642,1.2219648628114004,0.4380467101943625,-1.3232721600910704
2016-07-14,-1.420787950970425,1.3900748567060681,0.7346637578670079,-1.4552431188748667
2016-07-15,-1.0095045715531143,1.3294494677714659,0.8947835293712045,-1.504887892532857
2016-07-18,-0.9034796063805186,1.342097570996018,0.4782575583302734,-1.4691048466616825
2016-07-19,-0.8456395525212259,1.2306788542957292,0.08017794692989147,-1.4754260705513254
2016-07-20,-0.8880432189299564,1.3347829815787986,-0.04269251676224305,-1.4677826507649654
2016-07-21,-0.8738200736604486,1.3282968780022444,-0.1072361551606148,-1.3609724441591915
2016-07-22,-0.9043567761943788,1.263916378819844,-0.3470631220579721,-1.2833133107854142
2016-07-25,-0.8413403251741741,1.3331380337499523,0.5901147880564912,-1.3446696695019844
2016-07-26,-0.6955699270703689,1.3589414852846542,0.8968935078686674,-1.3719632049380872
2016-07-27,-0.6323743105052211,1.3625209841766945,0.47132375618823397,-1.3870674729972883
2016-07-28,-0.636413854459032,1.4215429169873355,0.06258992431289638,-1.3199130657763938
2016-07-29,-0.443925804140968,1.5075616644818222,-0.2486704007519183,-1.182069982871458
2016-07-31,,0.7384043659528445,-0.24760246724056498,-2.5014332396698697
2016-08-01,0.02175970945280673,1.6629084021185676,0.02849475912869579,-1.3266048153577854
2016-08-02,-0.035678828825702696,1.5553948236881525,0.2037778810668133,-1.3025821740932226
2016-08-03,0.053848384193406845,1.3776718595942783,-0.16761498553091167,-1.0918284409934549
2016-08-04,0.05807678658610383,1.51219743516001,-0.17728785707106662,-1.1577159976389932
2016-08-05,0.22406503108704012,1.6986020883725033,0.08509030280157905,-1.295988669253616
2016-08-08,0.3252411849068729,1.7891461579044028,-0.2555355491257422,-1.3901758906346562
2016-08-09,0.6086860577773193,1.9217162168973112,-0.4865649956433772,-1.3830195067601416
2016-08-10,0.7261802199591596,2.2327933422219526,-0.32744353730679954,-1.4229971245078419
2016-08-11,0.9813227003836634,2.135677189628345,-0.274710554725212,-1.4682846907737626
2016-08-12,0.6779145000876394,2.087205798645078,-0.6007718902915977,-1.4577436872559055
2016-08-15,0.3406781616431502,2.0486755452982113,-0.04278784339867419,-1.4897350632017234
2016-08-16,0.3122309245682396,2.0444346815226258,0.2819297199428071,-1.5169115804267386
2016-08-17,0.30423939864324817,1.8697997381453342,0.16341922209863277,-1.3591380343196162
2016-08-18,0.2439407575571336,1.9961198501450983,0.15872368722691083,-1.357619666692852
2016-08-19,0.2583468955806082,1.8953722400188995,0.24951783270827332,-1.3078804697167732
2016-08-22,0.31651453099914784,1.6512422737930132,0.009507813129314244,-1.1940269758425561
2016-08-23,0.3193668727729433,1.7201128284311642,0.13103392480177306,-1.1931906088051718
2016-08-24,0.31323827262450815,1.638125246942203,0.6036423926024033,-0.5090692364917688
2016-08-25,0.31406425647105074,1.5750511914067113,0.623815542081962,-0.599170800654088
2016-08-26,0.2260657734996846,1.562586305965332,1.1518087838675644,-0.6770348140493404
2016-08-29,0.11128627280437337,1.433946550104333,0.5029030814003084,-0.3768680651409818
2016-08-30,-0.037515138073074966,1.4662080954451122,0.41690726196567307,-0.606001197278447
2016-08-31,-0.2416971241435706,1.3024906762360662,0.34892574793529546,-0.44290161940351247
2016-09-01,-0.046865386371507674,1.2216793280614926,0.4086380792003781,-0.41479120415266496
2016-09-02,-0.006186280257690996,1.2306854704859485,0.18422642565377784,-0.5285717745907909
2016-09-05,-0.0833812300600172,1.25506301582272,-0.3103760255821833,-0.6675116479494965
2016-09-06,-0.2579333309537106,1.3741842475084916,-0.522814155837166,-0.7175589445618832
2016-09-07,-0.3254477716388388,1.5203422620241065,-0.3662402532974719,-0.7412413289250064
2016-09-08,-0.6061728432967003,1.625994290799229,-0.05756167234815256,-0.7562683362500617
2016-09-09,-0.7543990898106259,1.4449515132597128,0.24496209018311793,-0.6977118628572321
2016-09-12,-1.2860111281185325,1.2328401744080013,-0.3340861220718175,-0.2799761321066782
2016-09-13,-1.08851839510891,1.188818979152937,-0.15064310506121287,-0.4418848889897774
2016-09-14,-1.0570274642943533,1.1283974555719563,-0.6150631504185996,-0.38203231992563286
2016-09-15,-0.9797244662790929,1.1222731304812144,-0.833964823816309,-0.3813049848020331
2016-09-16,-0.9888337830790168,0.9995265402277467,-0.9122607566049701,-0.3138030089928654
2016-09-19,-1.0131976454766844,1.038578702507568,-1.1624719690323095,-0.5473986988528144
2016-09-20,-0.9698762894848579,1.0039618694124177,-0.752768065353123,-0.5640737353763292
2016-09-21,-1.0299125474964754,1.085724207620029,-1.2016996038827366,-0.5352205982790035
2016-09-22,-1.0226492656690702,1.2122954004706443,-1.212901247134949,-0.6756739092757847
2016-09-23,-1.0335112181938246,1.0104224200591088,-1.2714708136637285,-0.6116499678756397
2016-09-26,-0.8788459797599726,0.7488183314622194,-1.596081356592072,-0.45202974129768514
2016-09-27,-0.6685384921629018,0.7135825240864947,-1.6127931463194674,-0.48177438069467754
2016-09-28,-0.5815199974081471,0.6810669021822919,-1.691604555188675,-0.4278535642603089
2016-09-29,-0.6094682962495562,0.7147295389548236,-1.3720775171535249,-0.5262054630774896
2016-09-30,-0.5358788137602924,0.6824043122638619,-1.1325268718389927,-0.2408089966277318
2016-10-03,-0.4706178407151654,0.7623728486197083,-1.079974419796657,-0.44146953386127513
2016-10-04,-0.5120822618278371,0.8004392855350211,-0.8947971793570055,-0.6139865583013671
2016-10-05,-0.5344844136299476,0.8174039327638464,-0.8154806496394791,-0.5752336991318152
2016-10-06,-0.5866387699424975,0.776344642750472,-0.8872983879676815,-0.6387853161444359
2016-10-07,-0.5133420891568514,0.7006008372519884,-1.1194847895725966,-0.5981961508978586
2016-10-10,-0.5567564650626887,0.717624250446726,-0.9561689419025844,-0.6049724337661345
2016-10-11,-0.540573045193324,0.46195891614730306,-0.3156980990245268,-0.5096512752922834
2016-10-12,-0.711355177329512,0.4100207079686679,-0.28811157136164073,-0.47392227363224565
2016-10-13,-1.1579794896775633,0.32574568455855174,0.1162828832742995,-0.28410449843325386
2016-10-14,-1.2531744130149525,0.4473040657436191,0.2007116642199967,-0.4182684229710503
2016-10-17,-1.1996568326473738,0.43730123810505733,-0.017277668816468948,-0.3399239439651453
2016-10-18,-1.2462005041257458,0.6117805123818347,-0.16014099577053734,-0.5441282986445084
2016-10-19,-1.2442459330267652,0.6573769728639218,-0.23544978808158043,-0.6063488591489073
2016-10-20,-1.1209629547903113,0.6280407433086034,-0.2196489707938878,-0.5928558328204975
2016-10-21,-1.0674598370035253,0.5633880128012213,-0.4585470253733824,-0.5898943103768471
2016-10-24,-1.0555800730497007,0.6541318218866456,-0.32896951056682733,-0.6965507493624984
2016-10-25,-0.9806099908275612,0.7021714381670302,0.09739067448575717,-0.660548524950656
2016-10-26,-0.7761144387633939,0.631848476894612,0.15955356392175085,-0.6089377406072386
2016-10-27,-0.698106523236245,0.573547761391596,0.33525636482271604,-0.5729050207089434
2016-10-28,-0.5413528821883962,0.5506170662217352,0.34438706747871833,-0.55375411299789
2016-10-31,-0.483610975132617,0.5355818792489496,0.1180890901391606,-0.5500693176739921
2016-11-01,0.6414897580667375,0.5178766924129408,0.11440190414521757,-0.5310659036032822
2016-11-02,0.496509858389609,0.34327792634372856,-0.13088443207804615,-0.309594009699027
2016-11-03,0.7310421375266662,0.1987232073501986,0.3148794849749103,-0.29965687068302926
2016-11-04,0.7642810019293194,0.10642512257313921,0.011217204758746695,-0.1679742788947222
2016-11-07,1.0259164267740117,0.2803107484584736,-0.1727813487499492,-0.369758996513722
2016-11-08,0.4866305010020394,0.3479785478891519,0.020038543435328276,-0.48068718864938687
2016-11-09,0.6578667861433423,0.09938368807932368,-0.5700979605859482,-0.06338399102764611
2016-11-10,0.6168626148196579,-0.02178813432341401,-1.0697426800394036,0.00028693660678559427
2016-11-11,0.8387441922159514,-0.23731113088659528,-1.027897080506039,0.5553263143122122
2016-11-14,0.839271913177985,-0.4123013406559576,-2.0683759259922954,0.4932913624121637
2016-11-15,0.8173459049023581,-0.28227913701578683,-1.538736911846886,0.4822111699651117
2016-11-16,0.908311331273764,-0.13390551132942125,-1.701112160758418,0.6906754216028339
2016-11-17,0.7485313705333722,-0.1543979750156717,-1.61128213566477,0.7488901155216074
2016-11-18,0.6544826617588557,-0.20723314774868745,-1.956699182459922,0.76024975060357
2016-11-21,0.6008226482562592,-0.13906538015658468,-2.038742058865725,0.7205760440809758
2016-11-22,0.730410022609066,0.03379584781422703,-2.052327258860326,0.5291400150625944
2016-11-23,0.7417066161492062,0.035710721163121774,-1.8917157583208029,0.49117238370773614
2016-11-24,0.6404698019779506,0.06856465165415783,-1.686388617745981,0.5928404258061388
2016-11-25,0.6680896540556484,0.06646649922931666,-1.8939105004312407,0.4880655195939636
2016-11-28,0.7280805866169633,0.21156686402392783,-1.6847560218362077,0.27050527187835455
2016-11-29,0.6639415028015275,0.2504584603699716,-1.5822228211882798,0.4125094384773835
2016-11-30,0.645840292728664,0.31904237057612816,-1.163705505767683,0.2814597939268703
2016-12-01,0.8497418369458248,0.1632009801223866,-0.8194383302963212,0.29404170833606563
2016-12-02,1.1259064698556152,-0.08357818285420276,-1.197792616685235,0.46051242214848814
2016-12-05,1.2705346060272582,-0.08254557067488924,-1.0258144930799693,0.49243980991932645
2016-12-06,1.1960670269911011,0.08090008531409947,-1.2344022705972928,0.3338479174560583
2016-12-07,1.2080319219419824,0.19363539962302018,-1.3800886211374077,0.32126379358535945
2016-12-08,1.6140707376251777,0.31335282046677393,-1.3569274182657363,0.07106990849964624
2016-12-09,1.1550997585038665,0.3257020446936416,-0.8008622011226597,0.0950328402743549
2016-12-12,0.9182599346802632,0.15265924028943187,-0.7770744581581142,0.27334805217598407
2016-12-13,1.1052464951134577,0.3145003880521413,0.3162485661166011,0.168540605570949
2016-12-14,0.6668385340459757,0.2712738347553147,0.3836108586061879,0.14888181334583653
2016-12-15,0.4767512583068158,0.029797870549485083,0.32211101766919487,0.4422901999094934
2016-12-16,0.6163233007580381,0.02073785252484347,0.11776790534361971,0.4271337817595235
2016-12-19,0.6661927060761879,-0.10163839129343626,-0.013547779408548762,0.5849273765446915
2016-12-20,0.695201634328983,-0.1272571324385312,0.12201989497011376,0.6175890479334438
2016-12-21,0.6568058820585749,0.053852895305339,0.15289397432619373,0.6582690594470083
2016-12-22,0.48050634954258487,-0.030963409203216365,0.11785673180915947,0.8786882476106095
2016-12-23,0.6969648670767122,-0.03205003923154103,0.060098926210442216,0.9332531878227057
2016-12-26,-2.4867956439222865,1.2418876998094892,0.17843515181109637,0.9083184972890159
2016-12-27,0.8017822250795472,0.20388767335367136,0.5581171271275969,0.8490796896884302
2016-12-28,0.8319921975289788,0.4554440036323874,0.46276948214908864,0.6376075564037763
2016-12-29,1.6194911539952466,0.5118047650543976,0.2848665961873584,0.45232042601495936
2016-12-30,1.7372983077941015,0.4572031177925081,0.14579140659189907,0.3456037507393758
2016-12-31,,-0.11688930422870589,0.38697869600068785,-0.28417748239967744
2017-01-02,-2.049558162736625,1.6490820318188772,0.14152185111331872,0.2960712737532522
2017-01-03,2.44640154720966,0.621806679848523,0.01570291610826204,0.2408834414144393
2017-01-04,2.213113242976685,0.7271907187447695,-0.01843844841645461,0.2221015237623621
2017-01-05,1.9534961959696617,0.7186090855915863,-0.35520721832380275,0.0034483546079543833
2017-01-06,2.0278167508724647,0.9291558942287205,-0.2840562976209897,0.025766053189049867
2017-01-09,2.100338376323312,0.8584865498167005,-0.43087280541559103,0.12122469296919625
2017-01-10,2.166799094441207,0.79214007293289,-0.5639781865103443,-0.052862048276346864
2017-01-11,2.2794496620435156,0.6580567430559392,-1.2808957363256612,-0.004106681227056725
2017-01-12,2.5884920158673967,0.8509687378795061,-0.7872502297953403,-0.19898711335123337
2017-01-13,2.6448493549238385,0.6772629729177055,-0.8922202082438929,-0.2782588610502253
2017-01-16,2.639223812199038,0.4783010398245546,-0.6333810910866408,-0.15284861419909127
2017-01-17,2.5902979441040355,0.3879679214666902,-0.7158354477110234,-0.20133754510624746
2017-01-18,2.528417953646208,0.441181827406199,-0.48632259808137906,-0.3358910538672928
2017-01-19,2.5345316562604645,0.4101211485189417,-0.4986394366072633,-0.2933841216872379
2017-01-20,2.5365624533089943,0.4054975684911105,-0.694595555337371,-0.24119430794537947
2017-01-23,2.5230900316780596,-0.802895931921118,-0.780079822659679,-0.41020136786840555
2017-01-24,2.602408172590649,0.5650519797524843,-0.6939344062308053,-0.4719846492747821
2017-01-25,2.4551440608257176,0.6835106654453575,-0.40777118681953356,-0.5261826114609633
2017-01-26,2.3782122459251585,0.7632785822322157,-0.4337863284980075,-0.5244181243160367
2017-01-27,2.350342840453843,0.7729021663649457,-0.30802826786740733,-0.46875274156753055
2017-01-30,2.1113906737903356,0.8879824249001345,0.10401064054400509,-0.4845756527178985
2017-01-31,2.067447900209525,-0.5317817006076606,-0.07607667886074988,-0.33104538646041665
2017-02-01,1.976198221477552,0.7820212027676429,-0.23766558574615118,-0.33871198732825963
2017-02-02,1.9227493528816648,0.7226126844150601,-0.21610160158547218,-0.32872532900343215
2017-02-03,1.9273880817356992,0.7836404325658375,0.09460887673961726,-0.3473711470612343
2017-02-06,1.79617399514963,0.7760851585519986,-0.5784361672246301,-0.408105663801452
2017-02-07,1.3132240412267284,0.7785963941971428,-0.18258594209832107,-0.3184395410460709
2017-02-08,1.1300020443853738,0.8550717313380763,-0.4256823782656421,-0.23792665167185298
2017-02-09,2.435589213366129,1.0588918149869104,0.1634179182601048,-1.7076225913296659
2017-02-10,2.475004461046695,1.1495560086874528,0.02088710566814408,-1.7065161555877297
2017-02-13,2.420704132201591,1.1824398297062213,0.1276207401306145,-1.7553941094575602
2017-02-14,2.3581717501066373,1.1233888284361875,0.41699417328230187,-1.6979440126800232
2017-02-15,2.1666640075786465,1.228787913668473,0.6934177863020978,-1.7508267411856462
2017-02-16,2.136951308844808,1.1158279737318832,0.16554320053473512,-1.7682658278243655
2017-02-17,2.2541349851581103,0.7850792622418916,0.048380548662338214,-1.5572216608424525
2017-02-20,2.1801436653094814,0.7897756369648464,0.11893751991124224,-1.5965353483532947
2017-02-21,2.046391358080735,0.8183271275692608,0.4153376175591323,-1.5507457720473672
2017-02-22,1.8005539631656309,0.8077819036791353,0.0874006837555702,-1.6016755030783412
2017-02-23,1.7056332260669658,0.8242542905366721,0.08198465438784089,-1.4960341112067517
2017-02-24,2.9051550878124983,0.6289186419985928,-0.17576954416196022,-1.2777817848757775
2017-02-27,2.6635158923568443,0.5699607400283581,0.3678385462753663,-1.2159956783806796
2017-02-28,2.690263000917008,0.446390481976814,0.4400045462376802,-1.199282463315201
2017-03-01,2.7611321928891877,0.5564459926867641,0.9488612095304035,-1.224118489561657
2017-03-02,2.6334034863723317,0.5781185623637961,0.7389355609004948,-1.272183175770303
2017-03-03,2.583586245866367,0.42642836866371014,0.43699936625389224,-1.0960935646264138
2017-03-06,2.51414433455813,0.3219023740969742,0.3379315581159782,-1.2022550403724663
2017-03-07,2.4436281542378895,0.31503347069701804,0.8134344054533538,-1.2378435310718217
2017-03-08,2.159415033111556,0.2559708385094961,0.7329822324077115,-1.2582113392962349
2017-03-09,2.0866180605638784,0.07272724006298334,0.8056395640606057,-1.0765710635407566
2017-03-10,2.135344927104964,0.10902014753501299,0.09242348510455704,-1.0462747172844824
2017-03-13,1.9965375406236805,0.42339408475087964,0.18517008370219393,-1.3023051409550246
2017-03-14,2.098000989571703,0.4898246402931374,-0.017724473817834784,-1.4446361413251374
2017-03-15,1.9761279765279702,0.4573793038803899,-0.9648683203504749,-1.2806007650328106
2017-03-16,1.9113808905516312,0.7881026113568719,-0.5824206555215277,-1.6113233817230423
2017-03-17,1.904920797130481,0.7344180285859172,-0.33861728147539205,-1.588867236749026
2017-03-20,1.7567628497047298,0.7766917418163993,-0.3252167956518001,-1.6373885383468847
2017-03-21,1.6982372499666845,0.876257864551115,-0.19134313457717467,-1.5896891226621637
2017-03-22,1.628644169247257,0.7185074835802415,-0.3576919291940753,-1.5016578162959104
2017-03-23,1.5888731725585692,0.8048742269901281,-0.2979300031263861,0.9157513181728957
2017-03-24,1.5181358210804798,0.8245662528549021,-0.3259762668098552,0.9402778581365859
2017-03-27,0.17250675687628825,0.7282937352156608,0.05772136262337001,1.0564774843586717
2017-03-28,0.13788469850011897,0.6906344312897821,-0.28165430987067075,0.9705384078859767
2017-03-29,0.10572006736264178,0.6287220655219837,-0.4577564027201877,1.0145545357285872
2017-03-30,-0.005412008084174801,0.5088097374155982,-0.6684528267784615,1.0660156724781973
2017-03-31,-0.06259434005412577,0.09605396451234648,-1.1363886268955141,1.306036429646633
2017-04-03,-0.10768306242439966,0.1626749463060233,-1.3561985865056143,1.0579281162807401
2017-04-04,-0.18038592334207398,0.11900261153829936,-1.370544364172217,1.0622105899316254
2017-04-05,-0.08297567383581331,0.20425128646768312,-1.226808846673461,0.916007039402747
2017-04-06,-0.10975041452122845,0.05018645374948502,-1.227666320252609,1.049636363152021
2017-04-07,-0.11286811557889882,0.015282993719471871,-0.8129454429885267,0.9972378047689724
2017-04-10,-0.2649262786371746,-0.07806417338794482,-0.5851878598837602,1.0330613853699702
2017-04-11,-0.3584208206699002,-0.17957223080042797,-0.862297534908022,1.1435152771979369
2017-04-12,-0.4177704829756043,-0.02463959029931388,-0.48556099026700483,1.0152703091350928
2017-04-13,-0.2475793493876435,0.12320501835398344,-0.2068161424739857,0.9359900609123384
2017-04-14,-0.9516763440430078,1.5549311405309605,-0.7650272014441777,1.0221657573653697
2017-04-17,0.06735984273134311,0.0509784092566902,-0.7663338645851093,1.0059680689945876
2017-04-18,0.05980214095230458,-0.03656024025069587,-1.0451714114872555,1.1336063134518848
2017-04-19,0.03175291918907983,-0.06962421898347826,-0.6976236235362422,1.2666802919614975
2017-04-20,0.05129509826824303,0.12340241353227521,-0.5194156489552716,1.168643033350015
2017-04-21,0.03079686311883254,0.19764470621816713,-0.504304949505555,0.9973234945211834
2017-04-24,-0.03707717358873068,0.4046760816067864,-0.9875356442641992,0.7446020602743095
2017-04-25,0.0021314748397972963,0.5523962158487623,-0.993000914146659,0.5719439996494742
2017-04-26,0.022610291809606692,0.5378328171846429,-1.3682783330122137,0.56159412346507
2017-04-27,0.026159899885744752,0.4499864675052663,-1.3626520162684717,0.7584965894592066
2017-04-28,0.026272771811018343,0.4011280572553744,-1.3376413736110915,0.7700275271127207
2017-04-30,,-1.014925744461203,-0.758791544071286,-1.6831167750599814
2017-05-01,0.01788887274598136,0.5141626291486605,-0.48179409614812635,0.7174592528583759
2017-05-02,-0.09319007999703527,0.68040476770069,-0.6304338694642043,0.5926410466174179
2017-05-03,-0.15518182279126097,0.6095187256527063,-0.36194726281320794,0.5775798608721476
2017-05-04,-0.21593767898404803,0.4427704870564292,-0.23635237616337196,0.6282121593517587
2017-05-05,-0.15693713633126913,0.4179705391618429,-0.46133481817715255,0.7695981654670372
2017-05-08,-0.20774808899045089,0.6479930508147523,-0.27980155761788567,0.5302486478656405
2017-05-09,-0.16779304189582894,0.7292257012604054,0.17894932849778483,0.374859508206109
2017-05-10,-0.16886596092458303,0.7446259737486577,0.3120841263110512,0.3034714973027762
2017-05-11,-0.18233664561677035,0.8250739645731348,0.6403528868056516,0.2537146314994522
2017-05-12,-0.074698780655972,-0.8645387312701491,0.4281855892719828,0.24809798765811822
2017-05-15,-0.1797939939524573,0.8111163672504251,0.43026136718172553,0.1455062860019944
2017-05-16,-0.14771910804898022,0.8493795521082212,0.8138391614897197,0.07948151349116435
2017-05-17,-0.18516822368514677,0.6251245393286363,1.1004293879411031,0.9629418191835281
2017-05-18,-0.21926024532003577,0.15820071921204032,0.4808784789987445,1.2773061754532724
2017-05-19,-0.21529578210235914,0.30114925036562035,0.12829679376483152,1.2379020263593297
2017-05-22,-0.287172353234128,0.3590383141148017,-0.3535633594425294,1.0187568133402596
2017-05-23,-0.3268182246420682,0.3381061595780131,-0.39277647644165653,1.0044690195006323
2017-05-24,-0.37380833560364257,0.3632979257953603,-0.5299999805388649,1.044862755649969
2017-05-25,-0.4462998791980269,0.45372560275615037,-0.4438280657963279,0.8249612227614932
2017-05-26,-0.45045075096850934,0.4621356279845702,-0.4761014928330308,0.8354693770219538
2017-05-29,-0.9215791831174848,0.43275238671979016,-0.47171904329295455,0.8564291581195432
2017-05-30,-0.5744259812605081,0.4009408848003523,-0.7062957714982223,0.9399385986462632
2017-05-31,-0.8152772770704116,0.36301670088789206,-0.9594868762199205,1.1201087943541146
2017-06-01,-0.9472572738938944,0.4316378338565209,-1.1425201179252205,1.0803238285726162
2017-06-02,-0.9509718399776109,0.4453137316407839,-1.5937209109483004,1.018425561363637
2017-06-05,-0.9430594506891576,0.5922161266978707,-1.0697646748066592,0.9304347736029974
2017-06-06,-0.9793948902658549,0.5472459329354461,-1.245189152414366,1.0057972767100154
2017-06-07,-1.007475544985954,0.44273017535729164,-1.1544807824397434,0.9677746778827124
2017-06-08,-0.9527526249241939,0.40027500558117013,-1.3608409710859148,0.9042845687260124
2017-06-09,-1.0692202132140707,0.34986159900988884,-1.1494742418499686,0.8588860145581155
2017-06-12,-1.0889310742044265,0.07468955038909432,-0.7230002844507595,1.015737569566164
2017-06-13,-1.0089978375389712,0.18739911653180918,-1.0993026203942284,1.071840869901248
2017-06-14,-1.0189431316140303,0.32707245124928525,-1.2187886186878172,0.9844553389029338
2017-06-15,-0.9788650508506956,0.05606697936141584,-0.44816076550822753,1.094695991597014
2017-06-16,-0.9508828861245519,-0.10441398153536423,-0.4594142777757578,1.155303113246202
2017-06-19,-0.9415944629185792,0.10316669285663645,-0.36798348736477865,0.8965257452651947
2017-06-20,-0.9472278513548301,-0.0708817928218247,-0.7150331002454479,0.9315999009276006
2017-06-21,-0.9461163021624859,-0.18410757318297294,-0.9995787109193556,0.9156710521362713
2017-06-22,-0.892944591045701,-0.013390668637646845,-1.0432085947029135,0.890118039465514
2017-06-23,-0.8755287254981283,0.12670385424967068,-1.1236172652235707,0.7792569416680376
2017-06-26,-0.8945500764349107,0.24139096707547572,-1.1345263778421808,0.6850122246432698
2017-06-27,-0.8679277560070138,0.21348027949805395,-0.5307721284408794,0.6084706607749447
2017-06-28,-0.8743141406654614,0.04178112556969036,-0.6429678649262166,0.8039826253414075
2017-06-29,-0.8808082602937856,0.05209912582141976,0.10341780443586983,0.5771402922757147
2017-06-30,-0.548045305028748,-0.05573752241147127,-0.040943113710232446,0.7069557995845581
2017-07-03,-0.5819217301316523,0.041527266429038465,0.5209976465209716,0.4822560618870922
2017-07-04,-0.5592808033935689,-0.17258209017793433,0.1486432972049714,0.6687102698049512
2017-07-05,-0.46009879497624784,-0.1088766231359728,0.024784747378422057,0.5933083289875098
2017-07-06,-0.4373052425735467,-0.18542392949605155,0.048421309005669794,0.5728255755406603
2017-07-07,-0.35937605521993604,-0.2388512314613918,-0.04317711287565257,0.700667776144225
2017-07-10,-0.4514369429090643,-0.10451414636895254,-0.2478086767150825,0.5569625109212946
2017-07-11,-0.5067961758542184,0.04733221228819409,-0.38638967661223733,0.4085782433428846
2017-07-12,-0.5285865054576342,0.26692176934865014,-0.5065084950178573,0.254062154245852
2017-07-13,-0.5067505107994281,0.4577510269124874,-0.20297877327525335,0.10645920833486701
2017-07-14,-0.590019740564404,0.48895862177293936,-0.666946382065589,0.10422744273384359
2017-07-17,-0.5359655418050049,0.5877842555725533,-0.40252752091632615,0.029156869617482994
2017-07-18,-0.5299257843802556,0.550472958766971,-0.7709028942492523,0.07801048692247045
2017-07-19,-0.5307068230006401,0.624690613190373,-0.20174895390348715,0.015632448569522207
2017-07-20,-0.5228380100595681,0.5925236047383229,-0.04790163961611472,0.0682293461312687
2017-07-21,-0.4956838503010934,0.600611761822836,0.00552553633813917,0.05539765677961114
2017-07-24,-0.5067698884623204,0.6257269638253905,0.22011560466726596,-0.004338021429210559
2017-07-25,-0.5075492946581052,0.5203349465301882,0.4191073762684515,0.05357256768946934
2017-07-26,-0.485086998067366,0.38532836876896814,-0.24388469732218745,0.07437014766763181
2017-07-27,-0.4135085259942067,0.4913552397750965,0.27076120074509274,-0.11126303720493565
2017-07-28,-0.4291164231450712,0.18627059226454556,0.10794548996951414,0.061837056905047566
2017-07-31,-0.4121459965532853,0.19194726979752483,-0.202096369283911,-0.11150062374408407
2017-08-01,-0.28841760496414515,0.21709968192793305,-0.6435727054350376,-0.12934506646968325
2017-08-02,-0.3321612805579624,0.22443448772563887,-0.3923197437282438,-0.1487832337030823
2017-08-03,-0.33156649269709915,-0.033447231466634454,-0.4561791586340908,0.025356110224420268
2017-08-04,-0.3824387518266007,0.050434568449911156,-0.4394406809646734,-0.015277129741653335
2017-08-07,-0.3874879691304263,0.1008089738969308,-0.7671128737868774,-0.17268796526287505
2017-08-08,-0.43704064870303,0.20806944989528162,-0.2212461697681221,-0.26791880018756914
2017-08-09,-0.42165739484704984,-0.08687035069038054,-0.49879189347421693,-0.01160402017891293
2017-08-10,-0.425136327575941,-0.4581651078403119,0.292538652983432,0.16265382914190368
2017-08-11,-0.2531666612530734,-0.7204103830225128,-0.45935492678629447,0.4448805700178301
2017-08-14,-0.39371443872085166,-0.35899442225092826,-0.5372637017870071,0.21595525898926685
2017-08-15,-0.3352358486268315,-0.24457408549896034,-0.38633403415713896,0.2099540182940577
2017-08-16,-0.25967927410300484,-0.09828042935281413,-0.557769042123331,0.09199662585552693
2017-08-17,-0.21223435186819772,-0.13441994279772287,-0.007271469961146761,-0.05269475770102081
2017-08-18,-0.1998172704813533,-0.19540711322987322,-0.3016342053129084,0.036623002777531846
2017-08-21,-0.15929172001751649,-0.10565124604649581,-0.6525039451406945,-0.07539206922576261
2017-08-22,-0.1602723048031301,-0.04302059362256233,-1.0675596913307799,-0.18106056385931743
2017-08-23,-0.22486703292674615,-0.15608629886190734,-1.4918690916477273,-0.21852645835237205
2017-08-24,-0.24067374624531954,-0.019189394096706825,-0.7279271070132292,-0.07025668451910708
2017-08-25,-0.22441074722573687,0.004565378405057,-1.2592783919299029,-0.05816822004058321
2017-08-28,-0.17695720004233578,0.02918637284650652,-1.127944792460468,-0.014611476822640601
2017-08-29,-0.17505992106460327,0.035454289698445274,-0.8146344708974115,0.13927591091887076
2017-08-30,-0.22735908247697198,0.3026781283624413,-0.7007087465687816,0.07948134440447767
2017-08-31,-0.29934374608689257,0.2770378634123422,-1.1617111914444247,0.21657487742315523
2017-09-01,-0.2563635919852207,0.4344720831313192,-0.604584274961337,0.1390724164822457
2017-09-04,-0.1574076498773882,0.12672160543801675,-0.7079370194535148,0.373434266122136
2017-09-05,-0.13438655822592285,0.15261586252212456,-0.43748704847153447,0.3791199221716433
2017-09-06,-0.15484595595978695,0.01638279969668215,-0.5725523638434215,0.4896297865782382
2017-09-07,-0.18471351307000783,0.24022807748554928,-0.47592773348540307,0.3626800916557831
2017-09-08,-0.12166711637216357,0.2535185056134181,0.21672100004817998,0.34443410827651183
2017-09-11,-0.27208421324751075,0.37021037354491565,0.6723417158872695,0.22887433362115434
2017-09-12,-0.3198557127798635,0.5058417750648236,0.41014852713977257,0.1345820910438424
2017-09-13,-0.3854241851103096,0.4573046876044548,0.16504177660715638,0.17782336306470167
2017-09-14,-0.5833235740398528,0.3975163347747933,0.3776126496713416,0.1453706380682224
2017-09-15,-0.5261340146315264,0.5028544961936516,0.5398281197417373,0.10307502908965048
2017-09-18,-0.5615347017950246,0.7255502294754854,0.6466717985223054,-0.15405809148193766
2017-09-19,-0.527699907307298,0.657347175093964,0.7644426501007566,-0.08077565623281813
2017-09-20,-0.5176311005924232,0.6341426467391007,0.6650448654290889,-0.20149378689874434
2017-09-21,-0.4824762047751615,0.4156071385524243,0.8644861481621499,-0.16968435392103554
2017-09-22,-0.48837675860916485,0.17322862454523816,0.3800547471464868,0.004635362623320236
2017-09-25,-0.5522083074354573,-0.20433254545538163,0.2962077112650796,0.3964942332732146
2017-09-26,-0.5778753398092665,-0.3607621587817365,0.4027149651080806,0.6725655615023214
2017-09-27,-0.6059626828625627,-0.3795071962629653,0.5629916627175466,0.5979131555731751
2017-09-28,-0.6295336245894015,-0.44745679753012985,0.24885457612190778,0.7643864221903082
2017-09-29,-0.5770638745892638,-0.010574981084530252,0.8277584860482218,0.42375165889452343
2017-09-30,,-1.1457922055462046,0.23290476612369818,-1.0486978655750832
2017-10-02,-0.3419469659419273,0.04415558144246288,0.3376137399625425,0.34399123905467094
2017-10-03,-0.39850705616781695,0.4048652581085538,0.8278892873575066,-0.009338231067254142
2017-10-04,-0.429356675468167,0.5322238543849918,0.7328870400376667,-0.13435749708798986
2017-10-05,-0.4187038061079307,0.4237120217120295,0.978791617041861,-0.040634664950385035
2017-10-06,-0.38454716659320387,0.28525897300410724,0.7255827786023918,-0.11604027775319373
2017-10-09,-0.4011811483110533,0.07205421188690546,0.6478749866351496,-0.033976617474361974
2017-10-10,-0.44169460307139263,0.24740729253332447,0.22096073623504614,-0.25472686051505933
2017-10-11,-0.388331303300429,0.22235266183632055,0.042696462861499945,-0.29518006522492085
2017-10-12,-0.19647653405738333,0.2615721678488909,0.05886108136884547,-0.37461665224203194
2017-10-13,-0.23647816574112548,0.3024477170729304,-0.6282515646485027,-0.4089565872138455
2017-10-16,-0.32021686733772814,0.40886031749513047,-0.4247109002249056,-0.5465334312817188
2017-10-17,-0.4060380097091678,0.21751055951456433,-0.3206897447553863,-0.4381178788772077
2017-10-18,-0.4465202296815323,0.22778591120869707,-0.2533817846432935,-0.4808973581743289
2017-10-19,-0.4792260140391913,-0.1078143612137337,-0.2555930121747888,-0.22293879595790175
2017-10-20,-0.4810080029788576,0.12610076487982785,0.10435468238843529,-0.2746437282321324
2017-10-23,-0.4783693853818723,0.04829256511567159,0.5107699137698444,-0.20530959186386108
2017-10-24,-0.4807020483390859,-0.08560456837610517,0.40476579083326675,-0.1920843255955998
2017-10-25,-0.47486527487738855,-0.17976535530875465,0.2938556485155254,-0.31356437440711915
2017-10-26,-0.2598155109354128,-0.439379051928785,0.43911257204623233,-0.1378734046783598
2017-10-27,-0.24565802854165458,-0.32713441797620374,-0.8480820545454103,-0.0544741760388409
2017-10-30,-0.2659185369317516,-0.08249091103175397,-0.5317065925559689,-0.1999374526854716
2017-10-31,-0.16218553985888587,0.31068972993208854,-0.6095978405545373,-0.17284297423763545
2017-11-01,-0.3329390047045592,0.6631055697071618,-0.5989457171455536,-0.3446278295176477
2017-11-02,-0.32366990424663217,0.4436424488253688,-1.1803862835041874,-0.28919010639975107
2017-11-03,-0.3202767327165968,0.2914443571912214,-1.4945186918759779,-0.20558930940088166
2017-11-06,-0.3755519082273806,0.4974489227181178,-1.278881343742497,-0.22280099634549116
2017-11-07,-0.39368513704910746,0.6346925949984883,-1.5192773487542681,-0.3308190279631509
2017-11-08,-0.378148725507479,0.7425875632919577,-1.397311136619404,-0.2785374086555792
2017-11-09,-0.4167028151216646,0.4595223165298737,-1.5751752544933897,-0.3295122607640215
2017-11-10,-0.4536757253733232,0.25914679480190367,-1.1028031835413317,-0.29603569908740635
2017-11-13,-0.4797610703768779,0.08431886969604542,-0.656440501516172,-0.15653191792659774
2017-11-14,-0.5130534187020394,-0.21052851241625017,-1.1378745362340974,-0.05807188934033873
2017-11-15,-0.49347799843298357,-0.5316723459484733,-1.1188415033991856,0.8448363626452104
2017-11-16,-0.4200934392670666,-0.029568294644574243,-1.4473543661294486,0.48039311237668014
2017-11-17,-0.3207705475905011,0.16611510285758835,-1.1313362762631427,0.2307157419482504
2017-11-20,-0.35576944137854793,0.16709700622574372,-1.3121040318911485,0.18492046775472756
2017-11-21,-0.33620955442284484,0.5128515812333473,-1.271317866695694,0.007037565418138351
2017-11-22,-0.33592248042380357,0.5386685794750621,-1.467658715564521,-0.018960235502076928
2017-11-23,-0.3556688609448551,0.29186421945283086,-1.569454948224549,0.11091852750679981
2017-11-24,-0.4392463906660875,0.3204535680299358,-1.3481744916009661,0.08145753163530359
2017-11-27,-0.49320384154919805,-0.10691854488539898,-0.7821517292379855,0.34192364898470096
2017-11-28,-0.5216040713401779,-0.00012244055937159052,-0.4826890572088978,0.4667309847215383
2017-11-29,-0.5619166310152404,-0.14004294499293324,-0.3116400084162895,0.5273412465301466
2017-11-30,-0.9321198583166858,-0.525642909184261,0.6030913753250015,1.259905301062387
2017-12-01,-1.0143946820090253,-0.609540596013458,0.6376343657452437,1.3594900785236184
2017-12-04,-1.0167897170596742,-0.24080434348283358,0.9525268919191954,1.1242774697837528
2017-12-05,-0.971187857759626,-0.3719816913338388,0.8578291427639774,1.157699526721483
2017-12-06,-0.9410028884367312,-0.6933286758009292,0.6457659417898736,1.7704333841149154
2017-12-07,-0.934936567293543,-0.7544553245050177,0.5553392734908418,1.7533897427697964
2017-12-08,-0.619719321301184,-0.4218466304767921,0.6663838655024876,1.4295745567056892
2017-12-11,-0.5775630916031775,-0.09886485740176573,0.4724696139948381,1.178398610344373
2017-12-12,-0.7217191269407188,-0.2900231254023578,0.7489007820699932,1.4240792869012953
2017-12-13,-0.8670604397384936,-0.23761955578883917,0.2858080362305086,1.2888374674595888
2017-12-14,-0.9191408883325255,-0.2259387965358621,0.8915253637497939,1.138091859069933
2017-12-15,-0.9976939739046171,-0.3615008112997371,0.48094871327854466,1.371198266342542
2017-12-18,-1.0338219446385912,-0.13348914284657926,0.3750336897887699,0.8646265929768364
2017-12-19,-1.0202228277475809,-0.06310671700218799,0.7692171279828666,0.7326501529546345
2017-12-20,-0.9987351107664988,0.0041921631640095,0.5516951405737636,0.6749012656043819
2017-12-21,-0.9481877354944875,0.12141715111849147,0.6579326568873233,0.6954162631853709
2017-12-22,-0.9794797648579686,0.34223149402741615,0.8610631275014171,0.5747685893744591
2017-12-25,-0.8307771166440349,2.6230489096690257,0.5862620834828356,0.5866924455392669
2017-12-26,-1.0749575003130234,0.05254764749938377,0.4036059446546005,0.6565407745641858
2017-12-27,-1.0622657459415967,0.11380145817117798,-0.08594712021615956,0.5824238209285613
2017-12-28,-1.103589100285378,0.25471876255126197,-0.0230113587845251,0.41914881498781514
2017-12-29,-1.0936380971091737,0.03302235773521888,-0.8959707233983251,0.3169245932405657
2017-12-31,,-2.2160011318147954,-0.4748362606321915,-0.7426872457839745
2018-01-01,-0.6145507343817439,2.4991544239727927,-0.7472043141876498,0.3568768327411178
2018-01-02,-0.9778869591721926,0.3256758875734099,-0.5212132822046999,0.014766524301916887
2018-01-03,-0.8991521886353175,0.5319413110744617,-0.26186346546516565,0.0035477513895802067
2018-01-04,-0.9122293328181971,0.6131566275999129,-0.2397273906589468,-0.08973897911334715
2018-01-05,-0.8814802863044443,0.6842719302291396,0.32847181820395643,-0.1695540888041735
2018-01-08,-0.9472033230703703,0.7430389020240771,0.2671647206454927,-0.2701884809430436
2018-01-09,-0.9592984193476841,0.7036896131324952,0.8438365132668668,-0.28550975832298703
2018-01-10,-0.9504373244609652,0.3526408599930465,1.3323266929970365,-0.08595440770303499
2018-01-11,-0.8824545664564087,0.189720398074794,1.0525885209349544,-0.009913197864433045
2018-01-12,-0.5808657499599797,0.41817770326430753,0.9770803073786336,-0.14467255888424507
2018-01-15,-0.6498860824858186,0.3865067643093182,0.82792158335473,-0.17010322284716614
2018-01-16,-0.6512573884174367,0.5417137132849633,0.6551841272832967,-0.32677072248728156
2018-01-17,-0.6171148850388866,0.6617511910069568,1.003703315991902,-0.33663696781356606
2018-01-18,-0.5446290410502855,0.8259984106444163,1.2197559574654067,-0.5173027902523767
2018-01-19,-0.568290579217895,0.8737399005135016,0.8114654074912132,-0.5926942915844808
2018-01-22,-0.6068402429927358,-1.7229421237805473,0.8844839106383136,-0.6720071111412033
2018-01-23,-0.6594574330039208,1.1870982155705778,0.7535861308970097,-0.8486922671588705
2018-01-24,-0.6392207644783898,1.3039556422130865,1.5595461009806355,-0.953289672175452
2018-01-25,-0.7638349724133572,1.2822601803736162,1.1432719581523068,-1.0584751781974726
2018-01-26,-0.7938821882899945,1.4735627360559946,1.8413403680879274,-1.0655209738100244
2018-01-29,-0.7485747635996817,1.1253934482076455,2.3722044305167374,-1.1061209689081295
2018-01-30,-0.7038724538887159,-2.270149432984522,2.6699527584411573,-0.7922147437019872
2018-01-31,-0.9781443282548797,0.5523219788990507,1.7660625951968982,-0.8050496461876581
2018-02-01,-0.9500773187982763,0.41103692260946456,1.9789304257781417,-0.6850410823221563
2018-02-02,-0.8725838293951376,-0.09616956075080951,2.838649992536555,-0.6021627910883495
2018-02-05,-0.8054494503721887,-0.7457032451647568,3.0,-0.6463215991748087
2018-02-06,-0.7887975155363048,-1.2338078775749286,3.0,0.38250380767055064
2018-02-07,-1.2449965940771421,-1.2116843904062933,3.0,0.2678894577578769
2018-02-08,-1.2535626981791987,-1.4238615082839472,2.9035019802899322,-0.05077737768562758
2018-02-09,-1.2711785845027288,-1.8894690161211989,1.7639301888775176,0.6423436718349591
2018-02-12,-1.156008374298379,-1.5069424526898445,1.4630690551633063,0.5426552394526861
2018-02-13,-1.2262712787479904,-1.276606864650296,1.3170496568670431,0.25149605636036293
2018-02-14,-1.1740691451894016,-0.8466727902991203,0.44667461962562127,-0.12665949092292875
2018-02-15,-0.9947879343268299,-0.5475538713979652,-0.01812068152071993,-0.3228147009799785
2018-02-16,-0.8564725286641524,-0.7004584979671203,0.15559006994307065,-0.12585605690293944
2018-02-19,-0.8244823796684901,-0.6704811238960402,0.26576561550448197,-0.1607018228894038
2018-02-20,-0.7026809070236332,-0.7514984385834922,0.2609034369801074,-2.7496731903973664
2018-02-21,-0.7944509831758579,-0.3679123198658866,0.7046761448860237,-2.888296326523639
2018-02-22,-0.6660640377373553,-0.5997184981642837,-0.2210940523525819,-2.6529116904243875
2018-02-23,-0.6001934615601504,-0.3056298241611219,-0.7611303571873376,-2.6743005176216275
2018-02-26,-0.4632734679204093,-0.10768708039830231,-1.219646432831885,-2.5771141164544704
2018-02-27,-0.2099614351066703,-0.09057594632761212,-0.10787518479229427,-2.484007369097183
2018-02-28,1.8634788292302418,-0.6735811875360748,-0.42553179275060343,-2.2494714756246763
2018-03-01,1.8113203385427257,-0.8974763800192055,-0.5896348917602403,-2.1105286074879817
2018-03-02,1.8482596458076908,-1.0690016908193232,-0.9153320094481316,-1.9753637740722672
2018-03-05,1.9824548034705554,-1.2204696072343124,-0.9578629275185613,-1.8864421250483578
2018-03-06,1.9057023733254859,-0.7025552700176095,-0.22705585117257768,-2.0832735479094255
2018-03-07,1.7626703963295465,-0.9707118680710337,-0.2281147545027812,-1.992784995633613
2018-03-08,2.873259729779991,-1.0664699967605045,-1.372284799828281,-2.003566233789683
2018-03-09,2.785211956312014,-0.5831401568420485,-1.0459132805393643,-2.082339152119589
2018-03-12,2.7781509064258323,-0.18781720842731336,0.21488004917947842,-2.1276229483511013
2018-03-13,2.6176755875573505,-0.2578471329706768,-0.1327923555463897,-2.064594908214559
2018-03-14,2.79812357530886,-0.3775814582748734,-0.18737053694516687,-1.9668592486062761
2018-03-15,2.7124329536603318,-0.6223080558067278,-0.6596601827514744,-1.9186044311942172
2018-03-16,2.5750454591110468,-0.6595648465921844,-0.46311534754658334,-1.8834370028387228
2018-03-19,2.3677739561804994,-0.9912685424077096,-0.28025716140297163,-1.7732331743629002
2018-03-20,2.275997021519674,-0.7452982906461413,-0.4418775743115214,-1.8189695257269767
2018-03-21,2.1225950402569094,-0.8785721808973135,-0.5058882328827784,-1.7503032149855884
2018-03-22,2.1557145109954337,-1.3521108693895745,-0.3366466751436066,1.3757571147907985
2018-03-23,1.9304984548359945,-1.8338109687407018,0.20994433926883696,1.7364287967858243
2018-03-26,1.760246739928458,-1.4924464222769251,-0.33176626011095534,1.6801971487716034
2018-03-27,1.6680874565819095,-1.534315417572485,-0.5056920670567676,1.5534601061968158
2018-03-28,1.5126732534916647,-2.0060798324164595,-0.6628125035885031,2.1453295803795727
2018-03-29,0.26179951276225616,-1.7643391974997709,-1.0028477246295397,1.944226708181829
2018-03-30,-0.7370552168311573,0.9739117171537744,-0.27616215507414515,1.8680942771336828
2018-03-31,,-3.0,-1.1068046688656892,0.3750615688672134
2018-04-02,0.04483737082394683,-2.015343822939949,-0.8283253558952802,1.68503141533672
2018-04-03,0.13924631642350982,-1.9274489177386798,-0.7326285829630733,1.731458019933472
2018-04-04,0.08994056742447538,-2.19438746007495,-0.815085959248174,2.174791725508968
2018-04-05,-0.031044010130530188,-1.820272114840127,-0.4351740392495379,1.7907824204879654
2018-04-06,-0.09235009672169843,-1.9190016570012995,-0.5102203052129672,1.7863994345928609
2018-04-09,-0.07947819833961206,-1.8449466858966592,-0.4470245123213596,1.6682193698449357
2018-04-10,-0.11323036979299546,-1.57604723011627,-0.9478071697658288,1.3758937123332051
2018-04-11,-0.22217695231965354,-1.6583472755859736,-0.7416874951799174,1.3254377243600046
2018-04-12,-0.27887573301919794,-1.6305791529451856,-0.4876936133102052,1.2802143418318324
2018-04-13,-0.630040139109693,-1.8512841837750635,-0.9467713617792937,1.4334673306340269
2018-04-16,-0.6438963274050856,-1.9502705490519554,-0.8684705419498249,1.5930203265305447
2018-04-17,-0.7014339845509902,-1.9292231221853668,-1.2479719744571856,1.6157270637701886
2018-04-18,-0.6960429124680767,-1.5718116936142745,-0.5555780633893037,1.3818632195158864
2018-04-19,-0.7022531751585099,-1.3861770277198637,0.259058229478891,1.101755656094777
2018-04-20,-0.6959823235817183,-1.752876826596926,0.6962235709651609,1.7266722463288593
2018-04-23,-0.6106756708197932,-1.942217521181329,0.45620737956356494,1.8294744827747944
2018-04-24,-0.591215230763066,-1.925819413139714,1.174431130076185,1.7768983899660966
2018-04-25,-0.5623431957784322,-2.2421647605876442,0.6335954836673149,1.9093356994813866
2018-04-26,-0.5427869329601661,-2.1209418450781357,0.4180606683268051,1.8876707741724033
2018-04-27,-0.5562794214947239,-3.0,-0.13442829880045737,1.6335962325760809
2018-04-30,-0.743015431652423,-1.6084187288117433,-0.022045333993117575,1.3424770942580018
2018-05-01,-0.8414666340193746,-1.5522729407944793,0.3904663270138991,1.3550575955471766
2018-05-02,-0.7720404234582073,-1.79964187471094,-0.6491503812171401,1.5225339038198886
2018-05-03,-0.8458010293096406,-1.9745895731776741,-1.286104481569833,1.8032114735953708
2018-05-04,-0.8351664813271115,-1.8306117490991032,-2.1130394281243086,1.8179522204828116
2018-05-07,-0.845108644600758,-1.5693803586403465,-1.5853857640763045,1.703183159561879
2018-05-08,-0.7265995043892198,-1.459316713024153,-1.4456498679637524,1.6051748719771057
2018-05-09,-0.6932207951936559,-1.3200267824428875,-1.446663020965896,1.5906817195297778
2018-05-10,-0.7659855966102013,-1.0823530721510082,-1.101518290343082,1.4571803479319947
2018-05-11,-0.7384228685425628,-1.0448965028210255,-1.5696104544319465,1.1676150148439706
2018-05-14,-0.7486436393410878,-1.0896633722605102,-1.1274197434147957,1.0551101059774888
2018-05-15,-0.836427863063908,-1.49463905888688,-0.39799203491789176,1.3763850547746301
2018-05-16,-0.9004062700517819,-1.4012640550266653,-0.891184170549321,1.4784581952137061
2018-05-17,-0.858271038236031,-1.6216758998176357,-1.6055827002818057,1.6012212031566047
2018-05-18,-0.8194863106002619,-1.6905752208138793,-2.1655171811631257,1.707919755626703
2018-05-21,-0.8317128739719587,-1.8008692098040364,-2.2890552853359147,1.7341002285242346
2018-05-22,-0.8113028144620378,-1.63210798858019,-1.8622235297083332,1.5621742467207724
2018-05-23,-0.8128151242896838,-1.873873559101916,-2.278011341589432,1.7367474328250665
2018-05-24,-0.8490223716521688,-1.787128282349903,-1.8977577458468489,1.5644476735746415
2018-05-25,-0.8659833795209281,-1.6949607207571635,-1.8377561282316908,1.5377445101393699
2018-05-28,-0.25428396076843524,-1.5731169856072493,-1.582499622478923,1.5337724481110415
2018-05-29,-0.9754786230365103,-1.7923006141201767,-1.606439844196186,1.7100894953720354
2018-05-30,-1.0322627661570425,-1.822553225129922,-1.6368777549472147,1.9837287227437577
2018-05-31,-0.8391919917437429,-1.6470317485548824,-1.7286315773058516,1.7294955052375132
2018-06-01,-0.9352588353391066,-1.450497538194456,-1.0958833239575632,1.4597374928946696
2018-06-04,-1.1584661384691706,-1.0751490731274154,-0.7838375150729249,1.0457278355776016
2018-06-05,-1.2274168109867531,-1.1646662685532236,-1.1650235962868998,1.1207460044911899
2018-06-06,-1.2820636704647885,-1.129991316199877,-0.9676773183399391,1.0001929412936508
2018-06-07,-1.3194406808728716,-1.2258344434057626,-1.405734027431656,0.9816265017589602
2018-06-08,-1.2334835744755885,-1.468513418336385,-1.5883063754587645,1.3494399293644996
2018-06-11,-1.2462117591413133,-1.4096364725435562,-1.8442985484843504,1.1662263509529522
2018-06-12,-1.3120606075601415,-1.4097016368938384,-2.1142393660355503,1.141497028472555
2018-06-13,-1.2730220718455825,-1.5025748467717086,-1.8556043427566886,1.2284614151167397
2018-06-14,-1.6424694490322396,-1.5813733914262877,-1.9578729245381241,1.43749659049715
2018-06-15,-1.6123526199682185,-1.7060734296412519,-1.7393499524552156,1.5906686589250671
2018-06-18,-1.4028034840986943,-1.7475923215202571,-1.3501009720530137,1.6584691463415573
2018-06-19,-1.3201294810470188,-1.8955760793682184,-1.3498975418632682,1.9624386812905732
2018-06-20,-1.2630638340368563,-1.6275479661199748,-1.3267188657598374,1.7174083148960753
2018-06-21,-1.2579595320550248,-1.7443402052520915,-0.8859401277396972,1.8894129875974215
2018-06-22,-1.22420685654938,-1.5952519116412591,-0.8263055980913673,1.7236532751489455
2018-06-25,-1.1245019840183557,-1.6357572546174297,-0.18960156482402862,1.884837505687135
2018-06-26,-1.011096905620802,-1.644147428227306,-0.33405879474924866,1.878006147493771
2018-06-27,-0.9883296082813212,-1.7335206172107773,0.7429452492087513,2.0820765192638
2018-06-28,-0.9419776126927889,-1.8271088250539516,0.2414501179414122,2.128469931185656
2018-06-29,-0.9252619738539839,-1.4359911040768512,0.8286442118629408,1.6729352923126999
2018-06-30,,-0.6950677081618438,0.09816405100422092,0.99757100860723
2018-07-02,-0.7932490383548809,-1.5978435015069241,-0.09362518264482657,1.7720380699497869
2018-07-03,-0.6862290846638998,-1.6316682280659414,0.11160192374834996,1.7604643984941581
2018-07-04,-0.6152021770784618,-1.6464395429010708,-0.09797167230533767,1.735438594817586
2018-07-05,-0.5628770610078836,-1.5351021104731,0.642028666409254,1.7803317335060123
2018-07-06,-0.5338944803547967,-1.5073842630519774,0.2390542808078403,1.6902364413917739
2018-07-09,-0.44320003755998744,-1.2089242627769647,0.7528890081492385,1.4348910798273486
2018-07-10,-0.4110054298202185,-1.159843190714907,1.057537415328434,1.43312608566655
2018-07-11,-0.3426602570411168,-1.3479295732250571,0.6985470773840652,1.52034084564837
2018-07-12,-0.422323683252783,-1.1921025778031116,0.8215901334240876,1.4869978243568678
2018-07-13,-0.3648190949081597,-1.123689734517081,0.7421968862182259,1.337122591447365
2018-07-16,-0.41549885807217163,-1.2193729709600327,1.2848277191057509,1.4106028611874906
2018-07-17,-0.4038844550215005,-1.1864207983951114,1.3418005649674953,1.3622810623135935
2018-07-18,-0.3628693581687417,-1.193735823099339,1.1216206924005363,1.3613997626725156
2018-07-19,-0.37143745151237856,-1.281979525738427,1.1455424204135443,1.4343753710694638
2018-07-20,-0.34277349670687846,-1.1077529782989932,1.2386021494835524,1.2734672504812483
2018-07-23,-0.41525264818014546,-0.9557468731140909,1.9127088744968728,1.181572931744996
2018-07-24,-0.4010005435330373,-0.8267019786710067,1.8384773573787196,1.0496874305446775
2018-07-25,-0.368257740174675,-0.7435101853017145,2.1849078734318486,0.9539877153670676
2018-07-26,-0.3968585453579633,-0.7561576962578636,2.301664793243554,0.9086842173371734
2018-07-27,-0.39394100635763846,-0.6737625166082356,2.3872621297277203,1.1216125715056906
2018-07-30,-0.34664096023768964,-0.6021484539827183,2.7014648319549206,1.1317727608128378
2018-07-31,-0.3924502803023693,-0.6060378160955334,2.021076967333084,1.1786539437351184
2018-08-01,-0.5059628289240158,-0.6241526075215181,2.2094813890289213,1.1207065373849079
2018-08-02,-0.6311128638942036,-0.9942244477118384,1.7339569023462846,1.4266854557348723
2018-08-03,-0.47155638699672753,-0.9648717421434162,1.2514169683109138,1.3622587958463654
2018-08-06,-0.4049336357726793,-1.0055329423391657,1.178116806594086,1.3775297275437148
2018-08-07,-0.416960220815546,-0.9012508538701881,0.9263984859211161,1.26748510256899
2018-08-08,-0.37261186875711744,-0.9931088486573167,0.4394869790515363,1.215178322840454
2018-08-09,-0.3708433847931921,-1.0862244382158759,0.22327612330219393,1.2148792568027522
2018-08-10,-0.39533367343519166,-1.3529751661002642,-0.22645257717643621,1.4112771266718658
2018-08-13,-0.36263433218618596,-1.5973238652302897,-0.05370419965072432,1.5971363861250054
2018-08-14,-0.5522798398000702,-1.566187321654521,-0.39062676933489643,1.5932976980404259
2018-08-15,-0.5631162863682562,-1.7212602988041446,-0.35932636514125765,1.8008497983694005
2018-08-16,-0.5980666987663475,-1.6830928923741444,-0.4575529897422609,1.806679539791206
2018-08-17,-0.6522013775817825,-1.63180042688817,-0.20180297397968092,1.7509638151684053
2018-08-20,-0.6568503951613136,-1.4877803281464943,-1.0962478811119465,1.5829464978177095
2018-08-21,-0.6353561577910436,-1.3441470058384914,-1.1183700314531095,1.4127122913738321
2018-08-22,-0.6429887847507255,-1.2329693496626035,-1.3011116038198138,1.3069988947276563
2018-08-23,-0.612210843652237,-1.2548045172159805,-1.2573435184660255,1.4082154843508474
2018-08-24,-0.6512510440154434,-1.2242780111056886,-1.7785662404928715,1.3988794326932341
2018-08-27,-0.6281912935757288,-0.9176360468975321,-1.4380985522329934,1.1114439570499954
2018-08-28,-0.6583925799872002,-0.9032585594359244,-1.1745167091560667,1.0786578444977875
2018-08-29,-0.6581754325554695,-0.9124798995688165,-0.8239339551048807,1.0545155037363438
2018-08-30,-0.6976584739422961,-1.1985216368108431,-0.8906594999950236,1.2050792899290195
2018-08-31,-0.4687610009358593,-1.190042973801616,-0.8964210483364542,1.2167742395915728
2018-09-03,-0.617493831975447,-1.3010371403136634,-0.7922889805705515,1.340987146410372
2018-09-04,-0.6090057528956281,-1.3751640973246413,-0.7352631273839165,1.3976487518479324
2018-09-05,-0.5425411860172877,-1.5598542590918585,-0.890822525934553,1.6254803086059895
2018-09-06,-0.5407831415398859,-1.5554927118610635,-0.6630957061691808,1.6150583277382573
2018-09-07,-0.5114114687956542,-1.3593915137568606,0.3475746425954676,1.4708975878445338
2018-09-10,-0.4011900673236903,-1.3926720133655555,0.6137842665713029,1.6443115986084005
2018-09-11,-0.37717081132367913,-1.3704530621100004,0.7441718057917172,1.7320682780914478
2018-09-12,-0.444767396011579,-1.2785840447971004,0.4334136636916334,1.6872272379919486
2018-09-13,-0.5601346332890762,-0.9609846611287769,0.7911062476711597,1.4407496095234555
2018-09-14,-0.6916351814034806,-0.7186259482685731,0.8329250901483533,1.269882669366309
2018-09-17,-0.6277143742033359,-0.8693590906074743,1.0979230958977415,1.4372589193045067
2018-09-18,-0.6201438665123199,-0.7196951950509699,1.6155215715372733,1.3497206135339588
2018-09-19,-0.5961531613883166,-0.6288394601554947,1.130614219564162,1.171885291617083
2018-09-20,-0.604151820241188,-0.5266719811037555,1.2241197474113679,1.119433083560983
2018-09-21,-0.6104201929385635,-0.36556358614494927,1.1907404120786689,0.8996569333683214
2018-09-24,-0.6166744235121138,-0.4069421869749066,1.4554979242890485,1.0057435566643864
2018-09-25,-0.5709514057569572,-0.4094316409526747,1.2810350266530355,1.0130131072402124
2018-09-26,-0.5926293013058593,-0.46783426007006174,1.0562717293492205,0.9282968376123517
2018-09-27,-0.5324977926213362,-0.35965822465817393,1.25493898923342,0.8522837022828933
2018-09-28,-0.4983745920826713,-0.39590776371123154,1.3835535268642276,0.886950943324074
2018-09-30,,0.9102782078763683,1.365653579498252,0.5783993337582644
2018-10-01,-0.7079184919231426,-0.4215414467084505,1.4230917337670712,0.8721634695187659
2018-10-02,-0.6276275448649262,-0.6421445249346228,1.317869842291602,1.0558677004548047
2018-10-03,-0.5956164606545177,-0.5810331084964361,1.7898496800884864,0.9635897937519932
2018-10-04,-0.6049860746643799,-0.950407302143948,1.9842396338521109,1.2472769098264176
2018-10-05,-0.6976293506580766,-1.0805313206209202,1.7655869817099905,1.3145166582077417
2018-10-08,-0.657272229445558,-1.0154336670963255,2.135223062433085,1.361028841355385
2018-10-09,-0.66288792886591,-1.1074950066138134,1.6853027980663444,1.3709066574732853
2018-10-10,-0.6639466629813217,-1.1751456606962565,2.778331380215197,1.3238337248625813
2018-10-11,-0.5325416307727172,-1.481170231399672,2.386528461408126,1.6843881689903726
2018-10-12,-0.24522391315208647,-1.1413494763051069,1.6323579292361727,1.3347153037125918
2018-10-15,-0.27909773203844346,-1.1728610581185726,1.6884503733791223,1.4327573217283747
2018-10-16,-0.2283770014474606,-1.0033795492340445,0.9633158219651671,1.298600608474182
2018-10-17,-0.2391083965227152,-1.0411644888049485,1.0087104923145573,1.2628534271702443
2018-10-18,-0.22583972765471297,-1.2163093323381269,1.0430442568501683,1.3432182308342895
2018-10-19,-0.3446273578649799,-1.246642841438735,1.0937617897531957,1.3154684667795082
2018-10-22,-0.3850926212076943,-1.1377243757464546,0.7890692862067632,1.0787425855326302
2018-10-23,-0.3201973693578685,-1.3995118295001574,0.5927304728945166,1.3509843751279598
2018-10-24,-0.3161850456643638,-1.5037732790475509,0.9824861684656029,1.318633998010004
2018-10-25,-0.4228479404483605,-1.5590368612567622,0.4758066051696729,1.3848053989346225
2018-10-26,-0.4580713117184159,-1.6589915584372243,0.024146598842580407,1.4186322445054533
2018-10-29,-0.26338170448717824,-1.6652649717547297,0.10036727118242872,1.4307445232906795
2018-10-30,-0.17375468945915987,-1.5799228197324802,-0.4498478911007536,1.4154746165562075
2018-10-31,-0.4765007189937096,-1.3291762904145616,-0.9277619920382957,1.146099772812648
2018-11-01,-0.4131883364544511,-1.2150843470700021,-1.9513835560250916,0.9769524534796973
2018-11-02,-0.5223713345595159,-0.8636693452412466,-1.0357320933486123,0.5268631981546468
2018-11-05,-0.5279034216332167,-0.9768319525220167,-1.212186454900433,0.6464594849686557
2018-11-06,-0.5650800627833887,-0.9694105327634541,-1.030006718676441,0.6534827524660755
2018-11-07,-0.5772186551728733,-0.8005720110801774,-1.1812066236363945,0.6396400466152248
2018-11-08,-0.42401124819432606,-0.8188158695865596,-1.1139066604763919,0.6384499226577748
2018-11-09,-0.3799735220296586,-1.0422951575154822,-1.0927073822290039,0.8993294316537412
2018-11-12,-0.26655349413621826,-1.0745403102367417,-0.7220652905283218,0.9154610631394315
2018-11-13,-0.3504613634793507,-1.1391321917619919,-1.364854598607607,0.9103801794092222
2018-11-14,-0.2999136072724477,-1.120811844428085,-1.4976725554819366,0.8453072061122867
2018-11-15,-0.3049066804050627,-1.0425189739911542,-2.042129558334317,0.703068856858163
2018-11-16,-0.532051613159112,-0.9884363208699267,-2.2263061503165997,0.6531384203483135
2018-11-19,-0.5110044250797066,-0.9776675023922994,-2.276188817975703,0.5464090450603389
2018-11-20,-0.47687595554836154,-1.1740840735798428,-2.03706218818319,0.7293568867026725
2018-11-21,-0.4419642856338219,-1.109976381413433,-1.9641621109978469,0.709744285264189
2018-11-22,-0.4556546554552072,-1.088804321842884,-1.6131556152678945,0.5305092912863141
2018-11-23,-0.3384978031834913,-1.138008324640507,-1.5543977917324208,0.660025590999869
2018-11-26,-0.2518300962981712,-0.944758234603413,-1.415586437051016,0.5721609871998532
2018-11-27,-0.321777100909578,-0.8744157703659018,-1.4441295786000485,0.48149442233327383
2018-11-28,-0.3190418760483444,-0.71022982172589,-1.3380164283880125,0.39568288386352746
2018-11-29,-0.2975885248439188,-0.5073865396623896,-0.7688072281377996,0.32556358628178167
2018-11-30,-0.21767640649832048,-0.5622296392730932,-0.923975810234041,0.3934876009893678
2018-12-03,-0.19825004135247198,-0.2687163762260474,-1.1923440667899825,0.15718471762793995
2018-12-04,-0.26495106143238195,-0.3188694759394152,-0.8401435352971613,0.10887803024518325
2018-12-05,-0.07361490462027094,-0.5699244230421142,-0.9712781287437232,0.30363873700471683
2018-12-06,-0.04076278928376354,-0.8835981520476817,-1.3964624963514,0.6058424577970821
2018-12-07,-0.1327768298242183,-0.8243809846674962,-1.178210422257264,0.4682704282147733
2018-12-10,-0.23301613460121726,-0.9355915533978031,-0.6609891057060064,0.7803651319419755
2018-12-11,-0.1619206427680086,-0.9281663127046227,-0.5479574609720208,0.6714937663342844
2018-12-12,0.19766367117098424,-0.6711537692098363,0.0703251990761153,0.4563419741655182
2018-12-13,0.2161188396180881,-0.47190170424860783,0.329864524178611,0.34339957764746754
2018-12-14,0.10017260258350286,-0.6389466145959333,0.6005710060108052,0.5090299024024791
2018-12-17,-0.05845177384922689,-0.6970716131161684,1.2552502322004646,0.5102247507865715
2018-12-18,-0.03595919067276716,-0.7644345074251335,1.4419406262248264,0.6191695867335731
2018-12-19,-0.03792322335363749,-0.7320131989281985,1.418036599649175,0.5021226630042093
2018-12-20,-0.05564592703811218,-0.8156582286696421,1.8049997460316276,0.5291587038102302
2018-12-21,-0.053603686035342976,-0.8783302154615611,1.6060874476282792,0.4747261373589774
2018-12-24,-0.1367626835744507,-0.9834580849989958,1.3746472083148413,0.4735393312238624
2018-12-25,0.2012060155950507,0.359553085457698,1.3603770499775218,0.5136385576432851
2018-12-26,-0.09550269317105198,-0.9504902380094519,1.8999430513188151,0.6472038260475718
2018-12-27,-0.25275429424369417,-0.9113283197292837,1.524280012402436,0.6509634042406152
2018-12-28,-0.3411300019047533,-0.7024889122005161,1.074433502623575,0.4757919571783954
2018-12-31,-0.5441785068691346,-0.6369007529999231,0.8000987747984355,0.4728330888041902
2019-01-01,0.10242046758565396,0.8555936996599164,0.43994876727213533,0.4316942046052825
2019-01-02,-0.6742185697138454,-0.7067005081449225,0.46876602212894236,0.6532115118106272
2019-01-03,-0.6340787353480538,-0.8490719293008097,0.22175810992724418,0.7122276101041467
2019-01-04,-0.7179793175090861,-0.388919216480775,1.036188602900297,0.5518360975468017
2019-01-07,-0.6813361163735304,-0.11883182669252058,1.4498874026905073,0.3249124681522629
2019-01-08,-0.8251926874301835,0.02355602585699416,1.5355276538346123,0.39526598596399914
2019-01-09,-0.8618880352287528,0.10984044482423776,1.3207868549847532,0.11012325146061468
2019-01-10,-0.6997777554983337,0.1309530272872895,1.0427638012328415,0.04154497750156962
2019-01-11,-1.107592754704152,0.05421634150895554,0.6757021803173183,0.06485125607184333
2019-01-14,-1.0609249003205867,-0.0505537715288801,0.9819479429325576,0.15640774616532324
2019-01-15,-1.022719714068244,0.174441581642519,1.0616202777124495,-0.01495498375117643
2019-01-16,-0.9381143892681298,0.3093397672142127,1.5195265901270645,-0.07843234314379305
2019-01-17,-0.9994254572291612,0.3795827848504495,1.937551862697093,-0.08925190315478876
2019-01-18,-0.8596579189391319,0.647604032692192,2.20164159105148,-0.18300928211906686
2019-01-21,-0.739284508917879,0.74110853960559,2.338929726988334,-0.1942743094297595
2019-01-22,-0.5037060855446375,0.6672537188734105,2.696879814320281,-0.10972003343918947
2019-01-23,-0.5486477480955534,-0.8851275051643749,2.658440415275058,-0.11895217963446474
2019-01-24,-0.5594156828136481,0.9601307218958778,2.1508888280243506,-0.2556351020805916
2019-01-25,-0.6028300215504923,1.2147271104863382,2.5407499881694013,-0.4407517015224843
2019-01-28,-0.5650987853138449,1.0355488250585003,2.5876790888141237,-0.417726700720267
2019-01-29,-0.6068217472186598,1.0112455368167519,2.467544105004072,-0.38593091970812465
2019-01-30,-0.7372048025018436,-0.7696187811571517,1.9865229122739627,-0.372186089232878
2019-01-31,-0.8002687851074697,1.0377907672490196,1.7883036496048692,-0.5521258631000747
2019-02-01,-0.7362058814063219,1.1487276553075954,2.507384013184009,-0.5969991863495602
2019-02-04,-0.7644454694875452,0.9248910975243404,1.9223840382565858,-0.5474245297258489
2019-02-05,-0.7312139820054953,0.942478995062301,1.6559215705245567,-0.5386425470924565
2019-02-06,-0.6825913275539842,0.9127057929434422,1.451881276343982,-0.4978776362958417
2019-02-07,-0.7349696486853273,0.7488321393498073,1.1492793433304818,-0.42344126497191564
2019-02-08,-0.7462514073662212,0.5796994165592531,0.9733619667698044,-0.14845506498217545
2019-02-11,-0.6054332966661193,0.6312188515519561,1.2479454391592502,-0.10044495140526515
2019-02-12,-0.5990483029645182,0.6577425466428185,1.1841433503461651,-0.16195816784777953
2019-02-13,-0.8100870853379992,0.6078178077685213,1.188225459805962,-0.1355571196546994
2019-02-14,-1.0099359484209722,0.4860642252378071,0.8571781905442587,-0.04611110928948379
2019-02-15,-0.9077499250808851,0.417942132581781,0.6280361239325863,0.1252973771301668
2019-02-18,-0.6980198557551502,0.471488858680618,0.30411309705237627,0.022703749549780723
2019-02-19,-0.6393693083449934,0.49988508457301656,0.2994927601954931,0.04832616469316812
2019-02-20,-0.5889841057852924,0.8108922289324269,0.435194047726161,-0.14707995864574547
2019-02-21,-0.6470603794172631,0.7344036853906729,0.36394143200435347,-0.23961636595945326
2019-02-22,-0.5729001927677573,0.8299140102105501,0.221078383947822,-0.3207754588548938
2019-02-25,-0.5066789411431889,0.8513479426280854,0.28717704983354714,-0.8204245545305751
2019-02-26,-0.5980120152457877,0.7133623893061968,0.2050492581179033,-0.7622580405771077
2019-02-27,1.5597019152555753,0.7119242726846207,0.6550030518337645,-0.7550006093991198
2019-02-28,1.3839225720231396,0.47327902706436453,1.0391599256969153,-0.7315313229765456
2019-03-01,1.1100603457035783,0.5409862656132711,1.079306811614887,-0.7204529191923454
2019-03-04,1.219645390069694,0.5406041500936939,0.6182176400791713,-0.7563080243941903
2019-03-05,1.2912520979554654,0.6894077758684879,0.5683971902766656,-0.8014005446957494
2019-03-06,1.2330347394901269,0.6961232497735854,0.5462526919586073,-0.8320210749117848
2019-03-07,1.3892947942882792,0.478956907157234,0.34384493474969313,-0.6545043274621519
2019-03-08,0.7996158155967329,0.3409438736754272,0.6256545914709878,-0.39537212636477
2019-03-11,0.5836868400500275,0.5665121573973072,0.6827742336690711,-0.577183406533689
2019-03-12,0.5768695940191354,0.735045401913346,0.45643126467739603,-0.8166863312377866
2019-03-13,0.6661890811313058,0.7638665213924241,0.418891422485596,-0.7277932982170551
2019-03-14,0.5998219755044419,0.7527950401936446,0.4805985205745593,-0.7013216962121366
2019-03-15,0.5657282336769568,1.0242724128751204,0.5874677374090682,-0.7763861111122456
2019-03-18,0.759903414186187,1.1626665801412364,0.659742816837255,-0.9452402114696322
2019-03-19,0.726556323954489,1.248207905116729,0.8670295885024668,-0.9977466573745876
2019-03-20,0.8156611624889722,1.1375170204811635,0.5510023480739435,-0.9139541096414028
2019-03-21,1.007630466415639,1.2108519790498218,0.7472643553566743,-0.8462737115396824
2019-03-22,1.066610339415353,0.9931085089903514,0.7289547618548422,-0.11033353082094466
2019-03-25,1.0101924659357449,0.7604800243514616,0.7083384734261033,0.11663948800843979
2019-03-26,0.9491483874646143,0.7868969846674517,0.48520557208931653,0.0656234133197483
2019-03-27,1.1076701591177804,0.6409428018678122,0.5848443599014159,0.13538256766562634
2019-03-28,-0.9073958534248767,0.5781255487296791,0.27787018093561905,0.08626289962763728
2019-03-29,-0.9669602170531882,0.8128915056318905,0.20500985344322545,-0.1718139545678255
2019-03-31,,0.9397113192781802,0.02728102795488999,1.2462894060694762
2019-04-01,-0.40655099908380843,1.0656726656405464,0.3496392711380121,-0.3471453587433638
2019-04-02,-0.6090826520522094,1.0897827810531384,0.16534644909569174,-0.36725377302926365
2019-04-03,-0.3924184316659309,1.1683023855528465,0.38020462090949214,-0.5030423892058571
2019-04-04,-0.540282435877567,1.1208213290428588,0.4802179818385586,-0.5152172682932734
2019-04-05,-0.5291671429330487,1.1569386613014667,0.39963709592569874,-0.5506577476163103
2019-04-08,-0.32501796862869065,1.0686853695998846,0.372562147528946,-0.6083178787216645
2019-04-09,-0.16705340819637796,1.123214222812376,0.4208586836533535,-0.7085214830997798
2019-04-10,-0.057428782286077874,1.1344555938558853,0.19636103721407372,-0.6502017521768068
2019-04-11,0.038144974847342694,0.9773347440184419,0.16591334702597715,-0.549691686682601
2019-04-12,0.002741094533327838,1.0070950516478305,0.2439243965066083,-0.5724095905209294
2019-04-15,-0.017789561726946904,0.8548345857617468,0.027770333212327875,-0.5476348491618609
2019-04-16,0.07495702402854769,0.9330743830678553,0.012494094278147586,-0.689680228671844
2019-04-17,0.723047847917002,0.9723675002629848,0.4278934049938678,-0.7468711896813917
2019-04-18,0.7680570253732494,0.7966194352828162,-0.06533132138681495,-0.6542814996285861
2019-04-19,-0.02836864796952509,2.160469353731459,0.18511256647777094,-0.6354103478384867
2019-04-22,0.7383490929558646,0.853425711472278,0.40654770876149016,-0.6044980540577569
2019-04-23,0.5342736889688364,0.8144322571796194,0.26196998745832195,-0.5737880164210646
2019-04-24,0.47791771261822796,0.6026343831232909,0.287719384332275,-0.47174216843179506
2019-04-25,0.0020074848103479297,0.47575590206269724,0.3605934393992467,-0.35691779169952936
2019-04-26,0.0016112952599011104,0.46582270713037915,0.10988291989541288,-0.3495852797193337
2019-04-29,0.1125204961876697,0.5456102032897598,0.34230664230018437,-0.475517031024711
2019-04-30,-0.40932559045078903,0.3246588682147593,0.017741768055658778,-0.39579104387170805
2019-05-01,-0.1976277030546335,0.3663982125588562,0.3297595950978941,-0.508477617355397
2019-05-02,-0.3217514381721726,0.3838121032898826,0.22053994847911917,-0.58366061743773
2019-05-03,-0.351654185916882,0.4666216224964113,0.11393164886671549,-0.5726402492013813
2019-05-06,-0.5870489933818743,0.12765404738973746,0.2646154848282675,-0.2422955161669128
2019-05-07,-0.5617557593926008,0.04706838725401224,0.361692264891295,-0.23606204053645374
2019-05-08,-0.6704247939974544,0.03947413764780813,0.5670192626727637,-0.1795361159668882
2019-05-09,-0.7893074930703069,-0.25323200774186516,0.329624474487484,0.24750382158739093
2019-05-10,-0.8865947083787784,-0.18456322022971505,-0.2165096749457667,0.1349394842261973
2019-05-13,-0.9140073588716021,-0.4383273778409766,-0.11325075623497809,0.34580866890067563
2019-05-14,-0.8899338235924675,-0.4364457121637942,-0.32623483935602743,0.4193038351194619
2019-05-15,-1.6320180666361703,-0.41910560223823445,-0.8464284788354165,0.13374615190581116
2019-05-16,-1.577464475870624,-0.42543086188770857,-0.7663299198358228,0.2726823762175573
2019-05-17,-1.7703391489452605,-0.5411089583334643,-0.7529100155952867,0.5203258966344931
2019-05-20,-1.7166901441078166,-2.012518096009001,-0.5712259776611139,0.4898471048669806
2019-05-21,-1.6910753200527895,-0.4881332237845758,-0.5857903658050927,0.38964288619274207
2019-05-22,-1.6657006577060918,-0.6172052279038209,-0.8113240994660429,0.38656058025324347
2019-05-23,-1.2960261037463594,-0.8423866414409993,-0.9005679629489037,0.6242098706130421
2019-05-24,-1.2120353546518476,-0.7639713927006431,-0.8089464235379058,0.6280982023203854
2019-05-27,0.37580783399727996,-0.6668568608884862,-0.7336626724975815,0.5682951679554167
2019-05-28,-0.9712414132448605,-0.6542446253112248,-0.9532900575805554,0.5481745612026805
2019-05-29,-1.1004074929034762,-0.714190859332017,-0.967364840630102,0.3271992997573372
2019-05-30,-1.0974760123054386,-0.521832614281731,-1.1642125860003267,0.029078893078370426
2019-05-31,-1.253330751932172,-0.5628396684886218,-1.6683698360774255,-0.044176012937920284
2019-06-03,-1.2521651321067586,-0.38575110480688657,-1.883726213961362,-0.1672287830288275
2019-06-04,-1.5234272298471772,-0.27741004452282125,-1.6571156477138813,-0.024509894963712066
2019-06-05,-1.476517308043885,-0.14734490913664341,-1.4623189840510975,0.0578239811247299
2019-06-06,-1.5109929942019917,-0.1842961218210892,-1.5231573486591525,0.0975145957467331
2019-06-07,-1.516853195717179,-0.2086432034927596,-1.6522937409654954,0.09709479740595055
2019-06-10,-1.3039360310341301,0.18119259000112373,-1.1452133141108194,-0.22684084781449362
2019-06-11,-1.293714601298397,0.34974304518511756,-0.8651687477859026,-0.45841017684001695
2019-06-12,-0.9280991363676504,0.21705951190193495,-0.9322533583887885,-0.3414274143134713
2019-06-13,-0.910818312462931,0.06911691129738946,-0.9992729477606955,-0.21009594523300656
2019-06-14,-1.1598952258068282,-0.06569795482994943,-1.2451755109198483,-0.14400733599714852
2019-06-17,-1.2921763698720836,-0.11858228928745612,-1.2221528043542418,-0.058489500972295404
2019-06-18,-1.4215492590782042,0.030290861537594346,-1.1643670651669733,-0.20036747986629938
2019-06-19,-1.4156692365056511,0.23028864016256573,-1.6904756362881685,-0.4484441997053854
2019-06-20,-1.385633341439477,0.6050435825928661,-1.0388790199738431,-0.500642763138634
2019-06-21,-1.3789863593944653,0.7061153110060581,-0.30450174849169054,-0.6283663131183547
2019-06-24,-1.4839299150239724,0.6397900949283495,-0.8436225729569996,-0.5454051263060508
2019-06-25,-1.4598119972375359,0.4319350629236042,-0.7888446545213121,-0.49524744526467335
2019-06-26,-1.4414730304526673,0.4578292494582892,-0.19620355833716108,-0.55218814719312
2019-06-27,-1.2619254796876405,0.4830187685399037,-0.3054806205397691,-0.6255513924955732
2019-06-28,-1.2233386434286198,0.5491979148489767,-0.18673028103081676,-0.5565050628184485
2019-06-30,,0.9352337166208139,0.4190992301144819,1.3079537796846552
2019-07-01,-1.396367891312672,0.8338460013482147,0.9043833608595914,-0.7118233464853972
2019-07-02,-1.2526582766379666,0.7418741497946484,0.43179724894967403,-0.6534296985488207
2019-07-03,-1.2592340326997133,0.6163242001103398,0.3198567593547127,-0.5556287833376374
2019-07-04,-1.2871159815684576,0.6747426618581024,0.31761568352328695,-0.639140172627196
2019-07-05,-1.2609970064098417,0.7144334494615365,1.34291015851162,-0.6185414977241449
2019-07-08,-1.1888796401650423,0.3326764003605813,0.8646595690287477,-0.3956977641622682
2019-07-09,-1.23146454013405,0.2433813654244419,0.7360082629773645,-0.356249961688164
2019-07-10,-1.1836800280545572,0.32641345859926124,0.4034277197206738,-0.39074254417616433
2019-07-11,-1.2078826995079275,0.5489239533782463,1.0691666133627615,-0.517141788154106
2019-07-12,-1.4862572663796325,0.3580134699878587,0.8589197613510794,-0.3739554095770566
2019-07-15,-1.0263163785312743,0.5093605006481382,1.085889575936551,-0.478722606433482
2019-07-16,-0.9476963312702413,0.5628478307703034,1.0926834660424747,-0.5609857788848819
2019-07-17,-0.9560124038270686,0.4286507048377641,1.0715680961535905,-0.4797642153951828
2019-07-18,-0.9478851875080652,0.27754143625356203,0.46619081680677804,-0.3546967700361208
2019-07-19,-0.9072370303091972,0.3874129994314038,0.5013022437807154,-0.516103151695371
2019-07-22,-0.6299835783657995,0.44838512540146314,0.5960044449434226,-0.42638293615925926
2019-07-23,-0.5359035429166393,0.5454373298380227,0.6894501795291208,-0.4376642545526252
2019-07-24,-0.5092029593743944,0.48715638070170153,0.3439226377788111,-0.41457378498044345
2019-07-25,-0.4731130881726556,0.5080933555780777,0.9033326486399113,-0.4800030784536244
2019-07-26,-0.3909064524794078,0.36481986738854766,0.7564504625289623,-0.32035049115220254
2019-07-29,-0.2227309831300754,0.2802980331359393,0.7586271486976468,-0.292660188973913
2019-07-30,-0.22275052728739195,0.24591864455162202,0.6052165860671019,-0.27828235710794974
2019-07-31,-0.5559628547549568,0.18322334294827736,0.8586901768585935,-0.2358601441394647
2019-08-01,-0.5699215071177475,-0.10845299783220247,0.08015932334156084,-0.010807998394753434
2019-08-02,-0.5838424123258149,-0.2521115723619668,0.04836424789415056,0.33466952374832204
2019-08-05,-0.46507450495948577,-0.797411725671127,-0.31830792303570693,0.7359385051415518
2019-08-06,-0.4371327180285247,-0.6979049190667543,-0.9167004518118694,0.8821176282584984
2019-08-07,-0.4256663813606291,-0.7555865537703305,-0.9182737816771244,0.8657674769325168
2019-08-08,-0.33358741897143307,-0.2934603280415525,-0.653650083632942,0.7244957059316827
2019-08-09,-0.35409296029160975,-0.40352472016012625,-0.8050523406428696,0.6836499498385917
2019-08-12,-0.008094132728048733,-0.5674796911318573,-0.7772102353345888,0.7565307923530227
2019-08-13,0.00845648532797386,-0.5354694902360314,-0.8451574590273181,0.9798107754285843
2019-08-14,-0.37691838731690785,-0.7302469065844546,-0.9951723348805577,0.7810205615992214
2019-08-15,-0.2227845617976602,-0.702352397650869,-0.9525570666469851,0.9224392707415977
2019-08-16,-0.3706135447441111,-0.48048887181296157,-0.9845936327261117,0.7720349770620898
2019-08-19,-0.4495290600921706,-0.20072936786973763,-1.0238842085271236,0.5848220337571356
2019-08-20,-0.45571358280729946,-0.07516435325960447,-1.0094125664425455,0.507591690939347
2019-08-21,-0.3926461642633821,0.03883870141513021,-1.1324201737189288,0.19261090081696627
2019-08-22,-0.34609818506034373,-0.07563615983785854,-0.8725909842994702,0.30528247420643223
2019-08-23,-0.22478999322852072,-0.1916031776009425,-1.2571849602559213,0.13755059056667696
2019-08-26,-0.043126027461393726,-0.3368116768471058,-1.0245096880204305,0.5681094543212184
2019-08-27,0.025139705519303786,-0.35741375716431606,-1.0344578222594782,0.4073904569804335
2019-08-28,0.14254554023055438,-0.31772666891977064,-1.2064776779084496,0.36076896770932676
2019-08-29,0.246031791575373,-0.13092995175956026,-0.946071149107037,0.2754793850171514
2019-08-30,0.3270798807753699,0.41264309299314106,0.2615418415156026,-0.14585423665605646
2019-08-31,,0.2967595462840102,0.04521126583596184,2.366510459095005
2019-09-02,0.6009767468659016,0.40005023471266654,0.6916347184833724,-0.19068362506248182
2019-09-03,0.49523126380021093,0.08110009575088545,0.7693743336025979,-0.023303727358973736
2019-09-04,0.6613280996064349,0.4566038719186513,0.47849003328530565,-0.32502327689962746
2019-09-05,0.5275083472957538,0.627056141675938,0.7073503314681927,-0.5421700403152061
2019-09-06,0.5315240759262301,0.46969723153220316,0.035542110984173106,-0.6010271577701408
2019-09-09,0.485915814400562,0.6900068712461807,0.8724709088754191,-0.6970937109691977
2019-09-10,0.5180640516902234,0.5729097544530423,0.8558293663478247,-0.6899026186887639
2019-09-11,0.7932443100647102,0.9185970525612708,1.2817042085936685,-0.7825606120039563
2019-09-12,1.0836262328089572,1.2152135811161866,2.0605277176027172,-0.7990085036570735
2019-09-13,1.238292025293673,1.218751201949601,2.219922920697463,-0.9834579984108474
2019-09-16,0.9720384057612426,0.945390983446721,1.659709376200455,-0.9841752730369121
2019-09-17,0.9858479859835118,0.6008329809352885,1.5333198281236144,-0.6496243291965663
2019-09-18,0.9624476891995263,0.620991907341456,1.314039697416054,-0.7926163334960116
2019-09-19,0.9265145157512406,0.5110937875120263,1.1707188482785507,-0.6691715440840039
2019-09-20,0.9123313282780637,0.7519107213753035,1.7708977633693477,-0.7380672229368835
2019-09-23,1.0200191520123136,0.5792867350039181,1.2901821439279562,-0.5953060618129287
2019-09-24,0.9749614983540423,0.3797314544410153,1.1868950056592906,-0.5897810140289735
2019-09-25,0.9578684043763667,0.3816502041504445,1.5103036763146693,-0.5032645826352344
2019-09-26,0.8989186844233117,0.2757521861683021,0.9021509657989856,-0.5889227636796689
2019-09-27,0.9044795310453712,0.10182543200010302,0.8935983522054592,-0.5040711845171193
2019-09-30,1.0308703945174889,0.24539219111994512,0.5685952096228212,-0.45083203119492726
2019-10-01,0.9607686635381218,-0.08701551122333055,0.4989362991126962,-0.5552878347493106
2019-10-02,0.8103425737611395,-0.25644214117890135,0.5954618384435779,-0.4829459438161889
2019-10-03,0.75682818004043,-0.21421057169782065,0.07759048496326329,-0.4454926880722855
2019-10-04,0.7632597853071683,-0.13843312212852807,-0.5844448818296151,-0.371490095181244
2019-10-07,0.632530546136535,-0.02612335746142702,0.07050235874424664,-0.3933177409368961
2019-10-08,0.6026891450610973,-0.20069382017339235,-0.12615359592067166,-0.5260854697683156
2019-10-09,0.5477725078195824,-0.30507470427858546,-0.46324717028711154,-0.46154801233707143
2019-10-10,0.41705867086644155,-0.0017784432895715737,-0.30971126660733195,-0.527181808776982
2019-10-11,0.0002335540635317961,0.40510778320223867,-0.6904346707668115,-0.8361611625683508
2019-10-14,-0.24298842507203097,0.4869984613631102,-1.2271582808713295,-0.9772946989720107
2019-10-15,-0.17887479705830747,0.7324450612968919,-0.8493294458937802,-0.9056404276722294
2019-10-16,-0.1974540682293309,0.804035345229266,-0.8257793941123152,-0.9968312450474868
2019-10-17,-0.19062335598832836,0.9019578134717896,-0.8061411467700517,-1.065462098027286
2019-10-18,-0.25389840638477595,0.583939295668452,-0.8147195199236505,-0.9475365645590736
2019-10-21,-0.19536131974042392,0.6425258028299585,-0.6263501284718779,-0.9901942113602642
2019-10-22,-0.27661868067239065,0.6154281916098924,-0.49449673631822455,-1.1120347656630287
2019-10-23,-0.2884450888124176,0.7121501389073422,0.027605059155785826,-0.9791139837751008
2019-10-24,-0.26566359609473716,0.7351169856951898,-0.5158353520063327,-1.1132087511842979
2019-10-25,-0.12160221650081031,0.7942026812275874,-0.1373895940848262,-0.9957901022979917
2019-10-28,0.055593088593904855,1.074110285318496,0.21235371301611036,-1.1682269078864955
2019-10-29,-0.01104597771157863,1.387603957597953,0.6599755805289174,-1.2120878844292415
2019-10-30,-0.3811852447110643,1.5198190231877464,0.6175610253285135,-1.0759166175529826
2019-10-31,-0.8415360764476016,1.646686418309889,0.28392350987530424,-1.0566777438379809
2019-11-01,-0.5081341639542774,1.9473526656639504,0.9000400299053172,-1.0857072246882105
2019-11-04,-0.6496789956446227,2.1022007859552554,0.9562579414337413,-1.3934702150600193
2019-11-05,-0.5923685209802807,2.0155282094413027,0.9059580248103224,-1.5248778827179157
2019-11-06,-0.47108292848941447,1.9137762249729202,0.8350253214004079,-1.4268423430794637
2019-11-07,-0.36331552700235853,2.140013370971087,1.0585570530733635,-1.526745209254478
2019-11-08,-0.14810460193936958,1.779477917612795,0.5956250914212416,-1.3564910902408522
2019-11-11,-0.1770574801107067,1.4042602119926504,0.22558754768644512,-1.087586067101416
2019-11-12,-0.07932346985117586,1.4610543549077117,-0.0012044490089588309,-1.1323425263088143
2019-11-13,-0.15272603506536916,1.0113726798697673,-0.3349189775647429,-0.8554138252903439
2019-11-14,-0.46758748975102193,0.9029121891816699,-0.326930187623284,-0.905253624979683
2019-11-15,-0.3842372695732491,0.9919616676440073,-0.37998176504815084,-0.9953808761618772
2019-11-18,-0.44529206661974735,0.9643476127031938,-0.4763646272558113,-0.9761598341285741
2019-11-19,-0.5476321505189772,1.0829847843144143,-0.7256961875177041,-1.0445685891295493
2019-11-20,-0.49535379171644683,0.8147036056309751,-0.8832154978593253,-0.9439938914177393
2019-11-21,-0.46817318961306337,0.8011704390445993,-0.6016007837626283,-0.7534523683766663
2019-11-22,-0.7178572454052935,0.9397778739998853,-0.701806852530881,-0.9247586211354712
2019-11-25,-0.6837174927394687,1.1214489697967058,-0.988733033510226,-0.9244439228044169
2019-11-26,-0.6165580241920882,0.866381187285037,-1.3275369226591796,-0.7566587775087534
2019-11-27,-0.841376251055988,1.021788322403394,-1.1325417834367624,-1.1354164025250515
2019-11-28,-0.7214422187336383,2.8352271506518436,-0.815556898342425,-1.0644000034095034
2019-11-29,-0.6257052627287564,0.8635030484460017,0.0005629461868337509,-0.9186329130037411
2019-11-30,,0.15218935660545405,-0.5441065282909646,0.3002259067484759
2019-12-02,-0.5242058640614333,0.5824471545496783,-0.3143283847053858,-0.9906461576225607
2019-12-03,-0.6064605555291571,0.34344082661018116,-1.1087191933628928,-0.8809943786434643
2019-12-04,-0.31648855263773107,0.5082813523227029,-0.394330740462586,-0.8255078874868257
2019-12-05,-0.3438024495412011,0.5905228558479041,-0.9783488413755255,-0.9754184920938297
2019-12-06,-0.3855590043955688,0.8083749525947681,-0.7767087365959181,-1.032848071593342
2019-12-09,-0.43177118393379815,0.794211020987599,-0.6280259495220749,-1.0783499860631216
2019-12-10,-0.35047102810400893,0.7838883597859654,-0.251799579856726,-1.037886499330572
2019-12-11,-0.3639513203188124,1.0072272648911846,-0.26448021545012895,-1.1269971150179694
2019-12-12,-0.19603790335217477,1.3895129066030127,0.3955449934445884,-1.2870636286845873
2019-12-13,-0.2817931980744297,1.5581776234809919,-0.35046544684538955,-1.4744231734187327
2019-12-16,0.07963501815291957,1.6684877517346932,0.312164777159725,-1.3986152477139495
2019-12-17,0.1195156648562484,1.8463833766754927,0.49242136460317315,-1.5944055620016642
2019-12-18,0.2213885899949039,1.9173445991173168,0.8520226832023433,-1.6940960778408267
2019-12-19,0.27410636497525054,1.787641768340098,0.4265596086987312,-1.5746070621935733
2019-12-20,0.29572442584099273,1.867809373603193,0.5061578891344263,-1.516950014145654
2019-12-23,0.5382832493830338,1.997466150712759,0.6793651108702774,-1.606576689415514
2019-12-24,0.43050309249550717,1.763781999782592,0.5994938972672602,-1.5067869344373652
2019-12-25,0.6767142837750436,3.0,0.34703145009751096,-1.4868761822840337
2019-12-26,0.6216023474574485,-0.1519400876491134,0.34143637057815335,-1.479358447202087
2019-12-27,0.665848912676533,1.6463065616899542,0.2825193759931207,-1.5411302189995086
2019-12-30,0.9255106356793895,1.6866212866367039,0.7281047807685382,-1.5591118904431571
2019-12-31,0.7990435467505542,1.493018086210609,0.4904577168011828,-1.4443963282057726
2020-01-01,1.0834997747491106,2.8921402399866483,1.236677221909744,-1.4456619853163697
2020-01-02,1.049349599398811,1.55010180892075,0.28414792715745685,-1.4825190210002168
2020-01-03,1.1503596026890202,1.363908836640925,0.25100119870328447,-1.404670406101534
2020-01-06,1.2160461919125534,1.1013539079800057,0.2245780207183166,-1.2093821414001225
2020-01-07,1.312353287727676,1.126696273231793,0.4696097509415694,-1.2954871830011274
2020-01-08,1.3509733364005965,0.9663903764011562,0.6722430220150953,-1.2055652824484688
2020-01-09,1.3240519749892998,1.2636990678537123,0.5339848655275954,-1.4144329288696722
2020-01-10,1.544712309455653,1.1953175872082376,-0.24229577462460508,-1.481023454530362
2020-01-13,1.5670290619674472,1.3712373304750327,0.4155397378564287,-1.5530749419231804
2020-01-14,1.7693903729193472,1.1655219048870682,-0.272584506612655,-1.5143681965707585
2020-01-15,1.6172081616315659,1.064937375557115,-0.44157087660384464,-1.3913915399866978
2020-01-16,1.5405693824583793,1.0688943035512242,-0.45409633806657074,-1.3686468176779099
2020-01-17,1.8633402678543745,1.1330151613558674,-0.13213618977660394,-1.4211264600216797
2020-01-20,1.8553543942839295,1.0431000235896752,-0.22043709498880334,-1.3884943619703072
2020-01-21,1.9367541557973884,0.5733178079680372,-0.5515742755802107,-1.1013856398240625
2020-01-22,2.2051129562238088,0.741322515813841,-0.27155879618996087,-1.1827944215096342
2020-01-23,2.4237184663699423,-1.0842940504670957,-0.34962667745834325,-0.9791683974074872
2020-01-24,2.3718985274205586,0.42928446126783887,-0.4684544090157943,-0.9781376142465552
2020-01-27,2.5096636294450896,0.2329454740109493,-0.08672054991619604,-0.8424180321360062
2020-01-28,2.2525120117382427,0.2832258816304457,-0.11219612742988522,-0.7672248724467453
2020-01-29,2.119444996348757,0.13380022217876428,-0.4611043795209685,-0.634908589124842
2020-01-30,1.9159210723287736,-1.76593109109354,-0.8716090247188784,-0.1341312034036796
2020-01-31,2.466410714131242,-0.5147772423623707,-1.169501525212588,-0.10683679114966246
2020-02-03,2.3738047883255846,-0.4490529950839198,-0.8346633232919722,-0.031079969683793264
2020-02-04,2.3959226078496765,0.01277405147542994,-0.9399811575576177,-0.3345126382525555
2020-02-05,2.504433740698318,0.12253610684893931,-0.8872431473532432,-0.3513084380145033
2020-02-06,1.913348414611113,0.3243478549174993,-1.273547182988622,-0.5030524093656225
2020-02-07,1.6871166495146193,0.10635836328387857,-1.2709908386411553,-0.3142448289335349
2020-02-10,1.7283819184525968,0.11134875326762243,-1.320925836178988,-0.12430797445812868
2020-02-11,1.9026666663317655,0.28779234535722326,-1.28304904996103,-0.38973970001936564
2020-02-12,1.5766117145442322,0.41556464973782686,-1.0353326194490913,-0.5077506026168722
2020-02-13,1.5588610434977723,0.3685325145021961,-0.7811128494175402,-0.4803919599355071
2020-02-14,1.4671026137375986,0.3269400664192113,-1.1203051726792097,-0.45800235387085103
2020-02-17,1.4084164925506872,0.42181049073593013,-1.2895865458851692,-0.48993173782576516
2020-02-18,1.3639108583483681,0.2338005589130059,-1.1897512859769683,-0.24908940200261437
2020-02-19,1.2581054431336822,0.37004531190750267,-0.7919678545672678,-0.45003691192733436
2020-02-20,0.8547052684494575,0.15971404092770622,-0.8783926716351332,-0.2567486123076346
2020-02-21,1.1229722250591427,-0.00013116391870894527,-0.6368983057668018,-0.12083572084462497
2020-02-24,1.1882014198836117,-0.40844173088018004,0.22624700308156204,-0.9858331523540188
2020-02-25,0.9949850268304533,-0.3443996443140965,0.5331537702330194,-1.272411124407939
2020-02-26,1.2389848490157938,-0.6188432493622401,-0.24329745659843713,-1.035089270602079
2020-02-27,3.0,-0.8980862866656384,-0.6599108346628636,-1.1592700854342821
2020-02-28,3.0,-1.4333536342954676,-2.2456727737858535,-0.6528227485927685
2020-02-29,,-2.142276623535051,-1.4675740616329125,2.1865654740544165
2020-03-02,1.841859891860669,-1.1233870322537474,-1.6806775787641874,-0.5441877228710811
2020-03-03,1.9845172110860276,-1.1202487607010547,-2.204017479804084,-0.8405387450985724
2020-03-04,1.4913381025524828,-1.0146551002277895,-2.110082516696456,-0.6070974911199373
2020-03-05,1.3248248879957838,-1.1201954893563681,-2.381378035410836,-0.8775121012300122
2020-03-06,1.628229450386094,-1.5471342918171822,-2.3203049260836224,-0.4126455315265651
2020-03-09,1.6262537874220024,-2.783694993357762,-2.2632673428900905,0.31995624744525364
2020-03-10,1.4751487895051736,-2.453800113305063,-2.209831614603849,0.1722335285764108
2020-03-11,1.0623040759132114,-2.621827938506666,-2.159626826456225,0.08672817551651994
2020-03-12,1.1534453073142645,-3.0,-2.1123335961530945,0.9426902710359744
2020-03-13,1.0457700340961076,-2.8787472472738838,-2.067675210749919,1.3253824440862154
2020-03-16,-0.21281951279353192,-2.852032162399181,-2.025410558971499,2.165606569305073
2020-03-17,-0.2610057149850122,-2.8171169481048586,-1.9853284442849308,2.4062506504604206
2020-03-18,-0.6616775364716355,-2.8444124725853426,-1.9472429707783663,3.0
2020-03-19,-0.8947658560126405,-2.7476558326936877,-1.9109897705313699,3.0
2020-03-20,-0.5720875711198975,-2.6421181197277313,-1.8764228968741294,2.3835151217956643
2020-03-23,-0.9669523901630411,-2.651392128680566,-1.8434122489082791,3.0
2020-03-24,-1.3671251159437925,-2.616432782296583,-1.8118414231269764,3.0
2020-03-25,-1.84047749099542,-2.509158368371727,-1.7816059108513569,2.682681823190683
2020-03-26,-1.985897560849824,-2.4814253698071456,-1.7526115775456528,2.614731283439756
2020-03-27,-2.4411628304614204,-2.4797153411910116,-1.7247733733390342,2.5114041478072457
2020-03-30,-2.4001598587117794,-2.47081864506079,-1.6980142343121238,2.7970866437722313
2020-03-31,-1.5393467918747565,-2.3461398140404404,-1.6722641420564324,2.1596645119272972
2020-04-01,-1.2242837736215997,-2.3345933350076495,-1.647459315238916,2.241272646763976
2020-04-02,-1.3737774798247908,-2.2275735375732624,-1.6235415118100658,2.185224988222623
2020-04-03,-1.2558152060137802,-2.2247677505636663,-1.6004574243866432,2.0933276470442697
2020-04-06,-1.2702445486994545,-2.075541201145163,-1.6236271246997793,2.102252158805087
2020-04-07,-1.1548858922000405,-1.8932036845867912,-1.5553338621134125,1.6179797489065126
2020-04-08,-1.1626666409106896,-1.868573074556628,-1.686651370660817,1.8633533429512952
2020-04-09,-1.0763983676562119,-1.7496306226598946,-1.5620520361125336,1.7314134569390318
2020-04-10,-3.0,-0.06952407214764224,-0.9914267380689074,1.670130468537513
2020-04-13,-0.6476011253475124,-1.5572713527383666,-0.6831379930212712,1.6138011679099207
2020-04-14,-0.5429618723115376,-1.2911875139710134,0.14981717051117557,1.5679953712280077
2020-04-15,-0.495270081720253,-1.3643037422258195,0.27226082911615185,1.5308338191070678
2020-04-16,-0.48252849286485194,-1.244689764382663,0.8512243208961539,1.4876196208749435
2020-04-17,-1.2998563772420713,-0.8774075089310646,1.7117004835055865,1.291901168299918
2020-04-20,-1.4009855522622827,-0.8076488587222902,2.178218568937882,1.1633682608134266
2020-04-21,-1.316777258703249,-0.860467101711766,2.6161309447726993,1.360824513276108
2020-04-22,-1.3492358196592555,-0.7004602120755349,2.422887900422242,1.2925058519214538
2020-04-23,-1.1094887181193491,-0.632052770638008,2.2281455485323343,1.2362364829396997
2020-04-24,-1.0020070615492518,-0.7503106496563783,1.7384873252600421,1.4694671014699585
2020-04-27,-0.7977447333590446,-0.5711657295378869,1.6681228042834866,1.2640303856304291
2020-04-28,-0.7402264430283841,-0.4744527197056204,1.7335730512957648,1.1075232282766398
2020-04-29,-0.3865697308818139,-0.25499387450589245,1.7412996311413083,0.9336296560522874
2020-04-30,-0.2072407242886256,0.07970580277174129,2.8944133537274404,0.7615031637221311
2020-05-01,-0.13115930760264424,-0.039234665948207376,2.8828484960246206,0.7769337761501407
2020-05-04,-0.12103072856790387,-0.26681875302941566,2.6949709686164702,1.1436448011888272
2020-05-05,0.017996363073331405,-0.17220870426736914,2.5291357152376728,1.0525586464225916
2020-05-06,0.08977250603320049,-0.105539286551726,2.4335101030894717,0.9053203380212269
2020-05-07,0.14515573521645742,-0.1728377164755146,2.1469766209154586,0.9845048291550209
2020-05-08,0.30708171151067626,-0.06355424650780363,1.9890787571519886,0.8085695708555325
2020-05-11,0.3383493605913856,-1.5383760985773605,1.992877194680752,0.7011996495897079
2020-05-12,-0.44164522280380736,-0.09954594048616557,2.004328609380762,0.7279293717091307
2020-05-13,-0.10256792953164127,-0.14665429037488395,1.8741768923034257,0.632314210981241
2020-05-14,-0.2719819965274924,-0.20933284512690017,1.8123782254592824,0.7826823436713061
2020-05-15,0.015017548978222661,-0.17429201853952214,1.7642177132731132,0.7729221917612528
2020-05-18,0.2110078148710967,-0.07718837808541379,1.6845297740316627,0.720237647569034
2020-05-19,0.009657272756906426,0.03757002458325568,1.7267042202651128,0.4907032819950048
2020-05-20,0.015575166716870287,0.08060662814836518,1.6985408995223166,0.47943513512174013
2020-05-21,-0.04767915060877942,0.17772964561847218,1.782786555084081,0.44891855382880896
2020-05-22,-0.051723723773520816,-0.04179220965241936,1.7140988032079718,0.21430547976707126
2020-05-25,-1.2211998663271595,0.04177458390880541,1.6895919429013533,0.09822673556668303
2020-05-26,0.6562055227080282,0.22423734821220687,1.6961398442844733,-0.05333374258723297
2020-05-27,0.5788902918493865,0.2887015049403138,1.7056532410100298,-0.008759941691438344
2020-05-28,0.8688796056631067,0.23010864419880983,1.6631960529925836,0.020238161679274797
2020-05-29,1.2345687945321169,-0.02234864948217924,0.8546145593567809,-0.029428526723137335
2020-05-31,,1.5503688490876433,0.8115915831874669,-0.1383473589776262
2020-06-01,1.5321365197920753,0.11208789093337299,0.8722784041826454,-0.3929063817988776
2020-06-02,1.5866645026967707,0.20951746172179964,0.8452316955026895,-0.5035345831445454
2020-06-03,2.303014625128746,0.449965996348464,0.8713379568488687,-0.6759033711536828
2020-06-04,2.1916352831746844,0.6560648835956128,0.9947647467827748,-0.7110667913326263
2020-06-05,2.1110780146652464,0.656932865961365,0.9676035076279111,-0.7409719397818707
2020-06-08,2.0330478951498105,0.7153185594370725,0.9953299617328558,-0.7021253936075931
2020-06-09,2.0602655268108316,0.9409403918349641,1.0367018708924098,-0.7517661998092833
2020-06-10,2.0064228510913007,0.9062606436057355,0.9897277108299761,-0.7221499051749934
2020-06-11,1.4437889024947888,0.8967157990421502,1.3271607080106484,-0.7981541736941586
2020-06-12,1.1996606436193415,0.8226565544948898,1.1338518990003428,-0.7200877767540116
2020-06-15,0.9552796263148324,0.7115488488915223,0.9314488498531023,-0.5207164503129221
2020-06-16,0.3647558350209596,1.0170371627563823,0.9458873786809981,-0.6527967799091958
2020-06-17,0.21113852053155888,0.8711988125760582,0.8835790428761339,-0.6909203500689403
2020-06-18,0.17003624648516927,0.9786047036588033,0.7545033948487919,-0.6619677318068432
2020-06-19,0.18408448764595142,0.8942993594973355,0.8242204259908217,-0.7073402952202203
2020-06-22,-0.023296326209061344,0.7176128559229492,0.73916441325573,-0.7007301296971872
2020-06-23,-0.12167779884730137,0.7698058249603966,0.6620018834152881,-0.7758073398875759
2020-06-24,-0.23462623582352188,0.7901792487663896,0.6718769304703064,-0.862270184534743
2020-06-25,-0.3346392193832032,0.7391697674551144,0.5464703145251946,-0.7468525520942294
2020-06-26,-0.3970586364029101,0.5999951100627963,0.6177158720119037,-0.7796392698238283
2020-06-29,-0.7415819766776033,0.6136876503621196,0.5111893189120639,-0.680667113178721
2020-06-30,-0.6318302669639395,0.627468189720045,0.4660479024484808,-0.6472224842212503
2020-07-01,-0.50891360829629,0.7085516887145636,0.3832206001247977,-0.6878658122477017
2020-07-02,-0.5308342526140971,0.7968568855588305,0.23104396966487606,-0.8116240982599899
2020-07-03,-0.46414403614642635,0.7650583121509389,0.15655011654214862,-0.879335053225457
2020-07-06,-0.5933713117881323,0.9453115744540158,0.09015053991771357,-0.9864251440513305
2020-07-07,-0.6693561135115881,0.7798606153940771,0.06195431793559918,-0.9755713534435572
2020-07-08,-0.450830028571368,0.8948472073251231,0.018960622375474204,-1.0743914166174453
2020-07-09,-0.3679650474501946,0.9633021334459599,0.05531911316669649,-1.1458357576946598
2020-07-10,-0.5665856878624601,0.8211826542789908,0.07965246377886319,-1.0234089087576865
2020-07-13,-0.41774403593332615,0.8600498259895213,0.2458396127369428,-1.0768593544684566
2020-07-14,-0.5197372263302671,0.7426599194995626,0.1592229518711289,-0.9306496101718092
2020-07-15,-0.28874794681168897,0.7641302460418983,0.051267848733524524,-0.944623885741135
2020-07-16,-0.02935752675567128,0.613755925628138,0.07087195168535777,-0.7772461151528878
2020-07-17,-0.0428337534219171,0.7919324339910777,0.03386505141467891,-0.8123966554934277
2020-07-20,0.10644728529118302,0.8760622020840406,-0.006104200486898084,-0.8356059279015055
2020-07-21,0.07859441157643238,1.081292304639369,0.018707760899282028,-0.9569471150638905
2020-07-22,0.028083369164196903,1.1881036027046865,0.027187123467292185,-0.8876669565459451
2020-07-23,-0.3186136097943624,1.1357578110082975,0.11019826887816275,-0.9169902750055824
2020-07-24,-0.4801013832362853,0.9587197837805197,0.12746017854177924,-0.7957438303348122
2020-07-27,-0.6330283453367593,0.9691805116766338,0.14269857194762164,-0.8751603120606113
2020-07-28,-0.32302826313638133,1.0229038608909773,0.17783656525746008,-0.9613909915854988
2020-07-29,-0.27466080760268796,1.1027334777158149,0.13178397386610746,-0.9384701368646708
2020-07-30,-0.2550973835762284,1.1661933606194137,0.1258849043151198,-0.9289302915963328
2020-07-31,-0.028375411079370676,1.1752288554231023,0.1415012304787285,-0.8965378853525342
2020-08-03,0.2566704409133001,1.1919863145520473,0.18813432740617522,-0.8406092134494308
2020-08-04,0.4583012747784313,1.2977476743172698,0.1282516781313122,-0.8659837769459588
2020-08-05,0.26509800562650354,1.3297653860959275,0.1962244688276923,-0.920898086648009
2020-08-06,0.21002061993792517,1.3605974525678235,0.19659532513711678,-0.9023752928315986
2020-08-07,0.6190661166479664,1.2370305965725916,0.2622480704200481,-0.7946260808285769
2020-08-10,0.731570272168115,1.2061642723306536,0.24345260178794284,-0.7662747702325257
2020-08-11,1.2241249510871586,1.3038144755302743,0.3902398860089934,-0.8561747352814457
2020-08-12,1.5267978831854916,1.3392574033571936,0.3262533425393317,-0.818623227942775
2020-08-13,1.5570344377972807,1.3168469413808461,0.3322030957806493,-0.8490897430172064
2020-08-14,1.400077234582621,1.172176279100027,0.2704363252338598,-0.831358753658596
2020-08-17,1.48937834013413,1.1951132170926726,0.21522907199523522,-0.8685263930170242
2020-08-18,1.5518457404418702,1.1768175362816065,0.16222296740232794,-0.8712706887133618
2020-08-19,1.6758041766671663,1.202854306924411,0.16875910510938077,-0.8606806760144782
2020-08-20,1.5940921856608021,0.9971571551942849,0.11633044245864531,-0.7231229626046964
2020-08-21,1.7336999249094645,0.9888734609795424,0.1086166980944344,-0.9255625158534435
2020-08-24,1.613445067640589,1.034915262808017,0.10127061493459223,-0.9848910563214189
2020-08-25,1.593629807791244,1.0804129828527491,0.07323806674079811,-1.0278621701288082
2020-08-26,1.562066132810669,1.1022608072690834,0.13195039804996803,-1.0022114920152947
2020-08-27,1.4760428319430348,1.0329099512513813,0.17446062324348444,-1.0079799716068627
2020-08-28,1.5812089147217891,0.9662093245196554,0.08793513440078994,-1.0079803757351549
2020-08-31,0.9814768842671824,0.6717608024758601,0.1547616748577169,-0.8773323948020121
2020-09-01,1.0130108599817833,0.7670985196256673,0.0680508434932152,-1.0019202173292754
2020-09-02,0.9864308423352399,0.7497670721259145,0.11380297319378312,-0.933180617839005
2020-09-03,1.180363394458682,0.6687403617675216,0.2691848015456984,-1.0244803944399743
2020-09-04,1.2430128597898595,0.6113343062450725,0.23574485150391605,-1.006718301750702
2020-09-07,1.545026914881111,0.5414494732140714,0.20318179739641312,-0.9714146773335686
2020-09-08,1.607921075543825,0.4823684835195732,0.1362228520173236,-1.0347817867451499
2020-09-09,1.703637678367403,0.49149485847854557,-0.04243735968239419,-0.9180109045385602
2020-09-10,1.9251413612442534,0.560512993647017,-0.00873168830745341,-0.9811083528178802
2020-09-11,2.160963565818017,0.5727687343122762,-0.19538855838437647,-1.0331122649631745
2020-09-14,2.217505321021043,0.6802349211417928,-0.17155816083327793,-1.0662010970703868
2020-09-15,2.2646456881595416,0.7851583702237196,-0.18121348614427268,-1.0772667606220196
2020-09-16,2.1529557712681924,0.8266613873991207,-0.11608970382437223,-1.112277487159001
2020-09-17,2.151739574547787,0.7038095240028373,-0.13146601506769803,-1.0722741985317967
2020-09-18,2.0870841061586267,0.6883187707756764,-0.1240338726990325,-1.1237172520573753
2020-09-21,2.016840206030122,0.5147941509067291,-0.11170969421936693,-1.0397675115101026
2020-09-22,2.0115825941462937,0.4776787400400579,-0.18012866387330143,-0.9280575928817693
2020-09-23,1.9304725386963915,0.4576150934500358,-0.16046029757016803,-0.9905084368912738
2020-09-24,1.8854989286701966,0.3199285824896766,-0.2444045914665171,-0.826452885993732
2020-09-25,1.869778431805835,0.30910636324132373,-0.3937343749163131,-0.7624672727192917
2020-09-28,1.7183386100212508,0.41706111765995824,-0.36675759423976334,-0.7624734038411275
2020-09-29,1.6456218253109443,0.2449241896424825,-0.36199809119669013,-0.7498813581876195
2020-09-30,1.712194582890283,0.37766014478145804,-0.3233173383702423,-0.8429937347109806
2020-10-01,1.7988591607445832,0.3211275427951469,-0.32538414982462066,-0.8410081203898001
2020-10-02,1.743189545746532,0.2817811854971989,-0.2529447105644639,-0.8629137534826729
2020-10-05,1.632727042025502,0.2898623966062944,-0.25556033696497055,-0.8715976603499607
2020-10-06,1.6140102334940334,0.36284492646076455,-0.19268632753992482,-1.0164074208785234
2020-10-07,1.5568192908163045,0.45058877314312085,-0.08056048778231283,-0.9625840098116392
2020-10-08,1.5017407092966661,0.48171073009132653,-0.16794788879420963,-0.9754294874806412
2020-10-09,1.4654534874621752,0.5705436812512237,-0.17239639228297843,-0.9477670615273548
2020-10-12,1.3546261635658936,0.6407266452717432,-0.1345681280058742,-0.9545851543152554
2020-10-13,1.346118873447082,0.7019035509480918,-0.10998333164416678,-0.9680226014749894
2020-10-14,1.3403873771370851,0.656715267067535,-0.07866768657225919,-0.990478783361999
2020-10-15,1.3518570527890619,0.43887948567816926,-0.07236073081818964,-0.879913253834486
2020-10-16,1.2800173601283251,0.4113888552200733,-0.036315049190184634,-0.8945068010891738
2020-10-19,1.2437526836151787,0.45997150051121366,0.03846333912634294,-0.9948968679641882
2020-10-20,1.2035228965562546,0.48079935957346337,0.1339250712271881,-1.0291611163793712
2020-10-21,1.1712012370682787,0.48957589061245965,0.12041419796863825,-1.0558407140665482
2020-10-22,1.1625284686849022,0.41886445284669754,0.1498759915047821,-1.031606561291084
2020-10-23,1.1681583674737372,0.3855316428512785,0.17849436151519948,-0.9878231127233443
2020-10-26,1.1431479769516095,0.2706986214161907,0.4075435144165311,-1.0113101302483658
2020-10-27,1.2974920770482405,0.35944021738239756,0.4060572272272752,-1.0473162720011788
2020-10-28,1.3493804235418796,0.23877953415423683,0.7201314364040368,-1.1220594897373912
2020-10-29,1.3191770954458935,0.2421467023525595,0.5775340449610419,-1.0817692483826649
2020-10-30,1.6084129028432301,0.0902376789444606,0.5532568465172025,-1.0386396673094682
2020-10-31,,0.08719196583124655,0.5103418075334504,-1.5040101161880843
2020-11-02,1.5597914571093856,0.15145851042863157,0.3546032135467744,-1.0357840144003865
2020-11-03,1.4969041231412095,0.21483878556447125,0.3191216248939457,-1.0068252217334492
2020-11-04,1.4607565263794682,0.36094987196597034,-0.0780340641661083,-0.9673102420311889
2020-11-05,1.3153519712620847,0.6121335397207139,-0.07153756608210612,-1.1317403957008876
2020-11-06,1.2686503618163427,0.7035649390355804,-0.17334115528813243,-1.2160219898469307
2020-11-09,1.134529602708777,0.8933706377983301,0.07684264296487871,-1.2780431866123654
2020-11-10,1.1110218099097433,0.7713363997881918,0.052462454763227126,-1.174077457780119
2020-11-11,1.1542370318685011,0.7343713983155316,-0.02849543465514283,-1.117564506872651
2020-11-12,1.246997474109141,0.7325248100472442,-0.020911449253109678,-0.9691825040955718
2020-11-13,1.2812718675189327,0.7064868199455658,-0.12351747522669763,-0.940364198818985
2020-11-16,1.2961741866809597,0.8391943731093056,-0.1335501738182338,-1.0009527771932227
2020-11-17,1.2337734988905584,0.8929303668110831,-0.20047253098178142,-0.9693048307715769
2020-11-18,1.207119214415965,0.9238421280228281,-0.10847892430132282,-1.0622451567381646
2020-11-19,1.170319325935202,0.7854538377003681,-0.20203983117036547,-0.9643261728623956
2020-11-20,1.1215183636409325,0.8307995179431787,-0.1742389519096304,-1.039113400284891
2020-11-23,1.057805397909554,0.8757595670887528,-0.1822059228795584,-1.0862356129314668
2020-11-24,0.9820034170589103,0.8911364965862103,-0.16901866058968834,-1.026712219961139
2020-11-25,0.9718480727964901,0.7780222177928774,-0.1668579083093594,-1.0062354698635347
2020-11-26,0.9364121092024712,0.8906222431151949,-0.16669480458769367,-1.0620728280649763
2020-11-27,1.0204594932900783,0.8107266554057567,-0.16547914399331795,-1.0299323401456815
2020-11-30,1.0251498465914246,0.45134933850732495,-0.13696382798388165,-0.8643934656146065
2020-12-01,1.0159120609131413,0.6377251079212486,0.017730425982628206,-1.0730452945725535
2020-12-02,0.9291287182050829,0.6940681385941871,-0.005636003963351798,-1.0454375622085197
2020-12-03,0.8413265997903216,0.7699643967921862,0.040774217062745484,-1.0747904566266906
2020-12-04,0.7969707552067548,0.8915950640216291,-0.026240854018415104,-1.101543867362826
2020-12-07,0.813199287876213,0.9122363256180583,-0.08665253197852921,-1.0783712498253295
2020-12-08,0.8114084609558009,0.8724756164615007,-0.35127061052238095,-1.0633510356247622
2020-12-09,0.7654369136838439,0.8255742851066985,-0.2502909342027054,-1.1071969247355407
2020-12-10,0.7685793627059201,0.7754856234919144,-0.2587051641744193,-1.044466397400245
2020-12-11,0.8528435279887857,0.7963553911437171,-0.1539336339505189,-1.0618660778352385
2020-12-14,0.8428455870296554,0.6748834874383225,-0.061644864640715155,-1.0228545862145193
2020-12-15,0.8375167107871757,0.6922688276916018,-0.15387350075319117,-0.9492714275582155
2020-12-16,0.8540808795958651,0.8277682551592497,-0.10765469583734721,-1.0139476526730513
2020-12-17,0.8618061336703078,0.9760839889492584,-0.13669889653895664,-1.0250019334704987
2020-12-18,0.8637338381583741,0.9230818804413605,-0.088599571648392,-1.0202025605040081
2020-12-21,0.8633978112169705,0.7445358399853068,0.11699468961697755,-0.8943523462341008
2020-12-22,0.8290298163531089,0.7305522855035355,0.02309295291785856,-0.8410330564345223
2020-12-23,0.8267106489158358,0.8843931907082428,-0.0027655227261488,-0.8812659686615895
2020-12-24,0.8069100459616297,0.7350623065379657,-0.16365572900963749,-0.8125849083350655
2020-12-25,-0.2929168850886494,1.95366557470893,-0.1635404824013188,-0.8182613320094417
2020-12-28,0.7879763710181181,0.6077877814193325,-0.15452777254656438,-0.7501954275985012
2020-12-29,0.8145307631888481,0.6816165648342746,-0.10483674362545248,-0.8638997507704699
2020-12-30,0.826909787533131,0.8140782692206192,-0.25981100144009506,-0.9750078163458551
2020-12-31,0.8117574468432961,0.78867485199826,-0.30649767415727,-0.936998421614551
2021-01-01,-0.178479889626135,2.016500145850172,-0.30547753651623216,-0.9490429045996942
2021-01-04,0.8374168691282621,0.8298433662070359,-0.1489799784845311,-1.0709291724860661
2021-01-05,0.8302511043331102,0.8845988067160813,-0.16584668930346935,-1.1170108031629977
2021-01-06,0.7707794165579902,0.8187097165946372,-0.1328953215125064,-1.083034139388336
2021-01-07,0.7486197574989113,0.8782305598332187,-0.3505787357011285,-1.0593447381068988
2021-01-08,0.7357106883975233,1.0223500808965662,-0.36947783804221357,-1.2624092326322374
2021-01-11,0.6615618214056123,1.028837385846354,-0.2063211655503563,-1.2649280307971746
2021-01-12,0.6027757243178625,1.0687380331123673,-0.29533299966010435,-1.2595689736360858
2021-01-13,0.6036069866540136,1.1498280910131917,-0.4529917878338135,-1.2682132199441563
2021-01-14,0.6047331181747959,1.2090919441480557,-0.34477185433407487,-1.3116424390452281
2021-01-15,0.5726844517128954,1.0395664084885612,-0.3562927708652321,-1.2476232446575493
2021-01-18,0.5930058623347148,1.1192584511137138,-0.3794894540236166,-1.2417701439466255
2021-01-19,0.5855008390017982,1.2718470337853893,-0.4395420755634909,-1.3244167094449457
2021-01-20,0.5947866568089223,1.3699726712470386,-0.45653383776967427,-1.3381797236733477
2021-01-21,0.5690841029032337,1.2904254064533345,-0.49402118014736135,-1.382744278531988
2021-01-22,0.5987092316764104,1.1048699079171274,-0.4082639591677134,-1.3122923025670208
2021-01-25,0.5027709169756285,-0.08230659539376936,-0.3588508974832977,-1.3392004358293974
2021-01-26,0.5790042394582016,1.033128965691922,-0.3166600554730376,-1.2282965196507962
2021-01-27,0.49831833244303764,0.973333877530306,0.4466092532655279,-1.177679488933478
2021-01-28,0.507917839815611,0.7860458936860705,0.09147937383545342,-1.0154187473388843
2021-01-29,0.7144849147019315,0.6085603976601617,0.33282919884245504,-0.9938290391510037
2021-01-31,,-3.0,0.30375075382700195,-1.7514397113632367
2021-02-01,0.656904656754379,0.748085795223864,0.08368436434700216,-0.9719391075986559
2021-02-02,0.7712004974062345,0.8015592449854476,-0.19053024586734757,-0.865551730812972
2021-02-03,0.41650196840966486,0.8543163731379902,-0.34539807321993193,-0.8220469028868961
2021-02-04,0.2136188397256625,0.826130517539996,-0.3586103782813214,-0.6667992731914586
2021-02-05,0.3211895887751013,0.8816256008461324,-0.3576298902346663,-0.6877306859457359
2021-02-08,0.2688571576210623,0.9870104412201409,-0.387433954157512,-0.6723207611128607
2021-02-09,0.19964926152870793,1.0687493050617143,-0.3093935570429416,-0.6763479651065173
2021-02-10,-0.03718266749536003,1.2545928555201322,-0.2600583850387225,-0.7169356923675334
2021-02-11,-0.07363674281908546,1.2347518600506295,-0.33075827377747485,-0.7355216055877875
2021-02-12,0.01296913735830693,1.306893213277812,-0.35278535495466207,-0.7273456136272622
2021-02-15,0.02852852764699461,1.3510614217145571,-0.3243810492069824,-0.7628203606027475
2021-02-16,0.05152063401055938,1.4994400643110806,-0.15062337450808044,-0.8244550627993417
2021-02-17,0.02991651200498853,1.4356555028139937,-0.23054593495232092,-0.8675681467839471
2021-02-18,-0.17314645936662676,1.1767665158077196,-0.19677944776754208,-0.807946356088161
2021-02-19,-0.016137613924306914,1.1478389538866272,-0.16812395664237073,-0.8865781067462364
2021-02-22,-0.1068235260214592,0.877523957145547,-0.08107712238319803,-0.7416856110949398
2021-02-23,0.14128714139290383,0.9817179925631235,-0.1866946275421068,-1.6358422822709267
2021-02-24,0.025112183506164842,0.9695243622112386,-0.15636203910939167,-1.556138433743932
2021-02-25,-0.22689134199430142,1.1075786223840005,0.43165585409197005,-1.6523496834417408
2021-02-26,1.662534842212161,0.8090804814861277,0.14149470326034758,-1.4720583934824973
2021-02-28,,-0.47316484147610416,0.16853180481041852,-1.9042495384846383
2021-03-01,1.48382471516245,0.9897438185833547,-0.18345955155225688,-1.4603159777703794
2021-03-02,1.4948036384138592,0.8768949883744733,-0.25080226243820836,-1.3968124090011025
2021-03-03,1.4880574456086406,0.9436780507343967,-0.0560656582477623,-1.4345059906137356
2021-03-04,1.4944528021543124,0.7536179394506894,0.0951834860444496,-1.3949442505850114
2021-03-05,1.4238432346467558,0.6776551072084506,-0.36470740059880674,-1.3600068497158586
2021-03-08,1.333398882061231,0.5068381912392529,-0.34014484301963793,-1.3013522240202444
2021-03-09,1.281261658680392,0.5350929290674702,-0.5805608908963041,-1.2798902116169684
2021-03-10,1.3272481338072717,0.5611877929947366,-0.6733573394210425,-1.2380564080125995
2021-03-11,1.280917082171839,0.7541615185702798,-0.7118336252943457,-1.2843631607803667
2021-03-12,1.1711655033055755,0.7002280960439828,-0.7278140760031143,-1.3172223029400325
2021-03-15,0.9915220621688647,0.6067670250371182,-0.8262314228200743,-1.2786981855327355
2021-03-16,0.9362581649825797,0.6136669884632038,-0.8959263897543818,-1.263658199918956
2021-03-17,0.932346549460738,0.5754565014407729,-0.9259525308971737,-1.2419352227795746
2021-03-18,0.9266141725328321,0.6447820805126221,-0.6436729636531299,-1.290351675446304
2021-03-19,0.9003320221688416,0.5968041689156816,-0.7420525936711256,-1.2466437211486592
2021-03-22,0.8763044855712658,0.5532454228577377,-0.9046609767994399,-1.1942264348165421
2021-03-23,0.8167762708906271,0.5202610348543548,-0.7732864631064444,-1.1455836252383889
2021-03-24,0.8033345520222258,0.32553509085542665,-0.8599687992202235,0.2733831943494958
2021-03-25,0.7995282065885363,0.07509434860042875,-1.1578259389388446,0.3155384573873974
2021-03-26,0.7976672861941341,0.25969403801984153,-0.9673520857616162,0.2724627114662382
2021-03-29,-0.7856473763013643,0.11159674019931423,-0.7733514823228782,0.22702089671178607
2021-03-30,-0.7560153934841624,0.2023900457052172,-0.8131523665679896,0.15717072058524195
2021-03-31,-0.7137649258820233,0.2368429592259381,-0.54529732093229,0.1896486186402741
2021-04-01,-0.7737052564695988,0.2727734976703198,-0.8360451423117375,0.13795601440518448
2021-04-02,-0.977360739890773,1.4130812488266298,-0.8916982893542661,0.1278458711007755
2021-04-05,-0.7516535748355052,0.25366418661678797,-0.6603462436877371,0.15230144147918548
2021-04-06,-0.7559347544926519,0.19304061751362864,-0.6111240525141024,0.1318939594826586
2021-04-07,-0.7429385514971639,0.09311718162611034,-0.516932225918078,0.18616403078089663
2021-04-08,-0.7453235195113324,0.21194774193021598,-0.5601731632228334,0.20415780102548972
2021-04-09,-0.7359092708181108,0.06923873778572223,-0.5751224910190315,0.2529109251518145
2021-04-12,-0.7734880578326111,-0.07195371246792158,-0.651776018399243,0.2986744725417484
2021-04-13,-0.8059692365389597,-0.06599755721907274,-0.7925644222921971,0.33580619258988936
2021-04-14,-0.7873425294587858,0.011944894727285611,-0.7637151918630675,0.25424985260582494
2021-04-15,-0.7157015273266194,-0.042717567944250204,-1.0098355341188563,0.30424746290079496
2021-04-16,-0.4650617100134781,-0.09350697951565635,-1.0232020900174015,0.27195599968814727
2021-04-19,-0.49138967378613857,-0.15166970175104413,-0.847229651851543,0.23499460136162348
2021-04-20,-0.5197198301068953,-0.1653913501759338,-0.8086306968721613,0.22650298938135996
2021-04-21,-0.49770755332251254,-0.18131899140501748,-0.8848127593639438,0.33723724566584845
2021-04-22,-0.4296580527535533,-0.21564639333805866,-0.7297359627615401,0.27645036904467185
2021-04-23,-0.3823958537318182,-0.08124153761902543,-0.7568717443492182,0.24862214826124593
2021-04-26,-0.4546119608645746,0.009753160639736287,-0.8270657554183677,0.24101023709721672
2021-04-27,-0.29894260783706345,-0.001006498896346181,-0.8267233813537731,0.2107329152936763
2021-04-28,-0.26751977614628286,0.057158692031179174,-0.8079748820415601,0.1555138079745475
2021-04-29,-0.253035198729802,-0.04533802990165715,-0.9740097789672557,0.19279476453408015
2021-04-30,-0.09558458315929994,-0.3618557417071895,-1.1549557248257205,0.25555535293827
2021-05-03,0.01784481574643733,-1.5672650391117913,-1.1964780272089022,0.3130293435389974
2021-05-04,-0.05496910791257018,-0.4738090425836237,-1.1346071523602594,0.3212930976138434
2021-05-05,-0.034170545336051183,-0.5339049466214282,-1.0816646772773273,0.37907738708979327
2021-05-06,-0.025614049335616933,-0.49800422557649576,-1.1244315260398223,0.36563903647642293
2021-05-07,0.1989114134514957,-0.42761866954283256,-1.1349221714139635,0.3564847637709198
2021-05-10,0.17277986627909112,-0.49102244958474633,-0.9162226890884021,0.35947990544135816
2021-05-11,0.18700843712365303,-0.5891033884200814,-0.7229538117247276,0.45359980681829615
2021-05-12,0.3327351000132712,-0.6624336431656431,-0.014522713584634042,0.4511525545213727
2021-05-13,0.3229485189533592,-0.9067274680612898,-0.5310979954485617,0.6197043289109165
2021-05-14,0.3467706504864728,-0.6971482850054953,-0.5708993126822001,0.5864495052144139
2021-05-17,-0.1046225479943522,-0.6761782255518419,-0.6356350861164588,0.5486882631655448
2021-05-18,-0.09347734427014616,-0.4889981761214237,-0.6156377487682811,0.3697342853863746
2021-05-19,-0.12194568367810327,-0.5905527107097334,-0.38349156279782887,0.3475506995100072
2021-05-20,-0.046094249031489294,-0.6077352250726464,-0.6257456198691423,0.6548016820569749
2021-05-21,-0.019819418969726672,-0.6529099422825858,-0.5919898355544825,0.6480038151455514
2021-05-24,-0.09210481688503702,-0.6511670538365776,-0.783385794326499,0.7406615803078906
2021-05-25,-0.10106823879411952,-0.5244191538872367,-0.7118633700380214,0.6127181762860937
2021-05-26,-0.11775891663562131,-0.3932493570776008,-0.8150660199400148,0.5608071374486951
2021-05-27,-0.17576807021858568,-0.4071835065712852,-0.7520493110748976,0.5442902485903386
2021-05-28,-0.1567945203391547,-0.37555897487029954,-0.8138704368332415,0.3392490716566297
2021-05-31,-0.9138554700965242,-0.17599037024523034,-0.42954093646290054,0.41025942169152185
2021-06-01,-0.03475089317464417,0.014373485141383934,-0.2736454606286615,0.335544855734116
2021-06-02,-0.054973054751718556,0.06430240129836234,-0.3038505885535937,0.3740749833041583
2021-06-03,-0.07228407389063461,0.012153614734165295,-0.15558971930392582,0.34994596339748046
2021-06-04,-0.09489836202556311,-0.08114484796807955,-0.4177377003525242,0.44190476207680424
2021-06-07,-0.08643709377167814,-0.09733409725918417,-0.3450350871252006,0.4378830442873905
2021-06-08,-0.035657621148940034,-0.2621315390259052,-0.3653829611008364,0.4600188688448522
2021-06-09,-0.011613312726021051,-0.32580448829901654,-0.3370900555618484,0.4802116001924861
2021-06-10,-0.010225428876837446,-0.33279559668718944,-0.6510979447413112,0.5070253498843057
2021-06-11,0.5128353114786014,-0.25743164437614807,-0.39398156906908705,0.4596150558300627
2021-06-14,0.47201026756159403,-0.18743973886714527,-0.26292047840637245,0.4682784304461995
2021-06-15,0.42724134484685933,-0.2710330676040359,-0.21326526013196428,0.49892942666298723
2021-06-16,0.25436923544787693,-0.3074326184757631,0.05804053042733658,0.4700730680608799
2021-06-17,0.24897868011350788,-0.43659181079278525,-0.12101423746026217,0.5112752609258573
2021-06-18,0.2287670024779385,-0.40563555007732993,0.2951586219638586,0.49238928925257575
2021-06-21,0.17055322970432132,-0.5387756556417105,0.07188448707215833,0.5645185061160675
2021-06-22,0.23085744045563428,-0.5882746177872579,-0.06363599215937057,0.6402665992402492
2021-06-23,0.2349077242010017,-0.4814147250146036,-0.05332798874906223,0.5231540106157272
2021-06-24,0.25843678731358,-0.38491214924809963,-0.15693567473033557,0.4874311025134212
2021-06-25,0.25641325260522346,-0.3241766834045956,-0.14677645843179984,0.418146608154745
2021-06-28,0.20801917371558346,-0.34330268680887316,-0.21141574388221882,0.45184867615811236
2021-06-29,0.18604367462693264,-0.4143836198208487,-0.22802005383930282,0.4727609135963701
2021-06-30,0.1319749212451431,-0.45514083398488087,-0.24270180980783843,0.517366823565499
2021-07-01,0.2296685518141582,-0.5082016546139116,-0.23175906076375402,0.5744801048796038
2021-07-02,0.17617675181511283,-0.7538236649183327,-0.45864315873704603,0.6957130890797419
2021-07-05,0.11182848615101672,-0.641133004782255,-0.3003903883495338,0.6955604351046639
2021-07-06,0.032269526796457955,-0.8165901644301454,-0.42124663439245513,0.7680245541459827
2021-07-07,-0.015085493895677158,-0.871723246111873,-0.4783863335516307,0.8522078015968008
2021-07-08,-0.046895211162071126,-1.1255161421238178,-0.3221837955737199,1.005739701780707
2021-07-09,0.03237832957889776,-1.0338135669347945,-0.4370559970482731,1.025602304553726
2021-07-12,-0.25119207227383644,-0.9406124748725246,-0.5154418894563196,0.981285128778889
2021-07-13,-0.14233008661034077,-0.7250675493908605,-0.4328051944199266,0.8404593881226508
2021-07-14,-0.23194464279942337,-0.832018532204625,-0.657936888105287,0.8886363176654754
2021-07-15,-0.16268903424013945,-0.7785042842095642,-0.7975016715907453,0.7867678298549912
2021-07-16,-0.13136562670718452,-0.8494524376422874,-0.46797861630215126,0.8415169711134873
2021-07-19,-0.24476222361898514,-1.074530841205338,-0.36443720136160573,0.9611382114864024
2021-07-20,-0.21581804621630057,-1.1341198024920538,-0.6400780819200306,1.047607233798401
2021-07-21,-0.3118477745119663,-1.0862265881798332,-0.546315696163143,1.0298648515986464
2021-07-22,-0.40210859271231686,-0.9754736499669621,-0.7263078287314028,0.9184413369474524
2021-07-23,-0.34729177237784425,-1.1316204764992606,-0.6811963094178632,1.1079177933177276
2021-07-26,-0.43329244545202,-1.38624647992828,-0.7677948822233148,1.3654153185334847
2021-07-27,-0.47761833130447534,-1.5002538736990887,-0.6912495322349599,1.5597151882877685
2021-07-28,-0.4537115956514781,-1.2792079805237506,-0.7775749147635552,1.3810556990385185
2021-07-29,-0.4357652417577306,-1.0340787096761883,-0.8663929549566333,1.1418851556980552
2021-07-30,-0.3983426678411096,-1.1917385140412269,-0.9790088955334963,1.2486798360970772
2021-07-31,,-1.1305483027884804,-0.8455160399750346,0.6070988426224256
2021-08-02,-0.5213795086384102,-1.0567449043017738,-0.8580407598005036,1.1174207628860415
2021-08-03,-0.5508674233235522,-1.019127619821176,-0.8075647534988755,1.1337820468385698
2021-08-04,-0.5075460369765693,-0.9507987587052859,-0.681426847827598,1.0146839935659941
2021-08-05,-0.43190508333423905,-0.9422744256369493,-0.48368841238650506,1.0277603974989833
2021-08-06,-0.39001311411834827,-0.9632312264729829,-0.5809324022845109,1.0523685264085014
2021-08-09,-0.42031990551945175,-0.8520994949814787,-0.5268687679992122,1.0095483115702422
2021-08-10,-0.4015024792042312,-0.7591234534417771,-0.5175957377383762,0.9563575430594817
2021-08-11,-0.43535991514361205,-0.8324692739111714,-0.40750194432340897,0.9988119762629132
2021-08-12,-0.36774763831245844,-0.9134610278293642,-0.3609561445064058,1.036519147116725
2021-08-13,-0.25646233334971774,-1.114701779851304,-0.5893000676473567,1.1407076356904826
2021-08-16,-0.47770863637239536,-1.12790475696894,-0.3066919378943475,1.2592539896351411
2021-08-17,-0.453907204392057,-1.2708423167485015,-0.09836993260662621,1.3730731746248057
2021-08-18,-0.4141734764714743,-1.1594693897767547,0.10410480272925803,1.2252419113879982
2021-08-19,-0.4430676066466493,-1.350388191132278,0.4236077730627913,1.5046957905473635
2021-08-20,-0.4617745730886961,-1.4515704789649058,0.08947599726496551,1.6076179295271975
2021-08-23,-0.5336431050643494,-1.2570001538437572,-0.08692403461514055,1.9709962925617823
2021-08-24,-0.542202592326811,-0.8961572874557842,0.23559839006768363,1.6000315373744245
2021-08-25,-0.6164787202634402,-0.8479404960675473,0.2843185678297792,1.5421632787665427
2021-08-26,-0.6661296570412404,-0.9261757650625256,0.5200654182570281,1.5630224662457353
2021-08-27,-0.7562427612408475,-0.8710911666951643,0.3313623986660906,1.5807750857329674
2021-08-30,-0.9285737452499969,-0.7735279249221042,0.26413141501287735,1.4785713122255946
2021-08-31,-1.0811380874803485,-0.5614799719021238,0.47405486761431065,1.2802118693802922
2021-09-01,-1.1598152710338394,-0.5748939139815337,0.3890030939919877,1.1968980033113397
2021-09-02,-1.2161815216034721,-0.6063294351788161,0.36835300773741086,1.2071550394116535
2021-09-03,-1.3099294755170678,-0.609429467347225,0.2254784274346669,1.1594419333372015
2021-09-06,-1.441897985861576,-0.526492001338354,0.12977508195177015,1.0938854952450112
2021-09-07,-1.3741237519138774,-0.5273406586914355,0.3438236342303842,1.0437763305675984
2021-09-08,-1.4698393810467065,-0.6631448735982505,0.1815760925168924,1.130628537110995
2021-09-09,-1.4751401300137394,-0.796881870021873,0.26252439918151566,1.2417594480054
2021-09-10,-1.3339700908662606,-0.6785674397898094,0.4721223082623536,1.1164189673239202
2021-09-13,-1.4145504036943661,-0.6547837134559383,0.4572719487739987,1.170885453936077
2021-09-14,-1.3900459023158025,-0.721320475159242,0.36648703055815707,1.2041981780497868
2021-09-15,-1.5604094823569834,-0.8444584298544013,0.18800687260566126,1.2897184870188256
2021-09-16,-1.51845139768282,-0.9280296779064289,0.18882296231912732,1.3554893096529486
2021-09-17,-1.536348530213658,-0.9773518743138803,0.15524366044809204,1.2365504137090537
2021-09-20,-1.5475435694079729,-1.265233185903555,0.3036408062441858,1.360524691066947
2021-09-21,-1.5381368580602626,-1.2118599446701595,0.16496695491694066,1.3179384506295913
2021-09-22,-1.513632837210251,-1.2138231077981818,-0.14182159972229308,1.3092215671784586
2021-09-23,-1.5237063355836364,-1.0767574726341813,-0.27037521535713055,1.2272525316989573
2021-09-24,-1.5616023015622178,-1.1664366802950419,-0.40989385315503385,1.2668915283879125
2021-09-27,-1.5747903215446142,-1.1360136824142066,-0.2531136371453716,1.2254245059886333
2021-09-28,-1.5586163350259226,-1.2044230926091803,0.11199961396079028,1.1673759312915435
2021-09-29,-1.5470525588858017,-1.2989712898417525,-0.06286631989321043,1.2435613848133125
2021-09-30,-1.4415542090300522,-1.2703073426875173,-0.10473502459173692,1.186607205892215
2021-10-01,-1.3722085551154921,-1.3443916546292596,-0.5711834835634566,1.297110774915993
2021-10-04,-1.4182697483823543,-1.3501089616575692,-0.32527162390943026,1.3204445323117242
2021-10-05,-1.4225501303929502,-1.285933224625937,-0.5510514927089526,1.3650973510588158
2021-10-06,-1.5182666453849933,-1.4035273452447252,-0.8393738038412253,1.4317694354071575
2021-10-07,-1.5400526895125488,-1.054182338855226,-0.8310493212864187,1.166454658339732
2021-10-08,-1.4727052759362422,-1.061624908544813,-0.9581193517119406,1.1049468504596658
2021-10-11,-1.4921778288901164,-0.9697402943830894,-0.9238349849641634,0.9919400828053593
2021-10-12,-1.4114632879705085,-1.2056171768204411,-1.398314031178434,1.0993813598885336
2021-10-13,-1.3423596226508592,-1.0721807143885864,-1.4035252777786107,1.0452709747983064
2021-10-14,-1.3330216663726304,-0.9723344251757009,-1.6710749311464088,1.0616861572335488
2021-10-15,-1.3306328409706447,-0.7074953824911221,-1.3979191269748945,0.9098552937820538
2021-10-18,-1.309428242146814,-0.6742148093341369,-1.1753661432389555,0.9015783286694302
2021-10-19,-1.2987935570311546,-0.4881619229002824,-0.7645298199454783,0.8039458296460685
2021-10-20,-1.2960318703744047,-0.42467266900481204,-0.780995969505626,0.7761961263938142
2021-10-21,-1.2454797268039839,-0.4715012720924857,-0.8255879735988241,0.8404157675809952
2021-10-22,-1.2182779454354755,-0.4802262932491146,-1.0859544087345467,0.8456786828588296
2021-10-25,-1.2263510523358756,-0.577633001042086,-1.1468144033829977,0.8617865543952408
2021-10-26,-1.300833892860078,-0.6823276429905125,-1.0062204240079502,0.8933982853597922
2021-10-27,-1.245934568225555,-0.8690972635417924,-0.892405411057737,1.00884970302811
2021-10-28,-1.156025465750816,-0.9382554547549598,-0.8282083128076975,1.0423537155159743
2021-10-29,-1.4221551064916889,-1.0414916510723145,-0.797982931631277,1.1091544420225516
2021-10-31,,-0.3867394960827196,-0.6345034092351144,1.0356381120782947
2021-11-01,-1.4615984138615212,-1.0764736007419202,-0.8250836077343615,1.0861472991837642
2021-11-02,-1.4141683263413098,-1.1262245593662918,-1.1214604295355362,1.0927436882130677
2021-11-03,-1.3898276037032986,-1.092894316031145,-0.8933500312301774,1.0996716760836067
2021-11-04,-1.3708425431098736,-1.0473606354707463,-1.27002176435737,1.1018404486785474
2021-11-05,-1.390266310874562,-1.1687921431210497,-1.4066702220045164,1.203133988728339
2021-11-08,-1.2933432220874532,-1.0365514333082184,-1.2592048469278263,1.1543194392894514
2021-11-09,-1.2438056448162615,-0.9530347701802111,-1.1340483652846076,1.137941216424698
2021-11-10,-1.2382878148733103,-0.8507714996866336,-0.6027334595674703,1.0817610380222487
2021-11-11,-1.2671153284347447,-0.7177690692758283,-0.659335725937667,1.0111107546039697
2021-11-12,-1.3561763815113126,-0.5921155630729684,-0.8003093361745491,0.9762987782713161
2021-11-15,-1.1826007763128517,-0.5741469779946047,-0.5601704737619255,1.1462352926300807
2021-11-16,-1.1511475906953927,-0.4758454149331821,-0.7829578535871928,1.1037629903490345
2021-11-17,-1.0905537090359088,-0.46217439842343727,-0.751254433324513,1.1054595378651684
2021-11-18,-1.0983101831476363,-0.814706647662457,-0.8013269880353754,1.204761786830218
2021-11-19,-1.0881832976812287,-0.9649006158620844,-0.6530586899109455,1.2081926359250883
2021-11-22,-1.1478060835613024,-1.02594325005323,-0.1325389474947021,1.1797305483333698
2021-11-23,-1.121259699490925,-1.1134557449001077,-0.27258195754647335,1.2081091062776652
2021-11-24,-1.0792076810298545,-1.1298212991244367,-0.24892068428998015,1.238197061519971
2021-11-25,-1.0960456115282748,-1.1432109044004737,-0.35767939221463224,1.220595433063379
2021-11-26,-1.0844138440504574,-1.5709609602466932,0.14404386657428778,1.5033796276443196
2021-11-29,-1.0707539581279826,-1.601986303402081,-0.5945318769073226,1.5339148106276939
2021-11-30,-0.9852543393931453,-1.6134137590136708,-0.06447442617508138,1.5269905752495974
2021-12-01,-0.9153605956275942,-1.31045668921205,0.6538348029742727,1.1412417861613233
2021-12-02,-1.0095857206040069,-1.1847513615817997,0.29547394361067625,1.1259057084924269
2021-12-03,-1.0510698339072686,-1.2970741541752042,0.7105283383731406,1.236036413105314
2021-12-06,-1.0589189486213937,-1.236630069791188,1.104208004115614,1.3280416748960326
2021-12-07,-1.0477123958884078,-0.9009606292111326,0.6731491345335073,1.1427951561329444
2021-12-08,-1.07369172066735,-0.7380095581708203,1.0112814959847831,1.1007942538892106
2021-12-09,-1.0699597493253423,-0.6813557004229619,0.8505878275211802,0.9749388014767766
2021-12-10,-1.0917944518651344,-0.7926338000698531,0.46177738275309527,1.0952494678288618
2021-12-13,-0.9951385567970324,-0.9020024065562069,0.24090052946503002,1.149094165882128
2021-12-14,-1.0342932569391183,-1.0067712345091668,0.07332726819371169,1.1613222546378092
2021-12-15,-1.0707388064937517,-1.0651177853690665,-0.22475811343032137,1.2725816041680678
2021-12-16,-1.08735515416648,-0.9443083373049281,-0.25121635615686505,1.1471695000516147
2021-12-17,-1.0454485326027056,-1.0857792698907547,-0.19276747642062067,1.1792714139260747
2021-12-20,-0.9874329235149567,-1.3059162228836771,-0.040586733488640024,1.3835006453935437
2021-12-21,-0.8373874094062328,-1.1929367637003485,-0.4346027571289472,1.2662373391240251
2021-12-22,-0.8195317997406918,-1.1122399145516395,-0.6503651507403618,1.2528561703773695
2021-12-23,-0.7764907162136478,-1.0196976780025762,-0.6052854980421584,1.1357167894195541
2021-12-24,-0.7913376368714706,0.5212295469226924,-0.6012246192812963,1.106337518455707
2021-12-27,-0.7943772038785563,-0.8392247686687924,0.15127084588973472,1.1560639073079384
2021-12-28,-0.747572684734994,-0.8111850578655241,0.3151523474950637,1.0868929866891608
2021-12-29,-0.7350161852225189,-0.8532405782579019,0.42503258871146216,1.1563501843497543
2021-12-30,-0.6932254985546715,-0.7663413237580218,0.46775385815752446,1.1302861135225202
2021-12-31,-0.6741221837855411,-0.6366705783386657,0.6957561867339662,1.010757735779645
2022-01-03,-0.6173546278151214,-0.4853514414147189,1.3445317707372775,0.9619335005953119
2022-01-04,-0.5923442972333577,-0.603466150648426,0.8198360227826119,0.911243768220077
2022-01-05,-0.5538600474816554,-0.8048419265603424,1.0883369966322567,0.9310978564429443
2022-01-06,-0.5416777699193257,-0.9865977256690599,0.7587252474350582,0.9401160654174537
2022-01-07,-0.5168086295368924,-0.875421758217381,0.527984445116473,0.8098802397366697
2022-01-10,-0.5172129563981074,-0.8370822109401856,0.47842188769775934,0.741449952297326
2022-01-11,-0.5497771251179334,-0.7192753680194576,0.23086889862392884,0.6683843652367855
2022-01-12,-0.6219195033159861,-0.6021985611287896,-0.054608980811582976,0.3975906462721645
2022-01-13,-0.5000794154931677,-0.6382677341218645,0.0875505024063267,0.3909656164327682
2022-01-14,-0.4702471446072034,-0.6883028669618486,0.13839257896296472,0.4150854825131384
2022-01-17,-0.30188713985872656,-0.7017892581921197,0.13762140937519363,0.4395629883026918
2022-01-18,-0.23320310186297927,-0.8689533553112586,0.13856846554432478,0.5027814036123238
2022-01-19,-0.21125438291553728,-0.9978769315434031,-0.050196379892731346,0.4751932272493383
2022-01-20,-0.18930845096538887,-0.7728264593456531,0.6837579502589497,0.2222586257547416
2022-01-21,-0.14235036172593343,-0.9815146946645489,0.7650623873550865,0.34633376595615756
2022-01-24,-0.08683682211397341,-2.51232695890108,0.6320620975463277,0.6441647935494863
2022-01-25,-0.008406248054995555,-1.231211070385135,0.8494317898009458,0.7128289905408817
2022-01-26,0.06054745376820105,-1.135162429066282,1.2627835402348375,0.6574460323487037
2022-01-27,0.1634487845483071,-1.346532988314072,0.7419051946851338,0.9348533841030717
2022-01-28,0.23719532898198234,-1.377673848371797,0.249617867598187,1.0433558005182497
2022-01-31,0.16751052279902207,-1.2245759436404442,-0.6349018968115563,0.9243309952213534
2022-02-01,0.1405001576790946,-1.2277808466578792,-1.4448485164731377,0.8950699668836832
2022-02-02,0.08411158257862941,-1.223795257863743,-1.4083199882567954,0.9380792611503822
2022-02-03,0.024573997414081932,-1.2485635436503766,-1.044465876845501,0.8445560198317993
2022-02-04,0.04584422056694088,-1.0270291747103883,-0.5905702152351153,0.7207438969948071
2022-02-07,0.025984187351253914,-1.0744405339008176,-1.0874446576474492,0.7243858678032404
2022-02-08,0.03619925117326291,-1.0639463382034295,-1.1236253306044786,0.7084189390736725
2022-02-09,0.05061133738520923,-0.7526959091001523,-1.102013226392008,0.5400317565476255
2022-02-10,0.11534090292569933,-0.5340906478004155,0.1933422561513058,0.3237764191915847
2022-02-11,0.18866239575036092,-0.6993418981558737,0.23426453077116868,0.42234490016006787
2022-02-14,0.18512445811790387,-0.8919035042751567,0.5552493784875476,0.630976607761712
2022-02-15,0.2054378151483887,-0.6935205372233001,0.015788408334690644,0.5490845821980894
2022-02-16,0.2148295757378672,-0.5193040159076163,0.16990977150895892,0.37709287238333694
2022-02-17,0.3392527946794177,-0.5409623770285888,0.3922838465503153,0.3249346347721962
2022-02-18,0.3954607384108916,-0.775034375010136,-0.26544163713323593,0.44470375703388
2022-02-21,0.4425883332227143,-0.8097499810537558,-0.12780422662706006,0.5932414834491927
2022-02-22,0.39797680617920567,-0.924857517460787,-0.05709389327283399,0.30083531909746536
2022-02-23,0.4709882756360314,-0.8900319480063883,-0.726467435648375,0.21738704001027034
2022-02-24,0.7954266283668701,-1.6220575225875038,-2.9598561806942225,0.9258639924251041
2022-02-25,0.7867973833579368,-1.3995801356234523,-3.0,0.7788299392385173
2022-02-28,0.7672210230432461,-1.90353177291489,-3.0,0.8812902981351063
2022-03-01,0.8946010975968505,-2.0033426360397524,-3.0,0.7941196727101014
2022-03-02,0.8251727797770179,-1.9075824702528166,-3.0,0.9281833725908466
2022-03-03,0.8091497119864425,-1.798759902678896,-3.0,0.8285862593343535
2022-03-04,1.0004249156107805,-2.168130460130706,-3.0,1.0103552780656755
2022-03-07,0.9645617668346851,-2.4249513783775427,-3.0,1.3805330657307016
2022-03-08,1.010534888723547,-2.3727687695778115,-3.0,1.5247702966777428
2022-03-09,0.9551182745187312,-2.1690139890990743,-3.0,1.5816006957257325
2022-03-10,0.9572723727366585,-1.9136308454499706,-3.0,1.3021679986123587
2022-03-11,0.7692846131377582,-2.1195617556888946,-3.0,1.5538700129726588
2022-03-14,0.7251474183648993,-2.1358881507489302,-2.858016493648805,1.8319815953098741
2022-03-15,1.2074278646076124,-2.3612687873894354,-2.8773053372147066,2.0540200140681475
2022-03-16,1.188463879096881,-1.821338857415447,-2.9616678552374722,1.378304526727519
2022-03-17,1.0772514431789013,-1.3677989404115152,-2.829758325778393,0.9491014778781537
2022-03-18,0.8683852268096441,-1.3022608803356657,-2.6050163126355823,0.9599689511678111
2022-03-21,0.7841269640584332,-1.2547254218225878,-2.09031933672434,0.9597693321437724
2022-03-22,0.7973641558108727,-1.175929932972009,-2.1063792422496266,1.0459300109452947
2022-03-23,0.7996930168049495,-1.0775177279535941,-1.9138469601120844,0.8852012309163807
2022-03-24,0.7439048740730125,-1.03935716117031,-1.73535985411051,0.9588106324559529
2022-03-25,0.3822289431064842,-0.8388912921833018,-0.806516372355459,1.0502283240364276
2022-03-28,0.2504297896237139,-0.8014101551380486,-0.7930876412889555,1.0490174781794348
2022-03-29,0.24390166881944966,-0.35061194510247706,0.35339002199346803,0.9092219052518858
2022-03-30,0.17641205335524676,-0.05430067620685049,1.0752722833944839,0.7801345136254609
2022-03-31,0.1552924644842622,0.4348074084001784,2.9325779265206915,0.8267855673836597
2022-04-01,0.0978189417017855,0.4639650040200387,2.8420498974283763,0.7074094791331965
2022-04-04,0.05249929612323571,0.7346413287706757,3.0,0.5680048547743638
2022-04-05,-0.012192099464975832,0.7503050331785381,3.0,0.5237628759813543
2022-04-06,-0.11622458964283218,0.60016141374544,3.0,0.5989643224448147
2022-04-07,-0.11777004201991828,0.3491552710266968,2.696719585597544,0.7752955108094516
2022-04-08,-0.13798206410399208,0.3072634416653103,2.4685905364381338,0.6803057763099267
2022-04-11,-0.021404682585375468,0.22378011814614823,2.7831285593212125,0.8702302636985663
2022-04-12,0.007829777438931138,0.1348638237221484,2.4850230293248483,0.8825845409667916
2022-04-13,0.05572473552033929,0.3214489399989287,2.467642401702539,0.7285310606618678
2022-04-14,0.03969290291469075,0.330189951032104,2.517839338606067,0.6964964672108013
2022-04-15,-0.007426676653856218,0.528996021234886,2.2145259055017354,0.7752355193866964
2022-04-18,0.4281516612712027,0.08551588292987508,2.0947353105938613,0.8525745007706017
2022-04-19,0.3917478301275704,-0.1135001896591348,1.7983375406873503,0.9737881215751918
2022-04-20,0.35221117627881093,-0.108370666309428,1.6563874881608929,0.9861647964025387
2022-04-21,0.31737619871302225,-0.08829060073221427,1.7997701809557942,1.0162504140231425
2022-04-22,0.3339761364582109,-0.1740914010733181,1.915505299568937,0.9722007369739959
2022-04-25,0.24441550818511504,-0.503518858038044,1.5721663064874325,1.308464366214608
2022-04-26,0.3323032451574411,-0.45724659986498195,1.7231219357097758,1.0993954294810837
2022-04-27,0.3227739700688803,-0.5157884696588855,1.5610597742188774,1.155049515426174
2022-04-28,0.5036346494692193,-0.4133123855187138,1.4314493217499946,1.0838964120130274
2022-04-29,0.5835068988915957,-0.7384797198818702,0.33319918332549997,0.6012713718724554
2022-04-30,,0.3158545730846279,0.27341950641757384,0.4450607301304489
2022-05-02,0.4239821195175513,-0.7858138381336365,0.17249070728712776,0.5242940670521424
2022-05-03,0.28413082050616817,-0.8981101182821761,-0.09402097388299457,0.6001036452822076
2022-05-04,0.37066632362470564,-1.0220572016792218,-0.3454972034308483,0.773585664974961
2022-05-05,0.3317754449861517,-1.0359075461982055,0.0010348647664129296,0.5882188392931856
2022-05-06,0.34421471451004965,-1.252133411494848,-0.08310883481341835,0.9242913394156195
2022-05-09,0.3528304330612134,-1.4340522279466992,0.00982200348754,0.9900407515996191
2022-05-10,0.3663115384595185,-1.443570782699985,0.02759148689974325,0.9956458245588312
2022-05-11,0.276815631644055,-1.3524591362879181,-0.005097913633235283,0.9190276038908554
2022-05-12,0.3228185923283666,-1.593384276533234,-0.3199433164584917,1.19304042678625
2022-05-13,0.05462353223014353,-2.3142073082309995,-0.35962456677282106,0.9797935556975969
2022-05-16,-0.5616530723828524,-1.3480481613058188,-0.4584757192862046,0.8845723243395259
2022-05-17,-0.4452496288521277,-1.0822756822197965,-0.4203965048300914,0.6471633216474393
2022-05-18,-0.5097946140014922,-1.0380603011376455,-0.20513899014215678,0.36627227951493874
2022-05-19,-0.6462909505992003,-1.2183184259755566,-0.39080682017923957,0.5836673763879221
2022-05-20,-0.700914451020391,-0.9671726666115388,-0.32391649109560866,0.2897213386984088
2022-05-23,-0.6385181728121667,-0.8726338230982076,-0.17718296417938392,0.4008676449665502
2022-05-24,-0.6967300977618411,-0.8900978375950876,-0.18234377034348773,0.5726483969877573
2022-05-25,-0.6789340912353321,-0.8472554013219293,-0.11777231691643186,0.5788622026192454
2022-05-26,-0.6046977391652041,-0.8038046601806877,-0.16881517158136325,0.6358835493955866
2022-05-27,-0.6559694726287549,-0.6154188351298643,-0.2265072637905335,0.5028082717822386
2022-05-30,-0.7235966993263061,-0.4309269717920105,-0.17510081713247244,0.256990324508951
2022-05-31,-0.49447450313785857,-0.3215168862855616,-0.12574257638872366,0.016174521482217104
2022-06-01,-0.466153271115047,-0.2803641105069226,0.012383459119630336,-0.009643616535673107
2022-06-02,-0.5532764505721486,-0.19950819622867946,0.050810574815613685,0.18831497463654912
2022-06-03,-0.5368453164576855,-0.21860621607568706,-0.09071311188834931,0.15377208234813775
2022-06-06,-0.6921216310569325,-0.0036818296607083857,0.11512698483081676,-0.010658723426878748
2022-06-07,-0.6640700348171559,-0.11129509956237085,0.13404680323870777,0.15691552942226536
2022-06-08,-0.7228843483537432,0.15851177011781697,0.3259598616259768,-0.09057419824240755
2022-06-09,-0.7706370242950111,0.2010223614741228,0.46545957739671323,-0.11714543525055568
2022-06-10,-0.3676889617837948,0.2639550121514124,0.7958947241463781,-0.149280363479774
2022-06-13,-0.3901985533504975,-0.3234120440952617,0.91340487611954,0.017553359148396428
2022-06-14,-0.37179393737033267,-0.3976102621721689,0.9288610697989462,-0.13602915045865419
2022-06-15,-0.25680494000352533,-0.5396091646227068,0.4260180856251986,0.02296507018618594
2022-06-16,-0.2511776467581325,-0.6126414262710463,0.5516434570083772,0.037728758018341274
2022-06-17,-0.24083528941825666,-0.6431021214662985,0.517860362324141,0.06913656026961354
2022-06-20,-0.2506940551865038,-0.6874294569402629,0.5264552741693815,0.11518377691269116
2022-06-21,-0.2686765137229908,-0.4831334460329702,0.40207660574539006,-0.06714691840120844
2022-06-22,-0.23567068102443284,-0.6698533413682598,0.2773142415973883,0.2825888844482976
2022-06-23,-0.2364638192644819,-0.6895310878426726,0.12744349561275425,0.23885923016121907
2022-06-24,-0.20294355842514938,-0.5391547180267373,0.028488249081566573,0.14220200910245187
2022-06-27,-0.25543894358124847,-0.37252986352622547,0.032844299080205294,-0.13587760197902585
2022-06-28,-0.272594337810384,-0.348678572159326,0.06146168023153791,-0.37338926180347576
2022-06-29,-0.3034485518402764,-0.637101741939528,-0.2076385134347227,-0.1481456571234219
2022-06-30,-0.07774720258855258,-0.8955556987137463,-0.4072455994772408,0.04906037277086059
2022-07-01,0.00014541213605113817,-0.9450130179502676,-0.5130112209954907,0.21693886039515206
2022-07-04,-0.011521938095110014,-0.9071469183804033,-0.48902085811188156,0.21353538071832745
2022-07-05,0.10634394052662804,-0.9616542146034188,-0.7467775656018348,0.20323271441265908
2022-07-06,0.13991996829146472,-0.910939944596778,-0.5322257270790022,0.2886362735429469
2022-07-07,0.05156879520253414,-0.7230420797407403,-0.6808682483800547,0.12950530191556006
2022-07-08,-0.019202896483606884,-0.590855964515358,-0.6006291623486333,0.0018293038182487895
2022-07-11,-0.16673889931090213,-0.9334448122829405,-0.8072823152927416,0.22172182127853912
2022-07-12,-0.21745211418828647,-0.983831065697752,-0.6951063089197744,0.3953653455345527
2022-07-13,-0.2745925285150183,-0.9160975830574252,-0.8162751069043821,0.33695990985708596
2022-07-14,-0.26155700404032867,-0.80860749572476,-0.6333647772859622,0.3890881678380485
2022-07-15,-0.37920894497816826,-0.7796646500883814,-0.6224989537595107,0.554973337720776
2022-07-18,-0.4765100449717753,-0.6324723487822412,-0.7277966806678327,0.19746643360955604
2022-07-19,-0.4116489182920899,-0.5522373603691805,-0.7052700132590509,0.31583919281787837
2022-07-20,-0.3384368274076517,-0.4681337625714881,-0.7460796238625534,0.1970748958965742
2022-07-21,-0.3715744977579661,-0.30680981246341915,-0.7756231941839364,0.20781605184966218
2022-07-22,-0.3756860547935032,-0.2923816223089781,-0.6829566933268612,0.2716821672756118
2022-07-25,-0.4602871819073957,-0.29759082167007883,-0.6078492532014576,0.328631322925351
2022-07-26,-0.37504589663884996,-0.25984258133298743,-0.5039355607319539,0.22401402018382416
2022-07-27,-0.355197357254616,-0.3560845469508897,-0.6417646078651151,0.26090562093817515
2022-07-28,-0.3342852703208568,-0.1582375494156752,-0.5165188768961329,0.3104798716813679
2022-07-29,-0.08950634097987373,-0.10199114095358319,-0.3230686467288714,0.48166836182590816
2022-07-31,,0.5436774587914934,-0.30274462594623136,0.18885051936548095
2022-08-01,-0.26578109198702127,-0.038898196986003816,-0.22771572150894995,0.49154567735255156
2022-08-02,-0.3034619676065827,-0.02077259727447869,0.23632052030504197,0.5197884590659212
2022-08-03,-0.28880841550301056,0.006456066097749676,-0.12385597475373418,0.5424659387339184
2022-08-04,-0.3455999777324123,0.2360441682216586,-0.18585733525345852,0.3745440792426361
2022-08-05,-0.21933957489697783,0.40329057984734273,-0.10463979478045027,0.15082678786774156
2022-08-08,0.015577760579421144,0.4322173365326874,-0.05909491432356068,0.21886174120572932
2022-08-09,0.10544951588480342,0.5874536393934885,0.06074528854266287,0.17401939749775044
2022-08-10,0.12826147453051448,0.44055179630105606,0.03547337867865108,0.3588795256174873
2022-08-11,0.12303088908617149,0.7316973294408474,0.3285971833361134,0.04919264047871341
2022-08-12,0.37862534715606116,0.6933551363422545,0.29277102620503537,0.11380208743839883
2022-08-15,0.2374601793025638,0.7102511524063118,0.42903417462835247,0.15876817800397283
2022-08-16,0.2627822156141806,0.7800014917019523,0.5300263617669136,0.1288638625090365
2022-08-17,0.21879890943647023,0.693018036362762,0.5174669073092026,0.028437647095681674
2022-08-18,0.18890069484243843,0.591484620736569,0.6924298691809088,0.13659194991243828
2022-08-19,0.1578241412694417,0.5084845612370953,0.7987790078568382,0.12914757579238312
2022-08-22,0.061872081286411175,0.28533806280229773,0.7989489508473174,0.1340180785912591
2022-08-23,0.011669314206055928,0.19036441656857725,0.6901692875701845,0.1298184150161755
2022-08-24,-0.01742340352531006,0.15248065634344823,0.87488585880816,0.18923602938491124
2022-08-25,-0.08166548644288076,0.3882905136613709,0.7540519084270944,-0.02665324470414865
2022-08-26,-0.18671815048510848,0.40520814329988697,0.9431118633633733,-0.275089230711966
2022-08-29,-0.36580875936503465,0.2540787198934608,1.0072089627690841,-0.09609268240176087
2022-08-30,-0.41005577422420086,0.29888501102488346,1.0365835265984864,-0.23641448232053194
2022-08-31,-0.8976898018612014,0.4522537193042765,1.243856063387746,-0.38259432393211745
2022-09-01,-0.7890149936424987,0.2480227878850399,1.3677731325485216,-0.22114598859546808
2022-09-02,-0.7742030630209312,0.20848686065334937,1.2661128766351903,-0.1476687169746178
2022-09-05,-0.8900111540119454,0.012195541973301425,1.0041279756420372,-0.11227434467161625
2022-09-06,-0.9662749520273473,0.11516797055862847,1.2932726231626523,-0.1925513275833141
2022-09-07,-1.2575853636985206,0.0063078496881959845,0.9472994663279651,0.04537944767036542
2022-09-08,-1.2646774791206727,0.21668190275538657,1.0018911002491726,-0.0021727175885685834
2022-09-09,-1.2895148715385214,0.403479595040283,0.7930997792563219,-0.1824534682165135
2022-09-12,-1.561155956032578,0.5481538719896238,0.9002959350994758,-0.294940543399479
2022-09-13,-1.7520511081542212,0.7283845441767474,1.2989866316455532,-0.590283004058797
2022-09-14,-1.7692549616300695,0.32524201431833205,0.8952337354840477,-0.22370139332633773
2022-09-15,-1.6159404965894124,0.34818901273047687,0.9899650059581809,-0.2908796654792018
2022-09-16,-1.3336219430360652,0.10101822654519899,0.9228628743742814,-0.06100958917620694
2022-09-19,-1.3642143283429506,0.12435614848241537,0.8665718279963028,-0.007696050895375782
2022-09-20,-1.2811736614819231,0.31119451686550104,0.9893671197104983,-0.22794532568451845
2022-09-21,-1.2250972630562422,0.09258142213649317,1.0024358460097813,-0.03786881136523503
2022-09-22,-1.2373053627341082,-0.0862339959551933,0.9200202925728101,-0.038857637936028075
2022-09-23,-1.1509590746257385,-0.2492008916774738,1.0435604993144592,0.09937965473813573
2022-09-26,-1.1813588208407555,-0.462802227630483,1.015792065212187,0.10151263738196098
2022-09-27,-1.2428217441174283,-0.3514088381088344,1.0225289208591706,-0.06106958645524175
2022-09-28,-1.2030655708312765,-0.8208798137172759,0.15579124029282687,0.46127828043990327
2022-09-29,-1.1722416111538556,-1.004143004227378,-0.17806112801046836,0.2329795918993749
2022-09-30,-1.3027310347767724,-0.9355459741936495,-0.16914924793013678,-0.0015673114278011886
2022-10-03,-1.2546883854288944,-0.9146703968228639,-0.3088582209376223,0.3125232131785768
2022-10-04,-1.2900489643296607,-0.5783696427569891,-0.17966809039637482,0.22358470157722724
2022-10-05,-1.2072417773656505,-0.39886096459523157,-0.30811702880533753,-0.20712332905296135
2022-10-06,-1.2343203924822437,-0.21679056425693835,0.02267498107812531,-0.336295145507834
2022-10-07,-1.1266449799266567,-0.405245704770768,-0.03595584503337833,-0.3023893882233311
2022-10-10,-1.1937199027348666,-0.597534899773198,-0.019465606115921553,-0.13657739311365816
2022-10-11,-0.9864395335471867,-0.9223713383164763,-0.20585230845485447,0.15389807617825152
2022-10-12,-1.0943722419326558,-1.0316556679995719,-0.52032793480552,0.11003176228933154
2022-10-13,-1.1189162395536296,-1.080851078416693,-0.33385740431169203,0.4350902410786435
2022-10-14,-1.1019808467142205,-0.9382280032248552,-0.4326403833806198,0.1340146276245212
2022-10-17,-1.2546516801337584,-0.9214695731132166,-0.5282125031919085,0.24254148330210903
2022-10-18,-1.2021566105701076,-0.7767406117038076,-0.7605491413527651,0.03678682287159651
2022-10-19,-1.1932878265439306,-0.9020811545596445,-0.634886667941297,0.11669914759244106
2022-10-20,-1.1311514120906467,-0.8962480282493672,-0.6934147598909778,0.09831582184555784
2022-10-21,-1.1407520356634435,-1.0463325264186536,-1.0603864284327387,0.2601043258462968
2022-10-24,-0.8369756891020246,-1.277729323381244,-0.9555661478151681,0.7606635338490978
2022-10-25,-0.7675415996251389,-1.3586312091724206,-1.2903698984167973,0.8493771884766572
2022-10-26,-0.7580579644574713,-1.1785019371484362,-1.2727224955726764,0.6555735531396574
2022-10-27,-0.6100470419428718,-0.7782285978205044,-0.6887048640259559,0.5122176239523994
2022-10-28,-0.4829557203020748,-0.8956771088019466,-0.7093305244444719,0.8866673056964166
2022-10-31,-0.5256078608680428,-0.8982822882233898,-0.780659088195118,0.7296074557337561
2022-11-01,-0.6382508816679447,-0.5018116341035354,-0.5036748539793113,0.34776361571144365
2022-11-02,-0.6195608976960556,-0.5487531627215398,-0.6671850866260747,0.06580851840639801
2022-11-03,-0.7016240684163135,-0.7940641921889793,-0.7987334098656086,0.061726571179344734
2022-11-04,-0.5834246313951356,-0.48979884044816346,-0.8964869809794728,-0.2445318494236108
2022-11-07,-0.6196123634991126,-0.25765445098093986,-0.835493177971246,-0.45619155978517767
2022-11-08,-0.5575144344859455,-0.33505617115072583,-0.9110712922248901,-0.4243162728857309
2022-11-09,-0.4728330919679355,-0.18926366276399725,-0.6164773596421496,-0.5997644838291823
2022-11-10,-0.5992639130029852,-0.46194268827704893,-0.9880533058264674,0.20004295967507577
2022-11-11,-0.4896825627437164,0.07831432181196965,-1.0972241036193677,-0.7181795324808254
2022-11-14,-0.5371849557083359,0.43658693603273213,-0.2916388878246496,-0.8227657099399515
2022-11-15,-0.667793228433313,0.822018317351598,-0.02835336492461491,-1.1438295741376487
2022-11-16,-0.6789913634326039,0.8107111445248135,0.09980582819109828,-1.077324269176414
2022-11-17,-0.605679894160828,0.7039323328705148,0.11090079770173418,-1.0117016354920694
2022-11-18,-0.5828523357707702,0.7558114855904263,0.19606123028499606,-1.033859697150406
2022-11-21,-0.5787176384373779,0.6764319585144029,0.3942266581754237,-0.7697826541589574
2022-11-22,-0.5525924249133538,0.5861595554841456,0.2861010423333465,-0.5561445977242382
2022-11-23,-0.5650653682874086,0.7593674833863038,0.45261684179522305,-0.6520719120832461
2022-11-24,-0.5272933223201253,0.9313160550179178,0.4088135843467799,-0.9110226640277637
2022-11-25,-0.4958822566704521,1.0069796577427135,0.8125329049695807,-0.7973999800682117
2022-11-28,-0.5297251994241526,0.7962475044825535,0.8144933383856856,-0.7175221221893083
2022-11-29,-0.5617647504997368,1.2578477856076615,0.9445125269021326,-1.2410419457282142
2022-11-30,-0.7974141362211934,1.409994874422086,0.7026901608696499,-1.2256472212443346
2022-12-01,-0.6499081579479672,1.5002908088448037,0.6759262922398012,-1.1559725659021043
2022-12-02,-0.6568888189355304,1.5203649027429418,0.7816900715390759,-1.0119567615332388
2022-12-05,-0.7412157587643098,1.7046286189659754,1.0737386652300775,-1.418407661561315
2022-12-06,-0.745324392702093,1.4211639153325488,0.9648575065108987,-1.2569196952596224
2022-12-07,-0.9435718290598875,1.177255804630686,0.961947429738889,-0.9408018685773396
2022-12-08,-0.9490805447415577,1.3215486120426834,1.107496880288428,-1.1281004376700312
2022-12-09,-0.939122013732564,1.6316759403324004,1.6088054064372268,-1.4209585675421874
2022-12-12,-1.2362068496875491,1.4335961840303009,1.7228059273799965,-1.009301952533273
2022-12-13,-1.171980761736699,1.067575932133548,0.6575577454168237,-0.9221271887678256
2022-12-14,-1.2226224513893396,1.2493903835728053,0.6144429051598159,-1.1741807685255425
2022-12-15,-1.4983776620002034,1.069171727527098,0.7077324432079283,-1.026916821082138
2022-12-16,-1.6041807605021112,0.9434815647839493,0.5334913086538542,-1.0529127200415074
2022-12-19,-1.5994626160321288,1.0352846386463337,0.5847811587739434,-1.202134661409794
2022-12-20,-1.6165739364843301,0.9831164000589003,0.5471584216913887,-1.04632963812074
2022-12-21,-1.5618498360282416,1.1004998218096553,0.4593063108058192,-0.9365959213769335
2022-12-22,-1.4996031452450596,1.4363376125104759,0.726328025715601,-1.3227686977146955
2022-12-23,-1.5653114717433931,1.2899234586822717,0.699519420187199,-1.090157848292788
2022-12-26,-0.3039380691385479,2.541607043029086,0.44353788980373865,-1.1438507357435888
2022-12-27,-1.5629511495314385,1.3286079083262536,0.5552137867416791,-1.2731265968599768
2022-12-28,-1.4642291768170894,1.2193192155175427,0.32825092122663013,-1.354350861663147
2022-12-29,-1.516490804226356,1.184300334275476,0.4216445540069926,-1.135383025369368
2022-12-30,-1.5484994490546082,1.0141352460130666,0.4092480259310557,-1.1178368474002642
2022-12-31,,1.8293159742473875,0.29000395389909295,-2.192035497483787
2023-01-02,-0.29632097314189,2.1678645421941334,0.0541341419336762,-1.0874552197958112
2023-01-03,-1.4254559426943638,0.9222630550234333,0.22328972626803506,-1.1904853854634694
2023-01-04,-1.5849944512758145,1.2559218796034182,0.3552375936735197,-1.32818983500122
2023-01-05,-1.5821084072105729,1.4054119545336003,0.19102506159203825,-1.5775073774700414
2023-01-06,-1.4935215455068702,1.4086891294497141,-0.29885713271013975,-1.404816004481738
2023-01-09,-1.4861145571250785,1.6470157114356307,-0.14903298660033526,-1.8397619506532046
2023-01-10,-1.5057641638605965,1.8419388899803513,0.12497633530085796,-1.8875887792479675
2023-01-11,-1.4594969974217669,1.7701966791835446,-0.013301547412961716,-1.7842569635668988
2023-01-12,-1.1520055669913338,1.719360862232191,-0.2791743948099548,-1.6801095413164908
2023-01-13,-1.139377875817688,1.8235858099554205,-0.039872153113908154,-1.861383120396842
2023-01-16,-1.1847193682673511,1.862766596002034,-0.0898441256729456,-1.8520270103142893
2023-01-17,0.02010286520989092,1.756276566937558,-0.09823949005350804,-1.8390695030804776
2023-01-18,-0.14040987148212652,1.7132175586237504,-0.0843094205231795,-1.8528521876378228
2023-01-19,-0.13752312853420823,1.7836194496719655,0.07716524146890355,-1.7887657447757312
2023-01-20,-0.2028490045094995,1.8382973085847414,0.08254200279802819,-1.8192354066985683
2023-01-23,-0.24782897518626515,0.2916194631498667,0.17969327099924085,-1.7537925927803997
2023-01-24,-0.2720413996211552,1.69152703916523,-0.1661349649161104,-1.680207429521863
2023-01-25,-0.29076951429549336,1.7808079828331298,-0.07184637779868036,-1.6414839444689968
2023-01-26,-0.27313855468019604,1.86237049992325,0.00703181323072465,-1.711422572243626
2023-01-27,-0.20941314001666902,1.6678972597633774,-0.034042944883218906,-1.701201096496652
2023-01-30,-0.13254691753155276,1.475980832105408,0.1909995596066948,-1.6973843113284357
2023-01-31,0.10092310720472945,-0.19178350024039378,-0.028966355909236904,-1.291786236179061
2023-02-01,-0.12583271540079177,1.3093157123846648,-0.2376630793005362,-1.3082311004869551
2023-02-02,-0.026696119505479617,1.3166416198934787,0.03166128929617483,-1.2030421744736652
2023-02-03,0.03133835632470488,1.247693075124394,0.3195428474495867,-1.223814346921531
2023-02-06,0.06709446789528885,1.0675435314844144,0.8130224808564441,-0.9508571988148968
2023-02-07,0.11745198258308523,1.0611025092344664,0.5148570834369811,-0.8782739189996268
2023-02-08,0.1632387217692596,0.8985060941076563,0.3386434550089566,-0.9578554112532885
2023-02-09,0.012874393477368289,1.014612521443155,0.6234113047805101,-1.078137774972513
2023-02-10,0.1447590774199816,0.8274576223261205,0.685091168278245,-0.9395525594338853
2023-02-13,0.0948212440164003,0.8326011935575088,0.29112990148910056,-1.1956471691686072
2023-02-14,0.20134834289484835,0.9006597598994099,0.3498303338715252,-1.2355111353530672
2023-02-15,0.24209904569554122,0.7625232369172208,0.21771487375494586,-1.0500194639941425
2023-02-16,0.2022303022009908,0.9427400836528244,0.515518981978129,-1.2494108850671675
2023-02-17,0.06920051708250623,0.6776441543596243,-0.044821576420880783,-1.041236496873172
2023-02-20,0.07095190045726145,0.7082743509509196,-0.06849239804971463,-1.1283112976016398
2023-02-21,-0.011072831783659956,0.5848712021802319,-0.006064685528304836,-1.1128574361443113
2023-02-22,0.18282296936012077,0.5592571775828699,-0.020563881329510713,-0.9144316907344047
2023-02-23,-0.21452812107152253,0.693668088612172,-0.16003758099847903,-0.957543192500072
2023-02-24,-0.17262006688407922,0.49771799949813866,-0.036988917610765656,-0.8005840822757259
2023-02-27,-0.2239872107520021,0.3234189247834633,-0.2308148961191554,-0.7214079181391649
2023-02-28,-0.21233749166549115,0.27335351406417524,-0.38985599075156824,-0.6553000947681958
2023-03-01,0.026220564628045073,0.7459990003604043,-0.02723862257033064,-1.0838980544412895
2023-03-02,0.05375172483597169,0.7591657024437508,-0.015288617925216996,-0.9598683877204187
2023-03-03,-0.0647716116493616,0.6684072276105303,-0.44237046920103656,-0.9014586653606294
2023-03-06,0.049396565088002505,0.6247256573334568,-0.6902284216857052,-1.0067863381556692
2023-03-07,-0.18062688531723944,0.5110892444440998,-0.6127181339339298,-1.0721330029610656
2023-03-08,-0.10114106647837978,0.37225822134663933,-0.6450378098500272,-0.9516828166792256
2023-03-09,-0.11103464753967796,0.22968615897616412,-0.581561630217676,-0.8746091570436222
2023-03-10,0.2773500468819487,-0.10221873172688922,-1.052447742770019,-0.602273376534084
2023-03-13,0.3611799213829158,-0.17581494397590808,-1.430254473551676,-0.6503316371247738
2023-03-14,0.5038749257182286,-0.10234672275738173,-1.0735428866173629,-0.3105658200284062
2023-03-15,0.5753488665816938,-0.3473797905528589,-1.8749426584719502,-0.2854099952862473
2023-03-16,0.5929790653395185,-0.2251973667342441,-1.396261781599858,-0.18267209579168076
2023-03-17,0.5725262756168576,-0.2534164449431112,-1.804438724222751,-0.4196197815387476
2023-03-20,0.5264155452988403,-0.1820642527798455,-1.3440779035976351,-0.2526839249896011
2023-03-21,0.487488071912536,-0.03753867954981219,-1.332399535435172,-0.029846431494571283
2023-03-22,0.5485543617375545,-0.06704540262781117,-1.744556019232878,-0.22880013540010774
2023-03-23,0.4612065468082398,0.13549968559697115,-1.660469002260236,-0.49127056360544513
2023-03-24,0.7505476520886292,0.11917182792407428,-1.5585413857020491,-0.36473045173637614
2023-03-27,0.9065547478480481,0.030679982231786748,-1.6401014697764924,-0.30993388643834535
2023-03-28,0.898141150715321,0.16305086453674916,-1.5238229043070033,-0.4283965334158556
2023-03-29,0.8604997372996989,0.35839403309874746,-1.4274608870001637,-0.5551391950492889
2023-03-30,0.7619407048264504,0.39806684860976066,-1.4938040656165876,-0.6092066859631386
2023-03-31,0.9663067453477201,0.35529601110095377,-1.6244969916556395,-0.5975782506366764
2023-04-03,0.8914369204450084,0.3157478517739229,-1.5301145624137842,-0.5848588543215002
2023-04-04,0.8694619901929366,0.19173269143121546,-1.6822822942137836,-0.5954667191205852
2023-04-05,0.8627754963702274,0.16315334336903994,-1.7236237788588953,-0.5842258366278748
2023-04-06,0.8519704347901513,0.07423046307060778,-1.5859300769995486,-0.47417207159722446
2023-04-07,-0.06290812908199438,2.010989018510636,-1.3324373449073907,-0.5450643715090753
2023-04-10,0.8684358151933053,0.4125979036920446,-0.6615114461793428,-0.6533599124161418
2023-04-11,0.6772105633296521,0.7267697682771064,-0.07549192010076737,-0.7691286556387799
2023-04-12,0.6913233884760049,0.5362371119476279,-0.5471381901670317,-0.7199366904625578
2023-04-13,1.1336185782756458,0.8522059307724228,0.2347653238920112,-0.6951182755230828
2023-04-14,0.9561589559295478,0.808943654156253,-0.16114422521071708,-0.8306750052729273
2023-04-17,0.7632850859697348,1.0236325837854783,0.494718652920962,-0.9271900814909072
2023-04-18,1.3116252604039094,0.7849594422111069,0.18988541006469986,-0.8718827531813149
2023-04-19,1.301457038690401,0.4715498092541845,-0.024978524295876492,-0.7419366334216724
2023-04-20,1.2586960336239355,0.5587401378784737,0.3480423748287925,-0.7283005965201186
2023-04-21,1.2439724226977453,0.4600772854376789,0.4790420410036318,-0.5828611727929803
2023-04-24,1.196597414049394,0.3487906828694328,0.2943589558161865,-0.47228712037561704
2023-04-25,1.0939769780747086,0.06477811173459486,-0.06491579584363893,-0.28038331145628104
2023-04-26,1.1682035025468585,0.22312509428728639,0.10554774541881944,-0.3727488757791057
2023-04-27,1.2163271372519795,0.41151087382768653,0.11203660569340759,-0.3697891543085662
2023-04-28,1.4002867795872538,0.48946528088155206,-0.2008765396358464,-0.4353675249812449
2023-04-30,,0.8498236168650769,-0.11638956613040613,-0.8050798059151352
2023-05-01,1.2255800386764741,0.6225996219519951,0.18571421803063876,-0.5344212312996711
2023-05-02,1.339895953682607,0.4053614513565891,-0.0001891913808150374,-0.48042596758396294
2023-05-03,1.391520342611981,0.3063602862803416,-0.07220538903231914,-0.36350719112366797
2023-05-04,1.4864374250630479,0.4433354364825539,-0.05610982960448999,-0.8335608446797418
2023-05-05,1.4878351553421685,-1.0511134464047118,-0.014546881307961489,-0.8306569034669853
2023-05-08,1.5556314518407919,0.7688550718639497,-0.11649441400927117,-1.0278952307344298
2023-05-09,1.6269628195824073,0.5126717860659875,-0.1478766755274523,-0.9213077629095487
2023-05-10,1.51266790343491,0.45200959408327274,-0.37919366200575944,-0.7993836138404876
2023-05-11,1.3008919010943323,0.43626561583176277,-0.46516863251994695,-0.80676470446834
2023-05-12,1.0863007211816151,0.3219956823529233,-0.4841002604048748,-0.732242103360131
2023-05-15,1.0765441771608764,0.38412493228087974,-0.679455793241896,-0.8243699819022421
2023-05-16,0.2480370968940579,0.39231849932341784,-0.43214006578069647,-0.9573487558200844
2023-05-17,0.29289135365393215,0.29915500900357206,-0.5153438102674182,-0.8162367412245639
2023-05-18,0.371063290628783,0.3696283093795446,-0.33747844421206014,-0.959839231314826
2023-05-19,0.313974150039695,0.41477444193701063,-0.30690117219747365,-0.9653711773865354
2023-05-22,0.28741122181806156,0.6762362358557178,-0.12406166496115967,-1.0940965295719145
2023-05-23,0.15195418121295298,0.5986132106427163,0.1907549079551389,-1.052264339858312
2023-05-24,0.12594772497948076,0.4548996738278507,0.2461996172408692,-0.9915507425547582
2023-05-25,0.15270061531886023,0.3563799777032063,0.08320988619212387,-0.8537012133658266
2023-05-26,0.07163951749317664,0.580052868933587,0.11129207241998794,-0.9061028036302836
2023-05-29,0.2525143610325273,0.5067755659274992,0.13326414161157288,-0.8798486076563636
2023-05-30,-0.16858469794726455,0.3920755622940216,-0.33234086285888786,-0.784669465226128
2023-05-31,-0.01925637440493619,0.35929739303594666,0.019097023042179306,-0.6134894191920979
2023-06-01,0.47065456052509846,0.39946789930936033,-0.19645737147143072,-0.7881761496768368
2023-06-02,0.46596433308903357,0.966035396537307,0.16008367465076329,-1.140565454769756
2023-06-05,0.4904710440491135,0.953062277059159,-0.24118071502256616,-1.1601792470320245
2023-06-06,0.3859521127315393,1.0313629885103055,-0.3023185109672346,-1.1923911948550925
2023-06-07,0.06457633652355711,1.2449599153878002,-0.14263213164228877,-1.3953774268744665
2023-06-08,0.11592986553249172,1.1490299162216993,-0.06931830108163926,-1.2884363388475302
2023-06-09,-0.14504654805761533,1.4449618859830242,0.07476766697970286,-1.445670824162337
2023-06-12,0.0037663734859804472,1.3250759306476692,-0.15229859108629906,-1.3599471692188596
2023-06-13,-0.17617161528497313,1.5305791097938723,0.20591341594077137,-1.5375616340068214
2023-06-14,-0.20572685795306084,1.4008091575882151,0.04579507538005151,-1.5222962641141502
2023-06-15,-0.4210775038158914,1.4679096665514746,-0.06712440178417103,-1.501567153415141
2023-06-16,-0.5444256652311373,1.5426173706078046,-0.04810622346015156,-1.6531070060593798
2023-06-19,-0.5664060558287485,1.3299008253214444,-0.09276766617373326,-1.4698499102434583
2023-06-20,-0.45832956070974806,1.0287401103005143,-0.2518919300783561,-1.3178219235819872
2023-06-21,-0.5144413164623323,0.9215341947721972,-0.17384553862340515,-1.1706511927509298
2023-06-22,-0.5759572796103389,0.909387641038289,-0.1636649291895441,-1.1275141610339863
2023-06-23,-0.6106657581385799,0.6707230273912298,-0.42200670704741444,-0.9814537791810444
2023-06-26,-0.6588827380456247,0.5107083545334831,-0.451988075949774,-0.9968262833245666
2023-06-27,-0.7066763191223535,0.6410183478798448,-0.28803675202760626,-1.1570917041472866
2023-06-28,-0.7692151632304689,0.6384010582195522,-0.27862908154233584,-1.1065447629308602
2023-06-29,-0.6917796615845209,0.7653034819923394,0.28449126859246504,-1.0632446093984842
2023-06-30,-0.6419334145872784,0.7818446753826944,0.14843924462624025,-0.969162038596649
2023-07-03,-0.9456624116486195,0.9949530887407576,-0.16761195105364954,-1.3273991099936153
2023-07-04,-0.8940972174016717,1.1074944447951358,-0.015213845963372774,-1.355413464894796
2023-07-05,-0.9815021491293578,0.880208217646291,-0.008155862530997383,-1.2921456068301995
2023-07-06,-0.9424271079436393,0.6008210080199881,0.03225510969302969,-1.120897952790587
2023-07-07,-1.0097438414210533,0.4994117465093614,0.04898126076787253,-1.0121851583543122
2023-07-10,-1.1806513284012767,0.38380076633038523,-0.4299945976580484,-1.0355811624474525
2023-07-11,-0.8058189820339209,0.6862382878026735,-0.16104015577289216,-1.174872057450008
2023-07-12,-0.6113651275958363,0.6652015348412555,-0.9230501666594966,-1.1467545776528336
2023-07-13,-0.7256161348292516,0.8026269617222466,-1.0159045331043632,-1.3083185281812753
2023-07-14,-0.8183573128096601,1.0395958769900566,-0.5632656932163375,-1.4677632111414403
2023-07-17,-1.3361032301881448,0.959324620045839,-0.8358148211101548,-1.3625436943208502
2023-07-18,-1.3772232566856664,0.8811267726331258,-0.736435807408492,-1.2122507921985626
2023-07-19,-1.3393233384029826,0.8687558206452092,-0.6531718792012169,-1.0989597176550798
2023-07-20,-1.3548499797326496,0.9340523450866933,-0.4450255880311436,-1.108582723329157
2023-07-21,-1.3401414088651098,0.844531215566859,-0.6974849049748932,-1.0057328906597895
2023-07-24,-1.317456480335479,0.8284242954984444,-0.4433042536337,-0.945223102998241
2023-07-25,-1.170556710425537,1.1049769373918663,-0.33379100510600856,-1.280550563990049
2023-07-26,-1.1794782734061906,0.9939366964021091,-0.6530414069056915,-1.2549956648705591
2023-07-27,-1.0321496533529606,1.2050283563129434,0.09876740223350203,-1.4363431235139885
2023-07-28,-0.8921322746758359,1.166955378419007,-0.6020850754691912,-1.4223979297335754
2023-07-31,-0.8921432601669074,1.234126032210728,-0.3064395652502614,-1.4571203909369712
2023-08-01,-0.9253659843440375,1.0884602076076473,-0.23883118994543465,-1.4797617007679695
2023-08-02,-0.848063044183823,0.5869002664462847,-0.15115688297840912,-1.234865128256614
2023-08-03,-0.72521733256199,0.45206631243249473,-0.28118128500337064,-1.291684776074784
2023-08-04,-0.5656089178240601,0.3974092593888664,-0.6304912423352852,-1.2633033862910121
2023-08-07,-0.37052420900589683,0.48292362279101797,-0.44246866220955944,-1.2183162462637482
2023-08-08,-0.23944974294875027,0.3939585046243245,-0.14739155365180065,-0.9841262887560753
2023-08-09,-0.14205558430195028,0.5072039474513697,-0.3445429905761842,-1.1280945600088552
2023-08-10,0.02866767757578055,0.6432054393228406,0.19606444285504676,-1.1432227886724977
2023-08-11,-0.20751946334656468,0.5304790217436849,0.2560583658459912,-0.9947147903508701
2023-08-14,0.1967400232890879,0.21138024629739963,-0.18294711819159293,-0.7755795638484594
2023-08-15,-0.0919976605044789,0.07601063510409681,-0.22307916678908954,-0.8408869221881471
2023-08-16,-0.09944808880496868,0.04601813590962289,-0.23093675811672032,-0.8254033296742334
2023-08-17,-0.09590464577473584,-0.07869332120681871,-0.36307936360080256,-0.8556960309104991
2023-08-18,-0.03762329117829234,-0.28202551403862713,-0.820674528716134,-0.6963739455393011
2023-08-21,-0.11098414970259983,-0.2166114832555864,-0.7903960938388087,-0.9498956086409464
2023-08-22,-0.10586379018966159,-0.003903946078424051,-0.8803075100000695,-1.0840178753765928
2023-08-23,-0.10663468851074574,0.01112779337349224,-1.1695763412994462,-0.9486272341677441
2023-08-24,-0.13084238922696984,0.3683536939990726,-0.7167957302303505,-1.2869359597738512
2023-08-25,-0.35888285018218574,0.0854173505152094,-1.3418330639942864,-1.0530687604206233
2023-08-28,-0.4256754312651222,0.3046354997468987,-1.3026668795516212,-1.1849213812016495
2023-08-29,-0.6131773975723461,0.3165374240067527,-1.6234275881103148,-1.2004520270327794
2023-08-30,-0.6701831568398856,0.16358413959782095,-1.650796382645719,-1.2452030726087269
2023-08-31,-0.6575110845724405,0.018144720404082087,-1.4969343972221067,-1.1128928085402197
2023-09-01,-0.16835143013331916,0.24653576557656462,-1.285953684001375,-1.2936863734168933
2023-09-04,-0.07788888272325768,0.5103033585244039,-0.8078216520171172,-1.4914650410953134
2023-09-05,-0.07982858627688182,0.3855990915237846,-0.7830648659381247,-1.3893052927337022
2023-09-06,-0.0782118452695503,0.29771621986507313,-0.6550594536976707,-1.3684066791889187
2023-09-07,-0.1096880173888827,0.05469248568147293,-0.8947252506973163,-1.1862126634067525
2023-09-08,-0.09956426608752579,0.023801695902612826,-1.0993564975032397,-1.1701592414807365
2023-09-11,0.09636331620791638,0.08706662107644222,-1.2502145477292022,-1.1879297721891406
2023-09-12,0.17693291633166935,0.11007333223282366,-1.0759330745363629,-1.1955429760181195
2023-09-13,0.2128596952569549,0.1730217348380892,-1.0164215799791672,-1.0742296595650345
2023-09-14,0.18582570247619304,0.4182564608151623,-0.909234745389072,-1.188102898737591
2023-09-15,0.5669372455612134,0.7128544472982382,-0.44674968730206516,-1.3098936628447408
2023-09-18,0.43564772193857565,0.604348689190546,-0.22067287760705784,-1.124580299792194
2023-09-19,0.4067771993576706,0.6086660258946565,-0.045223741790692204,-1.1232970436114853
2023-09-20,0.3383923911852865,0.5757185212736012,0.0551961290454203,-1.066726853066184
2023-09-21,0.35009272742027814,0.29761323550066154,0.535649966020822,-1.0214066455914386
2023-09-22,0.32591804209745967,0.2735115182390016,0.08571488104844868,-1.1312164445517798
2023-09-25,0.35512471953228303,0.1804282888786654,0.18086112455344727,-1.0524003640300692
2023-09-26,0.2695659995356993,0.11753734062844566,0.4228727710673416,-1.0002780470894732
2023-09-27,0.2885745429711037,0.35067067866004437,0.8511438160159867,-1.067965901293351
2023-09-28,0.35096462675429024,0.1290727492534281,0.1699219346948162,-0.8972811825183823
2023-09-29,0.32420346720858306,0.3440981851680082,0.27172538954122766,-1.1689020619233077
2023-09-30,0.3962841411740313,-0.04323808408078824,-0.02730281506162958,-2.3540593359565807
2023-10-02,0.45042801183802644,0.36420575947641864,0.1103825877293499,-1.143599635245067
2023-10-03,0.49187531717127003,0.13479615241090048,0.20024043226551927,-1.051824311964064
2023-10-04,0.7517769176549917,-0.24528223584685585,-0.5696951630846153,-0.7818804130169766
2023-10-05,0.7490080551938996,-0.18717233425482013,-0.2718905080555614,-0.8624352325801747
2023-10-06,0.6642130922339823,0.0072251896086015085,-0.2893142527906642,-0.9219458353950153
2023-10-09,0.47511146347169286,-0.07732512565259499,-0.2180474840386346,-0.8639069744719927
2023-10-10,0.4137620845313049,-0.04302774712447856,-0.6369521730312555,-0.9358241603012692
2023-10-11,0.4958619673131017,0.3682719288353808,-0.4650630760123233,-1.0813454440963326
2023-10-12,0.7533681028729577,0.5120176019430073,-0.22250445128940952,-1.284211118834803
2023-10-13,0.9233008234523409,0.15171825835188518,-0.2589419195234585,-1.0267313192492045
2023-10-16,0.7859776957266915,0.03792399803764595,-0.3884616482782806,-0.8708273262797795
2023-10-17,0.723579625482743,0.2329846466548754,-0.27057741703010274,-1.0079149163727485
2023-10-18,1.1197969237665382,0.017622848265558155,-0.26299947579758626,-0.9606521359924997
2023-10-19,1.0991124399506942,-0.38496898815238945,-0.21171803861579194,-0.7320302257714778
2023-10-20,1.019083569192864,-0.6764148317834703,-0.3595954670767179,-0.7321973629948333
2023-10-23,0.9614236822284231,-0.830754282440441,-0.8648947251553019,-0.5723696415145025
2023-10-24,-0.5083467717942464,-0.8458467160969422,-0.7779336238946851,-0.5754954586715171
2023-10-25,-0.4798678009575786,-0.9093837449368728,-0.5032783986593731,-0.7091296080262977
2023-10-26,-0.2848098795368347,-1.117578832187768,-0.49294169923235387,-0.5829879741845415
2023-10-27,-0.2753643303633185,-0.9005807821158411,-0.5643754428108703,-0.7582672903521689
2023-10-30,-0.2687957702607642,-0.5891049978258559,-0.49227307907865336,-0.7286667726996378
2023-10-31,-0.7259131570163303,-0.8582397368144362,-0.38362599864622665,-0.5820473683703932
2023-11-01,-0.8170777798602841,-1.0341800673502697,-1.079695892746553,-0.4798488320188916
2023-11-02,-0.7339834803684518,-0.4752841674460026,-0.2175317637021531,-0.5207057264173854
2023-11-03,-0.6775713302061007,-0.10948571806025485,-0.5343923959442372,-0.7541069734124617
2023-11-06,-0.6993580219293101,0.3256472800840905,-0.2482126099400821,-1.1774342130548958
2023-11-07,-0.7506116408666683,0.08915384089827015,-0.3983127397282633,-0.8102667375210307
2023-11-08,-0.6356453448556773,0.2764535631113613,-0.003973171499316028,-0.6976008426658331
2023-11-09,-0.5844500474921737,0.4364135723304795,0.47545736885940765,-0.7885371306708626
2023-11-10,-0.6040605680532231,0.0829566080721802,-0.23305096580701676,-0.5179907262517366
2023-11-13,-0.5613465481410927,0.16341509721518516,-0.019002711536841407,-0.6234445013238633
2023-11-14,-0.5744390363121499,0.17166532362208042,-0.6233754272532673,-0.48699337178168395
2023-11-15,-0.4566285300737275,0.8445586105124622,-0.1261372525943237,-1.0169073265331823
2023-11-16,-0.45589465230836074,0.678101163630224,-0.25706901973652185,-0.901109447462452
2023-11-17,-0.41733565956303265,0.4976599829620457,0.08247147733108559,-0.7652659524191561
2023-11-20,-0.4190844758092733,0.6992560314663275,0.38673463327053975,-0.8148446410804476
2023-11-21,-0.40764282314420425,0.805027087294167,0.7766968255773986,-0.8764351034316457
2023-11-22,-0.40377277032576825,0.7039552171248571,0.713688479295994,-0.7206541530745223
2023-11-23,-0.3810907543559687,0.6871333476158665,0.35211807279514756,-0.7929806418397445
2023-11-24,-0.2877801399393019,0.6931768818866487,1.0639529932891971,-0.6590979951801524
2023-11-27,-0.26151108432360104,0.47307381442719504,0.7796167270045934,-0.5877902138200264
2023-11-28,-0.2860700291342299,0.5483157743782856,0.420974535480731,-0.6718389601574953
2023-11-29,-0.34435747216859225,0.3931279247946835,0.0460126709182668,-0.5990787118432439
2023-11-30,0.7304054746403568,0.7539566766527873,1.2069357884644305,-0.7062320982125869
2023-12-01,1.0806362455620695,0.3565627016962019,0.24821934798007927,-0.5867607900968564
2023-12-04,0.9161511779911256,0.583703987718756,0.9117374079702673,-0.6037016625149545
2023-12-05,0.950139550878814,0.22786370902420497,0.16144698064890498,-0.3865268316046831
2023-12-06,0.9250688440608212,0.3972229426461527,0.48430020139865126,-0.4807823120302268
2023-12-07,1.0172122998364437,0.2908490834725463,0.543747414863078,-0.2903189024267567
2023-12-08,0.9744392293749282,0.38043532741588904,0.2495871397002382,-0.4439296931602602
2023-12-11,0.8755365629242058,0.2561043628091992,0.22967415571261596,-0.33777311364550117
2023-12-12,0.9971452092964326,0.44084942296216,0.4247512137438672,-0.39812497671608
2023-12-13,0.8440360940159838,0.19508437675479495,0.01563674886806387,-0.13176723612112834
2023-12-14,0.7982221395790774,0.7440308862940874,-0.0020497573922191236,-0.37307150151036145
2023-12-15,0.6218850058463459,1.0449959629738446,0.4536138018955383,-0.5231696148552897
2023-12-18,0.5889621100709123,0.9352260743027612,0.32477136272801455,-0.44870922516409634
2023-12-19,0.5541738974130344,1.0948954793824819,0.4270212737650883,-0.39971958503577787
2023-12-20,0.5501472778501509,0.913353869837038,0.2393863869170997,-0.4666442819406342
2023-12-21,0.506353152189496,0.9074457584785818,0.12763575821583148,-0.4004093073618809
2023-12-22,0.49138437865298373,0.693088694808616,0.05179972458038573,-0.2676372423688296
2023-12-25,0.15790441167852962,2.627833434621756,-0.22180430405683038,-0.2890905979046797
2023-12-26,0.3849778831959176,0.7909376683231535,0.16050974593391218,-0.36255958197878174
2023-12-27,0.368988488401578,0.8104444055533576,-0.13018647684083764,-0.48035037778538986
2023-12-28,0.34306566874662264,1.1234429461625925,0.15428464115180313,-0.6871450862975276
2023-12-29,0.30767996747372955,1.0634408741367094,-0.40715186708535883,-0.7345026208415122
2023-12-31,1.995415945072337,0.8865688538880357,0.4377295654518876,-2.051112406503832
2024-01-01,-0.5654680907516438,3.0,-0.015158180447696023,-0.7531808602477842
2024-01-02,1.2778923069172976,0.8959095518743104,0.4194746469575357,-0.6805122852926478
2024-01-03,1.2884381709227641,0.3532772415233166,0.06805466250564347,-0.4887617093833616
2024-01-04,1.362672740012068,0.46784486425351934,0.2510942208330659,-0.5668742564972532
2024-01-05,1.3369261652623716,0.21756240678453295,-0.30895543665137465,-0.5443874541177978
2024-01-08,1.4033204906125754,0.008857908225809502,-0.3410097954717515,-0.2983029253039704
2024-01-09,1.3373578345408186,-0.18527403366267936,-0.4951805133658074,-0.012886046603794585
2024-01-10,1.2894560563516468,0.10871963454014708,0.7219897426760913,0.08152435110600804
2024-01-11,1.1113818785158551,0.08928314170179226,-0.3074568930206958,-0.02411625612149638
2024-01-12,0.9082555181777603,0.014790696769496924,-0.6232234914042246,0.00041212391150072985
2024-01-15,0.8086975050169368,-0.007299058438329599,-0.547473820932597,0.037223719581932484
2024-01-16,0.7700034074785089,-0.18270409790879238,-0.05283804043246158,0.3102973117601119
2024-01-17,0.6548663164963082,-0.4091744368473774,0.3691083662669389,0.7109686151263775
2024-01-18,0.6294876217185805,-0.20582686637623204,0.22128090415084034,0.6995116842851232
2024-01-19,0.5956268229308048,-0.011456015182106496,0.05145616947421568,0.5574191939550143
2024-01-22,0.4361229297745688,-2.4477409535743795,-0.0836142651532502,0.7680719311648241
2024-01-23,0.2763673497707939,0.1050527448564717,-0.16718976837068647,0.6396490792338076
2024-01-24,0.26198377381693294,0.6441396527223562,0.6439349305838238,0.33066774922622516
2024-01-25,0.3220546122183006,0.5967246340004396,0.008522942589969476,0.24567155375418492
2024-01-26,0.2653481065480023,0.5932603748995265,0.1682536199320158,0.31182207217648045
2024-01-29,0.26675491605368995,0.5606629984191759,-0.2814572427414691,0.2615201992136066
2024-01-30,0.034283530756365824,-1.955726790014319,-0.2562449183035733,0.48076033722019085
2024-01-31,0.133339475882588,-0.08132320413556472,-0.6128263058608875,0.6023588394892889
2024-02-01,-0.2163163701354399,-0.013207853749250568,-0.35900341462353536,0.5132004933710891
2024-02-02,-0.0705613587982615,0.3621025526023621,0.1435886499358387,0.4337700035513733
2024-02-05,-0.04233761010505374,0.24443852029428784,0.2452991252919928,0.43364544283736906
2024-02-06,0.03972755112500625,0.6712069306678919,0.09709900559755467,0.05916498493110226
2024-02-07,-0.06766580288308058,0.8066293805141372,0.3212551965385463,0.03978633809117351
2024-02-08,-0.18002776819648192,0.6659158435381778,0.2501926120082778,0.12364376622538123
2024-02-09,0.03735285620332013,0.6766767305140777,0.4621375157165004,0.21292939170412964
2024-02-12,0.1659625986237161,0.5108656209437874,0.727308584088741,0.1701164882234568
2024-02-13,0.12853232086069613,0.7797730133055364,1.6235532518339628,0.05955640457538886
2024-02-14,0.0821962995559815,0.6442473997677124,0.37637932302847654,0.11822717306532342
2024-02-15,0.06057557547665877,0.7874654404082446,0.2581416814250902,-0.04938000487564417
2024-02-16,0.09652560596495195,0.8741562057220641,0.484506460150193,-0.2869622489076077
2024-02-19,-0.02873661583635557,0.9321746111075055,0.5473741517581279,-0.3178952978026951
2024-02-20,0.0706851695581459,0.9141493701534839,0.7088312732265322,-0.3898723759696994
2024-02-21,0.034260083568155464,1.0161601957601318,0.8888174740681227,-0.4254246626644458
2024-02-22,-0.12785991387125165,1.1747555245188435,0.5062185688354922,-1.506024144275841
2024-02-23,-0.4755142770233078,1.1155324388020047,0.39153216291677573,-1.428352414770944
2024-02-26,-0.5640905566146369,0.9777673819979136,0.3214940569833498,-1.3953383949430982
2024-02-27,0.6413758439887665,1.167829737590015,0.542978472133782,-1.431137458773365
2024-02-28,0.5924672739320256,0.752090252359671,0.3299422540970831,-1.2772396080786685
2024-02-29,0.8352553343576175,0.9783003679898523,0.5346936785588983,-1.2579322392588266
2024-03-01,1.1574456288776986,1.069522509525784,0.21908827563544891,-1.2043158328128623
2024-03-04,1.178198406289341,1.1112163545604523,-0.2036833878701062,-1.269267888851074
2024-03-05,0.991973375762407,0.6723531778661678,-0.47191705629626607,-1.1820333285795444
2024-03-06,1.0195636691467644,0.9273023791878678,-0.18803431811285684,-1.2552028306099743
2024-03-07,1.0940848229992737,0.8730396232156133,-0.47173593899471733,-1.1885531055431093
2024-03-08,1.0772234995047187,0.9087274628924994,-0.5630787064743807,-1.4193570410723628
2024-03-11,1.103247366845457,0.8997903164625705,-0.34941749542495154,-1.4650059559731177
2024-03-12,1.1317966566881736,1.0497235394423117,-0.2710190215320736,-1.563719596218627
2024-03-13,1.193376529314401,0.7983932926758609,-0.9133349026113028,-1.5438345861629261
2024-03-14,1.3667755510715485,1.03295444813729,0.10582116803853216,-1.6408102740596455
2024-03-15,1.296071239175471,0.48975277963574265,0.03614718322667398,1.2718994037998355
2024-03-18,1.229146674039305,0.48424896344392315,-0.3320622073339748,1.1775838828167426
2024-03-19,1.1974985311184303,0.17101194610203727,-0.40641087956959177,1.3855546165126476
2024-03-20,1.0722572205692855,0.3527450116986772,-0.5209908403286402,1.3188759762553404
2024-03-21,0.9839810050394714,0.7288086232442584,-0.6071930234054265,1.0332231905923004
2024-03-22,1.1565356822575619,0.4055593177432031,-0.7977598604637431,1.2224868317182305
2024-03-25,1.486659027493306,0.37449592799103715,-0.26379583021777714,1.1671456497422303
2024-03-26,1.4339409749382217,0.2822323499447526,-0.6188672717521937,1.0228769717508475
2024-03-27,0.39497350267854664,0.16819995523689582,-0.7570421428895032,1.1352091131846205
2024-03-28,0.5969796938921417,0.2840668973892301,-0.4223410718150183,0.9849278433288391
2024-03-29,0.5914013693733545,2.639962889026761,-0.2714901849621559,0.9049223853157515
2024-03-31,3.0,0.24916680916502612,0.324867186083051,-2.0573076862114528
2024-04-01,3.0,0.5993491043491564,0.347952988917332,0.8034120782506579
2024-04-02,3.0,0.832524644558439,0.7192536566413847,0.5765717833542874
2024-04-03,2.7914419448428407,0.6202851929751384,0.7453991857303811,0.6735586636471032
2024-04-04,2.8526914922172604,0.8032799964475512,0.9035694139593528,0.508455463470328
2024-04-05,2.741550846462976,0.8419641129088318,1.0703892003341446,0.618015994808714
2024-04-08,2.6450507782297645,0.9661639543853744,0.8550322768059899,0.5335963807422606
2024-04-09,2.5649650853377164,1.057692432276631,0.43858028876952776,0.46413824543861426
2024-04-10,2.538546417102927,1.251015825064796,1.0926064818645886,0.25104727615364564
2024-04-11,2.6597729717527065,1.0879308713028875,0.3379114743126962,0.35073466298117884
2024-04-12,2.3362791053727467,0.7184899273733093,0.48570026035167907,0.4651077705511598
2024-04-15,2.280275110717309,0.6059034216687882,0.9382893524058158,0.5121117162336485
2024-04-16,2.2564924304042475,0.1313797131175667,0.7997673277395816,0.8516074343941121
2024-04-17,2.105419049771652,0.0932507636291157,0.6104120113131235,0.7527175837254155
2024-04-18,2.00669093308228,0.3777377608912269,0.6502427768068155,0.6239679416306678
2024-04-19,1.952683945791798,0.09234958185475173,0.7590615456094254,0.8950074146952338
2024-04-22,1.9252622029801816,0.10563651049083983,0.2372783579584102,0.7696828628167051
2024-04-23,1.8059815879831373,0.24042325511213303,0.11296946283300002,0.7314839070572241
2024-04-24,1.75902201901468,0.6225627824341774,0.31522811291940184,0.36080672066974057
2024-04-25,2.0727117868171834,0.48924853697666226,0.29513966791932233,0.4966749919460961
2024-04-26,1.9814716358321411,-1.589979313257815,0.07925671168290024,0.29019641460856815
2024-04-29,2.0382227399171504,1.0724770652819888,-0.21966758766019784,0.1954544010691202
2024-04-30,1.2563234551533446,0.8370420806788895,-0.3779214261647602,0.08433280502636391
2024-05-01,1.1887971381137272,0.719932525609972,-0.5793368177067436,0.11733067635073528
2024-05-02,1.2326583753979647,0.8835641315733406,-0.7729778740997467,0.10499956652267262
2024-05-03,1.1356580328799364,0.9915346178043464,-0.8017243084750237,0.10733110185006357
2024-05-06,1.0975443768770912,1.0129974420091123,-0.9564590388204703,0.1137860240578667
2024-05-07,1.0282809725414699,1.0858352234100086,-0.9902987246270331,0.10323513917687094
2024-05-08,0.9260044784925796,1.054886903375006,-0.7758073394832762,0.13414874910798777
2024-05-09,0.9096789838284031,0.7819387393490143,-1.7039086549068263,0.2417353627503955
2024-05-10,0.7664395294854834,1.1063891273524267,-1.2215730776920855,0.08256968272977178
2024-05-13,0.7308551013643133,1.288009822067725,-0.87567280513991,-0.016255015922894873
2024-05-14,0.7075330065518411,1.1422629795093389,-1.0585676513904856,0.12879772131462097
2024-05-15,0.6841270152387644,1.1084653181920712,-1.2856609342937073,0.24415545912741177
2024-05-16,0.6198075849015962,1.4882210613514966,-0.6302865074853136,-0.06638742553921138
2024-05-17,0.5867013464469896,1.5237594930719554,-0.8581464184290232,-0.052937119862707785
2024-05-20,0.523352700505263,1.5358099310687132,-0.5795776825962073,-0.07990392975604414
2024-05-21,0.4962378960573027,0.9793766765480879,-0.6226920852894046,0.14620388080809313
2024-05-22,0.471665395672248,1.030230214231653,-0.4640283349326677,0.09771965840445182
2024-05-23,0.5104803816850495,0.9483353092148937,-0.2148193979120081,0.10062788136644298
2024-05-24,0.4691996162388427,0.5409631395001698,-0.6026909380219043,0.3451499315674648
2024-05-27,0.4653370533259814,0.8596186389906156,-0.3588810869159167,0.22960252565550285
2024-05-28,0.2380149811863582,0.7722306673707988,-0.009672896456469147,0.2292011191931073
2024-05-29,0.2334624459219248,0.29120696184933825,0.22087543429290832,0.42414172142688683
2024-05-30,0.2783519851998382,-0.10625377974119442,0.33717755130932253,0.6556454734572233
2024-05-31,0.7737903125807499,-0.2820562288015234,-0.2697314846395796,0.8690953916778774
2024-06-03,0.6531466792491499,0.1840854202915052,-0.14933095849483807,0.467920457704031
2024-06-04,0.6808711976986335,-0.3114094053754473,-0.5697604798112266,0.8105962616143954
2024-06-05,0.6127914046941538,-0.11621705961254968,-0.9140467092488124,0.7107501789849335
2024-06-06,0.4919643770001468,0.14200589441951125,-0.99977620430411,0.5349116161065276
2024-06-07,0.4244208863852329,0.293828172447748,-0.187108996389701,0.43911955876516756
2024-06-10,0.2762643521425447,0.1871792241420029,-0.5312026000577429,0.5189703410781935
2024-06-11,0.3029286921342746,0.07742027720694789,-0.7697201061903367,0.624366359187363
2024-06-12,0.3185654052412734,0.3396030865246737,-0.7282432098403618,0.6829158365849562
2024-06-13,0.2502158849008106,0.40280900241056145,-1.0013705814504956,0.5581544286555213
2024-06-14,0.24894819792666373,0.43819680743005174,-1.4748312084004387,0.552378875680024
2024-06-17,0.29612257912450235,0.34959751107794595,-1.4384657907399834,0.6287383000491231
2024-06-18,0.2741791504479223,0.32859430805105544,-1.833086481035751,0.46679808751558893
2024-06-19,0.2940922091719684,0.5957057814710054,-1.685043030263854,0.13890357589958863
2024-06-20,0.29550474344147454,0.6429330794638967,-1.3565042887839276,0.14084702709548338
2024-06-21,0.3431439615648274,0.29569808673262904,-1.603721981510963,0.3657939462445886
2024-06-24,0.31928565009679005,0.3389482991616397,-1.5570395300520676,0.35953656146703056
2024-06-25,0.31771114723002686,0.3817466836706653,-1.6126417385983054,0.36763313033976125
2024-06-26,0.2978342817125447,0.39518239826070606,-1.5511776404157267,0.3291352690198289
2024-06-27,0.3653122859656445,0.09601384796883145,-1.8215708818410652,0.48533465636147693
2024-06-28,0.2698769275918561,0.19859537083240894,-1.2673247543335007,0.29212407872885654
2024-06-30,-2.4306941318587527,-1.247677393318566,-0.8390001832976699,-2.527370673342696
2024-07-01,-2.057965484631284,0.3067664045267627,-0.7837271384793013,0.2380165774104323
2024-07-02,-2.1046479061357664,-0.05413940645349598,-0.8075031786628277,0.48973426584681606
2024-07-03,-2.078979447016773,0.3646126818473482,-0.7903270645563608,0.24587392939337965
2024-07-04,-2.003023451555873,0.6792960227127213,-0.8393544657108885,-0.07240746492891126
2024-07-05,-1.8974483813972596,0.47873666766061024,-1.6274851228353127,0.09179927418389042
2024-07-08,-1.9010734315451514,0.6166549767443869,-1.2899201278315164,0.044733467155023764
2024-07-09,-1.8156489287950432,0.8547163106542677,-0.8361929155444303,-0.07356539498027007
2024-07-10,-1.81980190971155,0.9327645797757603,-0.8571640831741517,0.11827362865950748
2024-07-11,-1.6821121517623838,1.2389621137485407,-0.5858318649356099,-0.22806622450772268
2024-07-12,-1.578495916436413,1.3905529505439935,-0.5714417309090969,-0.1352558558392992
2024-07-15,-1.777094042862621,1.1797675263878964,-0.4587134110455944,-0.025136094894430184
2024-07-16,-1.7343861267123866,0.9409045173240423,-0.35808501028812956,0.15839037125439112
2024-07-17,-1.739435511078152,0.7862081735422883,-0.2279755000782393,0.19633820065573587
2024-07-18,-1.7063750045787898,0.5519569113071913,0.014871183321760033,0.26152740473100855
2024-07-19,-1.6162863621624497,0.18964547077890762,0.2008848946213481,0.6047465487220947
2024-07-22,-1.682786080410346,1.8153864529999178e-05,0.1052673349386321,0.7558636013936352
2024-07-23,-1.7372795226201,0.086718105069843,0.07344344064768575,0.6796158613583136
2024-07-24,-1.689063334938138,-0.24078509867366774,0.19424446470351084,0.5556884228906471
2024-07-25,-1.8060454479618124,-0.3987037804091366,0.4425918262070344,0.6993515662965584
2024-07-26,-1.8102901086747945,-0.5590327025404602,-0.44654948254504745,0.878943874986528
2024-07-29,-1.711467276963653,-0.31414237102218157,-0.3177721263884634,0.8032281395168102
2024-07-30,-1.7262439548653266,-0.5322572622155435,-0.4868640984662839,0.873476413324739
2024-07-31,-1.0992608282920158,-0.09085854694178283,-0.8907218874764494,0.7920907842345694
2024-08-01,-1.1968607628636134,0.036458762190578586,-0.4083943477894379,0.6630469291824903
2024-08-02,-1.1586667203628198,-0.8886879713365271,-0.8392074536566148,1.1555521354092009
2024-08-05,-1.120835443501749,-1.6952286131778918,1.6766884180729136,1.9640040931725213
2024-08-06,-1.1555115728488394,-1.1182558380219534,0.16707035392572891,1.6142802328103423
2024-08-07,-1.17010880621077,-0.6506561214432751,0.2818602552087534,1.0203163246591955
2024-08-08,-1.1697423332900327,-0.771995845632119,-0.05421291058175871,1.2817720626155276
2024-08-09,-1.179582215289003,-0.3548660039201882,-0.46175933876761477,0.9554805568089162
2024-08-12,-1.2814845502436354,-0.3896201079589637,-0.48987630840132607,0.8972491634447132
2024-08-13,-1.2478841718266944,-0.4327447966964647,-1.2077215504854815,1.0355972861430622
2024-08-14,-1.186867705596366,-0.2655368811106581,-0.9799660712339542,1.0023805270061954
2024-08-15,-1.2561519533990848,-0.2295135391430167,-0.4028209327396683,1.222215226920855
2024-08-16,-1.1994101291318457,0.11451175728087544,-0.935565150503985,0.9006914981409605
2024-08-19,-1.175634023956403,0.3576330578481175,-0.8605476956103252,0.8295212426723971
2024-08-20,-1.1896684949795626,0.268390631634431,-1.006917489929222,0.8062064501902999
2024-08-21,-1.1763287939500546,0.12377849623050799,-1.020649278729276,0.9395661089063754
2024-08-22,-1.1956447520577935,0.24435463380043507,-0.32255411724812005,0.8418389364345927
2024-08-23,-1.163979312475167,0.20646771154676247,-0.8966128247855301,1.0124474500006833
2024-08-26,-1.1515387146822804,0.6573707009418046,-0.18253978502282095,0.886837570915654
2024-08-27,-1.0805116825503622,0.559905382131324,-0.49688153304140575,0.9917909917692974
2024-08-28,-1.0704580997360642,0.5554372223690575,0.09065885235758103,0.9857763569615722
2024-08-29,-1.0169500842977703,0.4346818596918145,0.40058177421150154,1.0428671679379795
2024-08-30,-1.0220805165058147,0.8635965574720789,0.6639394306800286,0.9890259129660253
2024-08-31,-1.9847750534758348,0.5872748558129297,1.8814851021434038,-1.8812912158569493
2024-09-02,-1.4286815320114103,0.8237508005097621,2.2100382844535402,0.7965151047744545
2024-09-03,-1.331238964061156,0.0922484901763865,1.8650968875792586,0.7729503941882577
2024-09-04,-1.3167909043158483,-0.46291296248906005,1.3930737615061046,1.136536562165361
2024-09-05,-1.2895134730148208,-0.3740705932729538,0.7678334756713242,1.0838067427897062
2024-09-06,-1.3014785106089466,-0.392905931754406,1.007017996748686,0.9752160292987717
2024-09-09,-1.249290445464942,-0.5534398947825451,0.5843004848146958,1.2740820276316775
2024-09-10,-1.210579671785511,-0.7640805829614599,0.23742765764944704,1.2864039306818864
2024-09-11,-1.1401884881537137,-0.859194304144888,-0.194664666372671,1.4487612422218674
2024-09-12,-1.1335604702549837,-0.16990794981874197,-0.8649823571200584,1.1375621897131452
2024-09-13,-1.1050741127185377,-0.0026111901635860976,-0.7588744473138288,1.0587509923022773
2024-09-16,-1.1596149694952655,-0.0070088265415717815,-0.9317978288016637,1.0253327562458636
2024-09-17,-1.1485115601249702,0.21336870527706508,-0.17845396008439035,0.9247807488530636
2024-09-18,-1.1489360401180546,0.28178352293632064,0.31519753814745827,0.8791737251546546
2024-09-19,-1.1389901011498498,0.704647008744968,-0.3130778008741549,0.7224182606599192
2024-09-20,-1.143044804953416,1.0723337515315918,0.13841656454106496,0.5419520096774396
2024-09-23,-1.1548671745158139,1.028765867076675,-0.2955266600238244,0.481408964706968
2024-09-24,-1.1408337920219498,1.424017214525582,-0.4806492498300451,-0.07195165440123936
2024-09-25,-1.0936400749907909,1.5255949234183663,-0.18060959174955377,-0.2304440437427351
2024-09-26,-1.056782849043905,1.8926833281333357,-0.08799038074333076,-0.7180660239292884
2024-09-27,-1.019668750899725,1.8847977621398804,-0.28803678489012197,-0.8734450969551605
2024-09-30,-1.3982885880375258,1.6398895771582553,0.06864043467332684,-0.8072638842013639
2024-10-01,-1.364029226879802,1.575799311610532,0.3386618205475236,-0.8483915093214631
2024-10-02,-1.3338649208138778,2.0375006832547626,1.166175442825339,-1.083971520643103
2024-10-03,-1.3063899494003093,1.5933047518135783,2.213284903850761,-0.926588674558437
2024-10-04,-1.2988426419574637,1.9465762548595587,2.8553930067592335,-1.0333583087474647
2024-10-07,-1.236112097177572,2.1031022661469825,3.0,-1.1466846334296956
2024-10-08,-1.233490489633398,1.2124235676599715,2.878258189676479,-0.6767648181212546
2024-10-09,-1.2076062909167946,1.2464861348207381,3.0,-0.4998419014964376
2024-10-10,-1.2041217325041675,1.3210474063184061,2.7263796108629963,-0.6854665407844404
2024-10-11,-1.2975161559935986,1.4022762805390738,2.4906476862755342,-0.6978626995737925
2024-10-14,-1.2714186352533656,1.5606357185636002,2.3103116471726466,-0.6287449394134335
2024-10-15,-1.249460195264381,1.2484938156200671,2.3821417781821865,-0.5429402646439276
2024-10-16,-1.2025165825014656,1.1683854112304932,1.9466961435119143,-0.3914983627311809
2024-10-17,-1.1891410387125243,1.041234381763206,1.8423935888179457,-0.2508794514931549
2024-10-18,-1.04364559884592,1.500729244654242,1.433016161639416,-0.5653368013119813
2024-10-21,-0.9601451249949828,1.2989797280949147,1.6859092641929494,-0.522319089722145
2024-10-22,-0.9305780026354591,0.9767987245695768,1.3366177159275667,-0.4231121619549294
2024-10-23,-0.903842605732546,0.9014056943028116,1.687109084014675,-0.5534443988265393
2024-10-24,-1.0347409706289628,0.620877113243683,1.1932618185766999,-0.39038771605111233
2024-10-25,-0.9832837075027642,0.7870328974061102,1.4276834772232858,-0.42751459614639253
2024-10-28,-0.9801678643649512,0.7965514792209466,1.4838933502617335,-0.48920870078797535
2024-10-29,-0.8787410484273959,0.6714060707600256,1.030706440786895,-0.46686155885537384
2024-10-30,-0.8786370937555689,0.7376296396154458,1.6026990574615363,-0.29349540458763596
2024-10-31,0.30233228002922996,0.8665164893831125,1.5941649777801157,-0.23452850140819392
2024-11-01,0.3048287853953267,0.5549083554784972,1.3978715468350058,-0.3310787308804278
2024-11-04,0.29817353964372084,0.3508088864116486,0.36231668751293566,-0.5011133533234101
2024-11-05,0.32098241047910225,0.7610331573719633,0.2291841514259061,-0.5766112734089573
2024-11-06,0.3153086625945526,0.3699534927977303,0.16718341789652535,-0.317286184212488
2024-11-07,0.3295569046969157,0.412048693727667,-0.36074990863012707,-0.3666840060531824
2024-11-08,0.3226464975242584,0.4484081020584599,0.1362996993282138,-0.24286327824618664
2024-11-11,0.3882590550783246,0.07715685732377325,0.1399399684591806,-0.09783319058998963
2024-11-12,0.3991064375448425,-0.26812627193183874,0.485526379211409,0.3551441617838699
2024-11-13,0.40181297954523204,-0.6464693588540599,0.30788424962987654,1.0110393519374843
2024-11-14,0.404011991331029,-0.9936069579714607,0.34753478158701384,1.2121962971039528
2024-11-15,0.46949950279647207,-1.111832275547763,0.14131993671074666,1.0370974209324444
2024-11-18,0.42488617698613107,-0.8903695655003167,0.06014754768691682,0.9281386984161599
2024-11-19,0.4160520408861587,-0.7964795670250251,-0.22158786396458163,0.8167282811410772
2024-11-20,0.409098250484011,-0.7026767592380662,0.29214574497887835,0.8292816494494605
2024-11-21,0.4026711579502346,-0.9098904078085006,0.08975386262166057,1.0408228332371134
2024-11-22,0.4782810462994573,-0.8213699066682054,-0.06955419576314029,1.0234014151713493
2024-11-25,0.4680932743340463,-0.7953305647513392,-0.9616357616002054,0.9586600048268922
2024-11-26,0.5156656998052151,-0.9141814820495886,-0.8666716484079328,1.0152727121106422
2024-11-27,0.5208357234989598,-0.8941699953641743,-0.7794462977900933,0.9984944677238452
2024-11-28,0.5571886272554806,-1.222473521485631,-1.1217795207535164,1.2149506855479648
2024-11-29,0.5342898602790318,-1.1797330269213606,-1.1666239675776584,1.351566984077435
2024-11-30,0.38650601158761466,-2.3398644610193893,-1.4698636161311742,-0.7661250269750187
2024-12-02,0.2641730507017186,-0.8025873240444158,-1.0794673854378243,0.9095708054715991
2024-12-03,0.37470535764995605,-0.4485015771323683,-0.8355131581317655,0.49988133717178834
2024-12-04,0.341281245605588,-0.49423228478040215,-1.4415590833839382,0.5112130292578373
2024-12-05,0.3452455215338851,-0.2963146833911983,-1.1726265358720973,0.46534080967831387
2024-12-06,0.3242228537197774,-0.3334025806209003,-1.7386644950742272,0.3988528230281984
2024-12-09,0.32746047912255577,-0.002808647174396489,-1.2753829957070157,0.09549275056027282
2024-12-10,0.2801879170831613,-0.3510733158663117,-1.5719620864072597,0.10710158625505141
2024-12-11,0.3304900627515016,-0.5350404632412746,-1.322996427483227,0.20995493055173003
2024-12-12,0.31833225809322835,-0.45879538534506187,-1.1809425283529675,0.036367258412787574
2024-12-13,0.3192704771224582,-0.7618847449881306,-0.792864803998637,0.11966761546337286
2024-12-16,0.20798863475563334,-0.9964633208577315,-0.6608450083031763,0.21037261201273488
2024-12-17,0.29127889574467697,-1.4678184394327998,-0.5659478086348612,0.43085860105217616
2024-12-18,0.31125380241874484,-1.3378386125141923,1.4399257874473501,0.03853943016296198
2024-12-19,0.3115132528792784,-1.7556232981048447,0.6856752325118544,0.3495423814031136
2024-12-20,0.30966538097759233,-2.0639616164313,-0.22215874778597644,0.8090365631407646
2024-12-23,0.2771039996541672,-1.54160450657526,0.27307626331914797,0.4232357521537809
2024-12-24,0.27122688600871375,-1.7041299029362926,-0.4149338218083765,0.4317075557746422
2024-12-25,0.23890894917855482,0.9053768770706576,-0.3311936377796274,0.3698229837919199
2024-12-26,0.23210245422008333,-1.681407403843679,-0.2616851616321459,0.40125053217693885
2024-12-27,0.2026499413315906,-1.620445473918753,0.24663434526145225,0.3200267924657634
2024-12-30,0.2103660789556202,-1.9990421407253482,0.04861398168874001,0.37967962523448917
2024-12-31,0.6899389775051156,-1.939963648628473,0.04134808219292433,0.45154149260359167
2025-01-01,0.594286070263291,0.644991782123852,-0.12467534655848442,0.36310958249358044
2025-01-02,0.6203423046758605,-1.9194437518178336,0.2138964318289912,0.5470860426901911
2025-01-03,0.6139143309955043,-1.3989353252279881,0.02631169380235897,0.5104844793432334
2025-01-06,0.6679081618253743,-1.0658104632056795,0.1817368214030234,0.27448546696360226
2025-01-07,0.6376598051441714,-1.1619489639735825,0.36640624270018135,0.11234062724662539
2025-01-08,0.6658404347466431,-1.4968383862058783,0.09082490263320883,0.3991228593109033
2025-01-09,0.6163076064271966,-1.6775234670340555,0.061779285711724884,1.0534229211970962
2025-01-10,0.6818168001816789,-1.8273927385146995,0.5461171208290245,1.136254582263692
2025-01-13,0.7132713433752825,-2.223908162831334,0.14365852224899217,1.6735350702190073
2025-01-14,0.7096646213007244,-1.6316464973134528,0.24280191360788195,1.219574451809749
2025-01-15,0.5857193927850499,-1.8086020041443376,-0.5109320739948137,1.3007857367993079
2025-01-16,0.6000749306523864,-1.484155094242024,-0.8687779350135604,0.9144334459513849
2025-01-17,0.7341175428972022,-1.2148386760746583,-0.4345156431605483,0.8864128253646617
2025-01-20,0.8158489942447585,-0.9909148771099602,-0.2802526723702447,0.47950078676335767
2025-01-21,0.8171693827742182,-0.9907109166013759,-0.573699046827679,0.5476242231772811
2025-01-22,0.7972930986439983,-0.8373072857119082,-0.2073851151602917,0.5311403951435133
2025-01-23,0.7804580670593912,-3.0,-0.12904829160181577,0.5397576992705491
2025-01-24,0.8240988070671075,-0.702139360986541,-0.06510273444307396,0.17922771179225336
2025-01-27,0.7373388092626453,-0.781113931737342,-0.027036493854178098,0.20643224450180897
2025-01-28,0.7321921627267292,-0.5868150112509224,0.18807778859870067,0.20345105369621053
2025-01-29,0.7280730675605293,-0.517718443041083,0.3031781401424523,0.044636634141862586
2025-01-30,0.5582937851503668,-2.707020099704893,0.09278117310176551,0.018902941301601004
2025-01-31,-1.3181521320853458,-0.6929252045693612,0.004358910432979843,0.07999765629084213
2025-02-03,-1.0179210388088218,-1.3249089782534647,0.1789696458009422,0.7835682042406741
2025-02-04,-0.9430777785929779,-0.966728096618331,-0.14769709710544407,0.1786793540974135
2025-02-05,-0.8857123598869626,-0.9023126822992906,-0.5723566375318838,0.16126713433135487
2025-02-06,-0.733686813220419,-0.6452036870688348,-0.2368662634987515,0.020389673639571438
2025-02-07,-0.6611862336214964,-0.32454187809339174,0.12806921120931777,-0.28878012647983087
2025-02-10,-0.7569892573381859,-0.41396517704768643,-0.470440811159289,-0.2296201077675653
2025-02-11,-0.6802542331398805,-0.4029237658136309,-0.049632262576947216,-0.08571549849543333
2025-02-12,-0.741137659829193,-0.11962835537562634,0.4094165467682501,-0.35964519195511624
2025-02-13,-0.8256482643874805,-0.09085342681188488,0.4660539183127198,-0.23299968602528576
2025-02-14,-0.9050316706306667,0.16547877473980455,0.3105468576144967,-0.4331599935814812
2025-02-17,-0.9603106198385175,0.24124152698936374,0.3144888959489793,-0.513710187429335
2025-02-18,-1.031968965568674,0.5240841132066316,0.700073137109544,-0.749592889486744
2025-02-19,-1.0553667322335103,0.3516405831250027,0.48593634524763063,-0.7430601877409159
2025-02-20,-1.0689979974395027,0.16862636929611938,0.3537192673130795,-0.7296082010490643
2025-02-21,-1.0844809881067836,0.36213089812934374,0.2998226284597277,-1.1137987509098526
2025-02-24,-1.0366043271936705,-0.027715298277874143,0.33350465032488463,-0.9595026916851165
2025-02-25,-1.0066356464197095,-0.3618642899303782,0.4110210054372665,-0.6286516837297469
2025-02-26,-0.7431265475621733,-0.08166868112253269,0.25071486239423846,-2.0705345124800996
2025-02-27,0.09452412047896598,-0.47808647041674895,0.6082635647157915,-1.9686944568018767
2025-02-28,1.395960575562708,-1.1739110168885507,-0.06626369877879226,-1.321267390969583
2025-03-03,1.4491537257716771,-1.1815833601166033,0.5974363909836609,-1.3624677360944109
2025-03-04,1.3435264618224383,-1.142405314057849,1.0281106003461984,-1.4371281026319087
2025-03-05,1.2388556800395238,-0.49256959187861604,1.3460089163104791,-1.859908765562808
2025-03-06,1.1932982868230577,-0.20280290304437246,1.6406223864231027,-2.313730491883362
2025-03-07,1.1569688683273136,-0.2638111218711796,1.3568091130214128,-2.1862354305123604
2025-03-10,1.1252585042576746,-0.8853047820805766,1.1197458331452117,-1.986476952726207
2025-03-11,1.0291999267881629,-0.8747762778220529,1.244091668944557,-2.2233331703640236
2025-03-12,0.9926239325885469,-0.7915032814256228,0.5620935481924515,-2.1913653690695245
2025-03-13,0.9547078308894258,-1.0506370635434528,-0.17855638938497606,-2.083999977423653
2025-03-14,0.9864929667571165,-0.47505721300178116,-0.07392084589650331,-2.15006709099175
2025-03-17,1.1534655267148721,-0.21424889139722442,-0.1936522863735444,0.8986517762557164
2025-03-18,1.115098669658091,0.1439765732856625,-0.18608511375430745,0.5903133257869067
2025-03-19,1.2195034954754413,0.1025622918269105,-1.0208846580700193,0.6932556698589792
2025-03-20,1.2511532071918299,-0.04713210230308091,-0.7192723314949327,0.7091315891799382
2025-03-21,1.2772363268820044,-0.27991475852085973,-0.805822632637547,0.8796158873884345
2025-03-24,1.212599291603397,0.017882304907012533,-0.18555475508112168,0.802974602391469
2025-03-25,1.3359215632057582,-0.18978510955401015,-0.4534038019930037,0.9478331070941776
2025-03-26,1.2872777682510568,-0.04836548526573861,0.2907720629420993,0.7725516634405798
2025-03-27,1.0858679516642677,-0.0736640090875108,0.2494258738756734,0.786400885994739
2025-03-28,0.18087151212659963,-0.5322211918598809,-0.060360927448730534,0.9189623431323659
2025-03-31,0.8961333400166073,-0.9968248251068841,0.16372915523000658,1.4182075646565566
2025-04-01,0.7915796283058133,-0.5886266759889249,-0.038108404846487774,1.213251292063111
2025-04-02,0.7521719768438068,-0.5141093727431855,-0.19331605572306806,1.210938713504913
2025-04-03,0.6479736604678246,-0.9602721323430605,-0.5583398192786796,1.1674157114505481
2025-04-04,0.6158740585682452,-1.341316548467246,0.39933533793213627,1.0036534299068027
2025-04-07,0.5730689641037983,-2.8341643955478357,-0.45596303914026703,2.836835054536592
2025-04-08,0.536898532347109,-2.467227895977492,0.3242119399640398,2.4812697409512943
2025-04-09,0.4877321678203967,-2.7474530786124234,-1.731544596554776,3.0
2025-04-10,0.5114955400388651,-1.629444970503254,0.2615681893445819,1.942643548627606
2025-04-11,0.5104635189253618,-1.4480300577617171,0.5639293659028434,1.678679257560621
2025-04-14,0.6941258792521211,-1.2380842833763315,-1.3555629228117811,1.4882002846512417
2025-04-15,0.6471459855760274,-1.1612398466718366,-1.2524391047773413,1.2213666606137121
2025-04-16,0.8978349719666506,-1.4578322844095475,-1.0152258446388072,1.3724260756705577
2025-04-17,0.8118165054706817,-1.26012193672117,-1.0874523575419206,1.2020244784918475
2025-04-18,0.7977391049244777,1.5965325553244993,-1.1772677721001747,1.135655225354973
2025-04-21,0.7916371383734486,-1.2296133339570565,-0.23877048957986055,0.8447706624784652
2025-04-22,0.7401885681974831,-1.2983281603640429,-1.216102795335264,1.0167782805796615
2025-04-23,0.6850358194935754,-0.8154578889365413,-0.6052190310059462,0.6451604905012713
2025-04-24,0.6592343553554191,-0.941837752473888,-1.357782146673013,0.9180165214125934
2025-04-25,0.6572210754131619,-0.8061772022711317,-1.2956366044737304,0.8724700203684688
2025-04-28,0.6942005955154877,-0.6466686454671227,-0.8033835144446969,0.799633785400201
2025-04-29,0.6925274753539001,-0.6215651730330282,-0.5365044889165258,0.7905112343209242
2025-04-30,-1.43932236175801,-0.4965741106611493,-0.4402720614244827,0.724801459205176
2025-05-01,-1.3487294736050228,-0.3325377290895855,-0.23802531770921798,0.7258634221021382
2025-05-02,-1.2252460530673082,0.18755615784960397,1.2641828076983843,0.34231112925561863
2025-05-05,-1.2713883130756576,0.2539980645003945,1.9354246392037358,0.2671151740988285
2025-05-06,-1.3082280065131082,0.07032148222855127,2.3824620024491296,0.32760721613352206
2025-05-07,-2.0106455548716897,0.01236984096128378,2.1276837978327476,0.3616863071701545
2025-05-08,-1.7784493906205305,0.24114248033155863,3.0,0.4055770639185219
2025-05-09,-1.7009469908370434,0.17683477286516364,2.1737483016268455,0.3010334273525663
2025-05-12,-1.5366608006975002,0.7216296162665418,2.250051984660196,-0.002512432307879711
2025-05-13,-1.402086034550865,0.7369608919887082,2.7013024737692874,0.15003578182038094
2025-05-14,-1.299918222458257,0.903785346296154,2.748999241073938,0.1852117152614606
2025-05-15,-1.1860124749836358,0.8069296883007488,2.3789915440721097,0.2001093165167303
2025-05-16,-1.177299177269969,0.8022307892422788,2.1494771187801933,0.23877149314626556
2025-05-19,-1.0690360824198457,-2.041588649894577,2.05170339586587,0.38337093303114195
2025-05-20,-0.9984613204314761,0.8088951181976419,1.9991682062295393,0.31072568471684137
2025-05-21,-0.9243939706377665,0.728624475632318,2.4763546047213465,-0.007478829319436668
2025-05-22,-0.9170992828032699,0.46653702215461684,1.4491545560080292,0.2151275593396884
2025-05-23,-0.8031861920710177,0.6822323642507521,1.931712934590937,0.0933113272133774
2025-05-26,-0.6997341262328735,0.45716926887239584,1.5937467966467633,0.11683677560544577
2025-05-27,-0.6391866709355942,0.40297206920766643,1.5221726371079851,0.3857446330841016
2025-05-28,-0.43048210963108635,0.739886093638027,1.8595530661372783,0.32339407715264235
2025-05-29,-0.36317299207338744,0.933597846017898,1.7293446417913512,0.26457331370994935
2025-05-30,-0.20225671730955547,0.4449757346973843,1.2312486891257357,0.5678357244986545
2025-05-31,0.34618260065227546,0.5171006012189112,0.9003986622873619,-1.6656121185199302
2025-06-02,0.29071750691259446,0.11710017764481437,1.1039394822740505,0.5713931263260041
2025-06-03,0.16192805641812755,0.2564602045782696,1.4795744658669665,0.500706914293485
2025-06-04,0.2159599469782801,0.5835305305001132,1.1344601450743768,0.25600498708185304
2025-06-05,0.18602507015258005,0.8212617688401275,0.9958534521539717,-0.08024933729701485
2025-06-06,0.17774707240358759,0.9038699976647733,1.3204944430500958,-0.10681123783640031
2025-06-09,0.19930654288990876,0.9225116318273067,0.6429960530155283,-0.3513381577351125
2025-06-10,0.2053590585145322,1.1803751270003409,0.4515732648451672,-0.456631128538206
2025-06-11,0.23393040231689363,1.1030017842346385,0.08651793047867694,-0.6384153097454769
2025-06-12,0.5557128997830327,0.9223074799520964,0.5079023607721276,-0.3532593814401192
2025-06-13,0.5735351867925058,0.4220332787883306,0.8677167803854864,-0.09504039368302894
2025-06-16,0.5772194179294581,0.7343151724302717,0.9617069143965308,-0.22440762042292794
2025-06-17,0.46089121856622917,0.5680865733228497,0.790938858702383,-0.2190534290668482
2025-06-18,0.4816488441565643,0.49200926811810014,0.3499790881509049,-0.12118502755108883
2025-06-19,0.4826048308863532,0.202393070400801,0.9406356782476447,0.31486246245464655
2025-06-20,0.4387886741074545,0.4764473942212182,0.7299266130536183,-0.03904365195786984
2025-06-23,0.3870132540005824,0.15381639451306972,0.45622227272167126,0.1836547431907373
2025-06-24,0.4068906946239823,0.814241345019691,0.1420475365920331,-0.5332307790322108
2025-06-25,0.3972022528222618,0.955180859945691,-0.28810919495149484,-0.7490297116772667
2025-06-26,0.3135818990959194,1.255532931749017,-0.22572131257163525,-0.8333339442125572
2025-06-27,0.3041203093154247,1.3063148563722795,0.07571146627433702,-0.8155440837068942
2025-06-30,0.0288253471253494,0.9741448182731821,-0.0388052511424248,-0.4363841862307376
2025-07-01,-0.06849644608501931,1.2196483933535776,0.05982271603819759,-0.6963587364676362
2025-07-02,-0.0773991804841678,1.4021890724030888,-0.05211257008947472,-0.6950969870538781
2025-07-03,-0.08310858537042438,2.312791430321231,0.6844054821053439,-0.8140598349789893
2025-07-04,-0.08717916949775596,2.119252471956782,0.40010885030352056,-0.6232036838774568
2025-07-07,-0.1379420300865398,1.9142800316481887,0.007449865983412214,-0.6070116233170306
2025-07-08,-0.1362117287432118,2.033973709762865,-0.04144229267844963,-0.8705696013184531
2025-07-09,-0.21363546194264635,1.7080679425679925,-0.5121120021978001,-0.690104412792881
2025-07-10,-0.24679038532548545,1.7152372275007186,-0.18030973037693507,-0.8708194206085863
2025-07-11,-0.2509443776928135,1.6376506585161086,0.2606702668416951,-0.8962779329785461
2025-07-14,-0.32582845867038424,1.6875600329931961,0.19413516071298043,-0.8869820407418753
2025-07-15,-0.33326645956244344,1.9089045264446152,0.307468054270673,-1.3230855993225146
2025-07-16,-0.3837861412809028,1.8112565073905247,0.3637735170827101,-1.2523878476421488
2025-07-17,-0.387518661174916,1.8633060435110373,0.44992576518777827,-1.2338002492528097
2025-07-18,-0.37713686858445256,1.84792559580151,0.4310509203314955,-1.3637325860583875
2025-07-21,-0.3702176578912217,1.7001577171584648,0.3718497539914622,-1.390101417001194
2025-07-22,-0.41466549434778127,1.6954883158934417,0.4387447851020448,-1.2732864332922749
2025-07-23,-0.5135441602016128,2.3964926555803365,0.6375092009533994,-1.5500637231301626
2025-07-24,-0.6358773793956868,2.2757909773960625,0.8177425616236371,-1.5008594714267307
2025-07-25,-0.6746124036805824,1.8340410741085373,0.8350312838775629,-1.2904581751598017
2025-07-28,-0.7511248867177459,1.6904624616899089,0.6584881566899308,-1.2920287270181434
2025-07-29,-0.79561518626854,1.4406926242107376,0.6991917749381067,-1.1900688081311666
2025-07-30,-0.819533135978665,1.2767957736774844,0.7126515015289626,-1.2406133348282993
2025-07-31,0.4043292937722426,0.8771777897677979,0.33181418507647414,-1.1870776732337402
2025-08-01,0.3362564746133809,0.2671984275321454,-0.5325329029346982,-0.8760730686801099
2025-08-04,0.10259668827229133,0.5190994359721397,-0.9503038632980685,-0.919747584044084
2025-08-05,0.2388353514604891,0.6357141630489088,-0.7068934386202567,-1.1522914190202433
2025-08-06,0.3149422600145009,0.5125755108881872,-0.8615116596147697,-1.063445146840935
2025-08-07,0.4102811557779844,0.7545141796541351,-0.31916736211304914,-1.338355636144569
2025-08-08,0.4826518570401217,0.6929342195236179,-0.43484204955499295,-1.1559848307120133
2025-08-11,0.41760693804405014,0.5729032952092185,-0.4582266222448641,-1.1924755098743767
2025-08-12,0.35171138091556986,0.6285021012142666,-0.588467919005362,-1.1567276008169247
2025-08-13,0.2801918603835892,0.8989673322380615,-1.0030651997852462,-1.3603887477016552
2025-08-14,0.22269251255430525,0.9940832027937653,-0.17506698877189894,-1.2928127245920666
2025-08-15,0.1011257870337977,0.9930461648629317,-0.2317658013682593,-1.3579651806828237
2025-08-18,0.04347045937628847,1.0039110998611263,-0.1486297630176473,-1.380269952592968
2025-08-19,0.018904551235139445,0.9665873995783143,-0.059230398347464255,-0.8571845461381352
2025-08-20,0.01559425071620651,0.6417576007721659,-0.13912908287186068,-0.7033242799237056
2025-08-21,0.06828957313761043,0.7326973304300165,-0.19575017640950768,-0.7848780483565112
2025-08-22,-0.01346817011399931,0.9068042835260786,-1.0571019293561463,-0.6227660706241483
2025-08-25,-0.02071237222337087,1.2797936244883052,-0.5643536618604056,-0.9769787213730259
2025-08-26,0.06694788833658823,0.8301807273113243,-1.082559636324156,-0.7059734871071996
2025-08-27,0.14774591555169322,0.8934579227761633,-0.9379002810864902,-0.679639884413671
2025-08-28,0.2707378984068791,0.6616869488858961,-1.4859386091554514,-0.5381169705605807
2025-08-29,0.443786397988649,0.6507392247474321,-0.9315572763047408,-0.6024933815336346
2025-08-31,0.8584542257110128,-0.4071584149019962,0.07267787023274822,-0.6151911547179509
2025-09-01,1.0568033507875811,0.7630981893815689,0.19063630519440516,-0.7922851026010649
2025-09-02,1.0852311074583865,0.6024082966640435,0.15209700784605865,-0.9200334844001216
2025-09-03,1.1596031669661884,0.5851448142153945,-0.1810235107439424,-0.8175090215498717
2025-09-04,1.1333759924201752,0.2814711320745778,-0.6513426110017305,-0.5914300045622106
2025-09-05,1.0740963939321704,0.5311146637539791,-1.0717038137927726,-0.8059720493569492
2025-09-08,1.0269850657440198,0.42085222087466817,-1.3740579277129872,-0.8645176339551538
2025-09-09,0.8604268480452344,0.6798227296234189,-1.1671411882430927,-1.061900211504143
2025-09-10,0.8439418567021366,0.9365543560327609,-1.0058427272510608,-1.1774495282108517
2025-09-11,0.7876741599019077,0.7520357718017191,-1.397499758694552,-1.0989549782718506
2025-09-12,0.7812629433783254,0.9383354698888323,-1.2719220738158756,-1.3530193120608833
2025-09-15,0.5651000510526322,0.7976969667096769,-1.213670607063745,-1.290631753181006
2025-09-16,0.5971523518106853,0.9932891674371546,-0.996317837336623,-1.3963796115220124
2025-09-17,0.5981062229509267,1.1088730531793147,-0.581286321241667,-1.4759277159894095
2025-09-18,0.5656559235413751,1.0804172777284602,-0.4786848214837019,-1.4538581734015803
2025-09-19,0.5680808517883694,0.6946105498825078,-0.2074265488444493,-1.3647197894386864
2025-09-22,0.35819432917664407,0.7353835291863707,-0.30961223972158863,-1.3620116592802496
2025-09-23,0.3453115489724526,0.7869559872597418,0.08951671959468029,-1.3955834657674833
2025-09-24,0.32769715018475903,0.8740654980825516,0.43221194915136724,-1.5338215413139555
2025-09-25,0.288295641577272,0.8442180516813328,0.6236577408684214,-1.4799977057394182
2025-09-26,0.2672065845311577,0.39911234332810486,0.3858767030551879,-1.1932524972560847
2025-09-29,0.06043152083132798,0.5748742476264067,0.4122048421582695,-1.2977355790687777
2025-09-30,0.40323753733658807,0.5912985441611304,0.22363527251070092,-1.3398230323069458
2025-10-01,0.49402474879729924,0.6638724180793816,-0.09597809333335819,-1.3659236693209615
2025-10-02,0.5313278436296126,1.0372207832010323,0.17467221501353422,-1.5046428395554772
2025-10-03,0.5546554929044746,1.1659853380801775,0.49968567574210143,-1.590373878481357
2025-10-06,0.5139604940559545,1.2661964041936125,0.6656478056993875,-1.563818110447141
2025-10-07,0.4804070472314906,1.1484857671895903,0.8041750565313922,-1.5494296451150078
2025-10-08,0.5148841612093106,1.098716055874664,0.4253605977771366,-1.4312899548508244
2025-10-09,0.46733053406684916,1.1857763270296997,0.22597786289777255,-1.4973505926857713
2025-10-10,0.40543055441951564,0.6271188501969321,0.003540326502424115,-1.5087642860037735
2025-10-13,0.4522323668387278,0.4083078266818822,-0.6592279104290969,-1.2199031542033363
2025-10-14,-0.31377708946679606,0.07251586675709581,-0.6855911533905619,-1.0215635964697458
2025-10-15,-0.24569274367225385,0.628881042194773,-0.26571841909872623,-1.3374680392198692
2025-10-16,-0.21715058653346017,0.6868500864455632,-0.2510750941433137,-1.436419104064917
2025-10-17,-0.008644221656162746,0.47148376287640065,-1.0185473487462733,-1.203788401354258
2025-10-20,0.05051286698233206,0.7069655960261441,-1.5455249622479146,-1.3277078004926957
2025-10-21,0.13478669928265852,0.6772659659883151,-1.581701437036129,-1.2723391704333296
2025-10-22,0.13296477085872085,0.6112455603722324,-1.436926196890694,-1.2235815710632592
2025-10-23,0.15372752633017014,0.5836706502462419,-1.6300954029658734,-1.2026823283642116
2025-10-24,0.31093020428830687,0.7653957404049108,-1.75456080188111,-1.243260026388125
2025-10-27,0.755198971948223,0.9701787075148882,-1.6058966768005576,-1.3106550732685323
2025-10-28,0.8937387989278379,0.9986357850530733,-1.3737410482854577,-1.1938009916336865
2025-10-29,0.906364714895004,1.5869806220390295,-0.3084311543364575,-1.36473578479505
2025-10-30,1.6604052795246993,1.5942463374482907,-0.1994473090728437,-1.3915897972857845
2025-10-31,1.119459544869228,1.369664179483854,-0.32898116249426135,-1.233412334280608
2025-11-03,1.186334025862104,1.548846639022387,-0.5914157047565726,-1.2989756274975377
2025-11-04,1.1879651664690043,1.0001690409614528,-0.7214705875533559,-1.1842314628445736
2025-11-05,1.1731999697784885,0.9261142960952541,-0.329843327519946,-1.0788718189436743
2025-11-06,1.3873824685656655,0.9377049168896062,-0.6317024543975444,-1.23227517675133
2025-11-07,1.40611398504582,0.7706100771718727,-0.4752998467931614,-1.0790448797525405
2025-11-10,1.4275592881887038,1.136479059814994,0.06104331723225673,-1.1806684709196456
2025-11-11,1.4536539386431062,1.1438632352522,0.0062106279861517495,-1.184423071199164
2025-11-12,1.4706881320074758,1.1541940101831363,0.15910522115573858,-1.173525395045302
2025-11-13,1.3599326633006088,1.237003746297925,0.35961469134309104,-1.1641577510373946
2025-11-14,1.4008424687468857,0.9282336533665865,0.8981454676179701,-0.9286853840968836
2025-11-17,1.4312587328452084,0.953797936321443,0.8741428619720237,-0.9747612735692931
2025-11-18,1.4424838338030395,0.5917107479660745,1.262244283451138,-0.6927979527876248
2025-11-19,1.4612924513659389,0.4408584324417674,0.9590551189783619,-0.6565405914083975
2025-11-20,1.4120773021773414,0.41409353502190444,1.3071642255034985,-0.9132886308763287
2025-11-21,2.02576178152251,-0.1801534770449257,0.2101430042130031,-0.2975698158030747
2025-11-24,1.8833236326951959,-0.0229127061807306,-0.4100575046571623,-0.3728704566935308
2025-11-25,1.8379986716139434,0.1664433077051455,-1.2050088980457747,-0.5191452805837273
2025-11-26,2.044841086311223,0.4028047819970845,-1.3114243847462133,-0.6505129305080386
2025-11-27,2.177785584904056,0.216638633210642,-2.071854275820272,-0.6122002429643107
2025-11-28,2.0408908896976126,0.20897582823381536,-1.9484486448852665,-0.5477975892246285
2025-11-30,2.172803237674163,-2.5026415096850068,-1.6918507276561134,-0.929894968403769
2025-12-01,1.5180686834090034,0.291547346028847,-1.0792952000676177,-0.6606856626485427
2025-12-02,1.462676155441818,0.5119624190806226,-1.0656493169589165,-0.7003673546015605
2025-12-03,1.4841054405294742,0.30822435123614006,-1.4690247814268984,-0.6118420014574666
2025-12-04,1.580676370347387,0.5214607005732855,-0.8383385143066149,-0.6808592595535898
2025-12-05,1.9059924191151942,0.6687877583764611,-0.55904606302234,-0.8036022394053416
2025-12-08,1.8416198478368013,0.7194658483455948,-0.12039137254768942,-0.8372742811515634
2025-12-09,1.8435639981730412,0.6201992329491468,-0.07389188856588619,-0.7397894039969722
2025-12-10,1.7694764729534418,0.495274380845082,-0.38402037749491497,-0.6804623778950044
2025-12-11,1.5900381018577492,0.31495927069540136,-0.5382106720204637,-0.5853424961688998
2025-12-12,1.7249270046158418,0.5066813723671069,-0.38258244274218256,-0.8900309524572331
2025-12-15,1.5539371771675596,0.0490710394824103,-0.13448184806991004,-0.6472420642396309
2025-12-16,1.4871147561061513,-0.33128732871753497,-0.25282403587262375,-0.3593845219211323
2025-12-17,1.6731411550189765,-0.23638023792680632,-0.1698744349133856,-0.5603298159310003
2025-12-18,1.945733950088355,-0.23645980984260223,-0.18244462391828925,-0.424661801424164
2025-12-19,1.9040663211166615,0.10092108920049318,0.06368314513224055,-0.5356602490825483
2025-12-22,1.8509569668569144,0.3179575777381495,0.035882843125269674,-0.7216213047108461
2025-12-23,1.7891320004531015,0.49324890599286175,0.3780640495088767,-0.7115987174814773
2025-12-24,1.7377348078767791,0.5943051435333988,-0.0757229935961027,-0.6750345291131279
2025-12-25,1.6260779490203408,2.543033573900126,-0.07495581902429502,-0.6623098404894345
2025-12-26,1.4843758462754415,0.551167176602134,-0.29214875946508306,-0.7336473886393499
2025-12-29,1.5423104497035682,0.5773719743253514,-0.30380106139642893,-0.7772398279883853
2025-12-30,1.3714098067457634,0.4751215401447102,-0.7640840966987344,-0.7847371941650598
2025-12-31,1.8953573003753388,0.7367101912319641,-0.036933803530255334,-0.8924608040984954
2026-01-01,1.115120420535162,2.6744835553196724,-0.036532830538819644,-0.9586529538060762
2026-01-02,1.1375023566604012,0.8625625000509322,-0.36301390734232086,-1.2201431845064743
2026-01-05,1.049003342997307,0.9630303531481003,-0.7839492896425146,-1.3370704590588427
2026-01-06,1.0303560724616445,1.0707616258423982,-0.8049412736006284,-1.420886566037683
2026-01-07,1.0193906021442407,0.8833518120924644,-0.8074692624846778,-1.3601473786730367
2026-01-08,0.9649095885472359,0.8043112272588893,-0.16465935679706667,-1.2824259047548958
2026-01-09,0.934768426060808,0.8257381261723749,-0.46614712087170235,-1.1839185211717596
2026-01-12,0.7735916826533243,0.8494417856910389,-0.47254296668203344,-1.291866374193298
2026-01-13,0.8095257603162046,0.7084580328722199,-0.4363496959087468,-1.3368787188541706
2026-01-14,0.7530775398340631,0.9195244609214018,-0.035140941090019716,-1.4072418529796897
2026-01-15,0.6852701904551913,0.8024804327838893,0.1788187511029799,-1.362221158222562
2026-01-16,0.6205974940177275,0.9662875698757489,0.8232348060413923,-1.4380803224073975
2026-01-19,0.5931694332063638,0.940948972371046,1.1181485705173775,-1.4131940886821368
2026-01-20,0.5421773875781997,0.7333910765990002,1.0853979109003156,-1.5525313846323172
2026-01-21,0.6685639403739712,0.7715520841648297,0.2194383977848699,-1.3708020827584766
2026-01-22,0.5641790785207594,0.8282064421855087,0.4982359899792672,-1.477735022933819
2026-01-23,0.7839438057852418,-1.3652012846528472,0.5805741684351681,-1.4746167049092902
2026-01-26,0.4625846980977982,0.9219536926640026,0.7183983228513144,-1.4672032218657538
2026-01-27,0.5117347849557373,1.155539891446591,0.881390891413328,-1.5985011808244916
2026-01-28,0.6478193734955768,1.498385734024645,0.8740460961368403,-1.8053414476051641
2026-01-29,0.5899417101847569,1.310574858124334,0.44390193703749997,-1.746265329404243
2026-01-30,0.9315256889796434,-1.4111857305904747,0.5490674487232847,-1.4862514870769927
2026-01-31,0.9998767634366437,-1.4008071893138165,0.2805098195690356,-2.5807486391782883
2026-02-02,0.7026465784714747,0.3831444847800428,0.46573022800893815,-1.0836223677435168
2026-02-03,0.6679508307632452,0.8103834774518441,0.5184500101572271,-1.4863273751970774
2026-02-04,0.6482216048037097,0.8442853590622442,0.7741778162288083,-1.4497393934023293
2026-02-05,0.6734370613399716,0.09969785613986086,0.3038941703102775,-1.158450041041397
2026-02-06,0.327695835437131,0.03638862057092621,-0.622263624449488,-1.0283471614178377
2026-02-09,0.955850583944745,0.4987595735565903,-0.6963956683709135,-1.30650010321073
2026-02-10,1.030908786680056,0.5122509334636365,-0.742154837543606,-1.353518069297809
2026-02-11,0.991300090588954,0.9932192279185712,-0.4910850248890227,-1.5135824373488125
2026-02-12,0.9731538180398498,0.9965826976686879,-0.8165488631777069,-1.6389409246920434
2026-02-13,1.0776785013728731,0.6871493859209125,-1.5290449026841015,-1.3982769958989159
2026-02-16,1.0568725150709386,0.8216480754089195,-1.3882196301617251,-1.4026444049953464
2026-02-17,0.9641785420028612,0.9731157071552354,-1.143198850028601,-1.369403814598957
2026-02-18,0.9229622224630769,1.34586334163938,-0.8561656831996605,-1.3634738041628804
2026-02-19,0.9977163233315104,1.2915444288235454,-0.9991652288716167,-1.3583097534130992
2026-02-20,1.011635243665379,1.1093593301475064,-1.2118575971350907,-1.3406267235077187
2026-02-23,1.0686151314531864,1.0538678778667474,-1.0912511690761222,-1.5001142597990027
2026-02-24,0.9467759573917377,1.228027428684975,-1.2291057005837434,-1.4986802633665695
2026-02-25,0.8071943018684198,1.6857483807776343,-1.394631734901669,-2.296412503813207
2026-02-26,2.1772400854474157,1.7637867998996395,-1.3733598169824286,-2.219754396260708
2026-02-27,2.2023130133071747,1.421529885416481,-1.5150769627338927,-2.1108372178603565
2026-02-28,3.0,-2.3327952839135007,-0.42359343518494347,-2.2653388114948814
2026-03-02,3.0,1.1227732528776497,0.026389973133091063,-1.956989081960333
2026-03-03,3.0,0.09545985629854822,0.17502794473028516,-1.6542555131721466
2026-03-04,3.0,-0.5433397295991481,-0.16818598562447445,-1.404343470787478
2026-03-05,3.0,-0.025392226496981793,1.5770911520588835,-1.5597303064480204
2026-03-06,3.0,-0.11037503606488522,2.372336525135451,-1.4948072039487152
2026-03-09,2.894821599833375,-0.7808744100148169,0.6400688776882315,-1.1679539175530678
2026-03-10,2.7878489230896895,0.21045954122703053,1.5919656999273306,-1.5155736717371346
2026-03-11,2.683391856665561,0.25948314021095914,1.436464976518404,-1.583554920035875
2026-03-12,2.548348007565459,0.27751587665711214,2.7355631513825367,-1.488208157165182
2026-03-13,2.4314934747811865,0.08615672115201427,2.3830448618274525,-1.389682089539614
2026-03-16,2.7036558046777333,0.04668587248084093,1.1754247703531655,-1.3720718903055433
2026-03-17,2.5609586899873626,0.24138840425608182,0.44671652586626587,-1.3912513422484833
2026-03-18,2.5026337141386983,0.6325334598338582,1.1952099314438138,1.7825823199040365
2026-03-19,2.38532855764782,-0.15104703861797852,0.48382964791862193,2.1538813498324196
2026-03-20,2.344524184395486,-0.24903887045855463,1.4853110678362993,2.0184686622308656
2026-03-23,2.2045101118773087,-0.855143285188749,0.5864458767407628,2.525773042339345
2026-03-24,2.1036085863446856,-0.33971924065970943,0.9839578478721032,2.0940891657239677
2026-03-25,2.0233254187919414,0.52144156070615,0.29275662697633636,1.7306761396890145
2026-03-26,1.9247493347860236,0.2778855058826836,1.4468534632480763,1.8217444682150892
2026-03-27,0.9406203441960975,0.0503181010349727,1.6834068947506549,1.7538711749470155
2026-03-30,0.9178536917562506,-0.6349828758133451,0.042772302628005306,2.010489115306746
2026-03-31,0.13647178580459046,-1.0684506896660035,-1.0507331849154125,2.2365128497493076
2026-04-01,0.236975699424341,-0.5284840708095389,-0.26598246600583597,1.5449976846880231
2026-04-02,0.21672439369368343,-1.2077894430818727,-0.7732804396935443,1.8271890559835569
2026-04-03,0.21244306657951348,-1.0706268778480397,-0.7657406105392957,1.7159558725818906
2026-04-06,0.16862837443485715,-0.9842725471893562,-0.5742178124787534,1.67956458627108
2026-04-07,0.10000270081632245,-0.7659741623079425,0.5092586816113044,1.6787073892887718
2026-04-08,0.10290594507989559,0.23897674840686178,-0.3616873356676452,1.0728563053322735
2026-04-09,0.05883539107361895,-0.027322254744024176,-0.7749231771201739,1.2559793633473897
2026-04-10,0.09481095045708866,-0.01670811312508013,-0.5524389262294671,1.0777963736069065
2026-04-13,-0.05466846486183539,-0.1983189850058665,-0.3031332177302793,1.2570359314939048
2026-04-14,-0.15554697903937162,0.26995017674715016,0.3599088391657142,1.0631751913178522
2026-04-15,-0.17382654346929916,0.5367201543764136,0.9908365098573227,0.933037108432146
2026-04-16,-0.12893247683039144,0.6725928219962953,0.5383923588804667,0.7178329262027885
2026-04-17,-0.1597608487611216,0.540220319201586,0.7181041879251026,0.8901877531324066
2026-04-20,-0.23137271209183585,0.47900728133198284,0.5686577999949103,0.9326666197389853
2026-04-21,-0.20138030795308076,0.6635264260855742,2.2683303253748,0.7309661190309946
2026-04-22,-0.2540901778640224,0.3785043942952768,1.7255734039648059,0.8439965241799368
2026-04-23,-0.03224973434944319,0.30892269389315047,2.1451807996167,0.9752301665891362
2026-04-24,-0.07144022767884961,0.1059450824325537,1.1022363713117078,0.9851824975061443
2026-04-27,-0.14008221400305065,0.39417108937651185,1.9855038459383265,0.7907257980174576
2026-04-28,0.012951292928663295,0.27786040048867267,2.7544599542409114,0.8842668793249441
2026-04-29,-0.02166955083316959,0.335210668923616,3.0,0.7823460274099435
2026-04-30,0.1878657456559018,0.10386964015441355,1.7020006611310037,1.061540807626772
2026-05-01,0.25942093453251736,-0.234862480250137,1.9194157203120765,1.0967132765317547
2026-05-04,0.21079329654007556,0.4431998436766177,2.0855594563626147,0.6476072903519712
2026-05-05,0.2518590701858059,0.5737835227504243,1.7819452918677694,0.6735953990452662
2026-05-06,0.2572906699713805,1.2360992550209227,1.8618002490848486,0.34907897611103383
2026-05-07,0.30657099394697723,1.281503222640022,1.4414703219103078,0.1178470056217952
2026-05-08,0.2355112634256626,0.836874180731634,1.0999377226102602,0.287974410530495
2026-05-11,0.2376228740835084,0.95913052830165,1.2761962133867057,0.1588002221411014
2026-05-12,0.21988302439085927,0.4788901552667527,1.3115793772098152,0.3021536081809643
2026-05-13,0.2297095441872451,0.6305502231776745,0.937674379505732,0.6916068294808816
2026-05-14,0.1074735583295769,0.7732006296704564,0.6040742577483813,0.6385651158592146
2026-05-15,0.06388927928619696,0.18283478634937134,1.128181408630746,0.881096822217533
2026-05-18,-0.1366895797955869,-0.0006632169611323964,0.9054120394401367,0.930660039641496
2026-05-19,-0.1411874245749138,-0.274170481667524,0.8212251810620717,1.0450033306844877
2026-05-20,-0.08952287336004583,-0.4798149334426382,-0.20826786875791714,1.1895881884870536
2026-05-21,-0.08346216828144885,-0.06520658863414458,-0.31749569623794743,0.725087271950359
2026-05-22,-0.15701302788767355,-0.06341256932479146,-0.2090204081450498,0.6373771983015157
2026-05-25,-0.13985811929992223,0.159351045382554,0.12592464308349294,0.41067096050226093
2026-05-26,-0.16421036914287063,0.19378266254565638,-0.159933575141938,0.43905401729832927
2026-05-27,-0.1790423156452394,0.406751595187501,-0.15954266557600788,0.29297505295136206
2026-05-28,-0.12433805617566787,0.11578247091823372,-0.9617730562974122,0.4942408678871587
2026-05-29,-0.14387963191294678,0.9221801444373202,-0.42931748327167285,0.23218966946523667
2026-05-31,0.6180877662168003,-1.7780979099835676,-0.42696740445513104,-2.6716186921789165
2026-06-01,0.31600740431268787,1.5642410642804192,-0.5432820893242566,0.08277020525368843
2026-06-02,0.36801914164521393,1.7440238082339907,-0.22463113933355375,-0.07327143809421122
2026-06-03,0.4090672284259742,1.6973504846236738,-0.053273696254776425,-0.13803581668154633
2026-06-04,0.46640709618763854,1.509229379324417,-0.6526780030113476,0.15716434146133884
2026-06-05,0.528331765049987,0.7665419669324482,0.9967794780348742,0.3327738318780887
2026-06-08,0.095302247703576,-0.10695442877516119,-0.062302996644912796,0.9568319299147523
2026-06-09,0.18104248458922956,0.6758005677938603,-0.14683532279262795,0.37472963966812295
2026-06-10,0.15341101980216226,0.36585876898174624,0.5043915574846022,0.7571748492066375
2026-06-11,0.1482250005480516,-0.11417220075363559,-0.8461671863654705,0.882331917784998
2026-06-12,0.2426800244099211,0.41720199435734573,-1.0158191084970494,0.410351404335237
2026-06-15,0.10551556532909334,0.803272693669038,-0.7638557291351834,0.09391230262073127
2026-06-16,0.037621314964429366,1.141794079975401,-0.9708513322238745,0.00036105608016107646
2026-06-17,0.12961771152772888,1.603283207662495,0.7646888892368525,-0.22805567865674858
2026-06-18,0.32024239402128285,1.767109035674222,-0.09689055823276672,-0.23861674755257173
2026-06-19,0.04675579452490575,1.539252038337433,-0.28350516744438115,-0.1977109663602733
2026-06-22,0.050714573943982946,1.4953796174564415,-0.06751979516661073,-0.47935872319882594
2026-06-23,0.049607941655818825,0.7856212773090602,0.19324567261299047,0.1460543343230392
2026-06-24,-0.021001385457398082,0.6907184148100651,-0.7293202384402271,0.22150793463692267
2026-06-25,-0.11132262032200856,1.200895124982604,-0.549838399713143,0.015847363340423717
2026-06-26,-0.13374902018829982,0.5914959740030016,-1.0162217278083199,0.5240975801741078
2026-06-29,-0.1421155409977809,0.22187260241744722,-1.0121713458955048,0.5403163283759913
2026-06-30,-0.19500564719444438,0.6901065527588034,-0.9574123897949297,0.38544835687993184
2026-07-01,-0.17419308876710596,0.6233788932413573,-1.0527470670455998,0.3002052540170782
2026-07-02,-0.11192727892592698,-0.07135373222880143,-1.5016878125882624,0.740232904196362
2026-07-03,-0.1531707236818236,0.3613790188342125,-1.2864855291407897,0.3793058351910023
2026-07-06,-0.16092662622141587,-0.3394293729812175,-1.690046114863846,0.43166674915923703
2026-07-07,-1.2516686315034626,-0.6801918025552789,-0.8101845310648504,0.7519160465437661
2026-07-08,-1.224475631022857,-0.8116069213104957,-0.5411005476772248,0.8374478205789306
2026-07-09,-1.211162212933702,-0.2888458178546552,-1.6185010598087735,0.8644202047148424
